C8D8B0F74B0E6E47E472BD34B39762D7
D825BD6273DA916288A22849C23513A9
62D456E3B86A222C80CE0A36BF3F9D13
A5882C28B1513DF591A33ED5FE72AE24
4700B5D26391087B875E1904BE714DBE
91E1F6A418722E9B452ABF77EDB69968
89C1134C493CE89BC74C82129E0AA403
D90C7DA2F312A58C5DACA26D2DE15359
58C22512EA1650F4928CDE6DB8C7D3DC
2BDC5ACBBBCA109F20F5DBC84DB5EFFF
43211CFF8E1C13A6C684C26E74F84FF0
AD3300A9EED93A80455F11F9F3FA317B
BC7603CABD58DF1595A7567D226A1FCA
6ED0ACBA54265EB91935CE664F214636
1C3F6E9661BE6AE8954EBFE77923C34A
FD3415738C77E09CE9CC6566D717B71E
F97949D761EE9A0F2B7F96A7401295D7
A16F901028B521AAD7CED8837742DFD8
8900062A5988F23BBBA3F446351C253B
1BB78487F6554952C0BE9A67ECF51DE9
1EF585434A2E9D7561FB96B914B8596C
6ACA6FAF1E129B290A3A0177AB3DD718
DCC267D71FEF5D4BCB7BB3EBAA133DD9
F230F63E873122BEC44249C91160A1D0
A81A4DE08B2924373EF0FB95CC5083C2
C37FF99B1BC863248A5D501414BF907C
92BDCC7FE1E57F512A62E8F93D106CAC
D1CFF62E14DB8E130705C244DF022592
EE87B96128FE0E6BACD4333FC3C0031C
F5F21F323D3460FE54AB358A41761A70
1511FB3A81DC0C935FF3D7FA57FA4C1C
6682DB5C64A43CB3921CB84D2FC050D3
F31A0E6FC22FE499D4DB979AD380D790
951DD0995BA2FF4E807E406F792D3D9E
64949CCB23AE0B7253A3284F24F7320F
81D79D626DC716BA5A401545F1011ADF
6D5FA578E8BDC34F4DD9BD97412105E4
3CF454099AD3D4475C34E396C46B54C6
2AEDC67ADE6BBB051612DA7B760C49F7
DE96456FD72BA03F3F10F27D90138AA4
532B8085FC75DB2DBA5068CDAE7E01E2
94B11B398B604028481AF4A9DA442938
9AC57FDF9E8CEC4664183779131E1953
80A342E1839B659509B1253130C8B65D
41D541C2487BBCB3682FD030E1ED701F
4FBFFD5130DD7CC180E6E3E1F325CCDF
0097CB5BB1F15257F86E11D12F3B9702
9150386ACAF0982FEB62D5F99C40D716
52B9902D02211AE62125F96823063017
5C44AB83F0133317CDC97200275AFBE8
7A78498DB6CD4F2AF506639ADF785EAD
B1D74E8CB8CD0742A0540E7333B98827
28B1BE240265A3F2C9B93F349C2C4361
F9AA86106D1D6B8FFAA6114F2C8F2F9D
ADA1F44D1170BC5A6104C95EE5FC6CF8
F8A21DC79477FFAE701C2AF2AC518F12
5EF9E77BABB74B51AFEA5D6C566F8520
12F464E78811C2E2A2B2A6A61EA4F906
658FC79CC49060CBC98E227CEC73C756
8F0FB7C3EE1D7DEC79416751DD54829C
E7C6BCEB63450D21D7CF97C0D87095C9
638D228713602E7C4FF0D86B47B53082
7EF944046B9EA27773F4FD4DC13DF3BF
94BF6747C282D81967F7040941650920
5B5B5B5B5B5B5B5B5B5B5B5B5B5B5B5B
F1F1F1F1F1F1F1F1F1F1F1F1F1F1F1F1
50505050505050505050505050505050
B1B1B1B1B1B1B1B1B1B1B1B1B1B1B1B1
24242424242424242424242424242424
D2D2D2D2D2D2D2D2D2D2D2D2D2D2D2D2
17171717171717171717171717171717
50505050505050505050505050505050
86868686868686868686868686868686
21212121212121212121212121212121
22222222222222222222222222222222
3A3A3A3A3A3A3A3A3A3A3A3A3A3A3A3A
45454545454545454545454545454545
73737373737373737373737373737373
E5E5E5E5E5E5E5E5E5E5E5E5E5E5E5E5
E5E5E5E5E5E5E5E5E5E5E5E5E5E5E5E5
DCDCDCDCDCDCDCDCDCDCDCDCDCDCDCDC
26262626262626262626262626262626
7E7E7E7E7E7E7E7E7E7E7E7E7E7E7E7E
6A6A6A6A6A6A6A6A6A6A6A6A6A6A6A6A
C8C8C8C8C8C8C8C8C8C8C8C8C8C8C8C8
71717171717171717171717171717171
32323232323232323232323232323232
7F7F7F7F7F7F7F7F7F7F7F7F7F7F7F7F
BFBFBFBFBFBFBFBFBFBFBFBFBFBFBFBF
ADADADADADADADADADADADADADADADAD
51515151515151515151515151515151
00000000000000000000000000000000
54545454545454545454545454545454
58585858585858585858585858585858
EFEFEFEFEFEFEFEFEFEFEFEFEFEFEFEF
19191919191919191919191919191919
86868686868686868686868686868686
12121212121212121212121212121212
79797979797979797979797979797979
44444444444444444444444444444444
71717171717171717171717171717171
FFFFFFFFFFFFFFFFFFFFFFFFFFFFFFFF
2E2E2E2E2E2E2E2E2E2E2E2E2E2E2E2E
3C3C3C3C3C3C3C3C3C3C3C3C3C3C3C3C
BBBBBBBBBBBBBBBBBBBBBBBBBBBBBBBB
07070707070707070707070707070707
72727272727272727272727272727272
86868686868686868686868686868686
4C4C4C4C4C4C4C4C4C4C4C4C4C4C4C4C
08080808080808080808080808080808
0D0D0D0D0D0D0D0D0D0D0D0D0D0D0D0D
1A1A1A1A1A1A1A1A1A1A1A1A1A1A1A1A
05050505050505050505050505050505
2E2E2E2E2E2E2E2E2E2E2E2E2E2E2E2E
73737373737373737373737373737373
C2C2C2C2C2C2C2C2C2C2C2C2C2C2C2C2
FFFFFFFFFFFFFFFFFFFFFFFFFFFFFFFF
87878787878787878787878787878787
DEDEDEDEDEDEDEDEDEDEDEDEDEDEDEDE
68686868686868686868686868686868
C7C7C7C7C7C7C7C7C7C7C7C7C7C7C7C7
9A9A9A9A9A9A9A9A9A9A9A9A9A9A9A9A
31313131313131313131313131313131
31313131313131313131313131313131
16161616161616161616161616161616
DCDCDCDCDCDCDCDCDCDCDCDCDCDCDCDC
81818181818181818181818181818181
C9C9C9C9C9C9C9C9C9C9C9C9C9C9C9C9
24242424242424242424242424242424
40404040404040404040404040404040
20202020202020202020202020202020
9C9C9C9C9C9C9C9C9C9C9C9C9C9C9C9C
D0D0D0D0D0D0D0D0D0D0D0D0D0D0D0D0
B1B1B1B1B1B1B1B1B1B1B1B1B1B1B1B1
6E6E6E6E6E6E6E6E6E6E6E6E6E6E6E6E
26262626262626262626262626262626
55555555555555555555555555555555
87878787878787878787878787878787
28282828282828282828282828282828
F9F9F9F9F9F9F9F9F9F9F9F9F9F9F9F9
46464646464646464646464646464646
61616161616161616161616161616161
92929292929292929292929292929292
F1F1F1F1F1F1F1F1F1F1F1F1F1F1F1F1
47474747474747474747474747474747
87878787878787878787878787878787
69696969696969696969696969696969
5C5C5C5C5C5C5C5C5C5C5C5C5C5C5C5C
29292929292929292929292929292929
9E9E9E9E9E9E9E9E9E9E9E9E9E9E9E9E
91919191919191919191919191919191
D8D8D8D8D8D8D8D8D8D8D8D8D8D8D8D8
59595959595959595959595959595959
E4E4E4E4E4E4E4E4E4E4E4E4E4E4E4E4
52525252525252525252525252525252
3B3B3B3B3B3B3B3B3B3B3B3B3B3B3B3B
5A5A5A5A5A5A5A5A5A5A5A5A5A5A5A5A
0D0D0D0D0D0D0D0D0D0D0D0D0D0D0D0D
83838383838383838383838383838383
A0A0A0A0A0A0A0A0A0A0A0A0A0A0A0A0
C2C2C2C2C2C2C2C2C2C2C2C2C2C2C2C2
D6D6D6D6D6D6D6D6D6D6D6D6D6D6D6D6
15151515151515151515151515151515
B0B0B0B0B0B0B0B0B0B0B0B0B0B0B0B0
DCDCDCDCDCDCDCDCDCDCDCDCDCDCDCDC
CDCDCDCDCDCDCDCDCDCDCDCDCDCDCDCD
C0C0C0C0C0C0C0C0C0C0C0C0C0C0C0C0
01010101010101010101010101010101
AEAEAEAEAEAEAEAEAEAEAEAEAEAEAEAE
2D2D2D2D2D2D2D2D2D2D2D2D2D2D2D2D
59595959595959595959595959595959
03030303030303030303030303030303
37373737373737373737373737373737
15151515151515151515151515151515
C2C2C2C2C2C2C2C2C2C2C2C2C2C2C2C2
54545454545454545454545454545454
4C4C4C4C4C4C4C4C4C4C4C4C4C4C4C4C
5B5B5B5B5B5B5B5B5B5B5B5B5B5B5B5B
03030303030303030303030303030303
C5C5C5C5C5C5C5C5C5C5C5C5C5C5C5C5
6D6D6D6D6D6D6D6D6D6D6D6D6D6D6D6D
84848484848484848484848484848484
DCDCDCDCDCDCDCDCDCDCDCDCDCDCDCDC
7F7F7F7F7F7F7F7F7F7F7F7F7F7F7F7F
35353535353535353535353535353535
34343434343434343434343434343434
ACACACACACACACACACACACACACACACAC
FCFCFCFCFCFCFCFCFCFCFCFCFCFCFCFC
62626262626262626262626262626262
0E0E0E0E0E0E0E0E0E0E0E0E0E0E0E0E
CFCFCFCFCFCFCFCFCFCFCFCFCFCFCFCF
DEDEDEDEDEDEDEDEDEDEDEDEDEDEDEDE
19191919191919191919191919191919
9D9D9D9D9D9D9D9D9D9D9D9D9D9D9D9D
71717171717171717171717171717171
12121212121212121212121212121212
E5E5E5E5E5E5E5E5E5E5E5E5E5E5E5E5
F7F7F7F7F7F7F7F7F7F7F7F7F7F7F7F7
C0C0C0C0C0C0C0C0C0C0C0C0C0C0C0C0
3E3E3E3E3E3E3E3E3E3E3E3E3E3E3E3E
15151515151515151515151515151515
CCCCCCCCCCCCCCCCCCCCCCCCCCCCCCCC
DDDDDDDDDDDDDDDDDDDDDDDDDDDDDDDD
7A7A7A7A7A7A7A7A7A7A7A7A7A7A7A7A
ACACACACACACACACACACACACACACACAC
07070707070707070707070707070707
F6F6F6F6F6F6F6F6F6F6F6F6F6F6F6F6
69696969696969696969696969696969
77777777777777777777777777777777
7E7E7E7E7E7E7E7E7E7E7E7E7E7E7E7E
06060606060606060606060606060606
4A4A4A4A4A4A4A4A4A4A4A4A4A4A4A4A
38383838383838383838383838383838
9A9A9A9A9A9A9A9A9A9A9A9A9A9A9A9A
72727272727272727272727272727272
33333333333333333333333333333333
02020202020202020202020202020202
A7A7A7A7A7A7A7A7A7A7A7A7A7A7A7A7
47474747474747474747474747474747
CDCDCDCDCDCDCDCDCDCDCDCDCDCDCDCD
3C3C3C3C3C3C3C3C3C3C3C3C3C3C3C3C
D6D6D6D6D6D6D6D6D6D6D6D6D6D6D6D6
E5E5E5E5E5E5E5E5E5E5E5E5E5E5E5E5
D6D6D6D6D6D6D6D6D6D6D6D6D6D6D6D6
EBEBEBEBEBEBEBEBEBEBEBEBEBEBEBEB
98989898989898989898989898989898
A4A4A4A4A4A4A4A4A4A4A4A4A4A4A4A4
50505050505050505050505050505050
C7C7C7C7C7C7C7C7C7C7C7C7C7C7C7C7
D2D2D2D2D2D2D2D2D2D2D2D2D2D2D2D2
24242424242424242424242424242424
52525252525252525252525252525252
15151515151515151515151515151515
10101010101010101010101010101010
9D9D9D9D9D9D9D9D9D9D9D9D9D9D9D9D
85858585858585858585858585858585
E7E7E7E7E7E7E7E7E7E7E7E7E7E7E7E7
BBBBBBBBBBBBBBBBBBBBBBBBBBBBBBBB
67676767676767676767676767676767
FAFAFAFAFAFAFAFAFAFAFAFAFAFAFAFA
6A6A6A6A6A6A6A6A6A6A6A6A6A6A6A6A
96969696969696969696969696969696
85858585858585858585858585858585
08080808080808080808080808080808
DEDEDEDEDEDEDEDEDEDEDEDEDEDEDEDE
3D3D3D3D3D3D3D3D3D3D3D3D3D3D3D3D
CACACACACACACACACACACACACACACACA
A2A2A2A2A2A2A2A2A2A2A2A2A2A2A2A2
EFEFEFEFEFEFEFEFEFEFEFEFEFEFEFEF
41414141414141414141414141414141
0F0F0F0F0F0F0F0F0F0F0F0F0F0F0F0F
F7F7F7F7F7F7F7F7F7F7F7F7F7F7F7F7
BABABABABABABABABABABABABABABABA
E7E7E7E7E7E7E7E7E7E7E7E7E7E7E7E7
1B1B1B1B1B1B1B1B1B1B1B1B1B1B1B1B
45454545454545454545454545454545
D8D8D8D8D8D8D8D8D8D8D8D8D8D8D8D8
D0D0D0D0D0D0D0D0D0D0D0D0D0D0D0D0
F1F1F1F1F1F1F1F1F1F1F1F1F1F1F1F1
7A7A7A7A7A7A7A7A7A7A7A7A7A7A7A7A
91919191919191919191919191919191
04040404040404040404040404040404
10101010101010101010101010101010
32323232323232323232323232323232
C6C6C6C6C6C6C6C6C6C6C6C6C6C6C6C6
BABABABABABABABABABABABABABABABA
A3A3A3A3A3A3A3A3A3A3A3A3A3A3A3A3
D9D9D9D9D9D9D9D9D9D9D9D9D9D9D9D9
80808080808080808080808080808080
FBFBFBFBFBFBFBFBFBFBFBFBFBFBFBFB
9B9B9B9B9B9B9B9B9B9B9B9B9B9B9B9B
BFBFBFBFBFBFBFBFBFBFBFBFBFBFBFBF
4C4C4C4C4C4C4C4C4C4C4C4C4C4C4C4C
C5C5C5C5C5C5C5C5C5C5C5C5C5C5C5C5
46464646464646464646464646464646
E6E6E6E6E6E6E6E6E6E6E6E6E6E6E6E6
60606060606060606060606060606060
7B7B7B7B7B7B7B7B7B7B7B7B7B7B7B7B
04040404040404040404040404040404
04040404040404040404040404040404
0C0C0C0C0C0C0C0C0C0C0C0C0C0C0C0C
7F7F7F7F7F7F7F7F7F7F7F7F7F7F7F7F
1D1D1D1D1D1D1D1D1D1D1D1D1D1D1D1D
72727272727272727272727272727272
B6B6B6B6B6B6B6B6B6B6B6B6B6B6B6B6
ADADADADADADADADADADADADADADADAD
78787878787878787878787878787878
75757575757575757575757575757575
D0D0D0D0D0D0D0D0D0D0D0D0D0D0D0D0
BCBCBCBCBCBCBCBCBCBCBCBCBCBCBCBC
BEBEBEBEBEBEBEBEBEBEBEBEBEBEBEBE
D7D7D7D7D7D7D7D7D7D7D7D7D7D7D7D7
69696969696969696969696969696969
F1F1F1F1F1F1F1F1F1F1F1F1F1F1F1F1
64646464646464646464646464646464
98989898989898989898989898989898
C0C0C0C0C0C0C0C0C0C0C0C0C0C0C0C0
96969696969696969696969696969696
65656565656565656565656565656565
6D6D6D6D6D6D6D6D6D6D6D6D6D6D6D6D
11111111111111111111111111111111
1F1F1F1F1F1F1F1F1F1F1F1F1F1F1F1F
B9B9B9B9B9B9B9B9B9B9B9B9B9B9B9B9
E9E9E9E9E9E9E9E9E9E9E9E9E9E9E9E9
38383838383838383838383838383838
D8D8D8D8D8D8D8D8D8D8D8D8D8D8D8D8
C7C7C7C7C7C7C7C7C7C7C7C7C7C7C7C7
FCFCFCFCFCFCFCFCFCFCFCFCFCFCFCFC
A9A9A9A9A9A9A9A9A9A9A9A9A9A9A9A9
70707070707070707070707070707070
D5D5D5D5D5D5D5D5D5D5D5D5D5D5D5D5
14141414141414141414141414141414
81818181818181818181818181818181
0B0B0B0B0B0B0B0B0B0B0B0B0B0B0B0B
DBDBDBDBDBDBDBDBDBDBDBDBDBDBDBDB
FDFDFDFDFDFDFDFDFDFDFDFDFDFDFDFD
5E5E5E5E5E5E5E5E5E5E5E5E5E5E5E5E
2A2A2A2A2A2A2A2A2A2A2A2A2A2A2A2A
F0F0F0F0F0F0F0F0F0F0F0F0F0F0F0F0
1A1A1A1A1A1A1A1A1A1A1A1A1A1A1A1A
72727272727272727272727272727272
78787878787878787878787878787878
F5F5F5F5F5F5F5F5F5F5F5F5F5F5F5F5
A6A6A6A6A6A6A6A6A6A6A6A6A6A6A6A6
08080808080808080808080808080808
76767676767676767676767676767676
ADADADADADADADADADADADADADADADAD
C3C3C3C3C3C3C3C3C3C3C3C3C3C3C3C3
27272727272727272727272727272727
A0A0A0A0A0A0A0A0A0A0A0A0A0A0A0A0
2E2E2E2E2E2E2E2E2E2E2E2E2E2E2E2E
18181818181818181818181818181818
5A5A5A5A5A5A5A5A5A5A5A5A5A5A5A5A
ECECECECECECECECECECECECECECECEC
D5D5D5D5D5D5D5D5D5D5D5D5D5D5D5D5
61616161616161616161616161616161
47474747474747474747474747474747
F1F1F1F1F1F1F1F1F1F1F1F1F1F1F1F1
26262626262626262626262626262626
51515151515151515151515151515151
21212121212121212121212121212121
8B8B8B8B8B8B8B8B8B8B8B8B8B8B8B8B
E5E5E5E5E5E5E5E5E5E5E5E5E5E5E5E5
F2F2F2F2F2F2F2F2F2F2F2F2F2F2F2F2
1F1F1F1F1F1F1F1F1F1F1F1F1F1F1F1F
9E9E9E9E9E9E9E9E9E9E9E9E9E9E9E9E
DCDCDCDCDCDCDCDCDCDCDCDCDCDCDCDC
F8F8F8F8F8F8F8F8F8F8F8F8F8F8F8F8
D6D6D6D6D6D6D6D6D6D6D6D6D6D6D6D6
77777777777777777777777777777777
34343434343434343434343434343434
6F6F6F6F6F6F6F6F6F6F6F6F6F6F6F6F
26262626262626262626262626262626
1B1B1B1B1B1B1B1B1B1B1B1B1B1B1B1B
40404040404040404040404040404040
EEEEEEEEEEEEEEEEEEEEEEEEEEEEEEEE
05050505050505050505050505050505
46464646464646464646464646464646
BBBBBBBBBBBBBBBBBBBBBBBBBBBBBBBB
33333333333333333333333333333333
66666666666666666666666666666666
ACACACACACACACACACACACACACACACAC
EAEAEAEAEAEAEAEAEAEAEAEAEAEAEAEA
D0D0D0D0D0D0D0D0D0D0D0D0D0D0D0D0
2D2D2D2D2D2D2D2D2D2D2D2D2D2D2D2D
F6F6F6F6F6F6F6F6F6F6F6F6F6F6F6F6
6E6E6E6E6E6E6E6E6E6E6E6E6E6E6E6E
D3D3D3D3D3D3D3D3D3D3D3D3D3D3D3D3
27272727272727272727272727272727
C6C6C6C6C6C6C6C6C6C6C6C6C6C6C6C6
A3A3A3A3A3A3A3A3A3A3A3A3A3A3A3A3
CFCFCFCFCFCFCFCFCFCFCFCFCFCFCFCF
D2D2D2D2D2D2D2D2D2D2D2D2D2D2D2D2
19191919191919191919191919191919
19191919191919191919191919191919
37373737373737373737373737373737
A1A1A1A1A1A1A1A1A1A1A1A1A1A1A1A1
1F1F1F1F1F1F1F1F1F1F1F1F1F1F1F1F
4F4F4F4F4F4F4F4F4F4F4F4F4F4F4F4F
3A3A3A3A3A3A3A3A3A3A3A3A3A3A3A3A
6C6C6C6C6C6C6C6C6C6C6C6C6C6C6C6C
DADADADADADADADADADADADADADADADA
21212121212121212121212121212121
FBFBFBFBFBFBFBFBFBFBFBFBFBFBFBFB
03030303030303030303030303030303
01010101010101010101010101010101
EAEAEAEAEAEAEAEAEAEAEAEAEAEAEAEA
46464646464646464646464646464646
25252525252525252525252525252525
9D9D9D9D9D9D9D9D9D9D9D9D9D9D9D9D
CDCDCDCDCDCDCDCDCDCDCDCDCDCDCDCD
EBEBEBEBEBEBEBEBEBEBEBEBEBEBEBEB
06060606060606060606060606060606
15151515151515151515151515151515
58585858585858585858585858585858
2A2A2A2A2A2A2A2A2A2A2A2A2A2A2A2A
26262626262626262626262626262626
FDFDFDFDFDFDFDFDFDFDFDFDFDFDFDFD
E5E5E5E5E5E5E5E5E5E5E5E5E5E5E5E5
7A7A7A7A7A7A7A7A7A7A7A7A7A7A7A7A
FCFCFCFCFCFCFCFCFCFCFCFCFCFCFCFC
28282828282828282828282828282828
FFFFFFFFFFFFFFFFFFFFFFFFFFFFFFFF
22222222222222222222222222222222
10101010101010101010101010101010
3B3B3B3B3B3B3B3B3B3B3B3B3B3B3B3B
D1D1D1D1D1D1D1D1D1D1D1D1D1D1D1D1
B9B9B9B9B9B9B9B9B9B9B9B9B9B9B9B9
7B7B7B7B7B7B7B7B7B7B7B7B7B7B7B7B
BCBCBCBCBCBCBCBCBCBCBCBCBCBCBCBC
BDBDBDBDBDBDBDBDBDBDBDBDBDBDBDBD
CACACACACACACACACACACACACACACACA
34343434343434343434343434343434
5A5A5A5A5A5A5A5A5A5A5A5A5A5A5A5A
06060606060606060606060606060606
F4F4F4F4F4F4F4F4F4F4F4F4F4F4F4F4
93939393939393939393939393939393
43434343434343434343434343434343
D2D2D2D2D2D2D2D2D2D2D2D2D2D2D2D2
2A2A2A2A2A2A2A2A2A2A2A2A2A2A2A2A
81818181818181818181818181818181
D4D4D4D4D4D4D4D4D4D4D4D4D4D4D4D4
80808080808080808080808080808080
D0D0D0D0D0D0D0D0D0D0D0D0D0D0D0D0
62626262626262626262626262626262
E2E2E2E2E2E2E2E2E2E2E2E2E2E2E2E2
05050505050505050505050505050505
26262626262626262626262626262626
0D0D0D0D0D0D0D0D0D0D0D0D0D0D0D0D
C6C6C6C6C6C6C6C6C6C6C6C6C6C6C6C6
94949494949494949494949494949494
78787878787878787878787878787878
85858585858585858585858585858585
78787878787878787878787878787878
00000000000000000000000000000000
30303030303030303030303030303030
BDBDBDBDBDBDBDBDBDBDBDBDBDBDBDBD
1C1C1C1C1C1C1C1C1C1C1C1C1C1C1C1C
24242424242424242424242424242424
0B0B0B0B0B0B0B0B0B0B0B0B0B0B0B0B
41414141414141414141414141414141
8B8B8B8B8B8B8B8B8B8B8B8B8B8B8B8B
E4E4E4E4E4E4E4E4E4E4E4E4E4E4E4E4
85858585858585858585858585858585
38383838383838383838383838383838
A2A2A2A2A2A2A2A2A2A2A2A2A2A2A2A2
7A7A7A7A7A7A7A7A7A7A7A7A7A7A7A7A
2D2D2D2D2D2D2D2D2D2D2D2D2D2D2D2D
E3E3E3E3E3E3E3E3E3E3E3E3E3E3E3E3
98989898989898989898989898989898
3F3F3F3F3F3F3F3F3F3F3F3F3F3F3F3F
98989898989898989898989898989898
B4B4B4B4B4B4B4B4B4B4B4B4B4B4B4B4
FBFBFBFBFBFBFBFBFBFBFBFBFBFBFBFB
07070707070707070707070707070707
06060606060606060606060606060606
26262626262626262626262626262626
7E7E7E7E7E7E7E7E7E7E7E7E7E7E7E7E
72727272727272727272727272727272
2E2E2E2E2E2E2E2E2E2E2E2E2E2E2E2E
BFBFBFBFBFBFBFBFBFBFBFBFBFBFBFBF
20202020202020202020202020202020
0D0D0D0D0D0D0D0D0D0D0D0D0D0D0D0D
93939393939393939393939393939393
08080808080808080808080808080808
2F2F2F2F2F2F2F2F2F2F2F2F2F2F2F2F
4A4A4A4A4A4A4A4A4A4A4A4A4A4A4A4A
05050505050505050505050505050505
B8B8B8B8B8B8B8B8B8B8B8B8B8B8B8B8
D8D8D8D8D8D8D8D8D8D8D8D8D8D8D8D8
FBFBFBFBFBFBFBFBFBFBFBFBFBFBFBFB
67676767676767676767676767676767
3D3D3D3D3D3D3D3D3D3D3D3D3D3D3D3D
DBDBDBDBDBDBDBDBDBDBDBDBDBDBDBDB
FDFDFDFDFDFDFDFDFDFDFDFDFDFDFDFD
F2F2F2F2F2F2F2F2F2F2F2F2F2F2F2F2
10101010101010101010101010101010
11111111111111111111111111111111
35353535353535353535353535353535
F3F3F3F3F3F3F3F3F3F3F3F3F3F3F3F3
61616161616161616161616161616161
47474747474747474747474747474747
E7E7E7E7E7E7E7E7E7E7E7E7E7E7E7E7
0A0A0A0A0A0A0A0A0A0A0A0A0A0A0A0A
39393939393939393939393939393939
18181818181818181818181818181818
EEEEEEEEEEEEEEEEEEEEEEEEEEEEEEEE
15151515151515151515151515151515
20202020202020202020202020202020
CFCFCFCFCFCFCFCFCFCFCFCFCFCFCFCF
05050505050505050505050505050505
C0C0C0C0C0C0C0C0C0C0C0C0C0C0C0C0
11111111111111111111111111111111
F6F6F6F6F6F6F6F6F6F6F6F6F6F6F6F6
AEAEAEAEAEAEAEAEAEAEAEAEAEAEAEAE
B4B4B4B4B4B4B4B4B4B4B4B4B4B4B4B4
00000000000000000000000000000000
AAAAAAAAAAAAAAAAAAAAAAAAAAAAAAAA
9B9B9B9B9B9B9B9B9B9B9B9B9B9B9B9B
CECECECECECECECECECECECECECECECE
63636363636363636363636363636363
91919191919191919191919191919191
8E8E8E8E8E8E8E8E8E8E8E8E8E8E8E8E
8A8A8A8A8A8A8A8A8A8A8A8A8A8A8A8A
C5C5C5C5C5C5C5C5C5C5C5C5C5C5C5C5
17171717171717171717171717171717
91919191919191919191919191919191
07070707070707070707070707070707
39393939393939393939393939393939
4F4F4F4F4F4F4F4F4F4F4F4F4F4F4F4F
F1F1F1F1F1F1F1F1F1F1F1F1F1F1F1F1
46464646464646464646464646464646
84848484848484848484848484848484
28282828282828282828282828282828
0D0D0D0D0D0D0D0D0D0D0D0D0D0D0D0D
BEBEBEBEBEBEBEBEBEBEBEBEBEBEBEBE
B3B3B3B3B3B3B3B3B3B3B3B3B3B3B3B3
4E4E4E4E4E4E4E4E4E4E4E4E4E4E4E4E
6B6B6B6B6B6B6B6B6B6B6B6B6B6B6B6B
44444444444444444444444444444444
0E0E0E0E0E0E0E0E0E0E0E0E0E0E0E0E
8E8E8E8E8E8E8E8E8E8E8E8E8E8E8E8E
76767676767676767676767676767676
01010101010101010101010101010101
01010101010101010101010101010101
70707070707070707070707070707070
CBCBCBCBCBCBCBCBCBCBCBCBCBCBCBCB
C3C3C3C3C3C3C3C3C3C3C3C3C3C3C3C3
14141414141414141414141414141414
32323232323232323232323232323232
53535353535353535353535353535353
06060606060606060606060606060606
7E7E7E7E7E7E7E7E7E7E7E7E7E7E7E7E
EDEDEDEDEDEDEDEDEDEDEDEDEDEDEDED
D6D6D6D6D6D6D6D6D6D6D6D6D6D6D6D6
58585858585858585858585858585858
D4D4D4D4D4D4D4D4D4D4D4D4D4D4D4D4
09090909090909090909090909090909
7F7F7F7F7F7F7F7F7F7F7F7F7F7F7F7F
50505050505050505050505050505050
B0B0B0B0B0B0B0B0B0B0B0B0B0B0B0B0
63636363636363636363636363636363
32323232323232323232323232323232
A8A8A8A8A8A8A8A8A8A8A8A8A8A8A8A8
86868686868686868686868686868686
87878787878787878787878787878787
C7C7C7C7C7C7C7C7C7C7C7C7C7C7C7C7
4B4B4B4B4B4B4B4B4B4B4B4B4B4B4B4B
A1A1A1A1A1A1A1A1A1A1A1A1A1A1A1A1
8A8A8A8A8A8A8A8A8A8A8A8A8A8A8A8A
D1D1D1D1D1D1D1D1D1D1D1D1D1D1D1D1
B7B7B7B7B7B7B7B7B7B7B7B7B7B7B7B7
CFCFCFCFCFCFCFCFCFCFCFCFCFCFCFCF
74747474747474747474747474747474
55555555555555555555555555555555
EDEDEDEDEDEDEDEDEDEDEDEDEDEDEDED
7E7E7E7E7E7E7E7E7E7E7E7E7E7E7E7E
B2B2B2B2B2B2B2B2B2B2B2B2B2B2B2B2
49494949494949494949494949494949
E9E9E9E9E9E9E9E9E9E9E9E9E9E9E9E9
4D4D4D4D4D4D4D4D4D4D4D4D4D4D4D4D
74747474747474747474747474747474
CFCFCFCFCFCFCFCFCFCFCFCFCFCFCFCF
4F4F4F4F4F4F4F4F4F4F4F4F4F4F4F4F
BFBFBFBFBFBFBFBFBFBFBFBFBFBFBFBF
2C2C2C2C2C2C2C2C2C2C2C2C2C2C2C2C
59595959595959595959595959595959
A9A9A9A9A9A9A9A9A9A9A9A9A9A9A9A9
26262626262626262626262626262626
44444444444444444444444444444444
A7A7A7A7A7A7A7A7A7A7A7A7A7A7A7A7
49494949494949494949494949494949
EAEAEAEAEAEAEAEAEAEAEAEAEAEAEAEA
9A9A9A9A9A9A9A9A9A9A9A9A9A9A9A9A
3E3E3E3E3E3E3E3E3E3E3E3E3E3E3E3E
D1D1D1D1D1D1D1D1D1D1D1D1D1D1D1D1
B3B3B3B3B3B3B3B3B3B3B3B3B3B3B3B3
1E1E1E1E1E1E1E1E1E1E1E1E1E1E1E1E
D4D4D4D4D4D4D4D4D4D4D4D4D4D4D4D4
4C4C4C4C4C4C4C4C4C4C4C4C4C4C4C4C
F5F5F5F5F5F5F5F5F5F5F5F5F5F5F5F5
DBDBDBDBDBDBDBDBDBDBDBDBDBDBDBDB
83838383838383838383838383838383
B8B8B8B8B8B8B8B8B8B8B8B8B8B8B8B8
C6C6C6C6C6C6C6C6C6C6C6C6C6C6C6C6
30303030303030303030303030303030
9F9F9F9F9F9F9F9F9F9F9F9F9F9F9F9F
9B9B9B9B9B9B9B9B9B9B9B9B9B9B9B9B
03030303030303030303030303030303
2C2C2C2C2C2C2C2C2C2C2C2C2C2C2C2C
85858585858585858585858585858585
B3B3B3B3B3B3B3B3B3B3B3B3B3B3B3B3
86868686868686868686868686868686
9C9C9C9C9C9C9C9C9C9C9C9C9C9C9C9C
CDCDCDCDCDCDCDCDCDCDCDCDCDCDCDCD
A7A7A7A7A7A7A7A7A7A7A7A7A7A7A7A7
6F6F6F6F6F6F6F6F6F6F6F6F6F6F6F6F
11111111111111111111111111111111
94949494949494949494949494949494
B7B7B7B7B7B7B7B7B7B7B7B7B7B7B7B7
A6A6A6A6A6A6A6A6A6A6A6A6A6A6A6A6
29292929292929292929292929292929
CCCCCCCCCCCCCCCCCCCCCCCCCCCCCCCC
79797979797979797979797979797979
44444444444444444444444444444444
93939393939393939393939393939393
F2F2F2F2F2F2F2F2F2F2F2F2F2F2F2F2
29292929292929292929292929292929
B8B8B8B8B8B8B8B8B8B8B8B8B8B8B8B8
F3F3F3F3F3F3F3F3F3F3F3F3F3F3F3F3
08080808080808080808080808080808
B1B1B1B1B1B1B1B1B1B1B1B1B1B1B1B1
82828282828282828282828282828282
C2C2C2C2C2C2C2C2C2C2C2C2C2C2C2C2
AEAEAEAEAEAEAEAEAEAEAEAEAEAEAEAE
87878787878787878787878787878787
B3B3B3B3B3B3B3B3B3B3B3B3B3B3B3B3
FAFAFAFAFAFAFAFAFAFAFAFAFAFAFAFA
19191919191919191919191919191919
70707070707070707070707070707070
2F2F2F2F2F2F2F2F2F2F2F2F2F2F2F2F
2A2A2A2A2A2A2A2A2A2A2A2A2A2A2A2A
03030303030303030303030303030303
85858585858585858585858585858585
4E4E4E4E4E4E4E4E4E4E4E4E4E4E4E4E
E8E8E8E8E8E8E8E8E8E8E8E8E8E8E8E8
B5B5B5B5B5B5B5B5B5B5B5B5B5B5B5B5
54545454545454545454545454545454
E9E9E9E9E9E9E9E9E9E9E9E9E9E9E9E9
75757575757575757575757575757575
3F3F3F3F3F3F3F3F3F3F3F3F3F3F3F3F
5A5A5A5A5A5A5A5A5A5A5A5A5A5A5A5A
00000000000000000000000000000000
CDCDCDCDCDCDCDCDCDCDCDCDCDCDCDCD
A0A0A0A0A0A0A0A0A0A0A0A0A0A0A0A0
CFCFCFCFCFCFCFCFCFCFCFCFCFCFCFCF
43434343434343434343434343434343
E2E2E2E2E2E2E2E2E2E2E2E2E2E2E2E2
48484848484848484848484848484848
2B2B2B2B2B2B2B2B2B2B2B2B2B2B2B2B
A1A1A1A1A1A1A1A1A1A1A1A1A1A1A1A1
EBEBEBEBEBEBEBEBEBEBEBEBEBEBEBEB
83838383838383838383838383838383
65656565656565656565656565656565
F7F7F7F7F7F7F7F7F7F7F7F7F7F7F7F7
2D2D2D2D2D2D2D2D2D2D2D2D2D2D2D2D
3B3B3B3B3B3B3B3B3B3B3B3B3B3B3B3B
37373737373737373737373737373737
54545454545454545454545454545454
63636363636363636363636363636363
82828282828282828282828282828282
B9B9B9B9B9B9B9B9B9B9B9B9B9B9B9B9
16161616161616161616161616161616
73737373737373737373737373737373
F2F2F2F2F2F2F2F2F2F2F2F2F2F2F2F2
2C2C2C2C2C2C2C2C2C2C2C2C2C2C2C2C
BCBCBCBCBCBCBCBCBCBCBCBCBCBCBCBC
F3F3F3F3F3F3F3F3F3F3F3F3F3F3F3F3
DCDCDCDCDCDCDCDCDCDCDCDCDCDCDCDC
40404040404040404040404040404040
0E0E0E0E0E0E0E0E0E0E0E0E0E0E0E0E
C1C1C1C1C1C1C1C1C1C1C1C1C1C1C1C1
64646464646464646464646464646464
67676767676767676767676767676767
AAAAAAAAAAAAAAAAAAAAAAAAAAAAAAAA
49494949494949494949494949494949
E2E2E2E2E2E2E2E2E2E2E2E2E2E2E2E2
77777777777777777777777777777777
D3D3D3D3D3D3D3D3D3D3D3D3D3D3D3D3
65656565656565656565656565656565
5C5C5C5C5C5C5C5C5C5C5C5C5C5C5C5C
A0A0A0A0A0A0A0A0A0A0A0A0A0A0A0A0
3D3D3D3D3D3D3D3D3D3D3D3D3D3D3D3D
D9D9D9D9D9D9D9D9D9D9D9D9D9D9D9D9
D8D8D8D8D8D8D8D8D8D8D8D8D8D8D8D8
F3F3F3F3F3F3F3F3F3F3F3F3F3F3F3F3
E0E0E0E0E0E0E0E0E0E0E0E0E0E0E0E0
FEFEFEFEFEFEFEFEFEFEFEFEFEFEFEFE
36363636363636363636363636363636
37373737373737373737373737373737
D7D7D7D7D7D7D7D7D7D7D7D7D7D7D7D7
65656565656565656565656565656565
A4A4A4A4A4A4A4A4A4A4A4A4A4A4A4A4
30303030303030303030303030303030
A5A5A5A5A5A5A5A5A5A5A5A5A5A5A5A5
00000000000000000000000000000000
CECECECECECECECECECECECECECECECE
88888888888888888888888888888888
0E0E0E0E0E0E0E0E0E0E0E0E0E0E0E0E
EDEDEDEDEDEDEDEDEDEDEDEDEDEDEDED
EFEFEFEFEFEFEFEFEFEFEFEFEFEFEFEF
03030303030303030303030303030303
C4C4C4C4C4C4C4C4C4C4C4C4C4C4C4C4
16161616161616161616161616161616
97979797979797979797979797979797
31313131313131313131313131313131
C4C4C4C4C4C4C4C4C4C4C4C4C4C4C4C4
D5D5D5D5D5D5D5D5D5D5D5D5D5D5D5D5
F4F4F4F4F4F4F4F4F4F4F4F4F4F4F4F4
32323232323232323232323232323232
9B9B9B9B9B9B9B9B9B9B9B9B9B9B9B9B
23232323232323232323232323232323
53535353535353535353535353535353
12121212121212121212121212121212
E3E3E3E3E3E3E3E3E3E3E3E3E3E3E3E3
FBFBFBFBFBFBFBFBFBFBFBFBFBFBFBFB
BCBCBCBCBCBCBCBCBCBCBCBCBCBCBCBC
E0E0E0E0E0E0E0E0E0E0E0E0E0E0E0E0
29292929292929292929292929292929
69696969696969696969696969696969
3C3C3C3C3C3C3C3C3C3C3C3C3C3C3C3C
57575757575757575757575757575757
43434343434343434343434343434343
AEAEAEAEAEAEAEAEAEAEAEAEAEAEAEAE
9F9F9F9F9F9F9F9F9F9F9F9F9F9F9F9F
89898989898989898989898989898989
0E0E0E0E0E0E0E0E0E0E0E0E0E0E0E0E
82828282828282828282828282828282
D5D5D5D5D5D5D5D5D5D5D5D5D5D5D5D5
9A9A9A9A9A9A9A9A9A9A9A9A9A9A9A9A
79797979797979797979797979797979
0C0C0C0C0C0C0C0C0C0C0C0C0C0C0C0C
E9E9E9E9E9E9E9E9E9E9E9E9E9E9E9E9
1B1B1B1B1B1B1B1B1B1B1B1B1B1B1B1B
76767676767676767676767676767676
F7F7F7F7F7F7F7F7F7F7F7F7F7F7F7F7
9D9D9D9D9D9D9D9D9D9D9D9D9D9D9D9D
CBCBCBCBCBCBCBCBCBCBCBCBCBCBCBCB
2D2D2D2D2D2D2D2D2D2D2D2D2D2D2D2D
33333333333333333333333333333333
11111111111111111111111111111111
9E9E9E9E9E9E9E9E9E9E9E9E9E9E9E9E
8B8B8B8B8B8B8B8B8B8B8B8B8B8B8B8B
BDBDBDBDBDBDBDBDBDBDBDBDBDBDBDBD
97979797979797979797979797979797
E4E4E4E4E4E4E4E4E4E4E4E4E4E4E4E4
AEAEAEAEAEAEAEAEAEAEAEAEAEAEAEAE
78787878787878787878787878787878
2A2A2A2A2A2A2A2A2A2A2A2A2A2A2A2A
B8B8B8B8B8B8B8B8B8B8B8B8B8B8B8B8
78787878787878787878787878787878
ECECECECECECECECECECECECECECECEC
22222222222222222222222222222222
10101010101010101010101010101010
5D5D5D5D5D5D5D5D5D5D5D5D5D5D5D5D
34343434343434343434343434343434
B4B4B4B4B4B4B4B4B4B4B4B4B4B4B4B4
DEDEDEDEDEDEDEDEDEDEDEDEDEDEDEDE
A7A7A7A7A7A7A7A7A7A7A7A7A7A7A7A7
B7B7B7B7B7B7B7B7B7B7B7B7B7B7B7B7
42424242424242424242424242424242
54545454545454545454545454545454
A3A3A3A3A3A3A3A3A3A3A3A3A3A3A3A3
B3B3B3B3B3B3B3B3B3B3B3B3B3B3B3B3
66666666666666666666666666666666
9F9F9F9F9F9F9F9F9F9F9F9F9F9F9F9F
F6F6F6F6F6F6F6F6F6F6F6F6F6F6F6F6
3E3E3E3E3E3E3E3E3E3E3E3E3E3E3E3E
A7A7A7A7A7A7A7A7A7A7A7A7A7A7A7A7
54545454545454545454545454545454
76767676767676767676767676767676
94949494949494949494949494949494
1D1D1D1D1D1D1D1D1D1D1D1D1D1D1D1D
8C8C8C8C8C8C8C8C8C8C8C8C8C8C8C8C
00000000000000000000000000000000
BABABABABABABABABABABABABABABABA
E8E8E8E8E8E8E8E8E8E8E8E8E8E8E8E8
DDDDDDDDDDDDDDDDDDDDDDDDDDDDDDDD
4C4C4C4C4C4C4C4C4C4C4C4C4C4C4C4C
47474747474747474747474747474747
3F3F3F3F3F3F3F3F3F3F3F3F3F3F3F3F
7C7C7C7C7C7C7C7C7C7C7C7C7C7C7C7C
A0A0A0A0A0A0A0A0A0A0A0A0A0A0A0A0
1A1A1A1A1A1A1A1A1A1A1A1A1A1A1A1A
0D0D0D0D0D0D0D0D0D0D0D0D0D0D0D0D
D8D8D8D8D8D8D8D8D8D8D8D8D8D8D8D8
FFFFFFFFFFFFFFFFFFFFFFFFFFFFFFFF
C6C6C6C6C6C6C6C6C6C6C6C6C6C6C6C6
7B7B7B7B7B7B7B7B7B7B7B7B7B7B7B7B
FEFEFEFEFEFEFEFEFEFEFEFEFEFEFEFE
EEEEEEEEEEEEEEEEEEEEEEEEEEEEEEEE
03030303030303030303030303030303
9A9A9A9A9A9A9A9A9A9A9A9A9A9A9A9A
70707070707070707070707070707070
D5D5D5D5D5D5D5D5D5D5D5D5D5D5D5D5
69696969696969696969696969696969
19191919191919191919191919191919
8B8B8B8B8B8B8B8B8B8B8B8B8B8B8B8B
B4B4B4B4B4B4B4B4B4B4B4B4B4B4B4B4
F2F2F2F2F2F2F2F2F2F2F2F2F2F2F2F2
9C9C9C9C9C9C9C9C9C9C9C9C9C9C9C9C
AEAEAEAEAEAEAEAEAEAEAEAEAEAEAEAE
48484848484848484848484848484848
4A4A4A4A4A4A4A4A4A4A4A4A4A4A4A4A
46464646464646464646464646464646
2C2C2C2C2C2C2C2C2C2C2C2C2C2C2C2C
E7E7E7E7E7E7E7E7E7E7E7E7E7E7E7E7
DBDBDBDBDBDBDBDBDBDBDBDBDBDBDBDB
21212121212121212121212121212121
BFBFBFBFBFBFBFBFBFBFBFBFBFBFBFBF
A7A7A7A7A7A7A7A7A7A7A7A7A7A7A7A7
7E7E7E7E7E7E7E7E7E7E7E7E7E7E7E7E
AEAEAEAEAEAEAEAEAEAEAEAEAEAEAEAE
6E6E6E6E6E6E6E6E6E6E6E6E6E6E6E6E
E2E2E2E2E2E2E2E2E2E2E2E2E2E2E2E2
72727272727272727272727272727272
A1A1A1A1A1A1A1A1A1A1A1A1A1A1A1A1
19191919191919191919191919191919
0F0F0F0F0F0F0F0F0F0F0F0F0F0F0F0F
B3B3B3B3B3B3B3B3B3B3B3B3B3B3B3B3
38383838383838383838383838383838
78787878787878787878787878787878
FBFBFBFBFBFBFBFBFBFBFBFBFBFBFBFB
5F5F5F5F5F5F5F5F5F5F5F5F5F5F5F5F
D6D6D6D6D6D6D6D6D6D6D6D6D6D6D6D6
48484848484848484848484848484848
FFFFFFFFFFFFFFFFFFFFFFFFFFFFFFFF
8E8E8E8E8E8E8E8E8E8E8E8E8E8E8E8E
3F3F3F3F3F3F3F3F3F3F3F3F3F3F3F3F
C4C4C4C4C4C4C4C4C4C4C4C4C4C4C4C4
94949494949494949494949494949494
95959595959595959595959595959595
E5E5E5E5E5E5E5E5E5E5E5E5E5E5E5E5
C7C7C7C7C7C7C7C7C7C7C7C7C7C7C7C7
E8E8E8E8E8E8E8E8E8E8E8E8E8E8E8E8
BCBCBCBCBCBCBCBCBCBCBCBCBCBCBCBC
FEFEFEFEFEFEFEFEFEFEFEFEFEFEFEFE
29292929292929292929292929292929
E3E3E3E3E3E3E3E3E3E3E3E3E3E3E3E3
E1E1E1E1E1E1E1E1E1E1E1E1E1E1E1E1
85858585858585858585858585858585
F1F1F1F1F1F1F1F1F1F1F1F1F1F1F1F1
5D7C8CDB2F39FCCBB6506A30AF4922CA
511776AE914E1CED9F58AD217958A491
F9FF07F9F6050304FAFBFEF6F5060309
EADEAE242A43246323503510F5000102
23166B6C932B6D2F6C2C36300FB5AEFA
00B098F5551C28FDD1C23D9CA6B1E91C
0A03FA080B020605F4F5040509F9F8FE
F2C6B99772CC41A4219C7F018E547B07
902546A64B24A0A75E47E6A3B14590E4
3F471CAFEC39628DD425DF67B93D4773
A3E364287C3AC47E2614AC8CE98C78E5
02F9FF0701F500F50409FA020A090906
0306030BF803FA02F8F70709FE0009F4
94C0261819CC70C3FFFE0005F807040A
ABFE3943B6F48773502973AFBC718EDC
F3EF697E38A334304EA667735332B72A
B0B0B0B0B0B0B0B0B0B0B0B0B0B0B0B0
A4A4A4A4A4A4A4A4A4A4A4A4A4A4A4A4
33333333333333333333333333333333
31313131313131313131313131313131
BBBBBBBBBBBBBBBBBBBBBBBBBBBBBBBB
28282828282828282828282828282828
C7C7C7C7C7C7C7C7C7C7C7C7C7C7C7C7
20202020202020202020202020202020
DCDCDCDCDCDCDCDCDCDCDCDCDCDCDCDC
F4F4F4F4F4F4F4F4F4F4F4F4F4F4F4F4
15151515151515151515151515151515
71717171717171717171717171717171
42424242424242424242424242424242
DFDFDFDFDFDFDFDFDFDFDFDFDFDFDFDF
8E8E8E8E8E8E8E8E8E8E8E8E8E8E8E8E
4D4D4D4D4D4D4D4D4D4D4D4D4D4D4D4D
EDEDEDEDEDEDEDEDEDEDEDEDEDEDEDED
27272727272727272727272727272727
21212121212121212121212121212121
85858585858585858585858585858585
88888888888888888888888888888888
CECECECECECECECECECECECECECECECE
C5C5C5C5C5C5C5C5C5C5C5C5C5C5C5C5
3F3F3F3F3F3F3F3F3F3F3F3F3F3F3F3F
C0C0C0C0C0C0C0C0C0C0C0C0C0C0C0C0
48484848484848484848484848484848
04040404040404040404040404040404
C4C4C4C4C4C4C4C4C4C4C4C4C4C4C4C4
9C9C9C9C9C9C9C9C9C9C9C9C9C9C9C9C
6C6C6C6C6C6C6C6C6C6C6C6C6C6C6C6C
24242424242424242424242424242424
B0B0B0B0B0B0B0B0B0B0B0B0B0B0B0B0
8A8A8A8A8A8A8A8A8A8A8A8A8A8A8A8A
28282828282828282828282828282828
81818181818181818181818181818181
A4A4A4A4A4A4A4A4A4A4A4A4A4A4A4A4
C0C0C0C0C0C0C0C0C0C0C0C0C0C0C0C0
82828282828282828282828282828282
D3D3D3D3D3D3D3D3D3D3D3D3D3D3D3D3
88888888888888888888888888888888
A0A0A0A0A0A0A0A0A0A0A0A0A0A0A0A0
9E9E9E9E9E9E9E9E9E9E9E9E9E9E9E9E
2F2F2F2F2F2F2F2F2F2F2F2F2F2F2F2F
EAEAEAEAEAEAEAEAEAEAEAEAEAEAEAEA
3F3F3F3F3F3F3F3F3F3F3F3F3F3F3F3F
4B4B4B4B4B4B4B4B4B4B4B4B4B4B4B4B
98989898989898989898989898989898
89898989898989898989898989898989
8F8F8F8F8F8F8F8F8F8F8F8F8F8F8F8F
F1F1F1F1F1F1F1F1F1F1F1F1F1F1F1F1
ADADADADADADADADADADADADADADADAD
C8C8C8C8C8C8C8C8C8C8C8C8C8C8C8C8
05050505050505050505050505050505
CBCBCBCBCBCBCBCBCBCBCBCBCBCBCBCB
36363636363636363636363636363636
A3A3A3A3A3A3A3A3A3A3A3A3A3A3A3A3
F4F4F4F4F4F4F4F4F4F4F4F4F4F4F4F4
1F1F1F1F1F1F1F1F1F1F1F1F1F1F1F1F
9B9B9B9B9B9B9B9B9B9B9B9B9B9B9B9B
C8C8C8C8C8C8C8C8C8C8C8C8C8C8C8C8
81818181818181818181818181818181
61616161616161616161616161616161
BDBDBDBDBDBDBDBDBDBDBDBDBDBDBDBD
1F1F1F1F1F1F1F1F1F1F1F1F1F1F1F1F
1F1F1F1F1F1F1F1F1F1F1F1F1F1F1F1F
94949494949494949494949494949494
40404040404040404040404040404040
4E4E4E4E4E4E4E4E4E4E4E4E4E4E4E4E
D2D2D2D2D2D2D2D2D2D2D2D2D2D2D2D2
1D1D1D1D1D1D1D1D1D1D1D1D1D1D1D1D
70707070707070707070707070707070
54545454545454545454545454545454
30303030303030303030303030303030
68686868686868686868686868686868
F8F8F8F8F8F8F8F8F8F8F8F8F8F8F8F8
55555555555555555555555555555555
C0C0C0C0C0C0C0C0C0C0C0C0C0C0C0C0
30303030303030303030303030303030
A5A5A5A5A5A5A5A5A5A5A5A5A5A5A5A5
B5B5B5B5B5B5B5B5B5B5B5B5B5B5B5B5
6D6D6D6D6D6D6D6D6D6D6D6D6D6D6D6D
F6F6F6F6F6F6F6F6F6F6F6F6F6F6F6F6
B6B6B6B6B6B6B6B6B6B6B6B6B6B6B6B6
1F1F1F1F1F1F1F1F1F1F1F1F1F1F1F1F
40404040404040404040404040404040
EAEAEAEAEAEAEAEAEAEAEAEAEAEAEAEA
90909090909090909090909090909090
38383838383838383838383838383838
93939393939393939393939393939393
C1C1C1C1C1C1C1C1C1C1C1C1C1C1C1C1
1F1F1F1F1F1F1F1F1F1F1F1F1F1F1F1F
50505050505050505050505050505050
9C9C9C9C9C9C9C9C9C9C9C9C9C9C9C9C
71717171717171717171717171717171
52525252525252525252525252525252
B3B3B3B3B3B3B3B3B3B3B3B3B3B3B3B3
0C0C0C0C0C0C0C0C0C0C0C0C0C0C0C0C
FBFBFBFBFBFBFBFBFBFBFBFBFBFBFBFB
1F1F1F1F1F1F1F1F1F1F1F1F1F1F1F1F
BEBEBEBEBEBEBEBEBEBEBEBEBEBEBEBE
E2E2E2E2E2E2E2E2E2E2E2E2E2E2E2E2
D1D1D1D1D1D1D1D1D1D1D1D1D1D1D1D1
2A2A2A2A2A2A2A2A2A2A2A2A2A2A2A2A
30303030303030303030303030303030
BDBDBDBDBDBDBDBDBDBDBDBDBDBDBDBD
E8E8E8E8E8E8E8E8E8E8E8E8E8E8E8E8
1B1B1B1B1B1B1B1B1B1B1B1B1B1B1B1B
6E6E6E6E6E6E6E6E6E6E6E6E6E6E6E6E
B4B4B4B4B4B4B4B4B4B4B4B4B4B4B4B4
1C1C1C1C1C1C1C1C1C1C1C1C1C1C1C1C
7F7F7F7F7F7F7F7F7F7F7F7F7F7F7F7F
8E8E8E8E8E8E8E8E8E8E8E8E8E8E8E8E
80808080808080808080808080808080
A8A8A8A8A8A8A8A8A8A8A8A8A8A8A8A8
DBDBDBDBDBDBDBDBDBDBDBDBDBDBDBDB
32323232323232323232323232323232
2A2A2A2A2A2A2A2A2A2A2A2A2A2A2A2A
9B9B9B9B9B9B9B9B9B9B9B9B9B9B9B9B
70707070707070707070707070707070
2A2A2A2A2A2A2A2A2A2A2A2A2A2A2A2A
F3F3F3F3F3F3F3F3F3F3F3F3F3F3F3F3
F1F1F1F1F1F1F1F1F1F1F1F1F1F1F1F1
E9E9E9E9E9E9E9E9E9E9E9E9E9E9E9E9
A3A3A3A3A3A3A3A3A3A3A3A3A3A3A3A3
3D3D3D3D3D3D3D3D3D3D3D3D3D3D3D3D
92929292929292929292929292929292
7B7B7B7B7B7B7B7B7B7B7B7B7B7B7B7B
0B0B0B0B0B0B0B0B0B0B0B0B0B0B0B0B
0F0F0F0F0F0F0F0F0F0F0F0F0F0F0F0F
A8A8A8A8A8A8A8A8A8A8A8A8A8A8A8A8
77777777777777777777777777777777
85858585858585858585858585858585
58585858585858585858585858585858
81818181818181818181818181818181
A4A4A4A4A4A4A4A4A4A4A4A4A4A4A4A4
D1D1D1D1D1D1D1D1D1D1D1D1D1D1D1D1
63636363636363636363636363636363
DCDCDCDCDCDCDCDCDCDCDCDCDCDCDCDC
CBCBCBCBCBCBCBCBCBCBCBCBCBCBCBCB
ADADADADADADADADADADADADADADADAD
ACACACACACACACACACACACACACACACAC
FDFDFDFDFDFDFDFDFDFDFDFDFDFDFDFD
DADADADADADADADADADADADADADADADA
1E1E1E1E1E1E1E1E1E1E1E1E1E1E1E1E
0E0E0E0E0E0E0E0E0E0E0E0E0E0E0E0E
49494949494949494949494949494949
D6D6D6D6D6D6D6D6D6D6D6D6D6D6D6D6
3F3F3F3F3F3F3F3F3F3F3F3F3F3F3F3F
F8F8F8F8F8F8F8F8F8F8F8F8F8F8F8F8
7D7D7D7D7D7D7D7D7D7D7D7D7D7D7D7D
63636363636363636363636363636363
01010101010101010101010101010101
9B9B9B9B9B9B9B9B9B9B9B9B9B9B9B9B
48484848484848484848484848484848
8E8E8E8E8E8E8E8E8E8E8E8E8E8E8E8E
A8A8A8A8A8A8A8A8A8A8A8A8A8A8A8A8
1D1D1D1D1D1D1D1D1D1D1D1D1D1D1D1D
E8E8E8E8E8E8E8E8E8E8E8E8E8E8E8E8
46464646464646464646464646464646
D9D9D9D9D9D9D9D9D9D9D9D9D9D9D9D9
5D5D5D5D5D5D5D5D5D5D5D5D5D5D5D5D
95959595959595959595959595959595
73737373737373737373737373737373
22222222222222222222222222222222
AFAFAFAFAFAFAFAFAFAFAFAFAFAFAFAF
ADADADADADADADADADADADADADADADAD
70707070707070707070707070707070
2C2C2C2C2C2C2C2C2C2C2C2C2C2C2C2C
81818181818181818181818181818181
F3F3F3F3F3F3F3F3F3F3F3F3F3F3F3F3
B8B8B8B8B8B8B8B8B8B8B8B8B8B8B8B8
92929292929292929292929292929292
ABABABABABABABABABABABABABABABAB
83838383838383838383838383838383
EFEFEFEFEFEFEFEFEFEFEFEFEFEFEFEF
C4C4C4C4C4C4C4C4C4C4C4C4C4C4C4C4
25252525252525252525252525252525
DFDFDFDFDFDFDFDFDFDFDFDFDFDFDFDF
97979797979797979797979797979797
52525252525252525252525252525252
9F9F9F9F9F9F9F9F9F9F9F9F9F9F9F9F
8D8D8D8D8D8D8D8D8D8D8D8D8D8D8D8D
8F8F8F8F8F8F8F8F8F8F8F8F8F8F8F8F
8A8A8A8A8A8A8A8A8A8A8A8A8A8A8A8A
C5C5C5C5C5C5C5C5C5C5C5C5C5C5C5C5
9E9E9E9E9E9E9E9E9E9E9E9E9E9E9E9E
7A7A7A7A7A7A7A7A7A7A7A7A7A7A7A7A
6A6A6A6A6A6A6A6A6A6A6A6A6A6A6A6A
03030303030303030303030303030303
25252525252525252525252525252525
C6C6C6C6C6C6C6C6C6C6C6C6C6C6C6C6
7C7C7C7C7C7C7C7C7C7C7C7C7C7C7C7C
15151515151515151515151515151515
A2A2A2A2A2A2A2A2A2A2A2A2A2A2A2A2
BEBEBEBEBEBEBEBEBEBEBEBEBEBEBEBE
B4B4B4B4B4B4B4B4B4B4B4B4B4B4B4B4
39393939393939393939393939393939
90909090909090909090909090909090
8D8D8D8D8D8D8D8D8D8D8D8D8D8D8D8D
5A5A5A5A5A5A5A5A5A5A5A5A5A5A5A5A
2E2E2E2E2E2E2E2E2E2E2E2E2E2E2E2E
0A0A0A0A0A0A0A0A0A0A0A0A0A0A0A0A
AAAAAAAAAAAAAAAAAAAAAAAAAAAAAAAA
27272727272727272727272727272727
CCCCCCCCCCCCCCCCCCCCCCCCCCCCCCCC
64646464646464646464646464646464
39393939393939393939393939393939
DADADADADADADADADADADADADADADADA
C9C9C9C9C9C9C9C9C9C9C9C9C9C9C9C9
45454545454545454545454545454545
29292929292929292929292929292929
FCFCFCFCFCFCFCFCFCFCFCFCFCFCFCFC
06060606060606060606060606060606
4F4F4F4F4F4F4F4F4F4F4F4F4F4F4F4F
72727272727272727272727272727272
27272727272727272727272727272727
F2F2F2F2F2F2F2F2F2F2F2F2F2F2F2F2
C4C4C4C4C4C4C4C4C4C4C4C4C4C4C4C4
FBFBFBFBFBFBFBFBFBFBFBFBFBFBFBFB
F1F1F1F1F1F1F1F1F1F1F1F1F1F1F1F1
C4C4C4C4C4C4C4C4C4C4C4C4C4C4C4C4
8E8E8E8E8E8E8E8E8E8E8E8E8E8E8E8E
84848484848484848484848484848484
5D5D5D5D5D5D5D5D5D5D5D5D5D5D5D5D
FCFCFCFCFCFCFCFCFCFCFCFCFCFCFCFC
D6D6D6D6D6D6D6D6D6D6D6D6D6D6D6D6
53535353535353535353535353535353
93939393939393939393939393939393
A9A9A9A9A9A9A9A9A9A9A9A9A9A9A9A9
02020202020202020202020202020202
35353535353535353535353535353535
1A1A1A1A1A1A1A1A1A1A1A1A1A1A1A1A
B8B8B8B8B8B8B8B8B8B8B8B8B8B8B8B8
28282828282828282828282828282828
AFAFAFAFAFAFAFAFAFAFAFAFAFAFAFAF
54545454545454545454545454545454
50505050505050505050505050505050
E3E3E3E3E3E3E3E3E3E3E3E3E3E3E3E3
1E1E1E1E1E1E1E1E1E1E1E1E1E1E1E1E
C4C4C4C4C4C4C4C4C4C4C4C4C4C4C4C4
34343434343434343434343434343434
E8E8E8E8E8E8E8E8E8E8E8E8E8E8E8E8
6B6B6B6B6B6B6B6B6B6B6B6B6B6B6B6B
65656565656565656565656565656565
D1D1D1D1D1D1D1D1D1D1D1D1D1D1D1D1
90909090909090909090909090909090
09090909090909090909090909090909
E1E1E1E1E1E1E1E1E1E1E1E1E1E1E1E1
2D2D2D2D2D2D2D2D2D2D2D2D2D2D2D2D
89898989898989898989898989898989
5D5D5D5D5D5D5D5D5D5D5D5D5D5D5D5D
8E8E8E8E8E8E8E8E8E8E8E8E8E8E8E8E
6D6D6D6D6D6D6D6D6D6D6D6D6D6D6D6D
94949494949494949494949494949494
56565656565656565656565656565656
66666666666666666666666666666666
592034559B060196E1D47AD651CA2B82
BB2D649924BAA9D549B9D7430D38595C
373996166FED4B4BA4099C63226DC54C
1804AD4ED384121CF0EACB4026FB43BE
6137FF9181ADB5B3E9911555D1E562C1
D8820E5BCF58BE63BCE92BB9AEC5FBA1
68D1975C25E61238C9060D4FE062DC59
2B863BF2755EAC8FE161F391DB169902
1269C3D547A4493308DE9B29962BE575
769468CBBD6C30D5B675E1ABB76CE3B3
4423D945CD34DCB9A6102A1F33BD3D14
2FC7E71286287B0962527C8AD8E6E1F5
58FB1B05A8898B65DEBB2A9B4449E00E
6ECD99BB66815BA7256B461716A3D3A2
4A2A5DF1FBCC552684E2A49DD87F7838
283F3CCFD07F4BF614A9B5CA813BCED5
42F18D00699638034C80EB0E083F6F96
3F0969DD7148DD190A298C33C3744FED
F237FBE85F4D13F2B642F9C8CF0DCF17
7322D06BA21A5460D7E7585BFBE3F8D4
6E65655CC922C6D2B367BD7D25B2EA61
F32502DB29AB7A506F20A848114F334D
8064552837991F672FDCA478E8FED7EF
B4AFDED7CDD2DE4C46B59F27154398E4
08D0659A2F03180974677869CA508BF5
3DDB563057AA3022C1EE1D1AF0199FD2
737EF9AAF703663A3EE6E84628E26BC6
EEC0B99983F7ADB0456EF1C26EE3686B
8117345821F0E32E1EAA5834812CFDE6
9A8E6C379159BEE499955C08A3910047
8429495B7CBFDF3D6A97CC4B9D5999B7
224FC7CACD60672847F5CE47C1ED4AD5
B73D15B8ACF538E578C6388107EEF644
C2DC5A1A3F2FD863386F27086F8D83AA
38A7F0D7CB57AF5F8EDF5BEE92325B83
342032B25BBA0ECE0A2CAFFA74812AEC
ABCA7E7781D0F6A22CCF233357F580BF
5CCE8A4DF5A6F08CFC0AB646F33F8A47
0B7693D6987EC8FD93DCCD3795016485
EF2FC9F9522D209998343B7AA64AD495
9995BDFF8C6DBCC2C9A8560F469D6F8E
208A489762EBB5A29698BD6BA852EFB1
6E0D3699041197F74B5C96C618AEF7C1
B66E13F59EB1D7B1C4591610A2FC204F
256176429E94D235E63E8A978FAD071C
66B4A6D4D3033EC5D8D62B638C16F4B6
1C1EE5262C2A97266146F55AC9A78D41
726CC513A1780A5A3C52B7D20DAF78D0
F79CE7FB4D0AB030AF1D2F6F8FD7BEC3
91B53A62B727CE123CB8B20F22A268C5
272847E5C054B4298FF44261A9165C02
9E5671BD48AFA9443BA9BCE9FD051027
5FBE4D7840D323FF6C0A9366261A0B58
79B268874EE8EC45B9F8F1BC9AE82432
282275BB522D2F695E2819305C958878
4EFA2E4F25FF55DEE83818E8FD478446
6BF220BA675995D67AE200E0BF73B901
02ABC66C70A0C5500124716A04CDA72A
A17E84468957855C3FA4AF8D9723985B
D4364ABCF6EDFA877E18F5186A17BA8A
5EE665E598A3EED8AFE8050075836542
D285CC2942B107E87E4CFC730A4D293A
2E2F1B9D3A16704207C243F7D3645E8B
E75B1F2B6D21417548B64C66BF6C172A
84BA2AE9DBAF824099B7DBEBDF347D4D
F8534F884937CFA86534C630B2058C29
856C6B485028A5311A36ED31F8094F62
228128E82EA1FC2AC99089397B9A6260
CAD5CDB535DC5A43B1BDEAA0702A7210
30A0153767551770052A6CC22C903083
D52715B9798CE3A260A4BFDB6A32FD50
07721BF3ABD48DFCA54BF52DB2C8A8FA
DB7ED6C6C0E660369B573437E0885DF2
CA4774A656DCC02C6CF0358D0648C95A
85F8934C5CC09460E63D1B3243C6DC99
73AEBB228D2AFE6B8EF297487678A7E3
D51E6674E882DCD15BF20FB1F1DC1277
4976AB5432D9201F8328D09F3F3FF03B
670A254248B697EE92F5F44BC32EEB74
1A2652BFBFD9917D11FEBAD13B3427F3
6EFCF02A0613147561FDAD5EB6E5FC45
4B5864B8820B72772ED7319629A98B75
B11DCBCDBAEC14F42477C660BE19051B
93D160D15FA812D30DAF0A62F64D7C17
7350CCCCD284C1504E0DEFDE3CABAF21
7C27119C008715F2E1CD753DCC8A26DD
B15996C4AAAAF911FB8DA5741E3C1519
E189C1D9A6FBE208DF85483AF8B32943
5F3C4F28F45CD1EA9F35059550BD53C7
8B50205D0544AB05472EE477E2DF8E86
67C42E2411AD1E0E75B87346633FE22F
080DC1DAC0146D34668BF12E18006E13
D3755FDEBBE48CE5C70CD9232D447005
1E29B9862DCE0FA43EA75225F96417B8
B761878534EF3E21B8E7D3BD2C1F38E3
3441C332749D1C54DE440BBF14ACC871
25FF00807F25FF00807F25FF00807F25
25FF00807F25FF00807F25FF00807F25
25FF00807F25FF00807F25FF00807F25
25FF00807F25FF00807F25FF00807F25
25FF00807F25FF00807F25FF00807F25
25FF00807F25FF00807F25FF00807F25
25FF00807F25FF00807F25FF00807F25
25FF00807F25FF00807F25FF00807F25
25FF00807F25FF00807F25FF00807F25
25FF00807F25FF00807F25FF00807F25
25FF00807F25FF00807F25FF00807F25
25FF00807F25FF00807F25FF00807F25
25FF00807F25FF00807F25FF00807F25
25FF00807F25FF00807F25FF00807F25
25FF00807F25FF00807F25FF00807F25
25FF00807F25FF00807F25FF00807F25
25FF00807F25FF00807F25FF00807F25
25FF00807F25FF00807F25FF00807F25
25FF00807F25FF00807F25FF00807F25
25FF00807F25FF00807F25FF00807F25
25FF00807F25FF00807F25FF00807F25
25FF00807F25FF00807F25FF00807F25
25FF00807F25FF00807F25FF00807F25
25FF00807F25FF00807F25FF00807F25
25FF00807F25FF00807F25FF00807F25
25FF00807F25FF00807F25FF00807F25
25FF00807F25FF00807F25FF00807F25
25FF00807F25FF00807F25FF00807F25
25FF00807F25FF00807F25FF00807F25
25FF00807F25FF00807F25FF00807F25
25FF00807F25FF00807F25FF00807F25
25FF00807F25FF00807F25FF00807F25
25FF00807F25FF00807F25FF00807F25
25FF00807F25FF00807F25FF00807F25
25FF00807F25FF00807F25FF00807F25
25FF00807F25FF00807F25FF00807F25
25FF00807F25FF00807F25FF00807F25
25FF00807F25FF00807F25FF00807F25
25FF00807F25FF00807F25FF00807F25
25FF00807F25FF00807F25FF00807F25
25FF00807F25FF00807F25FF00807F25
25FF00807F25FF00807F25FF00807F25
25FF00807F25FF00807F25FF00807F25
25FF00807F25FF00807F25FF00807F25
25FF00807F25FF00807F25FF00807F25
25FF00807F25FF00807F25FF00807F25
25FF00807F25FF00807F25FF00807F25
25FF00807F25FF00807F25FF00807F25
25FF00807F25FF00807F25FF00807F25
25FF00807F25FF00807F25FF00807F25
25FF00807F25FF00807F25FF00807F25
25FF00807F25FF00807F25FF00807F25
25FF00807F25FF00807F25FF00807F25
25FF00807F25FF00807F25FF00807F25
25FF00807F25FF00807F25FF00807F25
25FF00807F25FF00807F25FF00807F25
25FF00807F25FF00807F25FF00807F25
25FF00807F25FF00807F25FF00807F25
25FF00807F25FF00807F25FF00807F25
25FF00807F25FF00807F25FF00807F25
25FF00807F25FF00807F25FF00807F25
25FF00807F25FF00807F25FF00807F25
25FF00807F25FF00807F25FF00807F25
25FF00807F25FF00807F25FF00807F25
7F25FF00807F25FF00807F25FF00807F
7F25FF00807F25FF00807F25FF00807F
7F25FF00807F25FF00807F25FF00807F
7F25FF00807F25FF00807F25FF00807F
7F25FF00807F25FF00807F25FF00807F
7F25FF00807F25FF00807F25FF00807F
7F25FF00807F25FF00807F25FF00807F
7F25FF00807F25FF00807F25FF00807F
7F25FF00807F25FF00807F25FF00807F
7F25FF00807F25FF00807F25FF00807F
7F25FF00807F25FF00807F25FF00807F
7F25FF00807F25FF00807F25FF00807F
7F25FF00807F25FF00807F25FF00807F
7F25FF00807F25FF00807F25FF00807F
7F25FF00807F25FF00807F25FF00807F
7F25FF00807F25FF00807F25FF00807F
7F25FF00807F25FF00807F25FF00807F
7F25FF00807F25FF00807F25FF00807F
7F25FF00807F25FF00807F25FF00807F
7F25FF00807F25FF00807F25FF00807F
7F25FF00807F25FF00807F25FF00807F
7F25FF00807F25FF00807F25FF00807F
7F25FF00807F25FF00807F25FF00807F
7F25FF00807F25FF00807F25FF00807F
7F25FF00807F25FF00807F25FF00807F
7F25FF00807F25FF00807F25FF00807F
7F25FF00807F25FF00807F25FF00807F
7F25FF00807F25FF00807F25FF00807F
7F25FF00807F25FF00807F25FF00807F
7F25FF00807F25FF00807F25FF00807F
7F25FF00807F25FF00807F25FF00807F
7F25FF00807F25FF00807F25FF00807F
7F25FF00807F25FF00807F25FF00807F
7F25FF00807F25FF00807F25FF00807F
7F25FF00807F25FF00807F25FF00807F
7F25FF00807F25FF00807F25FF00807F
7F25FF00807F25FF00807F25FF00807F
7F25FF00807F25FF00807F25FF00807F
7F25FF00807F25FF00807F25FF00807F
7F25FF00807F25FF00807F25FF00807F
7F25FF00807F25FF00807F25FF00807F
7F25FF00807F25FF00807F25FF00807F
7F25FF00807F25FF00807F25FF00807F
7F25FF00807F25FF00807F25FF00807F
7F25FF00807F25FF00807F25FF00807F
7F25FF00807F25FF00807F25FF00807F
7F25FF00807F25FF00807F25FF00807F
7F25FF00807F25FF00807F25FF00807F
7F25FF00807F25FF00807F25FF00807F
7F25FF00807F25FF00807F25FF00807F
7F25FF00807F25FF00807F25FF00807F
7F25FF00807F25FF00807F25FF00807F
7F25FF00807F25FF00807F25FF00807F
7F25FF00807F25FF00807F25FF00807F
7F25FF00807F25FF00807F25FF00807F
7F25FF00807F25FF00807F25FF00807F
7F25FF00807F25FF00807F25FF00807F
7F25FF00807F25FF00807F25FF00807F
7F25FF00807F25FF00807F25FF00807F
7F25FF00807F25FF00807F25FF00807F
7F25FF00807F25FF00807F25FF00807F
7F25FF00807F25FF00807F25FF00807F
7F25FF00807F25FF00807F25FF00807F
7F25FF00807F25FF00807F25FF00807F
807F25FF00807F25FF00807F25FF0080
807F25FF00807F25FF00807F25FF0080
807F25FF00807F25FF00807F25FF0080
807F25FF00807F25FF00807F25FF0080
807F25FF00807F25FF00807F25FF0080
807F25FF00807F25FF00807F25FF0080
807F25FF00807F25FF00807F25FF0080
807F25FF00807F25FF00807F25FF0080
807F25FF00807F25FF00807F25FF0080
807F25FF00807F25FF00807F25FF0080
807F25FF00807F25FF00807F25FF0080
807F25FF00807F25FF00807F25FF0080
807F25FF00807F25FF00807F25FF0080
807F25FF00807F25FF00807F25FF0080
807F25FF00807F25FF00807F25FF0080
807F25FF00807F25FF00807F25FF0080
807F25FF00807F25FF00807F25FF0080
807F25FF00807F25FF00807F25FF0080
807F25FF00807F25FF00807F25FF0080
807F25FF00807F25FF00807F25FF0080
807F25FF00807F25FF00807F25FF0080
807F25FF00807F25FF00807F25FF0080
807F25FF00807F25FF00807F25FF0080
807F25FF00807F25FF00807F25FF0080
807F25FF00807F25FF00807F25FF0080
807F25FF00807F25FF00807F25FF0080
807F25FF00807F25FF00807F25FF0080
807F25FF00807F25FF00807F25FF0080
807F25FF00807F25FF00807F25FF0080
807F25FF00807F25FF00807F25FF0080
807F25FF00807F25FF00807F25FF0080
807F25FF00807F25FF00807F25FF0080
807F25FF00807F25FF00807F25FF0080
807F25FF00807F25FF00807F25FF0080
807F25FF00807F25FF00807F25FF0080
807F25FF00807F25FF00807F25FF0080
807F25FF00807F25FF00807F25FF0080
807F25FF00807F25FF00807F25FF0080
807F25FF00807F25FF00807F25FF0080
807F25FF00807F25FF00807F25FF0080
807F25FF00807F25FF00807F25FF0080
807F25FF00807F25FF00807F25FF0080
807F25FF00807F25FF00807F25FF0080
807F25FF00807F25FF00807F25FF0080
807F25FF00807F25FF00807F25FF0080
807F25FF00807F25FF00807F25FF0080
807F25FF00807F25FF00807F25FF0080
807F25FF00807F25FF00807F25FF0080
807F25FF00807F25FF00807F25FF0080
807F25FF00807F25FF00807F25FF0080
807F25FF00807F25FF00807F25FF0080
807F25FF00807F25FF00807F25FF0080
807F25FF00807F25FF00807F25FF0080
807F25FF00807F25FF00807F25FF0080
807F25FF00807F25FF00807F25FF0080
807F25FF00807F25FF00807F25FF0080
807F25FF00807F25FF00807F25FF0080
807F25FF00807F25FF00807F25FF0080
807F25FF00807F25FF00807F25FF0080
807F25FF00807F25FF00807F25FF0080
807F25FF00807F25FF00807F25FF0080
807F25FF00807F25FF00807F25FF0080
807F25FF00807F25FF00807F25FF0080
807F25FF00807F25FF00807F25FF0080
586EA18F107E363711278D1B4841D323
7C3BB641B1C6FD8C6BFC842E62EA3ABD
1AC826019E951C0DF378DA45BD7798F0
D60D792F21C6375340121DE9D69F476E
721FBCB66FF8C5605F8C8BBA4FD861D0
1E85FE8E9A79A1F0B7BAD2C248247AFC
FDCB51E1C8D702C72368390511515735
56231FEB654F7FAEF6A1D36D692A54DD
5CF2E5E22CAFB5F4D0261F1E59CD6359
2D1A367CF89029550DF6278EB2E257F2
2AD985B39063F78D64593774B512A165
BA279979D679AE48FE19CFC520586BAF
17B729FD90F628986B146DC1B7EB8B4A
A78695D73D1812CB6D536E92B529C586
2D286B700A47F1168E187FE994EB205A
478EB95854010325598BAA7FCACC4DB1
11A153C4B6941CF83A95364253C6B770
EA3BF622D2C71EBDB36C1C7CD4B30205
188ED1A11AA9CF926CD0EE13FE80D148
3F931D3E0495E9171E211866D03FA4CB
2727161FD8EEF05DB0B7F734DDC9BBC6
336C7DFCBB79157EC6B5F50519AA859C
5FE028CA7EE7E3C3CB77AB727E0FF2FF
45F5D7A3951B6DD06174C4ABF004FF1B
D5D7AECBC034DDE9CAF785BC563A1912
54A851883AA2A95DBC5B6CA471068079
DFE3DAEBE8DA9685AE22AFC96B78A58E
0B426990C09D46676120F7DB77F59F0A
7A2E616B4FC8A69CE535E802BBF91FF4
CA41C120401B55B53FB6A57191FD6864
EDD38FB68081C1A93F59A490096F3828
FF966EC06D42592D19ADD663C7790371
98BCA608A93574A7C3AD0F52161C6BCE
621F1D7536E54205BBC9286D576A1672
FF142EE3DB66474C09FF1C27C195D102
06C666D2C7D969B789B0456D03DF6409
164281BBE9897F5ABA2421F98571B199
26B66256648BB8C84FA86449BB187C1F
A440F4C411C05F11A02F4989A96EF1BA
F0ED59AE7F08B14FDA7CAEF06D8BC3B7
4381B51CD210716CA6E2549D12191E8B
CD16173C6E328348845C93EFD2DF076C
72030540B3F4EC9ADFB8E72ABA07494E
4CF3C7C817A3DA5F52E78A7B9F50730B
0611076A0BCDC6C59E96374494D565A5
884A5D13885C8BEED058104E945F11EB
727581CABBE35C0636D1F40086F43676
C90FF1AA45E29D15B394B03BBB489B63
99570BFB7D31FFD65A96D892763C5743
088B48324E6891EF564D27CC7B22D5BB
B42DD1EA0110343AFE01ACCF9230CBC5
FAF07E5D7CC08AEC914282D369175047
D888C33A2BA27E5E9EE29D04919F01A0
21F937D0B76859C6549A45CC9117C555
C857EFF30EA5D9B85E2A590385DE5200
05662CA48E4914563FD9768E8C5E1D7F
301774500D7BAF74F1D558488419BE10
3353A0201E8558B41458210F6AD51383
83480282FBA960122F71D5BF93026684
B2D286228F4729DA9ADA651415729074
6240122EC4904BBAA4D4F50DE3DA03D8
E0B15197C5011C745A02922BC1B1CEA0
1C6E66AFC0245CF895CBF413CB3ED13B
E22968E256384D734D21CFE33A458483
CF78EA47D88B704F895030C21ED3997C
0337C27F3931A17E455D4D609EF1E7C5
CA4D3BE2EAC124C173C258EE73E00D6A
77F60707E0C501FA63C82A0D9FA4D973
255E8BDFEA34E344C7F6A34DC8D35389
5D6D5913F1CBA25A79D3D7EFC6BE849C
0D492BD21EDA7044CF164A26245F6E22
9F5D19F0B15E6AEAF97A05E1E44AF265
846D5EF2DC957017640A0269E23C1C23
88EAF82DED315671D1AA66DA72D0359E
5DD9FA6DEF03A2E69D96235FCF72E510
F452B2403248AB3496F56B43B5BCC85E
0B5E41A36B9B955D574836C21F162194
675B985B730BC1D61C48CEE75DA18F6C
09FD80839BD5B30BA66C071635262952
49317BEA9DCF1821511A9B748F1D5FC0
CC9909B2771C3D5B8A42F626A8033F8D
1F71AF35F98CED09D1E7BAF5B66CBD9B
7B03A97609C63DF9C0D3A699578DB664
FECDA2626C41470515218D336D5D7DBA
7C9067921FD8403A282C27F351DE6EA1
857295913A2EBA1729536515E2A805D2
220ABF4E490224768B8FF3DF5CAA3619
0070C7D2F6962311B834ED53FB428085
C20FD2439316BDD7DE237E67575D3B9F
9E8B9E46AD3AC3E0DE1C8316E893D170
35753E9C2DA7B9210255F219B69C5C65
A3AE283CB015C6600CA2BFF38443F167
053DFD3BD536E8E06A67D572C2EF4810
147ACCAA4C192017BB2BC1C7199E181A
E3308097506B5209D54A5E003993F219
037F487CACC89BA100AB49E6CD340C86
4ADB126C799F5DC0D4EAABEF1BAB2A1C
382EA5EFB0043339B27E2B4FBF1F1554
AE45B06F7CEBD5F504DC052A97554669
F5E14032BADC1A5A81844C70437E6C23
E11995E795612A8CD6541C2E8BEA9126
2D0FEA4300E54CAF26B187BE39D11FE1
ECDC2A252EC19AD101D04F48CE56091D
E6EE139FC697837EE44A3BC166190ADC
0ADEAE25DDAAC3F69C9F959DA5B79BC3
EB4E3E140026728E78CBA161F005AD27
CBD13082AC5408055D4C6EEA25B0E385
6BCAE77B0802406516D615142F1D4E65
A548692E811B5C01F0A10E2E46825622
7937DC4E646FB9E6702797D774297EEE
CE9B65FC2E2E9E1F85B0DE71CF2CCE03
4639AE0748A495FD1FE5E9037F23644F
4502198DB65AB0496BDCA887D99685A4
A72BA17B16B2FC94BC294970A7EF7715
C8ACCA837694B1608DCE85CCE15B3BBA
DCF35F8FD4AC447154C3B77EE6D23690
BD3FE85E31CB98B2FC3BE038AF3D18C5
712CC4BBCF44E712B28B6AE1A6E38B99
1CC1CCDD5B8B5CBD74483A471F273C57
1324EA116F0524504EC5817B5D4F9308
83387C6000CAA9AC1199A56E48A9D3F8
F820F912C8D937C2C14E08133E3DBC1F
F696A563FCF1556393CEBF581043B358
68720A1E870152469F5DEC4D39881094
A4434966B2179263A675319EC48F6EB4
8B888AFFB4472779FA3291F6A1E2595B
7898238CC652CEC4674F8C61A28FB2D8
1CF18D158F13522CAF8C3EE960A5EB4A
4D5B3FA0307CF9DE91DF577128868CD3
0D90CF0C6818AC472B2C8465B94E7775
022FC4248AF12052DCA3D4CF4A6E5229
027A38F1CEAEC6B95A4638CA565653CF
8D259C3A65331976B5912609EB431569
4B4AB8FD8955525E80596F4CD57255FD
B1E7D3EEF48148447B74CD5ABC282D48
CA8F3DC945B78F8DC6A1F4E49A6B0378
7C4C4E59B9E5475D0B8211A3BBFE36CF
5B726B95AA524111137D2F5870605572
3E62F970F7695122EB5F3AAAE00EC4D4
2D1A07305E95875BF21E43A0C368F462
74EE8ADD75181C51B4985E10771AEBD8
7C4158F70D2D8990340871AE987BCA2F
62A6CFF0BF86DD51E9FCACBC3D3C1A5E
A2D6891AFFCEA9E210D907A5144FB62C
BDE7C967D1ACC41BFA80AA5DAA58AD50
0CE19E477A2C662341986129886D64E6
C8975327F7109A94FF0EC22D63E0F2DF
DDA4AF91FB0AAED2EB83B6454E8899EB
63307DD69A7D5A55997DCCC62E2BC611
7CCA5785E15F087A001A1CEE4DB6A8DB
A80EEDD62B6235BFDFFA6DD0522B7D1E
4106D4E016BA8B6EBB3E55D34508F179
204E88A5DF39C416C204BBBC95249CCC
ED3AF07954B440BB4C0DC1958E6E519B
BE49A735B85CB54FE1BC5BEDDFB5633E
7C9AA86E8FDB92088802DDE808B61D10
E43FC2FB6EF947D5F48631F4EBF0ED87
6EA12F40F4ECA166D4606ABF32CE2CE2
749D1611298BBAF193C32C2298DC2E5A
0B4CDB7FC1E4A09E00D95057C951ABC1
DDAF073E806F028867FB58BEACA6F0A0
FB4B85A214D4BD92AD48EF2A7A8BBF5D
68F714423473DB9959E4F252EECB1F74
FDC78AED90EF5CBE009F483FF509F1C9
63B0578661D7D06FB99C3FD16053B75C
A6DD9E446EFE4A66F1253B642A14C7A8
64135F2F4B374279D3B2FCFBA93DF6F5
C6D7A236BC9BCA08BEE4806E3BD0F196
19F980F1162C3E54A6E020C46F5247DD
F3A634C03EE33F8004432017FC2F8A7F
38F3A81A3820307EC77157B5D5CF7AA0
0A89A5FC572779B0E145EFD1704746BA
8DA615BEF3BDA227D66210560410AC9B
CFFA3A29397A53FB79147A817E12C615
B496CD37474AED01D2996D35A2B5DB0F
A2D0C463D58B77B23558128070B60C39
CB7FED3523E2222892D2AA34FA65D1B1
933640F648E14ECF7D60E7A2A4AEA348
FC8AA744E62CD1AEE6AE3E357A945F87
8D423A4F5D53E86D569D00D19343DF64
AE9C11C84AFACECEDE4EA663E9E6F9C4
C61EBDC097DC6A82041017593B189E52
9B24BF0B8992FCCC4275FA50A96AC111
6A3FDA9301424B28FC5734FB4AE6E446
C531F50610E84F0DCC84A31B724454F7
459F69DC32838687E2C62222F71A5FF3
5B5536E102883AB5BBDB458FA4EC49C8
C810CAB187AE9328E82659572DB86148
393398A7A4CA3CF53E9A2BDD73C741E8
4E375D6792A397F20AFB0CC6F21B66AA
C2DB3EF1E580D25B25D9F8DB4798D3E5
D2838300CCBFBC8E47340EE4B4AF2B42
346B4C1541A753D99F986986EF93FAB9
BD3AD53D5ABBB6C5EB67B7CF4889375D
298FBA0CCE2D36A3B07DAEAA2022E20F
43EFE603B0FFD69C1E741D17D60E48C1
765FAA2FCF4959EAE89D7344D185D1A7
30CCA785AA34C068020885B517ECC620
AE881BE3CF515B4C34B43ED751F5827A
764686EBE6A3F986731C7CA2786F3AA7
3C865B1B46B32E144CA53BB2585B6FAC
4F5B45468447DC28A96179EA7064EAF3
20CBF8A8F8C59CC0CF0A606C7E7DAEA6
6B5099AF6D855D069BE2DE6A6A0D4D20
7130E1F66D37BF00C270091FEA841A07
04BF660E7863A1819B52350A3A9CF114
5A5A5A5A5A5A5A5A5A5A5A5A5A5A5A5A
5A5A5A5A5A5A5A5A5A5A5A5A5A5A5A5A
5A5A5A5A5A5A5A5A5A5A5A5A5A5A5A5A
5A5A5A5A5A5A5A5A5A5A5A5A5A5A5A5A
5A5A5A5A5A5A5A5A5A5A5A5A5A5A5A5A
5A5A5A5A5A5A5A5A5A5A5A5A5A5A5A5A
5A5A5A5A5A5A5A5A5A5A5A5A5A5A5A5A
5A5A5A5A5A5A5A5A5A5A5A5A5A5A5A5A
EEC328E3EB6DF04BE54D634EB7D8C4CC
76F9D7A8CFFD157E6C44D00405AF1D6B
C88F71D8306BCF3D6273237234B56D5F
0EF3C39FEF9F65B8CFE10A1324519362
F4C187156A01237224283589FB7D6A8C
1D51E63999DD2CB1C8F2242663063E32
16ED1713E9646EF32CD7320905634EC1
89DAD4D39608E9EFE19F7BCDB6E21B83
3DE8E1EB2DC1C54F7D32EA2E5CF369BC
17367FC18203C6C59E22C4B950EC9D70
FA843F87C95DCB5134533BAA111781C9
2C91D67D35A19CE27A0DBAF22556581A
3F59CF8568B19B28BA9CD73B5D79376C
E0C9D2B70C1C3CB01965E634EA55F587
030FB2868EF7931A143989295FDD84C3
360C2FF7CC3FC34D6A82A6A1762F8BBC
B0402126660811D561D1AF69B6530046
915E4E3653298CCBE57704C064201DDC
99F62D7F24ABAB788917F46A2E14D9CE
FE8821DDC9882D93A72BF77F33C12A17
FA7FA51210E3BEFACD8864B9E61270B0
7C58ADAB286A4C9A74876BD6E15E9A59
6B654D6DD7EF5950BDA103C1BCB1F692
5738459DBE42473A7B091DE6F08EA28D
03824DB136099DA12AF7F8CD8CD715E6
4FB69AED1C0C4CBC99735F6FD5EE4BB2
3B46503A5B32F9A78B4A26A0F6EF6808
AC04BF7BB3C3F755DD024F54AFE9950E
BC41C91AE95A0B0C3253684C9906024E
4256EDB385A7D5EF39B1B7229CE363AF
98481E6BD7D5B910F342A4CFC4924DF6
A46FE60CA718E615158E73C327AED526
16B48091F2420B90D2E5BD4B45BF35E6
B1D034040453B26554318FC9BFF38474
DC29C49F10B70A32C438145C04C6E16E
E956C1FC8DFAED782DDF753DECB58447
2E2A473336A374648EF24B7D2374AFE8
BCF049EA91AC39D13AF231F36B4B5838
A912A95FA43C5DE138F74D69C3C3B3CB
93C29728612CF7AAC675C503A990374D
CDCE86C39FE553B4776D638D6CBD310F
95379EEA814F2CA39E3BD48584C0E369
1DD49B07C0022B2E1E67BD66C539F02C
7BE7DCD384B0780B38D915CD2FDD23F5
2DD42562B783618C80B148421655512E
4B8843A5108E4E35ACE056362290DB1A
C170F08B04C6FFC62718DDC219E7A75A
66CD3100375D120AC6FA26FE5831CD77
083138FF8120A0EA5BA1003924B466FC
FAD1466321E17CA985FEFBA8D11E1130
7765205160BAC62124A41D6F34E5BC88
29D37408122D6537536EF229E1143343
3AC0D887FC3D69B714FE15E52A2B5FE1
925D9956555F14BD622A96CD26E26BA5
A454F7BC6729DF6EB5C429C78CA441FE
42788706B695FBAF83C4AAEA24A591DC
85E0866D467715D72930FF9B9A60F4DE
3DBB370B0B9C5A542BA6D448AE4FADEA
CA5A2D2733608BDA89447AD27F6C8FCB
4A17656E9E74F65A2D4A08156BF43B98
3D3438517C610AE71E121E1604E769A9
C2BCE37C599B5C1FD13A317794483B7D
4F66EB36CE0B24BFAF861D069BFD7878
564070923D255A447E55B7019D90C84A
868985BD4ED3698C268452BCC3E29AAF
EF6AF258C2D9276689DF2B3FF728CEC3
7101C8509BD5C1F5F50B40ED9F4C9CC6
802CD66F3FA9EE3F492646DAB3DA4B8B
65A57697BB485D09F13756FFD3CD5747
671F43912678F5C1F0FFB90C7110FFA6
3BA96AF1D33C6750B25EF761BBDAB34C
F3EDD77B9E4526FF1C042393CE8E2F69
B3C827AF46C068EEFADF46386E48E6C1
80498D04295B983F803E049147D8A8F5
6543F61ED850B2210391E1ADDDD02D33
F9F8D90F99C943D12B5B1D988F513C2A
74A05C8EA17DC1C41E37A92E38840485
C2C81E366DA48309E2927CA52B8F4BAC
DC131C94A5CCE7627F232B9716310993
56895501DF6929416EE6AC7365DDED5E
539F99023C3817DA78CB6CF6F9A4CD03
9E42C2627814AB9C6E11F24B8B8C5073
CBA78AEBD0D6E198B248BC9EC09EFBB3
933EB87A18357EB6150C8C873DC50055
B7D8C33714F99662F2757C384EE04506
7180C55697018FEDB6C62DE9EAF0C3A1
7015D9226F21391D388D05E2CDC7192C
50C7B565819A24ECAB74BA4BCF721E7C
3B46217E426AAEB4AE2CED6F9741C62A
C2816A037B1BA5D7F965DA6810E17F92
BE8DF91CBE3A0592971EAB4C7D2FF26A
6E2F8DFF6238BD78335A9F219CC162C9
41D567C624EBC0220EEB60F1F37C6291
DC39200655CFF67BE3945135A3B30B45
D79C4D08F595ABE5F1D748E8FB03B957
E2A8697A68702853E67467174A6D6BCF
6C845F7DDDE2D5D14276123B150D0C49
17BC59A04F1BD753FF0606192919958D
CE6191CF632778C9734D48B5C2BBD65F
28FC0F49FA310538B5A616D92AC8D356
6DDA553BA7FE6F071D533CBCB5403077
A5767B13F1FCD312941A92A920E5812D
CB898871E20D5D1D0FB5D7E0681CBD4E
CC5F1E9B338A94DBA2F6888DD09F8AE5
F2158B33445759FDA57328D6C7D4EC1B
B36C66555461050AC8A2A8C184DAA15A
74281B0FF7F78C07528A624C2543722F
4073128BF3CB1F8CB9391B57DE28BA7D
620AC14B9AAC746D5839F4C0C8603D23
6C17C0D501B1AD3612EBC1B4DFBC8459
B5B763D212EE6EC80BB3B5B7C32D1211
8C52B572114EFFE86C5DC155D8EDD3FF
705D2DEBBC6ACBC288BEE73728B1904D
90F69FF6383DEA666E4E9C67D67C2CD9
E8D24D3C5EB1CD1F252EFECF2F7E2312
0732025BA88A893AE6D877276CEDFE80
3E628F888527AEAC512937EA583C49FA
945FFC59CB86B062A5C328774773A4F0
DA9A7B938F988C2935ADF114508E6821
7C6350166D0A0335E884DF9F3CF1BEA5
902CCDA6C438DE6F152196FA87A22808
CDFC4CA770C7095445FBC8655E32475C
EF5C8028A273B6E611D596DCECD703E6
4348FBABD3D2BBC957EB1DA934836E59
01EEF705A5402D2D828557A284AA2912
6CC48A6DC0237197BCF430B13121C65D
89955ECCB121D3BA176DE68D24B7D3A8
2AE914611F7C9B8848470B4ADD8EA708
45490BAC3D29291B535CA46B3AA936F5
B7F4F0D78DBD0E69ED76A375C2C27D55
663EC82EC28D4B591163808628CA1C51
0789040CF57208442D2DED6A2E4F2C47
3497886C21BDA5825147F7E7E9C71972
CC657D02922B865F50D374D68C78CAD5
8E3B95FADCE8ECF12A6A22AB894034FF
B92F194DE4A9943848EA153F496EF5C5
66EF92325C139E5D7698981AA1C586BA
856250C66F950B437B2DFDFCF8A15DAB
384431346BB1AEDE5EB1DA93E7549CCC
7D125768E36AA5C73C9D919C37839E1F
0868F7C2213B66F5563FFFC187161B88
DC8CC284562D05FCD01A689ACEC11FF3
7F67BB895CF0E9E0F36990BF84A6DEEA
45E46697BF150B4DA18AF263B9F7DA28
0B75CEF611C30419429D6263A52FF639
95E0FB8E72595AE7C033DFD43FD3E018
F9A3944791BF898E93CA6C570D0CF82A
F22D4EBE049A43A80021BC428D6FCE03
4E6C6C54BF4BE609918088DC0EAC5980
1364F3719C5FBD25300A50E17FE55F2B
35E0207F7A640CAB4C99F8EE8D8AEF78
132053BA2EFB52A4F86C028C19066148
57739AD23FD08ADA7CB0266924FE9AF9
8621D9221FF1D991D61D445CD481559C
C4918AED7E8968CF2FD99C6BDC983607
8B42A1CA88BD2001093114CF66B2BE52
4F09CD7FEDA776E6B0FE96ABE551EE4B
5DB1FA7B114685201E031B87E6FD689B
140FA366E1036B1CA09862880863CA16
B76BE8BF1C9A3D58CC7722AFEC822AD6
55DB68BD7BDB7766AE5CA977FF6B905D
72678201B2EA74B4DE4405E100E3C340
931BC3FDEF2DBC7054AEDC9880E2679B
A91F622729C35C35439128758DB7902B
8901BC10B5AC94EB15B51EDE70F403CD
AF666A2A59B4EA75C82C9769DE4F632D
C0EDD0D22EA22B04FD5EF28E868D7EFC
7D2A3EAD11DC5B4E1E0856D1A5360948
196FB8239B0B9C9CB8D0D73E9D5A233A
7A7BB639AAD4B72C8984787E825E50E2
6BE38327195FDAF786B1FB215F80F753
D889BE09866E30B07763795384D0D188
47839EB0F42315B156DAECB930DBC9D4
4EB9AF7B0D741DA9E4F60D01E84AFDB4
A89753A1857292D988A916CB24A09570
A2620C6A271314524C994F13E0D0EF94
83A124B8AB3A33A5529C8948710B5DBF
70D5DFD69B0709725455413F0194BEAA
5321D9C1E71326FA05E8321421DCBF0E
9C592E123D143ECE277A2A183658DEFD
6D29B66510DA36F6A4475C2D175EC2A6
D9C760635B8A12C7315367CD345B32A7
9CB0CB07FCA45C334B1F752F1709B8E7
1F9C8BD4EA32FA545D34A22561BCE1D9
5D30B6477919DC7234C71BD1712C86B3
E4276F9F64A6F787EEB5A90CB406DC07
D451ABC317324F725BAF32E02AE0828A
960F41138081AFFD35CA548B74F0351C
F99732E9A92ACB81EF28B5203502ED8D
32EFB7E11B4551CC35BC65BECB536D0C
1E777A15FB1D8E83ACA19579FB11D2EE
692FDF0B3FCF8483B883136CED93901F
88810572991001B2C96B97C2D1BD6031
DD592D26756259BF4504FDD90C9FA807
FB7833BBAFB448FFE2E40ED35D473401
65067C87ABB9AF774CD704E90BB11650
23AF9F778A80260CF78685189AE46256
4E473F42C0EFDA90C98B76C85195E69A
32B2C2F3222CAD361A548539FFC24D07
56C3D5800FB9E5E44DD668460E9CEB0B
68A75DF8BAE0619C2C4EEA6FCED380AE
0D9023C3D627B049141BF997C33D7ADA
FF7F7C1AB992B1EA10AE886651FDF85A
DD6BA6112906BBB3115EB3F2E39F13F6
A2E915A623FB8C9D0AC3CCD8AA6327DC
9D24A7035CE8C3BBDE7204D62CDF5B4F
5AAD19B1EDA76E0F0012C45E6DCD5A0F
6315A0EB5375B2DDFE5BEDB249B0E614
ED5296BB3894D125CBB517CDE648E51D
F680F01250C1DE9E4DDEF0FB5EE33FA1
B5170429B217D3B9C187FE61F141A86F
6C1517A70D02CA18E041BC017A76A35F
4467B45987A5F22BACB05E5156445C76
6322F2DCD7E59C7C6E40A95A4E89FC9F
C4E26C81CAD4F255006301E867D61A62
4DFCE52D1F71E82BE5F66448C53EDC5C
30C24E4543151CCFB4766216DCBA176F
9C61D27E2082EE3A67BF83798C25ECF0
63AEF2B17C0609650B455DEE681908B4
C83DCC4221B7A116CA3471C0CFCD5734
16E128D40CE89432603A3F41265FF719
C53DF001A259846C09DE0624C318BFE4
55B6B123956CAF93C577E7E5E829FA5C
38ABDF172ED2087610970D7579C7B48B
D66DD717A10C2DD870486BB73A745C27
09CC54BF0019723F713929B90275137C
56DF04FB4AFF81C0A0E8343AAE0687D7
7F5D83978CC10E1117F500500A5FE4D5
7D2284CDAE39893E5EF49DCEA3874258
5A62733366CB762E679421894040DA7D
34C0ED90AC7BD19D777DE9F64317DD6F
003BC27DEFE9C64AC620C62B3C7D8989
39D27F89B0C82CAFAC6D13BD1C1F9B76
287B1ACF880B97C096295E5BAB7B5D52
9A684C7A78BC4822980401B478B9CF77
8864B9DF4DC8D22D613CEBC98D49913F
BFC3A974E494D55BB810D49B02403519
48C5B3895205B18D840488871A23E2C0
A11650109AB4DBC93C5601463EC05350
549568F0E5798CC9479AA5C7F0D76AB7
3FE7CA645984091F68DE6B5E358E34EE
86DECC790F803CBBD39B8FB843A0C39E
9EF194ED814FD35345F17D826E72259D
11739C4FB54B33967E7C540AC59053C2
A68BB509341DAE825A50925A27EFEA68
B4A3DA2EF7A291A36BC8765630A9B966
AE0542DB8D8E39002206E1B9C2728E4F
AAC12F13CD30F0A04B06B29750EF8B17
FB5E123CB542E1F364FEBE98F599419A
AC7BBA8E58C1C1A69575BBA4F7469B32
4FA5B05B435C90D61779BEDFB708EED3
9A9C1435939299E95DDD1A38CFBD8090
899C0BA148B706319CC07CF7CB8F0612
F67018D4D9C6CC6B61D4092DCA84D2E8
B7CFBE920ED8302E7A93ACB9F47CB112
04FF63721DCC4045062F1F0C69990EF0
7F372BE66C8B61F39430E7AF21DB0EFE
B7C1A42B18F49C5BA6B2F8190FF4A743
A2E88916F3C4636E840976E4BD844AE4
86CA2432EE53B42C1D5D28968706BD29
9CB0F232800902150681F57949F0AE58
321D9747202D23FE3EEA7C067001B76E
D19D09E0F27D4609933594263878D5F3
7EDD39D23D544C67DE609F7AACBCA0D0
CCF38B7A873B6F2195AC1962C2559732
324CB75070F4CDD3162CDF82B8474B74
E7B9406495DD315E11ED22E6F1BC4349
9377567F4D18184C0CF436551B8E8A22
E5005716039D0D18CFA397ECB6346144
0D3BE3241EEB1110785FE91F7F1283BE
EBD824EFED992B30FCB187E7C9BABC5D
27B763F9CA47F713CFDD307BB86BBB28
B09A61FAAC8F44032C4E2B3DC8541ABB
E3D938BDEB2375D870151075F8E78014
4EBE2703E23123A664787935F8CEBCD2
07AA6596A9BA8AA9D056E150B8DACA4F
BF4A9A7F26CE9D76D0D944944C47EB5A
8E72F89BFAEF981DD56E0A2413FD0185
DE4A8C853EDAA807DCD9BCD439E8709D
591BC1AD76382393A0EAF1AEBC5E1302
B741EF7B59250442204F2C8A73D3138A
63B3822424A950F380E9A22BAB871BBF
AE4C00BEA84233032CE94DE9E48AFAD9
70FFADC87A8E8055672E0CA14015F182
38A634B2E5C0F30D8AE9BA98149ABDDD
4C1653FB5F0DF99F83D04DE8C21F9CFA
C92BFD225A7FB78269E0E203FB55D373
B9F392669FC9C13D100401AF1783C04D
EBFD99BD34E57506332D4AEDBDD6E4E4
6267AF4062226990DDA1701E7DBB26B1
F73888B1441D685470944FC059548724
C58FA28F4966194810AA9670AF3E7EF8
28456F90950B7C7AA81310B2E7F37339
0AC2F20FB50B5FF8C20B8E42405DBDF7
CC7F8FF49D210044888D256AC0C70DA9
7E141F08DE92FFFAED39ED5F853DD685
64A01F4EE4BBDA0CABF62CA9B6703D71
49A2407F0DD0B7B8A4276DAD63DCD926
34803DD5C40E77BE63DB112EE68C4A25
AC2DE81CC418BEA16B5557C7A6C7CDAF
6C0C2A2FFC447F4FF867DD055C9EBC1E
2AB33AA41F8490175DD1BECBDF1DB8F2
F69C67578118C21AFD8FF49B2AA1498D
849B25869FE997BDB12CD0BCED224C3C
AC5F5380B92CA6A9677D0ADAF06B83F6
F9966A41E9F90964EFBCF0453BE9F9E9
BFB37C144EAE7497806CB09E044F90B5
6C3B5EA93178662F22FB3968F2029BB6
3AC958AFCEDB57DF69C881DFB2A78A86
FE36A1490A916FFA2858AAB4A8576825
A1505145B4A041C92DD0305EECA81D17
4B67C376793BB98979EA1AA2E84991DD
099B5B2DD57AB5658C5FC6BB6CD9C698
FCC5766473CEA6880B7EB9CC97B25EAF
037A370AB70485C093381FE0BAE67717
C47031CB71CCA2CA07D6F6AFB8B973E9
7981885EB9BCF3C0FA01764C64AE0040
133401F52B34B406B41116F1BF023118
AC429CDFE3DCFD9083F718DB8E94CDEC
A06A8BA7EF2A6261775AAB64913231BC
449A5AFC816886D63499DDB47792F8E4
883DE943AB7A1BD8305230C4FB78BB84
FF38CEB6DABFD1A490B379A3FBE1BA83
4C78382C0F53D17DC1F661C7BBF3ACD0
2572680ED558C7F37D5116806A480AC9
DDDE31A52F12EBF97AE0C6C433DEE59D
9864F8BADF858188E35A31CE9959221F
8CE21AA2298EE0B4E97420940E066BAE
17905C1AC125B3CB8E75EDFC5A719BB3
1BDD25B04F0AE1C73B7E200FBCBFCA2F
129579D6B0E507CEC8EE5BA79BD0C306
15F6D6A437CAF78E19E43EFC348251E0
E0D1E359072A620D955F6A03FA6BD1C7
FD69795EA82968202271E5B2D4356A1A
421171949C2F353F8A1D7D490CE94D1D
20621F83FC3879515AF1EEC983891B87
F6E13C8BD7F551913BFECBD4E27C773B
653A582127451A1DA53D2F711DDD4DB7
6554938CAD608414BCB3A358F9036F66
9C4DB92125378DFC16575F08DB1D7CC0
22645A30E9502F90CF7938A806ACF697
159511652EFCF27327E49A495752C70D
CE6C4025C0D9159677E0B1151CE67CB3
EC83B5AB4E3771EE587F70C45C2B9B06
83E2A5D2FC5671F6DF9F7E49C3288909
B107611E434E817CA228D83933936F58
862170F062F67162B8F9B4097BC0C76D
F72F8E2AC4DD62B9E53D2CA23820B19F
9FF8FE33F12C9BD799A8B26AA12500EE
1CEF9529CF968E11264D91C40A436A0E
0B2B285EBEB6C08D791637757DD3ED7B
53A9E813141D7E5B433D9E395D9EDADB
26D512E87C111EE5A5375C986D8146A8
382B793A6C43401DA4D18DB50DF96916
4C2A9FA37CAA7A932D60B2F4F750C7D3
D80DC655D169BDD8FF9B10A1B0AC64E5
D61E760188326584786CB544943EFA75
74AEB23CB378F0510655866630A2512D
3D77C621CBC0DA1423903A8E03848E82
B2BC122154B340B40EE72B2AB0AA1762
A976CA2E6B3AB946ED70A6D182E7FC62
E0B500554489428C5731FB4D85168196
11BC101E92E3EDB13EB52553367BDC05
42268114EDBE196FE1360F011096AE7D
E5A5A67C8B3311DFDFAF0368A7CDF178
40711A0E27E25B5D6E1094DFE4E64590
3639443F42227A0ECED91A0CDEA350F1
6FCB5F7338F49F27A4EAE43B11413F97
B247815774F1FC066A12CDC4FED98FB7
F13FAF107B0FFA9172E4D1AF3B3D58C1
66840340F4DF03A994562901C769FB22
231A6F208CE4C8ECD2FAD638DAA302CD
EBA77C25FA088F8AF04A0109D15B5473
233F40E9B338F7A2D7303E9E85E8B6DB
B87A60115F6FA9FAFF420A4085CE3DB1
7256CC4A1E4F614CEAA5213D61127016
2483C04F64AC11A13302CA71E1530A10
3A5272263CCBDCA66C81DD23B246324C
174C4642EC67220F1E054A082A116EFB
59A3EC254E09638B46DF0154B79267B7
C8A5149275BFE45718E47D44D46CE6B3
DCBAEC56101792C9DFDF1A8A11353A72
57E3AF9E7BCDB4DBCFC055ED4B895F3E
948944C02F38CBB3BE705F717640D75F
0875B72FD5C5F5C0F70B141CF8A94057
98C65AC81088DF186287C8645F97D68B
42EC205B2739D4BF872FB4F622F4F264
461EF0881FA055683C3B921EFCB2CA26
CE65B307A4F8A95BA6139AA5B6F81C7E
563C2953ECD16631B4FDB8FEB16C6147
7CC83B917C7151F93017F0683F9C2B10
927DF60298324FD00013F338728C32D0
281FB5359AC4767F4AD5FA2824CE847F
61258582B5BA84AD7D6FC6F11F09CE15
8C42BC4F8B8864550CC5938BF7793664
12BD2CEA7C2C252E3AACCEE514EBBF7F
BF8EA57C9E717301D3B3C53E1A126966
6E574C8E602831170980480D1FFAF4D7
D7384928E79D4F507FBB33EC3BDEA4AD
7F9DAE551D9D0840B5AC41089CF5D83B
C6D08283F4901A194BFF5A69BF65DA1C
AA9BC90ECB71CFB981752A936560BEF5
5527FE3FA4BBB827452ECC3B8CD8C1D8
EF3A7B98D2B1E9C205E75B42F94F05A3
7B4E0ED35B3AA103E29CAF4D30CD17FA
79DA938C426843B421C0B53EF5B53A39
8F63E7381FC2A5E8B2CCE6F1EFC2B620
28318EAC7468D48930735468E605A6F3
5E5783090B796202CF72D0B442495037
2800BF3EC9CAD04788CE4C9C20E93422
E4265C7D2D99DB110BC2A403CD4DA707
5A0284250EF095A7F40D5121E20F5478
A4B6DFB59748175FE85114799530A464
4496EAAC60D044B1E943DC18ED25A0FA
0EC62B44A18B65A838448C24F5DD7F32
9F8BDD1B85F951804508BA110EC03E3C
F49DFCFC340C521CEC85479401B7DBF5
8F1DA68DAF9AF6164AFA92246A3ED13A
2F264C8BAF952E778FE616A5FCC993A4
B5863E1D2285973613B63010B6E7C1CA
1A3ADFB74FBADD52CD037EE2904B1350
CD257EFB225AE2CC536C2F032DA5BEF4
AC938B9A6BD762AD42AC98806B42D912
03F242B96169E02C7AA5447CFFC7270A
9848D1DCAA80EA931A6168A0F0C40D29
9236A78C4D58C8A59695F4DEA59F4B09
A6AE277529B5297DDA21D0881082B479
AE5F03981AE8F47D93282DDBA3BB8513
FDFBCFE2344C85895EC29B9636696D05
396AD23F0F80FE4F9543F1FED45F9C72
A9AA1D6508F40DE9330FEA3EC8C5D9BC
3D25C6D250B497603BFF8AE098ADFD32
083C4ACBE7167F5912F52E7818012146
75268E9964102ECD1922FE1645D23DF1
5043EC6E716CFD15ADE197FC3BAAB495
339A7481C75331727BD3D51F43BC0D97
408E7D26A4CCED0B8EAEC0A6DDC4D1D9
3799F06FCBCC16F30199CB3DD8B84954
028325E3863CB09E7D38740CA07B3B21
8E301A132D189D400FEE7C83AEA254E6
7BC682D05A9BE213A8C4CB1A2D59DE4E
1395AB6A4C9DFE35EF0CDE84A7895A0E
B63073834C95E07C541FBB75B676BE7C
68369559714275764D2939EA79FB0B14
73640C0DB6DEB76D848C76E8BAE1FA54
1C7037A912BE067A8B423D0F0AE785D9
508729C70D1DBA07AF14B51A84AF4628
F884E7DFA9C0174FAE03ADCEAD5AE1BE
7626215284F86CD67BE3A30152F04B65
796E831E0AB3BBB4B7571B649C517E1A
AD6F6FDD3C326F822BB90CF5FB4096B5
BB2CB3DE46BC04AC5A20A4B30CD19D4F
BB386CD9112BE3D4D2440D6E712A6E7F
F9250974BCD7BE719472D9155B525C31
52054DB6E022E9DCC32EBD540B2898CA
ADE94CA8DC1CEEDE12BAD76C6574E8B9
218EF730FFEF89AE80D260B67747B816
5149AADA80CB38C80A1FFE4B344E1D20
B8027C640AF23956162C769F10881682
1E11AB2F0ED569B54B13DFE00594CCA7
24BB124153CED1F0B3D952DF553C73DF
38A8CCB8CF49BB95DB261EACBC38FC2B
D9751A58D4E65C2378017D29D2089155
38E8EC5D4B50232285D60190A6DAD9CF
05EF80A0B920C868CAED1DE59272DB38
464F225CDC4F33CD93EA1C6ADFB993B6
8E2CA69747B4363B1C0375A388E60F3E
CF9550407E96C64DF1E201DBFC21D057
F29A104747AFF4BCD9EFA5C699AD9BD2
E9F73DC670E2745FDD097A08ABBF148E
45A266ACA091B35D9C4734AFA6941D8F
4ADBB0101F77B8E7F3CEEEC4E8F44AF8
2CB8F0A44536BE44609A9E2BB44141C5
C13D01207A269099B084F4292B5E12B0
B0B9FE050C5D0F2C8EFA17EE5F842883
EB65E6BF77FF18AE97FC0249A4553E83
3B69256B29A41B4ED73CEAEEC2769170
8312614E2D715D250DB8889DA361C631
E9FAB0AE0B1C99F7597B6D7684F7CAA5
7FD94D2B1465BBDF9D6104D640D20A0B
E59144C965ECE430E5BEDC3320589529
B6C7D8E8CA1DFEA9CD7569B4115F752F
0F578AC75DED25655D6B3BF5E5B40F5B
DF6F44FD29C9506F62510269B842D7F3
EA39E1F6F23DF4B6117F1B1D7B0AE937
A7D67E4798F41811D18FFD3143EDDD30
9BAEE0016DAE14EA321C39C2982C4F3A
F2F47CE632F8EF5496BF4D478D7C921E
9D9C198592AE46EA77679BF877FBA7A3
C8972E90688CC11B04CE50693C36F5F7
04CD3705597278770239C99EFF55E1B7
6FB5665F7BB294D55D84AA9ED946C6E2
A4F5EA4EFDEACF2158C0447F690BF645
E65FECE9083FB0332347A0E807EA33A9
A6BB5C6296F0345DFC6737F2F07EA2FF
BAEEA1954EA2840D0537BE2577BEA644
39FD3B380CA7735FEE1227394B908A44
3B2E655371A21736782EDFF7EDE0C5CF
EA6007BC70FC97B0E5E49F7900AA22A8
F55E02CCC44BFAD36C6245D16BC01F18
9F21088A2E5E420CE232DBCFDF577602
829D639A173DEB946FF4FB0375163624
59DF45D68BD921D0185D88266B7344BD
932424540D7FB1F12922A3C5E2464BDC
BB2A2526BCA3E966E31619721113C8C8
8C4A1DDEDAC3BC9B9B3A9D9BE5024A87
2668715184644A31F9DE9E6BAB829E3E
AE0738D210BC4A338D9FFDC9AFFF132B
5009B830FEF5271BCE30C7C52D5D86C8
7A2516D8343DC62268262C89EFE3B0CC
0DC32FAE501E5EF894748039905D5B28
C3ABC50C75DA51CC712F6BE69667DC91
676D5C4D1B2B7DBCF2C9B5660FFD5012
3E96B5FF09DB1CC3AD94F28FFFF48E40
3777C165C99836A006DA3A92B9363D6E
EDD4A4C58741778B7110700EF10F61CE
46766650D6EF7D28F001D7C6C6BB61C6
9BB0686A49925B985B332EEC5A888360
4AD848CD1C4592B0870EB5C98ADB28EF
2C5DC33147DA2B6E46A7C437AEB972F9
2AB025C2BDEB717B05DEED1331FF137A
B757865E140EE99BCA76CF41A34AA80E
E732B5064F7F2016BDE4307D377DF23D
44086EE5AC882E62B139FE8388203D2D
85C45A1F930904389EC3E51AE3B6FF69
4DDA58428A2B3B3B7EB8B50D48AECB98
39145CE6D6E1AA7AF85E2CBB476B055D
BE8F94914FFDA104B8C7F1AEB37272DD
12319A020D81F121758A657104581166
162A09B25D2474785EFD71A3AE14F815
56027B85ED9F10540353E6BB6212F19E
3DD74493508C581892B02720F8A0B1D4
19A71AF0C63D37A64AB7FAE11FDA4453
C02CF1188ED74D7B4E2D0B122BDCD2BC
FB615DEB3014A08BCE1EC2705C0257CE
2F91E7F52E71965B281E2776C06C253D
9110103D73E5129C70F9ABFCE2EC0520
636FDCBE53A1B30D67CAD07E16794082
0E73D020857AEAC8D347CDFE53335712
9D4EE3DC7FFA93A33944C8D22011ABF7
1C3D4853FB21F1510156468F1D090951
EA114305E82AC6C5F2B4174155080DB3
5AAED2D9DE8AC1171BF5BFF316D44F3B
AB6F658F8748632694B367F3D3B5DEDF
326DA3E169ACE40F1FF109FEAB1AFAA8
47605C5FEF9C21A0C8B7461209E55280
7F57F7A2C69B4F244CE329F7702FC5E4
318A114B460679F2BDCB029A0D18355C
57525B0B537FB4C29D46118418A866A8
ADE932823B2E2930A7BCCDA025B07F1A
3CE60E6499F739DD37950C9F182C5589
57A84F8BADCE55415306F962E4B08192
A835E5D2951DCB988A2C1C21F12F9968
DC802696EDB1C06452DD97EF63CEEC1E
30AA1FDD1BBBFEF7D46DFAD92145E80A
C317194BA8D6D2FFA8C29787D373E27A
416DABE0E49D88D64A153F28541EAF36
2C6EEF3BC411FD56A10C668A4072D246
9D7B5FA812EFC78F70E9C3701A9A5B18
24A8C2AE3D449D2E93243D5B80CCC35E
9F8330486EFE70F2BA5AE1DA3B9E37CF
850926C656F7D751F3212D8B819CA0C7
2952AF5B6B4DEE7B211D1E9F272AB4F4
96212BA969D9B4E87852CD0540C0B1C7
F3439D68E4938164224036632EA8A396
66FC1F5D5F66236407D2416670173563
143D7744BC100746B72B045B327E7263
7F5594A731472E64B726E64AAB2FD544
1C9C4180773287FC56B7AB451079646B
2B965856D9C20BC3575B10ABB09308BA
CC5DC28BC6D0B612839215305F2C26C2
4E61EB2C68AA7967F7497CBC7083EA7D
A92B32BDDD253F42D9116FD974F8F36E
71263CC2327979A6612FD4BB8646E28F
37BBBF1BC5BDCDF2072E15429E3D0396
D048BAD4BD9BB0FDEF7583DED5C8D953
2EA0F7B700935CD2FD49140D4C089C59
18FCB54A36F2ADA62D33AAC378DE3652
BAA69D034C17BB2187653E1FDDD7F1CF
04611F0BC22EB9912E765ED0A733C2C3
CF17F28B83DD59DCBF194CE521C26393
B61AB1EC1F816EC80F3A89ECCF268147
F8B92503CC8A77B27BD3088DC14A4A09
551B73AB100A919F3AE6F4465B8458BB
0ABEA5A354CD48A18E75A86D4F9AB61E
4DCDB24BC545A7EE1E9D12CC81AB8C31
ECC8243026F59A973EB36E12EDF36605
D4182E3064396E21337E28E225B89D51
88A13DFBE6FCC9A3FA0AA18A2D981054
EA6206B5C573404518393C28B80F743F
72CBEAEF018508F2FC7FC8E5707E5F04
D188225342C1DB2272BB596278DD5FCB
EE8A64FCE877CB343DFD3921396DAA04
DAACAB55BCF01507D3CE91C721525B2B
9EAB5437814A9937B35AA016725BDCB2
76821A3899E9745A3CC75EB2BEED5A83
3B58557FCCA19A47401119CD4C696811
ADA8D5C51B65775BA20F58DFDCB3C79F
708930EA5EC79998A9F340046D871DD8
5D93BD0CDFCFBF692D58CE294A2C631A
D70D5EAFB697A76D650D0364B57719BE
CFF2E4EEC24AD2077D68A2B2C3D07869
540FBC8E25022C8C124058D27C9A36B9
31116E0F927FE5D28C78E340CF7F13DB
96BE98637A8262CF032BEF90C91F70B0
62207274EC3D85BC7FA3CE592F6A5D68
DAAA7E3C282AB674FF12940BAD5D8139
A030E96863DDF7D7ED6A5FB736F03AB7
DB5C9A145EF3775BEFA55B47EC1490FF
2D2B1D503FBB2E32BABC95831B592E83
0248461B2724AF1AF9312DB3E0CFDCCA
5112A9B25C0B8797D966EB2CC0CBA68F
513CEBCBAC657AC34D27DD299662B4A6
F83C5D78D267F837EEBEC93A6E45C8B0
E6F60C4692F93555F9496985D512E858
417CCE9B102D0662AE202AC89E1FCB14
0312408B4549EC8A72F4F05D28D2899F
1D199F85AB1247BB5AD96FAE65903DA2
9B30F594A9C3626FEB8ACF23CF1CBABA
649E727DB00F7F794F03B6159E7D5BF1
9206879F8D29E6F1795293EB4A3D02DF
40A0D614681A66ECE9AC6AFA5B61A446
FCD0A23677696A5570BFB77108A16912
8029253BF9AF26986BBA1B77ED9C0F08
39B009F6565F7164453E43A8815BD98D
4158C115E5F3DD2573DCF05971CEC5ED
EEE3D613EF728C536D23CE1A5CEF229A
633A46A15D183759DF53AD5821BA2BDA
BB1B87446CF1F6DAD9C7360135451996
AAA2CF02D12A7CAB4251114A7959B82E
4B0DB4F3444F45F528ABB7227B6F5E9D
3E64608C21F6EF0FE7FBC424BDF26338
2FF9EB4FC5DA3A39259AAEC9B0858A3D
DC14B1CE9B77827F80677E4D8F76F168
172AFBAB203582ADCA3FC15051B595DE
8DEEA9434312F7F244745BFB00D273DA
356874219D1ADD35B73F66538431B6CE
3D3EFA5E4FB585EEADC70F6AB0A8A919
647D5334D3D49138D4D7C51ABD9AB8BE
0721B6ACF5DD789040B6A38896518F40
A63CD8E607B1A690FE1C44BDF4F3A228
C5C711AD91F60669CBA01E36A684C134
ACA6ADB23CC6A139F09184427AA8E333
68182F644FD8933A08ED45F5313A51D6
9BE3C165980B7F6AA28781278BA5A33F
C74B5C1654DDF2F047B2A1839269529A
19AAA7C47B9E706D79529A50C8F2EDD8
AF6EFB4F39895E5D0A247443405B707F
03720A67266CF1C3EB95A57948BE4A2D
5252163F607F8611036E22570DC7B7AC
8020DE32CD41325AF744A6F7ACC83840
FAA31ABF89B1F773B7E634A8310CE076
BE47BC78DABE67125C51EAAF4A651FE4
91A736763A7279F3E273D04794CD25CE
8A0E0D3525A18D7BD3295DAE80B37D1D
B61ED542214F2E13D52E95564438A14B
6CD3205E2E0A2B17A12393A99673A0F0
BCFFEBC44DDBF4356A54F046138C4DEA
7645E2E2748F232C95353152F8D37317
B402E346915FA6ED960F7C9B24971EC8
CD5C32D86C2496CFA09CFE5FE1A52C1F
65D39AB8EF3C7C5845CA4D01CC8C3E07
6D57D5B9A6B870CF5D4BC5177693FB74
714788BD0266F1CF7E4514BC07C65360
2CC5A03677858B580035BBAB1D474A66
0858F5D9C08755AE10BCF6F45FD7A644
F30CD9DF2FCB9775D4ED50E7AC2C000F
9CC337949F268DD9B5969D26244752BF
5482A2FD2980B7483C9C35C48EC067B5
67EA60ABB4EF434FA1E34F069C9ACD21
7A2D2692F40980823EA9B6FB4E906467
7C3EB381027FDD4FF52A25575832F756
FCE55DA11088096013A018E997D46DED
FE19B8B68E3E7287BFA00505AB7B5E8C
CB303F7018C8956BBE7F8A96F7C17D47
70A0E05F58F41BF2EEE29435520F0320
BA3EB0CC1DE46503FBBDE20D7FE9E25F
F81CD810C54F14CD6575F9F7D4F333D7
64A1EF5C6B0FFBD507E65C379C0AEBA3
6E8811549AE7598B7451681391BE4A5E
F10FE283D2808521FCB8B3512A3988E7
3C9B3C090294D5C0D0B5E06D74E0EFEC
AA99440F6BC8C0DA4C5D058BA8CDBDC4
E5A6B951B887396E8F366F1F854D3F47
146D6C856465CD4A4585FFAB6AFCEB8F
82191AE57147C8016BC9F1A4C25C2E3E
6207DE0A3DB9DA2463828557120D64F0
55CB7B9267717CFB4B52DF8BD37DEB6C
56CED21C4F421E6EE26C3463BF779E62
AE3A46BA120B19423D6DCE397DA43DE6
92FC11208F295517C6797261AB42C70D
83F9774D03C75C6DF0F3FE2AFF20D08E
C056B620D63CC2172D8A8B18052C60FD
2B5814650D3E98808FE8DC529187E5BE
4A739F5DA2F5FA95E20C5BFAAB66723A
17F74958615C205F9C6089EFBB383992
03C71C7834236200987119223A257CCC
E242CCB4E84C3864227D02129B26AD80
327E82326C60ECB74DFF14E6A3E75C3B
9BE2A1AE277D876E6C4048CCA0690702
52A4E6FE171F908487DBFE4024E558C9
8F04EE10C310718827835DE739F6F512
614A673F6790F01E9C5819ABFA29EC19
3C492AE5C5A7D5C0DEE31050EE658420
F86B8F624AA443A414EC14ACAB4DE095
EA7BDEB6CC8E70C99EF84A668F00B1C3
6ABA0B3FD55D08916A3B06A4FF01A15C
A5BCA0A5CF87E3E4A44C1DC5894C68D1
4B5EE895539960FDD02E9C379D48E44C
AD55D8A9231E819E6DF75D6E36AC3D82
05593CBD911FD0CA74BF00592B6D1CAD
DD509C422A1E5390DBB07068B905F605
646F39C5B6D696149112B5092744EA44
6514DCBEA6BD9FC2F876C84F5008FAA8
E59C96F7E5B2C2A1FF00392F09093E74
2B3A2042EEFC93F3F34528028C3383BF
EB6DABBA713CE4E288A9B2081E3A29C7
9BB3FBD3F2B5910D012C9B76BBE49877
590F96843B4CE00FAA452E20EF7BE7B5
4F50886EAE2BF5D7598DE0855D2BBC2A
4B57BA269A06DA3F5B006FBBFD9D3DB5
D481F68EE3F7787DA30748EE92956316
12DAF4D520E64EF857AC0B5664F1AB8F
F4FAC37732BF1250FA6BFD53E4520633
7C52ADE962278C0D4D14CB8ECFD4BADB
7E07AB8310D13C2F7DE333228DCC18D3
80146A277878661990EC20EA5AD55FEA
558162B936435C6ED3F6B4B745E24E58
CC5540547589342C086613750E63AECB
ADE8FAE80592E9F9F70EC12D9BEBAE5B
74555387190AB84108FD2E5C75C00DEB
54FCE3A538183872F7C12A154210C0D2
9E62A3CDE49F2F421E198949EEB970F0
F5280A3F4E9964592024C39D539E90F7
B4BCECAE2715E08D90EB45872812AAD0
88BC0121C4E767D908AA53F19B133291
9C9F2106D53606301AA95BA678CE4644
E4F308A279A5754B978C40A68D9981CB
A19382178B2A965B4D39FEADBBBA1D50
15BA56041E5EC535E23F3576112DB8E6
83E47F845FB7BEB131983244E9A6D161
8DEFCB885A03933F7319E284341B18B2
648741CBFC6CD9E409A46D82976BC6EE
4920D156DBC88F5BF254A51D33ECA05F
37F7CAD023637FF5B9C9AC389C97482F
E9A572CF3BF2FEC208D893DDD706D577
5DE3F533CCD56FB265546953EB7571B1
5B95992C86D344FC33E5880A5D70D9D4
6334FD27B349B438B86535FA4B04315E
77BECC05F321C969506CBD0D00C454DA
F22D4F36346385AAD90C01F96912019A
95C3159E0BB653FACD36AF6997A67A44
765EDE574F3420790D05628B38BFD674
EC79FCBB6F68E02737877B45434A5E4B
425DEBB63EA4D92699951DA6D0E63CDC
C12BAFE2AB7AA26C20F829A7AF621C27
4E5BC16ABE05D831A392A9D3976FEF55
A55AEB265F7BE528C505C273EFB0CCF2
8FBA5785F5AFE5F1A859F3076DBA31ED
FCDF31D2B65F77558EC4B23552F14A4C
2ECC4561822CF3BDF989BC8FF36231FD
33FDB02768CAF12675FFC4B67442A79F
D0EFF061B32918D98E78C02A2A43A6DC
908F80CFB33AC4A8C697086A77F925BB
AE6C9CFA2968C8660DF09D7F5B24BA5A
86D87C15A62C54ACEA39B1F014CC87F8
44491FBBFAE18CCA565B7779B92AC0CC
514BA46FE9A211D4936066AB595F9053
07A011C0C653F5463B955AE5B57596F9
CD70582AE3FAE9AAC0646D783CBA1422
563AA332349D43D2392E1C0C6A7EFB8E
0F8B6A95AA839E49C05B6D047700A1A5
27085727729628AC17D96BD02DF626DC
69CF0440EC6584270E1C260CF24D1426
2E033E5D8A74DD67A089AF07B2CE0775
09F2FA0FF342D653D46D696E032D9FD8
354E23A23C4A083FF77EC9F20D218F57
9849372411DBE08828F534335C2F15C5
6C0927FCE11919B598E6E1AE4459AD4C
8428F5A334225A1CEE5DA36A69DE1EAE
AD749C089913217B8A4384E7E9C25E2B
B94A0C7E719488785CC1243FDAB92B39
A374CF6DFF63DD371DC6AF5AD5400393
A06A9B7257809B0F8379559FA3AC7E89
18B1740B94C4C5CCB91BBAB5092877CA
DCCB19831AC1CF0C85758D6A9C9EE3FE
621549D4F0D048625E592CD766FB0CB8
C0B159BF2B8F5693DAD9BCD770760792
FD7F145112AB900D8FEF71D5A461D5A9
509CF9E9B1B0FDF3E6D46E49BF089CD6
17290C8DD6D662E616230680058F6B0C
57059DB664849697B55550A02A41B960
2C448778004908C0C7CE650BD19D9395
700F62382639BBA3FAA45039F7B59200
9F0EED3F1C5763BB622E943F17C53CFE
5278C3AE3100DCF2CD42FC4712D253CD
4DF91420FB5C5EDFD4C1EF44FC26DE00
12D3CF4F5A29296F32DCC876F3D17AA3
6BFC259A972F8291AB2FB82D60AE2C8A
B206E77A9EB98E3E7A02EFCE50455425
8C649F8DE9A04E33F712614B3DD9CB2A
D61EDF54D06535F0A5DE09AA84CC219C
0B640AEA601229B9E0B817EACAD9B20B
3F71B28A71E23968CC76D6F60E49932A
C3F39E1F8E50F28216A73BA95F124914
E31CF2F4DC0F59A734307395311A648F
F8035E095C8753BFA1C8D930EC304EA3
AF38728F3A4CB0865C22C5B1CCF8CDF2
ED5789FBEA4D5AA4056E93349A05CDEA
B92FE7481E5301C1E2A845321321A29C
C431554CE0061CBB0B7B28A2DEF32A90
2A276F414ADBC1756A88F282341D3CE8
93C25BD6735FAF8AA24D4FD5C9678D61
7F00249E8787DA9C022808925281BEA6
9747DB51953B1A832FA09F4ECF74ACDF
03C7E7A712C973841AC7C1FBCAAD6ADA
1DED54B7FEE17F5045B8CF7C8110DF53
634AF46B6369E54C141180A2DAE7D9AB
466F355372BD5CFBF65CFB9343409F3B
8DEE53459266B604745A472A18C5AE9C
7B09D828C69C61A57FC5BE4B6C85A6BE
BC035AA0403D896605B4AE0A6D1AEFD7
93C3A5E21558E718AD472A64EC487EBC
A82A30F41323259320B9DCC8CF4DA78F
5F7C5E1CB2F20E7021A5A935B3E3530F
209DB7FE8192D6F071C4B58C781CDE52
5DA5D19DEE2E651BC3499C8ADE0DCF92
D7E28E94AE49B45162FC4C56DCEEE6C9
DEDCB24F7AE14DC4A31C9BBA452F3FCA
BD55E449412AD0642D5ED7389B306950
7882860E2B37B86522740CF2AF7EFF22
0FE45C7C002E7ACE0B2C35A6035BBA99
5B247530061DF9C41CB4E6CBEF173090
79C72CDACEE9115BC23AA5E0B75D2BE1
A73B8F4FFD6244301018821D1602430C
848B89312DAC3011608E627FC8A5AA70
26818479D0F2A245705012014CA5AC64
3329F61D671321448277F28A3A48FF55
44CDC258A00248AB351CD66D25E4DE8A
B89A5B9CA978DDDF5DFDF69A32B9B7DE
C8A50C035DD716C5AF6B8000DB465F9C
7C1FA33AE7832CEE69B94819BD7E9BE1
CCE04E05506FB51A5FD5ADC3DE25A8A2
C56E609B5C28A3D55E72A0FAEFC66BD8
D3DDAEAF22E673C5B783F3B62D9573E2
5A1F918A894E211C3FE3E8908181DCF0
2C5877CCBA30F54521D5A83C00ACE59D
491BDAC5CD1F13B236D4F33B4C987546
8512C83BF61419F34F636E661C591BE4
2645ADAA66EDC6BF9D7D147C435D5220
33851FC5512C8162217849BB73DE9ED9
C7A5E27D7A0F39F805785B7DB0A5AAF2
E29DDAC39E5F815C17E504E400616897
D10A588C58F02F0DD5D789C467146088
441C4BC89C9F53B249624DB9316CBF7D
8C5BC360D3C32B4D8CA5169593B20171
95AB95A4F03E9EB736265B96198DFBBA
5D94355DF0BE2BD2C29EB367E37F9B3C
1A230A77A96DC9C17D1E63CE4D74918F
1F81ED5149C4E9D6581C5F5B368D0ED8
84AAB7E6E78326BD03B6C579BB317CC9
EBE9DCCA790C79992583E8DE7CC906C3
5FE862F14BD9117A07450085FCF4798A
4C085ED20202910AF0B914A52154E6B1
12EC80CDD85972C594F1B893F247BF51
E90996837DC8D3019208968C3B8A70DF
F7FE540CF9517949EA2883D1FE787E27
33808970853D88E4EB2F0C23FBDBB89A
2E6B5932723EA5131BD9BF6BBCF0C4C4
C6751A3808F25971C3C254B5EC06227E
5DE772897FD2AD7E3584B21DF8A5A6CB
5ACA875E1F79CF85B7FFFDEFF2C865ED
FBA37A79D9F6391DCC55C886FF11D0AA
9F036E3161296EDBF11C7279F6C87F9E
736573F6387B4C641E021A92B008A3DD
542906B453090E50402470436DCF0B08
40A24E131B660D7161494F6D1CFEACA3
166B033BEC84E2A6086EDD41FB9C18E9
1DE7DF2D4D9568B869988FA6592933FA
95034ABB35A9BBF31D11263D08DB9D48
9A5A76438455E8891EA5147A679CCB30
7BB4A701DD7F4204320D480E92A57423
F13395E0A32A988D37DB135738FB6C75
C48A368746CC054BF4746B48FE29EBEB
9DC7C58CC94FBCFAE8F3AA8AFBAEFBE7
5E12680C6544EFE8A59E73C4BC502562
477CF9E16D1D76944732F7EEEB6A7CB7
F4E5CE05A798510D98E466A14ADDDA05
B80855C98BCBCBA4BF1D4A4A6A2A6CAB
AAC89729CA934CC9B153346D6145B3E2
B56538BCBE6E34CAA85E1472B4E55B41
E6C06C88776B246D9881A0FEC5D24DBA
8ADB2427DE1C61E5B4873F73A3E5CECF
61C201B2F5BEFE27F411FE49E805C521
08487C89DB395EA6766E7DBA046FF580
05DD3FB717C15C297B48EDF299DFBC70
D219501EAA786E49AA60669509586914
90E4030CD5D3FED71966001F50AC5A0B
40C0C1C193573C5AE0695536B6C5751D
B174818F7799E7CC0EA105EDA09A6B05
325D44303F08EFD79012C2FBC81BA7CB
AA9E4D89CB7DFC2274590818B11DC470
7D6CE22415647E2E5505C914FF37F83A
BB3E9B851B66BC7ABF368105F30CCA3D
F20E28BEFC386D1DB8E79AC3CE30C18C
65B324AF02B5B8CC9FDAD299C20919FE
05FDFAB41F6A7DECCB2F43DB8000ADC0
E2A99C14DE6034F73CB0370DDB479FB1
4BE22061154277BED8544910B5B860A8
4511A4F5730702597E2297535F10274D
6D04DEA76A83EBE20D089ACE0306495A
6CAB3552B9D9036F366DDDD8402D06FD
8396A2C4EA795C39125086C1C97B32D4
90E1E692C6E99371EB7A3503ACDD4EC2
8370DE3665C5EA3FF4314262529318BC
C6AB73F072504E7A333E4DF19AE04A16
3EA7004823BB8453FF4E3CAF2193D1C3
1228CF04F3439E3900C55EEA3E523F50
1C7375AC41C759B66D474B033B56552B
2BBA89D43A2D3366B8BA9A91120EC236
1D4D24210B9EF83B7420920ADCFC4A29
3359564BA2D42DB8EF0E7C8B86DC3D65
0214FF3E92D1DB13A5D18C593D13B348
3C4CD055A36DB440600CD256A425C7DD
2BF54FF22E0E0EF3BB586B6139794B62
AC68A3D9ECDCC0C7B561C3254EEEE554
2489B105190E5B73BE5E5B5C02937E70
C1D27A2424492CED45E78D13ADCA1CEE
D79768ADD01463728BCDCC25FF0C0090
F1FF614FF19AFF214743B6D21B0BD2A7
F274FC78B99B23585C165366F5656887
A2AD43DBC7968854A883B63FF0D8FB83
0D5A7C9DEA1F62C60C4054D0BF55E80F
081630590917DA6704348CC74A15409D
1DAD01B4BC5AE4E77A4D837B3A821F76
8A27A95C3CE65C946173BEB71CCB70BC
D1429EB90CE3327204DE5371521F67D4
7D00F3EFA63A0CD6F47F9FB3AAC905EF
F1394B1D57C5054AA62C8F8FF256F685
8B252D439D9EBC2DDE12B0AB16D47A0E
CFB3E5D6EA86B71EA555BE459225F77C
095EFB2D77C569612342EAFB7FCD82E1
EF03CA7C649B00D3C6550F90DC26F1FF
F0A9D33C1E7FC78950FDCC26D131D944
129939C5CE0CD8CD4A60924397E33345
346CD5DD4A86B947F08F21B1CDFDD0F5
6FF32FC6C1E5F41C8440FEC9792FA6F0
1D3B7678C23254331DD37E0335FEF40F
7D3F1E6C85C90F4E4DACEBD39411EE98
B7CEDB17EA8BE67FD89F1543D42AE70D
EF94264C0F2E1E9856C53248AF72C426
383BE57A0D3CF4E83928F95D41B4CA39
08E27DFE17EDF1CE1F7C7CE08F19F6A8
BE8CCAC5F3E485B1507DD6158B8C32EB
7A4525C50176E1D9E1AA2C9B30756DF0
63D6D5ADE8E6DC82FF157C47A41CF96B
705B9007182693CA4921C216C47DA601
D5569BEF6C0E58F0069E205F5FCEB333
6F9E560594AE1B94A40107AD620DB987
DF18707E0B1FAD16AAC7F696E7C24F3F
319B8578409091C005116CE271F7AE18
250524B7744CA011AA8B30863434E74F
0DC7CF5C37F128D38BFB6AC0D28D551B
6BA5F904D5E47F5C01CFDCB9F07D2157
399B71BB96ABD1E770C8B2B09FFB07FA
2EFE895144BD9AB6D0897972489FA954
90EB33F71FFFE6C085631766CCE4E5B9
00823A08BE828FB2A009B3F1EE91D6BA
99CE807C1AC4C6EEC7FA458F079D831C
127BB8F26F6D69C4D4171D3E218D0F7D
9561FFD327B7D8B350DA7C026F136693
8EAC5CF782279A72EC42D20065AFC23D
F2931C6D867EEC62FDE982F8E177AA68
D1EFFB487D59A4056F53B716871F417D
8D2EE0C24B8B4BE9CBE5774DFCEAD6C0
F188FFDFFBA812B0A1E5215BFC5321AD
9A89A645CB486E82826323D918DDC2AD
BFC371BC13FBEA88AF210AF4A58CB055
2613712F6B63BDB15324C839238983B7
4217826DD0E16BA78B0C7BDCE599A9EA
403DA2958C31BE2A2984C1295B90EB35
A74A07C84FBB39C9A2D9F174CFC6B2CE
06A370FB0A5AAC46DEB4D2AAFBF1979A
FA9BD8D05B7CBAA1EB6A05244CE8C606
D6A08203C5A7A7CFAD8A4DC82C973A9F
A84EA225BACA4D867F6BDBF36E073804
F1CA9B3E37D0B0B21EEE1AF39BF01F71
43AC59384BA830D280619E1FBDF27EB3
1EC184F82DF9765D04F8EBF17F8D7C89
42DC949BEC974C8593A625986CCF1D6A
1090EA153CF5841872F044E1DB80A97C
1C6452DE7C830C1D3153580B0D6EA765
C8200AD523C7061131F387A0A8F7AFB3
C35BBB1C3582CFE91FC389140EBBC868
77022B84E3A00527A0FAC56FB0F5B0B0
1B7783485AD6BD5099D4110BF9975E95
9159054D0B90CF85ECAEC229BEB886C9
E815CC1C35863A3506B65D1F192BD57E
B2D93BB90BA5267403B796A03DCECBA4
9D7FA18A9598F270823C6F9AA6D402C4
48A7899C80503023D578DE3704538107
890287103082A2DE47CD58B3A20F4A0D
5388F2F7017E840E2168087567AD1036
A41F692DEFBEA5F0405CD3E5B838EC76
2E2E6E8BB3AF448CD4E6294E2FFEB2F6
08CA65A32BA40CDEF162E1CD9B5D0F56
BAC3D1A2EAD93F6B2B9431B76FCD601C
1637E39C56A7F0F3462CF6C1CDCFCB0D
5CF71D7504F7D8118F22A8E35017B217
22CFBB91058BB36B8F09ED55784D05CB
8D27A78AF5B894EA57905204B3CC40A3
CD53070812B91AF1EFBA61205F68C360
5D636CFE7FE2978F1793756F7CE427CA
F452EEC7AE9A7C9D305C19296D1B3280
82A30762F94F2A9012A7D766DDB3976E
C0526712C71C9AFBE910C0A93BD2C887
3ABA15F113DB9D5C9E76B92A80BAA9E7
FD1D6C6D4C97F733F2F0F003C55F1462
48CC8F61DF847795A392119CDE504B0E
01F97D8824DA2D312055ECFBC3483D2A
319B69FB31DD9E15C369F5E981A35CBF
A8797935980E0F7709A94157CC458A83
1A79C719912B45D3426545F9B34E514C
DA9249777A7A16B5D36811A6B7AB35A1
224E6E2B388CDF611941D80946538D89
1B6576EB6081F5E3ABF789AA3AD997D6
8FCB87A7EEFC16E126DAC5C1E6DE7251
0F565DA76A610DEADE7DF8E0B03135A1
305DDC450CB68DC85450514EBF056840
26E826EF5696046748966485EA8F7C70
D304EA5CA7637F6D628486E307A3C238
7646AF482774277B0FCBC404F11E8FF6
C45A965C566065BD2EA4159C57D25E18
EA1C45C8B4B7704FA4162A86ADED414D
ACAEFFACEA7D328B20BC697C16A5453F
3774CF1207F2096494714BFB617B4F0A
7696557A3B095EA4DDD16AAD31452C11
F760354A143EEFC0EE48DF501BCCA1DF
644F7987A0EA14A5F8DDA6C186870B0B
538458BC5FA00BC2B4F3427F0010E7F5
AC5A741A9C2E1FC6B84FB3FEF7AEFA74
A61ED75A32600888224B15F71110B472
709E598E7EDD266274A93C345AE1E725
B33929B45565726252E80AC12F306D0C
2146263F931EB01E19E19E39C0B822A0
6EB4E7BBA0EBE2AB003336F8F2AA923C
A7A594024EF39048F3042980140BF464
D4EC4CC19107C4BE48AE22D58AD2011F
3ED9696275758FA63AA297E80D9A1B18
0A1701D3DDA96BE35B56A55DBD01A365
AE1F6DE692C15AE2305535DD13D561EF
710F01D6A5479F70B583FC888857BAD2
54401224618DBD7803ECC08E16580F30
B11F5C24F653BD468CB11D0673840DF3
9A011E66B199496CAC87A0DF7B7EB55A
BFCCE276ABE17AEE35A95C77502CDD99
8C72B2EDD6E66B0277039E8CBE953E6E
E30DEC998C16FDE1201EEF56318C4D99
7EE17AF42D2753712F3ED7811292BB2C
16DC673B476D95F3DD32A08A503D7243
370A7AD143A46D9A48CD512D6DA1209F
95643CF410265FC927386D1BBAF4C551
60B78D783C48A4B399029666CDCDFEFD
2550D70AB0E23AF7A3BBDE3C3BE66EA2
EB98EA8B0860142066ADCD9B0A33EC39
3422432D0B38EF5E0AF2D2370C4287AA
77AE41B6A8B2A17875FBEB031BB14E4F
77EFCA44193B5C4B82686BCF4D2AB767
6B5C988374248EA83AF472B334475EA7
E2AD55F7F99F028F80FF78BDEC9CCC2D
7D225612F304F313F734CF3DF1F605CF
D0820A9AC3C7055445F85E0BF3E25981
23E5BB855F55CE9C08E6D01E83DBFB28
BF8128A0D6E82E46BFAC1FC49D16D0D1
6F08D8196CEFA042500ABB27DA0F0672
3DC50B25F906B5C25CD1E91E8AE25072
A7625660E12C6AEC25341914A0F1CF43
96053BCBD5ED9C561AF8AA7F079058A3
8AAE1D6E77A83BF5EF35896A72ECFF93
E67B7D633B3D2736333F4FBD1D78C5A1
3C1B7D296644851800ECAE6814ACC0D2
40A0A18D8FC2C2CCCE4FE5C9ED38E995
B40BF1CD56797D75E6CF7E12A7988651
346EED36F4CBCA9C49E6CFDA3274F68E
E9E0FB6F573D1023EB85E641C0D285D1
7B3C6FDBB189871D707F9C14800DC98A
BAE09F4C54D9DF33DC62C4EF77AACEED
F111BA8C64C8F3F9DD95F4912B9C833A
C5559F0259C53555B0807E55B057AF2A
A2A660346662AD233C2C37DA5BFD536E
D0793100958C2C02E20629F2C851B1E5
C3B339A6A7F7496FF9791947936A3179
5BCDD03BB52D0A08BFB93128306B9509
8874541CE5D06B18E75BF82AC0F09B07
74F5B478C47F75D34D2B91D0EA728CB3
51CE12B81996D7D9AF37AF762549EC84
EE7C2A324814E4D9C6E01836A9AD888C
A498BEAE738011A941EEC2D27671B640
3544767000B117C1AA115C97E046A379
D12361CD13EB09CF24FB19F53CB379A3
94299A0E57512ED1B67B13E3CB9CD6C1
E9A8CBFCE38B51FEBAC029B95063FF8C
70B5A01115034E9E4174614006F3490A
74541206975E276767D9F899A585EC3C
8633F36D512AFB76D432F32FD9CEA25A
F9A42CCC2516BDD37D7E9C4D382C53D7
8B422F8E116A8647543625C4B2BCE309
A62B998C0A956E1C4F2EB2CDD56BB509
E7F6237F0CC3D904EBE2B613350FC7B5
114B4D451FBE67E1AFB01E2A8DB8D861
EFAB622C96860BF435EE4492A22B597E
ACDB9027F6B79738DFFBA27EA1F85BC9
0B0508FA35B407F8644DEE3464939A10
439130FF1D3F31643EE28C3CF06B8540
A99C91C19E49C6CA080E7C1E1CBF63AF
349C5F614D805CD41E9E98D7501FACCC
856127ECCF86C91EC9FDFE661100AC91
2C7799977E1AA2F993AFFECF5502111D
6C199ED359D2B535030DAF2FE4BE53FB
BE7D52B190BEF076723F5CB840812A5D
AF4A92578F4F3E806CB18F0B3A83A4D2
0E0E175491249DC85B5200D14C9AD560
E0CE9FFD6BF9C50751908F10301D1454
01DC9F0DF4C4AED31594ADF2A27C7FDD
64BD332C8CC76B9267B0557189BCDCFF
D7377914EBF88D3B833A5FD722D3CA70
6FDBFC57F7C95A807E4268553DF864A8
95976B81BFA40A70F8F3F6316844F545
D48F338B67FD5714038BF8CBB8AC83A5
6ABF097A18F1FF4F2CE44A4353878B3A
54B9E295B1838639750EA73D6A23A64D
BB8EDA19BA5FA0DC99B20B704FDC0435
D9EAD87E6A58464AED90142F6AEEDFF6
B2B96E985A7854E53784C1AA5E5D4131
9E4D076FF3F156EB6D60116B834E2FA1
D123C8C104151F006BDF2D7B6CB1E40B
ADD266EB0D42A91ED788BFEB9250D383
ADEE0B531F86A1D0850D5C5D917B9D91
83C809480AEFD9114E3FCDCD643771C1
F88C97095EEF3422B6F1D66493820D09
1613AC2522D60347682D22B321046CD4
B19CF0254D89E6936815363A6EBC854E
37AE3F8D4D9422A4DFE2089C641967D5
D015A925FF1864741AE3711DB6FF0307
A1186140C5BDA658C6719F07B29A9E97
D82780150C4CA0BAE5825217C091AFDA
47495E51CE0AFED8BCECCABB7DE53BAD
AFA0715EFF73A53FAC54E78276E7E46E
C4A8D7D75584D49412BEBAA426612D12
D11DD58C16A94F124663D547679D04BF
CB59BB9B7F5B43321C7D5227C22F07F2
6F2F797AEA0A74F9CD56BD6A8E37DB50
09365868E94B55DBBD41912DF20614E5
093667FC7CBF150C1E1A95C8FDF880A6
6150E2BF5711DDF0336D74C91132A775
C3FCFD186363930E8F852191ABB60127
BFBE3203430F7979825774445452CF42
66EC7DE491B39646F7775D6E7273F1AA
3EAFDB8FAADF27165F8FA13D8C7E2383
A21AC0CBFB6BA5CDC2DE0A08AC158F26
5E1411406495F950AED75E179BD0EB71
34E33E5D89044341E09633B64165444C
EBAF4F9FD46BCA1DDBC82BF7FBDB803C
998FF871410A6F00A623C5FB9FBC7733
130CE39A69AB48F5282A54DB228F163B
93C465C231D2481CAECCB69D81BE02A6
A251262DE597BD150A94627697CF9466
5F83F437438309DCCA14FAE0FBC662EA
FDFFD7F57EE63B94A5B14F39552E0C96
1635327385C998AAF44E94AB70165505
77C0EE89D104EFC9452B633D2F33A153
7D6D8281FBC6CDF1D7069D5519F80AE9
4BCB4F496C1F0AABDE7106A7C75593B3
C8A69488BAD0770C3749F51291C1E98A
162C7C19F3818D991AEF4236992D0756
601D831D0ED8867109CD06D5273173D4
230C5ED0CDAA165A31C9D05671947E3C
761D39E57B47F1772282274245C6026D
CC45AE27661B26428423243A809B9EFE
0AFD534C5B69D1002EC95F0C51FEB09F
73D5BC2D864736EF1E960F7122834928
609B1624C14D2F911BABFD686C2582C1
59F8D4FA59BFBAFF4432FC102E1BD82F
E9D2E6C668C63F40058490F6A4450B71
CE561395711F50E65526CE8B36596F89
3C80C1FB713DB00409F727CE2015E499
EFCD58BF7F3881740C40771DA35A7957
4DDFC73D9C1547E9A6374F2D9D6BA178
D24BCF8C107D8DF6371AD4201E01374A
10B28342098374521DCB4CB00376CDC2
E85C4FF6FE0AAEEF046C9D48B2E431FA
475A6F8D3215CBD7AE9B503ED2FF8E26
A37687FEB7492FA0AE2E795D2D9F5056
DE4A5FE79809D1B1B6D3A4DC8C96B65F
6C9D9D25CDD06444F20C9E07FD531413
0E5D9692E032C65BA4114F453A34C233
CCAE1B38FF10ADA5B899025EBE1BD3C9
E8B55922DB09484BAC03D0CF2CC0E828
43DA3064B78F8653BE9E2E0A017DAF73
3B871CA901ADD7E55FAAABAE6B9C4EA9
3B60FEAECB119B769A78A1AC00BD89B9
A32674687C5742D48D9278B5C206EE3E
1AB4E80241AB58D0C087C4DF16C8BA9A
24E53E88118F901B02D3072844350176
0912535832551FECA2B23C9D2A915B56
5A8B968D6E2A2F9BC229324471698FA6
78F9EE0A4AA75950A18658BDA6DB325A
2D3E162CD5A7905F3D22696EC912E4F0
BBBF149A040B950551723EE2E5D736ED
6FCA0DD16C21F14D8E81BCC66DA67516
0E9B8DC13109355F4257EDB632E43CAD
112EB6D4E8D1B8A4B82A3644B69EF676
E1DCA74BFFF80E40E59A5C131ECB9BB6
58F8F9DB772FF393246239C86FABB16F
339C00F2A8E2214BF2FB34E379F13B68
A736A6E93F93BB21A067D41EB210DED3
4CCF636EA53EFBAF8155495D13F63FDB
16F35918E84DB37C4BD3FBB2953664EB
68E481CF374BC454A3ABA22CEE1F365E
BEF47CAC13578C2389E01407F2B8831C
93170211A4314C0468FB57E94C962594
04FD43CFB0CED5D87D4180D3C92612BA
EDC7BACE8E465452A8BCDCEAE545231A
D65F7E6918F120DBF79F26E0D1AA41FC
EE7F337C0D810E48D334E4835CF3DC88
051F349871023447199B590360BA9824
A829B7EEB2AD28E93632D662386AA9A2
3C7C5DD852778969DF7D3A3F6E7E67F7
7D87C4ED8C8662B5DFE21EBDA42D7C6D
28AF76FC2E25F8D23EBCC29AF74A6A0A
F42950AF55CE7F8A2A53A9E7EE4C1F65
EBBAB88D2AA54E7C4E53DA095E727344
EC36AEA73844B861F62AEF55231D39F7
85278FB4BA65026BB38CF2287E55E55E
599E79F44B75FBF6A8B0B4303FF49D6E
A2FD65D57365AC681601CAF60E51A851
87A3941B14D8DA838991A9929A9E29D0
BE344BB2C2BE1E12D9BF2A4D1807D91C
FDDFB377B7E2C329E0B7416AA0E96D1A
FEBB46E593ED0B5E2EDCB3D70484AECE
DB78531589D2D84F6894803AD4240DFF
E71CAAE795A28C82D241D601AD0E0FD0
7127755CF7D7731ABE36346974CF478A
276537455B4926179893F817D2202FFF
1650C4C1BFADEA7F3B4E61E8278024B0
A98B2BD42F8605F1B39C0E213107B7B8
428F4CD69D2139A61B08C869AA3CF4E7
D5CDD29DC381020BCBF7C93BC411CBEC
96A893CAF518E7C0A71CA191D7720F7E
B7B0862D0EA3F08A958260B57EAFC9A8
A8198CC85E7446264C7D86D036895D39
00EC37AB1E8B1B1AAB2089DE3A12F431
9468ADC9CAF116CDB40482B7A77B2DFD
97A48E3223F53D2DAE4F0043D0D37E25
863DAF62EA228AE7F592B2C0D5D6EEF6
06738E1611B390B4FB10B4A0DF76138F
CC19C833E452BE554A072D5F12350A37
CF8C9B2E2E4197E3BF5F76F4D33CD187
65FA1FA6101394F89F9A0A83A48FA038
BDD55779069524CDA2282E0916B56EEC
9E666F0CCDD05EE90C983C49B844F298
150621282B7593121F5B6588D8CF01E2
1F1EB8ACAE058D169E15E509563CA1A9
E6D1C94E419BD1D1EC7D7FB886EA9615
EBCE53B58E4316A4A639940E59E23435
2C267C4D1E93FCBB1867879048EC8EE5
D08C89FFA69BE75D8FB2E570C18575A8
67A8B2C0A8CBAC664AFC5D1A8B48CD8A
36985887259013D5C87894BC7E7948AA
A80B9A058B630F8A1F3EB4A3D49D5EF4
01C7844C1F9D4882FBDE4D66CEE93D25
855739649CBDDC302CD1E69B3FA4BDF0
60C81D3C2F28319C0C05BDB9F2A5EAC6
86A17B3970FA016AEB492300B806CFB3
66EB3DAFF7CCE6B7FFC5F2E9F21D1276
CC8FCF4D11FE39DC8910B7686497D168
42A9002C12D72C145D52BA0F449640DF
FD5993C337F98EFF1A0936C1386DFBBE
0C3EEC7CE013BA3105A6511C55CA099F
5A9C793C5FA5F4D34E3DA39DF0859927
1F6A9507EAAB3AA341AFBB6C5F48E827
EB481739E0255D7F7BC14A2DF4A61EA0
E140FFBC8F8C553E0197E82FFFD03A5C
FA1E6356DB740E09C7EBC8D36821CDC5
7447366A38EFBFA1AA7D18C87B960D46
FC12DC2D5729791AFF89A7DD91984ED1
62DBBA02DF7EF6B23572C824D4D4CEEB
D59834879E8402E86E219E1F9B945759
B91639CDCFCC84F52281E238DD5A953E
98E906CC6380EBBD9F16C7C1CAA4A923
47DA0AEAD17B640AC3EAF3CCCEF2EDA8
687CCC3D2CDCA2B72D510952F2BE471D
4E9AFAF11383BC1A631F79BF55656FEE
32FBEFFCE1777945DEFBE22C5E267016
2F20F047FFD67085447065B3C7138BB0
560A2FF30A261CDD6840F3D2C120D292
C474CF2EED1B4A5D18923A872503FFB8
228D21B5663D6C58C1F7F3F62DE39C35
8B3F1EB06AB377A997C7ED727F222216
ADB1C2A55AC58F0744A483806283F4B1
84396000E463BAB8597AF9C02D7DA5D3
76E2265EAF137C80E8CD60F67A025CC4
7C681A7696C35D2FE5AB4FC9D4B847BF
B227CD806BB2DA2EA1BEEE7996EC1D2E
4ADFF8438FC2BB0644D1ABF464346444
19151B924E8503A8162597E03BB6BFDB
495FA3B571AB42ACAC3E02CCD6765753
941E36F504ECDF884AA6B3CB6AC98105
2160A61B1938C253C02624F4DE2B272B
2D25DF34A0140CDEF9AD5C81CE20FB1B
9488FFF773D3DCCD1D5102C8B2AB3055
DE6E2AAFC30B9C67BB8F60F6C402E08B
EFAFB165562C08DDF192327BA85F21DF
045733740B31CBC3020CBB54D8616FD7
6E1CE6471A85B208E11C99962E6F423B
9BF84FAD407362B8DAD919ED95C753A1
191E0ADE9C0B1CA2BA4FCDA926B897D0
E21958102D33543207587D88D5CD1327
82D22246C465BF0641AC75249725308D
7D2A39091A0FA71814545ABC26E0062B
670FC94E43FEB6358A945E783648AE9C
93119559EE3954FA83BFEE9AA09136B7
EB388104DD466811D1912995CEB35AA4
C718C02DF1B72630CD0528E80823AC2B
5CB137616C2FD46E7C2D52A241852AF4
17C37F8AFFBB286A986AA38DAB8C43CA
55B96457D658262C5278546B3959F4DB
D223969DAEF4B080B3E397B0E155B392
3A84EE183B7AB4C0A8158E19993CDE52
454011CF1DADC60F64B57EBBE3073EB2
4C6FA9800E74A8D1E9A6BF1AAB57148C
0D384038BF5FDA9FC4E3943D5B84A7EF
2591B6F722881353FCE182BB710F336F
DF31794861696369C48B7376E9CF978E
0193869E8C56D53F608F50132F7D6DFD
955AC96DC41920B38AE98E44C8596EDD
1646CF915FBED81410180911646D834E
DD5FB0AD562B7451BAB67A53E3FEDAC3
DF29A6D87882EC3566961034BE512466
0FEE3044B68786BF134E4B65DE6B39E9
0D0A7382A941FE1DBFF55D8FD5FD232A
CF6063D3BD94538ADAF25DCFF753DD9D
7C826201046D2269D3DCAA5DE2C8F9EF
CA11D00F707944A129F0A4AA3804E4F4
7C163AE7BAF8C41B3072CB3DCCC5E69A
F6AF304C65F63E34E810A4345A7017C7
A7A20416B7A327EC124AEE0CA4F30F0A
500B0E6F0BE63FD9A03FE2AA299B85C2
3F3328FC9C2D38D8BA3EFE0B13BB0D84
B8C7C0D666173897270035A26A00CC6C
04C04A6AC5D779D76413204CE55DCAB8
227272646AA79F0ABEACE45A58928051
505B6934E1A9B45231DABF55E56A68C9
E6832D5365F87A0A12131D60B0024E72
2C3C8587775C73321557B56D1EA60CF6
81F8F398CCC21B91971BC25B88396F1E
E02622728215ACB75DB69B70AEAB6270
6B6BA77C5EDC285A3B31B5322F4569F8
D889AE43D1C34F92022AF04719D45CF6
43CF6DFE9DCBCC603AB2914840BC9ABB
923FC02AC77495E3FC14CA969E46AD29
AA38FC8875C35C75894B3E5E7C4C8D0C
A3E5E5285F188FBD982531DDED8FB815
A6AA0F159958E441E734F5E7834C0D00
66303AE916D1DE4AD01D90687299E908
B32F4473E4D051A74C35315406C7E7FD
6999F6A6B475270D6B92D3DAE8562257
5B3993A920F97D4AE63FB982D6E81BD7
DFD4EE9D31DB321609FBAAE1F04DCC26
F981E9182F8E04E4BFBFDEB6A564647C
E5837F70CEFBD8575310B3198E60F91D
7EA3E29618020F6899566473C491CF35
6ABFD75C42C711275FDA06E97E41CEA9
22F9F99BAE67EF3B38B8DD47358E0EE8
FB6B78BB273364673A2CF8FE3F8957AA
5ACFB11339155A0B4B79E2F2EF3642C4
A0E0D48B5D953CF7C442115C1244A0C4
1CA7C5206834F23F1C1A2D16F75A6241
7B0819B80C37C6DD3FDB93BFAD998A64
9477255A6B39C35CC999D33AF2AD56EC
F1AD07D65A753E21E6ADD00B7C3D71FF
9395519EE7C754AF198CDAEBB419426A
79F281EEEC92B3FB14048A75D440D7D8
9C0F2FD0A55AFC9D1E20E43E98FC4AF1
B4566F2C69FD979795347FD4E027B420
0B95F711A4D7FCFD78E7B265633EF828
68C616E33B1EA12767FB9C24D7A00418
A5D83C5293CAE7B149287871DF27CDB4
AAECB3C38EDF8EEB96F595C5F6074C7C
23B2480EDD3DC0EDF3F23ED9EB78FB75
2772B78CCE5691F39C2F8EF336C97675
CD57E56F45C0A28244E00DCC6CD337C6
C00D4E65473A9B758EFC78C994E7F622
833FDA8902A115FE91259045663F2BFF
DA4C00EAEB781A805655747A4BB39190
09063535851867412698522AA02F4D39
03A0239603233AC47B078BCF22C63604
E9BB23A12B8FBB7A05024EDC4C90572A
0067DBD45DE6747310145C2A33822FCB
B27854C6928DB49E60603971439D66A0
48A1F16CB4697ECDC48D885322173D45
C661842C3D801624D2F8C12856CD5B96
7EAE82223AB808B1A3D7FCBB9ED1729E
58341B664630E1F3DE3FABFD1E546E69
41254097CBAF4B2786915A41033E78BD
6CCAA231A35C2FC2DB5EB5D26943B673
181FE98A397DB2667E36BE95DC583388
92568DBD22539B2E4EA67F48F27F8A43
F30B5FF02A4C5A1E367936345B090E47
1B1EF033810871C445944957468331B5
E56A70916C9BB3D086BBA2F20B434115
5AE511EDAB3C10863408D72ECBA266B7
22A71FD674F9FB5A520A23FB327BDFEB
222628753C4C7E5C50E678202BB9B07E
C69CDC1098096444EA4900482D8ABE7B
35187CB86BF3C0EAAD9D1512837867FA
4ED4573C03FC3A0E22D2FC391B0F036C
3989E342B00A691A000C3D08917F9639
1DA8A1FC6982A45BB7FA6E78FEDAC333
5DEF69971C6E147DD829576932BCBA69
410E41F646C1CC3F85B3EBFCFBDCD423
F0889B531DF1355CDB72E8D0AC47CA6F
16DC5AEE653C32D32FD4CF3247D6509D
09B9F45D3178412945F6A15EA3B7F5F9
53784E7754FEBAE0735C35FB4D36A9D2
681AAA4E8B0CBBAA018F70EA12988E5C
334BA0EDE8AB99C35D409E69925CEFB1
E0CBD79F40E332E40C398BFBB3F3B307
4482EBB774E83769C3CB0314AB7C23C7
8C8FE8953AF5D321C837F78250318118
5ADE0D83DB23B925AA1CA9666F79AC05
B681251F2D555390EC998937067CB018
85C26C55AC867B22C378E0CA677C023F
6EB85B039269BAB87C2B6EE2FE0DF837
39C1B8AA63D7C78381FE321E9652D914
855880B021E1830DEC38411089E698F8
30A567EAB98DBCD2C700CB759C29A039
B49F7AA17141E09356997D62332E089F
4E15AC2CB666230DDBBD0C4D5FD1451A
EDAF589C72026DC82C3C6806781586E0
85C7F0F1283956C30801D1175961924C
541751F5C80AF4D0AF15828ED2A7DCD0
56D58250B6AF105239A269DA26C6131B
30F5FF8E1E31E05C0627D5F88B0F1AE0
69A2A325F450B0C3DBC93C849A4D7300
BB456D60F9C010C4DEF49605493E2111
2E9CBC8F436AF66055499D4F50C7502E
235F79BB2A4011E7283F4F4762DC2E29
3ECA1BF6871B7DAFB11408747FB907A7
32770ED4758E8005BE08A29577EA8FF9
166F7852CFDE1FCB466FF2FF9430A61B
C2ECD72875FA84E03AC506AE1DB8267D
55D3DF6A3C5A974D1B407C970DAF6E96
30F9FEAE4C5A195087FE5A4235D1143E
8294C441C7F78A6719724D4762DEF299
68D64731D3AFD420A976F6A1D9312BE3
03D53FCF87BB037FB6E3AF5DE836CBCB
F57D7EBBE30CE0A445722C84C870ECF9
7E70B43E0DA792D0F215FDAC5DAB9EAD
50211BD11319B9EB7A297CCEC8046C13
72CFEA5D55D3737AEDC20A93305B2BCD
7AFAE38731F598550B9D54D66556B23F
EE999FDCDBD273EBA2505D54C7412BF8
1B7E149DB3844CA2384169E5EB58334D
349C63EC423E067F3E1679ECF372B3CC
3BD460ED4810DA2C336E367784688978
0E2B69BB6D29E140A4396625CD89054C
A75CD1E77B50164239619A8CDE4FD755
AAB2A2F1CD65EEB78B037B4C9C755445
E9EE8007FEAFFA103ADF61ABB5CEB6BE
0BA0340F26F83F2E02462F558E044324
D0387C4EFEE6FC7C73BBE9326F3FBF94
D7C62EFF8094FC9931025C44F4D8D340
847060D0BD903D2AE0A3AFA8B0145C9F
E156FCF223549F5723568F94F7B818B7
EAEEBAB9BFB5AD862809685757F98704
8DBA24F2D10FC364A8C82991F8DA7C91
DD8FDF40CC9BD888568A510AB577B3E9
F93DB343B6F0C4C323E3E9FEC61BE412
F165FE4049E274E98761EACDFA45C95F
CD4F0070F68D033F4B20313FCC8F5AE9
00F059EC880FB5F7E5215B36E6F0616F
6277C197D893E2F69200EC5CB13BC231
C4C469401B385F422C044893642B974D
591FF0BE7243184876C558DEA326D6B7
7099FD6DD1D2C37DED368F05B573D858
2BC2CF16CDCF7584EFCA263B80E178CB
2148465BEDA1B8B6424D1F8515060396
7816C342133815CBD2302018A7400407
636E0C876725784723809FA899914893
6F8FD9E5B269F25941AA3B560BF91354
569DAA0D7EFE51906CE673E7086461EF
3FBF8308237CB50B68DA4754AD37E2CB
7546185341F43ABE25F703017682A740
1AA6964D93B65A117BA2909F781F3E98
B5DDF03302993935B7B2F013DD0A49EC
B123C57370E4D5D55DC5CB5D27E37CC2
009D54BEE87AC1DE4883319A303AE762
8D91465898A52055CF11326483F0ECA8
7A896C1EE79B28F6051C27157035CF86
0E68714402FEB3FFCB2977AF15938D13
716E58F205A45EE28A9A161207263FC0
ABA6A0F7632A075E40538ED50370107D
AA5C5E17D4F1EA8513A50047B26B49F8
F04F37B3862BA07E8F73B10DE16E95F4
63D072639514C117F6BF306ECBCDACC2
19955BF03BC557E289773ED57AECDF6D
4F259207844EC13B839466CE541B681F
42284515CB587E88356A58D6BACF1DB7
F8463DC7358F35D1292F931DD6E74538
7235DE72AB855C1DF2BD227E442A2B28
FE07CA0AC0B81697BF503BC4AB5F9A24
BFBDE0A44B99102FF8C54BBBC3D481AA
0982C208EA0AE648E16302AA1CE619A9
11FC2F0263A7022B31D706DFEDDCE097
FDB5FCD126D207F8FD84A186B3099F57
3276281B00AB5BF6906DFFB9A255E399
4F196DC25F4812EBAEA159A03E16E5F7
71CA798489061B5D185817E2446110F9
B8D1B53B44ABC746F0E2DD1ADA31EF2F
55D9B6D026BC31C6AC05950C4F23BBF3
D74EE45DDB6FFBA78217B4D521D78DA3
B3EB20A826563DCD660EBB1FC130DB85
7A80EB4A04D00E3AB153DF3CE9DA0206
FE8686026575BE2BE228CB7C7BB75D48
CC472FE9BB9AF1A9A68599FED67393C3
EEB7CDCA5FB520B4A53ADB23E36B05B7
D8733ECAB3C684D0C199A7D2B2BF0086
AECEEA6B39E0C9FC41DDA185828457F7
B83C6B1A7212C439501BCF3A1BBDDE79
A0E1ACE9CF56BBCA8223EAEC8BB2A5E7
71ED74B8123C118F7F80518C8D7DE7CB
48FD44CF6E41213BB4FA71FEC1F7F3B8
88327809A217CEDA4FEAE9B06BA2DA56
C51F7FEA6D315A2B173EC9F3E6AA0585
52B9EE7A9BE1EF6945024B64E2AE2656
A714D4C0F4C210ECB9F9AFCE790E9346
D532A243BC97E9B01705B96A222EBCED
A49F86F0C4653B321750FAA937057D93
5F47A123135A76B957935944B8F25076
2A2270E990A0EAFA66759209D5604F75
C767DCBE6D050340F46182B664794CA6
29A5ACE2A1A17BC8A30A7FC371CC1699
C1B7F03525720907775CF59860A3E339
0A942BCC26620AA9AF424782BB63EAAB
E306DDED9C3EA6F8E1C998778A0DA706
B76021A2635B68CD9230AA67E884063C
1186FD8A6B44B0A60BE4EDDB558EAA10
E79DD3B302A9361DD5711E5AE0DC89A2
48326AF3F5056E7B23F29CC3D04A7D87
5A2100D031D67212A892030279F42C84
FB6A00939CA90F32676107C7B8DDD407
A8F47B073E03F1AC5BC9BB0A40E59200
F7908D4CA91F0FD813667EF3B67CF347
EA30D855224BF53C072EC0689B2A1D0F
A07CAE9BE13C56454885E2B8CDBEA1BC
91BB2C2B2928EF2D6B2BA8EA0DE8D921
83AEFDE6BC7899A3E0A827DE91C8B0E2
5F8683CDAC7A1B2184CED3327B1B08BE
8DEE17233C007B1CCF13D7522A4C44B7
54FAFDFAB9CB5954882E95CCD8171697
D7A32CE05CA137BD4B1F742D33E8ABDF
8332C6B06B01C0EBAEF8E6F7C6A9FE5D
18E1C4D4D72B69D93EBDCB39D90AC5C0
D7432DA670C91412A7E02023986C4F64
3101326C9DA18838FFB259DE3176B04F
9E2B53FE0837A60A6FDFD8AD7C486FD0
3D8E69184027DAE86C5EFBC598F55EEC
F48B4FDCA96F191808B6ED26036125CE
EDE0AF5B1D911B82FC79817E203F777B
31031BD969F80AAA6A478B060CE91503
B3D9F2BDEDDD265CF12F022C21289645
4373A41D8FB082C0AF61B1E5D652E7A5
499DABD392E024BAD04CF039202B122C
7ECA8D7C3339E37484C48B4AD80590EE
E30FAEFCBC4AF466718ADAC645BD0EFF
4D7684D638E43C2ACFB160A2CC49C4F0
3C03016BFDFAE82B6D30312342655775
F9FDF46A0255C48A3F361D3A7148C03C
F5FEE33EE87151EF1D164CDA45F7EEEF
46A42A1C4AAB55EBFE4ED5B464E6EC91
952553A4A43E1607B32F77D8E26B7461
B790BD44B47B7E0B36A61976E0DE3082
163A5378E702A33D4E0FADA9CE92D8FE
9A42C01CAFCACBFD83F211EA643B94DA
5C72AB19B31579ADFE24D451DDDBE977
5F0B15ECCC10332F66E9137CDC1147A9
92626EADB59435810469CFB94D0D03C2
D97C133BD56C68A8595C43216F7AE8AE
C45432EDD656BA173719452CBA33C547
A1DDE4475FDE639B0801A7ABC8785D8F
128F39E38523BB680D72829A1200B633
E7CDF91BDCC5A442A438321ECE0BBC1F
C076F518B4EC0B88C8C3BC1761442CFA
72350CE1C7FF128A4CB735C89F94F6EA
21CDF8CA5A8D1BB4C7C43E435E89731A
964A2A42597F6E4B194D960F0A76EB54
8BCEE2E8DD107D496AAEE634E745D9AE
EAE43D89DEFFB36F771901542C82349A
9A9C93907C63195FFA3DE74EB6C8C1EB
75534B2935E62C63492699CF67FE124D
FEC4827FDDA30D053565D295F35DAB1C
CF66FA430E6240A465081622929DBC08
73143D520F05A5BF18A0545C0969035F
163B986AA48D444BB0C1C5E833426AF5
E34D6314C0415DE12577F910CEA1B901
D4C7ABCB1947161FF417605E19007BB2
2578FE4BE5BC486121B5AD3BBE976306
1F7BF58A8BC978AF1DC063B2A923FE57
4A4FD4439A57E496530B6B26D75F20F5
A5E11E84A07EF0363E2095A7B5AF391F
3826E1BCC968EFE9835B2964DC0097BF
84F6D4D1B50965C056A0BC78476FE183
48329CCC05EED73FCAD26B5A5357036A
CC35D2EB58BACF1DE4FE414878D112F7
514AA2EFF440485E01CD9001B6495788
C3ACC7A29CA5743BF6E4ACA7B318AEF1
ABA180683B34770CD4222C3EB7E75256
E5530CF96B78CC7F671B25FC222ED9B3
873C713F03BA4F847BF92B76BE6AB3F6
3C3DACAD08A8A3F15D85FEF3E13C9764
9BBEC201A23B26021BA4D168540A7D08
0C1B175EE3274288B5F2B154E056F8B6
5E82406E06823B570E372B3812912F9A
7E7B964C02438A45700BBF20B0CC97E8
87F9CFC0E32C79228303A66311B5E63B
92E8510C88F9352CF9FB96CE298C0F1C
B45A91EC6B9916FBB45B81FBA54E6815
DCE1E1D898C3BF457C09DB2EF639E02A
01E2DFA4558E25CD52F85035F599927A
109A6951F23DD6142B2A123C502986E6
0D20A772CB54F6ED26944C528615ECB5
E939EF99FECBB27C6932C65171A8F416
505EEEEB8833C9AD4E9589CC1E060558
C28FD5612E1E1851739A452F01103961
CD73184E81421A0F15718DD99E393C49
8A020FE88C84B86CA24EB713B022B3F0
6B5796EB7BBA637A6EC8BF3517025F66
FC5210AC8F3C41D9F5BAD7FAA9C41DBD
9472068D3AE3DF4E8FC041A18BEAA199
13A0D77FA18C8DB657B27A21D77BBFD6
ADF4A0001301A6C1E13CC988AA837139
58160F2D7B88F6C6CB480F65084DBB9E
5F8DC86786D871A76EBF8209904C1DAD
01ECF4D25B99527CDE864DF1D77352AC
E36BA0B26F063EB5F17BCB2277D346BA
461A8FE52E41C86A9B7A96D025FA55D8
96E1FFECE66F233946BDEFFC660DAD66
449F0D6BDA455ACE97A74C4B6F755CDF
68DECE49B0ACBD8A420A263A67948143
A178E706E1EA641CD0C96C4FA66A7274
C3D6C58C2599DEA5CD747E2AF0C86FD7
17A788E7D3FA2339D9367A036FC4D4A0
649CFF639EEADE3D0594423516031C00
866F966A4A89A4774F2516211168B469
86522E7522A43993FDED1A8AE3AD98A0
0A629EB85D671A7F76C7F300F2075EF7
18758246026B9684026A3AE4686F2AFC
FA182FFF6FB74B53326E04E8904210CF
907D924F25630FCEE7296FC5AA9E4B4C
855DE51C14B1DD3016D8DA7DF6172792
7B036E748331289C4F09B0EE59854DDF
0B385E4270BDBF74140B2C91C6CC012A
C4997EFB2F948B97B50700A71FBA46AB
03F143A76F3A2F82003E2D6A66E572EB
C218B1D26B6B464CC6F5334681983652
F25DB1369EA89CD37B7987274942B141
0D82BE12FFB32EAB8BA6A22114FEB72D
851FC72A0DEB12A4808BD145741B7B15
FC71BE97E5A0672ADCFC7B07D972AEAE
0D971A04722AFFD4234BC6A8765ABB79
6A0CB2A27CF987B32257516B4C653353
13A2F7E9CED16FEF697A247952E05FCF
78F6BDC49D07C6F618303F7CA099D00D
E12663E10845EAA3D66F373389503AAE
6040D826CB62B84B0D76809CFC777C7A
0FB8833C52743A8CB57F0DDA87438593
C19D087073BBC459FEFB128C9EE9D381
2A7AF86EF453A237C626CB18A960694D
D8D965A1AF8ECE0282B6D3A7D6F7086F
6AA534AD39C77EFC3FB8665DF42F4135
EEDCBB3935B384BAA5A025CE2B7FAB72
DD85CD772064304B491502EE25B4E87F
0BCF39689EE159345DE36070CBA0E770
1D8214F01D51A3A00862FC4B3ACDAA73
3F120A2FE914866546E29403BDF89631
C793CB5F8D65E52780A57089705727EF
822EB13E86E6839A384DCA4C780509A4
7DBBD34E4F43166963E55BE108B853B3
A82FED68637E028F5179D74B02D8B11C
7A9FF1E098399421E626E54D3E7C077B
B9CE0E239BAC86EA1F0E9252880D8412
772F6C86314EE99F40A7BCA62792E0F4
5B682B8F0051570EECD09E4572658115
5CAD9B8756747814C60DCA87608C1260
EAAA3F8B7A97C204BE25FBF9E60DBD00
4FF5BCF53871F73C02F4CCD1E128BF3A
22980FE102D059E2F03C65ABACDA3A32
146FD12D44A66132F6E4592B1F4C071C
E86946797A2B4DF39440042F4DF66EDE
0667BB935F093B14A40909277F472340
280210CBB3B97B42646B83AC64BFD2DE
FFEF4927A2F22FCE75AEEA55A52629BB
A6BECDD3455BCCDD436747385B1C6B92
438E424A19F825AD08470C886E7680D8
08C05DD33DD954915A1B16C774A86E6C
8B0EFF44753143522DB2B5A1AF9973B4
E54E34329335B700EA662834CA2BA7E9
B1FDC2CA9B9A7E0DAAD35A1155A18886
B839CBE79ADDA8D4EFBF33333050AA53
0B62D0451D00C58B6E4C61F8650CAD86
B7D048D51F80F7CD47BA1C711E121964
BC6D683DBC91486DF8AC6C72B5481C95
E8D77AA7201D956E8DB2A46183710024
82CBCE95B9E876C1179540901A56B084
DCE6DE6C45CBE9436D9B4EB960F9FBD4
1EA44CBEE832338C87D77FC62293BFB5
412E9F94CA8CD2169914C19A9BC10173
E5413C44AB334F73A3B98EAA687DB871
92E1937EA513A1993F68FC1FF4D0025A
5A3AE1C41B120068FB9B3212CB7583C5
6D544CCA53FC9BC2D15A86A755493C61
E1ECC2EE85D12BA72767C2107B9DD5F3
B00D4E1C44B5203D0358E0479E687287
607FE80598CDAA2A81C8C1044A4F3DA7
329BC3DA2892D2D7B77A6DC5CD4483D9
92482A208CD76EDDC840AEEDEBC9580E
3FD864B60D593DDEFE6BE223028D6515
75BF112C5CB1A233EA1942958E404AA9
CF7095849CE47BB8978907CD370F94A5
71E31307E654DA0C8A4CC7D5DD1946CA
98C61E14723A92F847645B194618D834
A675F9A5BB646B831B62B9F9A005CBF3
D18C04DA6863F08BBEB2EC9E96527C20
7EA264553C6B7A23EA52C3CFDDEAA985
7E8F6AEA4BF3986A615F6D0C719335BF
8EFDF2F1DF48350DA667520AC66642CE
C92582D221FF598095095800EF8F0079
242680F0BD239CB137677D90EEEC04E0
4C7F85BBFE6401821F021D702FD72888
6011A5AD703225AD1724CFFCF89A9398
B44DE1414122DC8F6CF7A2E92CCCA6CF
CC4EE47295E8E71F2B0B8F5FB36351C6
43C54354B6242098B592F8035B317F72
DD9BA355DD56611489944DD0273B062F
EFBA868835901963A1E1410BBED75CA5
696CA63F7DCD9EF228292C78C87BE351
4C640B3F722D96B4F56231DFA40A1732
A89A414480C7AAE49F3B37C54013FFBC
6E1E0FA74620FE5442C40C3000E4D820
D65C5A4F8B33A82479558337833FE16D
F2AEB2D9AC89920B8AE0354727FCDE92
B97A9DD216E9EAFFB15EC99444E81AEC
DFB37B56A54AB29460A817401EA96C46
7992A2868C5980B8FD9817ECDEB2DA3E
02E5DB957B4E1756BC08C73B60C77F5B
F2165707B61AE15AF806B7D48A751789
3A3633BF2C81896B294766CC75139D9E
1E01D461A1A751439809E3CD8D437DDE
7FCFEE2D7E4CEF07140C90AA8FE3C97C
058245214F7E200DA7AC05B27AFD6FC2
A8729D98ED94673D08A5C1E7CFE5511B
DED62921F32E5AF33878FF26CC1C6B7E
A952C1DACEEC07CC31CA68A6F883A991
226D23E1427E068F684840642CC74223
7C0D2E74FA14A7B8E24102A515A8C721
FCDB78E01D0F40B4D9D1F4F34E72A4BB
6FCD9728A74281C64C564E657DD80E8A
B882924499EBE64A035CBEFC7E29A1D3
A73B142B821FC1E2D223912B04F06C8E
7C60DBEB9B3DC4E4F2C91D00D0504239
CFA915015EC030FE5BB4BBF3A7CAAF06
AD9F37B9C9D204CF09EF68100F8F4E10
FE1EBFB5A45A0AD9E8A906F7F1EA472A
829D3F17DCCC448EF76FBC25BCDF0841
B3E93895D1D8D2B35E8B51CC99B1D3E7
D52AC5FFC8AC4CA166A46C8EDE2E7532
B3411DDBCFCB8A3C90899CD315B49896
A40B3752A76887099BEF33242883412C
28D7E0EAD9004607D6A71E4480C12B43
B9D072A87BAE41D1F8EB12858798700A
D8DF4D9CE2DA3AA34A4EB5C81CA52212
234CAD4C4FB6413079328AFA2967A4AC
ADA3C122A0F19702A8836216385C87CD
D1F7ABDCAFE1CFEF7A97162711AFD9B0
ECB34CEE8126B1250530277367EF6013
323EDAB16827CE3DAD0C54969D48A458
DBA0F9555E05151E26689F68C218988D
A22444DC1E6D37BB3709946774713C0D
22476E2E515B54BF6EA2E56C0FDA184D
7E27B1FAA0D3D7AB50F746732B71936D
D43619831CDDF4F8119A09BE69966542
C88FD3038F812E62CEA004C3D84ADCB4
D20894328246AF194C0A862A04F8F5A0
36A4F81430A6A07B31F64DE86FF26EC9
42FD49A49CB9A11C47433EBF652520B8
E188F9ED622310715D05E948AF03C4EE
CD6C229207E8BA2FF88CB58B8B078D1E
FEA336CFB96E47B2D557BFEAE628ECF5
6637A3B76E947D5F1AA323536BDADB50
C9BA458A168D0CCB8F5BA42E39898141
CF0CECD8676D5D02B4E0FFD3ADFE3DA6
8167FA47AC80294284451A2F5A2F8081
61AE083C4F4372DB4F9595D6CA4665EA
ECD53D62B6B6D4F5D61662702943B9DF
DE6CCFAB55AF14B68B761EEA6ECA1257
7E44B731F1480334BA2CACEAA1DCBA2B
1AAE722E4C58AB5BB63C4DE027D3AC63
DCC948D7027FC3A8666D829385A94003
0D4562654118AD85F665D11FCABB3948
483DD7EA9B5C6E092C4BCB7C7EE43A42
A47ACA1270217678781B54103CE3D190
07F261724075DF03565D055B3EA0E753
7F22D49A5E75E0172EBFDE7FF6294A60
D57DF5C96D6A17DFCDD42EA975D4C55F
713B7375810BED88209409280D690024
FF55100263DDAE810EDBE9B40763016B
FB9D1059FA268B88CE59D349E121C85A
754B9E600BC888F429FE473BAFBF6408
73F729B1935906B6EA830A2AFD0E34F1
01CD560FF7DD9317EF1B502B68DA1857
B143FBA40AF843CD85B2012C3CF48F42
0E767904988EB21D8E4FDA1541A5AB1F
34DB2CB92FB4A8068601FE5B94FB4495
3B7B4D0019F32ED851627AE4E0DBBC4D
FFC5C6C3B372CA48C73EEB7D22A683CC
54BC5E0117A99C08892AEF75592E589E
B2EC8E78F085C5E981C05C08A845AA9D
DFA9D9D2A04900E427733D5B86DB449B
E37E566178271E9AAC3CD3B645555B09
385E9EF6D8D7D6952283D121696B8ED3
10FE1C1C2486A056F3BCA5E46143FC9B
DEDA23CDBB7BF274B36E2190CDFAE91E
CC6615D0A109940C1DD0DDEBDB9E2115
20DBEDF5524680243636E9B50FC8DEFB
C1B72BD2ACC75725B5A634FF4B5469CD
5E6FF91A9A01072630A1126F8F714EE4
3CAE1ED390AE9F5EFF91750AFDB36CD9
B312911982CAC51171E5DBD86A0ED392
D2ED4D7BA8B65BD81BFC8FD457FF93AE
58BF92B879A3DA80E24DEAD8FEF47D83
92FA78D5111AA52693CD9B3F716CB8DB
4842ABF896A0025B5F41BAE73BD37CBD
EC0892A911989804A9DF24A9BBF9FEBB
187B5FE29BB834DADC7E69E10DD17B2B
38ACAB67C885FE5EF3BC3E0E701E4CAF
A397729BA5E5C23BDF23FBF26A190DEE
9E83C02B66842AA58A98BA10D78F6159
D7E7BA97A5251BF0534AF4C1A1752005
9BDD00682924A224D9F30F48102195C1
98F7C9C50B2589E1D982B7595CFFA8A9
46104912F9BA04721EC6FD70143879E3
68B28CAF63505040035E35A73FB35B55
C4B9F82218EF5D98BA3C3CF4BC6DB529
3A77FE0C85DAAE126DEA89CF2955416C
FEB5F12A3175355F083CF24F71C38DB4
DACD52CC04CC91135FE0C31DF4F9714E
F960384ABE83A0B472D40BBC4A6928E1
98A2C07C471B05C378B9395039011545
38FEDC216ABB0E5A0016ED23FF996F82
F708C6A62A86C2476A88D8B4E8DB04A3
FC20E793B3B9A37E61726147A4B93BCB
8536068DEF08169183EDA78CAFED0FA8
CCAED79AA9035105592D9DFD024B7091
1B638B9A75864D71A1C8C3ABFE5BBD55
412ECCCE3D1C03FEA748AC99B1FB8F1F
8BD5F3B11BF8908F019E7FAEAD1751AB
964E39347AFEFEE880031F3007B3374E
C1653513424D3CA492DE6D35B2F42FE5
453726E6FC548C9A9933823A407DA5EB
B40F07F8CA2610C4DE836013B3AC10AB
4DBFCE0CE3C74BA998555DCDD16054C8
688F65A26CC162341BED6F4311B65437
E74F8FB313EC6136AF2AF6717CA04A07
B43286B7A9805AA62DA64E0C5C3B2722
BBBF038661254E653A64F4A2488C2AAC
2CE9CAA15DFC21BE97239028067B9299
A94C89B756642FEBDD167D1A4D8E7B6F
AF622E25CA04AC41D9E034DB77C0BFC1
BAD3DED36002BD5640D1B9992499B9F5
8D9119EE97AC252157DE1B5E4EDBD84A
7273088B25955263299EC7526EB99E73
348D5DC61FBD724426ECAEC7032847A5
7CF2FEF68736BFEC9346BD15E48A255B
BD082B54185055F57CBFB7C64D33567E
64274357944CDCA74A71E88DF98CE643
6C5C75871663FB2A036C1E84893BFC28
552F7DFF6DD196070DF6FC26521BD376
477C299B5724C6DC8EFD902159B10256
A138EFEE17D4DD58A160492ED90686E0
A56100C8D1710D93CE3ABE8BD0667BBA
C29DE34AA610F249E13B62EDFE973364
B1D3E4348D852DF298D3495DDB83A27B
455074FEA3EABAB1865E159E778EFDF7
0390E7BE5FED70F4451E35965C374F7A
E4A9D5B5F1DD8C1481100BF365FC3A99
DFF917E83AB3E9DE37E1E48AFA1C6C7E
44021C87613EC4C0C77F1B6122E4D566
045C26AB6F5604B897692FF0F012D351
8A510A2CBD11A1D64C1E0AD061C6D8BB
AA8DA8898AA2F4EB6307EC5114060357
D52E5FF3CB47826D32F1F2D57E16A978
DAFD695146A8176FCF8D96ECFAC82F54
E7A345A7C123003834D665FF226F9DDB
E7A6F3B8DD2B439E15723C29532EF1E5
6011762931271E29C336731E5BA8EFA3
266AA933A7001848C8FE43E05687C90E
EC5461938C580D0124C35340801C61A5
4ED14E30D0E5D514F7B01917175ACD40
D619ADE2F938EB0DD2345C90D7D2324E
4741C65380FDF9E4FBDF8DF68ACF8F36
A69EA2F0A146B7D0665CC986F1C29BDD
C79EA679B8BAFCF838DE850A968A3FEC
300B038416F13963051F5A55880D5470
C0C933747EDFE33D3774199862CEB1FD
FD0A31852440527D4B0B30F72BF4F4B3
9190C3CA9A4C309F5FD074BA907D2A6D
E5D4C50A7A8048B077C64093E5340006
5879EC4D24DB185BA61BB57E0B2A464F
5B18053C9AA7C8392E923331612FC620
FA3951B5CE639D93C486EAED8F8F0D7C
04211D7B312DF6CD661DBC0AEA8F7DC3
DF2617FC3A0CFDB01334A976ADBADF3E
294ED47DA1C37BA5D6E81CDDA3BC0F17
1135A5C642EBD423295F817527152193
AA269D18D363122BBD2D5D5756044092
AA68A1ED199037163658CAF8993F67A0
9B0F1497D241A0CAB5124DB684CC45C1
A73224C998EC5B4E2899DE199EB69898
0AE638EC70F0F1C0DB2F45B441FB4CFC
627840EE74705BC5432A08587278FB72
5236D67FCF0FA80B35E5301C43BA101C
0EE28EB3DC321ABB1B21EA98C506EFDE
577B05FE4EB4B668FC3EA56F248EF3C6
99FECFF9976CE76E307DFD2A277E6C82
9FAC8CF7CC18C5728F7BC7D64F4E8A1C
BF1AE302351854944B57E6C7E7A51765
620A080323F98D66B84B99F40AA1E377
40C3A59360C3AD89589F86CBD6E7A0AC
30E77F49247F8CEEA9FDE88EAA39358D
132D8567015AD1A4275AD48F52934C7B
1F22C43F1BEA4B5805829E70EC1DB392
5CA0446681D4178A1B5D285FF6215E90
5FEFFEFFDFAEA8CD00221713B49B5D08
BA0C2D146FFA51708893030D28034764
990F8BAF336189A30C2E06797A42AEC1
2E1B05412B74C2EA2DBB06D5EFF80721
FF76F79F49FF03685680255E99F5E08F
193C5F267C5ABECB1D473CCD8BD8047E
8B20DE85970B4031FEED3A0E4825C0D0
A8E1A2E08B4D0DA62411346C06D3BC54
995753424DE859C2D2E681FF3E7790AB
3DE0ECA9BDC87DAEC1633B5FE59B2949
095A322B4A6E9C0973F5AF5C4DB2C039
DAA7B5A88A1552480E2F7513375F2118
DB8CF37C1AA6E69968C3B16F93DC7B84
28657E40E6E6C879A46C2D769CFC1280
ACEC23699660C969243038EA99FF136D
4410B48A48626F70A3B0E40C40E9BC2F
46574BE910351CD5D368B41918EC6C78
E51B39C5A76021BCC5EF7B8D98C4D452
6F8D68B622D803EE1486CE7BDDE25194
98ECD21A5C7A3A543786E2A8EBBC421D
E3412714CF7B5125CD0437F3685843AF
6DA4EEAC7E7A0FB8BAAE8F4DA7710570
81E357F7BA43E92E14BB20BD3FAB8222
8DCBA18ABC42A9F6FE40D58A203527E2
BDFA5A54C720B6BE5FADB4154AC2C7B9
0976DE4B71FDBF42C51CCB4FE0F3902C
FCAC67EDDBB381E5F1D0C33F1DA28F0C
F2A0FA3C2C68D6E38BDD99198113EAE3
14015C35959D012DA354727677269A59
6C6C5548835451A84B5D0DB055A41215
02A89096CBF2105B3F567BF4F3E91681
63C9E48CD4B4C29152CCEFB01A9E747E
0D2EA39676E52A5C70BAD70EB57EF1B4
984E6742CAD090D44B26DDDB3FACBE57
B1CC6AC4091E333D96AD83C5D89EFE29
8CEB6DAC7E68C13D4840DCE404A7AC3D
FAC8E2FD74F770BF5A8E523FC1929643
026CDBBEDD01499278C8AF589139454B
60071B508010AC2B0E14982EED97D71D
41E1C0B73523D294E0D3ED9726DCEB59
660434E38A683DAD00B02026F74D63F0
A86864FF141A1C5BA8ACB058EA84703C
E042835987A1A889E14CB459488F3B35
98F97CD03BE5CD26FD215E9E73516B64
74A2518018AAE788F03D6F176850F17E
CE5FE9042D06CF70055EBCC4A26C129C
88D5F1ED6320AD8A97A26188A9BCA320
A0AF3F5D4B066E56ACBF9F1F4127108E
FD546F1E591E2587CC58794783420DEB
1604B4CD52A60AF02FC4BEE074AFF928
A722078DE6E3A6FCDA838594D66130A5
F7E9A17C7230B07F20C3D4FB0256F923
6BE762515EA29FE2AFED568486BDEEDE
7673FD49E58A3C12C4EE41992F10294E
28DC673030BA771E93C59F68F4F2DF73
54DF57CF30F87AE1518653D903226BA4
81E7A1FEB59534C102C78BC1600A3497
7682BD455CE7C44CB0C582C44A2E33ED
55F50197D819DD51B4CBC47DA541A229
E31E97CB30336483264C79E1E52BDB71
A4CCDC0FF900E326024D35F5C9F1ED8C
D9E122B80B5A9CD3629E34E24F83FAA4
D9EF8C960CE739AB7459A1812C6D225B
055D5D0E8FA3CE4F689861FF553E6909
33AD5EFB0F86CDA1024664CD8E4F66A8
96CF6F209B1BC304AEB4910C7E9B3792
AE41B0C2F6215755FBD7715ACE8C23F2
D11F81149C05C682B8AF1146DC74CC78
262CCBF551D587501B6C8C472A81CD9D
5494AE8B07B778E1A2E5AFBFBC007A72
1466294C3B797DF3BB39AE65E4818DCC
2D87F558A909C337989232D73E85BBB3
D6A8D8D1A84443E887AEC473924B9B97
72DB53E6D07AE28CCFA41CC87DE23278
FC3B1F33F0E8CE6666072D5C4A4F142B
F30119E748DD434814206618524FB6D9
9CD358F89A3B914FDCC61188BA7B9C3B
CBF463CB066F4F2893D30EB57FC39844
0495218D8B1E4F18D90C450B45C3486E
9F79814387A4BE45A552C6730D54B3F4
4D6DEF583913F075A93ED2EFBB0E1803
1444960CAF5A59180E8E5B7C0BEB02ED
5AB192A2836A1521443A0091B0D93337
7DE6AB4184119637C35BFBA2A681853B
15BB471BFCBA6AD1CFC4928203E8CEA9
B50334C231FE53AC6688744C9445CA1B
36CB6FA85673084347F3378F1FC33C1C
C17774DC916CD863729C3A55066D86C0
0D09148B6CCFC214E5FE8DA1F1C47923
8E79584DE24AEE53FA487CCBF1C4501E
7A4BFC3A31CA25A99A3687C816F9B10C
01CFBE8E7B19B603BC3ED2E8BDFD7B15
02F6C9C9FEC5E566AB052C8E164E6EB6
D0A1BF2DBCCB41A00B44BB4A1990847B
9EC36A94A0743BC228D960E5176D0958
2D530C8F33E714CBCA70650B37AADD14
AAE0C8844BE99901D8C73A9EE9273936
AC181AB0FE0770243AA20567733FCD17
31C7DB13A534ED62EA4D13E3B1605C31
4F178927F26FF8849ABEB46CD51D90A5
DA7E68A65547DB3DB54E3B8F16EB64CC
0A697C8F4BD0BD8E44BCC82A2147B711
527DC94D91A6566CF7AFCF3E99450BD4
778764249610381B875C41E75256CD45
9AB7BE2BC028D4EC2BD82A08C85B41C3
4C39211C0FDB6F805BA6841871E9A24D
164F73E7B01A052E618780BDABDE2F59
0B4758BC4334FE0E3C6A996E1E7806FA
F121A79BF5925A9725B7CF3CAE0B4583
721A826A9E5092FE4814C72D723B9D4D
FF545E4B98F763B42C03D6D206A17044
E26B7432764DA9ADA74E9B8AD46242F7
0E01F245A30D06312F1D70DCA5B7F517
F3826FCD2BF9C4410D487FC71EE66144
A730E27BD9EFD2EFA0B5D1775A934AB9
3A3506152BB303540C0B31C95EABA3B3
0C2EC80B98AE455B9B4171922D79929B
9146FEFC76AB01AD97BCB6A062FAFAEE
52D5579DC2A24D5A6B62C59A43F9A1BE
BAA43B7A5973F506BE7489CF4D901016
F61DF247C3D55A41CE9A682A063F5589
D10A5D08FDA97669393F46E97FF0F1EA
67162EF5684BF332CF72490BBB23455E
909151E80EA4A4BE2EE827CD2F7A9C69
3548F5C7EC6519773261E36066BF3F70
FC0572BC189E53FF19AD0C66E7E2FC22
59EC60BAAD1C2FBC2B83295036F46C83
846732051169D1FDF7E91EE40C6D9656
898FFD11CBF612F7294A438896A6EE1A
71D78CFC93CAC49C06921BDF1DDAEF3F
54618A87FB3D70BD2D0441A0F650352B
F4198DE13BC7DC643F2334C8630F1E09
980CF7F95470855C36737553A9681508
50B6E7BE4DF8F420017AC3F2E556EE09
1DE9B3439189C3BC532782E025BF7BB1
008CC9430E66BF65AE5D79F8081DB25D
ACDB75BC4A16D0C3329B985DF33BDA92
F9AEC0BC6B0021718239335FDEA2A375
5A616754E0559D55017BF11F8A81498B
D65310A26ACCA5AB8E6590537595E0A1
06DE1721D1AC633AD89007A8A4011434
507AB2C851AA1D92CB9D3ECB9B6C4E46
650F2DA72E2B344E989D734B7F172153
4C771484201B41FCDF33CC0E4C8F9E7D
30A7B2B20D2933F105C7E743AD2C88C9
6B9B2B6A039BE5DAB24F485FCC2DB122
2391533C423CACBAAC88AB5A2A2F2810
61154F2B654D05205A05DBD8C4F1B078
C16A418CADCC659182ADEEAC70E7A421
A5068D9ECB367EFED0514942D20804BC
CCF310A63175107AC8C28D7634D52F58
1B724AD54E589DA99E23C530EBDB7D8F
062CDC14D23A4CEF68CC18059704A3F0
30812D07DBE9EAECB794F2BC31E5D7D4
A9A7D28F10442C6EDBAA25FFC01928FB
ACD3B08C6DC31741A1B2F24E0EA216FD
5D74A1D3F77B7EE004271420702E589B
720C2D8DA46A14864528E1A8DD511747
CE6ADD80E167A40182788EE0541C58B2
47DE233BBDB254A7E5B896332ACEBB48
AF73899382F1FF820EDA3DE621C8AD91
60151540981D8EF1253DEE20219F2648
C77FC208D03A4D3B2D5A3F5D349FED70
09929670DC04909290316E1B1FD86841
1142C59B459C14D1F0D34BF5B43C4742
CCE05A580475E53AB5AE1C2BD98C4EBC
2B9D0EA47DB635C0888DE7685D3A0AF9
145FFB8D33664AB8981D097E3FB7D200
94A4881547884795BD5771D610C752A4
43F62D7FA50F073AFE6D2425D2AC2B59
E131163844D076120F97D4B9A362A74E
CB0510BAEABBBF175F550DACA3B484BC
6E87126DF8AF4B8B21F9C3C19E70807F
D4C934B25A95E57D909E78DF1BA14779
083CF46FA2EC509824014D34424003A9
E743313D8125FE002078302574B651EA
0EDF2F4E7663B836B9439585EA9926C7
6E4B3AF1CE2059EB3E5EF1EA40654C6F
BA157E129375AD87524435E940C233EC
DA63A3ADAFDB307016D7086632D05D8D
09E41686E8E1206185525DF7481E2660
D1634CF8BB237668A19A11DEF5A27A05
BA78BF2F7909F5FA9D8D9EE598DA4557
A7B8DFAF48B6456A40D51655603C1B5C
5723B855C63A766F329B2E9B68B1AC43
44BD56C5825863C9755FD03875E31551
5C4F775E36BD3790544599E499F4C903
46D2F12FC11E4781930EDB6522372CD0
3C05540C91A5FBE136100A7CE7C34791
49637683CD2EFBC4D5A28ED19147F9D3
C2C23E9E094B8700B834AE25D160C67F
6FCA8D5710157196B1EBB7489F2C3A70
903A7572ADBD4908CDB52B2A4C382EA0
4D17FC0EC4892E6F5E9BC6DE27858F08
46E9779B5D73E5CDDD15811277BEB689
8ABC66C1591C063A01764F9716B1618F
FBC0B47D522739249D9499FFF829329B
C885922E5F0D5F587CF54DF72BB5A240
544B84188916D71AA8228B6A41688D60
16589986318E980D297C08AF4BA93BD9
BC27B9B91D965FB7EC57B2E0D6CCAF55
D65F1A6F7226793C6C543CB11F5B7953
03563EAEEF6EC77175542F3A5D3EE41A
AF813C7D22D8AAFC11B9061E285CD846
8827C5CDDFB1788D74627867C8CA9350
8EAE1A7C5906227D80E5B72F15B9B571
39A15A549BCB5826423AF0B73AA84263
8C0935A03153606295A905607E3A8208
9CB9461B06DA07CFD522BE552E46FC58
BBEDDDEAB378E1EF28690A7D8C2444C0
70C3E8B37E6F5DF15553686C1E551688
25C165FDE551C975AFFD35521782EDB0
9C5D8FC54563D1A1900F00C374D14071
37E9F38CAF256176139A78571AE6F5C7
CEF66A09EF681832FD1DBC930C9FFD31
F4470F0C7E4CCB995347EA5936632A08
8F21DF68D2D74C3B101E3FBBE6C000CF
73BEB68319663CB7C056B3C1BFCC8FA9
FDD265604A1B0D56E3B3AC1CBFD54BCD
5AA07C375E5AC4DA1F0552F9F58E0203
0F176949E6966B6BE7BA640AAE02F3FD
0C2DF952FDEA04724B1436D555C98D62
CDEFAA3BF63B615665A73DC7989421BA
832E8B5E65503C46F73A9CDF58CCC4E8
235AC563D48FB0EFC524B2CD73895863
0813C8DFDCE48DB60832DF79E7C8C800
739CB8DAD98EFF03A61CE25324EE1373
E8D8B3033730AE0AA9DBCE8B88F5A0A8
BF24C684E6AFEA4631CB32A214D90EC7
C50B9EC981193A10EEC3BDD97E144A00
7B7B22B93840A6CC3098F96560B059C4
CB3CF5A88D9D3CA0E79C532C6C8DF97B
CD54B7953F286559B07A647D0643F19E
C23FF4011551018DA6462DBEEC3B196F
945743965F3B633CCAC201371E6659EA
05BC864C9A5642F3092C08756F7F2D30
9EB4ABA91BC30362BB26C3419C89E340
C460BA77186CE6CF7EFBA06433BF9DF8
5A24CFF6EBB009E2FC9BFFFFB39DFBF2
B2CDF3D1FA50EAE0E31B7A82038CB033
AEF014BF0BF27E1D5BC42E6AAE3DEA18
96E01DA3B3D3B54A9508B3E7785CE86F
8D38CEDAF9046C9ABC4067EFD720070F
971AF6D06CB0A4988DB7BB90292F99E5
9DFE5AFAFA8C9A00BCB505FC080B69B4
5FCADAE67B1E23C0BFD0A0C180B27832
71D4C4AB01FD2B46059D499E1F995651
58B0E3B9D68C22B0EF4FC2E8980DA6E2
1812A7CAFC3C5A899911C5BCA05B7EE7
DA7A7AD8D272F7BF8FEE33C3B3F9BD0B
DF23D6756BBE960867C4B07F13C3BAF1
8F984CFFE37E0FCF7BC75E6F34AEF2B8
61283EBB8776B90190EE19B8B9BEFA84
08C64600A4F2A0643EA27F92CEA701D4
C702DA305F768D494D4E123A45137E1D
40E570099C32B34D068A401308CE0343
9E90B88888B2BED54DCB55919F0AD2CE
06C9AE35DE5D7040E8B676B733BCF45B
B25F5AD5D7E767B7FB3A79AEC7D871DE
C322257E9ED48BD1566895E886AD329C
436BBBF83F200A13825B220035D24868
5DAE98B53C4006C4F93EC50EC1297EF3
689F3607066375CDCA32136A609138AA
CD3CCAB24672331598B3414EA45C64C1
8C3DBC4F098005C59F02FFF62EFF975D
2713DE33C52AA4897025B4F6CCC257E9
590B224810E0A3109EF623C77E2C98F3
329558826BA253CEF2856565C9608C41
3096E9DADD0C6E13C9F0D56F49BFEFF7
BC2F22277B2E05B867BBFA046CDF1331
EB6E657B6C89A4533AF36F00E2766A05
13B4A9DE01E76DEE53DAC8DF12B1DEF2
1A4170C54342A29AA7AF8CF6EBB67CA9
C021FF5D95671D79AD9D2A546386E96D
9C4C9066AFD5FA65B03C338238049674
856A63695138543F8B75E639B7319217
8AC9B1B20F94BCC7C8B361592532F3B9
12C3856E6C12285C4B13386035E93F3A
899AB9A35368566489FBDDC53813774D
51BD0F232003DD6C8FA4A0EFB2E93829
6B6AF1F8CD771E9ECC05BF3A4200CEF9
9D05AE64147ADED215597A448799E734
694FAE17CE7746665F762BABE5E61C1C
ECF4DA4500CCC716B833CCC885A69DAC
21EDCB13254519543ABB2F27F697FF04
65B8771754DB02A17E5F7710A50C1BC8
D9F4168062F527CCB20886420F7B0A12
0F4BAD18547EF0D351E7D724E58E5AD4
26EB0B063C6DDF273B55C1F7BDD9C99F
1F09340FB23D2FC482205BEDFD686D4B
1BBEC9F377DE667825244554BF3B25FD
326EF965338EA5553827C649E9041EF6
F43FD2B1367D91F96D397774042CFE65
6FC9F4D70B155E1E1DC876303EC73CD1
B30406918BB7BEBF9F615C325E9393CF
9761C45F482E0940B6A0A900D9620E04
1932A9CBB57EFE3B1FE8B635E96386B4
7A1BE4E400869534F9C7CF5E0F2E51A9
878AAD0F6F5765D8BC582816D8D6A29D
4664589722148368A155915364E88E4B
0426CBCD36EB4DA5C3DAD31434CEC714
DD44DFDEA4B751B2BBF2AE77E9F4DCE4
DED96DB9DD74D5771118FC5F1AC0F910
F78665EDFF7DB2063A77349E2062E4A7
401E586098343D50F022CC12D0C1BD7D
40A262617100F8FDE86C56DE9ECCF615
F821C54ED48E5A4F49228B1CD70CBA2D
FAEB3E9DA776AA912B9582344E88308E
AD36C43D76BC98F9C363B5A6824B751F
FAC5EFF482EE8706ED933323182D2831
EFC9D1CF955DC21EB43EE3654379C409
9A983DC84894CDAC0A14F3F000D967C2
B76EC0D83EB5EDAB8EAABECCD8784CE5
95308788A20956DF6800C9751EE9E05B
EC2A44D1D4F8B9F7F869F6F7865C18CF
521A06110A23BE1FFAF8EB5FF2E55586
8ED173848F4BA461CD5BD903DAB04F04
B8FD67BF7BCEBCC3C91784E611176D3C
7D44A24D6C5BC65F39D06A4E8845BAA1
C9CC28F2C252DEED70D5526D6EC449C2
51D3A579ADB984E5AAD4322D0A2D2D84
3B25673587970924C90283B5A2399281
E537B1589146DD25D0D09C269D2865DF
1B41BC096F8B4FF37CAC2EA95C99B38D
75FA9CD52633A27692AC766B9169BB8F
82CBFA67D4672605A14359188FD7D345
9AD1FC2C9CCADDE63D54E3550741F0E2
D68E3D82B04526BADB581415BD281E43
E493EA232ED8AB508B7A37BBC34896B2
E650FCA93CE0CC0BA272994008428004
FE80EB000887E6FCFC86B646DE4A0773
C4FDD4BDD7BF0BD57DD1FE9041521F60
E13F0910B1C8580CD4335E0C0E4EC5C2
F542F87DA24517914379CB6C77C42134
5FD3BC97FE256E8F5B1824C48E918EEA
D72B891771AD2AD7F9E2F76D39A576DF
23EC9D5A868233454029BDE862F7A7C4
818447864EE90C9FA5F7AC15CF6177A4
CB53C0BA5AF48917D5F15D9EE00650D5
4085231B77A8234F02B9E8749F4CFD8B
5EFC277A4F43DBA4560BB00C8930C1D9
5552267492D302F2884FEEAB5A86C5E9
5BB4A168E384F8005C3E43E5EA3A1036
E30483929F3ADD03127FA7A2F4F85424
0850644785D70F61A9230818DC73CA6A
1D40601C78BEB4D21E84B31E87B79454
5D3E95784BAB32EA457D3770C778AD39
8D118A1911C52037A5C372E0A25B1337
24E4525620C711966F676DA59150F110
8BDCF1DFF051A40DF1F1B3B7BB804772
08AF283BB7DC799F1DB7892B814BAE94
892887A8B263BEDE77FF86765F238D82
652F153EF54B023B60A7658F62555E2F
D49D6C4538340D93F596F8C5438088D4
0FD32C0BBDE0979C9863B1C8DFCB3E5B
2E114411F55E76E0BB82D2872C387F3D
781DFD943DA1A20EE855E929E98A4F90
2644DD56FAC347452C5F45B24B52B2A2
F004A98E058AE42E64CF8998039E5B2B
0E973EC0FC88DEA7730A1A3C8A9261A8
C408AAAA3E689867EA313D970BFFE4F4
333E31DAD9F59CB76B18435B911C77F1
3D98C0B83D1D18C6E04FAA89F7DC5766
FC16E584C63266FC155B56C7C8263E9E
6067C0EFF3F790C4D0F8DC5AC971FFFE
6D75778B5D740A28CFD40E97DAE4B2CD
2C237BF0EBF42A7BA1D899540117B2F6
D1A3DBAA930091BB73BFA50BAEEA1BA0
1027C1022B9B7F778A3ED6A746EACDFE
80B136045F678B41492E817502B0E618
E332C0E2CDE60D21354E9A5214DF5DBA
CF5AEB3E201B1F8CB3BCC02D16B4DC4F
A40FBAFE7D017B2A341C95C3647A52D4
91EA4ACA37702B0EB80EB44A9A742766
61CC033DFC588CAC7C44F10CFED1B4B2
1FC62EEB59C59CAEC09E04FE1F75EF79
EFB86FDC842BACAF5FC9073015910BB0
2E92F01A7964DBB349083742685B5653
87682781AF5130F46788CF646BCD9C52
E2C4328463BC09894616ED36DC420715
53C9B7BA8B623FFB26EF29FA8096A8CF
012665DE9B7AC4D2E50143DD963147CD
20424789A56BB3CB9221C4EC6216A237
82BFBC2E9FBAE5EA6AF415E027F2AEAE
E5C321F187870899D6328612228FEEA5
2160009CFD15BB9EAFF3C8DBC179EBB0
04315E9C31395E0C06666F54550AE5C6
6D5F3478A1F2441E14B1214FDDB7A54E
66708B63F314C7E22EC532C096527A77
7B247EC8478690631969C8FCE00C57E1
3C14DA5EA0FDD817C58E8F2EDC22EDF2
120A2D0FC6BDE8F9FF31A20392F6D207
D5BDD90F26412A8D538B20D2C156B8DF
5C84CE02B92295E839C19BD0A48845D5
0DFC0DE54090FC8B9CF02A59E35826CF
F5A3EAF96FEBCCADEC664FF76B583063
59BF9787DBB89534980D902B443A2E0F
A44A3E8C1AB56121DDFA86706A72401D
C449333872A2CE79A2EDACB5DEB9060A
3FCA4E7B5E674DF0356CD5CDBEA5FC96
052F88FEE74A9560C9D9E4549F4D6A9A
7D0EB56058B6EB289FDF13C3B85941F7
8AE8D6ED06ECED26222BA42E676339F1
273411601B5FA94242A08C23EA9C1549
93E58C46AB54C5F3EF16A53C3C9DDBC5
471127BF889F1310B15C0B494E509401
7FD590CD127B1326A5680BCF7567A2A2
49A4832E243B6B9E532CFD7094BDDB8A
29927428CC2CD54FE3062CFC59A272E2
1899F5E72247505821BD9EC5E188A004
A33775DE6A67C28A05981CEA6BD5104B
86733EBFE9C98812EE4340D373D5DF84
E938182B62376D58C253099257E2891E
6CC28070B62B06D9094E3274B2FC7C48
401E97AA3AEB54E4B6A84E055388713B
096AB102C102A57F8FBB1A19C9323CF1
20FE37D472702C2196F12CB68E9CD42B
1AD274C607160BA4A6A2CEC40EA6AE2F
0A81287351E70C734B57F6F13AD8DE2C
93A934DEB883A5CC297304847998C5A2
D6096844F6EB0AFB31FC9074099F8E1F
BFF0BE8C00064FFA196C3A6E3CEB46E6
AD5B19B29807352B93271BDB1AA8BD8B
9AE236E9F92C3C8B8E11354060424E6C
41CA5A49FDE4547C5E494180DD54595C
D2CDC533F64AA45ED9E2A88C0011E65D
9C175B0396F94E2E16B171668A18103D
7D08B1821D7DD3687943C8BE38A667D5
C6336E7085FBA3135FA1FBA4FD5A8402
AF2A08B8EE0F9D6161270247E450AF3B
68B3138F5B67EF10B038012E11919313
4BA7D2D4F1E7B33A5A78BE1ACA99CF46
A134957E0118B6309D82592509D6FA0B
F650E7E2ED1A5BE18212EB57F8DA3F63
9C2E1CB88130FDB90A93231C4751E633
593A4A2625AE8D8B179A960A75EDA147
D28E0575950698510ABAC46DAF9E40D4
C43AD29FCC244729EB32A411F17418FB
0467A510814A58C0569D7F53C388AB3E
EF8710E3883BDCD9BE8C65C17C86CAC9
B844692840583F820B65E0A9D87430A0
C84C3CCF7F5385E17F1652C3B8A94081
7ADEFA47F634C19D69B9599CDB55880E
A5F5ACDB442BE0D71F512C39EE52F6CE
59A70BB3971C25BEFFC172DC6F07BBFE
9C258AE449D25D911D4CAD600A8271BD
3DB04C9AC51E7DE8600DE0B76C48DF6D
7FD1E3EADBB28A4B369A0AE617D44018
BEF08BE295E104C00597B320C8146493
2ECCD426008AA52C877C113E201D2EBB
06E66C5BD17F13BE9137EB84B4F3A4BF
FEA76CFC7A2298465261222F64A2F364
FA2E10B019E1550D6124C9A553A0C330
ADF8A0BD30297DD3BDD30D52F04668D0
EAAC52C709B27CBBAFF9A89D863A0CFE
FE6235E658693338CB6E39CE3BEE0FBF
85034861402100FD938CE92DE4975862
C85A078C1C35B2CBF2CB67C101108414
C80329C51CAB3A3A777CD2C75C0CC7B2
22100A20192A8E5ADD196524D4821521
44054BE216AA3E4ABB16E42D3A2D1C49
722A6C3DD6306EEF5D20D22973144CAB
20A69E39CB9A97F42B79EBF0A0368817
B1BDA7B9AEED82671A400284129C27A8
4A0B39CD1E5D288A32415F0AE6D17736
58CD80E4432DDEEDB449C1E54A8F4D6B
4B04E3D4755A6FAD63F00CA6B9EB7AF8
7E8F7B5634F9013E64AA4C707FCDB5ED
104E6AE67178D113CDD0E12BF4A3BD08
99AFACC8D03018DDADB22ECC01FEDBB7
605E73A54A895C52F2C7C27902318F30
AB622818DCFB4A535BE08749358FD7E2
1CD77A06A74D3B141CB5823845865348
134F9E6022FBD56CF8440D48652B968D
796BE39D4C78F4A2B9E51F8346C3814C
52E4A9DEEF5F560443736D4045406943
C56237703A20ABA62F727C0A54972931
F250A58D7660779FBE90E8ED8424F5E4
A3E71FD61BE042245F5F73C3B71CD70D
55B2B2DA65AA1528B604D07803F013D4
40AC7447D737E7FC70C5F613529197E7
AEE2556A516808E81E51D9A69692D83C
5D51783C205734845B56AC2EF636535C
1EBD3095E055813BFFB588DEEBA306AD
B3E41209E0055CBAB8F6FEE178EC495D
D3A7BE9CD75DA5ADBC0E75C77B607B27
1136E7AED2809685099AF9EB45765B32
81D093348FEE9554193C3DB33DB67FF7
48CA00686467B4865CCBC73E3525DB29
224A9A164BABA90D546EB2E3262066B0
1AFBC09D7CC8A2CDB6AD36FCFC56AC25
757168D64395932573456FBA348A7256
9B729ABC83A0ADF008FCF3DB051DE6F6
83CF85256D32360DC8616E31F5B528CE
202A92E6867C3CF30A73654F576C26FC
05D05C9D0CCC5EDD48E9C7E5631362F8
E62DBBB22DE3144195E8F5D15A21D5E8
6C8EB8AF7DCAACAF78BDD9FDBFCCEA10
08BAB73941E0308757A7C203398EBD7D
67512C5692D6408494EE04A7AE955808
A76B485636C2D99D1124063D6C6ACF46
E91D14330077CBD6D7365D30C74EF41F
899229282DD5CEC8F1F863E86C9C48DD
CA6B492D531A896D9D1C02BF2127671C
FBCF5E0EFCD1910AD4988EC4ED51E358
E83B41C1974CC63CFB1816E0B2C339B2
95ADDF5E15B52966C64FFB441487EFDF
AAF804CFA62781F7ED4FF8EEBC52D892
AC4E991062DF6930DA83BBA62B63D6D7
1C12222F073C278D0E23818F9DFC1A60
5985FDC8F33383572B76055EBC3E3E0A
E623F0C44319EA74BF40A8864D188F8E
5B24D2216D7C79FB2334C2092FE0971C
1244E77E3219A3A9AFC5F48EE3D314F7
7E342C4E3BF1BE2C391FD338B5558369
50ED04C6D3E080A2C06BAC28DE126D93
251DBCE9AC3837AC7634D6121CCE3C9E
1437FCBA828D7AD103195D6A465BBE6B
43BB9F23E2E00B1A38880DA495BB7C76
302DFA0D466AD320A8FB54117E1E420F
EE94C9C71E9420DA90477305D1460C09
866F9E166FC261246B259F29C9152553
C498F706DC043B295EBBDB755D6409BF
F9B3DDDB112841B55CADEE8B2EFCD86B
52D13FCF0B86DDC646ABFE159D125BF2
F9C066E23A8C9CF0655FE6026F36053B
C7BD20C2ACE002F37511957DE869AC37
A67CA1295D82CCAB409088E1FC991202
50DC40A84A395925FB271E4CF69139AF
BC60834D2A1D6EE1D4ADFEBDCA1EFA23
94C0D9F14DFE8BE2ECE3EF62C6813C48
7374DF135051543AF6DE663040E0E01C
08C175B9CFB2D58E383D2D204D10F331
5811AA0D958BF358526CB30A4624F7F5
70C12BFB845B979B56BF3AE1D90835FD
F3E79B178FB7A146B25144DD295CC1B7
751DB92A735C183B0104F28E273C7F15
1CDD33821663850A1FF00E4E692429B9
8D08D0F5389B6DAD19CEFB2C0FABE566
B825FAE5BB9E357453CE17ADBC6A2215
9475513BB626F5DB537D0595034DDADF
31497F99B09D66495B49F663D394F9E3
3B889F44E043979205B9D9094BBD06F1
15237C5F985FBD820715FB2E46C2D75D
D2BF4E0638CE77B9D745B04DDA0D8639
54E5AB385686B41EB4D718C00A84523D
BA374FE76FD239C4D46B4A3CA5567EDA
6F8BF98DF1DA8A83807D949F2280AB90
6F08C1385B447BCF3F7E4379A0B48297
FAA2345127C0EBF99C60C3929EDF83C1
82448135ED421F2C4992064CC9934C27
115EF123C352EF2BED432B6CC6D53738
FC7682163F37A39EBA32E777B3324D0F
BB94FCEE445EB02C97D76E9CE1129F44
C346E98EFEFB2C81C0FFAB99AEDB7340
A9D73A25518CCCC2BA3421B601291721
6A992AB1F7099FC10C442B0FB9FD2E39
3FADBA7623B67041A001931A7A678F13
ED06E849003710B8CAEC809CF93103FD
0F25F41F737FE4FCEC2C5EB7EE1EA49B
E886268053A441E2D6CBEAF089D3A31C
B40690AC563E9F65EF6842412AAAF6A7
87075A46303E3CC77C962E8D4F663D60
5EECFE81C7A0F787BE867823C8D058E4
EF22A74FEAD80E872C1361334A7BAF05
ED0809B6E980D767BAFCB0734F4F7AD1
C85AD6579CF5A501BA05FE0761B8A725
E8D06CCF320EFD11D76DA4A1C0497ABE
F60CEBE4FFF6AB0CAF04ED3F13BC3D65
54FFD63A076AD5C32A6DF56AAFE17385
164BED3D23E7EDA2E6D188E31BB059CC
05F1F53891C5581DB7688770291D2BCC
997AB18DD5F46A9DB898191ADBBF7624
D5FC444180DB2F1CAA4360D576AB1C7E
DADB42EE90D1A2F9D918E0392092D221
E7940BDB6E3D16E4DABD0C90FC7F21A2
5B2A13F75B3DA06D988999CFC7BE6EE7
8536ACDEDEFD1493D063DBA8A01623BB
3949DE5907179187012DD80AF5FD6EBA
47CC944BDE0EB80FFA92506F4D5086F5
D76D999B09941239D6C36123E03FA4E7
04DA43627D29E01AE0276612928A00F5
05D2ED98F41DC05A36C45D0F1672032D
B5C055C7E43A41D69CDC5C484D74C070
4CF2B094949B5A65633CD76EBE0595BF
8864136243F3B864FEE269BDEA8447FE
6316246E8AA88627BBA857C0EB896AB4
C4CE7C3463677C5DFFC44A98F1AB52EC
15E0F0121986F02F37CE58DEAC637EC9
A562E9A11AAAF1FAA69AD709EFA4DDB1
3E7733AF68F8C65F79F057D9D547702E
3A000FD87E4C2A125F3455D9B9F816E0
89F0877AEFA20BF3D469583728CF7513
A8D639D7A43E5D95CA8A79F807FCA44E
52787DE5965B723DE0116B905408CECA
8CD5E7512542DED64C3E3C4887DC5BC0
F6BD1C55D5DA35BE5C36E1BCF13381A7
3C94655E4E2CFF439FB33AA32D434EC9
36D0262BD8CDA78E4EB78F2C08292C23
390AB95B5C1892AE050F3F11263A4388
5A4AE430806C48396118B19EA5E1CFE3
76CB5488EFDCBA2716D5D014584EEB27
5763994E313E5D5985D8F7D3CAB80DCF
CDB5EA554ACC94C3C1C84C1AD58F61A6
DA798131177F09FB8885D33BC032BC42
D6AE19D73308A5B2CD639D815C3145C8
3FE394B94886F885C542F6348FE9C710
6FF18737557E06013AD58B13CD4A5F86
8362826B2284A21DFA1EF04606B03AD9
8B080B562D11D27F62C5946C871A08B2
EB4A9A24D9F91ED5C73A8D5C7AF92A03
2D4CA3D682F285A1E779AE587CFF5565
74099A432112CB95D96BD563BA0CC72D
45345698A4610A2391E14E53D9F75752
B006FA4351DB9AE401B87BD472C32CDE
720C902E02252ADBBFA9328617289E70
72D8EC2B51EE272FE81DAFFA45A211FB
741828C257CA73509B38EEC0BA862894
D411F7CF1FF7DC2E2679895D202B9DB8
10F0F0C508C7F7A6F24920C272F1355C
E14E7EA07DA3E4F36E0C9E27101FA186
E653975063D2339770335B5D6E0F5C64
9B228AA62C9B770709DEE298373A82E9
619D67FEA5EC8D8954533EAC4AAA6AFA
436B328E2075D3B2C8E6F10B5B45F223
CCBB07221668D6488BB481EA6D339F8B
7E167D9F8D1F6351CEDE63F9E06E38F2
817BDADA9A30DCBA4FA09DAF0C688B02
A76EF770AA1DFD5710818F1A8CB989E6
62A4F50D02E26AFFCE7EEACFFEFFF84F
AD17A6B4761DA6122E142AF9BEB621C0
9E378E4B42915467934FA5918B705BF2
4144A7018756309C8278A21BC3D8F437
CF457A72BC87ED4777B7B4952EFD8E8C
8548AB3930C9B4B99B86E4460F4E380D
285577EAB90FC2D49A6F9A05A9C89515
2AD9AF342C92BDAC8DB92BBD54B93B3A
663EC8D8411D459EFF4CAE2E870838CE
A8FAD959A9DBC655D9F140059310F29B
B97D54FD0A6F64DE619B02922344391C
925346B62E8652EC3C5453D05EB378F3
4C5BF08E160602A7DE95ADCCE03AB2B4
8F05C1E6A8E53E2D9E422669AFD14C3F
1E9F8384FDBCA994D4F161DF6E9AB87D
B31A6FA6AA588969268499AAB7E9B199
161665896950593BDE2B86C62FE98734
74C0CA245958AC9A6E7183AFBB53D6FC
740144580F6AA1CA1DC452FF76989C0F
516319DD673AFB348BCB9222DCDD9C2E
72F989FECE2E3464397E233294A7410C
82B5D8614353F54D9EEBB40D4129C39C
0725AC4D78B667AB185B4B490FC3ECB7
77F5F3F2F8D94DE4C1AEF37FEDF68A17
942D0E7F98DB61842E6D3065B5F72704
0F1F7FE0BC2A41DF642E9905CD096F0D
6BBF8ADD695401967A09C66702A68609
9FED6A38639D9C2E1A4D9779DA1FCFBB
D45A91B29FF60AE50DB07C6E4F215BDB
276C79A4563793E4C2442551BF882659
86FDB7155D2ADF9BBFADE028350CD099
6F95551A1F50C4F311989CF801AD83AC
FEB26BD8AD5D0172C0135F1E1658BC20
EB4835EF3441468E30E55E07177502FD
73016A530D4DE69C25F4C54C3AB87190
6DB77E1D70E296FECC348AD3B2D292DF
C545782B707076E2DAF7F585BA6D286C
3EEDDCFC5107A382A92827405AD85C55
5E6BB3DC0CE88C7E50B3E212B5B40D10
1186DD3379A51896B704DA94E77BD2F1
399BEF11D3B54F3968B2F2A3D1433279
8A18E996191C5F349C3BF8A2D8FA2598
C71C1B0C2818B3B5001541485DED49C0
99A3861CF0AE9A1C9B1ED0331A223E39
7F40384E16FE5A7350E03CA7EBE3F667
FE0D9CA628DB7C87BDA1A36398B80D7E
947C74D3E2A2F4697F8542577AE91267
7572B7BB6788D95FD786875D1232849D
D60D73B3FAD6866CF0B7D2D55296C3DF
A50A23C32F67DF254D46703BDB6DA7EC
2C42CB0D7E55E2C385603B16A4C94846
F6CA90C966F3BF0B452A84A3582A14B3
91206799AC8A9EB1350601A3E72DBDB3
E8AD19CA509557428298E38A6DAF036A
5BE12F35ED45A0F474C62FE5A58F25AF
3693402C2F5CCCEA476C3C4D59B6251B
E16B4A56EF820FC9CF31E5FAB740A8A0
53229CF67DE62EBC06370DB6D3D56B21
ACE2E0D2C1655C646879AB67F19AD9B1
B08964069B9555B935EF296190CC2386
60CF8DD8A03DA673FBAA20BBF9CD6DE7
52383D99F7966C3F4853E1DF1B03F276
860F86904F4212366FEEB18B52CDA5AE
56F76839977CCC0EBE7FC6D36A8E6B36
56AA90499CF1EB8497C2CBAA2F6161B0
0DF4773E646D8B6D62732CC6C855A28E
430491F1E5271F3568765B3A0A2590D7
FC682EB8E391659C90AAD9E804FC710E
3E5B7A20DD8DD2F2A79B52DA1500D9E6
9383AD3779F73C887A5FA83C6306D8B2
13D202107DBB37BF86D8C653EF848F5D
43D2BEEE0954337BD0EBD90E668592F7
99898E2AE059D330F14F1586BDC29B22
A3E218252A2562A2CD9443464D9933C0
F2BD4178A63BF00606808701BCBEBCD1
B50273AB90692CC63166D799F898D038
B8B12EFE4A6C5B4E6212D31C7E002DAD
FCBEBB71BE93A9D92027D15A2C4EC332
1626298048B3E62B2D28D4D5DB8A90DC
BC7E1EDC335B4AC90989E36C6435B129
D2D3A442AFFA4B82DC8FD1D280BA047B
896E8E9B0E768783E5E17AF55BBE4FC1
CBA0EA04BECBE5F90B8E00B1A8F172AF
37291F11B99B74802BA2C87F9F435482
9BDED86C934EE8A5FD2E9CC4B355AF3B
7D0124A6799DDFA8391F05C7B9EEE10A
584B52A52DFF841E86159D54063DCF71
2639C3969B959A5181EBCF529B527C23
1012FDD1F23D442B888FF686DE6C3210
A8CF75B4FC928E20A7763AD96A04D7BF
9F48B545B5CFC0BDE3F5D39781D2DDD0
09A1447D247A5EDB269B5A4F914ECF26
625F607B52CE883AB19E151C0A5529EF
9EB18A3B934811B13D87ACE4D3E0CE02
9F6C04DB2A026BD0D925325D370C250B
5D6D8DCF243CF7B01B617EBBB5CACDE9
EF332B32E34E7510AFA47FF06C33EF89
567BF3082A12009B2A38B46DCCFC8CC7
8731BC07FC95C30C6A2D55FCF800AEC6
E35158A41084D321B908C346B5BE6BF5
808058D746C73CCAE984C334E4A40F94
EE5ADDD3C5CACBFA2B1497BA6699D458
A99015339A6FAFE4DBD1A8C6D7A89861
86B48B396CE4017BA290879C77A30CF8
CB39DAFB56408474F9CA7914564717AA
044C52F3F2E6C92058C42A00D69D4FBA
BE32C7D992D0971520A7EB77BCE1FF84
AE4D42F00F64855D8A4BBCC5CCE4B2A6
664664A3CB9DD8B1E5F422F0585F3C7B
51806F8843C03573417910067A35C50D
BC96B52CA3A976BA1816E3662E5E98A4
4DC7E644F9E37AC4E48D1B5A9A71849B
9AECDF9230F94B99809B03D83ECC085B
BD25A880C7B26EB96BB339F7268D3A2A
72BC88970B388C110061403C60083923
1FBE27BFE5E407A03E7AA3ABDDD3EBCB
3CA7D1ECDE51A28BB7D629AA3CBEC31F
310A28128B802B6B455717F30A3AD4B2
DA734978C04D6F91A6C2ABC8E929F680
8D7D28577255F4467B52E9A57A28EE54
57BCAF753848544DC53751506E77EBEC
685DEFE2AEF7F34EE35F79D80CAC8FF1
C7FBA94EC15DB5C7D42061074A214FC4
0825E61709E20ED5D4DD45E91060D540
6672FAF190E4537BB677ACD51D077EAB
5ECE9B5454D224690C1E499AC6EE57AE
3C11C5A66099DA32C959930B225C5DE9
1A3028D931AE7E8562B4BA3DEB4703B7
7FC421EF3BC5C3BD299E3E71E5527999
8E96521EB22E9766B6492DF39C2FC93B
F9D4AB324B6C13E01CE28C04F53F807C
8491F6124ACD458331D012E181424486
ABB3E65A7ED340F820146CF5A67B6B9F
21AC84C994CCA50024D085179F8FEC67
89822C51B2597D5BD1243F4A3329F006
D33B099170247EBBC21F85B575223C55
126F3896F64530E28A3CB8352832AD1B
C57BFAF8C7560EDF35AAAAE4620B81E5
86D11009C114053B50AD31ACF2F4EDFA
83BA0D9232C39BC74EE85F9285C362AC
E338A09324F3335CBF8CC20A83DC34F9
EBC4EEC1DC7F3667DBD7D4ED2B9338DD
EF734E63EF859357EB3A2A8542812B83
A8382211F52FEFC944A02621EFC2A053
CF01C0006A1F6766998DBC89A7F2BCFC
0C08A3386371372076C41D56F443D5E3
F0DABD83D359416C68F7CACE2AFE8962
B8DF858C01AFDED08306F711E4949EEA
A8A4741FF0CD12813B5D338EEBCF207E
7ED768E2738C268BF68CAD3100975CBD
3B854FE71B8E12A257242E1B72D96234
B993C04E5E8FA5C56014AEA80D86D49F
97F7FB0D273AD8291B7B878807391A0E
9F49AB5A74345143EC032A711E3DAC65
056073E58546003ED5E56567F0ED4E4B
AA3BAC82EB9D4F0B3CEFFC10E4685BC5
C4E29FD2B59D2DB3243C4D497E13BF71
3989DA3D842291C42DA09D6C7AD334C4
E34BD69AF06888353F66D5AED8C3B1D8
3F46633EB9BA0F1468F67A41387129D2
09B4EABD0CB6D1BC2A055A35B1933DC4
6F8F01EFAF63FD91503F8E7AE90D9AC2
113A56AAB1D5640180EC298CB2796D33
9009CC70B938C072A3C310D71C49D3DD
5A6A63297A4E1AC1C987F9D529FCEE7B
D12071B315A19C88F4F7F4BD1994E674
19449B618C0A7B15E2129966F9AE1A43
407A66AB155F050F7A62A881E45ACA88
792FE42A3CA35B8F4FBE57EF7C2D6E77
0DCD2C022242CA0D562F8C38B02B999F
38235AE52178F223D1D04A9644EDE8CA
DEF41D646899F90DF5F97128334804D6
B73DA2FE9F53ACE37C2F08B05BDFCC2A
14A421C2854FCA2567C50BFA557CD989
855BCE935AE4617FF770E8BE55ED7333
97B4F9DDAB2CF3DD79A6905BB5573207
001BBEC95C61DADB70AE6E5A712E0665
D23F695CD0CC77FC789E4DAB215BD7A2
288DEEF8DEBF747756FA6335A4C23326
D6763C2FD11D8304E37D10AAC0D7351A
B8DE742CE5332024F1BB1F7CC3E5A895
CB4E685AFC56F44DACED0D2779FA9AEC
C2FE823003CF9ABE63A39EB0F8789E8D
E06B8EE2F14146C578638B2D5AFB9226
F6E282C96B3A68B71A688A667587D51A
23D069687B0AD5E1D3E98FE4854E93F2
9A497DA90DB9D9920426E5A6063DBC53
32AFF1AEC7AC4C51C809CD824CA9AC9A
EF7BDDA8E2FA684829AF9CFECE622E30
8EE2553EB559C6F89F16D0E58ACFE37F
CD11677BA5B0C6DCB8429B277C31A8D8
E8180CEBC694C855A3B944B8D6985FC1
F4FC1844835B9460973C4D74A65AABE9
3CE92D1F1344FC8B154731BC44521DAD
7CE17FA4028C313AF92517BBA506D26D
9B5919CB0FD8F544AF79D5C86C747F77
283597775A6655E4B2BAD0DC91C9E7E1
491B918C8392D99A935BB2EC4B220B93
580625BD6D8DDB2643B6B4668C56D042
537FE11AE84EE86FD5FE936DAF32B472
9DFD43DE6CA5D893153B2AB72D60DC25
884769F1E74300F7AD9C68D45C3B8779
85C25847AC505BF020CF16BD04FA685C
1199C6B5F0FB539E63E675CA47BDCD4C
E5304A50A7C59B655AED335B87C997D0
2DB3545F4E3D208C2B74F3B15A8677DD
52A6DC98183E973CBFE7AC7530F841C9
30DEA4FD6539697A68BDADF305CEA9F9
A19833EABB81B022E7CD685C20DB8B67
362B06A86A7556249785F68A4EA73224
66EE0D751017AB3AE01A69699913622E
FF38CCB778AB1C089764DBD0B6780B85
7C0D030996D0CD669D9ABDF2395F883E
3C105AE7E5D0C5363E01E87791BCFDA2
484274C4A66532FB89AC26BBE3698BFC
43E14330BC8DCC65F821FFCBAEAA301F
8A34DFF96F33AD6FC24A0CA69B29530F
F2D0842C29184FC149B872CCF38E8A9C
2D2DF1C47C50704421EFB706C574C2EB
2C7D2C05046813BBE2548A2D96DF73D0
1437D31675FBD862C1A0BD71078B1547
6254B9BCB9C702AB933D08EB4D57E676
136B479F2A27B19EAC5831FA79541E57
1055384E027D4B8DB1906D06C6C073D8
6769ADD75805E8A85B73F92A96A14695
B0F26E5F3585FA2C62C0F5C9FD578E58
FC4C6AD6F50D988B4D67179B238B1AD4
2CC42E45D2A78F8AD03817A444842520
D4BBA47356AA2E515A163BE807A49E57
94701A20540CED0339ADBDB11E444A2B
6A0EB4D10CB5C9A437901EC7CAD67A0E
FED61B670921233ABC6BABB3D4C72132
D07F59A5ED435D89D51B4EB4091B0933
7807C6E70A72DC021D536627E0B92188
6E9624BD6A140746028946DE4D8839B4
44CE792FAC007500F7704F45F80FFD9C
3FA22876C3A4E832BA2A7E7622302E74
207F44108FB48674C65231B12245F9E6
FD77FE0041F66AD67CBCF814A1917C62
4011F5EA8568A4003E055B937D50F133
A042A58172DB6570A520184221160A0C
B054A05E423168DE4A1C785E8B1A7CAA
2BD0CCCCCACAD045441065AC5C43A892
4585BCBCDEBAC33FF867EAE15CC05027
F6FB5CE70F12B4F61A906DA442C5FE08
3E159693B341584A7E7FB606D6F95A32
45052846E65064ADC2415269AB18DE46
8DC9A5DB4DF7AC0973B79168670A0DAE
25299817A0C2150A5905026F70623EA6
DF9EE60E8115EA91F86981350AC8B3A0
092D058A9410F9BC5E09DDA5E9E7680A
B93E41A61BF4AE04A01483B65CBA1A1E
8DFAC7A58DC74690524781289388E486
56BA93FCE045934ABDFCCC31D97A7682
5E45F16234EFB5319D26F596A8554C63
8C3921A36D371EED39815A932B0B30C2
8E779137B873DA16D9C02C4A620C9240
8294A71579E3226491B54CEB49A4FD19
23F546F13FF9BF1DF9625CE96BFB3F96
0AA3D313F2BD557C11762DAB61AB4630
4199D400F6D19918DAF69D60B50B9A10
FF4AF966B2A132F7E2F51182CF4049A1
4295E5FD14FE58E158E3B5AD4CBB0874
A560FFECC26B4F56C938014F472E0107
F96A1E355E2581E547ADABF4D33E7309
899CE7F602547EA132C0675CC2DBEA50
F9975B775E844D547677EB80C22AD804
E86816E4ED3933D90EECF42831737816
9128F5E406F3BE5F5338B6BA06E01321
4C1A4C48F35101F6F6B5C584001BA98F
B57D3385207A737A9B2A645144B399A6
060B827BDB47A58B929C856A9BCBCF9D
4B7162ABC9577A496771F94E5F37E0AB
61BBA3FB1A7DA35721978B5E1D78805B
2712A7DD5DB53EDE95143EE2D988D5A4
319C07EB6DCE3916D1A1D1CBB898ADC1
B135D9F2AED3594B9C8724C3C38B5B5D
D14BA41FADD8DA38792A585F89D0F3DD
F1BF985AEB08F37BDBEC43EBB755DE19
2ED02BC26FAE6D2FAC09D80551915FE1
85A5C558C2F6CB9A5B5662023B4CDC09
114D2923975BB159F1D9C98E25667B68
4AD949D6B41CE00F58390966B0421A5D
3A7ECF3B713E840FEE87CDFF4666984A
B588BD9FE3BA44E10981407EF7E423C1
802B27A3E1DDA7D02C8A6AF3D91C7D1B
7B876889DAFB097B29FD4ABCE46483F2
5DEE1F3FBB6A09E820E0080BEC29FBF9
899E4F9548D8645A6CF5EF2E4F416256
1D16166AA8B8EAAC32C86C412ACE61A6
9282B118964EE77D01A739F4653BD344
D0606B7800788F01B4786BE814AE4BC3
21951706C20EE65DAB3CC1A45EAF6C11
26C6BB6625149B255A7012612F3370E4
787ABDF3EDEDB97242BAF6583862FC9E
211D4230E05CB40A330EC56C934904F8
36E6727C52078FC409EFF70981A1966D
05777ABF5D9386EED06DC8E1D05E8438
64A6851DE681F7C57F4A9DD22B44024B
EFCA356D55A0BAC3C5EA20B79F45C49E
354195F3B891FE23154B81CC785E2657
4F0ADCD0280022167F18C5E50ECBA3AB
7543F2867D381A81BF2B75BF286452E6
A3D2EA2520DEC0B7822C5C24608737E4
B380B89800E36653AA996C68255B8F37
D2AC7F7DCBECA17F0EF1FBF404C0ED22
CB729CF586AB3A75BC6E652273F25BD4
6F47F01B8F92102263E289AEE67486B5
910D16FDF570EB7852B074C490F90671
BA1AA4439AACC1F36690FEFBFD9A3BEC
DD86BEB1A7A1B208FD05C72002EF06DB
BCC851CA051C172D69D86E6DD7FFB480
D736515EEF5349533D4EE987335B5EC4
7AB9E61EBA0645C3BEB91A745233E907
69B69EE82A89223C465B31882565E8D5
D62AC37F74A5AA18D25EE4C09451E482
2857BB1C7133D861D5117E5F742B1788
846DA9B8C7B539E97ACA49C778C25AA6
4149CF294B881438B0E43122083F73F0
73259A7C3FE9404E4D3CDE22A0B3767F
29749E5032FEB5DD31552DB6A725A1F0
2D2FC3216D0A88BF94EB77DB9C1468FF
87A3EA746AA4A3BF608932123564D922
5570B8A0B9385C4D8B6A018CA9319D0F
071363A8D70CC621329DAA0229DAA04D
A2A4B3E16C8ACB56127DE7081530651F
88679D8D1059DE1A7C18DA0152365E7B
97171CF483C2D0389556AE5CD24AB288
A98E1BC12AEFBD990092D769A16DEC05
FF393D2B0427B84AAE61D722ED9678DF
A0BEAD396A2D85FFEEFE8FFC87178EB8
B0A810233780D3628A4933C4F2BA8645
DC6086B1EA503F99E2248BF19E5E3293
EFEAA9D0758AB714571B5163EA028E80
329AD364F0E0BDB2EF137B5C003A1672
E0A70D4A5D434631D76FC8B512662B9C
911BD1493332E3076261386782E00995
E1F0AC46FE8B740D54FF3E2E079F22D5
4F5C6A597E22DB2A506CF10FD904FB92
19E9FB6002472FF7F5F1D0D5A0D09152
C87625440E2FE144DE7BE6FF488228DA
B9A0254C41048B247D7C65E8F9E15A10
70538CC07E67C83F8A362339374D1B1B
220DD84FEDAC87076F322B6B3DA186AB
C67133FAD48C693FB7AB58BEA7918D9F
ABA878A36690CB5207D1FA36BEEBCF93
744B7AEACEB723B1D34AA993D8B903CF
3400BCA528AA0945DE7716299EDFDD12
90F3F290EA126C5D1E4FE04D6EA54B88
A52C8A6C1A970DB2FA828CF586F92366
A1AB673A1E023F8246375BFBCE63B198
72D427E9EAC43968897491C2F623486A
0F75EE6E15E895885757F39D57D45D44
40910ED1B46C700F87E3A2BF531CAC30
BDFFE32802B9C55767878CA7B59AB2CC
2E9F68B472D704FC3575FE7CFEB4634D
DCCB2683BDD9690B26C3A5C6B83034E0
99262B8D13013F1E9C3E0878064E67EA
8F4AE28A21AD859B728EBB2433C7FD69
A8E1390EF859B758B9F78C212AD98E54
39E1CC72750A8466F3DEB404BC5B5DDD
BF08AB6BB452275B6DAF1AA9CA87E61F
B084CCA0B6A854BD7550E975DDB860AF
6D28E2B2D0098D2267E7D2F02535834F
B450E4896992491F2DBBF71806D6A76B
E8EF3B10BD0224838048A91BC7655AB3
1F460A03D676D3BF364C0EE31ABCBA59
02286DC392FE28713D55995798D48E24
11457A7A9C3098C37B7FD1DF5FD3E429
5111F0D39C373C84C83F8A3E7FDAFFDC
59759CDBA141206889037DE6562F0FA8
2EBF52B8C4F104AFEA70E9F4AA7B7807
669177FDB105334867CBB8DFA553E06B
1A4911EF9FF9F7E352CC847AD305BCFA
0C5AD44CE4631D27340A04028E7A4C8B
434872DDC5AFDB4152FA739E7D9C73D1
B2DCE965D8C48C9456218B605439A7E4
AD6D956AA4B3151FC29B34C581392AC7
0127B4F9DE00BB5CF735E322339B3A1E
4313126DFE1C2B8CCCE8CF36248C5C65
6AD51C140C84F7CD8D2A89D02E469642
78AF849655E1DDA381D7B72B82B82B2F
D109412C482A62C5B86A624BCA1C3B40
0B8FFC4655AF100259082D160D206747
BFF0E198425840F0EF2464187A2171C7
78DF3686AEB939EE1E9A55DED424D12F
6E2384A35464AA66FADE5003D2A6C462
A8E6507564169DDD6BBE3F7EFDB1BCCC
4D668398BCB656804A5238E6AD91591B
29C9FBE5DB4B711D465A013762FACDBD
DD54D4676A48E08534E298B3BF3B3C46
1B6B3A6452269A64232106BF84EE176C
BBB19D0D19123892D90F350DA866D22F
5670AAF5720CF2BCC914D1E04DB701FC
7D32DD405EABAAFA8A5B466305C146EB
657D984CA4ACA9CE62C8CE7E7F0E0BED
67E13C50E22D7BD6B62A4C6F08A9A863
2F45BA9ACF24D809573BEF1E703B3130
729AD42A73B09D5EA4F5F12A0BE356A4
C818FA2A4F5A2D87EE57F95650B1A1EA
6C3EFF94010203B85EAAA893D9ADBF60
7268B7F8A101136BD732184D38B68006
C22A87F61ADD8E10018A8281811824AC
F6B323A4DCA62C2D40D00518A1EBE543
35489E13D745B8987E1D4CC465979166
3541E24547821C2BB435E3559A07E66F
1C721E5799D59B6856FC7F89DD2D90BC
767FE7D8F69517D5F7AD4EC1A1A829CB
08C4E92BDAE5D75B667E5BE85CFCA7EF
1F85739D86BA3A705E309297917A5439
E9D72F50C69B5D11FCA21ADA7DA7BF5A
D3C3C65731B29AE72B3C6697351ABAA9
32B3226077F2FF604D8DC04A559CF9DC
A73D44FF527671C4B144455C46D9AAE6
51897D78DC8835B4A3F6EF4228C88AA0
16D4A6D32C47A0A12AF245B4AEEB2963
90B56EB7DADECF0F586375B204415E1C
445F4D9109789A187D14B8B71E41FB5E
27323034C69F2CD700435516D44902B4
D6B46962CF72EBE15C3D7CD0C7BF65D6
FC4E803A6CA9B20DEF0B91693008EAD5
F3358CBDBBC425EEAFF500D661970D96
053F521C7F6A19F3D7CEADCE9ABF75F6
0341809C7B83144784A1021321E5018C
D8B0B853637FCB9EEEF606089E56B662
A33F33C1D0413FB388947318C333BACF
89D332595EDD123841F77EAF65F1B941
2B7342709B3576FB7D7AF2862E5918C8
91A88F89FEECAF461BA7EB7E95770E5C
3BAB3E1B91751EC4E2205AF49EE797E4
743989FFF8498FA4C6990D217C29746D
2FF28971AB26770FC61A857DFCB2B778
8EC0BEBE16C87226C616F6F30CB5EB31
CF756C0A132078437EAAE8457CD9CB57
9B2CD5A4C62289C15DB49AB755954091
57A4381F29FDD809915A2ADFCF5AD5E9
3DA51893C8FC7689987018F5132675FF
B1EE1E6EAD569C258177AF1314022D85
08FB78874C00DBD70AFE780D1DBB9BCC
E745E5175172F1DEB07F34F9FA7D6415
342CC756BCB28978823CC68567E420BE
253CA02BF69CAF745F6FC4D7673C64BD
9DE7CD8E8DC5F8E9AEE83A5AC662CA21
4A012F35362FAE02D989878D943FDAE7
CF5D57D2B4694AAF35BC4764A104E313
6976B9900D9142FD6389875E57C12E94
3D563C5A3111F84B44236940B8D6D6C8
43D0AB60E54F48B35B6D78D73879942D
F5222B9F8D5125127AE58FA084896D21
F7D780704052D41443CD1DD820D3CD32
194D340D8CB4939B3D3DBA8E8CE0F5AB
08D1CE5DF44337654C9719369BF09DFC
D742631FB919C805511DD28894629A1F
729BFDB9E41AD65442C75C99FCC34575
1E678AADEFB7C86E570CAB32B8C9FB9D
F906F586ACAF82030E41FE3330AE1526
86A52DF920391E4ED5BF9AE193DAAB34
700066168F12A308C5362B966E3071DF
BB4D81081EF679B12C2E9FD1872ADCFE
D6F0E69B6C617A76099450ACE1BFA8AF
F9E19E0058280807D23931C1387D880A
5950B7CCCF7F607F982F0D427884B9A6
60604FF776C3A26D955DEB8712243FF3
52918B32C0FB2F4C3475D9DAFB2DB25F
3CAA75B96CBCD00DE39B0153A4741DBB
5D871C0531039D091A2BB7A49AF35C50
46ABCBF42FFE42C0A8A72056B9B8E32B
2D28F93F169E684DDD7967139A34B09E
3FB6B83189511B2EC369FACA1C58B332
C3D5F725613D0CD246AAF1FF75E79574
06EF394084FAFC9019D20CBF0F718A6D
28C3A3FDA2E5979C192DEF161D970B96
D5036F08D4DC41881C0250B1340E0678
42F2807B11818B374ABDD3DFCB6F3075
D4ED1FADE4964BC80571DC9F48D238D8
80027AE0A0CA54135B0CC287FA8CB08E
46C45441D4F717DD5AF9A52508CCFCE1
785BE348562DEDCD348E7F36D41A8BE5
BF36E98B98630CB18E8D1FDCF190E30C
1AEC8AE533EBA1A047F0B73CC9A38D6B
BB736EFAC4F80E96652BB426A1A4B764
10674ADA3CDED558A8E8732AD7404727
7EAF586A3B2D81FA45E2C21D008B82E8
C26178752C882B44FBD29F3086D55603
447A6DDE9E25EBAB10025C15E93BB751
AADC9D0945A8366CB8342000DA84EDE4
EF64D95BDC5A4CB05890D8A8396653BC
10CA4124844E6C6483AB1AE68E1B89E3
224049CB5FF558C7A85D22E1A1FC97D6
B1BDA6DC1B7B0B80DEFA833D79BEE96B
D46390247F22F72F5D4E0FF923A851F9
CA490724BBAB0E03F3B63754E96B5963
88D0E4F4E5DF2759EBCC700945560BC2
DB8A274E33EC36979AC013774BE211EC
166579EE25130691DBDC24798EF2C66D
CC53F0AA0D966E9EFF9D8671E70E72D7
D5CA5D3B11D1958A86217F8CACFB7AE1
EFF44679D62C83FC3F134307817002F7
C15192B8D339EF5D83BF9B0D4FE52778
F11F5A557B0BA0DD67DA8F8013ABD9A2
A3C260389753DBE235944BBC2F093F6E
D5FD1E1D2131C2A78E8BB399BC7FA388
CE008F991F8BC97373EEEB036712E5DA
9640EEC4A560A151BFC2AD8C9C8B9586
4A9B6FA65C3C90CF1E727EEF09E0BC4B
27E68B879AF2B26CB253A4B117C99313
7790D05D2B0100AC8834CE6CA2D6C505
E5D7AF02041335AFF368B16FC6AA3B93
15CEE5C49F0E01CF89F1FC59FADDA8BD
8CC772A10904DFCE94D94E6ACAC7E605
E3DEE863F4CB588C3263D1881A27D34C
AB2258CCE0C4B24B2D85241F9FFB7F9B
2E89B1DF5A45F37FAA34D0CC3557EB49
D254D5D1CA54D9B38A840BED89A97755
3DDE10E42BB64EB952E8970C3037A512
0074EBACFCB8E4EE9CB795F96F732BBA
3152EB5FF550288181E8F3188E8CB0C5
70FCFFCB546DE87375867B1C1A666A25
4B19DC03CB432DF2CD38828207540E53
5B6443693411123E7DCEB93D9C2D043B
7429145873A650A1600E19ED07F400BD
2EFE9CA8A175223C90B08E0153439BDB
5E9E53E80D49455F77543306A6641EFD
2390A83167FE827B4F49F4EFC7B9F9E3
AE646EC86B97D4654657C2CFDD1F925E
AACCEC4D4FD41BA6A67FD1778492DC94
057270B16EA73CA8CB8C10689F891A26
AF70C39CA4082668A23F7473128125CA
D883EFF86110A0B4630C8D9502C9F41D
01074057FCCDF932ADB483DFC5D7F3DA
A37F5E3FC5DE16DBA13D0DBEEAAFAB12
69FEF93B26D4D453245AF259CF3F4C77
72806168F0C35FD4D38099686411E6DF
8A7C7DBA99D3CAB77341E0C1FC2CF26F
76A1FB626BE6A0B7930CAEBE8AF8641C
20FF2B69F6A49CFED32EB3F1228C5D82
DC60AE0E7E3AF1E02440AB771F5C4B1F
AA65F90107780A7198389D73CAFD289F
B8693EF851FB495A4736961BF3195E7E
4ED5F24F2001A3F643121C3A8991D663
5FF22FCDE653D1D0A5281F47DA11264E
57F510117BF88E0FA9178EEE48A9084E
A1EE7267FF58D429B2FCC6FD6E0CABDE
9D9DECC655AD76191C616355FD460C77
9E6D9904CFA771B4DA8C79E7823FFA4E
F0E2F086DB97C346D13A247F2C71A280
C279FF3F4323CA535073C26A4CCC8A0F
DC0949227F027162BAB2E2E2BB2A3BC9
80626FCFDC5C0752CA46D29A512DD68A
C996507E3C13EA818B850C2FC00BE466
48A6CE8B316BBB5B871CC987C440408C
0192CDC743FCEC34781D7841C35E289F
2DF778A6E073BB9151CF705E12B54125
CB946F7A62E3255AB61222DC454F7DEF
8C24F3E77D3347087712FA09A1634D09
6344E671CDFFF59543112BC1FBCD81F8
6C9F1E560AE52D24E73780C9165B70F0
17C61FF7C39E7C57312D4917DADA6989
9A840FDCF676FFCD671811CED3909C4F
6FAEB28812A8D0477D42D0CEADE29BE5
B0BDC26A9B9842224713F308CAA03373
D3A545FF669B64AAB6AA50B9539758BF
39458A53C93B88EBC06B97D45777A43D
D2096C39B01D5CFAC00BE26A938A9C5C
555C0BBFA5DADA96DD6420276891419A
BFAD4CC814F8C90896C8349455149212
2428F019F221032269B4C6251EB056AC
84762C238E9701FCAD345ABCA5A95542
40F622F1351EC0E85B75DF679AB6ED70
7BB6A41AC6B590F0F6F54E258BD7D8DB
B3ADC27602EB2F3D27DDA370DF94BB13
E4D815A48CE8BF5CA90C00852F734109
BD9C146E5C9804D150EF6C932B1529F6
08C0C0A076EFA7F0332D3CCD7065A229
DBBA220D2AC5EF59D1D5B3507291F7FF
0DCD2934AB6D5157CFD903CC6C510E3C
E4941525A5A1D0C27C1C4EB14DF4877A
BF6306F26E0FB5D769B037925821CCCB
4CA6312B52BC31E272F349F9426B2838
D1433200DE02260070D366ED2EC8FCBC
4AFC824920FEBA0A57CF9EA368399C93
1B21637AFAD1E749B3190B1EF9D88511
98E8C1E7353C31F519A66AC1FCBFE944
3E63B6EB430B53E0F9E09E38CAB77D7E
EE17C5E4346BF667AED9C829DF184426
FB60B9DACB2777AE0E2D30B8A24C85DB
C7E0C46A018524A4DB14C2A7F85AFE29
E647EF65A0753C92ED7448E4FF345A4C
16E0995979697955328DB8C2E75FA614
2E7962EA4721325C6D30D522779EBC00
8ECE7F0EC1B216EA0C87524ED95EDD82
8A864836D8229A6C1C6C38D4803069F6
921F84951E11F5F671DF72453E5637B7
37394E15353B44200EB71D937668C6AF
3083895D009058E14B6036BA04BB0DD9
600EAFDAD69C16FCA15BF8D4CCDB40F9
C50A1AC2C04E33B5561E53F484CC513B
E24571EBE712EBCEF08ED3CBCA5C60E5
A74E392457CE4F26CD74D2C72E60044F
EEFCC2CDC25A946B25D3570FB92C16CB
1C96936162FA3C014F63310E04FCAB3A
741383CF0C9D82473B32CA659AF1B8D2
F68389E9D813BBB107188F20F1E16C72
2B7602BFB18D45CF6C93ECC4D1EA8205
9BCC559E5F4833006A62D33E1DFA27FB
6EC3AAEDC26B425C2FC5468DAB91B45C
BD89113FA91926BC8C189713FBFE302B
E94F532EE51D93359BE6CE352FE2E861
D786EE0A2A05F58150471A277872EF2F
F18A5E4384AE3AEDBEFD1DB87437A321
C6FA8C7D8882E368394E2D8B8F3F0561
10E937920C3DBBE6E2334579EE0B4551
48D55372E6E1E00015D4D987DDE97BBD
CBD3CBE8DD8A6A4B6FA77590B32A9994
14D8A47B9E14A90BC81FC0CDA91DDDC5
A94CE909D8FAF517EC991E33AC2709A0
3F8B7E8C2D7D1A1A9B15C1999D2CD263
E880A1AA58D8F9A6C32CBD4985174133
1CE5CDD2A9E190E24C0BF44186280017
F696084B5A9869AFC374A98E98F32C25
C9668B60AA7EC99DFB231FF5E1F9830F
5ACCD1F89AA6E3D48A24228A0F3FB704
AB378EDD9036048BEB3079641EAB1BF5
A2AF5A98D33609F693B78A886C0FCF82
B859AD72E62516C309A0C34C875B4360
E2D835F3CD2F4222C03F0521605DF42B
DD5D603C103C096D15C4904646F675B4
768856E2294E6DC6585B32C0AE9C571E
3BDF07F241940BD955CB24B641FF4EAE
69A85E328AF96A562B3954B73ED9B82C
954D09695A8576CDED1D7B2061958CF1
5AB11CCD1FDC822B1F9FAFF2793FB807
18ED287C524DD22F3ED414C69723A6D9
A2D762E828DF91E8B06130D282761407
5D9E9361ABDE56F0780EA12B71149D31
BF72A06E217050A01CCF01D09EFB7F70
0AD027EE9B499DE9A5C87544B2C830F3
87BFDDFF592ADD7DB78F4B26247D273A
8BB9D98AAE0AB04955502A0A6BBD4BDC
DD007F4DFCB1B8E5A372F1E3DDB39FFA
97375F9F34C95C34AB4F4A075A746489
192D932450C940C4124FD4D4BAEC3192
78D357DEC10EB75093F44BA515988B0F
6402899E44B96098C4F949B256FE0F98
855E6685E205ED65DF4B7C286CD4ECBE
D578BEC415D6C8F8CB062CCDC06583E0
195C90CCA0D2508B1B21A78D2358105B
449B975791C10D7498CFD270A81EC5E7
F31F9A3A242C87D014B0A405CC717B18
6BAC820315C2C403D6351EFD2487F596
89FCF8921B10CA048240D92D2D089EB5
FA577EFD7FB85F46AFE4D5A03449EF4F
46118BA8C7807698E94C8B983E396B92
9C590C29CA666FCD7EA982A3B787F604
00D199946F5FFF3A4EEB7ECA6A5D4DC6
E5E1366BD12D44761D1F825289278899
31E07AC6A12E33F5E485132572EDB25E
0FA76EE66563EE1A80F49F34649AEA7D
788F66AB40D39AC2076108A985D835E4
DD5E401E7C05199B5D8569428E9D5D4E
C570A83A514BC2A7567B7169BE1BBE16
C981FA980B76D92A920AF1D44A2F8F60
CDE2CA85BF57A07C0774D2DDA6DB8A00
EE18E2A17343D55DCCD27EA19C19A898
774532AA8E56E55A06F54F4FE53C42AA
59268D97F8DFB8BD35F6D82C54C022AD
88A77B8DDD4529577AEC1988EEAA479C
F5AB0EC011F4828D4A993889FD2A048B
50D7092700BF1A9B30506349BAB1C2EB
74A9D0D6953A051841FFC9A87EBFBC8B
29DA01B1BBADA74FDDAF045383B8038A
A0EAFAF632810E8F31B9F9EE16F4BBA5
5C27C4F9CAB5E21082074456C2AE07FD
FC0F0BFC573522F97795E5C21FB4D43D
E2C24FDC7F6C25FBB856002C28163F0C
0D077DF975AADC41509880B4C2090700
95841A75026E9BFA6F5AB53EF1CE7E68
D73691F2D8EFCD98FBCDC5739FEC962E
AD78A8BF2A5969A31D5D7E78038EE97F
A45C4C6177282367EE51A06FE74CAE7A
34D19027C870F57AD1962019D1361A34
9044DC908AF5A8CF2AC334FF30025B3B
6A66FBF36B8FA97019B6CB79A7610597
227DDA722EA590BC4BC17020FFB15742
7CB0ACC78F1D6D2F7291DC1F14F23970
05B8D4C29287BEBB6D863DDB3EBDB9AC
68459844E4220BEAA5A72F24B5BE3452
34FF63F321903F427BFF212C93C269E1
8C51D774D35064134550FEE1E2079582
A442D861E09E0D14227E4C75E41D31B3
19FCCEDF1F1CFE001ECDC2698523D270
AF789C86E28A8889CE37DAE7AC80658F
5B1DA64A09EECE7E10C78A4FE91D46EF
8CE17D14029FF3F0488D5FAFB812226C
462583D450C3EAE35E9EE4F535625482
1E9EE9373051E6DD951F6FB507FDE6C1
76CC8560BA39CB3D36B5B034BEF6C79C
0C5F925B1E9CA41705C0B93EDC2C1D55
8E6AC5BAA10D7BB8AE3D8CD39E144C57
FB904CA631B918717A8F04345EA731F8
C9B93CCF41B942800EA06F4FF2B68002
81FA76C6346042BC24EE5BC5653BC251
B9B241F5EFC69C1EDF998BA61234D425
05583627E93B1B6D9C99C425B07DE35D
A48684A5FA94419E15D65229EEF2E987
147FBFE6AC01C31C0C94BED6D06B262B
3804C446D4BB2C33EC6F232DAFB6706B
3155B5FC8FD6761C686B6F211B3A91B4
A57DC72810CFF7B04BCB24C5CB4168A8
1E2CD50C3BE9E87FE3D29F4A3B9C9DF7
21BACFE4786C2F875FF75053D69353CB
CF8A94D94A568CD555CF2D68EA4FBC2D
064F6844E1DDFE0F7832BD435CD6769B
63B3C726B76144FD6E1696EEA9281408
9FA34219C95639477DC48DADF7B02B44
6D986C30E384EE7BEA3576227480A092
53A7E4699B7ED550413620486DD460D0
4FCF70613C71485287AF222E305D015F
D93043AEC823287F9F1AF11AD4F2A02A
EC0C7D25F8AEA1E4CDC34AB4FD7F2D5D
9FF6ACF6A1A848C44303EAF1B9D525F0
C0B3947356D7D1C5FE3656A1D92BEBAB
4037ED187B34BFC812960D2155874756
AA6BDFE5641839A55A89CF67B32E7628
72A1AB6FF68BD325CE9C83862C1314CE
5D16D354FD44ED4C36EE5F4417947E60
D2F2DDCFBB9D3187F7EF7AA60F3DC27F
D78958C36F0FD2C189AF8AFDDDAC3897
E197F8ADF02048A7B970733B78AA38A6
3857662135E253920AA507D1973CA204
431FF9C0CB187D7AF5170AC2DCFB777A
9ABDC64FB21FC14B208697F88F5A7B3E
5EB8B28F38303AB095FA96914AE3979F
7BA52B51C1C29E37ACBC9588F8A36F0B
531BD1387C149CAB3226E63C9A6ED83D
7C2DF5540D73969EAF65E405F9A28C16
79F379E03865A75DC8D1CAD159BB6E80
D00329498990EBCDD9D4C28625A04C60
E9675D8A4B1840F51659A3166D969A29
A16663D0F81AEB1FEACB3CF2471FA8E9
98A6DE3CE3970788D3E97FE0DE942615
FFCC70C141448AF79942CF739655C43F
329E2F9D53265D1A88CC5C343422B592
E27A7D5412AFF26096A5A9219D032372
1D2B4460B08B8C69734BF293578EC3C8
5201E7633EB058D14E156A49DD28A8CA
1838071E940EBA9BE39D1B598F3FD1FF
C50FC00572000805816E9BFB9D54B805
026DE2D83ADC3BFA63886D6658C07E96
4ABAED4B9D1C2AC0F5D777844E81AF7A
B9D7982076482FC4F95458FA98C7B54B
E3C3F6BA1085DD0A5D2FE5F73DF7783B
5A6AE83442DAE9C8AC79CC0442BEA805
1BDF68F7842197634A1A46240878DA8F
CC83FF497322D837FA7364CF37C37F73
49A3BDFE45A093298B6DD239F48E9E01
848BDC280E357C49B5FF08B9E0AE3E28
8906A8D5D73E44944A14985D06179847
89B56486703CB2FABE9E5F7C118C868D
FC80EDAE89F923D0342363B0EBDC41C3
82410398DA8ECD92DBA461E13ECE1014
1AB91D8B05DB79CC6F27B93D6093C84C
F6399AEEE5A5F417662E94151C3140FF
87138DBF19EF36BCE174003C04D59E4C
6E65297C78D0D8EF2AA9EAE637DE5F1D
86DA0876233B13DC66D1B91841DEED66
FC984924CB24918B399D499D8A4B3A69
22199541F4D634677A2E374FB22865E7
C88EE27692EC3E9D328E4A79D09B895B
FA89BA18ACFA8700147403B71EBC8D63
C4FDC81F9213091F7AC71117ADC73FE0
E36DC3F80A98249B908BDAADE5FC6B26
37748DCA6DC48571F9558121A95FCCCF
6914CF99AD7685891351BBC56EE90629
02EA5B9065CE7E480EE15D0968EC4751
AF4ED305F220CBF13220600964EEFF43
CC9CF55BCAD1D5B2E593EBE371EC2F13
D06C52D115ED152989522491B8ED5D20
B667D4286E8F4AD605D85DCC911712ED
A511087681B964A3C3C0DB45E5C39497
1BD654E465FCD7211C80B761244F23E2
74965AC39E545D858545C614FAFF4125
6BFB7FE5E141AF31577F8FD17FA56B21
EA434E54F99BBD8A31D4EA41585B079A
592DEAEAAD8CB23E80B1E16051C96A37
2A69BF0DA15243A66F2929D4C0BBC413
D9018315B49925EFC5D98A1F2D5B5192
22621F9694BAC53915947D639886D4B7
8E90F3471CF27FB3ED78F109780E8ACF
F33C666D6443FB9F42326C51BB2399A8
E0FF23A25884AAF46AFC90B8F53F0EFC
269C0F00E80F2D06F104CFCA175789EC
5D0CD468F2B34152D5E1A622407F2D0F
90988967CB08BE8CE89B9FF526B0A5D2
21872DF6702461FC5162F24EE4E357D7
97F27F6D3AE6DA0260FEF5619EE541D8
351A492FE510EE6BDCE4E8F609922D56
8CECDD4B9DCB9297F854D50260A05BEB
E3FD8D450F18E7F6872D4915E94FEF2F
6B4AD969F5B9333B85DEADB4351DC773
37C5A68655526E5CC60D7CDD3278C161
6A2C3F0999858EFF21AFD683BF15475A
B6DA0DE3A80164C91A1278B01365CF15
9DADD6BE661C57093EC1805C144CFC10
F48D3E79B6EFB6DF2357D202F1BBE479
F041BE8B104614B3E23A21B843906505
C1D6D1CEB2F0D29D03AA6C0F22F3E08E
B8EAB1E303F3888454F4F4657116250A
CDDCA22A05ABB9DF6BAFE4304200A501
5FD4524D6290D6E1F574D7450D163804
264C7C4969EB5FA6A39B3E9D9A1A32D9
22750C557E4F5916EF3124811FB5EB7D
9555ABC6ABEDAD086E990233AB314D08
1642C4728F5F48320439CD21C49F012E
59ABFE48839E54CE1CDBFB22704B109D
764FA734A28443AFF5CBDA3B2E547D32
7006CA1ADC78E2F99C8509A76F12D253
CDDE68BFF0C33A8AAE64E222B12486A5
4DD601B890A1F3A881909187E7BD5479
825E978ABC2B697BB01BF29971B03F29
2BE7D3651C25C0180EC99A79C4ED2E58
7CD0D9F52A96ADC73516EA93EFA121B9
0A9431E59336F242DA58982900E86784
6CC6193C5EDA8AC5D2B740AD20A92569
A369A1A34BCD77059135E384F242E71E
DEF12C84949E6A31B0A61C74561FCA08
C20EE65955F40ED1F33FF84E4628BA65
91C73F364EE5E5404E8EF1141A91550E
E3823CF5C73A8BA1AFB87D189B95D950
347AE742D5073A33E098C19517EAD546
4E98052551D03E61555E168FB207C4EB
FC54A7A1DA63BB26A0733C57EE8C4EEF
A0A074ECA93A10F078296F723EEBCD50
8D81F466ED333A14E3117D29F7212622
AA6DFFD6F392AF8EC3B59A88ECBDEFF3
03309707866DCA007CB2F9507BCCE0DA
696BB9DF46DC3D103537DC0FBF4DAEE6
BF024BEDD24649C57F291ABE2D8363AE
80B08B852F0038CDB2AAF17127892AD0
C8C87529F574D82C3DFB26F56429152A
84865D352AB5FD2114E77E553B192FA2
2CAF6EBE34EAF09643A3AC9FC2C621DE
6D07A39B2FDA10CD0A7D8875F609236E
F840B5FAFE4B8A28B07590112EF53ECF
005769897FE880EAB8C14FF47680ABCB
9ED59121A0D5352A9778E1EF91F9F56A
59FBF11F69CC84F7702E8FEABBD64EC3
D0CD77CA0CCCABF92621F98C9394B5C0
734A82E0767F2BB6436375CD3FD4EC79
BC35C2B45EFF7E48A9D9ADEA3E959DD6
2BA69FC792B368271284545E77010ED7
74FFE761E20857DC3C07A33995505F86
D1ABBCDE70A9227CD1A12E07B32C95AF
8B4A79BEAB94BCA4460087EE1C49E84A
B85DFFCD377C2A8C0814DFE41497191B
88AA9C4F737D78448434B17B14A6CDA2
CD3DDF377D46F55795C6447E8382AFCB
3117D39AD3BEA63BE2471D325F4C6D3E
4E6F4C5A8AD7E2B415D38AC4AB19A4F4
AF5AA66A4C851FEB482E5F88081C49F8
43FC3FD0D07EBB7AC3B15AE3CD6C11D6
33AB6DC90F7703BD2F7A38D34786CD51
E39FD1A0D71C92BAACDFDB67595569B9
44188986BAD8FF7610B727CD23745CD6
B700FE5EBEB6BA68ED13E533092F2C6D
FAB33A8A5D8222978E9416C979054EA5
B4921FA1D628675046CD4451A5CE7C82
891F3BDC4231C9BF0760C62B4B585E35
89B37A7605D14208A95BF02D29B7CA78
17C3D70411239644ECC93602AF89197A
EACAC2A56B47B3BC590D671E48FBB1EB
E746C059F392552DEA834284E0B44591
2F677F11181817ABBC55EF03AD561C79
9491F752959610D4CDF27836308A1CCE
869F65AC1B1D54A3A8BFDAD1AF789EE7
9C93A1F34939F74D6392192500C6631B
CE807E16849D579BD578E44AC88A5AD3
D0DB45D2292B10B9F4FB6C9F020581C6
2BC6F72A181395F4C31D545B07E17311
BFE038C2026DA14B1877F0D3988731DF
ED8D21A9EDEA7805EDF4D722789AD96B
16A10F66AB91C90DD7DFF004B04E6C6D
E24331B6C5097FF7BB3F4EB325A3C0DA
95C8D2C16CEE32121FC72F9991BE999E
4B5BE6CCD2223A665BCD86D63B767225
1A752F4825F00812B99A1FF995541FAD
6C2AD7C0D45B7DF0FDB1D1CE6D0E5C3C
F33CEECCC57DA1D4365845E41F12702C
122B8C1DF30C4B1953AB357AAEC1693C
D1798F320CFB89CD6DE9C296DF4702F7
9C960CF11C22AA9EFFCBD391A741E86F
D1F041F510AAAEA053DCA4A862130AB2
16BF20652A631A4A5E41B726CE4F1905
2637091CDF803B72B0464A4966F2F318
92397B903ECD16A07ADCD39F08DABE7E
3C16E8F4786D885B410370E922202317
48DA1F4A91B36F9F0E598E85ECB2A36E
D779FC852838C297EA228F84F0C6E017
C74A47B0F4F93CD5B0EB4D640BC7D4E3
CEB2A3B8AAA9B7AF6872E6A2AFA1A0DD
7FF9AFEA5BD6EDE4C5A62D1C557834B8
00317B192856E168547C7336386A8AB9
9349187C9FE5AA637885A4A3639EE340
669218970E98421AF9AA3A3F1B9B6F3E
4F34C8A7A8568284E987EA76FA6E0793
237E682C3CEAFA4D25647CE897D927FF
CDF388B840BC607CFA30F94B5401F5BE
C28B18D34C1F8788D649F76A37BAEE19
58961D45307EEDED637C22E71C197AE1
BD1FCD59E10365E3B469B789A6FFDE40
A2EEAE208CFC98C981FA7A385D197C21
81A86779F2DC8B9084D5D42EC73AD85A
8C7A82B6C13C05A0AA2425C066E2B0A3
F3BDB1824CDAE1D630A181D9BE8702FD
DB59F7542843891476DF62D4800D1847
3B44F1CC07B59CD64D7A67240661F071
F738B508CC815B0849FB213466A572C6
22F713472EAE76EF9738D1AD4F515823
3A6889A73AEF4AFF04BC0BE03628B34C
81CAD4DCECFC3858B6ADAE884C5B463D
94C374D64A2A30F09000F37A8B99C7C0
569AB84624B3536F1D81B42571890FD9
F890106752A7A100094A3D6B40995978
27483FD215455A16B67979BBE1B9C4D0
F43C0DE79A5101AFE22E531280EB5205
621FBDB73F0DF9BF6DD1F1445729491C
DFE4CCC28C701E69A7FFED6B9E815593
D3E78BDC9F8F8CBFDD356C0F2646C53E
F7529CBB94BEC11E13DF8394C94E069D
A040585B36944D2A066C2D34F32192A6
9104ABCD9B09B7AAFE8A7CF2D8244717
335A3381F766B73DD36785F10BC1AC09
9AC3506F8BFA0F856F79637115B8C0A5
615012203D200CA160460E3811C00B57
61FCABB0A02D3B8BE873D8F3BAE38D74
E498A74DDB8FAF9D32293909E71E979F
B0504AEBD2519CE8CADCF59586B0B5D8
AD37018686F9F06102A438998B0A420F
83932C659C7DEAFF88058F7F2A1DC15B
F071D90DB325DD9E662E8CEA446AFA6B
EA15386487BA8D679E90441BF9CB0C0A
558F3D3DB42D85DF88701DC45965FB89
752CA85F1650657AF9D71F1395FAD53E
51DB9A8686EA4BF8E786705B93E50527
333FB2E66112BF39BD882D760436DA58
302F326F92B894EBC7341A06050F1F41
7A2E3886C7C0DCB0C28C1C20875F05DD
E52B41BAF261813BA2FA5F38A753F1F5
65EC060381FDDF5DDD7B9300FB7568C5
26C3E455324FB4FC8CA9A92FCB9B4186
633018BF463F71A56A6F01089B0FAD15
6ABC57B062F7F012BCC8453148F2C1CE
95237CF989AE00FDC63794C559EA800B
1B8EC85EADC2FB65D8A5DF1E97B31AE6
D28DB8D8DC498F95054591E042CA574B
7F51D5200044A4E1D2FC6DEE4B619DEE
ED9493753427268093B6BCAA16102428
99D4B7D241084C2E152D2FEA8F06495A
9DE342275E0A333CE58075AF788E720F
0E6FEE349B29A5ED30091ACF921332D6
C8E00DA2DDF08A4AC7391044620722A2
176030627B11B254DFD9D3BACBCC5F49
28712366C0119887AE156DC28C2C45D1
C3E237960A0D5ACADD21DF86FD724195
98647D3749D50B104B7691A610BD26C3
E1DBCDA29158A5A54B4941FF714F53EE
5F8CCFD9F9086990610CA182E6B5AE01
2BFCF1961E76A5A084A0DFE36C07D3DE
31EDA432599B1489F36752BDED0827DC
85610785B10A3A05BC2D7D43EC00EDF7
C676A9D0D2B0DC97529E834DE64EFBB1
402672F415FDCD3FCD402F7C0A2A5127
AC79AFE6AA0F404C6CDC33A1E5500CEF
A0C0614E302531F45CD95BB07D6A85C3
8892ED1FA3228E2A921921342205FDED
8E4E5F90482079ED33F89B3373BADDAB
73728643D2918CF9596AE4D78BFC38DC
C73B13ECD271A6B5F592C66CEE9087E0
F4F1E853169C0C15E5D8A6F2DC7F1990
3873179947C0AA6EF129A198B5E824FB
40F35D2ED0E7C5CA243A0060D7B7CD49
79DB367DC08582FA88E3445ECC241933
537DD87ADE917B948CB1D672C1E3B8AA
B68900433CA2D6ADA185868241946AF5
1159C37913382967048B1CB6E8A695B8
B47AED9434F318F7C7BD2EAC649F2BCE
27A46F6B0EC53DD0C6C85A6EC8437E48
565FAF3C5AAA0FA349DC30CA66336091
6E066FA6B835899FE8B9C279ACBBCB37
F42D47D0BCE3440FDF71108D6C30A05F
F394A44A7F9E0F2953DF499895854442
C26185F9513768E594C8CA5CFF375220
3D24780E13B1F71130A9372F1A4F16C8
351CA71E71B7C86D87BD401CECEC47EB
AB9B1F881AFE1601112DD97ABD053E5B
C9B4574E3A434DB0A85F37C1EB4AD7E6
E21D28EA730693D2A7BD9B9493F320DE
47E103596C893897427B5E7D0833A3D5
655E4E3267D60583F3C13723F18DC2CD
E90B706EEEBEA1CCC7D51CFA327F0FD2
E4F0CE1F2DF1D4001AC1862449633C47
54E5F917D50A6946F36D0ADB747EA74A
0B9B764EEC88976285AAC1B8B3388801
C6024A1A978776CAC1401E5FC8AB708E
FF1C568CF46A62AC831F50E60A4F39F5
18A8468A132EE5F9AEBCDBB2361C6D2B
7490424C42F801179D4D07B605347525
540DA84F2001D054335FD0E0AD0AC9F1
5ADF15A9BB15466216EA6058B73535DC
2B076240D7F9D988D75D49F987BA500A
9AEDCE516EA76DCE8947E806D4EFC3BE
A5DA8F0F16162C1521900EEB1F5F3383
A0A908F523B3C3AD791976665A3AD3BA
885A356617A1C1203F5B4884652DA15B
4A10085E55DA02BA8A3667E29406E208
18FF1C99F989DE23DD4117E74A0C5613
C56066773ED4C9C59CCB39D1C5D95083
8FF9D8042CA5BF6CA45EA166B937F877
9F59E43D08D57D9DE2FF5C8A223FC863
B5B78BA3A1EC8B49354C360B6A88AF7B
E30DF91117A15DD8AE3D7A973B4F2FE8
C03EB1939B238547AD98BA7737F867D3
5785E21FA0E0552AD41DDFB61AC8B4F6
5C82E3C07464B1600F71FD170A0B4868
DD638AD733B586426EB537976197DE9D
0B04727E655A5770868140F3CFFEB9D5
B5888745264F807AA3FBE45889083F75
8D17CDAE77BAF48379B31C0332D5AC88
E6F4DF8E6DA20EF285445BED9D050388
D29EC04258760328A3FE24F733514A15
73A306900B61B46C00DB1DCD898EF7D2
582288FB0353F52D34EFE9A9A866044B
BD79E4FA7426CCF232C6D1983DE0BC50
86361046E78F08210095D9F302547B08
57C63F996DFFE6ABDADE66225CD7151B
A9AC0CE8BD4551A5EA59B695FC5BECF0
CB022F5A1A36325673185A1A22178D7A
D0E876C2B1E1EFDE08C54CF6487B435B
F7D05285D629835763DCAC39EAD8CB59
FE54330CB1E6B800B4E959599BCAFEC5
0AAA36D96C6C5BEB78709306E8993F87
C59D91CC4D663B013E61D2124C780FCB
603E1C75DA8709955A123C2AFEC63E66
BBA5FC8D061190F4ED82732EC767C3E9
B27AEF5EC04F3FD86AA343CB48642C7B
1CA24DDB740ADA20FA1D4EF63A6395F8
6EC4EECA0667470CA8D8B8AAA1E4F063
053E7A3A378C29F9C99D873DCE27D614
E7818B04E1CDD1A367103499908714EB
7C05CA6B42742FCB70DD143988D148F8
05FF658AFB5B1C362C10AF9D20EB3442
DC77026B1C4CC84B0C1746DEDD16DBC3
A1284D42E3BEE6AEB2C7FF78DC6EB7F4
0DB29EC9BDAA427B7E6B8494DBFA0AD5
01A184C084B0D393052E974234081156
648DA4B93A9E2C4B45A4B17FB00E4820
42B7BF506D194873ED327B3F86CF426F
297036C8ED1422C6CBDEFE23C3E46B30
B316DCE214DEFCE65D45CC876E826470
B9354D9789B9ADDEBA6C40969A7B3B04
94C5F1EF3A14AAEB27A82DD1D29B04B6
FFFC798E3286BB25F02EBDE990FDD427
E63283CF4BA620A41FB331BD9C0B808A
B9E4EAEDDE6D422DCBED5F506AF5D8EC
EDB5B2F75C8C91F40C49E2F2BA9EA548
E915AD1502635464F373F3C4C2510A68
9E185BF85DF527F43719019C1996A454
B47B7A2A4D8C98A9BF9C106DC2857407
9C2B2A3CAC9343A9AD1BBD05416CBC1A
0569D03C2908DC6ED72ED47068B58DDD
6E28B852117D9D99262590D56671E602
214413F7737EFA7E0DD5B508BDE2E295
7B8FAE19AC2E6FC0C18623FB3C028785
FE13A55FB2BC49FFC692743BDD6FF925
E6D10A99A44ECE8437B28BDBDA51ABC3
EB42918C560C18817759EB03075C2C03
E2AD20D786A3A6DEEB70845D6FB40954
98D6852E368E8AE2E491F0D4090EE786
A2116E733133F886EADC033C874061FE
A7DE8BB6F9BA9640F8E49A376C30ABF1
3CF4067849077F7B18AAA7D8700C0541
0D7E1232B8C0A1BCB0F7DDFB928F1791
842ABA643FB333F28158CEFB6E70D349
5056EAA41563B0629963B5DF1FC42E5B
7B73DD5E879EE77380BAEF1310F6E95B
5829EBDA17DAC47465325FD7DAA74B95
A2CAB3AC46B10CFEE27D8AB91E06A804
735E6F4B10C0B57F4EF7A91F4A01E0B0
42EAAABB3C8D1E54D01A8260B8943749
2F261867F2B81C09EFC5AA5671046707
A31A8C2B83A25B8372BAADDD79891D64
38D48E6F5A8470ABEF239490D7ADE907
570C4E06B5EE3E67C8ABAE15C60E13F8
A64A44275458103C0E8922083CE8285F
B0913C96F07323A7A044B36CB9FDB692
79C871AFD79B90AA282686B317B947DC
F51929A987D27670DFA9694760415D83
9DDAFFB9409A61DD93A5273B248635C3
109987253F078396E54A0C20B5946B40
F44F2B32C0F283C7CD78D59F19A4F82D
FB663DA0C2A5F269C42873A711E57F72
9AD70124C3CE1C426FA54EC73C1DCF8B
7E3425C1345E1442AF3B04D9CC2F09AE
CF43B2F0A6A2FBCD5CA87E8F5FAC5693
A2CD9E40F43E7A0D7406B036A7974DD7
4DDC812700F6C460DF785B99AD9088DD
F9B38D5B2DA99DE60A37F764AC56AAB0
92AEB293FA674307F461F51523ED67FE
8FE8A13BE0C30C23DBF0D6DACCF276CE
494C005F1A8F5DB3B78C26011D26329B
C741973BA5EA858E14AE63188C1102E6
E06B27854DEE801E6409C6E7F14D814D
194C1ECA956B4D411F833B27C4C89375
C4EC3B715E6C0A4F97B02A95B68D5C88
EC3480BAD8CD273E96A40BFAE04F5842
C0F7F1DF63505CE7379A53BC7E2565E6
0F107C8A83FA116032DF4192177BC750
D4EE13759F5C81F2D118B698D74B7AE9
69AC628C224B25ADDE6CC236DC8E6E84
9FCB753BB9013D58F98567E830162A6E
04387C9DB4AC6AE457098D755DDF3090
43E09ADDD1340764D493529C6D4411F2
F1C6AFE1DCB3C012093C56A32C28C70E
51CB9716A128E45267B0262DC86F83F3
1EF560DB9EDB326F27669DC030A05ABC
566E08C5DE1C50F11C0C43927A3FCA05
FD010D542BD15C2DF8430B6CB2F8483B
702BDF27556CABF4787E9BDD7B3EAA44
B5452D668C16515127B71CA05ACE568E
046BC7710409A59B70D928FDD0CD5D3B
19D7F726AB9ADE9FDD7C4EB3BA9E6D68
BB0782116BAF960EAF925F555DAE0914
33FD4D57C254DC3781589155CE182B6E
ECB06D6F9EFF4DF146123EB059C854D3
BA748318F1F888EA358C268F79AECD88
27031C47F8ED2F122D4402625D77AD0A
ADA11F0615E60C4A46BA71A8DE40B579
ABB45B2BD68EACCB1214381A71F92681
F9F4A5C82FCC74B427057E965210331E
955F6B84F9FDA53210A0B5BEE098C380
5F8ADB147EB594EF72C21CB94EE27371
2703D21267D5B56FCFB86E3F8CB8BAD9
CD0441766EA9F91AE3CDF4D8BE29B7AA
1C960EE3FA206C5D98F3E65CEF93A79A
02AB7FE5FD9BF848C0EC03DE20CB6355
D238D51EF7AD501FB5802CCD46961518
56A6B186E133BD16391DA9824E8D195C
88EFE442D7B74669221DB92B0B9D4E88
BBAE0E366A5190BA299F32175B501361
3DB30933E34ECF60C8E61B1A6E2CC79C
1F5B1546704CF4B0E4788F0901311716
2A9ED6890C044687F8DB31C81890C205
56A2DC7F7BBC281188300FEDAFB45B6D
D8EA3A030542FB28349661857DAD6810
2F824610B816CDB5313DCDD707AC6FB7
FBF552DE6F83B0AE2A5356D2BC7D88E7
90D31B281A8C32D214ADD2F180B6F426
58B69E21B17E7A928FCDC28DF77E6C92
0A556AD3C4F4D196D61C44B9AE9AE41A
B54A5C0453FF85E4B3A13A12F947D751
2CA66DFFE88AF547E542989B46E9B37B
5022187629D528B656149F5052F2F6F4
20D2D4722FDEDA27F377951D45480018
25A78B1811FC2D9CE4E1DFDB1E5BE622
3048EB7964A70DDA0FA0C8CB315FEEB5
40C774884728E314C578EB4DE7C526FF
B15F849C8C4264F0D5E7E06D48D8074E
C049C5AC9F00942E807B32DCDEA7752B
0D0017D1381874D995C67471DD729E39
CFE2856FF6808492459C14F1C899A2F5
E3FC8A3FDEC779F9CAAE9AE4A53246E6
7EA7433D0A79A4FFB91B958E13B0307A
5633D3DC7E939DA2B0DF40537A345849
5BE199A6AA91C4C3A36C5B0D68656AA3
05BDE85BC396C6E70BF5B4C0F781E26F
27A226145465BD9EEC87F80DE1C6A87B
02BB6747DB323E6213804D6A64A280FA
93428BA9EBDF7CEEFFA90EA5687DAB87
E30FFFD61F9D70053E71B84E68741BDF
2B29BD44D9E91B39B557FA598689A616
106AE84993746C0D005FAD902B930883
0CA8F6E751C446600D6E43937B7281ED
6C502B0227B9A62932F6988FD266CC4C
8DFD2C4BE34F307A946FFF63DE1F83E4
6411D00BB2B253C56509884AC6EA5CF4
E2800AFA4B26C7C8DA138114DC755CBB
84C2374F65C57F7E7321D278D73F8D94
8C2078FC9FB65FEFC520E9E3CD569A52
644B0530FB65C4C47DAD6D68E4FA8051
F31E2F9F3DE517F9F4A8B2C269F20DF8
6DCE5700B9B4CF139D45726CB7C527B2
518AF9E94EFF8965E56FAF5D56FDEA67
3F4C250F591DB132ACE4A7F574BBF50C
66D2D64433CF3957A5E2952DB222BEB6
3007330E672FECCC8F99BFE7BCCCC08A
F59D46C4445ADFC16EE19886D42A5AF6
D05153AD12C8980179E3A66BF57F8E1E
8362B716EE66C80D3B51C8891BC99BB7
EACBF34D152BDD043AFD44C72C5ECCA2
5E52D917E5DC808F3B3CD3EFF1547CA8
262985BDC6109BEA44CD45FC25AA3E16
1132579E60A5EB0BA7D0BC7C5D4C7767
B488FF51AC0B12F38BF9BECD4A29C203
A017F60DD3F262EC34C47E0F0F647F56
892BC74AAF436DB36BCDB3F37B85BED8
F45B78CEE2C1C73F64FBA36898B267B1
662DC0A3361875D157C2890892A521EC
D30F0007EA0AE441229910E29251B3A6
85AE3E58E824AE39E3B6889B38C89ED5
19EAF8043C1CDCFBAAF79ADE4C9D546D
F7AD63289AA81800C3532CA1BA73E831
71922A50C5B76B1D64A5D59213497779
C5E8079EA817BB3ED8B53F68725D671A
AB1DB04D4816BDFF40DA801AC65E2880
6B8AE37A52AEB953E371BE53038F124F
ED396D9CEC66E2D940C7C5B491BB43C6
E508DBCE9E11A1DBE3B473321DA667E2
3F66E8DFB5878E5DB9EC04E623A534C3
AED252CFF5CCB4FFDD67D20EE7E75E52
AD289E713CC8664F7DDF775F824F5DEB
739CAF93AD0E98D4777A2F1A474CF2E0
B3D1472E08A466977A84332C4DF4E042
6E3BBF4B967089D9108D737470845698
63FA95C2F8F68926F0F06CF662E657E8
60C88C8E0841BC5C8D783402192185F9
2E79949C5E4AEDFF29DF729DABA1A66C
83280210B0953B97395427B04C35F335
5F2E1E2E43D0C300D1024A9CBAEDD9EE
D69BC9F3C7A3BB0A97108ACF96D82CAE
E0B4D73784EE9A55B44506EA6569A7AC
95B713F1DBDF08629B9FCCA59AB40EFD
732DC66A371134AE050A8C0C899FFBD6
2AD9DAC89A09F702674BC47CF4886BB1
E0316B7F483EE206FFD5374F2EC3FDC0
520763FA9BBC0FFD9C2889302827E3F1
5E769AA19006FEBD90F559FD1B5BC228
25A622E9A6AE698EA0E55A05C1F3BD7D
D2E16EC32201AF4AC9FC4476227EEF34
A4F63940FD1EB6603C9050CADA2359AC
285BE86CDE15C970F0A330053B9F78B2
CECBBE1BE552DC81B1241E6171F9B17D
D6C3339E53C0E2540AC6E890D06B3BF1
D4C0672BB182A2D46077617EAEDC108F
62BFF7F761E098F71529480ACC62F682
6BE13BEAB210B8A4E761A4C06143854D
3EA013AFB49E39B876BAD178AC7EA0AE
4415B1122DF19F3AC4CF051ACA5B717E
4835713CBD4ACC490DBFFA9D6D16DC93
812D140F7AC7A611A4F76EEB5A7B2FDF
23D69AEECA15C165397DB8D4462A0803
D742FC83F19A201056DB0359C513335F
31C87F85BC8B26F9758E5993DEB8BAF9
17E898480F8CFD5E147A68A3806B13EB
90869C9B3C3849D218244BB9FDE30CEF
131B250E4C7B0B1418F24592FA059589
321B695F442B31BF5B8359EBED29A455
37B84C4164002DAA27814266B3D70FB4
053C5DD600C326149D9481F7BD05C7A8
AF1D6F43FF6F0153BE1201A23405D92F
DC60FBD615E57C54F1549C7E0264506F
3C03C62BF2AF9B1D78F94C9FE1531BB7
6D3C29D7DE950BE13B37CB179491BF9A
45C90C151833D25E419143F5ED08C452
5DB882F184BFA1CED1570A000826A483
E053E067C2F3FD8D4B864C10FAC8314A
F547D14DB93D8B98F4C9F0EEDFF85F73
FC1E5595573E0B6A0C809ACD2FA7D271
08809A441F96EEA0968F5A1153A84F5B
30EEA40C4955998341C486E16AF2A866
9169DC456F5E91E5A397339C559E2615
843E52279BCFECE87686D47615CECE11
3FEC68A7E77F4CD82293CECE5281C260
44CE2722929F204E09AAF6755C66D121
E31AA34BC7466BE145F634C3BE3464B2
012E482EE0B3B08880232DFC33C7CC02
1728FD4725F6E40619998F79F6C87E3A
C6595578599FA79F77E72D21FAA13C52
CE345C97171BD455E06B7053A136F167
917835158E5616E271C3A93360E2FFD6
F588AA9522291300EE371F3F7DCCA4A8
F63898FFE424BC0A9EE431D6A3E73CE5
1EE86C81CE60F74EDC3B5BB1D6813165
DD86772E52B0995B6DC106D5D79C4B4C
9749928FC61D5B7B2C2A93FAAAB4F202
38EFF58A5841C346DC72DCE80DCE6C95
EAEB336647AD7CB5F5D727E4B7DDAF24
549EECFF7EEEDB02E8D210EAF8EA9808
0CF22BAC7BB7B622E27D360E7C0AFBDE
F498D52858D904DC19EA001C50B723FF
351AA65ECBAC231F28745379D72BF0B3
104DBF9B481C8B6A0971001AC0C0EA6F
C2A193A92F6EFB737D445C647E2F4D28
6D86A399F6FB73580883B7E2F588CAA1
4A61F13BC0A11903694CA86587DD3A0C
36A02F5BD7E73EEF78969E9000D23C03
1649E95472B65EAB1CA2657CBD0E3F7E
2AB5CE800A8AC47D2B03A7BAB304F329
33B54233E2AFF6CE9D1D4D3F26133435
5005AAF420509E1384B054A7DEE78087
58C620483FA10A11A870E8A0762E4EF1
28B5D19469CFED93EE5AA188D4BE9FF4
2924ADA427CB1CBC73A4D560F2F8320A
F4F7382D356956122302794E786B4600
30C4CFC956430E974B6FCA175B9370E6
99F0C4563DBC7176627DB2E0F858E028
EA6545F790B2E403C715E35449F84B5B
B4BA28B5400593AE04C49BFEDE9DC481
C574404E3EDDC4C6D2CF41796F78A009
751753929892FE852E857048C946A175
3F3E212473A3A92E1840D7F84A6DE95B
BBD3990CB7FD2058D03330BB863E2CFC
EE76D13BAFADF831EB877C3EE3DF22F3
AF74A814340DC1A6AAC7DC0EF8BC093B
759EBD20ACF68E2BB672A13D21560CC2
0BB2775503E86A5E676352B1AC9D7E04
55E87396C0CF3F56261429B856358371
3BCADB3C639BFC900A565D5188719AE0
E69CE53993D3F043BD4FC0A7E8E31E30
32FB5DDF8FBCE16DAC1D0699C1A475F8
54763B9B1E41A9C6F16EF73281536B47
3C635738A64133F9BD9DBBB6534DE042
99CF0FB40E09475F3962A969D127025C
97CAD48CF47387CB89BFFCC8D969444D
B8E636B0D36A5F58F838B1AE400AC918
880814F332FC773352125BD2E31488F9
D10C00751342BEA9C2F97A9FB77A2FA6
CFECF001DF761155CAE032CF4B06EF9B
3ACB2906E5B8302FA94D7B954DC5BFC9
3236FB1EDFEE52EE0C2C2F450755DD47
D4A5C5505E9296C37C7355E2AF4B8460
25FCD6B84F51F82322B87052539023AA
F83E0860EFAE1A476E91BDFEAA1796EC
56C7855C28D5F34CBA892B3EE472FE05
CCC4700466ACFD48A03CB6050E9A2D33
3DC2D6839BCF8D6729E2A5A7A29353C6
AFB6084D4BFDCBCCC6E6CA271B7D844C
8F3B12D2CA29CEEEF4FB4C6D09DE3FF6
B84287F201457BB8C354A09EB8F1AADC
A269C8E0679BBC201EAE275FD6129711
D44C5F03BD21DFE4A7436DE7FD75267F
D3F37420ABCA6519BFC63942F3BF49F5
48762CE924B9C52BCFDE707A2F498698
19D9B8B12F26220DCDD8F74D58AA8E2E
80E200B00815B93586A3CB7AB5118D46
2B88DF5E7DB3AB8DB0E15D5D4213B1F9
09A6964CC4DECD31DC33AF99F87B2DE0
14CB2D05CC727F90118FE67173726520
0571F4CD1EBB10ED494C0949EEAB70EA
9C6D9301AD666D8E5980807CE7573FE8
FEAE4FC9371AF78F7A07081105133545
45CDB4E236D67D167508341362D27AC8
6865EC20A10568892CF65C76DBF61626
C142F16525EBEE352FF379BB67104BD7
E3475AA5FCA5FF713FD4E16CAA0D6240
D16625A1E156CE282CFA99C98DCAA0C3
9F79414DE7A3DA5AD71861F1AACABDD3
7E33DD788797EFCFCCEF571AE722701B
EB6365C72F203A0736D21AEBB530B208
0A29850983289527320D0861864FAB1D
697504D7C930AD87F8148186BDEF6E38
09C28A7A03946095A0D14AFF9CBC9310
2306B3F4BCCDAA2746D8A02D8AF71AFF
B96039436E7F1F31AFFCB7ACE4E8ECCE
061661A50FF72DA2628576F99CEA38C8
C237971D0611A49961E297EB6441F851
4E8F256FAD74034949759BE8B06413A2
DFE3616E4523C270A98FDF9897E02348
B9E13E0E56B3F54280EFE92C2609ABA7
B8E93D0059497CC660AA0C0C0D455F08
CFB33134AD600FE89918F30F7566662A
B5F6AE3008039152C41750CFA8C9E10E
FC404E48C7F172B2C86E0BF724D467D3
BA2448BF38DB537E490F6370EF0EBC56
D20864B9BBACF2172027B37F075D7633
680FCF4EC19157E3A0F71F1CC9BF1589
F678C410998833C7F49D01742113D6D2
1B0A1BF60F53DA737EE78C5991D040FF
253F5E8EA32DD36A4E9E32A5B92D7D88
FD644ABF29CB46867C311D34E5535656
050316583D944D676D8B7BA391F0A41C
686847707CD15AF2152EB7C3E5F978F8
76BA7DFBF7852F323C4494E839A582AE
6D98801EFD8C6CE992329A5F89020353
DABF7011C88FE7ACBB8A7D97E57D2485
44AA21892F892E98A9725AA30465047B
3F8283240B378B2D0EB2E394EE6CF5E5
6771B77736C82E339F6DA3E22E86BAAF
FEB5A33D33F8DCEB343D5F13DABBF42C
61E796D6E21A4A2964392A467C38D851
10219BCC6C3F026910C8E51248E58D94
AAFC48B010FB004F3B56309B785686AD
E3D364F31767C9027BD5EBA61DB92D5E
B596BA022892A139E02C54FABE894BB4
B39701BFE6684DC15EDFB62D565A6544
07045B9A067D7DC803B3F1462B2C7663
1A12CBF6B0BD9F7FC44ABD13BB461526
5668D508AE0720B01CA4C63D0CB4FDF7
960F94CD150679E4FD1993F300A9E7B2
D14F10C04383D8156E70CC99B4F36861
9174C5425228E718B316C0FA367D46D7
BA3186724B9D86CA667103DF7AF7D589
EF4FB6FDC3191CAD02440D55254334E4
DA92357945B892BE38A9A00370F7E3AB
A0F73763B04BA8E86290B1C7BCB1E870
B91D22E74052AE223609AC926460A483
1F52C8BCFC4F8480EA2ADBB3C5CB61CF
CEEE94C73812C4A98572672B5991D599
E73723FFC049903316BB31B7B8C5613C
E681E3E8423BFA860EC461C24D208E85
30034CAC15902FC4D7F6DB01C100BBE4
FF3B0FCC31CC8DFEAF9C6C0CE86AA9E3
853D66A33CF70BE55CAAFAA3D3B833FE
B92619FD2E070D87535E1BE6C6ED99C1
9A1321F0A0842AAEF0BAFEF5C8B343C9
3BBE72E425B0360400A3A2A3716BB2EA
A00127EB8D2D2F7C28EECD29564E9AB3
81B736EF892CE56BA582A080BF1F036A
D0BFA28AC4BCD9C10CB73CF78C17A94A
64394022D2F723A43555D2DE1D7032EE
4D5077490F2DCB5974C3EA1DC401FF0E
4FC0FFD732373C33E1D26349D12097B9
37608ACD4CDD95D3A27A9C2611A5CA75
193B2EDCF6D2E228DD2FFD54DB3C3656
070160611E06C15F7B88A367F438FB7E
25C2E39A5D940B186AAB53D4C9AC5427
FCAA38C7CB722D3C11B2E7F1B17EC73A
E1E4106E3E0E5227BD3DB71C7CB0A08E
4DD48930334CD761EE9BF3275D0DBC88
C21CCB344F443FD59CD15521C40D88CC
CBD8C76D53C683D1CDA0D908B540FC5E
B62A662D4693F9104D99989349C609D5
0995FAAFA4065EF5C4019A08E6F54342
1694E89F4271872DB26A7742D5F4250F
1D8BEF6B23FA341A934FAE55504F070B
CD38F1536C5558F7507B876268404328
D67540F0290A1156F66691641F8FCBED
D035404C98D286FBA7653E0E54731F68
D641CF3556F288002AC775209E4166DC
EB410BB8BED910C19C803DA8DB8584C6
8C324339DAFA1458F184CC2EAE0EDFB4
24BAE05E69BA299BB70A48F2CB012B01
45C6BBD7E21F6F4D5B9896D046FF3B75
D8121D78787E0600147EB6EE7CCD3D89
024DF07B634F769F311E5FB17E09738C
28EA39DF4A4986C4A9154FF02ACC349F
E2EAAD2A475521440999254B93301AD7
F8DD6E5B763A70F8102DD2FF50DA209C
0EC7749B61878FC4BE050B16A646FD3B
C17E84A927A59F060E71937369ABD10C
B1E4E9BCF9359F3D6FA6CBA0CE3C5657
F2CA6A11D0C03952AA1350E9CCE27C62
CFA7FB49785D764C571C903D3FC0664B
BA6BDA2962E9C9F17CD6D0B35F857CEC
36DE60DB7A386B2F0CD319976A1D9820
8BF9AA9961B5E728D0B28888A069F87A
08B26C5804FF549BA73AC180061CFFC1
B5453BCD49B2851B44EB65A929F95787
1DF5BE4E336A0B04C2B15F123D885503
EAA94A79B67D9627CAFA2DE6AA10E485
F1CDA60CC077CF0E38E1FD7D0FD8ACD7
38CEE985D4488B21C6C452585F2A24B6
DA906B374CCEB3620786059C9292CA89
78E8026E6BACA64ACED8EA0EC7E08F0E
70C9DDE8C01CA4F8786926F5BB977F9E
044083F6932F2E6DA1D3A93CF0A7F0FF
9B71F2BDE36471BD6DEC8784143AE055
17679B63D5646A8F24321B3A1449CD3F
C74D114614B5B2EC4CD2BF5B8E0E2EB3
8CCE8073921CA88910FF7AE609F2E6DE
8A50A40801F6B7F726BF9E95A27E2CF1
6DCADA46FC004CD43B2E4A74E5B3C663
7A8D89760F0AC6259D45B100AEBC198E
8253B7B37C975D7CD82CE0EA22C30236
C7C0FC819018B1269FE7CF5700F43AF1
A1A00A9B74968475ED422AD2C54F3D8D
555722140237981CE867094E94504D34
75D2BFB20B4BD96901581E53D678468C
1FD9525D8B52D043C8AB3213BBCDA712
600A45F8CF8898AA17588FB61782C749
C2ACA6BFF1A58149612B379FF17BF59C
41E0A915EA5246F22379165DE0E01E5C
24BFB8B4D6A8BAE4952E8E3E19F2AE35
66D374C466ECE4C6C68DF7E67BE264FF
D671116E30AE82A74E56C9BA59B88175
6A20AE5017D0758D3ED5CECC6AD77E48
EF5369E602DE8AAB2A1ECA525DC36C2C
BF2F2B95F50416B25511083F1F7E21DB
713EE9CEE3B3069252AE8E84CAEF1E7E
1FA8A613699A0C056A539EF9AE5B28C7
24A850D090B524B3E669B7E59E8EC65B
0E06DDBD92C255D3A2DD564976BC8870
613BC3A701DCE7DD3BEA193EB5172414
A1E2E907AD13C63A7A1B0A6F56416F0D
225933B04F572EAC9C647850D27CB9FF
DBF25380CF1D90124E30BFE58D0C59CC
F4F47458D421785A1715F4B99E2B080C
A11409B1D9D94B37C4236BEEB78A20A6
34E43155414B3515D80B8EB491F121CD
6196FAEE3F9014F70A56012AB1EB76E8
44F57CD3D20B9B011C2374C7AADFEEEE
1C97944E69603F7DF184080F2C7D2F8E
BDF3BB3C710A1AC12A6FB3F0B1400FA9
C805E14DCC8FB966487155DE6388FA23
E8EFD9C7B3366AD44CFAF9CCB16E02F1
A63595FBF1580AE24C6794324DC5FB5F
31B64694CD4C70BB40CFA8F877EC4DDD
B329DF345BDA110BD9303506B2B5B999
D5F3C2D555EE6956C0CCDD8174A20089
F67092BB36C763AF2081C134874F3B78
A0AD30A6EDE95F688B299FF235A5838A
5B7EA7AA8C84C4D7CFA2CCFAE97DF319
0C0659A17A84E9636E9BBF90A8F10605
072B2CB79463E26E8F72A1E44AC5494C
7869ABF9D534AD5C5B7234C90E1923D7
0FBEE2973801C0BBB25C9FCEF3A51345
EF1F3E2D461750A1CC38179F7D5020A0
F6CC47FFABE0C828357B45461B3F1ED3
799791B12B52913391ACF7508F17BA01
92F2081EFFE1F09E41F5C12DAC5A9CB8
C56646741AD494791886D08B49BB1424
26F4712A3BCE358BC3BFA61929FECD57
06CDD57BC4E5F1466F43472E10CF7870
3F1B2E3E5C6CD4A44A6B377E3F5A5A3A
5AF65592414A291110B67B0DB8ABD54C
34BC15682810E00C091583E4CFDA6399
5EED0DEC39FF14826B69B939C8C78569
835BF2CD22FD987F529172E9C333A2B4
1D1CEC973DF387E1DB965529A9DDAC87
507491C5FCE67F33BB4BEC992CFFD04D
82F3DF9EE19B675153D8A7EA387287E7
8F6738360E07A40426DE0B7210AE0CD5
E13E368333274683E0F85B67497A1B7B
8AE2A1BD9A8005A3E3732C977ECFEA8C
13645EDF3B896ABF647A99A4FD8BBF12
9FD08A9BBB859DA95FF6BC285B6B6C35
AB841A63E23D507C17A4260CF03F1F85
C8BFDB3DAA805E428CA00E42546D26CC
0384F1FD816A05E84B72B00A0387CDF3
01E9D30984B57187AB652A4664BB4E8D
E9C12808D35743AE02EBBD6A283A29FA
1C3C023F7A93C1C9F7ECD173E0B5EA21
8E0A8BF3147DCB2DC6A21CCBDD3FE773
EEF9F01889575DB35C39A6253BEF3157
1D9FBA775BE87134FB5CE3C7115646AD
B3D4BFA0BB9D6FEC244A44AE0C54B4AC
D431D7EEEE4992C713DBDDC77835E7AD
035C7B704D7D1973504BC6EC6DD15AD3
563DE6AC3FC716B8E622A5780B376050
C838188EC26587C5FCC9294E14255BCF
00503E279CB9B8AFD81D347484EFE03B
2B7E95287EF810280CFDD762EB3855C3
08FCF98475E3D8A2E822C85581A12FDC
E0BB9436062AD2625CAEF234642B1E1B
5A62B3FFA73A284CE58AAEC3788ECD37
734C49D89D1B4BF0CD246313AEA9A9E6
21F68F66F378AF82843C3971A5FAB1ED
36EFDFF4D95461AF42BA1BAA2BBBEDDE
23A43ADC533258EA9F3CA48980649C48
32E976B736C2CE57F24FECA67687434D
BE8B22AD535F87D26AB798E4883A54D5
67846627E35000E572179D5E02BD2CA4
CB8E89CDB76BA04067598250E0E25CAA
12049DEF6C0733E6B2BC2CD441B87B6D
E13C3889E137F804208E7A2D276BD3A7
CA31641EBFD51D1A33BAB549E1809899
33240EA9965C85E696D26794DA267ACC
56C230C2093A07D9FE74C5821CB1D75F
9E6773E9E5B294D0143329E85CF49B6B
7BB529C7CA8E2E11CC22E3DC3D2862A4
3E0B5B13759A19ACAE63EB7B244472BE
89247698C7EF6F7381205496B6C82F50
3C56FADC6F410E59193681B11F35DC9B
970C24F7F372D65E4F69C9B8B381E8AC
B26D4B1BC946039A6F5AA2979CCCF480
C37DFDB306259AE98C7C44E7E46B0621
64855B68B6985CB448BFEFA529E5887E
D2CF861614864C52FF3BCF8D0944CBC4
3475D86AA1DAC95C5A5D09DB6AB32EC6
C06C34579B942B04F01CF8540037B2E2
F394A421A268573FE7CF7E955873277D
DC4DC2FB5EC8B5E897E31326BD131748
73382E00F44C86DF1F0C2D0A020B8A3C
14BAFE9AA14FE4CFBEECBD4C870BE30E
FE6EE5944E80AC510946103A0233F520
D762A718E41ACB44064F94EC97BFD715
3E85901732B8CE6CDA8130F8ADAAFDD6
9514064285F725244D9B699CA2A2D9D3
DCB0089B335E7606A88286BBDAA96B53
0308303ACD1DD3A71587692369F5F044
92728AAC47DF45050C4250AD181942C6
72AD331B63101AE14B11774FDB055D10
14482DFCD90F321831F4577EEEC05802
2E684EA15635E6C3EA2E93AA0E280964
78CD19B90DCE22770CB28BCCDA7079DF
70DE9FADE418E7526255719A94385811
0550EE61CA6D92D5667BB1DDC6D8185E
B213145D6B4C93772B8258CDBB062B83
D4FF4F3DB8BC5EB424166560599535F3
B3789725F9F2EF96C852305E6A8873A9
EFE2F1972E922C9CD4B7AA4A6CBB4F97
CA10044A6A714CF4FD481713ADDAFF56
A57A12882C971B084EFCE686B16BE4D8
45857143984A06BEFF79824A64A23A4A
39733E3FD314CF5462FE3AAA784A3EAB
9CC0D20C98EA78D96DFCCCA26C421D21
EB5B71A2918588875EA538AB5275DC10
7C3EF54FFE687024DE900E9266D62A3F
2F90A7BC5C3AF5C3AB7438FE8119E3D7
457C6E0335B333D3FD83D676F15B2984
58FE67A5DF751A2047A0CA5E8687BD4F
92260E587E0AA71454F0FE4B192CABB1
F360A130428EE86B1D89CCD08759A397
C32BBF8AC3C54D8E624FD01C3A0F0989
57094D19481B3B1A613DD6F71ED3277D
03E9AA2D367068761ABC7378ED00EA9F
94303AB4A9AA2C408A4FD3B87195A432
2A53D9D28D48C9634BC705C6AFFAB395
6536AE56A5445B3EC99D123ECC0C69A8
CD45C41E6BEF4E4C15A464863E58FACC
B181007C935B5CF1418840322590B69F
474C7F81E4F4F600ABE514E616EB67B4
23B4373577A194217DEB4D4679AC7BBC
6D9B1971CBC5F63933E4594393E3D832
8F0657A5AD71B28059FD52134DF45328
9E2C9AD55473B8CD765572A568F903A0
7B4D737180E20E7FEFC042041F3719D3
36F15D3980BA51428AE30A933BD010E7
3F3DF1DCA72C000A3C8CF29894975A29
C4BFF5EF918534924059281C917B4317
2929A117F47CE3F88EF28E3DF12833A1
6F1A671DE352596BA992E402724BCFCA
3C4DA2B7C89AAC291A36CDFFD8F5F2FD
30769674B21B96BAE0FFF32AFAA35167
7A13511F3D4BF42F90BE453446C94AE2
C5BB13871456AC41D4B750BEFBF3095F
00AFB8E87AC29F19C16EC6FC3DCB47A7
619F796DD1C5774AEBAB752E7072BE21
DFFFF544EFF05E4613E8EC147B0D5375
40C068736189A4168FB67C69826ADD0B
A67D20E3F906B667161C019AEFAA1290
FFAEBAB8872FE8FD2AF761B1262B5996
A0E10CE71BCC07040D6DBB87F7F331B8
462D688C74DFF2EF6C82BFB4C4B16E9A
5054AAE7C4B56DE043676FC21D872546
68D9ECA025FBA28F9B18CFDCD80A9690
DA9B00927A4736DD675CE06376CF39DF
84593FC53726B0223FCDEBCB358DED58
6F7DCB9DF0026F28943CAFBBFEC59E05
206CF5A5B46B5AC0C6482BA0F55552A1
54249A7F1F02FD965185CB5480B28D8F
A805B028F319B13C8B62E322CC3F7115
F624B1257785DD9AAF071396F38542E1
7E242E6B4A6272955407FA2927CB0A14
D847CC398FA41E3D6B8510A38C22C027
BD3019684C4EEF1604ACA01538E04F42
5AD10F39B0C8FF027EEFF22DC9AA9838
53D2A10115BA93F00B8BFCEBEE68336C
50365B575D9E97CB48FDD24E51472A6E
B1C991444D45836BCB206F84CDF05612
135B2A214A11B97C1D6B6F7FF79D8BF0
839560535C030C1DEE6CA251859A7DB5
8EEE3D79F16C7303058F94E6572BBDD2
F13D06DF15DA4499917FD0CB30199C96
A2F0E6194D7B64F952CC4B111689C317
C866C7308ACA9DC6A3A562A35DBFAA82
342A20D4A6ABD4EAE7EA360196AF0A9D
98312A437F7FEB0A9FF5146351D6301C
0CD0DEBAC094FADC832E78805FA709CF
35B402806D37496D84FFF18AE4A2A69E
026C314FF5A21EE82C92E10B8AA4455F
13AEFAE84BFD022DAE1F676E1F778220
0041E9E2C8E68B6453D492C8A9E5A5F5
962079707728E05E813CC13F673CDB65
B5BA70CCD92895E130D6154E72D5BE41
2D68B96F99DFE6FEE3AB05220B84A315
7F0D28C1E58060A442E7A011C96C6CD2
C0E0AEF76DFC4DF64E022F3D1790B6B6
27230DF87BCBE0E16E9DBC6FBE07A5F3
5F1F5A0AE5DF456431867E181292D405
0320E6064EBE1350AF722EF9365AA60E
C1FADC1AE2F8C6E3B4F516A605BBCA94
F4202D7ECD4EDBC4CC24832C779B04C1
03622DA10687086AF1F62A9845A35CB8
B785A44E864200D07EAAFEBC5BDECB47
EFD5609A0C676354D538E7B0F1F6FEE7
7702B09FA1703571129860DB5373AF8F
90E5266DDE08459F440981A2DAE0DE2E
62409E2128380E2DE0FEFD8F1065D8AA
85ED1399E4DD84185DC30C4ACD0C851F
26C2E307C589C68AFF84EE0E4E681387
3A11502ED4ECF6FF7BBDD6BEFA7B2B08
CA5504CB826A2E1EB374DE29B60A05C4
66BEA57777E8417ACA8BF0B0B4B4CF09
D671B16432FB0E3853921CEAD4B3AD08
51E2022C62A6E65EA0AC69F7A998D894
E5441C7BD0C974AA09ED5FDE96287BDC
BAD2F634C3E91662CB82500FFA939302
64B10564B73D7C5439FC27C84E5480B2
7A10A6D97E63BD652532325518384756
5F5B81A4B91CF3D7784DD4385786909C
957E4FE808B9BDD19FC4E4C0E7C07C09
9164B4BF53AA435182193EA2F1D67EF4
D56AEBB7D3EF687D99544CAB1747E081
E9B11DDE6CE81C06241F9CA8BC82821C
5F122423462300F2096C028EA0CCF158
D30785214BFFF2C3C59C7DA5FBCABA72
616913CA29DC45D6CE24C384372EB9E9
C5E72352D0C6BD8037244083A637EEB8
B7B5E06684BBC981EAC20B75245D402A
EEB1A452C82A6422FFAD97FAA429D7BC
1C7711691B841E994A137028A779824C
2B5E828B95973C73589E775EB0371BED
45E5C7C014DFB5D4A011723D9FB0027B
53658354FB62C4860E033E6672E46F5B
BFBBAF097A68B666B14FF8BC099F3A06
89E71E1FE29738EDEF47CEBDF67FED3B
5A7825572A2228A56059E9750859ECE2
E56256792256A56522F3612360F7AE19
1CA96D55D9D5ADF78570A6B655F0CEB8
0E0F981A1248A36086926DD975DC54B2
6E61C92756593CB80D61D2B4D07F13B1
989347738B07687600AA6C947499408C
3660F64933921331695E308B2ACBD313
5336A4A3B0836EF5B2CF7F50659429C1
F51BFC81928338C24EDC8E14B0AEB2B1
0C9A445F4F6CA5DF9FDE83341D1DAD7C
AD341238EA9614C89FF20B3BDDADEA7E
13498BCE327290AD64A454FB34144EFA
448435628895F603DA81728D5D7A3EF7
57ABB67887A495DA0BF4EED1AD5A39EA
DD3BFB0963454C0D0026957B0E89BD2D
69051F81D0DF826D702D315E67D0D102
57485943A82DC3EBEA8F6EEEE297EF6E
968DB9D926D619DBEA3F7947ADCCDE75
BAB2121DDAA691D0158A3E3DF62C8816
0A654C285A8CCFB2C658D2037D6AE26B
13748B5D8110389EFF502E4A1FA35F79
D9ECF5F21538433C79865715965F0A19
EE76AA8DF077EF17E2F158E5EB55DCB9
653B72468315AD3F7C6878A2DB5358B1
4E6908622797720B0641224930C3E59C
35E8482A20D6C4497A7BA2A1C605351C
F16378C81B1390D0A02F4517885FE8FF
5A39BB1D3999A7B6D9346D2F2F9D3FD4
2B77B682CB2B96E72ABD1F544D45FF63
93EE704151D3756010A2D3EDF512A33D
545344A664955C45FFC9AF84F69C1862
1215BAB44632447BCC3A6D7264F4BE22
7F267E57F5F9F2A41C3A11ADF47A4DAD
A97A66D9F258F98F4CA17C4B58829AFE
4905930A02A0B0BB4D1407F1F6D443F6
D4F5670814154664AC50796AFA9A09D8
FE290D46F43A5C0685CDC857C427E5BE
41C237299C62B88AEE54DE5ECDB44E63
2F2B46546FB4068F9EBCAB3C32478984
3C972BFBB71DDAB85AAC3CFD9E18674D
A701077EE2F9DAB581800AA17A7AC964
CC33A1653B04B83DA004DB4AB74AA204
39E8E7FA39AE75247736BE5310DFA7BD
D0E8C12F0A68BD76BD5DC0992FC74888
D11C5A5924C36B1BBE89435340FD0EFA
0E518CAC6F4146F9E708063079367B06
50777341256D77A6792BF681B15826BD
880BEC7459E164204C1921A912AB0651
884AAF0FFBE66E882F93E13C1C749199
8BA025318122642886230362A615DA11
18DD23AFBD2A5E22E320996A181AC485
24E40EE759AD06922A6BEA3A9ABB19AB
248E7ED0336C5F04CE75E3BBBFEF296D
EB834337B3E27B6C6F4C7BC3BA9D5A16
9117B70BA8EF4AA1DD2F019D2AFFA8FF
E1357C3542099F7C193C4215D6328B96
74725A9932A35C632E939E8B6D62BD4B
54A0FB430BF5CD3CA1BF7703EC0E7B87
3BC2BECBC1D0835590283941F2F38AD3
C9B75C5BCA407235E6222AFA2F766ECD
5E8E51BF8E0F5183E7C7473DDD33CC2C
68A4F3C9CD975EC2D6C3EC853EDE4028
4AA06B997B75366ADCF2AC5DABCF53DC
734F433F2211C296DFC03367AA75D65D
9A6959DE79F4E5DA8755A16D6BA1C09A
1B0883DDCED0BBA33DB5054F6865B5C7
4A1DB3D10DC13F3989AC52202B33504D
C37F6B0006F4F28DCFFD03CAC72855E9
A0E818576B21BBAADDBCC518019B1910
519990BA1EF8826AE8574EFABD9A40B1
8CAD4DB760E17ED2D5C40857F50137D1
039E61C59878702BC6430C463CF17DD1
7BC15F0898518E920AD42B32354DB624
34D3FBEA0EDEE1030EB8F6F424C610D7
08DE7C6F1A3FE4CC961D05022ED364DF
FE58A3A46A8949D650D2F2FE03EA1664
B44537CB2D8A33C9B0CB2E09188BC3D4
7974FE1A49ABD85338311974989238E2
4CFD32D97D0D9B0A7E0645E3E9CAB023
BB7B4A9781D1ACBAFC47FCCFFFAA50EA
D8C981E654222C9AEAC49B86DF67A6DE
7D2AAC89BB021863635FD0E67762E8D4
A3F7E8B5C7831DE2ACB93A06944987E2
B715682FC697310B8565BDD8C308DE5E
5E62C69C6880D5A76D8DAAA32307F353
FAB149AFE40A96CCE6FC9BD1C3BB706A
44D422D3DCC6301252988AF20421E5B1
4DC492D2F2A581577B669051B110D615
CC631131C9D381CE2A65C17BB5458AE6
96049B341E50B8695F119702D462BDFC
ED82388E1B43AC9CD160F1963A7CEEA1
EDA3A2017A535D83D8B279F33087FFEC
59A86BE90055229DB6E93FE73D129712
3C41E2396A1CB627D94156F891480236
7DBE25072D83A95F09919AA4B99161C3
4665A82B0D1FBEA39A97454D32C74048
657AE24C03968FCFCBA6DB4731CB0AEB
D1E36952ACC2CFFCB971B6C10DB3488B
71F178AE93029A789AAE0DE430511AF3
E9EB0C260AB5F07E293AA792BA9901E7
1C40680F6DF0EDBA8F56782DD245C115
DF8B22918BF5A36A8DB50BA1ABADC809
1DA54F9DE24165987EB3CACD7BEB89A4
5FA3E9E14149AF1FEFB3E7398D21AB52
C41CFF00CBDA26B3B3B2437870BFC8B7
C450B1148DF214071A5491FD63F4617B
EBE11405DD6BA1D0759232CC83CEA689
237BDF4B0B45731E243AD3DE56D4F286
6CE32BCF7CC580A44E65B463E6CB0A5C
056BEC439D1934D13F419680AB3606B4
DA145BDFF377F9EA3AD7E8755FFA7FDD
824245D318790C77C7EB4D56E8C93E13
663CB557846271A4FBED2452D98C4DA9
8D71626E15D983055C64D1A4D7BD5532
D5675680C7BBA873FB0A9D0FD8C06EE4
F290BE8669F1989C772DCA06D15B5B8E
6E2C38E40B6A228CA199B10024EC486E
98746DA36E28CA4BE6A15BBAC27F04F8
90E8A1934BF579570BFFD2B1B9CF4609
A083178F6C3568E684B5A24787EA47FB
01711FC296F781DBE487DFD5D1ED941F
689569470970ED3F84FC31FBA145D5F8
AC28F44C815C8F8A6B3EC0CD419A6326
80A497AFA90AF3749DF64789C1CB9151
96A3CAEF36EE1BF45B6D09F3D12C95A7
86DEF8E413D6BEA168A1EE03D7E51A0C
6C5FB931AE46E436D23D961AA4842975
F902269532F1E127365C31749477B58F
0BF65C842178FAEA816507FAB16D66F3
C44EC70D18376BAA73E23169B93E1A1B
C01CC207072B0D6102DA3F19B45C2274
0755C6542650E0D582204EF82E8D9B12
6C6B64F046B2DB50E5E06602E7D46C5B
B8BB61609F36F93C8A2F308EDD92074B
13CBE4DAA04B7F56833A00EF6533A2F0
28F0F006765C553233B99B222AF53478
FF63A414CD257BEADDDB463822101442
0E610964F0066BD02D09706FEF272418
25A427240889E844447CB0BBEDD53D93
4BF257BC9FC742FFC1C0B400BDC245D9
455A1D1ABF02675C65D1560AE55E4803
E8C25E8E46CE80B6D92F3B4A93B23AF8
F7C3FDC517E725F37CD4D86942AC8EBD
227DAF5CDAA2F537CF3010AD6BB358CA
EADE9DEC111F0C37E0D0550C0F7875D2
641A39FD60BC168FC0C2CBA0C0A8CD32
09E72A17584708B630D845F97A050A83
8D6E024E3E12C9D18023382064BB9AAA
CF8978A9A3A8F90664FFD41A9D064C4E
566EE412DBD4021606D54E83406358B6
2C9AF09BCDC6D02541F0B91058CD45A6
730BF52FD4AA62C04336A26933722E50
9EF20E80639E98C45BA68E1B194883C6
99D5F97837488D76533FFB1E44D3F461
605C6E9DCE0B7ED8747E5882EC690F2A
A42D482A3B5D381307B8853C304A650E
710D873FC5B880C209425D2CB12DD2D6
87543ECE53219882A61E13D2F88B16AB
4ECF21EC97F6E698CAC4E23DECFE7418
9CBE9B9A1F2802AF68EF16B75473155E
11E44998A5582ECAA74DE8733B90805E
5C5852F4916DF067540C070279B13229
BE60501EBAA97DBD8D5041BBFAE79608
5FE1BBCBD228910F638F03FD43FC1C85
779E2E116368234C8B2F0C9F7866B211
58E74DA10C552BDAA6F4CADCEEDA003D
C61919A77734E721C571AC73007780ED
AAB455DC237C9F3DEFAD49A0E950DC41
4BF094500D76F59CA6188CD970504CC1
31264852DD0A15AB0F5C0BF7EB2DCEF9
EAA4070A3A6E6D9CE69D52E2D661C9C9
F23E2410E4917DA95167F22F0AE1D4B3
ED873F09F4A5E45133BD39B12D28BD6D
29B3116891F7E40AB70D1155EEB90446
D5D14161179E8C810601FF2DDBCC0104
60A3860527FC9E21BB5F014C14B5816D
FA57F90EB28CDA99695DDFEEF5DD99FB
DCEC62C27E600090B86F95AE509DAA48
E0B38B1C4B0317BC38CF80440E76CF44
2F4258AF461E17C62B37EE28D304DA4A
5930C1C55134988F0701B147C88BF5CC
A8720217B5881FEA37157971DEE17237
CE367CDDF29CE00222E2DBD3EDB5434F
D8BB0BF42D9936A8E88FCCDD949D1C77
488677A9F8BF1047227DBFD92D3CB69D
CC16199CF0467EDC5D15A6543C56FECD
8479CEEC6037B7E1A14501BC5C9D130A
1BE5FF869982ABDC65ED92D4310FFEE5
DA423A8FC7BAE0961CCD027A4957F657
87F63F8ACB1B2CD2A88F4654D0DE457B
38768B31331F2553905AC64B813D4BDA
F44895FBD828CD837B80411BB7ACD8C1
8125F3C5190F6C8BA1EBDCB19379BF19
4D972C269A6ACE96B6FB8B1905440EF2
15594551FDF0437641654CD11B98AF64
7ACBA4335A15CD9F5428BB5FFDAC55B4
999A9F9A79DB31EC09006B28DECE2458
5CABEAFF1B72C4A6C1ABBC1ACF4561D7
1C3BED87CF1894B4754862DDF6A691C3
E9835F3C87728066A9EBAE4D4B2ADE52
89E2100FD57113BC10C3273C375630B7
2554F1EF9AD7373B6963182E9644C3C3
9FDBBA8B6473BBBBB1C3AD9D8F37F9A5
66109364FEB38E016958464181C61F63
7FA5751EA13150BB38DFA364C71FFEA7
BFE1AED150F17546D0A8416ACAD67489
76361247C8B510526CDBF763B7108AFA
14DA1B4376275219ACD15B94100B6B8F
FD1F9CE3EA2066AFCFD4005BF6E085F2
1AB789C9210FBCC660253ACF0A4CB957
FDC53EC577C90CE307BB701B3F53AB98
DDED23DAD54CDC3C944017465D27B269
65A40E4825D43A7BF85C31B0ABB13FDC
A9569F4D0A384016864C64120449472B
B580514B79A7D74302E91C9D48FAED42
5644CB74873FAAEDC24051407EFFBE44
4364D0559A1DCE169164D9075260FE98
D2E1217F7E7263DE90C1A9DE2C900206
79071DEA1DAA8B406AF1513AD1CAB5F1
55466CBB0784325E16139567841EAF4F
528567F5A9746F137C1E1F1D95CEE941
EC0459EAED3EF00BA68B1BA1B49FB1AF
977E88095CECB48D1BC7CCFC3DE17E96
041F9204285A51A52E3633B5EFACAE98
E19495D651BE7A4B82C4606B4D352356
E339FD9849CA6B812C449897CD1D063E
D7F422328F5B70D341CFD3E71DD264FE
652664C0DB64E9F3FFC9C453D25C201E
85BA2552A05A401D9A93416DC319288E
B9F786B3A9F90CE475B4795A4CB127D2
7019128045FD9BA679C2C56AF76E473D
CA51313A56A6B6A24C9202BAB8DB63FB
CD37AEEF92D088620F8C367B85F67B7A
D5B07DB9C7FAAD950D83523B748375FA
2F627126902E99F0604CE93D05B63347
D1675DDE57EBE1475097A890AD19D077
3D587B50338447453F0A7220FA392A87
E2FD174A251EB6E2D84658C0C95317B8
4555AEDE3877F46349F2F881BA6C540E
1AF0872B530FE8E8CD58BDB647CBB24D
9E851BC5D5A5A3DA2BD4FC2CFF1C2D9F
D39E29273821D14587293187908C3D4F
B833DC15B4515E3F894116A6D11D2B76
95553B615D9FC7ACEE9308D2B00A6539
C73E2EF30FB840326C6F89233D18A666
13F30ABDA6A73A0EF6062A6C26F13A7B
7DE949B9687CF6B65B37CC1035668F3F
5F57481DA173AD2D8F8ABC6CEFC7D3EB
791DB934FF2177327684CF825243EF98
319AB818A9EAF46268C79AF20C3A0EA0
B8EFD818F466098BF28DEF44EDD3D540
D7D9E8AF6592042E9DE0FA9B9AAA1632
E0DBCF9EF51E9F35AD63D031D6377270
1B3944D9734E906D45CE504062B24ED7
8D1652C95AC02FDFE82461B8E23BB356
9B5BBDC5C755ACBC6782665CBEB461BE
0B9713F4AC040A79B66B456904FA158B
0CA9024E9331D5FBA3516181241658A5
F249B4215AC1E044BF6F4DC7AD48A05A
2B5F6271FC5302C1F7163981D41BB50F
BAFADF73FDD88032DA411581B41E6368
510D3954B19EBD057F58B793A1344205
73CE94365C23DF10BD26293DEBD0E283
879584902D09E0051F6CBEB2C412DC82
F85699578C969ADC0552A949BA2AC6CC
072A589711E8C890DBD228AD930D9DE9
304EE60CB2407FC7FDD7BBFBB93774EC
639926EDDE92C2DB9364A314F8AC85AD
D69D56D352899B97C839600D38FCCCE9
3EC7E7F83E015F3F969DFD6058C622B8
F90136E9C9BD15EAC10482976BEAC246
AF37796DE7578CED40DB111A4DCAE1F3
A7C1725536E6972FEA4EEDF72B257B04
87B5B1CB39E46EAF8DA527EDD76F396F
DEA2409E5D5D9FA87FA31207C2CBF701
1225C66698BA4534A0E9E7CEBE0BB7D9
6F9520B9B81AB849D89BEBE7D6DEFFB2
9F52BB3331A0DCC1AC7DFECD08B9F68C
F899A4895FC8FFB48C71621AE693A26F
0C4F905A83E154C652FD0225ABC197E3
F2CF748CF851A26FF18AB0E9B405A43D
5899A7B4993E83CB1015082A1B01B0CA
BA77544575A7B49BDB3BE0BDD5D0C435
4FD33359AC31310B70D97FC790F94C91
1DE61DF7B9659A22BAAE67B35DCC19A3
5E1EF4627EAC47710D7B24CD3F37038D
055A25DD6562585E95070234B97E8EF9
DF00933E40BE04DDEEF393FBDBC000F9
5D697F4AD159B8BB651F62BC9586A870
CE6189C2D3EE3480848BAC8714A1BF5C
6F06D48632B486D6B5E54C9E872F398B
AED85D16695C32F298E4C89D0548CDF4
226463F64AABB39B0C6D928E7E8E57EB
1169D09ED2CA5854880D4D79CCFBA658
7F3867E2C2DE46BEF0082A8B010AA617
93169FB4350AA1F7EFF1AB500AC7A10F
A922805985E5490318D97072EB67EF1C
3040CBC1D6184AD4CAF13E0F7B0307F8
520C68CBF216A052B9D50343B7B42F48
A266F60BEF5C0867A489A120796E87D4
72A12CBD90A38F474C5DCE17E16C5C10
19548E2D0C3D25DFC443498C33BC4DDC
CE867EDCE00537C13D4687A1CA586B19
7483A2542CE71DAD89453AD8C573E0BC
9ED95FE85ADD312AA770677384D5C930
2671D92B66D4105D20A0047A8806A263
F068847131D37457BC8D327CCDFC6C2E
8CE399D7F51325B155E773DA4E5F4379
DEE33A033EAB399821129A58FFCCFF6F
E1B809C16CA583F58F6C55B10CE6356A
5A8741B95E59564F45E17A1E5336F761
959B0EAC7DA51C0039E6816339AAF78D
1AA26DFB0F1BC0367895F88AD55D7ABF
B6DA84A618C2C2999EA0ACFB11DB728B
02BAC3E303BB09A095F9F8AD511550FB
2A13ACBB8029AA24CA9716BDB2F880BA
134C06BFB65B5A96ED9CDB4EC49D9FDE
7ED3EB2DF8A19D86EDDB0E6930515598
401E1CCA5C88D7A1D00EFF214DDF6CE5
834A49683F0191F3887304397639099F
2D811D49727C6DDB7B58A867E336E44C
12BFBA18E6136891E630B11A0D24C6E6
610C21A89613B6CE25A2A8462BC0273E
AF9BF046A2E3E051325F1B850A723125
CE7DAFAC16A6A1784BA2424068037AC2
56307DCD50DCC0874885061E4A38E139
E9BDE0FF2EF614B3FAF9AD74286D84C5
41CF6127DC2D4AE674C4D0CAD25B2A77
985456381545AA5B7B532776AFCADE2A
1652732016169351AB13C8A571214195
20F01B7CF41EE3DEEEE3871E0A8DBFC3
5970F0A3E114C593EB591A0DADD1F2BA
D9270B20D1A81BAA7312A85CF8F7C80E
6140FA286723E1BF09B55CA4E90C6C33
1F4875EBF5E091769DEA919B17A5DCA8
671D45E929DF305871CFE77F3F2ADA57
36E39932A86D7DF5099DF398F4413653
6160D4CA2418E165A1C8F694A549239F
BBB2C31152F5DEFB238A19E78F2F8971
D915B045C82A10C65E9E031316DC9C70
838ADA5B493465018CE32DA9E7720502
D7AC5D4D31C5CA0D0B20749F1D7C4EAD
74C27332F7A0C093D43D3AA68D9FF76D
975055E998EB9F5CFBDAF40A766E3091
1BC04AB73798248BEFE791372A2AE2C3
CDD33458326B6770F7261A1077E2B12B
ACA94456474031269E1EDA385C843844
DE9CA0652BEF4514C39E8FF2F97A5614
E936489850053D77FADD793B04A00C41
942ED88E19B3E710A3B2C756EF995B28
D2DA52CE81B95F03C9F0D50B9DD762F2
D11BCFD4A3959C1A40E3D96E9473D6E3
34BB4B015287CA9148F89B139051DB03
7516513EA78F3695EE195A23BCA67280
3E4E72319D637F4EBDFCEA06EFA34BA2
46B9D57EDD3B4360B9C7F2D00050F4C9
EF42136242DD9CDC7BD4D45052261336
D18E47D8BEB025BACD36070C5BAAA457
971B2D8CAC96FE1D4C6541A9EFA3628D
D5D3A0374B9E15162C8EFC07B7EC7AF2
B5ACDA1888A1B4E94F55292548A83DA9
AF81EC747C584A89BFCE146955D9635A
C6529D8DE1ACA971C03B5503ABD8500E
2986BBED0F4BD03DB2B05B23B16FA494
5FB5FE13FC5F7BB6BC52FB7DD462DF5E
9783FE7BD1577E2B9C1DA8D08A9409A3
3D3C29A80AFAD15BCB34787685BB5881
4BA0109D169AB47F2A6E09D15F7FB3E4
574952E72447575FAE79BA0536373AD9
36C6FCF835985609FA8ABFA05B5B06C8
DBE3998BF3C9F0BB1F62D6F5C224CAEB
8075F75639290FEE2A490CC92D45845E
D47B6B6CA9B06906346AA1C9116C5224
A1E43AE9DE1317E6F5D2554F00405B91
F40091C33EB0E57CE920EFFADE0E91D5
6CF4BA094A4F3F2AE9637B1153CE6F3E
CF15CAD4AA34A07580D1EA9FE4BC4ADE
72F978136AEE9A2BF0832298CEC078E1
11EFE1D4FD3955427788585BE60D7821
7A303E9FF0C572ECAA2BBE4DDA6F29C4
AE7BDC2723D481D2337147CDA7E14A31
76AD7B00AA5251E42273FE4F2A299DD6
1D82BE980EE99E5DEB3E5D718D9A7E38
9CBD989FA8A58BABD57A278500D64FD6
C56267396706C8CD6EBF5FDEEB7154B5
A4B3A99B15E8C6FC0C904031243B3E88
A92D8FFFEDAC115A40AAEF5E0882EE39
6A1FAFBE5303401231F690CF3E9B7331
6B3B12944D77854AFB020C4D560E80DA
3B51E75A6904EBF6ACD49AF601067275
3069BCCCBCA379507C5EA9FAB0B170ED
8C9ABA8170AAC66DC70AE060B20A54C1
FB4AE761F803D6294A18ADAC42FF9068
015CD53FD134566EDDC8AD26BEE5A336
F8C26B210A295456859BEC97861B4131
72DF8646D1A3CFDB2782DDBF8D21DD34
5CD7DEBEC084B3E4E2AAD9D9F0552DEB
772B8DD5817BA8942C837B90CB89502C
C07CA4A9111A5E2602CD35DC7E94A24A
91061C0A0A8F11B2A9014B7AD9627E2E
E1FA07FF82468DFCB4CE203732C36A3C
8AA4F78A3CA4D33A8ECE8BD309B02AFC
04CDC61C2B5956B86C397AE9183C144D
39C92E48C1EB39094E4459D001F6D27A
9F3B84803FCB1180EBD9CA57F9B95101
BCE2C23A758B01EAFF3B1A61DABC94AC
66422F41E1C34113D7F3A277EA7F5317
2B61C89A1181856B2B7403DEE3B5FB2F
6019FA0ECB5E54CED80D3ED6E241404D
6513BD8BE0310A8ABC98D77BD8CB5015
60F7C63B1DF691AA3164A8D6E3E6874B
F7A57F8A6C15E7A9F8C07F220CD11988
059C9CD819C18FAA09DCB02251E10DDC
790E9D508F8355F5A47AF496392CC6E1
DC743B0FFCBAA8E58577159E50F67CEE
01EC7BA8B8091A7AA86CC7EEC5912524
EF5D2D7298E0985FB24D4266BE94E325
1E8D10DB66B2017A893B55173E89382F
96E8B25E5C8F9F793146BF0660CA6C9A
F067C3A3065AA57B2350DE30C96FFD23
63ABAB094BF87CC07275B16EDBFDF24A
665B8E45A096E5FF86C4B915B37D74BE
B886146C10BFD9FD080202E83EEE8702
AB0C693D4911115E9D0A72D8917D9700
721B71831696D6873F3D33E156C232F2
B0E16CC9AE950C8B7D78E34DA7694607
2B79011D975895B48885CBB9A3684230
69E8602D0CD11233A854AE10FE8BFABA
A77048D1CF721A25496C23EE664C77E6
4FB6736A53BADF2965B3FC086C1E6641
CB13D9680361A8D9A327171AD0106483
BBAFF2BB8367DBC32E6F77D7375CCC84
63416DF544910C2D581F9D0C4916D0BD
A726D7956573459CB6713158B39B5B01
C0C03760425A2DB47483F410E4860685
9EC10AF3E3B6CE2E3742637CB5A57F57
8AEA144A0343F45B7AEEE221871A78B4
78D8863933F1F21DE37369C0C788EDDF
6C5128D886E06194AF72B9EA09D63D4B
99CC65A9FAECF6A063AC8ADE40D69F3A
D6E3DB0A90DC23ED058A61C5836C8DC3
89576316E3C29335A3063D7793A720AE
53C6E34FF56F02411E0D9CBA110BF03E
657C43A6B48D43EFA706F5580FDD3024
EFC7169BB96C9C8B48828914D8B35D0C
B3C150E0EFBC0924E9CF4DF55F76261A
8A3135F58500CE49D3F28A0C0C25BFA1
E43D38F4C51D16EC062EB07DBDBD9412
04E16A60AFBB62FAAB31D41737BB5791
28C3C9E330460C9369E38D579FD865D7
328FCC0D95FF961C4CBECEAC84E69667
12C6DB27816BEF02F9C719E1AB7D345C
8CA477D14141F389C7A5AAA792D14EFA
6B2CE003EF5FC3D5DEDFFD82510CB881
D0CCE3316749D814325B335465C02CF5
471D37A8C38E4A3BAFA170355942EF87
F3529D1BFE01518E8D5698E736BB29D5
AA8340935624301E3AE0DFE94A7F33C0
E96D604038177C92AE5D91FA9C4A5C7C
AE124A270238130A87C30C8024A0D002
81337EBF873F07EEDB16EE27538326E0
C60E6A4DCAE16640FAE2DD8C645FA66A
D5A0FDFD0B2963709A12AA32916CE814
1BE9271FF48541820B7D034545FB1D3D
2B813E56B18ACFFEDABA90E942EB1E70
BA0C011AD37C1781FC11DBEF950E5E85
896C99F6338AA148A221DCA27F5111E4
6052C31FFE4AEA32362FADB47C529122
39805E7FA856B6F2909D41D7D85956EE
5D7F23CF0D87ED6E363A7ECB8F641B53
6CC5C064D68634A0464CD5D2107ABE0F
1BDD6CCC85E33DD20AC3527F645EED5D
069BF332F2AEE47B63702E56A593A4A9
8E79D23030413836B2F5F30C66A9CD0D
CB78CE912199CFE0C114E78E186A37BD
754574FCC5154576F56D750640432FB1
0B34FDB4D8EB7B0610A8D46B2408CE14
9A62DA1A90DB907DA84ABE5C6DA68066
630836F083DC9F451F67F8DE3C572712
B64130B4FF66C1C0FE8EB7B0BD3D8D15
F22FAAA1B2C80F7A2427F6D7BBF406E2
7E897BCD5D064162533AC4906DF63AD6
1E9747BA8F00B8B75E00C7EE3BA2FD43
CB70863AF086FC56B5BF22534FDAC018
55177A7EDFCE9D29B62472DADF606327
D6DF6B973F9255A3E67CC91FE07B1883
5FE15EB87DD0E4FE847C5D1075D26B21
4B4C0DD59C86027B02E12F50E390D040
E3936091A444FD5E922A55B7C1149235
B4CF9A5EBD3DF951E6726324C2370652
0B590B2BE4BD06CE8E92890BCBAC80EA
F470E6DD7E4F0567AC301640D5139EB5
0A8E62331DDC8DA08565009F5F7E355B
2A4BC32D462F3624F8027B10D079D0A4
CB61003F82549C99EF767B47B03E82B8
11437830F0C9324656B94E1218932A16
0D72F1E5A2730977529B8B485ED829FB
7483A9E0415EF9A81E11D29B12077201
352648F2E6EBDACB7DA496E3B8573B18
63EC8BF7A7A007418F52D6803E92FBB0
8BB717523E23A36853F3C0B10C1DBEDD
FC5937F30FD38110C4959A349E3E8008
3828B12EE7C1FCF215D470E3922F7DAE
B1B8A1BF98AA7F1387307573A41600E7
77D85A958C5EC5A6EDF9EA8445BB11DC
8132000892792F3D9D2B6B2B26727468
48AA80034502CBA5BE3FE6381CA06A77
9142A3163AE8AC230583040FF8E0DED6
97DB3D0568C9F29F5F16E2BD8D9FEE4E
5DD32999BF8CCEB5ED992F52B99DE4C6
587EE68BC5DB7E9A328CE973D5C721D6
0F3DDE8D7E6970AD20C1C73BF0726D7E
8FCDC9DE4214615C42C5C1A7B3FA3FE5
4B849B154361AFF72E21180F778CEF68
FE4EBBDA135266ADA6637B70DDC30BB5
AFFCE1EEE57DCADC2DD9A93775B55652
54402908C52C4389763136F38E9F7640
02C6B73AF96D07A0EAB9010B53794686
D827D752D37BDB6B674616C30867999F
E7F436BC53139AA494BD75ABBA2132AF
C1B8A9D1CB70165DCC470F8AA82506BF
222C7BA021718171223E86EDB0DFD294
57AD8104FCB3431A99C1A40B99C76A38
4298936BB7FA095B9DBA6C6ACC73CE38
154ADA325D974DBC872F543082DCBE4A
375A1FCE05ED051EC90C75E8A72CDA18
81D9FE4925233CCAA6901ECE2BBB0CB9
FC3C4A8CE4ED0C2FA8F24DA368BE70CA
9BD76212554DB1E26682F562043EAD57
2FEB5A3D0E69E6DF9C818AFC53765260
2585187113BFFCCD1D83800528CAFD5E
5D455210A7EF67904E383DA482F19768
05315C86E67378B7974D53E175CFAEC3
DB16ECBAF46A94184FE42FA33CCF8575
D4F687C65272CEF1B08116CB71426344
B54C07D6EF31401E736DF03815374CE5
A12B3A4330F40E68E3F420E98D1ABEA2
06C6036F24147BB5D2A4A43AD8DF61C6
82076E58BCD1B91133D7B9FE70F2A267
72392190C560D8E4C8BE982FCA23A511
5F5B3A2AC4B42C23681EC099201E9A47
EE4C0D08B23B3C013C7E6F4222415BEC
304F96C98CF462BBDAB3BB72A0EFBC08
987FD8A0B5B166ECEF9D8B3BA118DD38
1E26FE75D34D39201DCC0BDF1C5EF5D2
C9AE82A968D14330E01FEC1F9AC351A9
05085A538B19091EEDB409D54A4E1DD4
208C6BB8ECF91E7486085A9DE11B25F2
0F051187C1B8238D7C1280205F0CD603
D3ABF3DC6AF73D2206F48F0CDCF2C675
44270B30E95C061D3BB3168E72FFB140
B7973C41C102BD0E1723C37215FFF8E3
23A7484E0DA3059536986F13033C0E09
812F80BA81CA840EF0E6BEA15A2AAC8C
A9CAA61DAA49F3BFECB6B2F4727D4297
40919A0AA70D8BA08AC66AC08B231702
4CDBBB68BACD3098150E4DAC53BFCB47
D13863FC4B83DDE41DF75B7D3F254C9E
45A27F6CEFA5F3BAA85DFFF91DF3906C
48068D8F66F74DBA3195149F9D47B568
A3A8C00290303609280DAB6B68430CFC
2657103FAA4726577F6C44C3DD36DF68
8B3D2ECFB06534C28855E925F4502CFB
5E30160ED5C38041D2DD49A4C667E830
E1A0E6998405779D147935F97959D4A6
C3FCD7FC5B1A392C940CCF8D04628715
7C69C7DAF05D71A87F355B920B2276B9
08042C699DE3BC4ACA224E114219B5C3
0335A55D80C6C89C767D3A4A8893B4C7
86C3DA8848CC764CA82E4754C867CE93
E46358540573D20134E1104720C8B474
F59DE123CA2A813F3175ABD997B4D1BF
C1630107927FF7936713AA6411F0230F
3D195B22309CDF0CFF1AF8280259CF3F
3B97A05238A120B82640587B149A0D13
357B46610C84E6194D77CD1F61732463
A8C8C4C0EF089532BD3868A9B3FBC048
D792BF33758E113CB9F2C3587D1C0130
EDE241AF894983C7FC943CBCFE129FA1
6F173960EACF718944DE461E267B2337
71BC41F0DC9BD197454BF0DE42C33237
CB7DBB3BD3E65D97E13C773575661D05
C2BFBD91996D1533B3A8ADCA598F4A15
16B389114D6339FE75A06780B965DFA2
1FC6781351F85C237D98BA60A84F60D5
32364FC6747F74F7550BEF2050A157C1
E168DAA140AEEA7EDB8F38B86B8688CD
55C50E9AA815AA553EE1440157173522
A9626D9BC188B592D753AB62D610CB37
3DF02FF340D0EAC5CD847A39FB2A058F
82BF59B2F495BE7E91E6185D2913E42D
32F7C874468454013549C63A6AA3ADAE
407B31F7C146D4D20CDA93B4525EDD31
0105E958AC84914478AB697B8B292042
F073B28AD6828498180DEAE0B5BA3619
30DF8AF2092465F8A736B5C6482F342D
E003078425F78E281B94D793CD0CEBED
71A32045B1A5F248923E0609DA26B028
8C945B941EA20FAB53B287F7382A8081
A7F35BEA65426EA5BCFB98677856A488
57C7497AAE7F874B2EC4E7A35A0B1753
258D05BB55E6A2FC8B4C49DFD06B7C14
5ACFCBE022C2E3486F3BBD8FD1992224
8709E250B4603EBAE3164A25A11465BF
C070BFD85A1CDB09B6E158E6E8C345DE
A4B86C76392137C73202464ADED68316
F9BCA1928DF2D735B8569082A40C6E59
E4256A0B7CFE9BAAFB3376ECD12A31B5
2DC559157EFD6A1660A05172382A9FEE
951D0233FC203C9632B52058410792FF
FBA13F381590EEE36317A1B83206EA48
404A839AD7BB425FD73A292C28251752
09DAF11C1C59D1AE069B4E86D8E05D23
8271EFAF825E6CB638EFAE802E5C5B12
90093B1E0BFF627E3250F15739CBF23F
76F44DD138A3563D4F11E212E0496C83
B9E55342B2BEB4F0A660FA7B669174E1
151AE3CB3EE623A4DF0D116E4CB6CF2D
C40432A8C6F6A90D97ADA077346BEB40
FC3B5480A5B408A71DD9BC13A857F291
006FD6253264BC79395D6148D1E21E55
DE96AF827C4EEF29A1D35BEA035222C9
A16428E99EF7A8B49AB0DBA901EBE8CD
2805ECDF53AEC00BA9DCB8D212A96EC1
A7C599131C2C538A3E0419D2B6DC016F
F8D2340E3486E43723D2B29B8B2BDAE6
EFB1C6A7121E1BEDB91CAEFE347F4268
045D0DA8F9B93E2AE158FDC3BE8E9EC0
047F903B8539ED4CF616A8B94A1FA26C
5460878F4F4DFEE01E8C134B2A11F5AC
52A52154E460406D4CF47AC038BB0298
84928EEC2360E9A1FBDCF1C9AE325D68
6CAFBC21E07D14513864FC5A0683BC2C
9394D1B161C8E420CBE76D392C3ED669
C3B60FAC3F53019F197CBD3A76F2E6AC
197B99A33D085ADDA9AA34D43331347C
EF9C0093BA36BB146A9E7E5BAB7F330E
DBC77AE0DE5F2D14C56465F49E36E381
86FC2A463536356B135EA9EE91A12B40
47C5321F597DD7B13E9703A53AB72C46
D24B08DC7F3BD2CBFED6FE5AF88042BC
2BAEB1F0A5F9745974CEB5A4C4B93FB3
59685DDF01EA128BF685F709C199B3E9
0916376525A1A5F1D8D14DF7EAEE507A
6220625B406E1F9D4125F0C623EA8798
3545D64434E4F2CA0DAC75FDC078A714
3D2F1A59F8BDAAF00F72977165CCDF83
1AFB007C8CF9EFAA9A0E326DADECF488
05770CA2944798712D0C995A5B0464CC
E483383344E58CCBDFB2BB086478CC36
3230EFB5008F50ABFAF9F88160C191C8
F17223CF28403EF9351214279F5160C3
60AC515CC21A3F6CEF4E4B9EA7D64E3C
8DEF22647BB73D0F3D9798396693F724
C1D2141B669AEA4F850EECB9F09681D1
BC7019FD3AF3E89CD8A599EE8EB57817
D393D0DB75F085023E8B6DE8BFF9CA1B
B960E2338FC6F4E214D187059BCF31C0
D15707B9B086D6FBEF59807A56EA4F91
ED19A19C63B4122CC7F43E3F1CF39E46
A5A0C29038E6074D7787FC2FDF4EDE14
F2F91DD08A0B09F6DCEE720140EE08E8
BDCA0CDC02B14E103F088D86F1BECCE6
ABD1508EDBDFF219BCE64FD8A3C5D69A
156254C36B7FF1FEF37A277E52D9FBA5
D11A1CD040A0AC73B6F63C493AA7ED1D
5E4BBCB4387E7CF681C0E492ABB1DE63
B72FBC12E8764B8E6F48DCD303AF80AD
187355489D06026A8B6DDE54547865D5
7937F486967C477137E49951FBF6A48D
DB0D6DF03404617DF53544DB879A2D7C
E8C5E4D74A393EE27684994733EAF81F
6E53F67405A639B632D3C3CC5508C981
666780E0AE0AD67B8A546560D10928BB
E7452759B1E14764AAF0CC04A50C2DC1
AA33CA1087E415FA610C74FFBE549B10
3D1A9758DB247648B56A4CE8DDC36D53
F5531927DD51C50DF9A5DAB002B7C627
D232C09722268C412C1BC8E1372510DA
A3BB1CC9BA9189E1EE86DF9B0CB10319
82575551039DDDB8884ED7E36DF493DA
415221F56C99B171402B1F26F8ECBD06
7CAC77D9998442CA1CFB64A2D6BD918B
85366809AC19E18A71E208480FE0B0FB
50A123CC5DB4907C74360B608C42DDD7
20909562FFFA1C9E98AF5ACA2FD896A4
7A6B553293FCC0C6FBAFAA59F9F94F47
B7D4AC0B5656211B2DA361668F102508
6D9035271B2BE0C1ECA85E02CB88F7D7
65309821860731C802E1DCAE77C896FE
9AE222CFAFB6CAD11775FD02D9308B6C
AF99D6B3C09C7C3FE404396F3E88D54F
36E46A779EC32E26DCD26630814B9454
E317D6249E188E5E95C370D4BF1DA98E
D666C4A6799F90CD53DC1B6D836A6AC2
51D91E02D1199713B613B57C5D64E260
8A33F5551DE516E594C8DFE75AA7651B
6D19B3771AB5C5B32B8A1DBB6C88FC08
415E4F51C14D897D73BFA974AE373025
382BD907F857D99BA372096C3C11D706
1121491C60BDCA447B39D623E69AAE4C
9C98B65CC3A3394C1B3EFD9A7540D552
2CFAC0F9F436945C028AD9E5151DC862
2C24EAC3F42BCC2B58E4A3D1340A8EC6
37776B22FB81C8E6A7A19E5217D149B0
A480D7A5ADB7F5EFC3D059DBAEDA19D8
EDD7716259E7EA53DD77A306DA5CBF2A
62A453ECF878D004807F350FAD849125
F6885ECB266E5CED55C55BEB2BD74FBE
50E896DAFB6E109AC69DE1F92B863861
74BE05F48D36441AA9CE9163D970BA53
B4701A070A70EDB256C7E47A2A2485CF
31F785C258EA67ACB826373958E8AD30
7B71894AACBC98A3BF4D3F272ED707FA
7C4F99F52BABAB6A17608FFDD33AF9B2
24946586763B51FABCAE2E142E931303
95413D304411B6E752835A4FEEACCD6E
CE62308994317047B1C9EE8373BD1D05
9DF413780C020898A5CA67E617F85280
14A7AE546D495E93A3BF418E27B5710C
FAE52EDA50E1B75EA4C3E6CD8FED5A95
C73E61178D65AE4E363EBAE7C30A2FB9
9645AAD734C348538F97769506B16769
251AF7B5B2F723D6C9A4123E6E5314FB
09942108F434AB38CA1B48DA947B3542
87B0C9A252C26386288A07D23B53AE29
598F042362F1287F6E92447ED01FA866
4136781FEABD510897892918CDBC042C
B9FCB46EAA4266036E75345A2C2EEAA7
EFE072BDAC1C6C5B90D864B425245540
2C2C9E2A920D5414196C0D2AB801FAD2
D33E00894713841F38BC4ADF7FD20FFE
C339975B7236DA902D741F4DF41D6266
4104EF54AA70BA6C52BF24DE4A5AEACD
74BA924510126A6F726C6D71F529A4AD
5E1602BFC4EC4C0DABB2035B25808D9E
54E8C104FF066B2B54891E19BC3A127D
7CEC6E8C994F2C70589BE1D17293F743
5A083984FDD8FBC3099223006690E95C
3F8D072F4E077707DD0B8ACF86BEC034
830CF19CB069F9B00D770AFB336D2AA0
D4EE9E0032E8B86A4979878DD56D63CF
EEB44A71323FBF5060D8C58A1CF17AF2
9705BC8D6D0099FAF08A713D4EBF0D6E
88CD166A4D8FAF8532F2081C4D6632C6
95F994E6FBA099F647366658BC4AF4D7
90B299A670C6C40C90B1D738DAA9A92F
C8998742D3F7199C6F78568EA88D9226
67BBF435879272B48F1248EB963D14EE
5BF305557D9C1851D2FA198118296794
FE6643458242F6CD6F51A34F851F8D97
3EF8FE239475F2EC8164E4A1EA3B1C10
38DC7E31630B0A8183FE60B150DCE0D4
944691CFFE6FD638A27A27479C24050A
2F4F9F9495DF9CFEA730C9442D477A3A
4F2279E428F2CB0E4A5408C08614A2CF
CC5FE2E874863219118477C1E375D5FA
3C1481207C1B4335796F2C342252477C
9D8AA4F3879F690AF065B37E81E78F67
F2F730AB277603AC9C0E3232EE1A45D5
1A83E9D1CDA0F514AC1B35E6859D19DE
F5FD2FD9A05223C45128F5365B345A95
E4E5396D7E57C58991BCC0A8883F4A14
9A77744D94CA051D599BBA4CC59F3ED0
2B30809F697B44EC5CB62695347FA1E2
DEB23E58BF9FE569C2FD1D442394D55A
47EAF6E527BEE603E893750E5C620267
99DD15A96550FFBB2CDC22C82CADB184
FB2C685E0F1B543AC89439739B45BFE4
1BFFE9DB5C04C50F3EC10F467F67F4AD
011ADEF604B8B22D8DFC3780BA007981
070D729966712D9ABCD99E8F533D623C
086CC7D72F32E1D91B327166D9EA94E8
B559967A7CC13423C971083C41482CD5
88541199905EC20B7F4089DE5E961B69
C3426C5582C60DE1BB5760D14F6D19D2
018F781B61DE7510E223DB547B1DF914
6426FF0974CF5DE832AD064711221B2C
10F56A1F20ACA0D73F9B9B7FA175FE68
C1957CE1DDE752A72C2BC6E11CF82F3E
5D089D977DA798D89576CDDD0D8D1A64
30D5AF09F7774FD117F50FC9A66DF98E
85D9BA20920D6FF3257A92185AA22368
B3386E2FF64A4836A51850F1DB61D712
81891331937242EA8B44C83BC7D668F4
311D0D7FB1236F69B58E6C0F68BE083E
1E68DD40E48F8EEA553D84669461E19F
6F054C743BDAC1CF73ED526803F10BE8
C6FE61E2F37D6D46959AB95B14D2E012
66E212DF30BC8A7D240AC3613E339A28
6DBD708655634448B792B6A880AD28B4
6DFA37E0EEB792B97C2F631560C41C2F
A0970F661AAC45339B925E34AC562F97
31A9F9D7D2BB497E797966A3792A0514
0317C9350CA97372E286E65E02E94007
29410974ABBC655281282DC012B2CE31
D004D666991B11DB51194DAF1AA2C771
83D511885688CF08A49F4C27BA22A900
904278CE93BE4445D3797733144BDC7C
595C7F34E744F9F9240ACF7CA34F7956
B88516B201C25B5C00E300E29DD60182
608790226358A5AD457E6E80F19A5CB6
03A6CF783901A05DE58E8EF20580CF76
7755FB9861D897926D7023CEE4020099
42EF2249A4852C5700735BE1FCBC6833
8FC348CA0C0C19149A7295F3AE844BAF
A5344B6262551D72F9612C66D4845F75
C5471F891F18C9178932B85897D8E5AA
9BCA7E42222442016D6358E338E80163
9ED5ADC7D70FD133DE734E2EBD0B0DF4
816F6D39AF65C255287A1085E62DCE3E
9C77DF934CD6461C51A2BF87F7D01061
592B6A97CC7FF931596BD2841002AA54
744D12238DD13AA69099FA98F61DC855
AC573F35835D184CFD9A6357C2D501E1
F56364F579FFDB73374B3EE7DF40F7A4
2CBC4EF1899094F5E8CC48216BDA3E4D
8A397C3073DE45D305A2FB5D61A1C83F
55A78A98E8B328A5A4D1F36C8CF2F505
8C5F89A940DCFACFA3533F1783266931
3E29486D0DB7E438211702A9B2541D5C
909B56F77C463E5EED96CAB66C44D4C0
EA0CAD564399F7436E91232FD471F869
8D1D6B495E7226CE0EB41C208BA2A08B
A83BBBCF62F30F352D6836ADFE3EE619
B485A47E9A25D4E61F280178D26B530E
9DF2786316AD5B6B7FB0355BEF53E0D0
C4FE27DD75C896E5F867C4CD890A7DDD
ADA706058EF3CCA33B00BA059CB5D3CD
A726A5BA78E0ECD9D7A803ED5AD87B66
DE5608F5AF38FC156D9F4F74CA036940
FF20FD514BD2C4D2A0F8BE24F84C4188
8AE77941FD77C06A5413216A8FC1A45D
968E2B7E1366073F0CC66C9344C66318
677D1699FDA4EEB0D74D316F73BD8C33
35A6736C654241A17FD423FB20CE5624
BDEA8166C6A0AD62EC7A463725F7FA7D
86A433DDEF32BCD725B7E2A5D47001E5
72D2F2457FD567B1CB0AA5D6DE35DC7C
94E2D63EC8EE10440139FF4B120F42ED
652A6A47B70E257AF07A576EF5A2C614
85F7B4C5E75E564FAD6AD68ABE8B8027
F297A4A2412C3FC8FA3850498F9296EA
6B77A6CBE928EBFB3F68CDE6BD47CC82
7A50E99ABABBBACD670636E5D0C20A24
C676499AAE6B7FA55F0135836F4A8168
1BC54C5329F66CA45E883C6F60EE1D02
2A908B1AD1D098DFF0C8630C8DBFFEB9
1EFFDFF32839DA31ED87DF1047C971FC
47A7957055825900C98E16164788AF22
9CABD7F9EBD3B91B92DDA6D6A4760AB0
565C8CA10C3D947C3D46FE698D9F6D52
18D364B9FD3349B68CB1B370354E1401
9A29E9E5D6F9D9DA8DD7C39883DBC802
1C3FE6CD534BACEB33C360C7F3A845AF
EBACB99E6944453EEAB552B7C0820154
3DE69B3DD7E8E29234743C1F7E0A769D
D661104879BF9DE8AB53BDDE8A4F925C
50048DDE73CF4247B643F921D9C2D0F3
7F473F1DD5CCBDD605FA2BCD4D287D9C
C8614289B3129F7C1CB3FEDC8DD0A3AE
30494E34A244624A9BF1C5DF6290ACA4
D9D8346434B1FC76D77A19E88EF28FCF
B256F49842EAFE4FBEA08B6E69C3480A
8A1C6A3F59CF109054EE201F76C74616
0F134814195503EF123077171B63B32D
10EA8E9F3FC7FA52A64BFA783C1A6590
42E2D0D496BB805DE28FD5B699C162CE
0053A4D862026CC69FA84497F29EF38A
DDE6D19F50FA7CF53DC348B17CF086B1
D97A1D1B3B8D54705BD65138CA4018B2
854E679C8B9E4253AD799ABD7DDF0DFE
D6902F3534774B9D15AF31053C02E143
07DC0064D7EA73310C1B8F172F0C3702
0FA29F236928759B36C77F2E7C21B623
F8CD18BF27E0D33EE004FD5358457A02
B4298435216ABDEA79319138555E89B3
DF178E88F37E681BB7A9471C49D1D152
39E496F4E227DFB9D9C20E1BC7E33095
08683714A118768E8646D59134923B3D
429416B898832E17AE12A0C6DDEEB223
3E68A6FA23EC542E85EDBFF1C566C501
FE4421756676DBAB8B6AE320FD62CA7E
18AFBD76BF3D75D88A4379B47B706F4E
84577B9739D69145F058E040DB806EA6
3F23311DAAB6A9BB7A02254AA9E7A269
E96F3CCCE826C841F6B5B64F9B4D3844
F5BBB9FF2F6263827105185DC8D4AC4D
9204DEB91E0AA42F8604713F86E46050
171A2DE7099F2822F9945852E7670DD1
62990585FA6ECA2CBD62E615C547207B
2AC31291EE38522D7D61E35EBADC26BF
5BDD7C0221EAB7DDD8A22D43DB55F059
3B64C78183C70423A6114B6ECD882946
A8ADEC4C87C8EDB9458CA4F47EB6EC2C
0D09E992256BC511FC7299A3CD3F39A0
EF8FD7DDF2583F9D13AFF65990284EE9
EE0ADC7E161B2C13930F3E326EA1939D
AE1A99B5428600699721D8D1F4929CDB
69A6634A024137336252693C1444DB73
1EB37CE62B80921EE71327B4C8B16319
BFE7B4435C167AFA80509E4A43303F62
BBE08EC9E52637079D48670D871B0FD4
3CAAE98478DA1CF16034BB34DE94C5EC
85B6E68B88764FFB9D2658CA19CF1908
66BE3054B5CA059CB993E4264818DDA2
3CF1F5658EDCC7E73E278D5E38DA28D6
668E117F43DBAB0CA918C1188D50E62C
904713DA36F880A0713BECA4AE5F04FD
F78D1A8B6BB6BCCB9BBD4EBE66294ADB
8BEECA0A224A9880FB03706D6AE8FF28
A7685C235D7342741A6F76A1CFFB3F69
89FF025EF75D120BF7A6F0753F098194
DD6FE959FF1136918B31179B11A3592A
14D89BF39D2CFD8BDFE1B49B2CE24D5A
966FB5307B5CA3EF18FA4F35839951CA
B9F1A145F9D8894456BD47F2DAFD00CA
58216F06157E78EA4AF680193E5EE491
075F34FEE6D77D2267C56B4BF541AAF5
C4ED18AE7759A678C46D8261DB84B6C4
43F3F502AECFD450C21C5AEE1976FD9D
B8A16CB895906DA58CEF266EE219243D
731276B96F2F73368F3235E56AA43DC1
8B48AA4F2CB5AE8E5EFA5D0D2BA736D5
5C5770249BE56ECE9D90B57E434838ED
6AACC09EDC1D309C56E8FD40212369DC
D2296334BE05A0FC3E49D9E30588FD5A
4A7EC4C5303747ED7FC88D830E43D032
77F2200E8B7140AC0BDDAF181C9C457C
D4E5EA7B14A620029B67A098F21EC201
DADC71FAF1D1499530369CAC60714020
783D63FCC2354D2A913C8548486AEF12
5AA9FEE1D9B871D4716B1E80162DA0A2
E3D721226A1B31B8B7F0F96A5205B9CC
90B8162A3E917800CA6DA129EF37AB2D
CB4F58882E8534667BD147D091F68C8C
54573C42B534B810A8521D31CC54E340
9F462B8778D50F488A3B10F7F170BD36
9DABF9A15DCA5DAE96914F4211B83AFE
C68BBF0086A5C74524E257C853F12ED3
2EA78A47B9C8E2F8C3A56F49493AE2CB
AB18D995C5EA01FDA8AF5965CD7997DE
B9470B96F04FF6110797C0E6022AEE9B
2026243117A618C49EA04ECD0360D898
3705B3AD9BA1B3B90D721BE6347DD7B4
1C6CC72FD638C26B634911AF0D4D73B1
E2547A403EFE282738C20FB56176B682
F16C4C50E9AFAF86D64EFC8C2222DCD2
9CA17E085E41118ACCF849C4CFEA5B6D
837243154BA11D6C5B85567DB89B0324
3D9063F776D6507D8201874C693778CD
86DCE3318E6B403F9BBE5CE646868424
E2DA50B3A23DADF7C89651163DC244B8
553DE547BB644A3538CFAEBF01300C8C
C66AD7060BFA2ACB6042D5F4C70730DA
BA1F31F1C73291FAA26E0940C4D2138D
8B0F77A9C28852472CB2249F16D1B697
A0FC4D43FB3D3776E1291548DB64989B
D77D50F3FFA13F36D34653994A959ABC
3A8B851BF2CB6BF7D42F22B6DA0B015F
A0BB67A6689133831E10125CEC6DB106
B85E8E9AD3AC3DCA7218559EA5F4F6AD
6BA1AFF25640B0193ABD6C3D66ACB795
0CC994F0FDF581DB455218BDAF066312
6033DEFBA94666FD309CFEB10F4F193B
0CF9AF1F3507E64BAAFBDF9568D503BE
1FC5E66A24D8D432AF6C3AC9EBA6FC7A
FF83F04B68EC1E9E18F470F298249AC1
6F590137A739E75D39DA07D8A44F86E1
C53E6B329159BD4FCB24CC33A4AE9480
3255A4057C95FBB7B046AD317EE2B247
8354EA43B4812B4300B2032EDD17D6FB
0796C4235B26E7ADFD8F1031FC2E3072
E99C6D8CFD76E229ECC9A6226C63EBC3
A0CAFC1574AE244449737CA6438FED3D
69B24B0DD8F041D3113DBC63526BC426
B689E8E6E3D8A4EE096FFC8635DEFBD5
EB28FE6C28AAEEE6DD71B8B376E91E1D
5D2C8145129C188152966CC56A8824B4
17D03726D253452F833C58DAB1DC9735
CD685DDE4E7720938EAB013F86220F78
68B179D3442137033B10BCBC56A8956C
49B9CE99A8E7AE0C54D7CE1149BF925A
496C401B349E4256D3B5D39D387A81C6
321450A2AF8BAA5FEDB9B80218414CA1
ED2429B424596DA2C7FA9AF8DEDDF763
BCBFDBCD9AAB33BECB889496253D4FCC
C4407ADE4CACF639E84BCE59944EE978
3401C37AF6BA873440C3C94C02B64E7B
C4293229254C8E56E12CA9234A6FD645
7494422EC47DDB1A311A5399525B5016
463DDC7C9723BFB1A9456D3875ED9B28
0064F4F8E3C9150C5AB84B46AEDDD900
54B08B34C6F7AB6FCDDCA7650DEC2DB2
8D41A4AE826579D1E2F71853FAA341B8
B015CEB02B7E813FD226805E0050D8ED
0D73DD71D93292B6CE3DFC43325D4894
0614D3A789AF97CA29172A5DE4BA3C89
78132758F9E01B814D9306D461E5CAF0
F98CCB0A9DF24CCEF9A910498ADBF39B
28154476FE02C68F1809A0E9083171FE
14B558D1EBC2988A736A7695841E3188
8C2AF6152ADABAADC78466425A588E4D
26C38739A189AC6F8C2516BFC791CDDD
FC66A72E21786461AEEDDD64DF540F96
B66619CE6BC6C86BEDBD31CF2D2495F2
7C423CB8725BD8D8A5495EA15627DF16
FD7AE4B468B0CE28DD8401D2DB09882C
2B37F56B1BEF830ED7D50EF30C88D6E4
653A48707CA206F5EC3B87A04B57C3E4
268F8274C022CC4A74DC92220FFE94C9
DAC0EF8957735C4F713204C0609B18F8
C37862E35AF3591E9EC13F9D77DCF081
65C3B0075DABEB15684BC78B84A1DC25
1AA2BCC92AD433B7A7C489452EE93B4A
855BDB75903F31359BB5CC5F3021C149
AD700634417E053592C627C64841DAEC
3C47183F99437A1DE37E313D3228DF3C
1948DD7327ABB6841EC87081D36FEC55
BE4B28955D3BCC0AEA13A8ED403205FF
1AD01D0545197A9868AAA61C19BEA7EB
9A63BDACF5D8FE7759E07F602C755902
863C6413BE4F59D37D2D0588FF051D96
B7ACCD64A6B1AB68191E91DD7B040DF8
96B50E7D24ECA1DDB8AFDADC9E9E6D5E
28BEF98991F77AB9A457FB366A2E3984
42689A53A8C4BEABE27A54B3B05CED5C
4247DBAE33DE1A14AFFAF99DC21EA021
2450161F84D22E3B81A7836279F59F78
B0682DCEE045A489400A2F5D96FA8DD0
210A9417C9DF9B6C5A7300899C90D0AB
1A9F3984DF8B824B6F7A50F479BA0CC9
1E910184692627348D86F65161C84210
633FB6E8180BF27B03760B483CB77FB3
91CB5C88FC9F1C1748EEF92FD5FF0173
BBC18283975298BE0E04042BBDBA51E7
879D9C3B5CA6293E46C05DDA125CC022
CD37E5FA7C80D39D943D1CE1903FA8D5
6E2489B45D5DD38AEAB11D74DC6AE4A0
0F4A908498F64C257D7A306EA58C6398
B03E84C95115D79689008BFE53EA0D08
BB33ED7FDB351C2323E7F552004A18A7
D04D8DAE9BD49589631B5FD1548AF475
9BB090300BC92E76E204C9172E50372C
BA5377D1CA84667EF456502A641C8EE5
5328A76F4A40561B602F948FE8564C0C
475E90856C5606C3BB8A61BD52A9B587
A140B96368B05749B05C6F05C7264891
9944F0011A853EB6D14ED01BE388B434
626857D943A6E9C5E555B071E6DFCC11
3561C8E55BF36E86411C6D2F9A94C0B3
AE701A28CF8AB3648A4F302DA1F11EA1
C959C3F007F6942B8FC24F306C61A858
D99EDA9A58C682EBB8E4F73B1AF4629A
899E804B694E44B4CF774A0DE3DF1B74
4E2F2ECBA8CA34DCAF0CBD78739752AE
0BDFAC5564F4E7FE02AADCF594B09035
3B93FDD5C6CFFECFF3459545779B734A
83A30A34F209CC2CCC3D6F3972985FBD
36D5E821F9DCD62DF2BB6166950C7FAA
3613DB2E88FE85DCC8654C4CBC73C108
1131A4857E4CD042AD4A64760ADB1FAF
970D4CD819384415A7B2AB2C700B2E5B
C5C1900E0E41DDCF3F30AE265542F5D7
857A628FA1F2FC3579552FB134C6A993
619577A61CF14B4CE20EC52507DBA90A
DCCB67CD71299BB8D57E325700A693D3
38D17DD928987C7C40580E1227EE8948
230F0CE22EAD274B6049F3E81D9DA1B1
9AA22A27DE19B519EC58ED14CC91C857
3F2E10303F7D2FA76081E971FFDC2876
8EAD35B17BCB23E12CFBA89325D2FDD5
FFD0CFBC7527A6F9D7A1FC71314C48F3
F75A903905296614917005A0D5A0148A
15124D8AEA0574181DEA39E8F8D5BEE8
508214055D1F21259AC74B73EF24401B
219E981DF7A97E63FB7BC0BF30B68BEC
348316A6471431E4403E3C33B7205F6F
04F2D10471729132824D8E2C2D895316
7AE7E893BA74B6597C19E17B39AE3970
FA3C7EB16A96B7207EFB0E081D6E27CC
C049A1DA0168AE523672FC9A889137CB
B123C89A67BAF2B9A527A2FDF8FEF39E
6D1D2CA86A6A5170FE7C77875EE652E1
0E0E2029D610032D789591CEDBE42CEF
7329F8C04065CDC203E6AA946BB0DABB
53AAAB0670426307F308E95AB1D8388C
E81E327DC77EA03D4687311E83A071EC
9F399CDB01DF45A0EC155213ACEF3A05
A32CFB27F76E70FE1022488FD45A9BFB
76969EA35E9360EA00A842398796A07A
AC758B280A10C1882EB26533F5866707
1B836ED7605AFEB43D4789E94B13354A
D1BA91F0EB65E5853A69A97F3083ACCE
0E0FE6002CA45EEAAE25AEE46CA32560
FE88DBAFBB461402D9ACC64476036567
289792FFC225E012A3C122255F5D2D71
AE3D23EE684EE57CEE8E7E7AD17B0330
D8EF61C61ABA6E8B2F9D09C84F12D380
4B9DDF323C78591EC6D80BA5A7133C01
28D08E2D514A47F97A8B64BFF46845DF
0679268E95CC5756B2CACC64972D50E0
9BE3D85C4E8D4767977E882BDCFA2E49
D59B726D77272A436225FA8A258255C1
2FCD527C637DE320E16BADA6D49D2BA8
3108DEF104ABBF8BFE99059F9D04DD1E
E26C80F445C0E72EDFD789738E11754C
39681708E3337CC1C1345AC2293720EF
C85C34BE2CF2B5D67B0077A0832DB7FD
8B3CD8E46C8B312355AD0B19D610D7D3
9EE347C0904DEAC63A6142B05D4A6516
940D03351EB4A799270B533F55E0297F
1C531C8D3315CEDA53491E0CF72FAD7F
14AC81C16662F205564097B88C0E5BB0
765A1B2CB5C56E27BFE3561FA8CE0165
2802B82206145A11C38B30916BD9A07A
93FFE642E791E5F4CEECEF75981E312E
1EAB306C865CB27151812CB4D511D0F8
DFC098C1990B782B488A5F9151CCBAF2
F68E843C7B9F6BC682C27BA87C8C25F3
9D8D1E2A570B50479A79A8E858E5BDEE
FFBCA9456CAB4193B3BB0B8C284162A5
10357BE1AF5A92E5C9149AE65E8EA9B1
32BE43AC6BA0FBF9D9C334F9291DCEE8
38BAF578E5C9040EC423CFBB4CBD05CE
6584DDE46DF7CA1FADB29931F51366DC
6C4AAF0A2285C4D0FFCBEE252804E04D
EDAA1E75099EC8072A4EA64A71910C67
9038EA29AC44C25AF8FFE15882CB0C63
2B3525BD6AA595C37E1FFBA5442E0CF8
08123BF725DF61BD3276F9AC80D9D3AA
AB52C26406730377B2CC2B6D5716CF6F
B5F41B98B823D818C705B20172FE0D23
D96DA81D7654CD644BF8FB1B2430365A
7ECF78E823C5F5C06F69582335C106FD
5A398B330169482EA9985AD1EEC3FDBD
F8D1E4AD853674D6922DA9ED45CB87D7
EB8900372C6E20A0A3070F0CDDE20A53
F75E17756A70B0C4C0DBA5FB8DDD0221
D5ED9774B295B2DDCE62B5403E34096A
56EF21AAF4658CB0E93FB21668D3F249
ACACC76DF23E3418D0FD3081C32B7134
AC1F819AA813E2813F3F2C2335D28399
DE831D3B1CE90ECC3E75F6EE4CD0B8AC
CC7A8042BD0F129AB92844F454C5D6F2
60FBE987729E1774DC596F3A47D63F1E
DE8E6AD2F30BF4A6B68554062D4CEB7F
957A9A1011668863CB05DB8831F9C622
EFC2B9773F1573BE69F48E1D0F99E1E2
18F5442661249F7F3E356626E586AC18
F13F0202D70EC5B7E0AF7919F0F9877A
C414612A91A5E6E18FE27402302CF13E
6E7A3632D8F224A32F14A5949B75C7C3
D2AC5F5393FB043F0E05BF918040F482
329188210898048B057FCAEB7286D875
3AE1A553E9EA5DFC6EC200723EAB5D7B
ACFD63F17D41F06F486586F0D07B198E
F5B90172B0B713AFCC6FA1A194C56C8E
9D5BEAE4DBE047F76ED1CC745B582B77
D912C773DA57413AB074F8092A50A793
4A3F6FCDBC1E3D4AD2A9D712D4D0A058
B427D1ECC23866CA4523C6A9ACF2D1C5
613E1AFBC157FF08605803B1922BEB92
59B6057D25AFF302F849108F96F3F4F4
EEF0793B9F9F252ED1A0613BD1B17C93
88FA38BB4FBC189550F6A125D7AD10F7
FAB4CC449FE0E2B845F79B4CF5A091EA
81AA9D3933C9EF6FB0CAEFE17F33AB82
C53A90F7A40793D501E8E09D74F2F865
907EC9602533F0D693D9F2CD07990D21
A8F9A4CA19404FB1635726D305835D5F
E0C51487164BB3D175195920E3E037BA
150606221DC55D6C4E7A54673D6B3B9A
604831AC81022504953E9613C1DF8C12
A49C8824F262B5EBBC51C3606C9414D0
FB9EB7F63893297A1CB0ABA2EF46AA66
073AF4BB560234512CE99305D6B89AA0
9EB89CE220C785C2A83AFDFB85DD7449
D15076639E6AB3E7FDCBD8DF5423E560
803D5D33B9B40FC5DC5E1D78E5D00240
56EEF26A263F86EF4DBFEEEC9680B1F4
3B7FF7C68DFC179139F9AD483D08FE89
FB9A8ABA0778660B088F92B18823D55E
6B712D1DC8577FB791A280B42C6CE0E5
0BB3414377F330DCC3DFFF8C4824009D
8AD9AC0CE2C4BBF4465C16DCE8FE7951
6CFA5EECF6DBCDD029E7BAC1D3AC7B86
368D4664DF345627CAFBC8DD9020BA49
E2ADB2B97A94EE48018D36B755A1E6C1
15F919313BD7787E7DAAF34386F05154
A083732666DFD857219F7D1AE72A88DD
7B650D1105333EA18ECCB7E4CB1DB8B1
BCD51D93427EF5313DAD9385D380F3B4
EA4D40079D409D51E9E4A00F9160AABD
13E62A2BA02132BF862423725E7351FB
B69D1221E9E103FE47FCB3D307C1BC31
820CF7B80875A8B5857F7E4A2CB4630D
747D312D08969547CAFCBFA01F88BB1B
3069EFB832BBEF1E365B956D64CBC938
58CC78E4D3D07CFD2981E21F54167703
D5779FEBE6DC2B7EE11D395369FE23DF
3A5FD921B9A92FD995F7833D3F8D989F
532EE47692D2A8CEC5E4826864805E6E
DEF88F8C2D8DC764227998FA083F1729
F7D494971E8C26A1F8EB57E4A32438A5
AB9A03B8F4217ED5BB324FD4DF1BAE3E
B4DE1F0DBEE66920C1799CAE8446C2CF
35503DB5A98FCFA23CC26F0A21004B9A
92DAB3910775B6C5E7AC90A2D6DD7646
C2DAA42AC588FCFC5CBA3BD989A528B7
2F3F7DB293DE444E50F67ACA681D7D47
5CDD991DBF4C5AFE51B0CD64304FBE14
3DB54791AB19DB126B3473E6D745A1DF
FBA8312AA89523898BA8FA2CE940982B
EB499AC526C69D1F79F74214A6B915D8
2204EB45569666F77034039FA235023A
14CA25265D1DEE7AC2EA4A346A04FE58
0F1D91F22AB64DC4CC807A0EDE4BA425
EBC77E2CBA9AE39B54F37A5F84D81378
FF44D62C723F5F6BD2E393BE2843273D
7EB7AAAE9099557F43C8736A7AEF9F05
AD23B1DA2FB86DD9E3DF462CA8B1D42D
C8A73C478EEC3CB0F6A8E2FA48C3BE79
66DF4A1B97ECEB81D0D77F14EC1E7146
E72F5E917CA223C2899C7A48D51F6848
CF785D788D46C54619BACB54AAB4D848
48328AC05F9F94961EF6059569C39629
4851F6B2BB37D337ABB56ADC6FC85E5F
1B0C509EE3889D91EF2D79FA5FFDFAB3
7D50DB7FDA39D7532B8FD25838964FCD
62EDF803F3D7D5F52B71988062088063
D7C6ABCFEB0EEC6BABB83B9E0FC8EEA6
FA712E814781053367CAEED8DB296C5C
B55B1B71A4049B17F33A20E0166C1FFD
C79152F3F0447DB520960A022D9EF44E
A0F9DC3CCD5A6D4B022BF2FFF7AC8F90
9A19303EFA9DD1A1743DAF825A849DF6
1F9356CDD9535131D9B56C5ED82182B4
CA120EC8B89B45F4E07AA2ADCB9E5A62
FE56707736C7BB17478E56DD4968A619
89FC8F8F9276009B2108C486BB114C13
26E7DC08177BF672FBB0F5CCE2E585F1
DF4A9C7D50AD8990CA72656FCC0ADCB9
C7714097B4B29636A8BD20BCFE20866F
4729CC2E5545BCFB6F44E9D07C5F20AD
65CB9EA643FE5A297D11F4F23CD56F60
334E8DE74D9090A45467F0237239B2E1
1B138D2AC8FC9DF5FCABCA1EFE2B1722
83B1A7B47800C15D72F5B36242964B12
9FB03CB9FABF4BB8CC6FF6A8E0373155
15C4A7EB2738F61D54096E1070C97134
4147915418CAAE02A722DEB3AAC0BE9D
21F4BF96697D9CDBFE07EFCD3AB1C70B
217A8F1200208CCBC4DC921EFB45414B
EBA7CA65DED9BE2B24365489F711CBB0
DAFAF4CB55E38C170C167F8AA2DC1A3D
6135FFE93BA5349A44979054DB618B1E
F06B374F307A83232D629A7740D0F86C
F87F1D79DE08C416D16E0CEF356D46D0
D090D15AB103C28E722694EB988E47BD
6766D30E4323DF2DB48849E7BAF27F00
4E757AF5D2A48B83024DE4EC260FB3CC
96021C4356B63E762F9EA34B45D41974
0BD7704388F1F347AE966C2E5D6776F5
BD00C7826ED38867B50B3BFD2FA6E4B0
9DB7FECD0989A93292E917AD21686B11
7F6D5998D215B15BA126D514404F34F2
088CA1A20A9F4E3BC47BDF364F83DF76
BA51575D30E7D3A72665AEFE21617B8D
6A7E47916E2289720FC57972F945B753
09272D8644C7B10B2633A965022B05BD
E0934E8A15091F9FB7A5CB39226EDED6
70F5D9C47560BBD62B02531093352CE4
EA12719A6172BED36A5871F4198FDA48
58AA877B3D230EA18412DC2623A70556
050943C026FFCE6B9793D00067ED936B
554A3E3F8618EDBCE45C56DCB01A930C
74A1EA3068ECE48BFAF4D34110AAC17D
8732AE3027BC6142874D5F5368AAADDE
33D2A70533990B88FA011F8E5FDAAB11
2057F033342149DB7E412484A93F987F
059E28E1E56878A44FE0CBB46C853F77
E2C429B33CAED4C45C20D6826533B172
AC59E845107E52401392F379ABCD2476
BBC4F996A05374C2326848110A71819A
A41D0D50926A53F0737A7D03739954F7
F2130C33F5F6C66E8DF3C6132377D766
800A1E0081E0AB811B85022B794237F5
73443F1607AC35B69414191D47893F28
91D71CA3333D13B6AFEFC4EEC59E36E0
8558BB1752E41070F759A431D2C4969F
1747167BB7873BC85F84310F355A6DF4
63BC5FB86D9EE9F30D4F8A487F0216E7
AE0ACE49B16A6B6B6D207DBDE88D9DCD
514891AC87E99423007AE3511909CD38
DDECAD58D69247838BBE6614723F3744
587827343E335CCE8100A8312DA27997
8E4D3C5D29643A583346B9C9CE20DEA5
78A47C40A0994C896453C2F9AD33E86E
07C5FF11856549A052D7D3F7143D6643
826DEF91C2041B437745556955E1282F
FDF0F27FC7ECF54B65AC2198DBBC78DD
CD967F6F3E4200FDFC72566BA68A7EE2
37068C2B367569215A385E83610BD254
3F2D5787ACC81EF9A5EBC49EBF33AC8D
FD676C65A1FAA4FD5911A1C163A32DFF
53383DE8D0D6915A5C7E4CACE6D840E5
3A8E78707114866B5A8C375A1F7D73CF
ECB0F7D0403B3BABFBA07C52C7B429A8
CC7CAADA3BA087F08C6D96E129E72816
73100D14053068E85FB028B0B7F029A1
251E592C44C23987B507B8B55177BEA6
63CCAF4084C2B7C5BCD37E6F7CA4C83F
98DEE40359157DA65E197F9494337D52
E4A567657B514BD2E6309BC801552B57
7DE9B27BE25808F838185E3BC6613813
32062F2ABAEC83CD92C6D8805A8101AB
5C7932203C5F02912C50F9F2F3FD7187
7F0517FAAB9284722C8410DBBB3D72CE
588D2C071AD2E0398EA25B0B8CD6E42B
2B8871CC58EB6277EF731DCEE74AFF9B
0B709D7810B288F734118156BBE67545
E0ED2B3BD21D3F2736E65FDB2F1945FD
4B5D00B6D207C862F1E654E9CD5CA11B
F95E6A10A00E7CE67AA43BCD7112AF21
298E242479ECCA6AAF3927ECA1BC635C
B00749A1528C10A2B31FDBDB9335B526
6B587C5F5DB3B8A5CF66DD6B5784CFD7
D64EB2C2F59D4545DB2ECDBECE9A02D0
CAB4353D46451728C7EFFE618E351BCF
81227C74D6D40A3EC2D601A62AA3A992
69070B1FF72B3B8AD1CF607183274F62
B5BB63A13F2E0562754732AE7DF568ED
DE5F1DF72BDD0531E3B4722F71E0DE16
4782309A09BC80F8230403C3BC41F03D
3A9E6DF4F1615BAF000F93F693E08243
C7B933D6DE6407CB717E46F73CBD4CD3
9F7840EE1820416489E220CD157FB909
D2B2136E1710CF3A1FC4ACD3FA50BE5E
EC4A672959D88930E7CF664D7F6E2328
A013F3CC8E89CF5B3868983CCB8D6449
760EE3B14CA1A49D45A8BF866FAF9ED5
16DBAA584D3E2E03147FDBDE0F8A0CAC
066F1FA0A588DA89190859C5818D00B1
675C00B3C481D204E8E439F57245C27D
081C6C1AF4BB708A57ED80F61ACA8CA5
17D7D139FD6C33B64171C9CB1E8D07CD
B37A49C594D67F84B168C815FA59E884
D384E2E611B9E4AA0761BA28B33EBA88
FD099213DAA988AA959FA7CBA07F6D0E
793A376BDDFD3B93AECE46ED8430E6CC
EFF96DB2F1604FE6DBE4D81C6CD9675A
D226A9643AE4147830F19263528E6705
2F01C62D0F7236708AFC73D895212234
821D23D1D586F70EBED9EBD44CD4B1B5
65014FFC12DE6AAE48F3DBDB28833494
3F7D770A017D658637515CE9BF7DD186
01D5B7DFD5A2B6D4F822299F04E5B99F
4C0487DFB6300E0AAAC415DCBCD64C30
1C4FFF19F2CB0CD4F303BA3720E23283
16262FD2606787AAF01F443A2F5FC0E2
1D49F531CF1CD15232F00EDF143EAE95
3A428D379C06CF72F9BD1330FD15DBE0
D69191D750B1B90B196E81D2FD78E56E
631E7A3A4A6DD4768D289F554D6F08C5
6DD27B0CF048315208E2AFDB70E24A4B
3E5753F585744DAFBFA327B10AE35C0B
DA7D5AB5E12D5AE09B743407696A77AC
B936F12F9E7C24EFAA01C5A5EEF432AE
6DDA4A27D2932A18721244BE0AC14126
EE5066DFBB107907E1DAE72B6D7BEAF0
22D5F17A9AC901ACE1305A302C113BE6
AFC906600933A92F968EEF8CD948641D
BFA59E836C17C827312F8EF92B7D5500
A19D86133E35D8233FE7051E5AA2486F
5A578A21B09AF8D825C66875697D616A
C9F1321B5BBBAD909DBC193F973DAD56
E3A7A8C521B68BB94464A0EF1666E813
52EDD81A8A099F841C10A7284B1C36AE
21729E618DDCA6EDC5333DB3C8387685
CBCAF39124DE0F82B5C98BCB7FDF61A9
1BC4D363A8EE0D8D17DC7A0FBF536C1E
0636002E5C210A104F3CAF3813822A9F
0D4B9AFF1C5BDAEC7FE67EA83DCF264D
1DAC6FF55E779891DCFC0C0CF225991F
99054B6CC25F671E2FC74137A988984B
456EEF54B08E94BFF20C62C44A3430A9
EE5D30E028535C496B1B8743A3CDFCE4
0A30CC30F5285AB5DB91B5B1C656BD52
34A65A2C10AF2471C0A4C020A15DE651
90FD6F2263771CCDAB0712284B469562
DDADD830301C69B422D098A3DC28CF25
29F2E88B653E4B1FCEC857C1473597B3
A12D04A1978CEF5082462E550B2B68FA
19F39AE0592E91ED7C33C0C429A5AC81
3092A3D16EE3401E146E1C9FA5D887E3
B9E6C1C970A86C05D77855DEDFB5D0B2
BE2D309F152A143AA12459CD02126858
13A76A48FB42D619D9F08EEE6517C5DD
41B5F8443A4D19D151E58286D320EDFB
1EF86DBB1E36CBD9F3685F59BB9E9A31
614FF52CA59685BAD87469D13E6A6102
F6225A49FC9D4BF57DC79A8DE71AE41C
43938259F5AA6E57D296EDDDA235AC25
9B84EA2F9467C7B39D51A28921203D9C
92B75B7BF4D4A961D385131CFB6EDA19
353BB95FC4DBD09A0B23990549D664C2
D370B38F9188EC34AB69675F4BF2CCDD
63D19F1DACE1EC13CA539D80D3652A7C
5308CA71F5BAD5977B23B9B5D233916B
D511FA1B6AC95A7F06998FED1A9AC83D
A5304AE65CDF49BDA589B2972C20E91E
94B1FB96A65E61701F762A6693139359
E9DE37B71F8E6C1738D231489EC12C00
70C4A4D2EAA83D79058333AB5C0EA5A9
42E897F2D31938B697051AB956BF366D
D020184B921B31FA09E8CF190BC51A8E
0437732CE9E7AB5912CB0CA0D17A2A69
DA73AFF7F70DDFF1FC488C05051996AB
445674E759FFBD3046CCF2AC34B03757
3A7F48C849B3042AF933EE601AEFAFE3
D4076CE01B06644448D804BEE5D58C7A
28185D13E92A25DC79582D9A13F38773
2A567A1CC1EAEFDBAC3178F6AF530B8C
F8CA4E69DD9607B023231EEFBAEB1B0B
376293B66F5D118089DC97150D78FD80
FAEBA79E78C58660F891572B586ADCD2
0F3DD4F3FD705E74580316DD192FFAD9
81A1640C12C8250773F05C6260817590
509E8D8B8136AC112DCB030E8B26ED99
64E0688BE67C627EDF86AF14914E1453
C52D1F33E43C82C8A82E0D338ABE1C82
F3F21E472AC88C812C31488E9FD29FC4
BB5E45EE0A488D720059B7E4538442CB
40E3F28D8A5FA1FDD9DA60409BF8F19E
E059825C56948C66EC582E75745BD6C1
A0E8666876A4DE1490C05826EB07BBB9
9B2CA37B98F6AD636D9379F10B35DDC4
E3BCF30EA74B4C5F2D79402E3519402A
B0011056EBC91DF6F1E86744AEB448F7
1C72BD2ED754AC0890595077C83F0D8B
46C2B39ACC2869A7153B13E5C74C52A7
1270D0D350F81D41B94C1D88BE5F5B9A
24B9A4D5187B7C430C380AA0B7BC6DDA
244D660910C1E231441C2E5C100817B8
6C2732413C99B89BA555ADF5B36717D3
29E615A79BD2A221C60E1E4C068CC922
D938FA0EEE556781488E55716C912B13
3372F2A7FA0D1789F9ACC13278D6056E
1E3531ADF5B38935C1E03AFDFA1D622D
4051E70FDF1EF0B092B925039B8E6E1A
7E0BEF878F8D6B05822881CF83CC8D52
E6F892C249DB5F1D1834FB50C9C58F3D
713B11C9BAE1ED36E5139EEA2C0BC90C
060F48A84A5DE10CB203A0760291BEDC
2A03326472C5AEA2FF78D4BDD5DC84C2
20FB77D3AD80DC0108FDAE918AD657DC
EF4E3A39F9E373C1C91661895799BB7D
E79D7467B1B78324C2F0DD4584596C11
7CD1030A50C0FBB0535EAF42CF7E28C7
67949433ED59F15854BB560149D1C65A
6BFD017E039FF2ADB5B35C121B32BC9F
800AD4B253EA77F4341A41D22952C2F8
1EE1A7C5EE3DB9101CA2B1EFDBD85D83
E91139B45668F6655640346C7273F868
29ACDF5AD59D67E9B18E0628BA605103
F3C4E65B848A9A0319A4E5263096D1F7
845512222AACC50ED233143145B9710C
3BF5AACBF0C2AC4D5D24E854EFAA5DD7
922B96FD38A925776019D6B157471F19
A1228719A25CE2ACB71054B0E9A11707
653CC4019DEF1F1B114C8B1696D91C68
0325A8CE397DB7FE0C9872BFF83E641F
F3C54B41FD4CAFE70EA0DCAB14A74D40
63015C852A3DAED65B0E588C7CA52887
61497938099AF0333991E1DE81AE9490
2521C426CA24DA21AAAFB677D744FCCF
3E16C87C450B90CEBC690F97E12B23E3
054CBCA99936F29A96E8F4B6D373022A
3092BFA0BF9E43695E218D5D0B75A34E
7C03EC869BC2151EAA8D5CB435F8632E
0CF0D69CB4A83D647C16CE18F0B57C8D
13D237FC1A6C609714A42F70BD8F50D9
0E0F61FAF37E69932BA9FAE169BB5408
961D9265B42BA53AA0E49F271F7C3E8A
39CE735E17E54D1BB9B6518801C14808
08EE3FEA8CF8EBD476F6E315E13C3996
DB20707938B69693B8FB7E402C8BD3A1
6AF2B45056DADBAD8283C06868B51747
1DF52C1C61BBCC57262D1AAC8A7C1A46
5D0C4DE1BEB07D411891D438E47D4E4A
580CEEC05EABBE283F275B74AB846E24
97016D2285277F1043AC435F501526C6
08B338F67C92110D855A99651D3B01C3
53029D58A2FFA16D4ABEBAE481EA645A
E777CDC81FB437EB9A6EEB15059215E0
AD9BFF7CA1FE849FAA2922F5D9BFBD2E
D5BA6D0E6404FE1BFA5A6C758D291B0C
511E493056012433E80128C4B49F0014
482CA6F459E45B439C115127D56FB7D1
D4A24A5BEFDE207F023108D449FDA7C4
8710E808D29D3CE8B26F8045977D40B5
95E561975C1912821E3F721976C15897
3774F9EC721BB1966E154E6D4EB44415
1AE996E131C43E8F24E4140E3F8C21FD
833A8FE9B8540C8EE8F03DED4DDD33F9
79B0177CF4CA2D8DC678206F0D193DE8
00914F7ED489109141C144772714C47F
5C006C9417A8A11CD9955B7573BC783C
4ED0433F5EB16B16F2B3580EE0622C2B
1F56766FA844602EDF1DE9C42A379E99
B381DFF41DBD6CFBFFABC912FDA29ED5
21A77383DFB27665D50B48562156FEDB
FBED4AA0586A26C020699813F9FFA05F
13C31CEE3D34890E1B7EFFE5AFE0BFE6
CE6E4286C1E836349277B98A57BF750E
26F348F2BEACBA92EC4686B23FCDB684
D87D0EA52CAF0D792DFE0C7B60C2DB4D
D47786E4C805193771BF731EB238E1B5
2F8AE38CC0B399946786B2ACF19B2B01
5802A2E4D589CAEBF13DD331DD2FEC2F
98AAE41AB3B09120A9B21B86C4608FB1
5E04A46A9F1A3D2271E6F687D1181A9D
A3250495C8F067A4D5D74A3AAEB184D6
BA3E1539F0E6E94D4E684A39F15B6A8E
E717CA2EE3A493AD95126D4A5DC43A9A
CE6A492C266086BE6C94449E9A109444
AC0D498CE707376D81AE7CA0AEF8A0E3
41BA957893D52BBA535D3E685AFB216E
9076B7EC4D9E2C15C8BA942E2BDDEE12
FF195C364E963B65C485179AEDBE0849
E6885141C0BB73E347B7F3D6EAD0366C
D55CA3A3237054C82A023DCA1B6A46BC
64BD662F77A17793D43C1FC1D75D6211
2103FBFA647B458B57A35850F563D39B
9C6F1FBFA4260B1C61B50CDAB4BAE53D
0D2CC18600BC7A7D34921305C04F5C57
D51C7090541B03B14E97358E3B24C026
EE9A980049E929FC27CF0345BC770BFF
BD9A20BCBF3B9F0225DFF155C1777927
9192AC8282C59E283A84CC2088AE847D
507837F7B32255DF84733F1AA687B510
C4785ED0928D9C5AEB99BDA3C8DB72A3
FFA1392918190557BBF439FB1A1785E0
F9AA07CF13EFBE81B5FC655E92D7E34B
B4AC512CC307B7B1DFB113C3A3BBB368
DCAF95E42F506E8CDC3932F8C2488C9C
5194534C5324DFB00ABCFD6B8ADB6629
8EBACEB9288D40310481AA2EA682D7B1
06E4F19BEA04C792EB53D3BB72AC7229
64805AB9E023863B8C12C3DF8CDFE1BE
36AC8D698CA736F9640FA915D19A3C9A
1FFF5A3B10646802E6002326EB99AB6E
A051452A6234320956844FD2C6FE59AF
BAA3DB95ED4D99BC4BA81776F9DAD517
25921F27D7D3EEE21546B790DBC54A65
135383B146382AE345037C1581FD9366
DA539EED491A5CA79AD8E44932C8F395
C7C22FBEEC244ECFCC63EC11F3C19BE4
A603D785EA1AE1423D1747FE56D179FD
1368429BEE7D03C15318B4EBA8BB232D
7E929593F1D8FA4CD65E9E207BBF1345
ACCCAFF0AA89D528F65361D0E2A0EECE
FF54FDC9B6EE5D43BB278C1ADEAD59DB
2F8327CF1E4363695C85FECEA34AE025
4770F26C22325D964169593CA6311FE0
EDAE9E9797C49F6E114A93BE33D2D0F9
840F3DBC5EA6F200DFCF08C42E10CA15
4DF7035DDEC30A8889FAAD3733E9855B
65CED04125A6357C1D64D3590E9BBC0B
F05767D45460F61B1A61263375015D8E
B8171FBEFECE1C02858F0A8F1672B379
61E167206F017F30DE0258C79AC94C1B
9D570B04FFBF8919FDF593FD31E883CB
C914DE6B88782FC10475991AC2EC1CFB
90F055DE45EA8CBFB90B4FE2D1D3DA0C
09953A6EC8D0BDC0CB30D00688ADA6F1
8AB66B6C3A96DDA064E5F8157CADD6EA
270023288C97554CB8EF9E9A0B293573
CF7D54E6717E556034AFDDF4D63885EE
CCCA64BA55C4894B5B996FE1FCDD1AB7
B735DF57295B46A66CB5BC4864C7E59E
713D579AAE36903D3D90E13D64B11363
A77CF0DD20CD0A92D0BEEE3C9CE04EF4
344AB3FAF3CEA73659C0B98FE598E407
F9618D0BA7343D01FBEAD9BE8D538219
781A1DCD8A8E7FD66DBC97DF9EFFC5EF
71014FC6193601FEDA45F8B3DE2D3959
CFFA88FA95B124D80E0195A4A73DD083
35C5BA93612814E2DFD7F375E6747ADD
B22E9E6E8F4C1DEE21039D81227E6C33
ADFA758E83894F547CA7412887904F68
63BBDD4A3B0E5C24D1301A6DB96ECF88
38602C488B1D809D0DD69E384863246A
AB9BFD356B1AF7C6FCF91FFF4606BE96
14F09BDCCCD82211A40F634B2702B63B
DD472DE7634970FEA2D1C3B09DDDDA65
8898C2FDB2F8EECB50CF79383A671053
18A51817816A0776E9F9E6FA446B1515
11D0AF2470B5DE2B7016DBC600205715
841B7A65D4DE4D5686C61A48EFF572E9
A9833F1CD00A35F064F0B6A911E451DA
C3B36983BD004205F202AE509D68EB0B
FDF3F57632BBDC9BF33B0419809770D7
A98E7EAEEDE02DE209A42AEE6BBE3D4D
95D33C3C1130C167AFAC5396FF7B36AC
7D28F7D5F58EBC7F7EA5D8982CCC3F8F
37467044FEC29AE90EF72E324A8D2E93
606346803353DFEA9576A41A7C25A33D
E335F273A6B1B1ACCD3AB4C0317BDF5E
3FB7F6855CF4242297142ABAC4C5DDBC
117B5427B6ADB9C0B367BBF392625C46
43CD8E6E9155D2239B2CD2A1AE4B9E64
1FDDC5126A53BD30DEFE71DE54CC39D3
07BCE51A21019CD6C9F327264135CB59
C62CF09525C72C4DBB20CC2637814D2F
5259B81B285E75FAAF6B65340486AD82
663193B4B3679FC821952222ECF67A1F
A9DBFBD5FE063EC5B455C48136139005
7177565D10270C38926B6EB0A2A20B0F
C2E0BAD87507A07BDD894E7399FFDE9B
DBE746BDD37A9A6890823A7AA11BB17F
2815823897A5315CC661A57250185F8A
6EB6F3E2B542B08F47732A2597DE0C41
097AD2AC2E1F0839234865E92804F005
FF239F45166A66BC94A548951A40C74B
62A0828A6FEA25D5FEEEF1660F1C6134
6D4F75E824588C093B2955B29588698D
07871C9981146DC8B7F1A613297AB317
9C75B41E19F47FD81826C85C02AC0E94
72916AF36E7D65A17D2EE3A767E846E5
4449150C67FDBD94BEB3DC7AD6E2BF7E
9E00573DF6DF613DE44F23D1EE815803
18D2789C2A7FB2CE247B4F201D51CD6D
099C58BD47096BF99381F9087FEE9CE0
3A43F680A5AD9248CEC2EFC761CA50A7
A133EF78E2F0E6709399EFE7A0E9DA7D
2A5DB016D7A4D2A3AA2C19200D8E37D4
DDD7E9DD6A1ED33C57F49E0FF1D1CB9B
0BCD1C237AF4713840D4FDA2DD19EAC0
DE3A0BB304B70E537AA1131AF3DBC31E
F58739370F3873E1155D26CF976D4C7B
C73D4379F9F79CE526C710B49D4F90FD
04BC0F9AD07A30320D6F23D9F93DD74C
7C7CB5B9A548A905DAEB0C7F37AADB32
3F2FEB7AF9F8707175B022DC21CE05F8
162B1CDD6183B8F642D838CBE8254F13
9501B70E87B8EA9016FB7FC524C520CB
88D84001BA4054E0D82A4F2F8F6F9424
9143D75C97950DE35FC9C510FA0BFB59
9ABC86B5B246FD5FDFA833699840BAFE
9F5652C8A800324CC67A2209F79A2BBA
9180DDED7A18481DFD789A57880D533B
1EB0174F5379D056179DE69EE183BABB
0D44B8B36848EADAF7BA1CA86B106E82
948B52BEB90A97B8916A5C1E0B3B4964
A1A2F2F252F384E1E451BC24183B23EA
0989D5C3F8339A0B5059E0FC06BF329F
1D65037B1D27B829A16E080941A5CF65
3CB9CCA9B0AE1DB939012BCFB29D90BA
E160140BB3D956674FAB0B0C1CC63061
4CDA762F3DE9352D93BE2E1C74B0B51F
299F005B88C0C5DECD04918D38ACE06E
2730057CCC97E16DCCAF9BCD1C3DDF2B
7CCE89C61C1E142C4A81DB25C0A8E642
C89C27A62D346FFF6815A0973F42F059
C5C3701296574C425E567DFDB83719AD
98E46D1258070D64C6C686547067A1E9
52EF27F93260707B260B1834A172FC6F
8A73D0D467E27B06BF423F60051E014C
23437BE6E7AEA006873F8BF0D1DA9175
753D67721A825ABE9D67DB4EF2DB7588
27FDE8A38AB9ACF2C85B09CE4710F421
0D242B13D19C38F4D9A5E3010E0D1BD1
04CC0A896F7C53F35DA52F93B26A032F
0CA504579655EAF8FD970D9BE991171A
EAB8F8634700CEE08D7F0D097A951FD8
A0AF04EB4B430F42AF8695E564D468D4
D30C0A1208C8CD61ACBF02D0766D8552
F509C3885EACDF280D8030855A68CC2D
18747E5C1B81838C6BDFD9FEACC134D8
8ADD26043AE5AB8D1D448E84A72087D8
3FA2CB7E62E231719EE15CDD9DA207C1
DF1A941F6C77A4DDBA65988E9C2EC519
116CA1276CFDD5FD612974988135412B
6716D8D553E2466BF2A9E0D69282CFA2
FDD62D419FD1610BF28A30CF842CA26D
D56230082026F1081A0BFFEEB43BBED1
20689274EC0FB036A0BCA9E48F7C706B
DA889D0A9C06E97CCB26586231AF8672
FC863E5169F8A7C94325B8E8E192ABE3
AE19C8B9C8A9724630107C65F55A0B68
F4EC2238DCB09197F76F1F53F6BB5F57
1909A27203D00583528E4B3BCFEA2E90
3646BC63E62F6792EA26BD3E321B824E
6DC0802592F8CD3754F2F307600D350B
E5AE709C9A878D2AE036B97A5D978542
8C86135978F1A6A58821771C63167C3C
B1DC14687B7742D63AD82FB5AA90DD98
F3B768475C74CBC0BE818B190E121A24
0DAD9C23CA3FD5F7C19789B9ED16D8D2
745CE2422F6B7C59349B0F73D8B4A945
2B5F0D7E6B2D7010C0ADC3753FD8AD70
01E5776DE929ADF34EBC83F3570E5D13
AE1766D5090AA7B94ABF072A593C1665
8AEF06B5D4391B52CFA5B0E65385CA5D
A42B539C3E78AEAAD104B5DF5D2092B2
03B98D88634176E5603A0F6E11C2FAFF
9875BEFDACC659A54D5ACAD9DB1D4831
D37EDAF50780C8B35E50306F61ADAF7B
97C4A1B6FBF1FBF16EC5261BC39A8E88
35AF7B6E5FF11BCD2119DB70153C7A07
F95705650430D3B947682903B01CE325
F111A540A0CB4C6E89C096CAA4980553
F2B902650B2BAF7DF94CE9799C40AC86
34BD2D0316BBC039D81EC2F3C919E7D5
3244B1CE3F271C4108CF050F6E64D5AC
9F46C5971C572A6A59D381DD48AADCE3
BB89E0E125FC558694E88D8220403457
D35714F170EA497CF7EFC7D81FC828B8
F291FCBAF29BFB9DB71BBF5F3CD8C33A
279F76C8EBE0C80C4CFC0F7AD51D5D54
B284C7198222982BF7DF2C99CEB67F07
CF73D66C9318C1A688F092A0DC9FB7D1
8032AAD2CE3BA3B05171AEF8346DBD43
9144AB6B014EF13B709563E0A945C6E6
89292BC329B68B01F5A7EF9B4134C59B
FF0043D7D711CC1AB5BD10F12AEA5862
E8CA199B422A01EE2501AE1C6925AE8A
EDBD444D1660BECAE3E5DDEC5BD45550
3FFE2827BF5CFB6410CF7FFFFF443EB8
B97D7BD077D72AA0953C2BCFFACAFF21
20DDED4D743AFC9573D21424380F5E49
6E3F9E10F5A7077DCF83566DA303B578
05DA5F52B99E037A5A5508F4F6D9D356
C32033FFEC18FD84469B991FB061BCB1
AC6599D30573B2E8D6CAE9E91F7FE21E
9AB4C4685B2463D241D6B1401AA5AA09
8172F59BF4C54BD9F73B7D2E9E37336C
8CE71ED7F568C49ADC56898D2CF74904
B8F1C0057FB579E7F0A12E484B1CB74D
CAC5F37D842796A9CFDE6F6C93E95967
B4BDC00A8AD69802EB3050D4676568F3
93DA242FC8BB5A8B8D07FB62B441FAD9
3304788995A93AAEE467810153D059C9
87BFE08C9D1013A6FDB842F88B5B8614
9183B78C0CABB665EDEE1685701E9A09
863914E4FC8821CF6D20BF8919649A80
505F5E48A86D0FFDFD0132B22B9E1B1F
916C82F18275E28BAAD5519650C9679B
0FDEE7F006762F5710997BE9FE9BD8F0
FEC3F4B394CC7C4A76C3E96094CF708C
B617196B5E17CE1C78A044D58A203156
460750F0ECF94137D058A3A560D50E4F
A7C7EC6B2C59B060C4816E82DF92B968
4E3B73ECC423447B03CBA5C94EE0100C
3E322BF8AA51DDE2B1E0FD12F3DF3803
9D28C6121B93DD1A1443D7DE96630AE6
DA0B4142F5B9A392C363EB9BD6498B87
877D404D3236AD46A43B1186252022F8
9BAFDA815AC6C98090450D8F29E4C19A
35B02226ED9ED42DB21B09CD9A59B643
389A49526C21EB0F115016BA265544C3
28F295542DA83FC2AF493739623F6110
4A05002237B39626FBA54ABCA9E9B705
04EDE69716ADAC638211466465AF90D0
73FFB69CDECC3CBF3B51E8A7F8D75652
70F13F4C12D81A87534395EDFDE0E6E7
98C12E7EDF7D7543C2538AE7F767F9B0
964A770DCE6E9BA10B9ABEC8928BD3B7
1AADCCCBF496FAFE665763190E8EEF01
4D23CDAC53445770C54016FE930083AC
78774A4705B79BD8A26EC80E7F4F3789
C5A21957A4D5F830B78FA0651E66A91E
E7B2D2E7DCD478B97A6352EFCB213AC4
ED466C729D95FEC715A89F00288F55BC
5282C84FF39CB880870AE62C65B483F0
878D0BDBF28ABA02834B6A6CCB536175
242ED7A91EB40FD6DDFFE9A30319DDDA
C669F973D0508F559AB82B262B67C328
19F84817F3CF299F0684CC6873E29308
1A9C093188B5898AC637FC0424285442
06D1EC4AC52055D0CB0BD9E2576044CD
306A2D0BF09942D13F4C8E3DF8B905D2
96C1646C8C08BA01E1209CE6B0802E39
7B6992B917DEB57CFA8D39D2D3BF9C8B
32AD453735DE64436E1C79427C464F84
1EC17FDE837E7BCF87EAABEA214B3C08
88EF8DC79F331160AB6F0D94087D728A
7AA5B0B68A73AB486C06C252B47DEEB7
C772690F05AB8D239C5BFA4711F3DB5A
4FACDBB2030B0AD123077B167D36711E
DCC5F79C9EC3F7997A3DDCED5D546D5B
F16F5B89BF8E8C68FAE5EC002FD1A504
D3FA08ABAAE57FCBA77DFB669361A18A
CD6E05E1CDB5BD68D43727E9D8ADDEE9
67803D75D544FBE1192EDEF8BC17625F
A617F0CACF0E293E6F5E4E341DE36BDE
EA248DF5A61571C99CB7CD83622F84CA
3C46672357070CEEA0117B470B40C2CE
3B1841E17F7E7051B9629FCA48C6BCD1
0A7E7A7C02A85FA0D2B2945DBDB01BB4
0D64F582D2147950D671AE6F2524A8F1
AB27A62560EDF312BBFDEE135D1FAB2E
0DDDBBBAC45EFB795021AB5D2B430A06
811CDE26A91255DCCFBE8A54DB0F59DA
49B4EB34CD31925C7E2711611B6486CB
9CD1DD429533B80E5B27BEE9E0C53ABA
E0FBBEB95639760E056C6E29E4F48441
00F5390FEAC88087CD4E1703912C952D
F891AF84FDC64CEC58F9AF2577A820B0
E912BFFD14057DE595752ABAD111689A
FD95E5890CF6835249BA150870722C2B
148CF07C1CA8FC1B94144F6771570716
B714EE1BDA1A36DAC52D7F1A0B2D94D5
979A070C93C5868F8358650616520339
2F2AF2E0B4DCCEC6BB71000481CDF8F6
BD47BE2F5CC7FE50A91A1F4468B56C8F
BD9D905CDEB764D0434BA91F843A9E96
D2C9C64F0DA944D6C9D677508312C75D
BEAEBF533D310C628B5BCF973F9E5CE6
C8AFEF92D6B7874D5FDE094F3A3D2C87
7A3B124D83D39A97CEE6566A61596BE6
0D507884C43A2E15E38E52268FCB138B
B3CEDF4DBCAD2E1377238B371DA97AD8
BAEE367B0BC92AF053A99C7BFC8A5917
FA8DDC149EA196D9A9AC67E427B706E6
359F4DCBF93CC967BBCF760B092EA6E3
A44D278AE8DC82FE29E1D4EFCE4C0EF7
1624B5BC90B5CDA2AEA8A9E48A376537
FA4DEB5A4B41409B9DF38B143E15D7EF
2F7BBB3C104DBF221427A8BAA28DE849
3481247805E458A5EC7C7E9CD0EC8051
AB96B4E41568031189D540C7D08FAAEA
21482EA4B141F8A08303DA09821C64A2
DAC4C49B83AE151334E3D346D60E1B4A
D7ABA66570B84AA8DD0C49DF73AB1565
B37C6770FCEA853F534834BEFB81A00F
53D778A9CFCA33E84A7EB0A2A46B4533
7D44C9A5A91871EE69089646642BB126
BCB30A14A2B3042902C7FE53651BA45C
3170CD0738DD9E1AF9678B5CE61F6359
DD95F51946BD1AC18CE36B1D37209536
132441F7B63C55E957E1332B35291FA8
DEDF89532BC48A85A297E757BFDD918A
14F169D74B74CE57A260B212B85C19B4
A7AC94265C5590D44D134E218B084AE9
2369C474EC756974A2C261E141C35C5D
584CACFE9365F5D506C0439113A95CBB
1EC760738878B060B7D123241B1E5B08
620A310B8A123D4D3AD94B5DA97681B6
6BE4679F134F0DBA8228AE7F1373F260
0CF6C7AFEB8426EA689B801505E2AEBF
5F19FAEB7CFF81CCD2A64A64822C8385
6D545CE22D16632B13C139A14AE5DD32
623E3A703783BB6BF1D5248E7493DFA7
5AAFEFD4BC1115ADC41B7889BAD6CF70
913070EEB23B6ED7C4F0F6E8B12473B0
22092B11E4D9843552265FAF5D2F1ECF
53B5FF3B04162BDC7862A5466466C217
654E0A7CA7EA204D68D1A89FC978A29B
97E4A2F48869622B40E174466A162E8C
AD411E7CA0FAAEA5B45DAB221AE6CB54
E1F7824C34B4E8187F64F2C41AF01EDB
F6E527DFDCA832C1B91B4C3A8B5D26A9
2B66E44EA5421D432E21F38535E4259D
43C41FEB7CEB9418BD7A11595DB235A0
9F16C2E8BEB6AE988C07892CAA931024
B42659B7103DAB48C329839CDD1ED45C
3F528282196B65AA353552943355BC2D
5AA87B2E734C7E2D01D1A00F5D2004AD
CF2FB2A7127856CE1DE65BAB65D85604
5776FAC80DEBBFCA4E2D92A07965C1DB
D3BD40A1C492FD0E5949175A10B8FB7B
343180395AA65D128A5824401083E387
F410D741BA47A99ADBBCDA9EF62FAE22
554C23BD2B156DE486C56FF48A8ED74E
78443B80E28317257749B82378F27219
0700880732F053299B7D422AF3CAEE47
7624152ED38000BC0DCFF9D3E511FAAC
3D130A43D725CB1C354794AC765E44F2
CAE0EC637779FD399D0AFDD248D238E8
6A30B058CE3408FF424F1735BAC46F3A
359362FCF9A8C6181528DB693C1F467D
0F0EABA84ED0DF346751D4E94729B0AD
5373CCA9DF25B7D7C71599F38E3393C3
8CBFA74E20177CFC81DC9718EBA2EEED
F524A9FFAE9E142499F9843704255451
3E05EFF741B191F3737B7E899F9B34FB
4AE5982A234D255BF7534826F5A419E8
72F0EED5095F42296D9F9BA1C8C3BCA3
84B2291B91BCE302554DF4CBFECDFB67
02A17206777F24FB5644EFBBAD5535E5
CD9CD53F1E9F65E86F5DA4D6FB0D04AD
3A6584797DF6478818DAF38295FDF33F
16F1751A0128E10241C92F1C7E1EA8AF
3CA7B880106679271535E202F7B069D9
A62866CCD816ADF35E9873D4E8799DCE
E2407899F146D0E4CF3C88E4A8A74E66
56F39A655B58207156AE4CC163903516
03008C8B1EBF720A18DDA15B46B5A3D1
0698E557C15CBB0FE5285ADBB468C764
99532084065719534E44053738F938C8
8B292921DD52A2883BF331CB74355B75
C01BFE847C7485117368A750305DE9D9
2549E6FD2E17A605796BBE5BDE799D01
6CFBDA35DD78B2734319F9BDE4894551
0914F649BA9521019D700D11FEEEF632
34C30BADDFACB733BBCC320CD20C836A
4D5047207E3E619C37F9B8CBDBF3820C
A5E768C027B9A424513F2999354BDE8B
1E198C8413737540E0F151D7F9DAB353
D2B4E1AD3F537132751C7B1C1DAD18A9
04BD93389CF0F9AA46E692C37E76EC89
4AB5E6E96E619EA36954285B7A5D7D68
89D81438698E9471B6D210CAA782C6DE
DD6CF3E8D7610B29FD783F7F5E2CE436
59D152E2BC18758B4B73F75B3D1C80D3
6EB8030A0F388254249FD317EDAE418B
139C547855F2B3FF57050FFF2583BF6E
167FF8D962850473F6DBC94CE682CA06
387CBBC79F4C24E6C5806DA1D003B103
B4EFCA47E1FA0FD3BA282501AC51B21B
619431572F39895847E1085F083A280A
51E51FE906A75F212EF5A1D6C63026DC
5064589F9EA5EC9A2C0B5A415F090F39
48231FEAF6CB5D1792C043D7545EEEFC
2902DC23F74A97A0DE947ED682799046
0B0206F9F5FE338C5380DA104029CB36
7B38C1CC8BC7D239F3A450FA39B407C1
D0FCC157917A703B3CB8BBD16E08251D
204683C6FAE7E9CD88DF3D2E26D63274
99E587DD68E4327F53EAE640AD8BDFD2
1AE5E6A5EB200BE0EBD4EE533F0A94CE
CB31EDE4A8DBC09D7CCA9867B76A0FD3
4884546C7F4A26209E9A3902407387C2
D2960765F6C2DE12E3CDCAB70D73ECEE
B121BF931CF8662E3C8F30035FBD649A
240C282AB410C49D7CF1F2F347D37B06
E182D64E4D8280CFA05087BF756015B7
BF9F2101CDD0ED8E676AE5EA027E7C18
D26548C76E0CF0F562CAFF0CE5AC91C0
DDF7FC0B611E74D2956C3BC4F904CA39
D06654CD60EA0BAF04CDD8A728BC60A9
8317797B5C8FB4D158D148CBCF853CFB
DD9DD70F7D1747D79E3FBCBC90B04BBD
FF6C3DEFF103DEF8BD0A513593DA3B05
644359D61B9FD8221ABDB6E2C3114C6C
3731F869A09523A3F39372D346CEDA77
65542C2251A37F57913A750109C245D3
5B017D8CFEFA8551EF1B4791956CF826
41411AF19C1658C5D79A38B05C1AA7B8
AA8F2D32B3D459B9BB992EA76E4956F5
2DC1B5AFE4B951CD146E7020BD89A025
91F0BA8B10E405862CBFCA522E82A500
4901C215A3BAD70E267BA6FE7A17602E
67F73CC50155A755BA1C1D00984EE925
30F87F6C934875A156FF7F293C4723EE
E779218977B9792A936DEB998B4FEAAB
C8C5F035A7C836B11B1B9D078804D1A3
B94EC6BEEC3CD57C07D0255D54C3B600
480F3401DB710BF0FCA76433166FA7C9
3BFA599CFB0092E0C329C1A1CC3565B0
118614253A554C0CA823F61B34CCCC6B
E08C210CC6B85EF64442DC0A2EE839E5
EC3C167D6FA9E1AD3B76667F7E2E7D8F
6A0E875E4CB06A5603C2308F14DF1475
0A0F36220C811986CEDC246DAC57AC66
06D8F9E1CD7672F9CA215667A46C4230
7338C336B42206ED3F345BAF72AB5D53
775EE7790C9503144338B789BC6535C8
2BA21C10CF6472DD3DF52EFD9819DADB
50D5BD69FB2CF6EF4615BBBBE5256A73
3729428880F77158260C3F6FEB6BF679
AFFBE370A6372AA07C7C97CD4D68279E
3E4651555B56FBB007C43329FB7B7824
9D9C292F71E5D20BBCACB951604ECA3E
7C7DA5E7AE7D59224F5343963E0652FD
F8BB71E1F6F64AF97A0A0F0D068FBB34
5E52E9A3F02CA553B7F31C139648E799
141FD9B2BB7ACED4F98D83000BC8CB86
E49DBEB1C609C869F80EB09A97D5F8AF
72F0EE8A2748C5D586BED244310499B2
AB6D5DAB938189204D5BDF952592EFB1
0682AC61E36FD1F12C132DB61441F997
0530DC1BDBB529137ADF4042D0C8E5B0
1102FF12DB0BEDEE769E273D4B3BEE48
375071E713236CF528AB2AB16ABC6AD0
19484C49D41849294FC7385B9BB12E17
A4606D65CBE8A1C705D5F664D2400763
891A266603F1585B000BCE945AD92A72
1FF1FF443D256AC1E4F11A9124974C62
C1595E0D193EBE56E48B5DBB44BC2290
624716C275287C630102884BB5800262
AE72BAD2F2E7E34DBD3658E081055F94
2FAA5A393522DEEF9F63449F5DA0B1D0
32CEA4CFCD8F85B59493150D467746D2
2A0D101BCBFE3E87B746664A597265EC
BD34510AAE635E1C0C2932A731AD5601
6A9BEF0F617CDDE3009845A9DBEC4413
B5A0234562512F92DD80262B72724E01
BE3E42E2E33C46165C26045331863F17
77568AC00F7070D5E7AC3E4B2E761F1A
A7A7E8BB23E532B575ACA0A26849F08B
085045A1B4DE10518EB858E7C1D93011
24024FBA187820C45E894CB3D9D55227
72E4A402C60D61DF30EB58478ACC45F1
57F9DEC2D43472FA39BE91F87558F3C2
802E64D547D2FB13F84F72620C13FE41
AB13BB2E7A3EEF8E0B4AFF7B0C825257
DAAD44943709274DDE126123BA9612A4
E869438CCA362EC145D5106A49B91D91
1B2972D486BBAE62DD3F7DB33ECDD84F
1547FE55B43D3306E7AB3FD355CFD4A8
BE47A0F67D668DE39607C598375856CE
FA787521725941870AA395E22D9BF8AE
C24303AB7A4192A0F9361FB5C231AAF7
74680C8CAB5B2F1F95E0ACB7DB487CC0
DC698FAACD2D915A75FCB87F708B0858
C0E706AC8F9538BF4527842265A6E989
78B1EF3D525A8483FD44AC4E748BF2B3
8BABD1DE4677558E255BC7B18B1884B8
F1D904147DCEA87878CC4AF1F633B686
14DDD10CEC6FFE79A723B9490B7760E9
DDF24FF18D4C01BC0EB9A7748538568B
97EE1398C580025B29EEA32BCD450222
2C3D325218F0B06D7A1CAC7B339076B7
BBBED316B1FD348CBAB45F910BEA40AE
69A45C5FAC556BE524A9E66CC776D158
5EEFEFABF512E67236F90BBC823C1C8F
4AC92FEA2DAB5F0F16E55E5B62E3877D
650A0CD8F6F4208A3D7231C7F7AFB947
44AE168D515790D835165D8754EF77A3
55B55B580323ADF22F21624FA781F519
8B75E307007670BE724C3816FD0F567F
E40B4C10B9BB10B0785764384371AD33
34870D32398105DBAD26028B56292269
6B03DBD0F503CB1C3B3883AAEE70CF45
2A4293777DEEB76F8F55305B52308284
BB207A187083DBF5FEE9685194E29120
6AA31267A1FEE3113E17FEFBB8E6989C
2D3E822C1F42B3972AB3AC624031DD60
D3843991691867D7BF2FF816CA150CD8
D53ABC50702CEF3DD2734E95A65E83A8
991C45F7086EC89C22FB61EB5BEEF761
B0E58C7B7CE5FE5F60ADB4968836309E
36A326F1F9309F8B46E923D691F81DF2
4EF81ABE669A26F1352F8ABE2D59C4E4
A125362F3EFF1FA71AE518A3E94981FE
0C3B64C8582B611DC517CBD35C12D823
112D849DC67AC56785C934A7904A80E2
D033FA1E1B32BFB6516F455438324DFD
CA5D60E1CB13C61A724F00D39DD4E98B
5F154FF3A1CDF41E4CB09A672B25CCE3
C8D5B6C3A843B836271A90E6CBCA214F
EC97B00EA41DE78FF4C221DB4AFA96F6
2BBE6719583A8A146E7A652643709F52
7B421D0ACBF7D9ADCB253EC5B63C4962
9B874240A2B8E5566DF7509A3FD9D724
CEF0850D8E22062C93CBBFA04C59606C
55D73FD024A56025118F1B5E9C449564
476959FEB0EC40B1D22E1C3A43D72E52
B4C65B5FA97FA7330E30EF70151769F5
B6F85F0F6FFCED578F35F3B2802E05FB
711AE41380F3E3D2474339B6D7684FE6
A32769AEFDBA6283E8636B92456CCDB3
DB3D79413DC54D891AEDF4021E929C65
1D46D9F131A8ECE4105D9BC59D1229A6
4F770E191A41156DAA4A8F3D128F2A13
AAAA19B23140D1A755971D81DACA17D1
A6827A2786DDF2C4AAEDF0A633F546BE
59116AF0EB950AB43714A6701FDFD157
CE80763757EDA46F5E99EBBE973D22B7
D2409A17A18D74B0F6231050850B396A
599F979F08DF55E09220C190D87F5C57
C55E71BF3CE1EBD21E790E77719BE266
687EE25EF7107E28D2CC87483807893B
292A03A551F607E57DA04A3CD96C4A3A
19A35225989C24118190409E34ADC169
7665B8E4BB17CEDF1F081B6C162F610A
3C4019B7C0C0D96E0322445924325CA3
4148DF98F4EF73A42A9350A1CADF5146
B9B8BC3995A81CE3D32BEA32FCA34BCF
1FC37C04491039D1C605BB05126E4191
8CFF6C022DE8C956DE8DCA9607CC1450
09399FD9B277039D94F3851C8C9040C6
F6F39F0A9288B40646D3A66CEBA6FFDC
3D06B54712D89A0EC9A4D8D9DC6C94DB
672DB180CBF8351D200565049F8485CC
3DE1014F849856B2EEB2C5855C18E14F
B386BB22D794EC63839ABD9900DFF359
365F3C3752F35E3C5ADFDBA0EE8DE7C7
1FAC766D01A9FECB0A9AC76B89AC8933
514DC500CDB5D600FF46D565C3D6E517
BE0EFDBB333E176B68FF649090CE03BE
2E940084CBDAAB1AF7F0166C92D15D3E
779D5B52506FB99D97F1E551D0C57049
9008B588083FF6C35E06A1EE83E273B6
320D00A02FCB9E16C3B38725F1EB7738
5067C3C667E989ACCDCA5886A693A33D
89408C1DB186E59E4C38A9567F0305FF
9ED922B85A927F4169ED646D06260DF5
99D1CC206287DDE292F69AB1961DA7FC
37017518F391B06B2F0EB5C5A2CB5D6F
49A0449C5ECB83F927E3823AA138132F
252E230394CA606A9E0308D8239FB6D5
11B090F242396A587ACCAADC97C9BE04
8AFFB17C2704901E08B005DD5DBC6A92
5A45CC8BBA9B25FA99C47129C32F711C
EF025B637D2F508064FFD155B1949ED2
43BF05A19FE3FA0FCBCA4461C87584CE
CDC0F6037E23AE2BC5BD96EDC507EFC0
501A2A3CABFC1021898A8CCDA0A69A11
D1698CCDC73F696D28AA28D4C6BEB3A4
7A9085D5D0B2D81976306D9BEB336B05
3880F60168261D8C63AA4B590D838928
1FFC221AE5032EA490076627C2B1DFFF
F2B4150C64826592C88FE56F43CD81D0
F72355C168866638E84A75E67C63DCA9
CE381FC513F6AE4B9917B3431E303C4D
7A302B99836B14135A4263D70427DDBB
C8EF136E079702187B9B645BD992CC3C
2273FD3CA9B23C9FB054FF8D0F113988
F95F3D77E48ED04D432C9AE1EC19B7F5
A6A8E8BE412893523C2D815807A3F0E0
413FAE8C4DD26D7D61408116B4384BD0
28DD19072D06DF903F13D198A7318582
F19E2032845CD80646C8638A14586F0B
78BA2AB013F5F883F8BA1460915ED72F
F952629FE4F257F78723D5734FDAD3F6
FA6C5C713E53C5DDEC88707C19DE222A
85F6CAE762EC1F199F4AC66FED007704
1EFE99FFE1C98FA6134533C5A0608FB3
E326FFB25A5A9EDDA97C16E6A193B778
03BADB1EE8133C13C48A3902609C7127
0EE19A1412C038FE0DFECCB7E87D6A5F
2D28FF7E6F8F710050028786C103E59A
37DE6148FD0003B8A44BC35EF6F35735
EEBAA0659E55239DDDCD57DE20F6F5B8
A05921FDBD1195F9C7C04313C09DA997
E748773FFB50483AF16E390939971893
113E86DB8ACF82015408732EDBECA271
7C83C9F85C8D725603D849B8903A5004
9508DE74C9B42A639EDD6ED41574FC20
B00B49221BC5E307A340484C91495BA5
90EFCB4C20ABB4ED6D387551BB07CD6F
B56AD3B5412AD8BC2D7F50614A44B440
BEDC99EC910C7A6999B1C61A8D287F09
9EE7C71514C4F9ED7D480B987DE40ED4
E760D21002B596BB2DCF605825538F6E
63F413A3A8E6A97A46FD846DE7301F19
E7C633F921333062106A62FC084740A7
B44DE1176EE6F8E21B2D2D85C58A280A
911137C96045E4D972002EFFBB227D2F
5A7A4783C1219B249E75CFB2055B597E
EA6A68708EA1162AE3B5F20FDB30E3C6
4AFE2ECBEB2AFB58DD247F0A25850FF5
7F9B215AAC7927A5E670CF71AD25CDEC
980CE9A3C8826995318FA4C692A01394
17ADE404A2A70ED9B2C904FAC9ED8415
9D774F88FE8F718D4DCBBA3ACAAD24DB
3CDCFCA679A253835A65A6D54F5329DF
9281435653F2B41C92FFB69FC60A38C9
36607E7BFF7259C51957F9A93CDCE536
EFE0E7D191FD16EE9FF418F194883ED0
2A77F36E3BF6A08D8BBAEAEE46DA4A19
20F9521136B0486EF492D30DA13D08CA
44D778F7101DF3D73FF640C2A75479EC
F30CF8B554E9DC0A85DAFE5512D2B94A
646A452BB66B6937CEB23388D3F93718
32B5AB41F8C63DAD95E58231CE02DD8D
E40732A2CD64DB70C09F77B72DCF2F6B
6BDC9D9E46A12958C64C80C36ADE700F
88A06DBA52DD415E541EA3C0FC2F3F3F
91AF8C6EF83FB415C4729D22AF8D45C4
84590FC20A0AECF7F81655877292EFFC
40BBCC2B3BE4095E10B43D21213CEEE3
FD2342910B4826E556368BE4E0E10B7B
0A2C3C591179A3BF7F2B4A27AC63ADD1
96AF074D66730686B41FEAECC1E59ABC
BFCEC9C539A6E0C44516036ED3D5F23A
CA681CE53C97A882BFD9B661D4222DD0
9DACEFFAE1F0B1613E084E6106F88FCC
D61ADA8C6FCC56EA00CDD53BF97F918A
E6FE78B436C31D45D3985554A967FEB8
8B028405D71A351AEA746F26C262B216
20C3F110B3D1DBEA0BA299C1931E20AA
908319730731DB8C82B006C8080919E3
4960F6C7B1301E4830766F4A5C4CE044
405E5CF6A5A889522A8C3D65BCAF4E91
152A656E08113426B9A9FB3B8E5B9063
00F24007A716EA030F56FFFBEF3DE5BA
664FCF96D7CC7303FD761AF2485D00F6
BEFCDCC44AB53B37DA9D80FA61467BCA
852C5EEA98E9EB015558517215B06D57
8961781A1F5DB7EBC7ABB207092247A7
0A5A0164069B8F8F1CDE28427654438A
0EDE44EAB55781CF0407D02B2D4B6383
1509326439D25799E9016C45FC47BB48
6AA5FA2D457C6D514A162210F8DD0501
61A23E026235D9AE650F8B26FAFEC163
975BC282632F239507143680D9D0D455
85E63DF47A1211EACAAF5E3E98D52554
3EEF65DFB8CC18ACC650B753DCF3F8CC
39EBFC0BDE0855561F5E438E11B13AC4
02622D1B5BC5BB260181819F4C315AF3
8C7954B7F1C5FB25843D2A692D59DF50
FB26DFF17C2C3F9623ACCEC5298F2D8C
F72768FAAB1E34A6AAA8B9493415C832
A54AF92936BE60B3100ADDDA1BC44926
329BB197FDFD7C206912472155511BC3
B31FFF14AADC018A95C741F0E71F102E
A471DD43E4BCE1AE1D5D81DD59991316
F2FD4FE9490EDFAEBD2E3A2CF086F881
A67DB7BA9F908008F776263ACC61442D
4A1A0CAE3346669A870E7EE7C2650504
4AB6F35361A9B06A73819EB9B0F55680
43E97F9910D011728A2AAB77019A5DF8
0FD559C39922CEA61CD1B48A3B6BA2C0
9D33B05AF5CD3B00726F19DD530B39F7
5A07C561DA8E7B78F080311CDB52F1C9
ECE8D42DA13DE909FB8E46AE50697E62
970E16DBB965C7DD89A0286E54910DC8
E7BB94D9D486C537C5749C6236D0E599
7F3C014863DD8FE66CEC373D2516CE3C
CD4E8A30D9ACD611A8112908A547045F
7D91148C27332A4833080C59E892ABC3
0D6522E32BD7D43917BF7775FAD64A85
006A4E46A7CF5E3223DEA778FFFBF7A5
843B289A936A7A95F6A2C81B14790DA2
37DB57D6F1F8C86770CA4E508A192A2F
C9A7D07618A1C6E878FC03B025A458EE
95787061A08232B7DEC686CAC5D2D80E
A1A7EF7AFD41E8470EEBFA7AD355C3D6
C9ACC40B75E612E0727533B80BDCA38E
AA64738D804634A5062654523C99898B
AB1B73E7806646FAEE3C8FEE871AE3E4
C275C2E3ADC64806DBD6E096119963A3
B67337EB68A1A6FFDE38D155FA8BE1F0
503926BF040379999960E46A76F5FCD1
19909D071D49ADC6B14415C29DD585F4
7A8C597DD5DF441BF7CC34180CF8C6A5
6CBF8F1C94311A064992F710B5F6BC6B
694960CE0C3404527E3716FFFD6D64ED
51DF4B46BAD19C169C326673D24C4A92
E8ADCD9BD1BB94796D0ED0C13E3E1B6D
9EE3DCE449B1996C0C1E7FC180162852
7271AE7BB7DA7E4BCA30156063128445
7E4D8C1C4BCDD4FC8DAFFBFC0E5C580E
4B14548B43F561F5CF67D37C85DB77B3
881537716487D2B454283C10CE02DB84
192356D66A018605AA5EE58424E3B8AB
70B1E037B4302406838C5ABD63715889
570C586ABDD27A54E7E0965B1E9624A9
1C8FC4A98F65D58F3753753F3BDA673B
4ADC468377EDF631698E782A347C2217
E58EDBAD97A635F33BDAA716549ECBF8
F3D075FF71E4D5D3456DD936C67F37E4
C1E383DD22B1BF703B7EF5789F31ABDB
2A5F2C8DE563DE34BE913CC1D13A671E
264FCA7A0CB8BCECD2825FD734F6EEC4
F854FB7EED24B0200811E7592F0836D9
E834D9CCBF1A7978EFCE5E2F87946450
B2B17B525082A14D1CEE677FFF2FDD71
D0AD5B14B28EA245C3C86F72084596C3
5CBACCBB1B75A6B2F272777C8760C542
C02C32C7B5FC0471709A6D2BDFA712E3
7693E9B51CAABB289F1F5D3DFD7305A8
708869603553F557F9F248D015A01621
7FDD873A37B15B1F34BACAE441C0631B
547B0555B572281439463C3C212356D3
B2A21F40E57353C9A561F9AE2E3DEF87
E1197D6ADA92DC9A34DF92DD0B818E24
402C6B96F28B363B9092CB75223D1EB1
8E2C46998F6AD93F50FDA56921FF0E7C
5DBD431016A517A9D0546ECBA1E09476
A750445CF0E6D8A6277D122D6B7FCC9B
81C9C73D9E78EEA95D1BA6AE4785D592
F419DB5F1AA354CB47FCFAFD0A465FEA
FCFA484158666BE1F2786263116046AE
022C0C2F6506E5BA8C19B41DD5D2B742
1E2A3C1898F1338D04A7F7F023F1CA02
81553957E69253E2234ADBCA6FE59390
DBAA5A7B3FA586BB076EB85088FEA7CA
5DF1DC50C8C228AC04D6F9B05FD53544
BA548F150A5C522045A4FD2F431C632C
7EC403430290E277E2B9C63174874290
58A9343A90F8B67EC0A4D88DA7D18879
91120647AFC7444C9E6EC7AAAAA6B1AC
D9F2277F173CEAC1FC70AC65E6656AA1
4C64A48F4D9645834D658654E2B1AF94
4FD752E4BDBD80CFA86601C3709C57CC
431D5C4A7E901E5392ADCD3BC75E15DB
C8F30AFBD0128EBFC99E985B9F76136A
828E536F73C5C9A92639060496A0771C
FDD74FDD3280B0CE05C6503A2D436A14
3647004778F670BECBA795641186D468
7716D0AFB5A53DCDCBB8C454FBA059F9
D473BB217968B0C94C26C1FE63A2D843
ED51D96E405B84EB41C1509BD10166B9
35030F3F60E22C81D8F2C654CA12EEB7
9954862CCD67D48B29194132DAF0F372
3DF502419F8D7FDFA8A704532EB40992
0BD486ED8272CA28620BE22BA6E9E36C
D6EE2A5E31BFFCDBB7D189947974D137
C8EA19473A53391FA82A3C2072DDCF19
6A79A0A34623AC4931787D5BFB3301AC
794D9AA7C97096E69D648FB8BF1C1DC3
A5669A8AC4E5F450F09A890F7E754394
0A1E810842185417DE09E4574B8AFE36
53274F740A57B5C07CBBED36C3210C3A
CCCCF0AF8505B4E980B9287B28B17497
F70F262E3D4F6328CBFFD63C9A28CD21
F478B6CA0C10A96E705EC0E3D936BA21
DBC3B88DFFEA316A8DFD7AAACB822285
455839FF14E1C83D45D6FD577814EC39
12795DF376A08CCE131F7B5BAA90F43C
52C7F45AB1BE15F0DFC2C6E3813F9CF0
C16196435CF21F0567B0A5D0983710EF
73BE640E35C35681A19653DF74C26872
3A4E3D4117AFEADC529AC4F64D30D09B
99E36FEA7D911761F04AC21E3BF4332C
DE26B62E97D06FB570642C2E04AC81DA
C0C24F271F4526D57B8C3D719AFF44B5
87B3AA8D807B9B137232639A70656C3E
1CE412FF5CD049669E6D0F21C034BF45
557478C3539770C3FCE8C5ED75DA8EE9
ABF761A2643CB9BDD8BAAE469D632EC2
FF1F5D3E9EC274E2D5A4FEC392FFE711
1202839718570B770C4FF84E932A66E4
2F626525305ECE11620B8300B52F2F16
3CF6EA87D3A4EA39F06C3C960BFA92AC
CC432F34E7211BB0F595E966C6C918BF
714FCF349CB5FCDB10DC34E284D56560
1CC2512B3C5F620B08A9D2051DA764D9
5506088E25364BD4575FD18456248C62
3725333118F6A8D49ABE7191BACA8D10
FB63F35082123BF7F7226557A0BA64DA
4C38EA713BEEADD5E7EC9DF5C82F5978
A4A5B4ADB72192AFC82A85D039AEEA3B
E80DA36E416653BAF9223A0CC2C3734C
2EC5E4E663C9DB67BDAE6660A047C940
1572DAC49256FFF32D4891C67843E13D
C8144D344B16306A21DCB9CD58758CA6
F2DB7B67149D9E6763147FE0606C8B5A
17EC440B38F62063E4C8379DDAD0B480
E3399D99078C5ADA2A149E633725232F
AF1A523E2E1E6850608705DB51E6FC20
80844C810560A8FC8D0A4CA8277846A8
64FB5E070460CC184170216979216365
56E75C2DF6099302924EA966204ED97F
60A314C88A7C6CA3914A3CE9674B4284
10D744B013C0ADE28699061F51CD954E
764BF7C11535F6C8CF4FC43C7DEF7B53
354D208D19F425837C175D85B0869F6C
461ABD937925A740A754F92B6766AC25
9DE4D8AB58A2646372DF159F49D429F6
D3887CA915554A5FF12DBF636120309D
3C93AD59777135F68EBC81B977DB7E45
CD98A61437A994D2B2F733BDDC4BB4FE
9AAAA407A0DB4CA8B6DA0C6ACA89000C
EB444EA38BD30D21C6A1B24C037ECEAC
0EBAFAE0457DBAC020AFA7530A9946ED
6E0D24D5736EBA53D02358C1D882347E
EEE9BB927604AE6D11F097B8E8CB6F94
1CB8D22258C95D6CE9650BB1376E58D4
8294CAB04933DCFC28B555D6D543A65A
8CCFCA18B90353695470C582A77CD384
0E3BBA41CA27A4C889946DA37AC93A80
7123C92BE2AA8BE2C861FE1BB5B7C65E
BDAEBBEE530DD2287E750608787C32A7
F5CFE607654C056B34DEC1FC7E2DFFA3
223DA6FB2CB4A3462A5C5409B648569C
F5472A9DE7D50109EC5B3B03AADBB6A0
DD3B813E2CB0DBBDC1C4201891E21D49
7A44732697403C460B431CC623702C95
12A98C61D3F283BDFF511F0356B17ACB
BD1402DD5A6C870A35D57E81EFBFB63F
AA6CAE74F5AA8385DBA98B341E253CF8
40922444248E4181AC6241BF09A23255
3F76EB63AFC098BC8375E899BDE535FC
EE3CF0B7FEE1A4A8015BB9B40682B4DF
5422E552D33065681F79C94782663879
693B544C242EEB9614211A768876EA55
B9F93E60889472737A8E5AA8661EE908
8034BB151E5CC2211DB0C76930770CB0
D9534884D4916A42B08AF39F4C6316E5
34EA903C694B7850B141CBE82F36293E
D621761D8699E2440E3E7FA2C4425953
87042C3475F9AADAEB7BBF189F1B5916
A0E538D5AC050FFC31852DFEE3BB8C1A
7206310815E43F78A76C6254608DDEE5
C40861F10BFC614809AC0D435E364211
37921A633C4C9E271F6E790E2DF91C94
E526AAED5715F304F77CA3E325BB25B4
F04ADBA9BDC7B62CFFFAF2C470E8030E
910947B077EA1C21339250C5D7908B5B
40899A856E84F84E54618668972DAD0F
107FB8878E8524E820E5950506F7C142
015399AEE1D3E98D53887F9AB09D4720
6F881F6C2FBE00231F4CC96C41961941
EB3F04F786AC499D62D478F2C1468FC8
DC8A5F110A83ACD65EA81B62B3C27165
D33E9DF57E018729BD5D6EB3592B35BE
882DBD36113E3A78C8B50DA617677624
D76EC772F1EA9B46A9D43963514DFBA0
ECB47900C9BE510578C10E73B300A1B4
7B37362656D2C2DB4FC4BDC0623611AD
CD5DD4E6C137F997895E228F8321EAD3
E4A4CE1C37948C3911527CC49317EE8F
990A78EDD2B8EC86610C859A5F4DEB4C
DC3FA76EC5E0A8B85E1E31C5F8DA7BC5
32A45D24BAF6B7CDD16C33DF7A7F660E
C24A3D877F0F7C19065586EBDF2811C9
DBA6AEF35F59770F85422EBC93741873
1515A1E4ADCACE1A25D6D33C1CAA804D
CE16881B17D68BBF982D9FEEBD127D3C
981F1E82FBFC4A182BF671B8BDFCCF5F
A0FFC8E869FC07A1ED8B195767314F97
6E88019CE8FDB24262DCF8793C60C52A
9A7527D88497B986443F6EF64B9A168C
043B77F5250E5836EA2B31D5A92B3BAB
A326B17D5FC35D1630BC45A232623011
318A1F97A6BADFFD0EA3DC5C2768CF4A
17C73359F55156993BC4F5A59C579595
4FBEBB06D5B58DF40ABE41D62AA25EE0
31E95AE749DFC2055D7CD50703255DBB
933FE753E33747616775F6A10A39E4C9
0C8E25A307193F15EB4BB23851261503
91FCBBCE5124411E0FD11C2F4AF08931
0F5A75BF27D027BC16CEB68CAA3FB702
3DF12D3107AECA05EFE716AFAC428011
B4F0561ADC933488E1D6D40B27150F22
648E83A37AF2733ED8CE231FA4C7D0C9
8391CD4C6B02A5F544BBCF7CE54224A8
4DB86DCA635BA1E82892536474939F2F
6CA7666F9C57B9A8DA45761E4C328B6F
938DB838AF6E82A6E1F0560AA6713907
39A7C59679E0A943CE5493AA4BB8D98E
E747AA9B605FE3544AF5ECC5BC968A15
5308866F06B70D8B20BA669E4249ACFE
BD48B0F7D63A57237AC771A8E5858AB1
4AB9FAC68DD6E18B09760BE8CE66EAF9
B4684E001E57B0D2E520E92399AA59E7
D5731F61937EDA36E8D78340CC1EC0ED
3C6C9326B266EC539FDA3369C035CDBE
CB431637A5CFEE4F095EF8E365AA447F
CAB139CFC39FC1246E0F2525A7FB55ED
B717A73446A248D486567ABE75FB3915
AC93019E5878ED99948E5D1F717DCA9C
F0E95997E93526C2F4A92FE8B66728EB
A5AF73AC7724103A9313B3D0A78B0179
91BF4F1DD0A1C95934B90A742A46B9F5
E973246F1EF276087585CF89AC5DB6FF
582F32C91735238B580D8AE5593FF0AF
27435B5EF2A042D30E8F965BA4830FEB
8A8BC1D8DFC48347277D6B46AD668565
BC7DD2570D82929F8F447DCF8437C0B9
F1015CFCA4BBC3F10F6613C20ACC9EE7
57404D08C93B050C9327BE101B6F3D09
C0FCED94F9123C0149A937ED8C0608E6
ECB9BEBF4F5D4FBA1F9EE277FBB791F5
C9D86A39A4C53534E6C3D62E641191EC
1FD90E542C377497BCB8B1A7A252B5DD
861A1B2FA0A50EE36CC099E3DC65CC85
07C236A2D16CF7F0A4209CF4A30F2E2E
B912E51DA8BFEFC47CA3C64AF01C467A
326E9DB56C1521755A6529386B6039B7
156ED6CAA41C04C44F3D6E0489064A97
37A74AEDF943415B95200D27829A366D
BDB484BB463C5279D73B9A1B7F17AD19
4CABDCE64B6CC01B62880AF23F208869
09B94C8E3D6C9D3E974C32FDEEB49013
4602D8B9F116151DC6DF2F43D76A1122
B22B0A2F60C8D92CB4E9E235D34516A1
9CF618D52D036BBC70732B809241D72B
5AA2BAE4165DB70B62839F2AE2E9137D
EC0ABF5B7D6153A3353D04EE184BA36D
E83F1EF9F82FA29D144A77929A17BAA5
D54A2B360908DADE5970B44C233614EF
392C84F843F46BD1FAF1FBA148958D26
181B8A898626DDBF4BDDE4978698C092
AB6716683FF5988B95C66384B1EECA68
4F5DF48C37008759BC8E6A8F6B2A09BE
CF88D78812F0C0CDEA3CE44355CB4384
6A1196A76A9FEA9C2F4560E27F46CF55
6E06B334D227A11D5FEC7DD7E4DA9043
35C423979E894DD5BF268151E78CAC75
DCFBA32370E97CB9ADF6691564BA373A
2ED852C02CF77B3C1E929C01762FBE57
7994C0E64422A4F149BD28B7EEA19FC1
232C12EAF9AD3B0FD1C9DC3ED2E253F4
178A41BBF4D379321435D783C7A55BDF
DF50020BEF85B9990E5169CFBE57A0EA
54E64D0D0B08CBD00FA5EAEBE959EE05
00F029A8DABE37188B2A506CF69E04FE
621EDA0B9B8911D1BB694B4B2F7556FD
06C3F412DB9B1CD54A7FC0A86231F126
6F649472FF29703E980577AAB73B359E
707320DBFA363845E3ACDC4DB499B1B0
0ACE87602F116872F1F0D5985B4CAD8A
26DB7865D612D1C296A4715641E52EDF
29F72D35BD59024DD089F9357678FEF9
2A0CACAEDECB64773E88F57CFD5E688A
52A22F42DE445EAB095B721D888FFA6A
E7C518EAA81501EA1D30EA539FFF264C
228519799F4026F58DD5D0E7AE700ACA
A93C0E3F0F2AC3F03569F1C52CF34B3B
73DC10E7557DF46351663A2D7E76E17E
E8AC783D3132C843C83C02C3F8A879FA
4A70906977B2AB3ABF2E608156E08AD0
5D0229613C0746CC818ED13E00CAA207
50F73CD60163CA17E5A63A0E1CB6CC8E
612779F3EF7EE11986AE55B9E68AFAB5
702FAA13384984692BFF628DB6707946
3D1B626E8FB0E89561CC510EFECC71F3
3A1928A74FEF9622FA365E1B33DCF387
608093BE4C6479F5093A749F13E6D673
460D18715BCAD61E7949262AEAD5E4F1
B685ACEA065481D77334D78022A82C89
6D906DB2B5FC96364BF11B4AA575AAF2
DEECFD3E0B297A534CAB89B27D609DE0
D398AB62493F47B28625A0D56EDDB3FB
553C035062051D0001B67869D8CFB8CC
EE4B37D9F444A8C3CB8558EB8DB305C2
68A06235405678E53EA0E78374BEB287
8099D6910204B7FD8183009138B634D6
2C7360C5CD059A71A2AF61C704BCE324
E2BA4F1D8EDAA8E85EF5860B31E9567A
3B4718D7A61FCEEE88BF682D3016C17F
0D77EA8995D6A1C0D48D42760E30D586
9914FBD144F79E21E541D046AB87B40F
642FE1AC73A404885F18578923F6BA9B
344F17A6B6CA2930CB24E3034563B5CA
1CF6B8633DBB93A28EDFD4539359627C
9AECE1F4EE166104948C2A87BBB75C73
A54FCDB475E4044952F11630C8C371C3
89B082816B25539E0780F81F24924685
501C90674E6B5423D233C941AC02151D
06A3410DB21E2116DF1CEAE414FDD7C6
942CC499726070EDA988691CD359B7FC
03DF5E1FAEAE17A140FACC867650E31E
28329CF99528236F39D32F754E3C60FD
D3B514D7231F657309859ABEA08E87C7
823B9F8ED7DEBAC1FF08209122C36F79
6CF332F57A3D541B3251D0D6FAAEA0D1
2E124E59300A92031A8661D2A851674D
9CB04C4F68F8AF75962797D550AE6E6E
A06DF1FB9F2CDF6FEFB406F7C002E056
32632832160AD5879E06C4D687AFFC0D
649783126CE5B27B8D63C69BBCB9A4B1
8444D672E125CBE8270B1B8A2C7847B6
F66F5991A9768D535A9CC3CF0773AE0B
3BA876DEB8E2392A12AFC8B0B0F5B2C6
0D23A6F426D00E54E855C2C471707649
58352DBC14D8A09C65FC5F0B583BB40A
203E0CAE3421149A80821ACAF80F819F
CDE287D98BC7BC149783239E27D7E429
6525DBA3C7702C7BA7A78D175F9C5347
80B7996E60641E3EE145F94D2B46117D
F4AC4017CB236F0D1F3F0C8294700E83
18AFE6C29733C2ADA3C6373D36399BC4
74DA2EEC1D64B5A1C2B880D9AAA00404
5C7C7493E848CEEEFD2E4835F359368A
8569A22D89D5F22D370454D12C37DC11
758B8F42FDFB3DE237D80376282CEC33
71BAF1D92C03240D9A9CAB8ECBBA0112
EB93777F4B33DE3BB2795954AF59F302
5F1942D2FD2387FFF4995F3A76AE5637
A863ECC15DFE10922AE8DC32063F2F64
8E8B239E2786704E36152F4E793AF52A
C7EC68C63E6676B35D1CFCF892E541A3
8417DC27BC6FD04A1474157D1242D13B
F9421E5D15BB19A0CDE880B99C1515EB
1E6068090FB9A4A3304B837C55DDD89B
DE7069827B1B27527BDFA119E71B9C40
827FFC590266D5C382D1BA34417D09E7
234FA3CCDF9EBA5CFD9AADB6B9147C4C
5EFF131F765FC94507756CAB4453B607
2F509E91027E9AF55BE318B4EADB5B17
D73F7B39442ECCDB46A7F97550C592B9
1C4EA614AF757E16C0062F46EF755B18
6BB2CC7C73E158A221A1EA7F5817D128
0FDCD1B130133C9513F0D84C75D7BB9C
0C59391A8CEB355A02A87D03506F55D3
66950E0950DD2C56270016BBA0B091C8
5EB5AAA801E511BFA3BC38F5F6C91A61
6CDB359C0E74CA80C97EBAE0CF009DDC
2ACCFDED850E9E7FC77DC2DD6A1CECB4
BC7FA4502CDECADDB8E31044279A65AD
F810CDDE66F7BE78FC2D0032FEAF987A
16C09999A9FFA816744CA946D66DB775
63B1BF1AE51790788C79F7CB2D9E7378
71BEA2B5BD39388239FE087DA8C54388
EA3C930752B807836416895B1A9430FA
12F0DCEAC11950E3D6569636788C6974
929F4160A98B566015548087E4C092C9
144CD5427198AA6597DF019F58746085
2C31CFE2C6F7F7896236836E79315D68
BFCAE1DE8138E5B2D4E245BEEF13E329
9C43954511E25B9A606BE494E44EFB38
2A06197AAD640F260238A704FDA3AB48
DC6106B045477D211C5BA79691D7C499
3BD3D9E6D90189D17EF1590C2C87F913
7C6CC1B5C9B86BEAB65CAED24EB521D8
4D3971729ED77038C72B8887F5D3122D
2013BDD416F7EC0648B5CB87EC9F156B
7122141B3C92EFD26DEBCB4C892DAA37
546E0312AC69EEC10EE864B1333091DC
CBB518F8716F30E53FAF04B74A980747
758A9C019EB70A2D2AA9D7318A489736
F90F4DDBCB25BD7470C6DB4C512D151E
EA3FE9DDCA24B901BF72C9E71B680E81
6B41B77824B6C4542A85D320E3AE83E0
BF62C34C4A8FC6803652D6DBA29D1120
BE5CEC0290F860D7F81DD609C6A35770
B24A7FC61B6B78862E77AF0DFFE72D61
858375B873CFCE7CF9EA188EF72D2CB8
5F1B5A98216D38B15D92D2FA4606C1F1
7FAC44DADBDD08F876A52AC65DB1E39C
7FAB5552C2004DA5DB023013EA17AED9
493C746492BFC117C0E44E6B9B1E1C3F
809BF85D6A00E03979C1E1A6C88C87D6
61CC193BCA642D6DF11669B9AAE78A2B
B24118575439901BE731B42BD4570F27
99B56E023FB01A2E8ECC028EDA24EDB9
48FA55A89B72198FCC0C86E9200A3C0A
839F0705BA0638EE2A246BD78FBA9710
55D4C1C71C5FF541F88C7CF3B603001E
F8E2B8D36B37B715BFA9DC4BD209E428
60CB751E274CE432EF1EAB61A1E2D291
8393BC559BCB1C903CD070D1482AA42F
85E419D33E830B84754A34707EBA7C59
5D78C9B955F0CB95438A2A1DAE7B92B7
D9FB358CF8ED50ECAE52E8281B667804
0993011F9FAFF5FA68DC61309076ABFA
752444894FE679E123702BB0BAB64F88
19648213B97DF9F32A842BDCA94E7B23
8515B3ED6CF4D590EFD08439AEBDCA05
575B313EBCA7F379450C8E2152AE5479
E79E0A99BA2B445EE057360A302442B8
421CA6F7EF0E254E411D7AF7C82262EA
F9E5B0A3B09153D31270B6716C68B476
32F3C7209E4AB8EE01EC537FFAF1A37F
91A258C53C2BFB0E6A65A8E46A4AFB75
FA33B1FD26E276A9F4D462FB36DA6928
EE8FBD6F049867776B946E6A501C9D80
708DC2D9359D27719FA319E5E036E8B6
DDDA50631811CDA70C2B11BC14B1C55C
EA940A9143B083D5C31DBB00FFE86469
3FEC34C5DB6FD6DF98113AF0F95FB69B
A107BC1E20989BE79BABB9DF730A2553
A18A3DE078F36445491AA51C7F0D1D69
C5736377C796FF239968B359F4D6707D
B113116ADF718B667CE96C6EEABE0D99
B5C58043123729BAB0EECCE7E706FF82
24E9BA422CCD7BE4BE3E4BA6B641CD43
2F6434207EF04E920E73B1B2888DC452
55E4D3198316378BFC14A34509FCA1A5
AC9D2BF5A824A476E51A6DC32194D542
A6690E91BB88D2E2F2FFBBE9CFDBA5D2
E79726580CCD46F5204E3A840C73F922
D7A4FDE4BE87B1629A74ED6075133E32
AFA41B57E784A220165D822E6385BC88
1E0A42963273F53319B1915CC46D4CE2
0CEDBACCCDDCA613F3780832AC0F678F
4D61EB5A96135E7D3AF5AD2C3B93EFB5
D4D9E32059F216A7CEA8813D164DFC4C
5E14B0E47B8AE873C152B4FFB316CB32
3FFEC4766FBE7C161A230F2E89E8705B
E8B5466B8EF78A41BC1D50F1AE5930F5
E4C0004139B55C4D171C846A80567192
3F244E74D9B431A5AEABCD9CCD5588EF
C9E1FD8EC3C3CC623DDB736B95262C1C
BB32122D6012322C8519C7AF7231A6E1
FFDEB3E995E05CEC4E9CA3EEF55E122C
297CE06AA1C1E8790F7D845A3BCEA468
F224871EF9C535ABB5DA6FDD27D7D64C
E0D25F9A07BA59F78AD3758D3A20E670
74E3DA6A010CEA551DC545A5DA6DCAEF
D9EE7D550D338448EC1A6F89F8CD5282
85D60204379C39F71DD6AA741A11517F
AC07263BAF175D4D3EBEB9144E9E2A4D
1A87955A935EF3C68C2148347E67535D
7D37129FFD85B5087444977AC9414B34
9075D3BFC3C9CEE1B1B86225D8043147
642D1F5441ECBCE59A43338E4891A691
4274D27697A49A38C7720BCBD1BDF81B
90F006366E9951C16ACB8B4716DFF16D
BE5549525C29A8304D9092D84EF9032D
283AD5899300F91E71995BCEF97BB32A
F0987EE786E17DC713822D577ABB9F2A
E5DF2A239D0D2F61E87D3D84084807C7
ADF7A089F1276B65B02A9C765E1469D2
14AC0EEA17F3088C2B2FE8C717920088
9B739B88D5DB6671CC42457C8137692A
49749128B7269D5AC9D0B21EDFF4FAB2
B5B7CAC21E4A08046FE45EC7382E0DD7
976053F2CE2A636B4CA5791C52983CDD
BAC62389392440AA1090ED535B0134DA
29218F3D327EA5C38E905E75B3674992
1C60071A99C92B50CF2779890D17E7C0
025AC67E7BED2EE12DEDE3FD9B6D770E
2343B959410E6934C4DC324640FF4607
33FA20D85130D52297189FDB16DDED25
55024CB1B449A3124EA01CF9014F2A27
5CD95E052C9E4DA900F73E07166D0695
322002026F46A416F9B2F87FF1B5DEE8
CAA342A4679DB3B95CE1758D2A26A325
9ED587192EBBA0268673D011C90DF6F8
61F43E65E3C0F2B2F3FF29002683471D
B413477C3DB23D8EDF6074A9F5D60212
E0859759D9A7277ACD58E5F5838E74B0
3F43FC3B02C74315D4FBBC420F23CD80
95F8E032CE6122AB9EEE63A26D40B6B1
CA43FA5C4EA0CF7E21CAFB899CDB7F05
B888EC696A8A00A85481680D4CFD67C8
722A7249EF76A71C9FAA51ABA0990317
5206D38F33A0FD1A932973D52EDDEDF2
84C4E9603FBFBF9309B5C2614860340B
30B310A3FDC39184837BA147FE1992E0
F2459B53AB415E3B8C692724E482647D
B4946350CB9D379F68A85BB37211AEE1
5D222D45F7AADBC21347F4DD44DE28D5
628F2DA03623D8A8C0186FE83090E488
3CF128DA2A6302D1DBFB767E9926DD51
09DDAE766BC47E6731E506821F3F990D
4EE42591FC53485AC52C7D4AC0B0C661
620B41A5246F83F65FFF2EC6CD92C026
BF20658EED78D2121B79832D19CFABA8
0C3A1F5E22D5B56614EE257E3922DDCC
55273F7AE51E4B50B847C4D0CF3E30D1
61177B93CAC4BE3A07EA36AF71F89C3A
1F2DBFE5211F8CAB7FA0002E63470D36
4E07483BAFD6F37AC8F8DB5BE61C3829
F4BC3F6304B7A338C74DEEAD18BB0F0D
8F4EBCEA8F6EED9D27149DA869F6649D
E39D4EFFE55372B6E6250B6F4FF03C3F
AC5DC0557319449971A6CBAEB8570714
56F600F8B57EF0CE81CF71CB21A0C7A4
1093B3363ADD44BF45D3D3B51040B1B9
E93553CC99B41114B98C93798E871810
45F85452F059A48EBFC392D843523561
22838469EFFE2A73C4702B0EA66896E0
E60B7290C05916ED0AB1C14E3D38FD1D
D111330E25B5C327C350ECB3AB9CB701
0F734FE44D7AEF38A57AFFCCCEDC1363
FF6F27AB7E725B9A647C319093D0FC16
1FBDA0C807F5007F651D7ECFB55ED0A8
AF8FB5C969CFD5A7D4F15647B2E95D94
7ABBF7A7A9AD475A72B4945171EE39E2
747C23E2BB137702C1212C6DB13E7BC9
1F2EB3BA50612380EDF272974658DF88
E139720E3D89634B5DA6062FE6E272A1
55D1144F3461AB091F630822FB8F3057
0A0181A402D209ED60764C503DA7F184
5F25DB1863EE4672DD3B12EE87BEBA57
59C38B18C70B6E62B8E265637B171059
3702FAE96021C023775FD1F82442EA7D
5E85D603029AB42065CD6D4DBFF45B73
2F610B9F598D628AB24F1BA614ED71D7
6A25DE4E162013BD6A0D9EA5826FFDE2
2790C755955E9085F3AE71F87D9775ED
C7EC8007989F910465F984215D9B85B2
C98A5C56E0CDECF74E9956CEC3960F95
F15AF685D7A0ED233BD76DE9EE5AA122
6A904DB45CDB6DFC89FE97BA09B324A7
554CD806466EAD30E7D0B3C9AC2F6EF4
D90DE2E9D9D308AD252AD2715A2995CD
36E5819C1B5CC7869BC497A78586D1CA
73D76ACEB72E2D8F32554908FFD88BEB
FB2964CBFE408657D6B06917795753C3
23CAB90B2FD87F54505187B57C7180C6
10C8D0A9BA1A922D0746E859DFBED7BE
62B87319A350F7B8B285741678568D6F
C98168C09C9B2FD1FA88B593B0E6C8C9
6CAB9419C72B4CFD95CF274147BDD52E
2FFC5F80108124EEE383CF3046D4A8D8
4E065F50A14ED0942D7B37A0F641E6B5
671AB1D6CA8E4A6CBF58381A4C011262
652D0D275AC956F9AF2EB58AEE532F34
28992F8E7FBE597B02E1A3351B64AD0C
15EF680E5DA9C0AF79E5FBFE37802833
5D7662947A782DBDDBF1073918B393FA
67480B067F1089C2D27237CAE0A3C0BD
B1BE7BF51012ECC716ABCDC2025156AD
1BBA053D8F91ED84DF179C31488A7384
3546C1D542E09359B89670E00E5BA10F
F21D2E4BD3C2EDCC3101FCF6BE1A00B6
045A53CC77ED4B2DB67589867E588181
3D5472DE367079DBF82BDF599B13CB2B
026AE0DE954B6CEAB7DD1F17918421D7
E6712F9D640510D48A642F9E07954119
8C759AE3E18C666A48937F14868F3DBA
85CC4E1AA00E57A0B5E52D20D5D10E07
71799071BD6C3A93E64C5DE1B1677B30
86F130CA990FBB9199A4D1E878C850FA
2DFF1EA0E450C7B5B481E81DBF94E624
4F8591D1A5484CD8420AB55D108E831C
D4488F687CF4819FB11E3FD6CB9199B0
6516FD16A5576959BEAE2DCB348C58D5
B3985ADBD0857AA6276A2D7E78CB92BD
D6E4297CE4BE4268298ABB9113A1EF31
1357F0F49AAD53588769297507177521
EC137AD4DC2E12461D85357EB1B7287F
1C4DC468ECBA51D2A0E3E71A5F5DEFBC
986409C5FBE8BB674EFD85644D6E8DCE
BAFC21EE118CECF6B2689F15E0DA4426
B637268386FD1BCD175D1C940B8A9713
FFFB5B378C49BA5132D485FD835C545C
D62E44E857652779C15103AE8E0B12E7
5B4F2B968AE0259719E23F474360CD8C
ADD4AE83D9C60BE09B39B4C8A91F4AA4
38AD73FC620D0A2FF01E5A0E31A89B30
FF40C180C8491E3F92CA644FA9B80BFD
0094B6BC883D55657AE36B41E57DFCE3
23BBF59324907B706B78448F2E6649A8
36A8BB02DA469BF03F808F72E9065872
C3FD929A3D72F6AEC004A2348C9E1DE8
F9404B1FC3BD1968C78335E136B4A99B
3C3179FCA5332A136047DF5C69BCF336
CACB5DB05E42AF4EB0E9A1E50AA09F41
037D57364BA126B3E2FF0828A822DB10
02E08375C2E890140F89C8158B0EBBEE
3D7003163B1D5F4C48C690209424B197
E58A98C5CC286D186A56FCCF22E495C0
8C66455B93C70DBE10655514A53A1157
2A6A12C9802BF4839D826A06BCCE3718
C9C20ECF6CE82FBCDE52633D58E12F3D
A0AC497B7AAB3B905262D26C7F1F6D2F
958A6A5AFBCE36817D28F473109B7957
E02A0186592B95A03382CC2C0001EE70
BA999C2F16C4B792E34CC2764D5BAFBD
FDD82895A9DB1A5474F1594BE63FA77E
86604C66E3B3D4DA6C68E18C244D8973
38A5F6B9CAE7D209CC385394F717C02C
D3CBF8480555AEF200360F529DF1643F
639B7DF6F2B25D8A3A4B886D6A81E7A0
03C790451D49421905F4F2045EE83361
3DE9AB7CF2749F324CCE3ECCC257C368
C4D44A96F12C0F70448C699B4DCEADE6
4F79F096C4D28146B84456E94D984381
C28BC5D10C98EF14E81C1F53CE39AA69
39D5B88E162640960026D23AC84348D9
5DAA8CCBF12361CF37BFD3164413CAE3
083A680F7DE6AD2D307D661FF5950F28
DB23FA9120AB84E9769D7AC382014131
0DA70FB7588ED1BA484FB1E9CA48E173
16ABA68EB596FEA08E4B976FB10D2F96
32EE21ECE644EA7A03E734588D7598F6
4CE0A8C8762946B975FB43711FFC47AC
89D0A692C819DF6206D93A9D8E8C5015
97D8E5B5E6FB4A792966FCF4E87A7758
4DC5FDF11621F6658C96BCF4155A6E42
24798DD0499E761376D767DCA71CA76C
91AA76337FA813E77FE11A3E9F8CB138
A0A69A699BEE6ECA875E0FBA805A1EC0
711D4F3C9F562D8A68328059CB20D879
F2D092A8F370E0144D20C13C57F47A19
B5FAED67CA3E5BEF78A0CB19D7476536
C908E767451C30420C4BF46432E187CB
E84BE96E2DC4E73AFEFC1E86E5942875
20C1F195B73B49CC8065F5B1E537A6E4
EECFFFFCE5D0018FEC75FB98E8D302B9
49377F5C26E15E6359125916C46D29A0
EDC29D41A1228CA8C4F50B7E8DEDD916
685920BFB9027DDE526C64932BCA6254
F9F5C2C7FC04CD20A3FF211F356F887E
160582FE6C22949366EA9840C85CE940
65EA84805EBD4C1F33493D78A7772DE5
934903BE5F654C8A4B2C9D88B4F2841D
569E4016D335A456663EA8466230CEBF
F6B4D6D959FA4C8609B1BFBACC8FF4DD
BD38CF7F375D6942726941A41D0B7501
8BE76FA9EFF77A62116851EDA9C08EA7
725E00D81AF7E815065959665970B720
C962B9503A56E985DE1D2BA260554A6C
2C5A7EE79E1DB339560F01505AE1F341
1B9F7A6468F4DBDBAD683E2815B779D4
5D3C81AF5C680512677E74EAC57A3D63
12D0D27BFCE974DB09EA67309E09C61E
6DE139641330F185D106DA4649ECD313
E00AEA64FF4D3480BB28AE1154721E53
39DDD871DD16D8684BBCEDA4EC32BBC8
84BD3E302674097EA861A87B56D71A03
8E24E329B93C5B854C9ED9A468D878DA
452F156892D9EA689700ACB2E5EF19E1
17B8AB3A8E52A71AEDD785BC1B7C90C2
547642258B31D04630B0FC84C589AB24
CC052C7FAF8285EB2AE83A8160B9CCB6
B8F5DD4C70A80C40DDAE05E73F5B96B2
203355E78BC2EBEC8590320EDD592D69
244F37CB841FC751955C3378CDF01EF8
AF9F312F158D31FC6F8DECCC561435D3
9C809D3FF8542F738BDF4AA0F2590473
37E2D1BB8716FFE06426674A44341B63
563C3BBD7D0078759A4C5FDADE2817CF
F5643048D03A5090E05206E31013D9EA
0ECBC0F3A15D582993EB6912CAD99EB1
A281969A9CCD958580177E0270CA0C09
FFAAAB25128A2871101944AEF6CA5EFE
2968EB511FF036AD05B1E9A294370543
C18088EF2F277668258FA4CB9AE631D3
356FBCBB555408A6599A86DD61AB6301
674031B3FA44681BA0D01C13C419A29E
4E2824CF642B13D46B42D0D8BE73A904
D0999A9A8C5D11B57E9572CABB12C158
2120B3A542572A8443C53A165104A227
3CB2763D345EE3E4B64633AD41063196
A230651A22BFA029BE79160C28E0308C
7C8056AD04EBF955B5F4C8E587D5CF6F
A12E7391CC6F54AD12016D4F88F0528E
2BD7C13FDBF979ABC6C16BED60951FE0
734E042486D50B51A6E98856D7C53491
4208AF3577D62660DCF774FD899B550A
DCF13F99310D71D64756111C543C3BA2
ACD798EF2FF4CA42DA2D3330C2204110
9A62A17353CC624401BE8F27F40CF699
4D604BC661CFE146DB23203A54D6678D
57806C37C1C78B7AC0D31D52A0BA1ED8
E71154962B5C2AC716A18EFA46E419BC
C8E58312F406944E1DAC01A721ED80A8
35C90ACF454FB274DB61DE66121A3EB5
42580388C3EE3B3E7FD380C17EE7094C
13F675702E8FE059F30D81EB36782E47
F25B202D5747DEC9E8F8C5902FDCDF5E
0AC5307274A4D33B6BCEB066F1044C42
3EC5CE4C913D1FFB31BE963EF7A30FEE
968EF888A9B52784E9BD7A630A160130
8267EB51F96744FC3E8B0039272CD043
04230E94902725807C394834EB79E833
CF119FE09CBAFCB6E04FE8E064FE75C6
8BD67A3E5373FEE5E5AB65F53535AAFC
79A5B38EE0E8BCF9C53E93D1F7F8C2F4
6437BABC2B34E28A89B957D983FC3524
C881D10881FA70F9E2572063C7518F9C
B287D6827924F6874BEBF4FD0BC78A42
5C1F258BA851364A9403F56D15A6DE09
83516EF91F3A7A815906991681D279BE
5E839B8680B88E897C43C7494479AD42
D92F2C8544157517FC119DD1CA534366
66F808B29535D8B14A94A99B2BDC2D90
61378B1A8E4B2FD3B721F90E1088A3E4
8E4D1341BB53857D39DC0BCF77E0F475
012B9662B905FD4AAB91935309D24342
7E2397E6DFE3B405EF0A69020D9FDED5
B351457D3A9DB0C211230C4C9E0D042F
29FB8DC0458E2F8D58B47B8867D634DD
59BAEC30448135B16B6F696B4116AF93
B2E3C4F2C400FEDD20D84828D20F4C1A
72F8329766E15BCDE86426EE413D7478
A003CD6C4A1A43A683D19F9C24C3E2BC
71EC9477351349D257B7A54E5C4570B8
2A3E107885012EF7C463DE3ADE8E3063
6DB97160A8278ED47C879EC22C3B4130
8F3D76D43588F2C363A251149A168D10
C12F6E2534B037FC1868CAB1A9A06D01
5FC3F9A27E9917468C611F676D303326
DD658AC5039AC049E70E5739E7ED56F1
7B86173E98CE2A1B312D1BF599548078
9F2F18B93758603A0717CBCC9167E3BE
B78896715540F86B3EC92C58781423D1
CEBF8C0A5DBE1257AD1C7A65FFED0EFE
CE89BC00CF412C424BE9C1CBC3645247
9B0AD62511D17034DD90940A7EE356F5
6638A615E455518909C21B8FAB5A00DA
8981D7E5709911D947BEE6719F75DE55
F8A00F60FB4BEABE326F4827959FEDAA
F22368EBDC72606A250A1CFC975EADC1
76E07A8AEB5FB4B4B8ECF504B2BAFD4F
BC84396D4E78E39FEB50980BEC5E4771
CE63CA194EA38E8022731C48CBFBBBD4
6832A020AFED0EE75303BD8F0517A7AA
8780199BD794742C638759ED4AA67B5E
ED132FB4FE5F7E7FF86EED11FC95E2A6
797EEB65CC453DBD4AA12791ED9E6453
2460A1979E51333E34080D263F933432
23FD65D3D97595A232F4107DA45CD113
E5332AB1FCE90FF86601F5CE4AF7E7F8
0599913C886EFAAF98D5E437AE109E54
44975B898389400437474FFF4CA02E9E
298617240F647F4B86035CB90F434763
83B4F1D90814945D7DD98B7975C09DC1
3994CF3D88B2CA089433FE0DD1C00F4F
1D24D1B51503F355D967FCEBFFAD6802
B36D4A8AD3BBC057BC18159ECA792B1E
83197E19353C5CA6FC8E6A00F2EBDC86
1BAA543CF3263C0B6AAB0181E8D0A892
FADDBA5EB1BE9122B794244E6F096C77
CF85962ADFB5D35860721EEDDB7EA710
53771C8E3AD1888D833F158FE584A7FC
21D4CA0D198A22082E88B80894BABF1E
2C8FE41EF465B56A07FC4DC45677277C
8CEB505CB8BE8763B6E84A80B4A2E09C
BC79DB40C05E79CC3B810282AC65D126
49860B5105C7711C8EA957E45E6B07DC
D1BA47733FF595EF30CBFFC753C63BB9
953701700E5902086B4A2BAFC6E9D933
DC4132EE553970EF2F31AC4A39C26EA9
AFC886480C1B8E8DAA33689D699BA22B
DE3871AA1DFA3BEAA8C3A51B7A01B0F1
A55E564861473DCB1766BC017080071D
9025F35167CD8A5EF360F5291E32BBFF
C143FA1AB1116CF9FF1EFDD6AA4AD4B7
906C3C295360B60EB3397265C0964FA3
42D796804994133F58888BFEDA8A1E86
0D17E9D929698135A1FDF57D29C06CC5
553377BEAD9DBAFB244404338247BD3E
9E7B1A63CC9EF1F2A16131848195F57C
EED3C6C8ABBE012A9C2F6AD9B226FB88
87A9ABD1D181EC6E0B19D120614BBEDD
BDE51616F094D701885071014CB77CD8
82BA74A6BCF289B6B3EE0AB337B4E706
C336630AD22F0636E4F10AD29F3B07C6
E1089D93A7E0E1FF6A6138900E83C0C2
3316B9788583B669B34B3924C82ECB59
31C0EA22577F344FDFF4E7382128E0C1
6846ED4F86DB62B219B90ABA9F3D0DFA
B3FE4D60529DD78450EAFADA4EB31944
3E8B6A3C3A80B294223EB4BE397AE111
9E5A9A036C303EFE5A1AF8812F48DE43
1A19782592CA4F0B11E791C42C1465B7
AB5944C24B121A39159B0AE655254619
880A962F26E2CEAB5240B8B09A4295D3
D17EB9DDAEB53D384AF3AB5DF2CA72B8
C12A38B8F1F097F2C0985CF7C7766860
5D12A9EBEB40DF5ADA23538183EDDD3E
1E1DADA5F725F14CBE2D8C3983C4836D
E15B2959968B235C6DD1912515DC1287
E314DDBA24B44A6ED92622BAF9F57185
C6F60A35E5C49A7208CDFDB8BE0F0F97
E99B8A437553B57C2BF5D3EF38AF3AC6
1002E67C88AAE94E3FBFF8B0026D8C34
3DD72AF0248796D4F35A4DC42405741E
006A6448872FFB8F4B772CFA8243E9D0
9124BA6BEA1D23FDA2915BC83C8A2AE6
6D5E8F7409B2E589458C4AB14CC20153
29040485FB3D1096903388E763ACCA84
C1F1FDB0E8554CF9A32EF57C504ADBA8
A038F4CDF6F1C94329B6FB50EB0805B6
C6DE136602D1EAE82717DFC4471F71B3
13260451B5E696051F53617AC48E4A3F
02FE6D37131A1A8360F6CD88FAA6383D
9B09CBF342913DA6412CFE10400F3173
EEA879DF7333A3936644E6AE7FF90103
13FE5E7A66BE524EC90CE32A49DF364B
A29FA5064302A294B9BF41E79AFAD88C
99A7B2A60CB0E8D79FE31C7CC65C33D1
273B2D1049FF4FA7855247CD0F063586
94D3F903669A06F55870B4786E4D7B0A
15EAF1F96F21840983EE6F4A25927C87
92D969B8F3741AFD2B23A69EAD668CAE
1BA9C60CDF0ABBB26FED0AAD0D3BAE3C
2F2B209B16FDE2ED1AA38A5C08D86FA7
E0783326A834DD0DA85FA1A1DDC84DC8
A41225A36F636409FDCF1247E4F418E3
1BE7675496BB383885B32518F4654350
2CEFB5B791EE406DA596D2EB2BAF9820
EE8E088AAA2C1ED63932E7548A87C18B
3987F40AA4581DDD8A69238617C229E5
3573B5925E682B7D1BFC839FCEFCD01F
2D264D4A89D71D73E5CAF52EEC5654CF
646EB2152BB6E1033F8392E183654B36
7F4A5EC20B234783F16748E2B34CE81B
F530C56DB02404B5EAFC531C72E845D0
9DA57028FC52516E99EFC24F93235FA9
F1F08C8AB92BD2C7D1864DDE2A0DBE39
BE696DF30A08350723730F72E046DD86
628C37392598D2135C568B4DA96D1973
E88465F8BE1ECB8C7EB1441F24AF0EE8
DDDA51301D7FA728ED5166DCD29977AE
9A466B95DA3BBC02EDC8F7E17368474A
7F585C19AC2EE699DE8390C567D8FE7B
8927B2A29C46169C2E276D30EABB00CC
21FF9FBEEADDB6D0FF2076E6A07590A3
B0CCC1C66BE078A37CA71C5F23C32F0E
9D7473FAFA0053ACDA9ACBB778DCF137
598B0BE2999ADF28B797E1D4115C32EF
E6C54869C62649EEAD9769DC5B08A14A
A7607488AE129BC1F37B7867E609C89F
AFBCB036A204A2F951EEB32C8ED7530A
2330BCACE3C1AF2ED49148A0B191DCAD
95D1AA30D0071FBD62150F26C6268385
C1A9E24F792614D07E4CF36F4E1C55D4
128B43CF4E3DA56459B5DA81690AEE95
F555024A1118EC521519A1A706E4544C
0DA2B23DC3B167430BADEC8B972352C7
A67D7592BBA2BF7500D088BE1E19800F
35F7ED16A5AEE09910C7B16829E4E771
7A6A10D1CC8C5EDB189A00BE73F4F74D
D9CAB2B835714C9EEBC20A8DF3915927
4DAD166615E9972B8B67418B7B89F5B2
A3CA83049CD861D3C2B94A7530E6A210
899F6CF91B309C6324FBCFC276C9AB06
5F19C3CC372D5A8CAE12BB076EC3DC6E
3C105752F5211EDD0042D6E22ABF2B2D
889B75F49738D6F97758B69A0F299604
5B42DF77C0B8E5689CF5678D61D93DAD
A9E1A992F91E44FF8A4EFC67A2DB0CC8
7D2BF88C98E4EEBAFAAACE34CC20F940
331684A3F32DE5E2A469D163A4B4D3A6
FF8056C52EC5FAF11A2151AB9C508E58
993E994895DE63F8AF0EC2233FD2ED89
A3AB9F985F3AA0151C9A80D8828835F7
6DFF350C4EEF568DE07171B968B6190F
8286305E0F92065341AE282E9B6B21D0
F14F81C9261FDF38FEDE04777E0C9A35
59B8518D364985A8F6B66F39D8FA9087
55969B125D5C35EEBA274042574506D4
61BD1D2AA74CEB34EC37F20FEE4BF9EA
4E3BDE924894CDCB4CA0038B27A32189
DD4D6BC266CC2B0D4C89CC80EEF062A3
55D9662870C6EB372A78DE0AA4828788
74B2D996A9A531B6885E30893A83F7F5
4A74CDA123EADE5290D1A8BABFE6A02A
1E94F8172714B7CF9955954E64E3A832
6D66E21D1AE19DAEC2BA190DF6985CD3
6ADA93E71554E64E5093CB436CC832A5
1FF2F21F41556EF49725D41B829D4924
CEF412553E31F1F8F19B87B5966917D0
54B26917AFAE493442B9A539CCB0CF7D
42FD33736FC874FF03B5A98986542F69
B05E4C674F2BD150AC293D901B895378
3B861CB0DC60C17CB74D1B3375A15A31
40588676E5A3A6595621E02CE0F12A38
915068E4475D13DA111E9B39265B924E
85D2121742F6A9CF7B320BC998B27C0D
1D4DE57CB1EBE30BD75F0BF8DD4F59F3
58A9EBB31B26E616681B9DC2A4AFE64F
BBF564AA6F05470BF5A18BF1D7AA0EA5
ECCDEA1199EC7263288B58E32396D4AE
9444D02CE9B2E27C2C4B58248542D30E
045F28118153A1DE6D45A0487BB89CC9
8777E248BBEF80971EB3A5600F6C24B7
DCF1E3274C4AD144D58136A3101268C4
1C1841E92C5D29240B25B3D269A1A5BF
404C0DAE34249F6843AAC941DDF043E7
C5B06E1324CD4F06AB46831630434DC0
535DD44AB50D8964618C46E947A943FA
826696843E1B55E807A490B6E8BDA7E3
6D872AADDCE575B00795542AB13E4EB1
4D6B29FBCFBA5A80826BDD275EC60D13
8C50A115F5F07E3DA3FF5076C04B54FB
023981F13BD64DCA2F5086183DF10AED
042FA93A8E3AA75AC95504E33FC47D0B
E7880890975DBDB44A3BD4D5114B9773
F649ED464965D544A24102ABE0360A0F
45BA87F413806010366AC599BC78522F
ABF125B3E83374830C4ED46CAA168FD4
A2D26A63CA659A4B1643B5F68BD1219C
09450D6F78A8B3C09D5D424D22E1F152
0B437992AD983BF49AB876C44904D3C3
266C7690066CCBD852A5D1284938C539
0F25E058EB9C3F0E68182E3AA4EACDDA
6EA26775E40F1B2768E60E136E7751DC
D8832BF0A91D55B70EC087D73E4D4197
F4932BEFD05C1DC00637868736DE010B
C095921145133743BBAC2FA09D84C0DD
DD5984CAEAA6007812FE6B90F3186046
2C677007927D45CC08BD49C704755B3E
E7B6E3EC1773618785EC3D5F3846E13A
30C3ED4E9A40968DF6D1455AD9ADA9DA
F3E954B50693478CAAA3ABA3A70F3E24
EF1BA2CECD116079FCD6E91CBF0979CE
AF10230CA8A40FD6CEC95C52776AD5C6
9987BC17FEA00AC14500E023FCAE40BF
D6ECB0D01315149924E4EE629B0B4121
177108582D0FB9497E9D460168A66127
E02D42C1ED7DC0253C9EF2C07320F360
057B626CA29031FB28E366EFCC70DF1B
B28C31FBCCF5F516CCB41186324DD2E8
57B7E847FA819EA9A64983D614C97FE8
435BB2D592C361597E2C3253150C7094
0973218F9792CA19E31FB9A4F52FB507
D9D48E609D889BCD4217E5D8FBC89BDB
2B5EFFC4FDACC92E43DC3559F595898C
48B411515DD7E9BF105ABB9E610B8728
0B7B1C36AAB4D251EF1C700F3B6A2896
90BEF86F1F256CE68AF71B65DAC5B061
B5341E93D9231508F29F7487C3D69C76
2EF8BD1E6ED7FE2FF7C237E1290BF4BE
5E8327718125F3BF5BAA55B1D4DF1B4A
672D05697A1E3481783556A80C50F483
9FB4EF6F5CDBA729CB5AF1F00EA93B5D
AC4B6E21BB8188328B78F5CBD16A7DCD
4422B02501A1FCE5FEDBA707B0BEE46F
FCA55803CA18E8E0210D5FD3ABD2A084
850620363534D6718CB2F9C9BE640202
BAE2265B82798894EFD696A64FCD55B7
3B14AC38D5DEBBBD56F2CA08D8C93A9B
2031FEC3C4072F57A19F7827F7C5D153
8FECFA7AF277761D03D163F772CC1C92
B25095C578C53CDDB10736A26A231337
9F673138B7408DE78C6D5B6140842099
A625B752E51C52985AFB3D3B777C8616
B6231A1D71E655E7C9400301507502AE
9751C24F285AF44ACDD7AE59B15983EC
14A38E8875656A12B2D2B23A13D4E360
EC205B94D2D5F2E110D3534ABB32F1C6
443C172D03D50B257A8B2C0897390D52
1581AD497A3F8B5C1480F8E27D8B4200
B9B0A59BDFF1261C4D91550A16DDDFE9
4796D60A4A992EFF7CDE6664017943EA
C246278C7BF74340A15CBB51F2922357
3375EF3246706E84238BBFFEAEDF2988
CFA03B41ECF29CDA4D18F1C5733C149F
44FEA8E7D32B2B598FC33A696A0BB801
72C6FA8ECD6A11B36920EF874D2E4F7F
4A102AD1204D84C5CBCAEAFCEFAA765C
2316D30BF0E5E6094232A886DE1F0E19
3086A4417136D5EB57D9E7CC70B1B4EA
051AA1C798CC7307273DF2FC95C2AD72
E63D23146C4CD2749494557B27CFE35B
E9C8EDDB35223D7E2DCC770450C359E7
3E192296419A109D4193E34E9A75117F
F84A5FD4C7CB3C63138E7C7230685C4E
E24FD46E8A211E9F6E4959BE39CB8CEE
2FE01490A92186DEF350ABEB4C49F639
0DFA2B14DD76ADCAFF29D694B790CAA5
71240DBA6EDCBD5EBD06F5AC26F57EE0
9CE9C97FD0C2B296342B33644138795B
CDB05AADF185D8A61296A2BFD305FD74
46BF7EEDE243A6E8CF3D222F9B4986C4
1085B7B22D4616B0F1257809B487F9D5
A8E426F025B4FEF220DE989904DFEB68
00DB36A93499F56B6820569BD50020FF
80BAEDDA9D55F4EDC26A7D91C012BC3A
0CAB1B7E1D21C0072526F8093D524C3F
850F1E00B0C1B296B20C1A1B61D00E6D
BC840B77E6A80C50B575BCA91ECF31D1
8FFF16FFCC70A76CCB17F591E4E9B9DF
8A4AD381D5649523CA34B6529636ED47
673F24B4B435E29507827FD66CFDC3AD
432F80FAF02DF7913524EDAE01C0DE9F
3B479AC92EEC2402089654E88C39C92F
418A0BB7A536E1F0C0839B2D6AEF8F43
5E96CFDD3830FF9EC675F0BE7224E1B1
BEC332A26B0B5A325EF0C054B2791AAB
5105605A1496086EE978ACD48A90B8AD
0F394F8373D2649A2A2B68614A900B0D
ED756574B0F46938881B5EA351DD3221
3B32B63E5384F61EBA8517C4E25862E8
ABA3C13FBCFE951C1796DCA261128351
043424FB1B6B6F3DDEB4CE9F116F9736
F1554458FDB7AC6F94F49A8192C727AA
2AC0EF8DA608556FD92A1DC7A1A4D2E4
E4AFAB33B8CB4D93A5D906E8E790F077
DCA951AB8B565D2555EB7FBCFA842CEF
2866E4D56949105871563A3024B736F8
832C90CCDF8056F5A911FC00AF2C3643
A706DDF5D9E39B172ECE9D1205EFFBC2
A596676F9EEDF1BA4CDB7654EA5AAA70
8C3F72EFDFD3BABA64E71FE7D3C0D31D
DDB86DF259EA1AFA800EA2C9DFC534E9
B44BDE7EE364717451A65B64E099225D
9F66E22EFB8C13DE5168CF70632BCA51
A520BB5C8D030A75C0D5E19B2AF960D7
943F746DF9A68D3554E1FB842828BAD1
489F0014843AD4F6A5E02280127C754F
581FE6E85F9B859B5D1B29BA9A114A38
2F35C7C7EF63442933D65DDD37026858
E2B99FD30D6F65798F209828F857491A
A8E144D7FC6A0AEDEC91C297D5AFE23C
41232CA642726BB87D8FF9D2C754831E
3FF5D14110B67A4DC1CAC0C387A4DF46
219A0359F5FE9FB4865E5B76DC916FC8
002715273CC37C6C42D566FC5F22825C
7837BE2D8E5A9D317C73C3C90284DE7D
869B02C0C6F1320E3252F1B70689F58E
CF763AA4E56552176AF5DB5EB7A04AEE
97C9C597F462D24E9E51DDD9FCB8AC02
4C0531B7DCAB166D181A5CC809DB4050
ACEDFB815C0F88D5732FF781680E39DD
38CB99687C8473C7B824B25461D1DD44
6B21170017A282560B9EA5445439BC11
98F63E2922B862489D13B36063C28E6D
BF57FBC5CDCAD309DEE1679800011FF7
A58E380D2B0A5A3615AA0B781865F95A
97A8B4095B6AE2ACABF988B15A0B08F3
A8AE0B681E280B40D167C488EA2DE569
8B9A893A88B4AE3DF4F06E8B302C0719
A1E1A1B0EC9D1BB1BE9F6F533BE55500
FD4ACBA9E23B98D063DB37B3A71579F2
C6C61405CC157504706662CC33F9499A
85380D8F2B08F0951367B7124A768EC7
26A033FDF6D6B489B3A72994FBFA95F0
E2D108093B6BE2795563BAFC231E443D
8ECE97C08211BDFEE4BC82FFB2E4F331
9E9D3D14E03735CA364C33F982338C92
377F0CB1FCFADD700AEA46CD2D5EE49C
FEC700805C9B8C79E924AAAAA22944F6
5C909957B4461F7DC0C099B0E7668AC0
1598A10A48D33047EE1F69D125BB87B0
0A6B0C1047838986F070CCB953A9667F
6B80715CCCDA002386BE69324575A239
FB4F39812691C1BFCD45BDF3743224FD
5C779EE10D02A6C56155BF7CDDFABBD6
C244B342FF146F5662F3829C48AFC627
1DA32FECF7E0E044B7A1FD2C7B2C2B90
01EA2CF4EA44A85A72CAB746542FB323
67BE635885FF8E076BF2DD2E6FD69B1F
D0CF6C634F0A11127AA994BA7C9B293C
C94B4D6ED95B0A9D2477E06BF70A79BE
28348B3BE2CD415465AC840EF5DB28BF
AF406238F7DA0ADA71AF5D265A7AAC3E
5DE74AED3B2549EFC460A39E568DDBBB
F5A58C777A29570B9C212F754DB06C37
FFA8FBE3DFB87C36ADBA9BDA41BBE675
50AE9C4E31BFBC3ED8ECF31EEECAF060
90B445C1572636888425877BEB7B832F
B1635EFCB9CB1408B8E9E890988E8645
17A04CA16435CB2DD85549F6E7E1665C
FAF71D69CC68ACD81334639762E1187B
7FED6CB43F62923C8D9578075E5B91F6
24EC0122C912E487DF01C795D36DFB04
AE714037523DAEAF941152DE53577A6A
C2C375C57E8B66F564E47E8AB4CED289
2F2FA426D803B81A8354C5A0E65294CE
88D46BEF3C79CECF6F1DFC1E51E8DC39
21A0AC4486A760C58FC653FC5CA4B03C
DE9EE4633EA8D4D6CCB8DF4AC29839BF
87D2E1EEB5732E6B9DE137B61183938C
F3F453ABA01532B88355EDEB8C77C01A
14B5B0365AE5312EAF7FE3F708192ED1
892E492F8B71B51CB9E1CF1C2DF896BD
61C04225DDDD8A6388F6E44CA596E0D0
30C8232529D683647A6C0B130F3B701B
D20ACC8AEC43DC9571984CE6BE002FEC
E0514D6D3A5A51B289CC2BEFC0FFF85E
2207182A03BEC421FE8AD76283A4F499
17C8422ACD146940A73A290BCEE47640
4952218749B5EC557865EF476F51824B
633BFA90C16E79CA3F063BE190C6966C
6513C1B77A025665633CD933CD71EDC8
CFF05B2D4B6C0CE25059199EFA16B4E7
2775872070CEA96A119502C8C504550C
EAB06F3CD50DF634C32F726414E23CA9
FB7DD782E705C3C149214731C6CBAD6E
339CA864440691FDD87987EC828B11D4
E2D813FD9E75BFF17F5EBCF1438CB38F
D52E03AC50FEBB9A53257BEC34F99CCA
3D289077676B9D2CF77147070AF0B94A
E396D4D095D0E9186FCCA26F0022921B
9799B1EF6E8206327159189C6537985E
43938652A3CFE37BDB471DC6A7C73D28
4E365BAD9E6FF7026563FB7945F6C100
8C24837855CD046022CF372056D3412F
2A46B8FE3833ECBCAFEC8CB91F9CB21B
EA2DE65675EEE6D8AC4EBEAA5BBC7739
A0B8762A2AADAB9BAEBFD43910F0C6C9
4BA2B05CDEE3F8505B7B6CC373CC7E44
FA1D6C1956FA5685E7BDF3F4C755F359
FE277AD0C38FB7EC2EF98B8BE89FA382
039CCA65892D8A3EAF87B306ACDB4EF0
5CFF9750092C58BD73482102AEB11FF0
71061ADF9B1BF8F8E6B4B0ECD97896CD
392E35E401EA4B6C9C740024617C0DF3
64EDD8A7AB2B27FE63D7A97406C4A64E
D58E6D07C2695956542BB8CBAC0E4BA8
AA43B5AE9F8A55DED0489DCB543B1C0F
49C24FC0156E6DB3EE9BE5E79B83B9D5
078E16B4DCDA1E261433A4BF74154DAE
57313A0FAB2F052E8BFA512D991FFB63
65FCB9A4478055085317864F5A80B4BE
652CB58BBF29453ED52A4EDB1CF540E4
900FD1DBF1B1A85604C65829B222B239
BD7E76596F388A51211B832021511224
48A1BCC228E0FEAD220EDDDD29D30B68
EB986910B4BAB31A35A2373BA71A4FB4
2811015A7CACA23F77D3124126574958
9155786023FC823B862C36C3BD8DC320
FB232F000C27D3F236FA081CC5284C7F
836172092999662AB36DA9568E2F0587
51FE604FD60EE87F8A8CB69B51AD382B
60DC027C39F64FD5E08C6EBA1DF8EA47
F22461F5B8E9EB877F9985EAE5508006
DFCFB224A6B10CB4BF53AEE886BC13F4
5CCE6DFD5CB8FDB23803F2264035DBBF
6F0D9FE5B4BE31BF4D8D1C65CEF48274
6FA1053D0E1B8CF5BCF29B4934139752
54F4AD81DCDDAE867931FA906AA2D9A3
EC68774B538403BE9B05FD1B572B3542
A51677FE2341F61347084FED24849E59
711E7D908332B3C16992478A4F29429D
397711415258DB1B3D686BA42F0F2BB0
A8160A427F6452CB1056A0D9B4093504
819A744E38807507EDD312634CF4D0CE
74E06CD3159AF8DDDF161DDAD9ACD3D3
B0F9BBFE009A2B033C9AE2C02E855D13
7EF33D38CD34DB8D6108A96315FB4809
F229A4D602DB2331494DD35347E3E039
4620065B8F52FC682C493885F2D22537
F7A0A834D18AB575052C54E7C8140302
F5E58AFCCF84EA3936A0B2FFCCDA68FE
71CEEDFDB2F252027EC0BF5ADC4888F9
EAED5D9AFF4E49A50A402D810673D375
F1BF76AAB90AA5902CAA8EDB3D948A14
B616221D1097A2D357F9A8440BA8EFEF
B7BDE3880D7AF2BF66A664B31029B1B1
FDBE3AEBADFFA78F65C551534DDBADE4
E93EC0E37084CCAEEC1C576841141B2C
572CEA613B9861E51ECE0601DA8D3623
D2668B50ECABC990A891DF5EDFFE495C
357C34BD4A9261B273961E7715660281
E6D92A516C83E17FAB989D998BCE4C0E
6FE58BF6AA57E3C812091B09EC73C048
86716EAD2C61A02959BB9E9BA3C3F1A8
F4BBBEDF0961BFCF183BFFF55EE54CD0
55AC74096EC06E6757E515E5D5CEB1B6
71FC3F3D780E6A878C095B28F99306FC
0E783590AD8EC2E014F25F9951A7B908
0FE6B59FE95622D58268741FD8E7FFB9
3C317C2F899063F74AE64BE76FCC1F7E
2BC900A4D0BC9F5F4C155F772AE4871B
296424427D65E21DB0DF2B48F9E083BB
401F2DC65AA1C3C2763F54ACDF00EB91
B55460EBE9CA1440F47BDEEFC0E2BD73
9EB8D0D48495C1B64407F85F55AFAFF5
78BC25E6E8240DA4A23EE36C9AC29506
6B2AD995329CF5558A5BB882298B4876
B2A1A43F76306DAD31C6ACA7FF3E1082
96817399B232BA846D9B498C9AFAF1B2
7049737F451FF48F11BFAD26D061A367
2105DA1AE7C290564B44FDDAD325E455
45E45EECE63E7817D303964AA0660766
564990AE9BE23AE61A82AF4297AF62AE
65F64F24CCEB32F01B1395470532BC6B
E5480DCC92696814B73504CE7A57CA20
183407CAB64EC55752EB50EE2135CE4C
1BB240B5025FCC80EDFC2B5505002352
FCD64D7C8477539E0DB863F6C19B51ED
921F16F96715DE0F5EC2CD39FBC16F25
4B0089CD975EBBBAC9F43232D19FC62F
1BBCA3304A272FADAB399DBCC49D24BB
F58ABFB751778393F0F5490CB64E56A1
08766075E7D8A6900BFB389F9D2E93E0
939C5C1DD94226E4A123747B0F66AF8B
122684CFD50F7C18450FBD1D173E5D65
76F4F7F487321E51B1D4D54FB19D5998
0650EC37E7AF503521059620A214CAD0
9F44046B397347FC9B8096D185E96B02
9D043AD09A40D685E582CEF132124FE9
BBB0DB0E3D865F581A54912F36A26770
B4B5A355706434B24025FDB7ECAC9068
0615E167E8DC095035CEDAD7BAE29196
C816558A7595C3B06ADC97DEE6623461
EE91543EE37D0EB37AFA902EBE702072
1CDACEFD8EB54E850B0248368DA0BC43
572482DF37FE10FC749D7AEC155F862A
B771E563F3CE1E08F30B082B90D1D7C3
92836EE7DD8CF2E8650E5615F3D5FD7A
193A3927C3CD9C3824A971BD559138C4
2F9A9A74683F0A9EC9FE98032A224250
6095F526F52462E49E9C04C09996565B
668A95BBB9EB252487E5BDA78586A65A
1BF5218DEC4B5156379DD23BC309CB4F
288E1AA865B5187C866453680F7F2D72
02390616FD5BABBE923523F82FCC4D60
E973EBBD76933A34EC59ADD09CF2FAC9
2AD09F51F14EC08894D10C382B453A9A
D6AAFB4A2E5B736C6CA19D269B24901B
1C93F06EDD27E6A0658F325952A714C2
708FCC35E0B90A6CDDB93CD1E8AC6D23
EF0147F02B52C04E5A8946336E8C15D2
2681D5ADCA6D5FC147846F73F32409CB
3DEC81AFCB91D25F2311F701E8E748B7
FD815E2F94F94D1605E30B90ACD62828
59695DBE50FD58C574523F622CC30838
4618038A64CA8866B838D6B2C3C87649
0D85F77E8BB4BEDBAAAFFD24757592F4
DB2B4574340E9F67E290F73201F0CA99
AF8EF5B4FD3078BA0B7165B9E50E41E6
51196C0E3C24F2AA73CA4195B8C24AE7
613CEBFEE543619FFEB2B110E96C1028
D69E970F9A1EDE265DDA9AE47B5342F3
DBEA026FC8FAB1F4E5F17D671DCA5463
58C2842753A8A5E0187F3C066E4EF34E
51226F6D9E02DEF5554673198E5755DD
DC78648D15F5B144E905B371A7595CFE
372E220FB13493C7ADE537830979663E
8DA352D69AF35B9682339A73BAE01DF0
251B426A37585D3FEA984F7D58328877
6F9B3788EF020C5661018AEE48F54B39
87FD3A0006995670A4575693E9A2FC35
1B65F3EEBF19D75516AC7F3C656B0A1B
4D7DBCBAA8A9BAE24669A4F7EFA253A7
874BA8257532DDFBD719971E8E636E5C
1B8D53993E4A744ACD66A8BA9AA80F86
A97EA5C6F14C3D2463C7D430C0EFB014
AC3BD62838D880CDF2BC821BE89A241E
995032BF86A5F69ADD9AE8CD52411CEC
8DADEA24E3E3C9418FB826E77231EFF6
76AD91EA46E856C36ED5C57151A8B199
4A76D9484FDC75E8097C82BC3F42F1CC
A727BDEE981793F94A1B434658E0A0E6
EAF633DBF4621361F4E1889D80D51380
34A838395415A51C07D24EA01828AD59
7240933FF353BDEA34CEF06E9A84861B
28B5C35625CF9F145FCCD6D72B347185
9D72F6197A892AA30921FC6F621CDB9E
FF841F5FC05138802FCF687E36FC4FC7
DDDF2A470A2BF181DE9CBE281FFEC91D
8E0FD9E49E8D7BD03BA8C3A48E17AD18
95320700B7AE87D37F2625202A717DC5
C75C669674A72079F60C074FBBE05986
9E6A1930F365ECC4594EA7B7AA7FA9E9
FB4791C7E8D70F14476029B919CDA858
A3F166E298684F6E61E0605A671349F6
EE91BD29A57DC829E096B08D975A1222
21A90E0E4FFCDA400DC6F98EE00EE732
44CF926930F6AF19094D44AC32DCDF70
A211AD552DC689695B88DFBBB0A543FD
90C2D20C6624B7DF8A4BF9318A816095
5D8EA5A2A58F0B848E883D8FD731C7C2
F1D1CCC6FF9B5E3C1BFADB21337A3329
7E1DD32F38B24B6F31F60343372C910C
872C3DDB497F7C01E5F5FA5AB4AE11AA
DCE53A5352C2BF9B3D0027C3E409B28E
DA8F9A79E705ACCDCA7D42FF79D62B8F
6212B6C60B2DD3FB0B0B948B6CDBA1C5
BBAAEF498C1C5CAFD6002E4DF15FCF2B
BB672B95348DF1C4BF571BA1C8A7E005
672363DE8BD9B12A68BCDFEE591654E0
BCAF53E699C99565C9CF3ADB688A17E6
53832A0CC41F7850D47FC46EB1E44D53
16E90AD7B8D5713AD26C2DC142117284
E888CA5149CF51105297699C2C413A03
D196C74BBB9981007DE491B3C6E129EE
0D6029DA00810D5D74DE210B8081731E
7F629571F4D8FDB56F03584F38AD7C9A
28CC6CEFB608BFDCF7CD46F54ED60F3F
848EFDED1B4B14E180AA2A9CDCF0D44D
055E3E83CC27E6E7878AE4A5E86933F3
7DA08F267D68D815F325D69DF5B75E99
96A12E7E033EA5707D5FF84DF755E614
79134EC8CE68EF8F8381C3E4C90162F6
EA2694839D060AE4CCD37F9CC878EB13
CEBCB7373A39BDA15A88FCDDF1679FD0
F39E9094091D636255F369C962145AE0
DD748CAF7C693EB13B28F966D8588CD2
90149D7CBCB3EAB0136C1826733FA74B
6BA5DBB2C429B24722AA441BB2B10E44
52C6FE28F4E18652A897450EB18F80A6
A9DB2BB4EEEC0654D80088D27745942F
FA9E9650C1D287A2BF046DF82DAA3B13
15694359C2E87D6549A331A9A1FF1D89
B486F98A1C99804D97BA5444E474E5E9
43B0EDBCCA8D42CA0515B227FB3BCF80
0B2A30F605E8460C13DD8F5D356EB47A
EA9CCDBB69811843FA223C68EBDBF139
53E9203FD27226205457B39F764645B2
CD142F81083B1CAD3EFD369D2DBCC823
AB15874CBF673D11EC859B7E977BDB98
B52B1ECA71E9629EA152001E70FFB237
174714515F41B1712EB5A5DB06E52E77
AC1B55DC859A285477002F5F586466EF
1BC27E04F6C666CF7002FC6CD0BF96ED
6703795BFE303A0889D00765527FEFEF
BCD7A5415E510BEF70494D92F42D0E88
C3619A20C4CBC78DE013E0C57E25554A
E56D4E636D02C20CE4454C01011767CB
0F471C3EB5DC76A146120CC336C330A6
472DC4358997FBD79CCC514241C7EED3
0EFC7EDEC39743544B47691455F25143
BC494122E4AA2BDDA22AEC9D9EC62927
F31553CA07C711218CEF0CB942DDC8D7
BA4D86071887FBB28753F698B68528FE
2484401F6B29277B7FA7DDC2AEEC1681
C1D683AD03EDD1B5DC3E6269EF964C8F
81418EB1617133A05BF6E9FA86340273
E33FDB8CC26125B48E9C0A895F1EA452
CB4CC4D6CDA470B92001E7628194C981
B9AD942CE60CE655D8DCA7B9741BC726
87570660EC5364D1CB96BAAE96D96C97
ABC325F37BE5A3BDF513AC50570354F7
ED3E204F1EBD0D98499846D82E86351C
E074A215FA9AD2B5BF5BDEAC340729BE
BC3A5AEB92008DF25A8E7EFBA47B3888
F0DDCAAAB60270E19CF50E9FD68A670E
F527FEB3AE695D2FF690EC0D23712D4B
017813EAD14D6E3B3A0883102B4BF2A8
463F3F20B59213B104CD20891129B220
904A320EAE0C77B61B6E9E38DA677741
8E17C467CEADBA72F1C1F6C8DB82822C
C0D2C96355768713D7112E45F44F9D55
5407237ED56ED7DAD122A16EF8A13550
FDD9E6DB45FD5A39F0FD24926B76B77D
6514626E7C7E5FDEA7561F722F6492A9
7F77D41F419D54D67AA11B5134B658C1
17D58CDB1C95867F1A96AB2FECA7AFD0
5DC157026BD7F0BADD108463DC30D189
C1CA9AA245ABA648FDEE7A777D330363
AE93BAA47ABBC39BE529AC2E0E5BCA27
57922D22FB20B600A5548DD266FE043D
9B727080E39FA78A1CF2EDB7D4F15C5F
57A3C24A78CFCEDFFBF5802F8BD5E01E
EFB7B21B6AB33FA867D5038D3C3B4098
4067E1732421E4400A780FAA2FD179F4
81F07D64091B28C94BDF9D6F76ED7CC0
BE0E7FF83AE4F88D873F3969AA34C70C
FB62A9A0DFC2D5C3504C5E85CD76BB1B
F8A9B017837CF080E3C5F555080BEF91
D479B8495A5316D5B574A8D4263C7386
891309993ED27C1CFE013724E7E47CED
315CCA09D19DE854710C1BDEA83879F0
47735EDE71157CCEE20CB25321A097E5
86E150E9CB16B3C8C9377539BAB2CCDF
D4ED59D549C9D3DBE7E9115E12D9D21A
D0A99A5EE32F06F959404BF5201143EE
68A99C021A71A7DE22087C2D5815243E
80B96AB423609A33213BFEE37F63184F
3BA00518336BBD397764265E65D54035
E4BE3BE32E8490E914BBF604A2098808
9F5E64A5E637D8E025EBDEDAA9D6EA18
3025980D1BEF8322B56503D0FC0F7440
B4B0972076483F3BFC3024DC65BD84D2
7BA5F929A207B47DFC7AD134ED56AEDE
C757EDABAB601B7DA64A8EB6CA146143
CE7CD386A3543E2BB25EC49A7176B89A
FA5D0FEC77B2CE179BE8DCB497F7CEA8
C30BDC874867DC1E4F29F8153A1F083A
422F304E9FC02A6900CFC7DB303DA9DE
9B9A837A55698AD7D69A5DCD44E1094D
87645CD630DE1D8DB421CA8141B8D206
82A8F0020153EF036F3DB5F56F65E72F
151AF62E7695F50A924DFCAD2E0D0AE2
7DA7F07E320B32BE9B8C5D1615232C25
A1DEBE4A4E668B0D64D60C216170B72B
8599791ECBE167668FDBC94AF4E2436B
0EF9870F7FF53CB784C2280FA29DE2C4
8C4CA37F57320EE8FFD426149DAC1AF2
CDAB0E5535FC599BCC2A2459C000841C
EB820812621ADC504D6EBD6473571E78
5B50C3FF2D1FDAA6543A7F5E212F0E01
2357827C2652219E8C18349D61F455C8
C0FEDE0B1E2DAFC3A43A596306C9A06F
9E66176BC24D69292C51F4E5E10D9CDF
4ED53FF4846009AFD04D5A6C3937C33A
A670532FA09859CE32DD952F92850044
3ACEDFD51FF036DA7E4D6099DEA0ED51
C06E66F71000008B7CCFA07C23A06DA4
AF3104DA8EC8A7298F98B456819DDD47
85AA5A509D4B11B7B45069AAE912D1B3
8199303D9C292DF58FD57584A31CAF83
A0078757F7E1FC469372030C6BE955ED
A8D753A00B8603F02CF4A00C75D44384
9AC67AA4B9B90A9C68370B51D2BF2FDF
C5BBE175AF7678668DE35638D41A3B3D
6B4865ADDF7E2EEEB2F32C4DF299D914
1FCD46D12A8E2D8D0599DFCA9D0AA55C
A9EA8752409931A816D9E853BCBF565A
1A9B4323DAC5A0E387EBC48D9B1F955A
CDBB4E9E5BB641D56A722673A0D04AD6
69921DCB797A0D6E923BE34B4EE12615
2FD63B5EC12417FC64B9300A1ACEE654
E5CB8E25E4FCCE0D163FBF19FD863D36
62976284BDA38D30CA918BC25AAE3337
F6A2547818192C78B79CE596FD245805
C35D22EC5D7D4E1E8850EA7A2D29DEA2
E3AE9F5F036F73292B01755EFD67F1EA
AD8EC30389740E27E39D3EA38A8082ED
55C76878C301CE4D34059688098E5E56
EF2178D76E0D5062EAAE3093F8B98C62
E31FCF6C1C3DE5669A7A5E666E55BB8F
35AC9BD374D9C1BC55F217D3B20C4173
489AA979106AB77D56232542A6529637
FA9E3DF38E4FEEB0C804531BACD97FFA
391B1076E299456101A71C6ABC339306
0FC86110660D7756F2DCC480D38EC90E
374D898942A7C2A84F1D5B9F97BB5857
8B9A66CE72639FDD8D91AFFC06191EDD
3D191B19A36A4C44D192DBBB4DAAFFF9
DB238A035ECE6D10BAA975B8E244ECE6
069889D32A830A1B18B13C7127CCFEB0
23ACF1BCD36C5A2E1779D5E636FB0EA7
4666721EB77E2854DF9865C4B7D07170
63553BAAEA24AA57C4E3278C5FE2FE40
3387B2D2476A69C2918DFE0E41DB42EB
D7AB00758BA627D8F8F9E6F8429B938D
1278CC049C397197606859C5CBD2378A
DB94CDDA0700D9FAB9A3C0A65DEEE8F5
D0579903A9A85DDFF975CF0292FAE917
67179C53C6886FBCDFB487536AC73C02
486EBA08A5BE9E469DBC49C595F93881
161056EC5CF5DA92FE9238FD9A3520B1
9933E59FF12F1CE1D299E0DCE64A0AE1
920DFF455EDF155295433EC1FFAD473A
A09946C82E4A33DFDA1986F0F04F50D8
17E558F06AFEB7BD949842ACFFB9DF81
53B4725128F68A2EDA911E103778AE4E
6EA1FA7E5B3D091B520AF062D1FD2E5E
7D1CE2F13C4674760D34985A1788FE7A
B35915CAFB714A75929140E236B3E945
1EEFE2DEA2A7D03C70B433093B8E7E76
A53FA189277D1CF03E870087DC602703
1D3CFA107682A57A871C4CB1553D6B17
CA8F8432AE197B9E3E779689D8866180
0570C6353C740C88323F316A387EE546
7B5E6C764E347BB83F2608E192321EA9
7B4369AC13FF8927BB4B9EE100D26913
3890C4473E73BDC4C0D15B077C811B74
B0414BFF6F834144057087D6677F4E84
7F1B0C6D85C9CC3D6AA1A99640FCC6C5
B535EA0E4A710A97A837C275329399AB
1462E8DF57ECAFA4822A22140E072F15
EF0C76C7EEDACEC40E80CF819AB22DA6
1FF86A741753B01AE42566CA34D19FAB
1D1783786B93DAD9F3997EE21B51F584
431F584C12A19F1A6505062F82048D65
C6F129C2B3F3872A40B46B0EC4A00991
A153D0EB4402455EB865089FD94EE0FD
4AEE791931324BD03F6B1D6BF08941BD
16D0995F0FE2DD5F694C763C33C92AA2
24FE2555C97408C0B7EED7D54A5DAFCC
D2445CD1002F0F2CEABE612C8E645C4B
BD6E33B7EF99978D275BC709A6A14EA4
FE51D70993FE56D04A30774DDFF1522C
17482F14712648161E798925351AD931
4BF9F5ECB8D654439B98C353D1002082
288EF9BC20ABBC2EF1CC86DCA036A120
F730D8F012533960EEF7659DC01A8D06
13281D6FCFD2C4B797616B5FD45784C7
0A90D159902250D07EEB9DD115094410
2DBB30734A14127A0BE9E287DC91AC53
6FA6AF0B255199C23BC9E30B2CC026FC
5AD4A9F191AD832A0702248EAD3799A4
49DEFE6D92A8CAA50F44B2C379148613
4F6111EBD39E69D790E3F349EBA5A0AE
7B6BBCAA29C0E4905833D7DF4BBB06E8
2D0D2E9D1C41110BD06D18C172974765
54DCE1731C1381CC772B926C458E399F
470ED4B943ECD8938B834D0FA54BEBC0
7C9F0AA8585488C22EA852C00F9A17FF
D011B7E786CDFA9EDCFE5FE1D1E92C26
A8C25F5F2937CA1DA6C9E98AD80D53D9
B529A1D7005344A4DDA8A57EA4170544
18424831F63FE2FA484E0D866E20E88F
9F958A03A8EF3C746D76DEB8DFAF4718
ACBACED232B0B8210FA63FAD9A222996
306AC01FD8F160D762B1A7979F87003F
9900BCAAC39DE17E1E72AC7A742D2DE2
1187E0048490A69EF974C350DDEC286A
7B1B4B977206D1618327D0F29D5B02E1
85DF34D10B4A3B658E5D5BBC4461F08E
5E211BF85D147D20B02DB823F34A3B8D
E537AA29AE1B9623F1D4A66A865DCE92
7419B2523DE090077706909482005CCE
F0C5E8570F441AE3D5BC34474B1D409A
29818E75E67B144E43384430EE757F6A
3E4763219783AAF3D105A3F4B77E325F
24EBA678B9C2DF6DD2C27B2ED03510AA
9EAFD045896886AC1B341C1AC64EA0FE
B2C5939C6860C5895BE4AE38130625E6
82FBEE51208C92A48347F97B83CA9AD2
E95D63E779AC65DD1FC7BEB9B268F52B
C3D63B4F79946E341DF6511DF58ED952
EB24938FF8A29395C44D3CFA031140B0
91BAA50AA76DA31BF8351F191FA6AB3D
3B081176BFC99AA17DEE9468B2CA0218
DC947AAC15F8D771C8AB62549491258D
E3999EC983E02EEEBFF2E7D6B16E4F5A
2E6E2D21632212CA193493BDC5B7F0A5
D445A448783D51915645B5691A8D4FAC
6AA24B11E3609D49FDB5751778FE606A
AE55E82ADFD9018D55ACE940D8F05B29
EED2122BC609EBB199ECE1A3FDA39BA5
C05D51FF4123D38984C0FE69063C0D47
B8A776809B6CE298BACE891AFA020245
D4388C93FC604212733355D32925F36A
28D08DB7CB09B1FB373CCEFBAC559126
2892F74F9DDC79AE38000E342886AC88
2FCDCDF2A7B70BA1B530DD2CDDA85FA7
925AEAAEE2792A9BC6A19DB7FDEF098D
D449D9016683A9BAE4AB1D5489225070
7C1CAF0255AE462D6C771323ED2CA40B
FACE385E58E9E36D85CFB72EA9E68361
DFF72F3085A475A022028FDD09250168
58D23FD02AC4F9B5E7BD3ACADDF94069
A9223921F91A44E1BA7F2B2F1DF1F759
6D21097A37F75D2079013265C3C8A512
961CF136454793CA9C1654A4281538C5
0A34435AAC64598642B810B131C2249F
8A4F6626520E57C8DACEA6655B32E21D
7209BDB3659A96EDC92EBBE921317E1F
85D2AAB1DCACE8B5920F11E131A1A28B
F0C825699266AE8DC068B38F4BDF69D3
4CC0F83CD0F56D6538ECEE8DB497134B
2D6210E5D5FAB03525976DD7E4F790AC
40C8540A5C7213696E7167779762055C
56029516FEAEA64F8A1E52F5315EF197
76234A30FF5919CE34DB88742D95070B
1B9C43475BDFA76153C4741933895DC5
C261DF83B270E320DCB66AC283FE358A
EF912547F68E1D32FB1540E5EFEC3159
0F8CB6C3F62209052CAC6A0035A743A4
6EC3F151A4963B2B01BCBC98827CEC9D
BD4636ACB5977F12F1A208154047A428
5303028D0A22DC3238649E46745018D6
AA37FDDF97F4674634436FA14A91C7BF
5C6519ABFB5C13C3B581A9FE90E160FA
CC1541844A18A6E5032AAF291D3C0E43
86975704C9C423B7E4C667B805F567E0
348A9CCABDF57C054857FB00018EA492
DB4833CBCC267A8AA00BF8E3A895DA13
969DB68A01914B1FD7B8EB5A21740CC9
AEE25A62D287AFFD1005301A00AA4D75
E107CDF260CB2062C56A4FCEAE5B5712
7AC8070C29F75D4EB4C86E9E9FC078AE
08223DE6C0AD0533EE25E705E5BD0D72
C22A116014FDA9D15D6905BBA728839F
461754ACC772E8CC009A46D9C1CFC050
CFAB52B3AC3DB16FF4E9899C0CD59411
92941A734708AFE6D1AEF583D293069D
E1B20AE50288CD312B17BC3641E3B11D
F272F7C468677D0DDB4A5F5C4F16DD96
808FAD409E8CEF47AE1AA065E05A21CE
C88E8EDB76B4F142487B56C49916CA75
DE5B02378F9BE23CF5BC28F4002F9F69
E2696C5590BA5F79746B6D0808E14A63
529D6F4A836AD7A295AF054FC9D54F57
9F5E31DCDF5C33C7429FD623FC06C798
AB5184F8096803B2145965BB88A13207
64ABD9F6BC7DAB16CE67EE2A8BCDA29B
42790A959FE2BF00922EAE4F29902EE5
B77A6C312E82E2B55E1A69C73E8A71BE
63D376571E2A89D5EB21E71D2490C1B4
D9E07676B5424E80B9AD857B975E6EE3
A1FA3DE2BFD69DDBC43F5693FAEA10DD
C20020F4F92DD039518ECB899E4B1C93
EF04CAB1B392DEC7BDDF6925F022768F
96A077B54E0FC0616EC056F3E06E1E08
7DF63755F6AD8DE7B95AF5ED395EFEFD
89ED43E0F79652616B9E3689875B0004
9F497858F31AAAF7905B08AB653FB45D
9AD1CE7F1693461CE5598C310F236FE5
D232416AE8EFB878287F5D040D7E9F8B
FD7EEF2764A8BF4110459BE537839E9D
0EE5D44F0C1690B4E0C9DA5F8B6A3619
2401BE6BD28B3E7516663986DD172741
16A799F3B69719E12F2E532A78EF6AA4
334D888732C0565F832D5A63D339B840
6CA454E666FAF1A9DA8E6471779C699F
A8E854645AA026C9DEBB03D42A7C57A6
3B067A449181D3C036FDC759115148A8
1183562A736F34C9909B461FF0A0BA82
23305E22EA3DEBDD296D910781C306BB
39F6A6D2ACA3E36701FBBEA63F0F5168
5F26EEF8EA64DBB20A9A716ED08B62E8
5735E614FD1AC364BD5F70D607F4C1AE
CC3878FB35F9AADD04718E845A000C1F
08C752F7C54DD5DDF9B29A895DC0CE3A
481CDD657FDB6CD208150284471A9633
2AB0703C809E47A1B3BC99438753C9E7
C38F74CEA7DD1D2FCF3003EC9FEB3BEF
62C43AB97A280D29C1BAB23F9691E019
635DE347206A9D6E83B5401360D64948
6C32E8A4D3210E3F8783710440805D6E
3ACECD917C5AC3DE263EFDD3DD8995C3
55A3B16DD4230471B1B1AB599B8091E8
14A85ADD980557373D259AECCA4E58C8
77152E8C85B177F42A5F9F1986114EFD
B65C436A51A09CCC5F236A8F96A8AE0E
94E55F6B88ED332192581D1CA1DEDB2B
5BACAD7B7ADE0646795F4DC6020ECEF6
2F7314B02FC64F260E4F442B1D94D8F5
E5FDFDBAC57779E7593BE895AB7E6C0F
0E30059D58F9D74C7330E038910DD5DF
B8B2DAC6DE5188B1A039EC8D76A9D177
BC36AD63EA84A7D3C339747A5428DC59
1C47DB941C852B491F5BF38167BB5588
00CBEC67D1AE8059459B0BB2CE00A36D
5C967DFF03EC2CE8301FD6A57BCFADB2
3F79319E347BEDF9C660E1A2A0E44511
6147A02E2C28DECEB14AAA97D7317140
F61E70FCFAF80DB63D4EE43D24539838
D3DA526FC46D5EADE8AD20C1AA548D1D
E27914E244A4F166CB15F65705203C78
5069D761D171346EBD458DB86005CF72
BD007AAFB55DEC1787435D7C851EAF28
188BD0C082B9CD7FAE8FE3E7F085DFBE
689D2916E95D170ADE509CEF283C8CA4
EF16A48A1E124E8FD173B0AE071DB0BC
1D443080EAE5A93AA1BC2A9BBC5EBFA9
2626F9149A830A6275B28ADF8499342A
7A5B2C5C13BE0F00D754BBDB846F4779
6DC305A59EA22D33935BCB9605D4DA62
55E99862FF5F331C3F0C5B6BABED04CD
5219C00C63CA95481DA8DFEF6BE48F00
36C40A621610876AAC2EE372597F23D2
116807A05A0B21510CE4ADBFC1AD5765
BC851D49769C331447DF0E6225C58397
6787F7309947B5DB2306DA33B3CB4668
6319661A0F77B3A7969DC9766E7021F8
2C9277669D4B71AA781B83C7E39F3A1C
3FD6E2104A65607B7F9E42406CB73DCD
B57CA18F755EDA3CE8E477C641D3B61D
767145CF8E00B48DA16B5C0094BE5844
2FD79D31D505517C193E9FCA98F30355
6CBCD7EAAADE9473183C60E8F402F73F
5E2C3FFB19A058715DED3C9978B230DD
D6FD9ED8E49E0EB3F68AB4E5713C9839
B38481A5CF36A700C3DB2E3F6446CDB8
D47AF309E093D599B15929DC963F87B1
3AA0E700A978AA674DA667B0C380776F
FC07FE7AFEDD3C564B36F152928E542A
0FAC08555080818C5B56D86B07D426F2
7326486558095F5780394F0773C1F313
37231BB7ACA327ECB62A8B13D4C80E73
360E385FA2BF3104FB5B38DD7C5E4697
140E2E66D06845ED9A768AABC7CBBD65
DCD0761BB97B4F01574A164992800E07
74CA85DAE6F3A3EB09B4E6AF4F451702
00135BB02761705A23292BC0571A425E
AB0124DD33629579666D8E0A2F9C34F1
25712A6E4B1AE52D715524E7CB3026CF
AC0A21C1B6B110405679AEF5A7E87C0E
4A0CC412DFEE12D3521890FD3E056657
2C93F60DE1FDC3A62E85C8E28C939664
C488015A6CD719E043576DD8978067D7
BEB5B0884871E70E248EC95D211E4207
D4546AEC2B020B38DAD84BB6AA37059C
739B1DAB9B80774A03288A29677645BF
7D0A2585E97222386928A9103905D373
5B687E03D6DB0EF65EECBC3E850534C2
77438118292B9AE84D2CDEF14CA66746
C82F6EB8ADF8CED711A658BD78CCAFCB
5E0D0AC190D600BB68ADE60A0A84BF91
F6171C5B69DCA9C897D10A6A559B4B6D
FE8FB1C100D6CFB1AE7F4FEBBCD18250
173E18EFAAA4814F58449D055E2C4197
6179C213DB8F2B74F778D4A042202EBC
E934B0180BE1CF79E1B2153264257AEC
8EFD77CE239BC6B893F452212D154A49
5E2E8394CC7A2C2A76BCB6EE6ACEEDF4
595E0E9ABEC79C91637F0C8C8943DFD5
6E1E53AD70EC72B074DE07D95423430C
A18EEF44CD2D068CB1A3884DF67F5212
3C828ED4A63BECCEE4E46152DEF55534
B9761B935E8C630CC37084F321D18F17
67CF315A54B281A07B09CA775AEA93C4
6BBC89B733330F777F3FC873A358D744
7339262D2423BBF8A2CD601FD64E8509
6741F4B83C977F6AF48B6F55F4724597
0591988AD9CB2CEFFF64DEE40164AB87
DBA2E1636D6C5E8CDDB1B874B5B1CD69
3ED9187E8135431707452D4B787B2A2A
14B3895AC2DBC41EFD170492562D8E20
B9D5C26D0F8EC859E79D756D72992747
CA7DB1BBAE718E47F6B25887DE7E37EF
AC01C28FD2690984FA1FB3DBB92EA17D
276637F3B1A5D61C6132E8EB1B29D338
590A125EA88A8A14D8E702ADD8D98BF9
93DA4976DBE6BBE028D6840C0B13AC7C
C93FD82CA48BB23D51B57A5FEBC50FA3
074AEFA29CBD91F00EC42B6E170DCEB3
90D8292808571CD382F12414A6B90380
966EC755FFBBBD3ED1331B66FFACBF3D
9D4FE84BADFFCE9A0662B644DA253211
24A2B100F5A95D02F74B88F609BED0A3
4BBD327AC6BAF88C8D390C42C9916813
FD75EC84CD35E99EEF11B579C1876543
5A800FD7249F5E9AA86AB558D3E66490
C80F6717329F26D36D0FCE300D8DC922
33718B48E74109951C12DD9370775107
6BA7EF925E4DC4D6F71E363AB2B91B4D
5ADB9738E703697C0883C485C8333365
8F9A407136B63E54834F7DA1041D1E8B
6B9353177C30B6A2CE86909EA2F02F33
8DEC998DB255145EA79D3E355BF3243C
1B2C8EF3D7DC504A9801609CE2A004CD
2D9837CE9FECA0C5FB3AD7B825DF457A
E32EA3CD24E011B4A8B43B21F258B6AD
E656719D53E8F3D89654A93EFEA38487
FF589745C3E94911C95AB195D883FB18
DA751A24A4C4ECF3932BEED7D09F1489
BCF3989523BA23F393897A91BDE7B3D4
E6E46638034952F52AFD0CCEB5453B9D
5265DA75591870232112238C7AB7B274
ED332D8E929B30DB02520A712854F795
1A8D5B58CFD7A2EF759012D4CC24F820
BA32F8289FD3303733C748F2B4DD481D
64EDF34C92B41E8F52A4D994BBA92003
924E126FAB3FD31CE0A024B7EAA68706
EA4389B2B1C9BDF16C532DE24CC6A4C3
9EA684393543AE001FC6AAE129D5EBBC
BA4CB916692525902F1CE63A499AC8EC
A5849720A1E3D1323C95F154CEF9BB7B
95FD4F5EB0A1C96CFE12A71F3B3C5474
AD54497BE11363F3A3B2D714DB5A4139
C2EB8C10CECCC026A4707E28F4365380
67B366509BA955C1A9CAC03E56D9F5C6
0A2B45E6B14314B15A911C9A3077A55E
22602F7DBABBA3859DC170AC53A205D7
B0551D7103B1FCA4469C86311289261D
08C5187D81066A0991DDA6329E30F72A
F5CF5E46C12DE90020A610BFB05E6592
FBEE362D8205128918EC223C9A7AFB59
A4C084BF4E8C5DBCF8C8917D0595340B
FA09DDB2B4C2607360E36D829BC239DA
06AC3ACB16007598A6AE1A46E6680C5F
A7CE26CB88A308C78C56A18A0587B679
FE790CB1A34963EF42F7770C9D24FB58
1EECB4C30C8213C52BE2124E5EED9A42
F9A08C47E51BA16F0C79A098D4B041CF
F9CD40E0ABB39CB000A8E9E11BD3FF67
4DDE23F50192075D99A003C4DDB8BA24
3F1F874DCB9DA53811DE2AF613C09687
1687C7F7AFF9A02AE71FBE84602F6003
90C7607A24D17FDF96F56F26C2E1BED5
7EF079A11B088EA6F3BCACB8FC681DDC
69C2FD0FBACF5088851850ACF86EE521
56FE719EB7210DD6DF1363A102E85EF1
EC2082624AA23C9C6210DD947BF3BB4D
8778B4079AB466E4DA039E3C37AABA85
9D551F0A51A634AB8AB53CACE8E96EEC
DF5EF9C44791D119C930EB959666EB39
BE8828F38B1920FCD57A99EE16EE642D
B3416720C7F84674A855916ED7109B14
8D3C82929AA3B50402B9BD269C215B85
328D83131184C88C86F230EAB147DF7E
CBC14E59E7980FD82CFFE01B34796D10
746026D330A1B9C23818F44EFB281B2F
23FD88D174A02F67F4D3CA7FC8CCBED2
C3382CFA2976C839737ABA949A3A41A3
D49A01DFFCEEFE5B6A6C608734393354
5CC72292E42E396E44CD73F802401394
8077440D8722AC94B0850E5ECF4603FC
234C7C58E84CFE7A18152F3A7CF66327
45F8D2AF7DCAFF824C3FDF808FB89598
CBD1230E431144BEE653035C316180E6
5A10FA1A8CD33CC54A36C09816EDB117
017AF73CEFED7305C164C06B74992133
106CB7A85C9423A03456C3428A573EF8
F8230A0F291829027B99BF16715D2B0F
B8BF73386AC7B03337BBF26B1DB679E4
DAB9D2C5F36C9703766C19DF9C04DB2F
6877889F19B84B687E47A7EDE9E1B625
2F571F699DBAC3A524B062A24110C475
21710785F553BBCB4EC73265358F7F85
6C823B980AF54EC5047DA55EBA7A7453
7C4318E1B680A734A3976D352C6285E0
F4FE81CA9D679556A702593541198181
219F8B2E6CBFEB0D08F6E989DBF8467F
479A541C9B7EEEDEE9785993AF02235E
8F6D6133F536FF06A7705D0310A25F2C
7EF295899911878AD554211C9DC4F0B5
1CC63B16FFD683D91331678F4961E1D9
ACCFF4A7A69BA4A050A2CE07D9D95E20
23CA65EDFBC5894B7403F29819C3C51A
C1BEA788809DB6C63CD7304948C9D122
19F588D11C81E2357D59CA5ABF5A285F
956DC95DF0901A4BBC2940E30F3E749F
E5F8ABE3559F4561EE72A859C1CED5FA
E8E74C868581BE08B6E3EC44212C9D15
E71C46B5384BD1826878EE77D8CE7FDE
47748FB480D8016948B9FE1B8795F11F
0F4B9D9EAAC33893CBCA21DE4E40CE7A
486BB1828B749E5753A1DA6939E203FA
1EF0887152FDB9504C790B2A5D98468B
774D5E69FB6F1A6535A4B8913D414A64
932FCE58C4632EED9360F9C6705F8153
FA9EE4AD85A36506D29C88E99138AE93
9A870C074CF31C3BF0040F206C44C2B4
F54D6A948362EC8F5C2C42C0BC94D719
C18F3B9168965FCDCD7457C6EA1AD9FF
683EB7DB4D361E06925DEDB3985D0155
16DFC34CBE2393BC68070ED2292C3435
B69C2AD69082C060E0AC97DE3B11B430
CB727D1D1DD1AAF5BDF1873F563154B9
96300EFF08424296DE8D9B92F8FDEE71
F2E0BF51E5404C5B57CC03231770051C
82555E9AC4092FA5F465C33F20E61BDC
5C8F0A5D1BE69B7E2CB5B4F611CD2272
1AA19F14387F167DD8FB5011CC2A3DA1
FC7A0525853D6AB5024372FDE2F95786
51176D806885AE3E562B90950392A191
3EB1C0238A9BC0AB775E25D6EFAAFB59
D7F62E6F98E8D917B258A03E2DC4B69C
5FFA2FAD059DB9C34FF639363571D665
AD546D5F4ACC89DD0D4FEA24137D8784
684C51E348B273ECD580421BF839DB7B
6803FC41039B0353EF0A0DF928F2D9E0
5D69E9FE0F01F633A0AF157A59FC1AE3
466381B48EB0DF5C939E9863EB99CF46
EE63ABF9ABEAAEE982BD2C08D4821696
29D9299F66DF4990D92318BCEA7F9448
3C779508312425CD29574AAFB4C193CB
2F7E6F8D69BB8AA0107B0644447AD71D
EF65F77CC60B9B6F0B7105A17B9FE583
8F32D0B7EAACE6C0C4194033D9682803
0861465E35ED12E18979DEA730FFEDE1
E9EA6451A86291CB4DEA0F9BC69F1058
BB8CE6FED3071440BEDDEF08ACE2752C
CF52EE4F84B36CC458F1BD6F7B8556CB
BBBD4AFD0BBAA227752F1203C00EA197
0EC81F7DE008963BF986A3133FC5F6CF
365380F66B444BAA6DA4871868BA032D
A395F025CADAAF203D2B53D91DCC10CB
9CF3883374C41468892FFD2D93DCDD6B
A40EABA56FEC6B625EDE57C9304363A8
90A4C7EB2F79A8CCAB82F7048592F21E
07A2B3A98A2B490380D9004287E23EB7
96D28BA34A2D31533B298ECA075861AD
AA9708F6815A203B4D1222F19FAA24CF
7450218CB522F1056CB47AA4D18F4C94
BE4CD0EDED3B1C93D3B74CE81A75A55E
7102FCC9D9FFDB39FEDEF774D1A1F791
732021FD0DEAFB9F0E3C092BAF0B49BD
0C0EC410DCCA7E85F0FA1F6C0DCB8754
BA2A6B3ED3C4312BB2D53D1E3C2644A3
D6F2E63459E7CD325B82B96A9D9C4FF2
01DF11D5F723D441FAD63B06943E3457
157C8E173F48CE7DE3CB822D6E8DAC42
360F5C875D862E0BC407A6E20B437D2C
5D79A03A6DAFA9C6B7ECA0A7708782A2
3F27BFC806EBE07324225BCA76FEF431
161BD92FB16FE2003D4CF3E752FB367E
007288270E3181D355AE8B3FCCB8F299
700DF12AE641B182A1725594C65B2D5F
216C9C51B172078E908AB32A7F957456
7C4CF2AD2E1CE52C3D27E2B2E9475513
0296C859C4845F73E84671031FE6BAF1
097775FAC6B554F059CCDC98EC27F9B1
7A62BF296030942ABFD70FF9A7266A2A
FA7E7FB77A83FCF14068B7582B7309E5
F70F7B0C6D81845AEF92FA8CF5C60D42
93FE9ABB051FCFB20BF8238CF8D81F92
9AFE3A6ABB9E3A76C8B45BE8BF511A47
DB24855A395C2C0E1563FBC916DF226E
4EC4B7F719728483A283EF9D0A2DDFB9
7753D8E16C650AA003A0B1EE476928DF
4F7BA66F5246F8520CCF00F206BFA793
5DE4F2E9D2C1B0B08060102142C1AFD1
E80BBFF6BE43F44D9DB9B8CD9B370CC7
F07A82B7F5EDE580882EC38490FE2986
7ECB1FC5516FE4A96F8E1610DE5AB989
A0EAC5D45C3DC762D600A4F1D11FB5DC
C2FD602453757106389CD8581E0543B7
A679EF2126D9CBCBC639FE151B6B56FB
E134E1E5D711CC78106A8904F7FED6A7
8F5D5F22DB43C535372EDFF718AFDD4C
4F09B65F0D3CA2FAD22B55186D46C787
C05C9EA3D6ACED0848832EA8E726E14F
CFC37BA04A644972644240258CC17B9E
FB97970CAE58A367D0733D8BF65DCB88
93A5787FB5C6E17B88107978F91D8295
333F5CD90AF4915B110ACDFCD8772D73
A90BF8DDF190D7AE0A9800F9C021A0C8
C12C76C524837EDE29BF8928760A70BC
D37A668EAFE05134315B128B4053C85E
4E6895C98D95DFC3DA3388522C1C9945
C0092028BDD0311FC81260DABAA47866
3B9FCD86C4F2F6F50D2AC78367D9CA38
58D7D30D304193739E8730AC7120DDC8
97157576B6BFFCC7166B656EA4AF726C
947AF32E981C79B0D759784560B67245
6BCEC13428D51E8089E65DF02A987AEC
5E9FBC7D321231551B6A23BB41CDC22D
B8CFEFC9FF1A258845A4C10E60B055DD
7B91E2BE989639B5E8334CE2DD7D4C37
E214B29FB96C57D5474ECCE53126F8F6
AF85201B6F0A7EF1A9AA9117FEB5C0CF
6E84C2718508002616032FD4E7010A6E
0D0BBB0EE4762976BCA3AD5415A9F839
FF10B66DEAA3F31CA1DCBACC9DDD47FB
60F81C9D420FA9E6894F0949A77BD2C6
FA7518D068E568012479BFE87B7EDE38
8AF3A659A93DC916207E4B2796DB0412
E225A2BAC15CA208BF507AD828149FD6
ACA7DEE774C734B3C6FAC5016C1612BC
2F341DD45A4D57870FB9AC2EF8E96DB3
36C7A93B779B2CCE3DD19AB4A0155D94
F4D942B314224CE2E25318FEC7F3F044
EBAC84F20FA1D480292C6CCA9FC1728A
BCB96A3E9B5BFA10E34FD8BFC1ED34B8
E84AA1F1596898183052BF0D81194D0E
664525566FC7ADCA97F2B514369BB900
799986CC66AB8D61A2EF9B715F8833AC
48DA447FF8C97F579119E3F57F2B6BE5
A4C124834CB94F576230E4AAB3330694
B6A8093CF30C17948D082C8C027A5EDD
F7E3B8E2EEF845D7450412AF4ACF9736
92C332A2D6BB42F4C7F59FF641A9687E
A2EB3815C41B45D336272116D75056A0
CB0FD9589B3914BE8D4B38F2599260B2
358BABA150A2F09E065646CBE7DB4FA8
43C63D3A8A1405CF9B97A8E7DA030730
88535DA01B6A35B503FA0629F7915380
303633F21317CF287D55B7F8FBA07D45
73D815BD5B01089279B9F50EC37B4690
BC29F4E4A7D43ACEDF7ABA064291DD0A
BF65765B64F5D5026332BAEA6639F989
38FA642FB996B358AF27407101D80F9D
63A80392A2C880FC9D579413C02711E2
F87B252926C0E0C8C9DBA70DE7DDAF87
CCB15D969635548F9B35DE86DF8B7C59
D0F15D273CA51B936AB02873250A5507
17710A8504646E6D72CE630C4BBA8D0E
54B63E1F634ABA5DA11C01562E478957
12422A93C396B537DA42AC93862BB0B8
0B82481585A8A3F6FC2DDC5439BDD0BF
0DF98A073000FF98FC955B55B0978FC8
6E649B25EA7B620455D60DE8F664B053
12DEDEA8A924EFE1B42B3644A6471D20
7BAAB6D5744FE51C62CB178EC42E6300
0244F0E9E051742B82EC82E0A23402E3
B30EF176693596EDD54816550E50CCEA
196B05C08C28CFC0F0DC168A492E65C9
4E00A583493D45A41F2480E28A24AF22
A956FA08B54D3AE065B5160A6F9AD2B6
C6B5C769F9AD59EB17E3F910F4ABD8A6
3CFF5B1CF42790DF2178001003BF7E7C
B049461A85E5C82FDD43394D87D008C5
1072E882C82CD7E05AB4078AC6A5CFF4
0EF8C135B0F9799FB67750DB32D0937B
79732B00334DFD5A083C557B44458870
86DFC3D046D24BB8D5AC2808B436FCCF
B53A7908B3012F76D4DFBE57CA71F1C9
3B9E7E4F6AEA9163A9975D13C0D22784
2CA6A8000B14C9B216CFF17A4FECA4DC
15DDCD7746FBE4D88C578835C36CE48D
B17BF496979AA479A2AB45B5187560A0
60856C944410D77E487E2D95CC5DF6E0
283B108E422D1930BA1F1A2E88990270
50A98801CA965C5635223E00A8D4F0B4
1D8B0E29A3E4BF80B25A0A529DFAF5BD
A822C9058D78EF574C8D8678BAE7D7B3
07A4F28A62159EBB9A92819E3D628AC7
841F00B86CE94AE078D35405EC470747
B9F8751BEDB227AD1B2EB7E36F042AA8
8DA884E973F68F51EF1CF455AD8B27F7
7C13CC160D27B74F73D5816F3BBE0B0A
1081BA4895441F81E75908967E9183A4
7B9E9381B1F392BE1FE3445B220267CA
65441789ADD78B642CFF36D21FC54660
AA24E56D8A95959E522DA91C1FFA4CBD
37CE91A110874764053FD20D0781E85C
66DB991C8C9B269DEFE12081F9FDD1AA
C0072DED4B7A2791E23F01998984DB4A
0F097B7F7C211AD19D3806FD30A164A4
203FF77094166BE7977B736A4F821090
1D37EFB4DB5A0EE5DFC7FEDC450E8BA1
DF9E9D0CC32468B15F3CAAC207831DF9
89BD9E3B56BDC740A9B44FA4E4894253
81EA956586E0B793B645C79406F417B2
73008D791F19C98ADBB64C8826303D19
306172F286898BAB0332FB5E213B91B5
8BD163190DC963B58B997540BC6D648E
7D498EF60822BEE65C182864490C74A8
2C843C47A46773583C7936C86C33314B
5680B3D7B557254C9A70166311DC70A8
9D7DDF11397B6AFDC5E2E584FD5F3D63
AEABE44FF3DCCB9B8683371B86BB9023
8DD0BCFF378F9915CE15C12E53353496
4810F47148D20E5C1209D1842FDD86E1
18D022847A64209928D61513E814DDD7
AE3D5B1DCC204949326C65DA4C080190
C175AB3C71154E13D12964873CBC0CAE
F0314D8FFDCF093425BB53AB55E75DDA
049319C7346F7F87755867D659046234
D3C1F9C0C024F411FF77776C7637B4F8
7FCCC11FBE5EBDEA9855F6C428294456
63C316A1A10F9D068AA8F30383450A7A
9A60F3735F6BE8333376BA2EDD0F33EE
8A69C6EED80D282A6A1AB9698ADB73C9
06D7036DAC0FDD03AF76CD3D3A10A498
CF5F74971523F2CEAEB72DD6D3AD9665
D0FE10CC7C8CD3E2EF5F702BDE41528A
56DDD7CFA3373A763FF690A709DC61D5
8401ABBD9F957D6243FB5C8C3BABEDD2
45A562AF2A17F0FBCB32920A733AC2F8
125287535241DBE5500904A2C275205F
D808C7264BBD99FC71EEE1AB5E6F7028
2225C763136EC52892E2489B13CAEC18
23751B0C563CDC13CE4137CC82BFB68B
C9EBDBCC4300FABD483EB6A4D993C604
93BABE48C17583CFBDC1DDA11A5C330C
10C7BFB7A233A991A87A3A9B148AE522
ECC0595E57AA2664F3DFC7451A99F4DB
23B8AABEFD3C9F2FF79921A8AB638CC4
7EA0C4CF3CBE8945C82C6D3262FFE8DC
C82D59914D177FEB8B1FC6D6939CDFFC
285E659879AB0330D603BB42B718B83B
7A5F09BB2A12F15EBD1A02C284FE92D5
BB493F0D80D9C3FBAE9ADDAEA6309C7A
E2BC17D5E430B753F87D2CD3432B4596
34D845EFC2A02ED7E63A3AAD52178E5C
83FD79641D200EC8FC30F3D38984CCC0
C7E6CBA5EAB3411CFF3ABBC2C7961FE1
AD1A8B8F086EA0357493557FD74DF617
2C13A316F8507A4945B62769E2C9E92D
939314A17FB9AD7F459F70C192689591
629A98A81D3D306B9F5EEC05F6E105FB
4AFEC811FA78B055964B35D711B0C673
192A35143DB548D53276ED3EB3929D80
8851A344F976EE0E8042B244D098E9F7
6E22FB2FC57318BD3A98A92EA7FE8F6F
07424771C6B2E0DEF20A7DA75AD4BF83
EF4BF07781210FBC2B04C7A3D89998B3
D472310EFCB51DD65DDEB9A4D68F04BD
04CBA6144B0AD04699975A7AFEF39C53
5F67CBA0AB46423FF44061B52EC4A560
814005ABBB88794E84441A00DEFFF652
13D86A9BEA36BD29D231B12FA047BBF9
EC1A5FEE5E7E0C8A41316847C9E72D2E
39867AD943E1B6753F54A911660B2863
F3BB95908BA7B0B62683E2F7E6141DB0
C2F9C0BCC5AFB6F371126B85F7A08F9D
41BB997F319C81592FDC0ABFAFDCB6D9
4F3102F5DE83BAFCD069DF1DFEF391BE
11AAD7AC4A7F8A5D7E1AB52F62379789
D8A97A6749A86611070692CDFBA2EE4F
48BA364582077AF22239292B6810D4E4
FAE0D25265CA8CEC43B7A8C0683A19F2
D7D5304860850B17F355E5F110C7ABC3
666E39112BA66065AFF0EFC0AE72C6DB
393B52DD39C283247D30CC95D6A91F62
7C1A80BE8B109E35BB7AC65F59D337C0
2F04D4EA26DEC9A4D190BA8096C03415
08D059A3E8DBE74EE0F426554D93A124
8AA5C7410C53B5D8153C6A931929FD14
7B19A36D172FD2509216B9ECCB5BF51F
534AB2648B901E62D87ED0B295A656EE
E4C109A15C3B180E0F1292F2B086F3D2
FC783D4DFB35EF9CD5CE9EC310B55542
8C138109D582DDBA70487FAFA0A93218
5DAB624A611A99FA96BD9F4F71CDEE25
5D804C2AAD1711C1D5E558C78BE038F1
CC8743F016B925DB021CB2E0914B6FD8
CE16F050E854F90C90914E3A6AA611B9
C6FB5FEF571ED7D712EA840AF6AB3605
5FF5A75CF3AA42460B030C1D04ED7278
D95D8CAF6FC462A2D2FE0CD350DEE97F
D573F82962C79765153385E1BD576B09
86DBC54C2CA83C2DA861AFA77605D2CF
9A9448572F0B4710F28FFF985C81FC74
8B77F98DC21960E245A8C35AE9D0D6AC
E59652613311038C353549427133CF80
270581F83B7661A9173F09DD293E897B
4BCC5A82E2BDE6EAD1D96BB1AA303B67
DC4F83E97880A7515C760C35A24F2ECF
C1BAB71187D2982AC99822F8BD2172F0
DEE8FA461EB0546CC292340503945824
2A08FF3E136F45575B19D856C33B2D69
3986FB0AC9553BBD386EA022208C99A0
752A52E952CF8AB591148BF2DF791441
6F0CBAB48CE4E4DC07A922ACFE8E48BF
C99EA34A6AF65059A661811DE03A42ED
C09391469B5A287D3F435442184D8FA9
C2C3B058602BBE54799508D06786F6E3
00EAB1EBEA6E88B41243DCAC524F236B
AF1FBE87986DEFCE86DB25F8367E0574
99A1C03FA592B40647BB20B128175052
654EFFD640F68310F427D8E9D8027970
A6B8464172AE3A6A9D5A03C750DAF773
F9AF90E3F6206467D51469CCC4C19D93
6AD442440C0416C35DADF275A9F67964
32D3E830816C27CC1420AA0E3DEAD5F1
29861124610E6A51239482C904508D7C
BD2A10CE8B7829B9ED3DE3957FF6D976
3EB621CF19DFD8DA48BB9631C73EEF94
75321762CE94DE4E99A84BE63144B19E
2A5191D2AB73FFB3F7D0458B90442D70
87C8183D99BF5B400FDA136041E0F706
027C084DBB798D9670640AD58EE325AE
54F745470726AB86096DD58506FE9EDD
4AA5AAD30A880951E06B559EC0E78108
F9B1403117B2802F9B546741B323D3FD
92CDAD81C5FE390B3C2103B46C4F92C8
73BC63E35072DFDC04A96C41ED75F67F
F1208BF736D2342D29B0EA52616574FC
490C6977512D41F44A74981E165D08C8
FE4734DFF065D798C0153A04747D1652
F0FC7C81FF57538D833817720667C890
505B227B1FCCF85F9EAD8032EB1DCFF9
92DA5912C1A28E45AA03DFFB9E054EAC
77382F4AC92355F0F66A0B71E29FA556
5196F901D85113E7990B24A5CB67658A
22F0569CAA3BC3714D7B8D6E5225219F
770315B6178D46F559EBF9337620A06D
EC8BAEFEB3FBFA04AB67BBBCBA022738
4A6F8AAD4FA907ECC2BFFE513F871CE3
37EB8684EB5AB2350C7EFCE887B4CD15
A2A82FB407441BD192501887214FC6BF
F79D415807B2D0BBA25804AFFF8B4336
EEFA5F1E2FC8CF35161672345AF096EB
306E7F25FB8203D2BA3476F52EC3CD79
2308090D0265FD10284CDF5D4C006CE1
DD2D44310CC1235CE17E5106D63AF4DC
71972BDE92E1651ABD908FD630F7ED1C
37041A19B250278E184BD3F40C298741
0D2EE7E7C391605F5AC0D870F913AB72
C1F34D506B9C67FA06CE0ABB06276EAB
E4E4762BF904170230C59C820AFB15F8
1A115A2A1AE0F88A3529C39C800B7C1F
D8EEABA08759EF122ED6F0BA496BEC11
A5BE67DC8C0875B75E338C0C4C539E0C
8BC781CF0D3825E554DE18F8AA840795
7F29A08E486D0329C8EA8F0F6A9FECBE
AA169A1E122D7149AB0E20EEF7C03819
525E11D3769F061CE39D039E95E44343
87139BFDFD1CC79ECD2C4F2200608F93
BA81613F1779C6E717A1C2C4430013EF
AA5AC04E821156BB7EA3AD788E4C72EE
75B3A3D6826E9596D44523349C5AA61D
231E162584EFCBFFF1A94CA1BAC1CC13
D7A5E40EA2E659BF554CFAD10F9E0467
B87C8AD6EFF0F5BCBE466D2BF67F2CDB
750ABB2068DEA09C2B90CC58F5FAD395
EB5DB0267C72EE41721B3416177CF228
5093C065EDDA296C968B9B8C30334879
0EC6C60FC3C60964B84C4CC0C4BFF298
779B332B54BC5D22EC67AA956A7F2CEE
C6C379E73CD19461711650E6CD72C7F6
1064C64101C1EC9E7820C9B3B0330736
1428F988E1A3C24F91488CC2674CD324
9F5914DA5D938DBBAA1948AD8109BAAB
FBABC4D06EFCBC4059E2AF49CD1099FF
3DE78C312C4EAAC83D8FD12C98D0E546
1BCF833A7B8570585A63C2EEBD85DFB2
7F279B4F7C374F87B219C33F5B213585
79E4476C573A13A2208729FE0CF9E0C7
E05C1FB06BA269F5070D0167BAF409B2
BDEF4690D12B3EC052BE5205F517BFAB
B96FF912475CB2ED9236D5F97123E815
447A983C2386DFE7415053953727E1DE
42939C8D6404D897F5D49353500B56CA
CCACFD12D103498276A0AE373BA7C493
1CCCB61ED18A791FD6FBA308FF9A9A50
0C3724D476C82CADA9E85CAD93049CA5
9530703D90D38445082F9A1029211BA5
08A0BFE481AAD5886C82DF53EBFB0812
7200563487EED4FCDD4E700AADA93EBB
43420CCC5B20533DF4A8E20EFCD03950
178932981F0B9673FE87BAA37CA429DF
3D6CF18EE7302698DF1DA258902827D6
A3F90CAC714E48150D6ED4D295E87C12
AF2BCE51B54BC24492079EE6921B21B2
09BF9AB422DB9BCC6CD9DBA629A37F24
7CF3BC4B6EEB8BB01FADA077A2719A50
26382351A9D22DBD02BC37855B4219D0
61004D942AF81A303FA09D6875251C8E
9468366F68AE887BCDAC74B482C18ABD
171C927B36993810E4955C04AEF02299
0670F3145C895ADCBAF95B2F440B69B5
17D8AE39313E791C0E9FF6EC8598463C
D04BE3AB6529E64954A033D490B2F4B0
E75A925943285376463A458A260FF63D
56526C4D1D228CC7260C0CBBCCA9A6A9
C90008208891A1B0CE70B765E032605C
AF52A75546C3805336B43FFDF94FD255
31E4FAD4F558EEE922F12A08C176ACF5
ED71E21327A4CBF98329BA48E4E339F8
F0715BE1439F45F538FA05D610E4C6C1
F295547B5A79F2451D3D47589F50C93A
DF8B243BFC7B64C99928939E01F6C3BD
AC2927F82E945F06014368F9F63C3042
6790564BC55C5D174910353016B691AE
9C6DC026B7239378E44236F7CC65E96D
04A3C1C0FF209AD6F43ADBC344138882
D3FBE8039D894BADCB53DF10BAC159B9
1F9891126C196D140FE4398A763A730F
E20780CEC7568CC117B51A91C78A17A2
B4B229134AFB9B389C1721E828C45D4A
3F1FF31C161FD27A83B770D03DA125DC
7AA90C85AF643B3E2127D7AF87B027B4
AA0C1D10C87E40FDF4F0535EC5ED4767
F29BD3067AED171E0A277A7880921AB4
9BDC9FC7506A725FEADDC47615D6824B
5C2F37217ED178B5522F7E4AB4B4C880
076071E8532DBC63F2660DAF0B5C0DD5
0EF20040B32630CC7BDDC511DBF1AF40
0876E77B0AB8FCE280C213C4D975DCEB
C1F3EFACAF10662AA24A565F12FE0298
3D5EFBBCFB31ADD95F4BD31132787BE0
0F18A90E3624C730DC1E0DCCBEC20F14
CE5AE61405CC1E89BCDEEEA7822D7AFF
BAB29CC010C00FF817AE9733B845F594
0534979B3686F5047D4159768FE2D82A
03C1AD0AD3F9A9EE0781351C3A234C47
9A4F2E4D0B259E48C8BC4DFDC7E6C9EF
01ED5733E955EAF93A3017D387B65FE5
E593908E6D1D545D554EEE5B4341C2C5
D0DDEB0CB696B77F5DBDB12A1091368C
78599D7D6ED5E0E56858F8B1D732373A
021D6C55BE445F63AB1E5E8E250183E5
BAB23C5E5A223792A746EB4EB34257DE
6F68C2E67EDF566C25B10DE491A2F7A8
A86D7CC496BAD6FC0BDA77122A9787AB
302EAEE62D9BE0EEF5FE458F43D550BC
4382A42D3FE75F5C9A5236FD40273D21
75154E11E06187B2CF2031FD7FAB6E87
3C58FC3AA0B887EAEF17785685E24ECE
E5EF98860885BC0FC4099F256663E57D
986CE4614165946ABDCE22B31C2BE655
FCF5340F519D6DD3A90D535378FB8E8D
C29DAFF6EB81DE9BD782B7CB8B67F422
6210B92AEC286FFFEBC7EE13CBEDC8AF
D39D253CB3B9C5D3CEB9EC7E71316678
5AB8D744F5DDEA92D79169EBFD3C45DA
E9D156300D4E5653C62002F13776E94D
6907BB8D008667A6D914B379B72B2809
93D7F44B237BF9256F981EF1AA5ED365
80127A14007C44B627202314A9D0513C
11597C9AB072D7DE05FF340797DC235A
E5FAA8FDDC5DFE54AC52163579995111
FC51C897CE80DCD25C3EDAF0A45B98F8
C44FF38160AE03ECFC1204B2D3D241BE
650255AFBCA0E379F2DEDACDB8E0D696
6BE8E1BC9B0230106D13DBD227C1CAAD
109FD3DA46737A503B92DF616D7C2214
26E2BBC0F64C923AE0C3484DD796A41A
B2C41D30D3C3EB2A23AB40C0F0E5C5B3
3B6660DBBF130FDE0AE84FA050D2DC58
0158640E4E9C5797D9AED823C38EE76F
1AB42A5F7E6E74E0720311A7622E2A5F
A071987D6ED2335E3F271DE1E14D82A9
662D0B85D42EDB3945ABBDF954412DFD
7AD09BC5E895BEFD261FC653D8115DF4
E26F76EAB4C1DEAF4D4F096D6A476667
DD543F9A79F666A17E30B04D48250A78
4FAD15B97DF1CDC0A8BA2B991D52AAD3
AF447E4882E7E71460BE4AA25F6339B5
827CE91D3E261CCDBB814EEE2BD07E71
74EA51214D750A2A347F5FBBDDCD7F42
924813CF0009C697F2E08F8C0563DC43
82482E534D15C836C85BE101C4E3A4D5
A5B4E53C0F858C4999D3449533351747
E9798A2792E5AC7490DA8E4C3AA2B3C7
4C0BB9F64308C7BBC6336CF51AC335AC
5BC59447BFA4AAE55AFD8E1007648E57
C32E94446F7F57D6B146E342431585C4
E57B81FCDA5C9493AA42EDD4F22621CA
35E05B23F86C0AB97B96B5BA3E29FB52
993075E08A9B03C0CEC7FF92FD3B4056
8613757FFCA6B71358FD8559C042D58A
EEB6F81038E46EEA7680118D1060CF76
BDAADDCFFDCA32F4822DDE6938206EB3
2B67E13C7AAE268DE0945811A111A431
7B34F309F54EB64361FB83B35C24A8A5
8F9B5F8F3813D0B305BA67D549A2D514
543EE5113FF5E13282BC362129918AF8
65E1CD43F9F6F3F689425B9F5DAA1F04
9E717D3F195A8F671DC57032DDABA7F9
4B1CB7684F3EC1FFFAE26FB8C2EB1484
94825624143E60B4142CF42638D3C17C
F1F9AE1B91A68BD8530D9C331C6C7F57
94C3A2D899FC2E6DA2E05F3E59A68348
735660496E80C88322F1E78F1982A97B
72BF837B8DBF33E652AA6026E1DAE0ED
FF496FA020F3DAAA1ABD41B6155E3139
44C4EA410BDD2D86D429D3B13015AE1F
A50E486E8BF01632C5FCB52D95576FF6
60A92FB4063727F505A890AA8FBC1376
6AE81297FC754AF544F5A398FB6C2CBA
C8D331C36D30A091FBEA5B894CC4043E
CDFA46CD308395107468F3A5E1CC9DA4
082B4A83F6EC428D37CC7C65B9228677
DE6941FC7B868ABFA32D2B4DF871DAE9
2BB02234723720BC9AF7F6C6A07F7720
A533D8F7C5FB4E3940A6F2B06A6BF0E0
2136D398DAF7B543D834B0BCB07DB703
B26280E8510E0F0D05575C5E6583B2EA
B0D069533B3F697E112E0C3CD4431808
48C3BE9AD0D5526C9A601932C7B6C15F
C312FDB4D89C30ECBCF7BD57B0973453
88854C170F2F1C5D283A406AEDD86323
ACA57E42147E071DEB16C9B1A7EB5A45
195A1762A6C6C736CDB9851F124906A5
224F6B2763ECA0B1A7BF131858A9C872
8FF694961172E7A62137D31236590C3B
3B6EDC4FA7815D2CE6A91D04C9D51A1E
79BC89C8786668E21D783EFD4D21853C
8D078C8E6B12F46D5DD076F257AC8DCE
F9EA4B0B70763613D84AD12ED4E70F52
C3D9D6D88F97D38B77FF6C8637FF705C
A54A5BDEE6AC8E75487539D5FDDD4888
6B0F75D054F7585C272389D508BDB265
06E53F96D727A1A03024DA5CA4FECFC3
E1FB0C3EE8F38F0EB64A392512738214
CD10CEAC26BD701D8449ACEC6E4D65D0
BE631E2DAE0C765954DAC921520891FF
3EFF0AE9E1A86955C9FAAE362D439D75
4D112C6EDD8C010E69342E28CA83C114
B659804012B23C410BA59C401E636C07
B01950567DD1A85FE55B7B9B8CECA0AC
2F983806BE606C2F705D69CB797BAF69
77343E105B4E4D5E070A1399E3DDBA25
A2B2F2E6E71937250EA5F41C568AF566
EABA44AC74B268C05502F5E4B681A69D
2554613833DE6823E88BD511211427EB
D74DB159F64FF9EA7B94944BC6BDF2FD
67E354B25B9F468ED1B2AF3EDDFAC50A
8517ADC9B8C231AE5DFDF13980306C10
871A301B83767C7E756767E2F44E9D72
10A93F0E0B16880C00BC0B4BE9D39270
189E74FB7390E74C5B5883DB1EDB9951
0B01B1061403F42F8E59FA1B07E3B480
14020DB4C618210FC8CB3E7A27CD9B7B
D284317162F487032A85ECF94F9D2720
F341200F10836E9368276178A7B39A11
CE8F71907867D2EDD744EBBCDA30DCE4
B437FE3DA11CE58B4F77A378161432F7
CF8184349D92708057D88ED225277150
2AE3D261A5EFDEE90829D2176081CB45
4131503B82876B4CECFF89ECAE58564A
CE00B9711741CEE47988B365FA1BF8D7
FE7968D8808C9B50D930FD32C38F2E88
25B9C161C03DB89A631C284D01A40390
9C08EB68055AE44348F526AFC2A3C8F6
A273CEBFB486AAC0CAEDDC9B20B1C647
8D03E7E930787345BF3C32A476B39564
9D5754E8D4F59BDAD9EC57FC697F0F17
4AF60B5EB55195C9F6F5D04011D9D9EA
9254825EC82031FCB2AC032E0D8B0AF3
D411D9E27AA8F063F10181F1ED200BC1
EC4BE91B247D5B81B1231C1E0794C2AC
10C92D67C4D55023E5C6E4737F1F77BF
90142710DB0A8B5340339AC7DA0C08CC
490DD293784C15BA98E07C9CDEA98C30
CA1CCD1873828EBE0E589CDE1105D262
CFDD6B4F093D179FAA4667D9D208D49E
49B2F959A575104DDBAC2A8EF35C40FD
9FF9754945AC83F9B05C6ADA2BC12D7A
60B34708ABB17AE927DEAA544C0B68BE
F141A6513E73609EA198067EAEA98B97
4F5C9B0EEF138A283A5E57C774649909
99438803940BE813891205122A0DD3C0
D1058DA5BBAA9CA37A5C12F5700BC0F9
BAEC55E095950CB48D3B3AB93AA27198
E3C0F6A3E9CEE68C10E4DF955B192D21
926C6BED7CC16B0184484B078D3E1EC6
605E01DF4C19F3D97659B390165324D5
DEDE7090E7FC7ECE49C04933AF799B83
75171F84E381E729199473A61800659B
5589282CFC0EE0B70F9D381B8AA6756F
6E3EB67F997D1410267ABD1DB4B40D86
F01CA6182F4658C90B590B595D3EAB23
FCC370AC0397D987AF01ADF381B3E20F
C793D5EF89CB039FC8CB63F9F8F2639C
6A536E89D0E225B13C1765368DFFB8BA
4E010B062E3E646070CE7E276839C85B
1C7C690AD6D3BA215A2D297AEDCF3637
0A2929BD35B9ABDF14175F617F115E05
0C300568F5AF25AF4B2360450F0DC347
C2465D2A5379C068632EF85969784018
5B314BB4565F5994674A55FF3F22AB76
EE9BE9E7265B92E82D35A9ED9433B0DE
07D4EA547928DA7C9BB2EAAF30C6D605
DCF3ED1608B405DA7CF45E36E9218F16
637851A7B2793966FC68F5DAB6DF6A6E
7A024AE0DBCF931BEE6CB1DB95CDAA50
5C1E17DC86EF314A1EDC8CD852282141
37F74CD1F4A3F0EBB7F3A2551F1BF7F1
F456926F6A597FA14B2807A443F203C0
4DAF1D4A78F989CF757ADA235B48AB0E
C2A897EA94934D85789329197352239B
C19FAB9F7AEE31F706B8400E95463BBE
1FFBF19D796793D14B64CF4026C488B7
19940CA31F7374AE592F41FAE91A6F0B
980737B13DBFAFA7BCA6104B373A26E2
A2A3D3A4E141F8BD1E832A5B0436F3F7
CB48DCC6BFDA0DC4882895A49D18F16C
A87E5514147F720D84D34E47D6FCE7C4
2984D46B1EA57EE4372652E99E30A69A
D0F4E84ADCC99C56220FC9811F6114A8
57644A4D6FF8B20E8BEF6ED33716FCF9
F218B976902E591F427466BD757D87FD
E7DD0F11A2138BA89631FB2288C1C172
F2218FA5D4E810A3B74920ECB50EF38E
61993CB4CD15B707F2FA1D0AF452CC6F
07DC2C38C1743E30AE7432C86A586C45
9DA4B6E6F0415E1F38FD8C66C7131C07
69D8089787186BB009D8496009309727
0A901A33503F19A6F7EB0CBF9955E4A6
8D9AF15D9E96C9CE9A1847F40ADBF20E
168628F691406F205A963785361B3848
3B37FEB92B5352057AC30E01576BECFD
7E0AE3B75EBC6746B7D4E228F32C4096
0FD35C54A81C9D69C9265AE7023E3598
C77F97E28A56AE7A0255769A7B17B6FA
EBB42D1959789A36F00428E28943ED8A
FCF7E9DBE40A1BDA5E4BF7092D40220D
424A230E5721F0229AB76CE474216D81
B435674CE277E860B1A8224EDBCF91A0
B4D916BC422A14AACEFA28E10604D020
514C6FEF7FCF06C7BF42320E2D7BD84F
BECAE88828E79275ADAE568E668DBB43
7490DE4A8F10ADAF2ECF87A79711412B
F466B92935A2898447FBE3EF5AEE432C
C86EA434D078DE1B9E9A4E6FDC97C3C2
6EF0325689C57D768E7399B4ECD37EAF
4F345A3347E54560779488972FF4FC18
AC6B8F16B6A5AECA3ACF649704711B8F
6A3AD4EA8C5141119072E90477057E8F
0475B7C2071BD329AE41364380B406E2
CE82AB0ECF964A92599B4F2D9B44DEF7
94FEC71C7180ECD927F0BB33CE1F0353
4F1A124156886B819CE0DFE48F3F4975
4EC910C81552CCDD7402396546C1B4D9
15EBC4D4EC1E323F68C10146464D5C0E
120AD57F7BBA08529E4D30176F1C5200
D5A0C18AA390CF2A89721C5952AD4CCF
DDA3A82D0752D12889FE4A2AA68C8B46
988F37FE782B3DDC68F5170515BFFE5F
DAA3E5AF6947998DEFEB8E932751B340
AC90C0F3AD48F4BEA0840788E24B9FCE
0923A4EF31A6B77CFF8A5100A68B8482
F5341F75878621861358E7C7ACB8AF5D
8C4A776DCB3A38581783A15A4DB11CBF
A6B17B241727D106CA1A416850AE28F1
6C5A7615CE1B7D081E1DE5CFEDAE790E
7D3DF7C0D5E2C5FAF73BF0BEA040B787
067B57D2C83EC14E56934AB2F73B530F
7A99E8E95B708745D61C3A4FB2F0DE0A
DCB6F75B8E7F5E9F03635BCEA7ABFD6D
D23AD03BCC9C01181835AEC9E71D0333
AFA83A8EDB4EE88A9FDB39CBEF6F45F4
8169E5FBB3177C25DD3CAEE71F936731
C4DB313C3CDC7C0D173566B552F22FB0
BBB416A2463E4D5D2CA0A0175929AC4A
6A3986A3C21A7D2269B15DE7EDAAB117
2AF4FA9AA76CA770D1C364627D7D7C35
5BCF50D3B07FE61F352C6D8DF20C8EF7
FF90ED097E32F5F8A8044D121CE91CCE
555A451F3B6F4DF12E62D4CAD5A89911
36D736770875E77F439C003646289D1D
F44717AB4C4E0EAD7A3260FD4E095792
FBE93047E14B02060C39EF0BA9693855
BD925ABC483090A833E2F3F909E4F3E6
7303819EBF30FEAE07EFBA7CAF3BCB3A
4786AC18F007B85E2E00556559191FE3
8546A126A55BDAA8A799D6B02E1DAE50
785176091BA396D498762B1C0574A029
707D655D9FAFE1B5D6835CB7C9C09831
9F10C9ECC308BD6049DAE0F8CA1E3966
4B433A6540CA078D03A87DB13C69B673
6A3D3EFA5ADD45B1BDE7F422ECA35E97
A1DCDC214930D6DC9171759274A77213
8008DB28389B8D21BCDBD8BDD51807EF
AB1132216F63A51F4DCCEA9D7F57EA01
A4ABF2174766764BBECD1863A2B1133C
153BFB83CDA89C4FBB8C934457169E4F
0C7095935FDD172DBD52FC62A57C074E
7A310141231B93C23291FF6E33C26E4C
CBED573DA9A9D29C0D05E700F546E388
475DE66246EF1C71B304114C06227CB2
B73583854CC312DE237C8BDB4A2B2C02
6CD9DCBACABBAFF4A26A546448990297
001068BFE1F359E6A4224E99507AE7B0
9950ADA9AA5B046903173A889053BD79
79ACEF9AAF03B2BC2509F762BCF9D671
13411AF91C02696AE9C99472DC0BE9C8
354C939C2DD563FE8096FDB791B5F01A
F3310339CC35FB70859029EE8BBB31FB
DF389A95183987C817718D5A69FC7C42
23CEC8CDB79506390B0D9EA8DBCA9C94
85D34BB0A64672C4866F547C89FBB76D
4AA9F1793A4547174AD25337D37E0BB8
1679178DAF21097DC815A66AF0B38AC2
AAEE37B53A0EF84E51E74E0625261AAA
BFB23175F0DAC77D010CFFB554994A93
6DCF98E6CA357F689A0A584446B2771D
4F966FAC99BAA960E0AA177231E1FA84
6E8711E63B933E9A640E587FEE5C578F
7098869CD73C8D504E6AFE50C8999E76
064A5156B537AD4FDF60C48B0D6D54F5
C229A0DBBFB90E3E1164E96B5B0D8C68
C7C18411D187377347B6439C07168983
1C8D7C92EDD8370A9E55079EA2642C9B
EB52599802D3859562B3DBD918DFEC1C
D30F100C8CC8A59BA55BDC5F36A32055
3703571C87658635633400F6EDFB0A4C
AE231E8950A706DCEEE32B3FAB47FB0F
939C1DEF15CDAC733B89D4E7791B47EA
B5F597B01FDFA0094988526028452B3B
E8C941927E1809D5F21655F67D053C94
138B0C3EA241C9E949F7EEBCE13B2E02
75C0B20B7D2B524BE40BCF433B34F889
865390E1500E5BE85F265CF088E8FBD6
061C73DBEEC1C28C0F2D754AB964C89A
82E9B20AEA813DC635DFAE7B2BDD4BE7
2EA90B1A8EBEC5869169EAC40267306B
50F5B898ED1FCC3F1F81C26E31DF1F57
937932F9F23CC845DA38C17428DDA9F5
9779916713109F468775927297423F55
F97AC76DF10902714B1A2BB0F754DC80
512C4CAE1E91D6AF7FC03407990B5166
A8A4867204A998D2BDAA0D626A56FCA3
5F97BEE00966FEF67A4A720FDCE76005
014BE87E94662016AEEE82DA8464494C
B26F0A52AF357400FB2A1F712DA00929
DFFF5BB69744572C9B201A5E5E62FA0C
5CE7A1F86AEE7504B4EA10A178B240FC
0F52B3FAF6991D094D5A52E1458BA6CE
263B406476D90CFA573DECF6CEBBAEDB
0016377C0F342318B2031CC004DF8F2C
D7B69AACF5DB425C8726C270AF792B98
E2EB727741344F16EACA5270F2DEAC49
5D0F3930478B3CB8405EE1860CD47A84
3237F66BA0A0866C356E075FE3208452
D927EDB2F2730C523E56AA6071B5B96A
86445C233D649F19F3CDFDD165464AC6
39EE33EC439FFF9928E6EAAC7A541718
87302BCEE4473DB0E1D6B1D3D545252C
58E7CE397387E5AD8C2F17344FBEC752
C89C812385A2D497728EAD86FAC517CD
EE81FB67A8C3E8070A4E80EEEED8F2E6
D4D58B1ED21A790EBC69568BB24E03E2
2C7162A4E17EAC584584D86563E5F09C
8038D387E52241AF0CFBF62393AE2706
259E7014852583C3D76F2C1B2394CDAB
BFE61DB9F233A7EBEC64E9EAF5FF577A
F6AF8ADF7B1B256F61CF72E2CA82519A
6DCA109481D4EB31D9CF04D9E3A30D67
3F86C585E4275B59E66841B8EBC8C03F
59F8CA54139E6D7789ACBB090EDB4ADD
2EC0E7D4F450F471458A9235B61FBDFC
604F01EBA6F6E7D0FA15C6BE80A373E3
5CB00320B91701E372B9E50984E797FF
68D59C87C0D4C932BAC9B3ED6E22E28E
A4FA0D30C966DEFBAA38F42221D49B67
933BBF9D103F48495A34B62D63670766
4A3D3F851185C50764D6B36A21906999
1D148CCF75B5369BC3A7A3AE92E2B479
3B1091BC84054DEA96E7206BB6986C6F
4F989214CAA7EC1CA861EB9A2924DB23
2C413F4142DE9B5F8B34B6503A9E9169
C2C703C96F93415758C64BE8C1B2F5F7
810EA40EF0F6173094D0C44DA7C868AB
558BD1CFDE8788A9CFA48FD09B2AA014
016EC2BD2023FF5A74F3BEB8627FF32B
DEE9192AF6F7B93CBA5482E796F8E648
F6B993A05FFC4466F56C595D4E95A52D
F43AC1888B72930439608CEE6588C521
EB856869B5C4F175780BA50C23D1C40A
FF160AE55583CCCE96F668435ADAF057
2849A6445F14A10B28AA66FDD72868BC
21E6E73DF989F3BE7E911E540C4A38EE
8AAEA2D2D9C2FDC2CED5DE3728728870
A9DB636B1D65265A2ACA4EC67B36CAC0
B348D9C76E6019471A2D8B5AF9114CCA
3020B5F5EAF7E697DB22E3BD918EB36A
477C97C0F5085E4C1AFE8EFA5B83BDE1
E40A58205E7756E990732F8CDF6AC8F7
09211A067D9BCB8F80E7ADB0AFF3355E
864CB58C4484D5917A974532DAA459B1
B22F6BCD956A04C419B564D6C6156EEE
2BFE22099DCD2669B6639F46046430FF
1C58C95E0F26E85870E4187ADAD3F902
AB314D675AF45342C2328B9E338116CC
AF7A77B5BF3707511852D38386D642C9
ACB3270BEF546D927720FC801D476BE3
FAA83DE69F37112B86449C2C6CB09A5E
A4BEA4D2296C1AEB4BE6F8F29355BDCD
65EC65A0A74FFCBEF9E27DD448AE8EE1
FE626A275D4A6E9773A3A3826455F665
EA81E3B9FC166912D0133A3D94CC2499
834DCC0B65829E5CFDE84BEBD7F7ADF9
437D99DF8C7E0356606F1D59471DC405
0F8A709D3E97A59266C57C8AA7B4019B
BDB176DA39F07C35A918648F33DC86A7
EFB6E6750FE25BA5ED99D87A67D122F4
85427DD182C4F67D2C0D7890EF84C49D
9CB1C9D804DE4E6977A3A66DD48DFF09
18164999D33B49232956182FDC0685DA
9B73C284F16FE4B157D55E105C1E37C2
A6C5088309051DD7684C4F5D60C380DA
E56C9A785E241263A22A1DBC773C0B86
262B32E04D871AC251905AC8BE9A9A36
5FB81314DA93886AE6CD07CDE5A8D9C0
224B65ADBC7A991C3C47A954B3AAA813
31FA1FAA1919EF4CDCA994C3A92F3ED5
AD4B26C246DE46DCE203A75C8D64FC3D
E737A765751C41A0F1114D29EADF452F
E548259739E3D10D6BC04A0504B37A1F
06C8E7B3EB67489D3D19D3FBCC064263
779E4A22306EBB58E452A37040B18F1B
D78EA126EDC29898207D413F59BFF611
FCA8760449AFEC45386356C548433C3F
450CA115EED7F11831579B0DE06928EE
A84A50D100424366B550F2CD9AE0406B
21382933A15EAB61BF01E6DC88D9B0E9
4700643B06323566779DBD3F16C4F53A
D78C3A32E9AF081A67DE07C80E13225D
1DC26DCF62F3C2F246D980E86160EDAB
5B3AB82DB6395F77F8AAFA4352AE32C3
552ECE7366CE00FA1051307389FEBE13
189AD38607D06AF8543C1062BA380C02
09D45C8E380C57C0676714B260B3AADF
3BAAF8B05E02DFFEEFC456C0EE2794D0
4E7E631DE67FB800897CDECFE9333B3E
616D59CA8EBBC7CB90FC38D0F016BAEC
FCFEB5B776D898BE68353E9576559384
4D2CC2312911BA7124DA77C583E29EB5
F9441B53B62CBAB9D207405CCD179C03
6DB1FE9EE5FFA610B01BEB2E0B76FEC0
1CC06EC68B3E026106A05B8268947214
6C9FE410ABBD82BD3149DD5149EDCFBB
45194E059C32E629747D34F0022FBADA
5C59DB68C3D41E87DF80FA8C806106F4
ECC6CFC9CAC871D241CC52D899DC17A9
584999F760B7B589280AB49A35465A84
71B3DF966710056B80C477B71ECE605C
8099C705E435F74DD31098A9A2BBBA76
21F8849F047A74BF852BD7FE1BC6AD1B
C7F9BD1081FA224A8E8EB4BD8186335E
3424F927F5D8248EC5EA1902F970E562
B8FD7757C093AEF1BC639827370D6585
6358F999B05A9A97EFD362EF6ECFC975
1251954B536A82B1A80A966C9CCD150A
540A10092F9758AAE0189169220D49BC
3F7F8A7996C2AC12C70AD50DA3D768D6
2D825D057D177B75FEC9EE9009C49076
01BDFC75DA3917B3668FE4DE843A6FF3
132180E339DC9CD418577778E771B16A
B99A20173CD0D3E93349563414C7C5CA
4DA87F61AADB39515B98785459430ACB
8924431DE4B10B74971D68C5D9532908
C2FC030CEBE8CDDF085C833216A168BF
46FC535CA0CFE1B73D63B5258E6F9170
AF17FB2966656DF8C0F0D999A12BC5A4
4678E164A3464426001A759BA7FBFFFF
A407F270E79DB116427A39806E5E457B
05492C9183694756700058A95683568E
576189D5C3C8131F7D3366DC3F1924FD
494662666B367CBC984B9CD7A6C4D6B0
AD23D2E1FF95E6D1980AB26E96E48DEB
2CD7D1754ABD94F8C7CE2D6E0A2898D2
DDD4E3247F4370A9398B8075AC4293FB
B92424CE1B6BD2D19F21E389B00007BF
5CD4BA6223B3BD606010C2877951F94D
8EB6AECEF1F078B021BB4D573CEC341B
F7C12D0D969D6A301B66B27F5C58312F
FF5FFBE5D5B8DC1D0CED12AD6D0ABA79
AC755106BE6E1DE96F16FF3A297D5470
565A27A49E38DDE3546A6969F3D8FA47
B1C3732AE120609DF54B16D5E466A21C
E562D88C1D3DFFA0087E59FB0537E9BC
DB48FE8EB2998358A8718366CFC32916
1F30816E6A6649F21EEDE16B9770B0E3
DC8B81DA26B3D64F9B2AB3D0EB549109
E5A8172DAB9FCFC82A150CCC2C40C73E
DB776ABFBC72F8222F34E087384F6425
CC092390B096D92154C8C6E7D5C05B19
8E6AC36FC6BD837D7AEFBB6127BD4500
7375304CB83F48224A91A5EBC1B05696
480854A0FEA8AD348DEB9FA42F873684
01778E6A0054672D6F302C7EB8DA09D0
3E5E3F2638CB85B46DFD71D1ABEB67F8
EE5CF1AD6E5BD3E7B49D1B37A8CC6B0B
59BAB0203696E938CA608E1CCE275DDD
96F01C76725196E3C08C7A78867206B5
2D7F1D652BB157C4AAA521B2F0A64122
717D66DACAA974DED3C54C3955889CD5
289186676030F9CCA0EBD20C6F6CD7BE
4629C2B8EC479E4B99FDD206B67C1CF8
C04A421C60F26662369582B4968011F7
94E1C7C5AAAA7EB301CB91957BD99B9D
5ACB76AD94E3DD621615CED2789276A9
0423F169115A7231603E4099F1319B58
7A22D4BE5E83BB1931B7B566ECFEA11B
FE1F1ECF9B622587ABF5BDE20738704A
58DA97A7E33CE5F3330488A90B8E77B0
C0A71EC3181937F2C6D188E19A44C09D
AA4C551D096728342973D1C031F2D655
EC8680E2CBBE85EAD6A329D17F2C097F
88995EF26E2F4E3999F7343CAAE7CAE9
26BCF859B109CD5FA1C3B4797BCB1B85
61A38CBA266243928AD63CAE0E3EBC45
9DA496E97E4394226D6A0652F8AE83A7
433B4815A134F8276CDD3C7F1E54510B
2A4B9E0CD5FDAC9050A84B0FDC1064E6
A67D0E29F0DAE644B67794C9FA21D7DF
9C26DB119924D196DBA42DC76CDDB78B
E0BDFD34FF3377DEE4B0B3CDC6E3024E
A0BFB440149EDB42BE4FB801658403EF
65A3332DE88B7EC0F03973A9184B4D5B
482756134BCA999F4E8C3AC89A4529AA
43965320B8D9A452CE6A7DE5344F7492
0B3BBAF90C662B219DE1F96EEFA802E9
1E43CA669982667BC00EE3C0B9648547
137E2B15A000FA24728B1B21CB72939E
163CA80A8FB1F0F6DC3818F8FC040039
29F1FC78A98FB4065922B64652C5C6DE
9B1A4AAD872DA1E8CAA071E1D1C1FB22
21A024377E4A3E51E637A6845DEDDA11
93C70353E94CE670DBB091D540BE0E58
5F0CE92A3B82ECEB4EE45866D08EF832
A4F895A41CDA720A565633BFDC3FF18F
D965AB0F2F7C530225F7DD89C879B494
76E95AC222B02CAA287F5CDE193C4B51
0018515EE411E8BFC6EBEEA87B97C039
DF847B83FB3516E862BDADE3C93F210A
A25104307309D4D9C368B03DDA49CEBB
0AA70599D650B027415AEBD083282603
A0ACC77603AB16D405D81A822DE5AB3D
6C31D4038348F48AE1B34D5A159B2D56
76C9225CC7DDBFA862DC5CC676606CD8
5026562CB564690C932316B0F347B8EB
087655BB567CE62B8CB93574F57FEFB0
F79424BDAD94F2E72F7C3C8234552C58
304B7437F2AF3C799D27AC68945388A4
5D127AEB31E4EDFF7EADEF7283CCC0D4
1635F785625F3B4A5B5B6E4245A793F6
91D68D7F80FBBD01CF42EB722DE5E59C
2A8B5728326B9016877654987B5A9EA2
A407348BC591DA4FC312D98C6749F191
DB3133C50801EB9C9038300F0341B8DA
D43D0BFB56F054196CB9A3BDA5A0AFA4
4E4DA58B602AF431BC900F46F2F49B20
80510340272D583EDD6AD9E42D3F7A2E
B0BB127D41D2058989A8DC3A9734956E
EE79F208FCFD239B80E238F06BA96CC8
BEBCA0DA0C6BADD20AF71B0F95CF14F2
74CAD616F87B5BFD00212D3F0164D544
32CC9962946E56C0FE7D9EE6D84277F9
412CB86922A3AD3BFCA24FFBDC1E7D70
D6B5C3B952450302CF5C942F1000ED6F
7CDB6EC0F7B9406D76C97F933DE2A426
AB90A0353A515406ECF65862E4D4232E
D23043DEB8C5960330ADE62D63A89D0B
510A6C3C09FB0C89FB1DCD56C0634E0B
248A5BD5367AB3166D1187807E03E45F
C85E5FDA6E32A08A82AB10FE4A5C71BE
26D8165A46ECAFCD8923DB9F871BBF3D
D6BF87EEE319CB5D0C4D042AF5EA5C60
0C31B232B2A523B53D9339A2A3F25EC2
C43A8F3E7025404CAD25502E126CEE45
59AA04DDC2D9395D6F1D81A5782FC9F0
A0AF231E4FD972DA2733387949026B5C
0CAD8775281473AC06E9A0D022A9C53D
524B365110F7BDA1A8A07DA54654CE3D
706DE1CA5EEB782C043D06340A81378F
5D8C70977107A2AC5AB60A81FBB87452
3AF1045D13A14F1EF6B30D2476001FBB
375EA1E85C1DA1602CE508F26FC6CD64
AF1B7BA4FF160B589C5C37F141359279
4467322995F61A1E2F6A70187B47B168
3408E17D96DA3B241DF918FF73502302
A4052529716D6FD276ED1102964CE5FE
139A761C2BBA85FACD17E79AF4522CB8
5223B1D2482EC282DA253BDE58AA20CA
034271716AE1C3ED808F25C132AFDD78
30FC4366A60E3A824120BB2344781313
26F6A37C1D87DE93E52E69DBC2D725E6
34C4BDB59AD7D94E69E30DFB8351E1FF
DB608CFE78502B6254FA695191FFBD05
D2DB2FC7BC62E0D7439D7F1D6AA1FDF2
7B36BB525AE103B77BBE32A769B4EA0A
E830876D1A6D44005DE82C66BD2373B5
3E602F6A46330153A94E9C4034F2BFA4
9EA2F60F1D8FEE6F5B4D9B77822D5448
AFFB4C9AB433C85634B69161A511D0F8
6D9D79F977CA3F063815EAC911E3F266
1DCA9D22639539DEA4A7FC8994ED21B2
E678B8BE5EEFE467B0D7C677AA428291
D31CDF393D1021FF75650D9E74DA7B58
DD507953B226D1682360D5C4D275CFFB
68E05EE6005A072A89F66D051A205320
A1E6F873226BED15AA90EEC8B6826446
D03D7EAC93819DA4DE2A05B658985A6E
015E35227E5A0245286A0463FF46DFFF
3B79D74F6917CC773E8A530F1785ECAF
2EE53BE81448C1888F4E32FEF4FA3831
A81478A5C467B2F03DADAC56C2DDE863
67E4A7933D2DC64B6943F1ADE62358A1
DED3F9E6F69079847351E6CDBA1D939A
4E0EE8A58654253FF1E0632951438283
2401EE6A5EB27D4193FCCE32F96E0679
97D1CC76F4759EF112645CFB900442C9
1B2239AA28CB40282E870C357B90BD42
6240033E00FA836073C4FB9FC7D45AF4
85C98912ECFC06819B5D14C9D93A7686
535AC4974AA9618B4BAC4D317B61F826
0E2AAECDECA5663A3DB02B53C42EAF09
CCAE8ACABCC49D021AE16E24BFEDE52D
ACE6FBFAAC48639C9F02DA697E6BAAA0
142B2B96BEBE585B40BDADD889074C07
8E3F925C6219013964CE949A40F06503
83D82C60213E0657A101CB8777F65988
67DF55714C7816C35BE9EB80F229DE99
699C0CCC33CC2B853FF0F57C7FB07945
088ECE6F415CDD82F7E8CA1CDF7B8109
D1F6CB2EC45B9362318FC434A6ED7B34
1CBEF9DEF55103FCAC36C98BDAB57023
E010E35CAF6E15FF5B60C04E92278AC6
A1AA4AB1429E00A4C924CBDADB143DB5
B768D13B46042DD82B94AAA4A358FEE7
8C69E7CCF98F74EE48BEBD10CE248537
9474A7F822B8CAD914D6C8D6D738EFA6
40D28C77063C21AD9AD4C805F7EA76AC
C8178B3650E91ED5F4CB9AD45331EC10
F5002A52E5B9463C0840D8E7D38487E9
FDC096E8C4103DA7F601FF41A9F277F6
9D1F38FE8023649CD663185FD2CC6807
2DCEE0EDB228F9EA2127C9D260F2EDEA
49DFF6F797777C7A2960B8E6ED58E5E9
D568BE25F13D44BF4E9F6EBBF7831A92
36EEB9F4017C92F65F797B0A36C12B53
42AFFAF1152C5264FAD632CB70E76AE3
14AED7D9D05B8BE50C5F14380FDEFF4B
3D81520D46A33F432D8521D38549DFA6
DB7479DEFCCB68A8C3C78CA6BC03283A
0215A24D779B97F0AE53D954C2199881
74719D854080590D194861DF40F7BE63
6206D814B427C54923A1340601ACB429
3AF1EE2A3C7E13C758E5B435E60812CC
A6B9625008149A650F35EE8BA8767669
BD65C7BEB91D6AAF28C87466D7FDE211
7AF3CC9ECEE2178A308FF383F5928B9B
2E7912DA992C7E52A4E422FD9C5184A5
EC9204A3AD18B4718E226C92DB5D46D1
C6E70ED91A927023FBC79772B47BA839
3E4E95C912ADA08A31994FC5BEE6B1FB
5BDE8296A9F20A4878003590E792C365
7DEA3AD37B1B4AE2EE0C724F1E189370
31EB824AFF770D1A4608691C169BDD37
0F5668D854888E720A92F9A3AE8AC014
1E7E4A46F2193CCDA1257A6C624D7046
05DED1BC6E2D1458F291767C2D29574E
DD277E4BBF52DDDE5901689F851F71A3
56E2479BE737768356A54691D258089A
92C33256377FDA0D7D6A79DB4678D1E4
A971823222EECB0227E31AE78878E550
860CDEFFA3C8E090D1E95B9397FCAD6F
A8A53E0DD71EAFD5A2B093F52F1F6233
1591DFDD2F282766232526791DFD0AD3
CDCD007F63C7FD71862A0AFDE10B4C56
F2E171E5E69C4A88BF920F4FFA25E168
BB760C993A23A6CC2BA204FE96101DE0
16A75FBB9B29E15750D5F9E7482F2967
AE46F043106C5BF61D66E8984E2628A0
D2405CB8ED21495C36251A575A38E784
1B296292BA7B7FB47913400C63FA9DC6
449563F00C6FDD8F59B9C78966D9F9A1
6AC76D767133C38D34DFFE289E3B1876
D17D86532AA777A63FBC25B68843CF75
8476F3082C437EB5A7CB1C7AC08AC4D7
15919D8697D56503174F0620A2315C26
B3A2DA77C99C167E539B626D1DE86C7A
5F4D422BF24AB0731422DE988F52AF6E
8433CBE7540CF1A992E06DE826AAFC82
A66C74654F00C1FB2B69A6E860968107
6F6794AAC9C9A92A049336A267E0695F
225468EF1947E1AB07B74A630DA0A660
492C496ACD29CA6F55A99C91D0BDE1CF
3A41FAD658905A015D15BD59C66345C8
CF2FD06332480A9A7C3F789BC98746F1
45765D30755E9FA291C65BC15D491F01
2C8D537116AE6041651FF2B1385F6B4F
3C01089F141914EB399B27045779D0DD
1D87804AB37D7106903076B0F3B0BCD8
9B4DB6AC59C1AB76E06AC8B2B22EEA5F
95BDDDA06B4C1546A5A24382206545AD
A3B9B51C7A98688F6A303AC81A067E5A
C1D484202E039C6CC203E763EC4BBC37
7E12AE5EFD35DAB88C304742E17767E2
AC34A7094D7ACD345A6125185002728E
12F45655688A77B26BDFD862AB58FCE2
A7AD39D385C5C269556F407BE60E923C
288C079B241FC3A18543A2115BA6D6A4
EFB3A2711F42DB7709FD242D118A0B52
5F1665EB0E2D6E92D422FF98CD044A76
47DD05DA4CAF93092936775E4FF091B6
D93942118C3E676FF415D8A37807F392
5C1E40CBBB225DCA10B401762223896F
F3B44FAC1372A1DA30FC0075BA9F9854
DF5A48EA1498F267112F26B6779942E9
518C6B8E247F1E4D8A7A41AACC1ECC49
A187D12FC1935AFC4F7B050A1A8BD63D
DA90C1F40CB260C202B0E6D8B1CCDFA4
FC5B484703FDEDAE2C2DCD19568E7FD9
44B652BE0A26F4E63F8B67A46654058F
AB87B967256CB0E0827ABBD387537450
BDF327AB5065104DE985562235FE78D0
34769F516A905EED774C3A9EE876EE87
3078B873D0C96DC9F535A3807C853387
32E3ED7A61A0F1E4268B945A51F3DBEF
CF376D8451482D8CD0AF13F11A87B2AD
A53AFCCED027ACBEF1D7F2B14558DD0B
A58FDFC5FDA90BB700D6CC0CF001E03C
1DC667C449C41CB278A3E661BAD3AAA0
F0DE0761666FBDE53C36610F70306F44
739FB45381CFF7F30F1CC2DB816773F7
5F743D90A24525400FACDA98C07E1B8D
99890C9CB667D7A550D5BD1D86D4F6D4
2800B4FB93D206F65A5CB30DF6E53E26
21EBDD8427D4896E056EA60FD307EFFE
02DB81D711B35B920FB0ADA2EB487C8E
D946CC939AA171DAE8341805C4F24CA7
F06A81E581E1A85A04557B07BBF8FFAA
263A09096EE6AC1DDC430CC27C64FE92
172134667BDFA3FFFB97C8048D342D9F
BD29E84532E00D9C942869BBA92704AB
996F38D81A0FABC68BA410E2C630620E
AF585B2B151963DC2165D8BBFDBC4924
419C4B658CB0A467ACEF68367052454A
F299631D59573DF366D1F3870142B569
443A7285649BCCC81BD1AE5F1CC7FECE
3D5BD47635A9029BFD1C3BA9013EB7C5
3394E8BE09890EF2D1E224AB80324D0A
AF989BC5D36431DD0B96F9CD36ECD7D5
3BDFFC7CC593AD7E4D7233E7ACC5B871
6E4231B8570D8DA189BD0FA8D35DC087
C0417EBFC8946855705D44D804A9E2F8
E25FB55BDAB4B532F8FB7E138D6E0B3D
A5AB34FE75E58577DDE05871F087E5E0
64A7A8FE3E658138865212D790611B95
5E736351FE42BCAB6F9F81ED2D97E8C8
B1371AC56D9788FCB94F32B5FF605717
46B612DA6716F07F73AAF7701ADC1EEB
78EA36F13DA82879236950B4BD1DB112
B886C8E184FA2BAFCF5053ED78B44E20
4D74D099252987FE2F594E80F31CE3E5
31ED6ACA48E19A403D16C4AF9CAC38BC
1B30B22D83DD8ACEBEB71D8A14CAF156
2B377184808D52C0378A809C0B14C5C3
5923DD00332802CA2A0990DFB69B9522
38A10D85D67CB90295DF20A3A877E2C7
4D26C886688CC18271168C5F52680C17
C3520697C665B9A4B50F9BFB53A3FC33
84F561704BFDB609C881FCB1D6E0DEA8
A4D4AA9927C44AADD3C80566B9CA735B
A25A432B19F30C26485B71F2398888A2
9B253F71025FA8D6B83EFB048D2F3702
7F38EE2BABA7553A2460D6CAC1605783
26C37FFA96DCAB7A07B55424C8E871A9
7685C95FE952C1FBD9146A44767E3528
5C166370456F04ED7CB568E2D066C64C
FDB639424F65F6B867153B42EA4E527F
02C7B2388B476010BCE338FCDD4250D3
477FD500FDF110F52226D41E7BEEF50B
2E20B4A7FED8DFECD19882E8096923E6
937EA3EF3CCCD6F79B44ADCD38D6B738
EB20E5CFF37E74608800B02187A960D1
A5F4BA86DF6EE5FC3BF9B402CC527B13
DCC0B99FD1A254AF97A4E0747EE3E748
07021FBEC9A09A2BCF7F04BA37423DAF
D5C1ACF46D351D1A47C25632D963FD42
E5921589A339AF778EF2FC3DC34CF08C
BF089A478548FFA9FA04949F1F59E293
78F5023154123AFCF010BDFCDA43305E
609931E10E5E3714E6E2AE4405CF39C0
EEC09E52B12977C8D0028D6CC922DD1E
825FDC2B0F1F4104F2696A2AF9E3AEC4
F5DD0193844B902E8821B244984062F4
757A62F6B2534C514DF3E00F71BBD0E0
19DA9F999545AE794C4DF459FEA2FB99
4B32C9DD7126F4EF6739A3359C5DE7C8
D2F5AF229CFADBAC2916ADA4CE42BDA8
4C0E05D091BBC8BCA9C0F5205218190F
A60F49790BFCEA4E8AB4A870DC24344F
14D01207ED6D36518E179709789EAF32
B2EBFB824032FBDA3AEF98B7EF3AF1ED
CCE733328DF9EC181F97C848F7939207
58B54256D474097176F08263E37E284E
F339107D011B263DBB46D8118A37EEA5
43D915820EA82E93577711D806592605
B773C07FA145EB05E4E8D1A57CBF0F8C
BF21DBFA3971AA887CEF8A73D48B7851
A07991B1554FB1A846E3520030BF642B
86A5F491C156C39741A2420D7FDC74CC
18939C80AE758A53F2D580FAADB3390F
2FECFD724A846D1CAE6D807C26EEAB2B
C8534199F447C1A4251185A9DED220AA
721B9313A97FE997560964717513DABA
6E550AF7A6E0731F828F70AC12BB3F53
0A34AF329E42C251F1C1834268081388
A1ED8CF2D991B448D019B165A65733B1
14A475FDCCEC35860691AB02B50B9FB9
C10265678B72D873D7D0DCC7AC0E22B9
71463658E7450632CBB3F10C6A0CBC4C
5E5CBE1BA266FE9E88A9E1FD52351A4D
EEF1BA1A4FE2F50B33D0BBF278617009
C501753C74CC69FB52429AA38A2D6665
8E05780B9129329B188531005F58CED5
00640E27E5D5A0919D3FA9BC85040455
49FE4840B32D42B5BE500D8FAF126371
7F3E87EA63D2FA5E5C48D759D4CA7456
64B875C3D0094527C907C4B424FB58F0
DB061285110FC17F32BD5445901E730D
41BFBEA29D773C98DB7F7ABDC46911BD
2E81D31EDC6D2D92D717CAC7EAA98FC8
C97395EF497D6294E58471279D58AB55
855B0606D9361177DF1A999CC697F153
A79876FCD1700CDEFAC88401852B754C
732D567D5A38A252E5BDB65917D425F0
1C4136A0CAEB5DD12DCE490A77002B66
D3AF90BC6F9E63165AECDA43D4F2EACD
D3C489CC936F692C6559037627572A6A
47266D6A58D319F6CD0163FB0B141110
B826EE022345E26C04B27A57C351B4F3
56807C5C904E581B512E14FA0BD9BEC2
968218ACD46A6809ADB28DC357807967
5FD140A30B3B33F1C91B091B47119B5F
920C3DF2042639DF4415506A21D26AD8
F413770C263F4D5C4BC63602F90E5739
287AFD0F5747E17C450E6368E96F8127
471FDA25273EC1A88446ABE205EC0438
4059AFDE46A216CB0024738568C8CDBA
70210D31313D8EDA53550C9C947519D7
34679A852008CF33F9EAD3F2C87364EA
DD40133025535E3F4100E5CF42E4A813
FD84F7C896D01A3244A96E00C301D1BB
C11C779687096D8E28D18648FDA99727
56CF936AF04661D288CBCD7F9295F771
FC22AC7904A6947D9E970DEEF570982E
E9940E15E26DB2FFB08BB52CCEECD2C0
CCD65C663C0776784FE272F919CE47D0
8ACD2FC668105F28D56E79B1809BC750
AA79FD7FBA82B6A987810E91944C8952
2A2B48F57563F7B8DCADBC6FBF910CFF
AD58219E7500AB0EBCD51AE7F3D9F816
905468DDDB83C693D7E286C9B90C833B
5FC478FD3BA89F7110B787E01F543B03
13624AA2DD18A17D3215FCDC7EDA6DAF
D470A18CD3BBDFD1D876435CEAE470A9
522A5A87F1898BEF9EBC0421DC134F46
87FD46358C8623FF15DD26199A3B2F2D
9F8559037905E387295A9B5563D7C619
47EEEC5BDB7F069CBEF66DC30852356E
27AD4339D21385811C02CCFD98E8028D
84F86C1D65A2AF1BBD87ECB58849FC59
D2878CE1C0FDC1D9AF5EF90082B95524
F767C0DF41839017E238A701492F9F76
99F4519FB4226AB72C46CE2EFD75B8C7
188F6E7E7D595A6A176F4DD4FD41BEB4
3099A619A893EB99C71A246DA42FF037
84C4FDCA0B667426EEBD0F3D5207EC12
CF6AD9421041CE5482B89C806B198057
F9E9D7838992AB31D364E734DCB1D2C9
6F13EE850182BF745770892B8654DEF4
C834D9C45CE041312569C899AA90F6C9
888C7B0CF775F44E1AE80EA12A8A1E0F
9E682A7110D78AD4944F1E8CF1CDBB5E
B982F4366A80F9004F2AB45DC912C7C4
CB3E2B496B5BEB488A70DC25DF4C75CC
F37CD2C0B78C7E2FE7FB0E6B9837AB69
F273AED5C38B780FED5C1602C9358546
9E8280A045CF95CECCE537A572CD07F5
B83F3E47410EE1E007D42AC0D88BFA3C
0A52994793D2C1D7B1F5278AF233EF5A
6CAE9DAECC8AE25C9C31F39F4217F508
1D05EE13880DC2AE798B3B5752894D48
16BB9F805C8095DEFBA9BACD0514B9DB
73A8AEF58A0544122AEF15BF0CA86014
9AFED1AA1F822D0883DA3911CF992B20
45B6CD9284158CA0E5BF0ADCB1FF7D70
7C672980E29C7E43FA82463632491A08
EE2DF2106E4E44795EF38583D56B4CB3
D7766382D6901AABD107CC0EF54C38D2
4D507E18354C3474D6129D70E84ECE93
6192DC08332C5548A2444C32A75DA80C
3CE523E69801649D16230E2C37C118B3
D10C67938D3362EC4EA8D04684266B31
C568180ACEE2606E64E29F18C505C716
88B1510C59E48D14449616BFAF5CA064
BF54E242D1C66725508EB0777F1364D4
D7827C8B90159961329F49B6059073DD
4C1D2347BD88EDB6BE25371610E835F8
306FF5FA1495084708B1A72B0A46EBBC
E83C52F378B8D19E3D16350E8895E571
288C0D4AD68245935C967B6415E1C3F5
1AA05A0A69365EC4367198BE88596386
23FB291C6B28D587CF2B6319488AC8E7
6E82D3E3763A5AF55A93F9365AB03D17
04F387F04A1B76BCCD4BE37E132B2E7B
C5B41E5D62C033E39D972D567C85FCDF
E149CD4CC5BB0CC66577F53F4289FA0C
4621D3B506D00B027BC81782FFF50811
B58A397362426F4B6A95F7ACE0314441
F1B13C8B18AF3CC4D5CE6ECA23B34CE5
B4441FC0A03986F07F444CEB4A0064A8
C5B365A49C29D621D1FDD42C61A3EDE3
3F689C6039AD4C58B6C54D41A383C87E
1F7FF76D584E055A6F0B894FA0CEEA81
A6632B71FE796B084A4B242631FA673D
A21C63B9AFDAA7BC30C1AAA4A94F02D8
F86B00729C8F6FFEB60C596EB9628D44
E25E27546095B2D8EB5B206B4553C86B
7F9E3E4A0B7D5397B32F2D0040455188
3A18CE458C77B4502A8D8CA3BCD8E207
CF1DF10245EEA928B3E380F390C105A3
5F72E16D14356E22EAE2DD8B8D236EE7
0C84CC07E082C96651D91FAF3E1EE3D8
D2C7670B7E0ADC38D6A65E658EC933F8
A5DD12EF9AEB7D338843E853349A0F27
F19BAA13F387B7EDE6EB53CD98B69380
EF74D85E10F7F2B82D644436A7D7E42B
75F30A561E11D004BC5D53C8EF6F3F3F
3665DE55AAED107074F2A6A1DEF6E4E4
3769001A5691385624E195B209591B03
F156DAAF8084D5A79898BECC2654EB56
456B23870C1DD4DC4CEDD8DE8EBD71B3
8E46D93F0B8A648B4224DCFC4BA784ED
455360E00543994863D9A5F12D1A5DF9
67EAF0F3469BDDDB9AE7595E14DBE44B
4304E143EB5EF48C6ABCD682A097D636
7B0527DFB4D6E36959EDE61F537AA37C
46416BEED5DB56EE4DD9B0B085FC9BD2
F66ED08C37B87167A9C9BDEC4DD4F878
C3486FD832B0B89C40BB60BCB95FD027
B5AD9F3F3946D8AC48E38E6C0AA402B7
4263B10428E60603823DF5D0F754DE0F
D960AB05A120E47BF64ED5942E254C5A
00E5DA14BAEFB6CD6224E0896FD502D4
41EC81F68EEC60024D9A107236E3F859
E9A96860C70C257631C3A8971AB02C73
3B19B069454F999E057A69270F0F14F8
3193BB37ABE3916A0ADF03AEB763EECF
512F32B738ABF5FEE61A1CCDD34B0A53
AB0EF5268B4F58F580569AFFAC31DD60
D4E7A63B82B3F76EA5AAAC845958185F
D3A57C2E0E8917F6D8481B80DD942320
DAFC39217162475AB9FE332668F9A1E5
9B8B030B3FC3D4EDF1701FC1636EF405
EC82331C79BE9E76EEE86C329F747AD6
198EC5B002B3E77DFBF4D503585E3689
DF3125B5D0B6B2D586C2A2A61EBEDA7D
E5ABF0643DF07CC1AFA515A479200E1B
F6E4294DB17F8FAF4E9733EFD0EFDC52
F2630C3613E00E3416489164DC8AC4E6
B8DBF54AD153F377EB36DBAFBD1AB281
76A391DC3F6FB33EBA1CA4AF9744E59D
51070515F827A2102DBA40E893F4A545
882E7A55D43F3F3C0AA8674A3B9DF944
571AD7BB3F7FBFCD3EBC9188B60A45F9
88750DEA44EC8E6ECF50626F83D0E8E3
83ADC9A65FAB7314F42339AA74FA4337
9FB37EFA94AC770324D49F3A15B82834
26813E521AB70A45065EC07D43FD9952
5C1B7B06A686B419CEB99CD84CC9613C
116284438691E9E38C88D7254902AC8F
D8F7FF7089FB38EBBB538E8ABB330726
F41CBD8FB464CEA0C235C92DB241DFF6
F65F198B2B93D94729B7897C47C0872E
AC80DE84D03ECAD5E629EDD82086FB7D
C773D7C75322B1EA59933332B60B5B02
EA7B83002382613B9725060D845C3FA5
16BDA929188F6A706AA879F5391F5FE7
0CD9DB642886A826813030660C8B8C43
897301CC1C49D5EEE33D2364AD326217
ACBCC20A2685892FD9C37261BF18842B
5A9D26D46EF32C0410DA308BE5CB9883
6FB8793A637A3155FBA610751334AACF
65FC59921B429521F14D7AFECB3EC6E6
6A85E7949DA44863E001478DA3B1FA19
0A6F453F8973437B2F41F8A99DCC4929
0D15A617EB142BBE16FA410675F5404A
74025295E1D075D5A4A06F9E211C7A8A
047C737BBC268A715E11A2FF1E19C03F
AE2FF2AB4FA919BB6B3A6B307732D3EA
EBD259039B554FEA511ED7C75E25D24B
BAA82948D2203C3CB42FD045F1E30737
63AA8E29C8DC3B4E8B563736D5D6865D
D8B05B2A16365FDA8708509D33B22B7F
76273FB8120DCFE5DC0562A4EAB89C3B
7C258CDA0960161E22BF5C8EE1BE0082
9AC0AF8D2488C1413A9DFC5BFE70AF8E
29BCD23EF8B72354C31BD6BFE5077313
B5A651204A28680A3194AABBA27678F4
E88A1F7457BB865FDCA2F79720F8ED0B
02FD04B3728A6FC8664B6ECF6FA9BA49
1E2C5649FCDE93742BAFCAC37BDFECAD
1DE76D2BA2291C0BD2797643E1199897
0B3FEC55CCCE230DE41FDB427EFDCB32
237BBD1A95BAE20369BE737062FB7899
40EE3CE91FA7E968589984D0E55D1E46
07C6869CC5C3BA7655A720998F2C52F4
F28DC047CB7FC72232672CF4D9D21C83
5B637BC1E2A47B17AF71F07082C34E5A
9BE684FE8CD13108E31F0C3A32BB1C84
4F627B68E366CDBA059671891BCB4E0F
94A10EB838AA8868BA9ED1F6FC044368
51D4F194F62F3524DF5590FFFB75EC27
D1BB567A601FA9B80004DD12CBCEB340
13BB627DB06326EC361416EB27CC22CD
ED0B79D002B38890C2C49DE5FE95913C
D4936621662F178DF250A35825549184
3AE14FD5B13BB2B3D2CB7880AA7EC0A3
D404EDA7F2E7B48748B799D6C71A2BBE
1928758D958EDFC9C7E2E1A29057DFB0
CA087ED5D16B00ED2BB5C1D03C518882
A8D539CE0333A089FCB10DC8DB64F985
A60B244871080264448FF5632CBF8181
F3CB5D5D3C24F00C68B433B4E43FE95A
21EA5FD5572AEDA846F8B231C9D036AB
8B38D2B611C4314C6CA4BCC150BAB356
FC16129B5B6CDB4EBB84A6D8F46EA6D9
D3DB689298688C411D1BC05C49272066
0E7EB4BC2DDF41D0EC767D32FDC96DF1
E3E2A8343647B64C24A3D90926ACC828
09EAD9505ADA2AE63DD038055E826594
7FD18C445A1143D4C09E8485117C04D6
8B18B776F3E0E825C76B9E512E5F9ACF
9BCF935E56BD8F92AF159F5DEC33B7D9
59C81AA461498DD6B122BCC5564EE72B
79F209EA8B12891BB96D495D1506E701
B600BADC2A4B9B7161E2DB622EA57B21
47A221A76EF6961647CB41509C1FD901
0231E2C0BCDF916EFEBD5CAAE17E4453
D368188EC60F112818D54E8D460B6307
1AC40314641CDD2EECF37EAE7B947911
5A4E0580182F833E2E302ABD3D21E8B2
1BA1C8CCF767ADC9DCB8D8D7C68FE872
5A37CA15700738CC2B9CF58344EA0007
1563001ABF87858045EEACE045EF753A
84A0C606FDB574B63A8CED91870D5F79
436395F343A7B8EE10B507789E163760
54F2D01CE74ED014E38D8CB8E7CA03A8
B59661FAFAAF4321C67F7CC854D1B28B
1666C28F5EFCE61E25FE45579053D8BE
62500C256FEB6F53747987E81D901AF7
4AA5181CE386029CB72F8CAF6E6C8550
1E64D0FF3C0E2FC04BB1B0C82F55B495
F503B80633C13F3ABF12E97928DFDD37
90BF34230AA9882A7C7B346D75CC79EE
42499DDF88B47AE4B6DFC1124AE1A2CA
4BCC0931548FF481739FD44F891A0BE1
31AAF9F36AEA85F6E3C225E161A88172
5C1DB4D106BB08F767BA9F68B95D2227
B2962A10DD836A41539B376E4CD16775
ED29B15345140AB1368B1EE90328EB6F
45C8A20A00B5FFAFB9BC3A7009F770D0
69550C731C369683C063CAD529534C94
453E4FE6E2FDE3C416935CE9ABE9EA92
AE266C5FEA0F5DEF861F2D2DA3F2F67B
267EAC7FD9AF54FEC7B45A60AEA1752D
C72B88963B66556EEC271F18DDE19BE1
85D86C2DA82E3333B55640F024DA5DBC
2F6C299C5E55B4EC3499DE9010A640BF
E6ABEEFA53FB9A16837583BE34057BC1
2BFC8E93ED139294300A1AA2C2CDA06F
105A43BD4A5A3E33FBD2907914E6F4F2
EB21B3B678B918DC03050ADECC66D42B
2278426C8A38488F24227487AB2F8A4D
9179C1BF4BF0A536C52A2C4664F64A1E
8C181A56D4855F412D7E460CE67F0273
AD3D3023D2B48BE238C6E0B43CD42B78
86AC0E10747C49768F269099C8852CC5
E805F505F92CD2A88A440CEF4BCA148A
8CB9AEB834ED8A922E52427E5E121C6D
8526460F1324716C01ED437D18495A58
A58FA4F2C27C67520EDEAF5BDA09ECBF
FA3C495F626936F3DC80DEEDCFEC41B1
69664CB06E1ABF6986DD431F2B46898E
76AB900E6F2A1A6F7538A49D24DCA635
95B5FA6D6BEE4AD49DD2B87CA47310E7
6C1BC940F2982ACACD8BF2DD5BF22C93
99CEBBE5F4F984381CF1A21AD4FD7F08
4B1C24DFAADF09EF3B852EFB29B389BF
81D49FC10E7521619F0AAAFB58631E38
0F3584F2402507D8933A64C7E6162CB2
275ED84DD96B6E3A9A689C4C5FFDF970
DAEE977D92DDE418C08EE248D0557D40
9C214349ADDC96A4EC2A5A95DA9F6290
1298BD496BCB3FBB607FC29A59463490
8E32BA54C3F9047B1346554464AF4C67
9FC8E7E05311CB88BBF73294F8F991AF
2B421DF0B578B157A1DD537E1538BEF1
83AF3FE0A9154992EAFADEE37C354A10
B2CCE6609005368CAE5CDED03D687A59
763F8D8AAEEE01B112957844FD5F3031
20021D88D3B4CED2F31178A4F9DAEB01
96BD0AF26378D1A9054964F56571550E
1215608DA2C8358A1E67297A62F8FE14
01462E0719845D75F137C782F240F21B
CB874DC27E746230E8971A15C90A31B9
E5ED09C352C622F119E35257DB26364C
B4DF338B7345F390286051D68AA321CA
9EAC9961F3ACA730C79250F1A7FA71F8
E48FB84F19A77E14A3E7B8E2263119E3
594362DE29EDBCA3385A97043DE817BF
9F8FF46D70781A5E2D880E8BE00D9D20
0980ED2F21DCF63C88838BA43455BD4C
902F3C6D6C2F3E8F06B5B581097CB5B1
556EB940A62F7E3ECB0EA8CEDE01CFE5
B9D89E4658AD71111987BE17375F912E
7841C3258780E1A1AB6E8302D909CAA1
9375EED669D8F727536F6062F176A0CC
166B0238E4753693638E568A9E085611
AF26266F73227051FB44B27E91ACCDC7
B225B1D34A0A4B9304D0DC3A4A4E1C99
57DA36159EE41404D17C7849160FC212
473B8128F0E35720410311BC944897EB
EB1B927EFE78EBF7B06F0F3FFEF318B9
EC31DDE97841F7650C56EC66F22FA396
CBBA60FEF0FB0BF7574E91CA095967E0
4C8DFBE9D5AB40A07EDE9CEBF3FBE287
485EE421B80A884AD86DED8E3E96F773
3636E2563A468F404644297EE6E7CB86
32E225A1D62A7C07595574BC3117EB56
9135EC739EEC284E797F288CF047E747
06A87EA1A50BB9DFF887B8E891F6FF04
23C5098EE705DB4CCD6546A8F8EC59D3
6540D285D0A4A318D52FCCEF59DFD70D
D3941E66856CFBDDDE23E0DBAC2019FD
E13C673837D34ADED4A75EBD43E1E22C
C88444C01FA7A820DA309325E20217D6
F3638D9EB473E0FA80675C2013513522
1A72697983D06C97F7E475DBDE73E071
F289DE4E53186340AB3E76D6EB40F7A1
7AD7D6C732256F67C7CDA2BEBD24C373
DD6D9DB272B81BFBFB54A6FEB93BF284
0BA8BFA0F9EFA14A52C6FE55782F56B3
220B7EB0E7B2F835139790F3300F5565
BC49C2F90259AD6BAFB51E5B71643517
D2D62C0272C9AC7D02BF0D1E24DA4DAF
22B10F267893739B43001658AAA3501A
31F3257A35379A3E74BA71B65970F475
8E09B5A7B45921F56F1BADC2C726A25E
F187BA9A36C7D26E4C90072EEC965E1A
6ACCE90F526C3D50CCD42774694D94B2
ACF469B539B8ACE990A84D227F84E3D6
3F2D588223484C85E4C3A1CE9D87B77A
6907B0DEE3A5D625DF0F419C3B24F0B4
E1E71EC0BF720FBF58DEDB93CD390743
BCBA10B0D7BBC04C9E6C0051DD303CE4
E3CBDEB7DA1C91A1BF8D9DB49089E6C2
A88C2F49058575D7ABC52A8943ED6E8A
16631EFE0571056AF4B3933B157FB16F
E6AA6BCB8C0B6E5C0D537190E4F13974
B56E46867E99913EB4B4B63563CB22A4
7A30B245C8C32B958261A002A76FB363
55CF8A9BB52026299BF77C66BF052962
541A2FF3586661A4C707EE29BD071836
AE4C9AFB75BA0D96BBC59CA230861EEE
9F38DE1E0C76C46F011ECD6B84AC09B5
C74986B1893EFA34BC4D8DD17399EEE2
9B16C79AC2D5BCF7FCD31A7D1CAA76CD
0C09C7CABBCC379B2B9CA0A266161358
6AC98CDB80BB8439B210FCD1B9D9C691
2E17DE8449618AD68052165382D2BB0B
B81E19294B3E13BF4394FFB4DCBD0C16
3839B27E7B545A578586ED80D3E3CE38
A4394F2A40431C4275F8C302C4B96255
C5B27C87AC1949FDB04A5DD98EDB9863
CC465BE34ABB9633EA80EEBED245376F
57BEAD3729F28C1893E672D93EC53AFA
6507256E0FFCDB55A735DEE333C41EA5
F50EEC46D8CBEDE22A369B55F0F17BF7
A6E301C0053A1D9580BC1BE61A0D6D59
E4899E6936CEDA29848F824B86E6B8E4
D0B346C53189A605CE07866F3AF74819
06EFD86B87BFFE6E97FF6AF20E1FC9F1
82345D3F23475E6642FA64489BBFD695
86923AB5DB3FF4FAB47D77E3BD9B9146
3F325D8C5AF50BEB78FAE6AE48B45B4A
8CDA84D4B25EFB3623FB8784E6242D0C
4F73671F3EE9E561279F7F8A8C007E18
296E56A8B8F9FF577CF6B534229AA711
DBEFCA3B3448630AA69439C354518B62
85B4C3E259B058A4A2DF4F76F30A9339
165951309ED42128D6C3CC0E38FD8E0D
67585A6D4A51E83B71216C4A570F7C07
9F617F049F606ECD2FB9B3E0463F66F6
8A6C1CAC6A0FADB90635279813827510
3EACAE1042D328D8957C18332473BCA6
08A267A4722B7E3C9E27D15D9064D4E6
4B72932F2E306B5A0A3A6824E75FD5F1
46C57C91BD2B2486CAD0335173401818
FF7ADD2E6251BF33C06B1B083A30BC53
02655C0D39803F126608124ED9BA3725
D721F11C217ECA1DD150792F6DEB9868
06C5D7990D430A50791580CA42F8A30D
1CB345D5F1A1193FC15C5BCD71FC3C01
F5C469F005A59885715234B96EFC9B1D
121E808F60F1AACC19F66A8CC760A1FC
5DB5B5F5DD550D3BCBEE7581EF8AEFE9
7AFF9669BB9DE2C031993F41AA16216D
3F2ED2A37B2359D82AB3C79B93825AE2
4B5C3B29CDC4FA3DF9539A79093387C8
273F39B1F145AFE98DD4AD42B3190B92
B1F9214C009F1EFBE21FDEB7335C840A
2EB61E1E6B8D4DE3779A06F7067DB587
B1E61DB56479FCB0B8C67DD4F37620D5
5256D89445C857BF30CD6FF3D28074CC
14FC1CA4DA2C40A48CFE871AA2329998
DB8AFEED91A4B530A7180B68231A3335
01BE279A37EB9A47E27F0DF2E8B1488D
DE2826CCA6EE40B5F3A712F73BFA1B01
946162AEEF43A56B6F38C4E549420673
F0CEE6D21A78FF24D4D1338A289B5578
55225AA9618E48C89BFF14151E350170
922A935684F769E890FC2DB0A3DBAA59
5ED01A91C2905EC8515CB7CF1BE687DE
A5D013663F78AF1B8452772D2256F1EE
AA8078F478AC5A36F9161A3491DE53C6
D031F55D6EAFFC9C87ADD379DE13852C
6D592CF7DBB809395BA73FD61CB2D6B7
49D1F74CCAB1F1B05A6A7A857E3F4501
25C2874D5DBAB032BF69442EEC179AF9
4F4922382FBCA97D96E05299F4DC3D37
95F18EF7324DEDBA6BF23D5D7582AB6B
0EB412411199185711E8EA926C47950A
D168721BB4D786FFDB874449FF2CBEBB
B482BD26210A16AB67131F8A13B256FD
E7A0C42C85AAE28ED5DF6573AFB3110D
D501CCF2591FAD4EFD3636206E611A3F
C1BA716747C1DEFD394245FC4EEE4D70
7E993F39D3388445E942B8C579057F01
EBF37413472457A4F21BE812D46B5F11
6556A30697400ADC59B3061E830B29F3
9EF23BC90CC63C04A1205F871CCFD00E
BDF69D2C574F4B5F565A14F11BABB953
2E7AA90EC5EE53824FBDD50CA2258510
AEB3ED9FDA5456DB00577B05F0DFABC2
98B43487C5362EFB613F1A5B4FB975B6
3D728C01823EE09EB8BFDEA516A410B3
F60357DF0858972461D41E39007D6B54
1960C2B54441AA6ECF1329DABF4D6278
F75D2A2636F11F31BE3571B15504C48C
468EDECB44D67033777A1D79B01E5D9C
D47F680A5FA8F68404C938CEA3850868
FD485F044EF39D44E7BD068DDE5E915E
0FE477B3752A29766724981E4595DDDD
1488ABEA7671B75DF08E00EFAC38CB41
C70361719C37311DB2D0C5B2FF3A81AE
345E4D70C54EA35AFC05DA96852BE121
D74BF49C9AD620D27905A818E87ACDBD
3D7479BACD701D4E61E2809AB49648C1
BE1B9731C41D3DC339A589A6387AE1DB
807496743618ACF907984FF708EBF1BB
62A162A847C1EDB941E3373A4A8F097F
927E6E071DCC042C12E6FEAA725ED654
E03D6D24215DAD4112556177D0F067BA
D824BD0364EB505E6B7E5E726FD9EBE9
E5DD43FE1E123166EB03187EAD926AAE
D6FA77151C318D28011AF06EFA9F6476
4262B3B82885D06A6773030D0AFF965C
90FDC4E04CC7F9BF76E027FA2F5B3DC4
0C30E4CD59D5DD8286C695440194A403
F04B85DE1B52CB6926222416FA8A9C8E
8A6FCD3750A2C0A6C4BEA5800B9D0154
DAB41EF3C9C1045AACA50D79B791DC44
ACEAE7094F03D94E9389FCCC5FDCC2BE
8CCEDDA9B319BF9B8DA835D0396831C3
1B0163C29B448682CA7F93A82259E000
F04B4675FAF1347DD841DFC90B4E4876
4B27F32044651580BBA8D16D8851812E
F8B199CF601428BC56CE12C037DD78D8
684D11734BB4F2805E7E0A7046DD586D
976D89861E817546C1AF579425D6B996
5DB4C333CDB27D980F5DD5DA7A01EDDD
95CCBC1E0E8B65332F7F4DFFB33134CB
8060A9EADE1B23E377D542C60D450E7B
3101347163E627ADF413D1E22582726C
C7DAB222F87804DE9207AE7E07EDC420
2B91BEE6E34A6DE070C032DF75F0ED6A
F29C1CFBF390E35D864CE29548288A26
8DD4F943D5FE4468F3D9C9B1183BC664
CD8113F38BA35D5F5C8F95E9C20E63C2
510B1F9AD8018DD51E5956F263932022
1F2954BA1894AB9CB54DD57E545E8AA4
F1D1EA889BFA72516AF2BAF89647A736
C6229FB9979D61B61405AFCF4447BC9C
C853656762A07F83E5A48322E35F4991
02A38B7398AECD2DE5C9D3DD5F49609F
8C253D813FFC8FB09748F4903A08B67C
AEAF9C807FCDDBF25F49D25B6583E529
36706A8CD23212F028CD9A0C1BBE626D
CCC5772966152CE7844A8DDC4142344C
AEF5CEF0C3A5EDBE3A454A6B8E5CD35B
7A508E4C51C1EDA4584FB3012E4E9960
04F6E6C01579C3B47C0AD6BA205B107E
40BFA461FF06757F11DD1D30FAE9F005
BF2A51D6D29E6F3AF4686A3764803D2E
ED85848D9497284259056AE6749828AB
3B6934297DBD9534E401FA84CE458FBF
4ADC2565D00B95049D08F8977BFB708F
0039AF8AD93835B02844E4DCB9CB9AA7
8D40BF260F728B8E0E6C1A9EF2ABE3E3
52D5BEE50F2DC118B9BE6DCE0D552FB2
E009028B8FC62D8D4EA597A162213D72
8DFF8DF17BBA659D3CBA5AB777684539
3E1E752B4534ADD3617C95D39919D08E
0DC75A57F988D46A6AC0E9A13BDD78DA
AAA586B95C3C8DEA19C1CB398D42C4BD
51399E81670D522B5B4D139043CADE79
C7B3DD19A0E88232BEA1D41FC9328E63
3AAF89E2956779655145AF03E967B8DB
69F6829E4F076FBB95EF4B97C6C9A1CB
CFF1FC244A63B80683D76A82A3046DD4
CFB92BE564D0147253E9587F78733460
B476E276FBDEE8F5BE940152A5A89C3F
3A3E79937FF98BBA67546EDA8F4A4DC5
1760E896C3784C76E3275B26DAD3C778
7A01D8D95FEEDA18A5354EB7789BE588
8A2047DE1042A17CE12F251A835D6289
A2E7CC35A3C0CD9A3EE8451D5FF78F7A
042DF67FE916EABDB135913C3AE9C3DF
C32EDE37398B629FB1D52ED194959AA2
1F8C3125FBE804C8EC905388AC52140A
5524C5C87A69007D46D84C54C2F5272E
C663D5BE6B233162C82F3BBF69B89636
7EBE504902476C8C3E7FFB40F35DC634
8858FF715266BB34290F9507F561F468
1880B211648033AABCE102EEAA324E40
8581DA8B91834D83F411AE297804C751
F7C17BD1A29589921D9F0874D6427F1A
D57B7F19A8F5ACC573087F5D24D29BDF
A3DF173A8F95D0857157D3381713287A
56D0B38970470C53F26CC2D17C6CC1F1
DA5FE25C215E72DA39DD6F47B3080CB9
C941B6877C64531E67C5AE581EF2CE03
E5AAB818C1249539DC6259217E1F5BDD
97AAEF05BF7549F19F92061BF83E8C9C
BEB8B4D829B9DF1659D3D9113BFF7FF8
1024D7970DB1D168C956D197EDBD4BAF
A55EF5FDC0AD89BECA3013B133138246
5A298D2FA2B0AD83A0F6EF209BB2B437
DFE860BED2AF9822299C4BC793ABE7E6
BD95EA03ABB9730C5562981F4AF5F357
90AAE4364370ABD3ADE773A015FB7455
C2EEF096A3B7A09295BD42EC96850356
6DAEC8D362D56993EE3F02CA8EA17880
9A05DF161870A50EC77F97BA6B463DEA
3A3B7A15095B6EA9157BBD31850532D0
1E877E0BAEF7084B34D022D5AC03A242
DD0FD86B029D9DF39BC78C13AE6D64CA
E946FDD1476328732E4241BD7B3151F1
404EC184BEAF8AC3ACC8FA47CF9C51BC
53B0B4454083FB2DE9883332A479318F
AE6B5245090B1789C08718B7F651AA30
4782866B85750D8CC0140A709878BC91
5FF976C06654D7AA1A1E62A2AF1B5DC3
0ED00C15FBCB5C5241BE49B4B881D1B3
CDFE6188F7B06645614AF4A543A9A331
77CDB2CC5AF1093161A7385749F343DF
07D92A9BB76627AD00BE2612F59967DC
FAE06B3C9542365741B7DA203A4E1D0C
2A61BDA21E256E144B71ECCEC21C8E1C
88A899DFCA9FCC2794E152A006712F55
F81E281A80206401CC3C4860516E39E2
67D60B59560C2B3D2DC1FE6012A8BB91
8D5F76FBF2B148591467035AF84959A0
3EE287BED05BAB0175D26BB19BC052CD
D84774873AA772956CCEF7F97B554895
797C79ED1FD7998988536110274104B2
8E9DD1E5644B5729EB476BF0FE572B3E
8863A4BD95924675DC09BC01FA9D54FC
A6D1FC68BBDBD8B5D57121FE82D05E5B
6989485EE95AC238F9AC642AB4B72746
F2E739E7CADDC4CF06FDC8C018BEB92C
8CB508F75AC76F35B7F5576FC5026480
90869F1C62801B73385BBEE159578787
3861B257FB8FE1910116DD9559C3E5F1
39E6F079985ECC990CA86B26FFE26A38
C47C11A4CB2C786DC857D800751B2A60
C42E397626D97C0059A7B01A77FA2DF6
18A0D0E39D9E6A522718EC95C9B16F92
47563575BC0F88C330AB32F4173EB345
9CC0FF57FC25E9EFBEE36D5ACCAED9A7
09A28B82E2CAF11D342B058DB1B7565C
4D758EF26A8260E910E9467E1C3A9CA9
58DCE32906B92967D1397E744CDCEA3A
2A0E48A0F6A16F394C704CE45E94A576
ABB7814CD3FC9F7BBE0D390ACAFEB379
C94353C56511712224F27485255EB370
AC5ADAEAD7E7A232B8C868B98F761748
C30163D2E7A0DBB3B1B73E9C2C8FC468
3398E0740ACA0EB40494BCE38FEB06CB
2E4066DF0CF268042D55CDC049101363
883B2E6C7FC239F1B2371C6AE5B9DB10
676C6D3CBCD04206EACBB77C3BC5AF27
8AE4FB863D1475695CEAB7A936082B58
4309BE7D98C2970A19E688491FB6461B
ED42BAF8547C2D48B90AFA622C06F177
CF5231CCDB30A2A9800E2FDDF3D62C5C
E7DD929C1266953793B527E1EC014131
68458D5925A57A60F0441A136AC17966
D602BE4C42C6D53FF3EBD26B1086F427
CF4B5F45433E16F1B5051106B2C95F6C
7D539989AA0D17630B15EDF0FA4C1DF7
24E4813A420BF5BFA5EEFD1162B5362D
8DAC6DEB4FFB40182D295E6AE85546F4
B3168BE6E0C6730CB278A5096FA067E4
25599DCC7F517EEFCC4F700C042E0F60
6FABA70B01D7F15D96A934223B78994A
BC20B89B0BBD5FEBCE7A590D9B33DDF3
D80CA3DDCDFF734BFCFF283CC8E20A43
E186227E8709B46ABFDCCA58EDA41CC6
C37DCF0AB4BBB874B5568380B2454F27
B231FE61654765A81E4AC118F1BC94F8
98574E4FF3F74FA1605572AEDA212766
6BAB5DB40778A46E348E4C32ACF1190E
8B9BF7906D96FDE1988E15A84C233C06
415C2E8573E882DAA09EB2C7A9DC774B
CDA6480271E5A39D7E8AD107B73457BD
990B334D441A639CCD9C7C6FCB0DB1A3
EB0B130893262C3C2442503ADD72A5E2
3D6E9D8FB00AFAF5F433D2A971530649
ED39EC08B704A7E00AF574A9DAF77AB2
B989F845E8E7C485E4DAB4A16BA5B463
64C43D8ED16D857A4A616D722C93E23A
4C19DC0709B632BE46D87F95B7AFE424
EC4E3E0DC6711562999BD3FCC797EE22
C35535A28ADFF62D413BFF2AB2449085
BA8BE8B300ED14B25C87A6C242286B29
227D0EE0E80BB7E836D69ADF0C16A141
62038FF4BFAE1394FA459CF796052804
57C0FCF9F4445BED12DD21D67C8A8321
0923A2EAB9CB212B5DAB113FCC928FE0
7BD1BB8FF5071B546571C2FD2757E144
853DAA61242794BA7EFC1337D8BDAD42
370848BCC59D5D76CFCB057F45BBD65D
AE21BD4A45660F0BC7543220BAA8DEC6
1C14043994F799CB75EDA7CC86C5908F
F32A2E29098F76E9B67E9A04ACF137DB
14AFE89A4AE6A1DD4E1CF26B48B7B315
129AC676AB2652C9BCECB74A116CF806
1F60A10943B346AC1F482FBD36A1674F
4A06C982F08280F951690D6249006741
5484011FFBC975D0A7DE2A6746C6C142
AB4092D11EF70CA94569766FD2588BDD
B1E6DF1FBF29E13B9719F55779A747F8
A9B9FAFB3C79977FDFD85720B25C8FF0
D8AE8B40CC5ADA816333CB216F5181C3
F7C87429F6C4B54FB52EAA8FBEDE2916
EBE45A9C2DC566FDDEDBD63ACB472E6E
227FC6F0C4322F04005D19AE27B1E7DB
3CF8B4FBA4718C83EF445E301734884F
BA199D384CE7EB7DA79E39DFE6391502
EE158610A01007CE5BAF4AD277013186
B6F2486E466669CAD8922D2F74BAF628
BB89C4002A7AC939715B774E8085C127
EE8BA9D92AA1D185A43B7CF4B2EFE7E8
F97C3FB4139E19EA6393155A1E0A3463
2273B7B65C89AE4CDDCB8A4C5A7768CA
2417C79AB2CFF1B24BBF4B129F4E7ACF
8E5D4AC480EC3BF59092F5F2233F1992
BFC8D7F645A5C110733ABDA6462F2D38
238E91223974FF72C0E48BDA0DA35F3B
18DE262811B1AF57E9377A4AAC43B362
FAF656E6B47148E353D33FB34B858EBA
5FEF360959B6E6A4F028485007C33766
F0DCA5FC9129EE2BC4631E6A7597B7E4
61EDF4BA953FA80942061C5645E2895F
86C94318ACC9853E0B578D7A6D7B5A05
0B22CA6DFA580D258CD81DA0BB5D2A36
F8ACC203FA650DF5A00F466D55B4E31E
DB155CB7F6B862367946447A21B954BC
8F7315EE29355B3516FB15EDAC57DB3D
90B136E8C65237294C9184FFBCB6AF84
038FED03AAEB14AF2275157309A4568D
379E3E93CEE53C46F1753994031D8417
68AB7430E5FF6439BAF61AF90416F0C8
4BBF91ABD6339BFBD56CAECBD737D1CA
7BC1A39FA9DAF66637B6F57826612249
BC922D1B93ACFB7B15A07FDBCC913F0B
56881161B08FE146A34AD1ABC7B3A66A
FD989CE1AFFFAD81B2808C782FBDF94C
5F42E54FD5F2DB3C85A0A13CE0CA31B2
6DA3C9A6F64F8C35D1AEC568ABDCBCFE
CD619FC9C0CC0B5BEEE5ABB6FCC3CFBC
C8664991DF0E9F2A44E25EE9D86EB8DA
380682B9A2328C6542F366438F3EACA1
7E8939B5C5C39FE0B7E754A126558953
893B240FB7F2311E15A7B92155C00082
0AF199617A55CA6046A7476CD91009CC
0654B2279A6679B09DD4CE3467928186
CFA78FED8B69E8C2F307E12DEE1A896F
88B2F182DDD9843962FAB786A8C2B98F
9DDE15CA3513F853B905CAB35651A07A
4346F11644453F8AACEF26FE1585DECC
D6FEBD4CE001BA6C13EBE0BFB66F8E88
1ED4C21699A62C5B7DB56C27557665B8
C7A2B06C9C67039934D8DB0C0A7D7DA4
A8DFD9D976F74C4A3536365F83F8F868
DE2D2C73ACE5E3DB361A3BAE59C2C337
974081F8783785DACE1D6C42C79EFAE7
8E81056F1F798650E1A43FBF39461545
5C23C2BB3F7F022FC7CC24570F41767D
CEC56535A2A15AE9312039FFB0D4240C
8093F87942751D8D8A2FD7CF0C4A3D59
C065C5AF363599C74A6DAF047FCBF024
FFD9942CF8B0BF7E16EDAD018A2ED1A3
8633856F0F974C6EDDF2CF126081F8D2
C78EBA88CB2E41E052A4226E27550B09
E4BEEBD42EE7F1772E9E6F52F584ABEB
7522A5AD5E386DEB5442ED26EB2E14AF
D7A7D71E5B5FC2D1E279E1BD49DA2021
7905B12C23D5091BFA8DB90BC613C76A
CEC43FA89394472330367E95608EBB90
16BFA060F69EAADB692FF71AA8CE704D
8A0F3155E727BFB30746562786C7486E
D49EA0F540415D88B5FA3E83CEE9EC17
5D2E89CDC111FDE609CBF018CD7E211F
7BFE75C4DAE82F9253E12C1BC836949A
B914905E80C77DB11199ABE5500438C1
22F4CED02AC1C3E90234E359D2385FCA
05F67C9A6959C6FFC14F08571A9D65C9
10BF64BF4CCC3397AE180A7196CBCE12
014EDC0AB02F3E17763CF437B319B9C8
335DC291AB61B547C21D93CC3C11EBD3
C474B9F5193FC3A90A89362647AE2A5E
44598D6D588EB128359EDB337554864A
EBDCA6AE6F5B9883811D7ECA2214CFBE
2F1619E1D3B3F168036AA66514692485
95AAD227F675AAF427515EDE311FCCB8
63EFF1DC320B4862D303034777FE90CB
6D5DF74839C493AE40BABE8F4F63764E
69E42B0EF32CE20901D510C817C07A11
BF36E9690B1D45ADB632BBE30DB0B141
998F939E3A179E1E3DF9863106F07F00
37C47E722CE01BE59BBC42757788E330
8044A01FC5EE40FFE3A23A016FF9E721
80C6FABD4431420BE5BABDC989EE011F
B21F13B000B0AC71DB487071CFF8CEEA
87244C3C78F152B16C53A5B2D7799386
6B60A2BC98897B48D57FE79F1340C9E0
61022FB307F7BFFBC6383091C53D6271
DF0D964D08C6A9AC8319FF844BD37ED6
F47146C1C6041DC43214A49EB6CF0107
8F280F555C0A9715233522352AA6C0EE
F5EA943A1B45923514800598AF8B0E7A
4F49C958B6AAC0D51B892A48A996CCB8
6BCCA196C98D3D1096B68636CDA385A8
C9E1DBBA5D462171C7E29F1300FA7302
89C87E75CD9596336ED1360570F8CC1D
CDDBA7226884796F5585454691AE60A7
28CD01005789366871E7301F4BC1368E
B4BA98561EE67D56C995622880F9F071
286A1193D2D5A34750AF67B92FAE444E
B29BC3CAD4A6561E66ECAEF873BA61EC
E84E0BF65F238BBDFBFF4C4171DF4CD4
D7CE442744A267EFF043BED4D327325D
62B3A3C2849F5C13F7BF0F0AB43B1948
A0F60E644D4F541C8FAA8CC082C3FE52
034BD1902286EC2DFCA0110CF16F0E05
39F3EF64FA63CBB5849C1312A2EDDB19
8458515C563D5C81B0AA40DF6E14E6C9
EECA37E1A2F786E84E56B2BE2BACD6E1
4D5B043105BC089C28D2A6EF9B3F8BD6
4C208698B5B1AE256E61BEFEBD22204D
E931EB3B49A19F7BE1E6702374D0234D
CFD8FC7FCA9E4226A566B7FC4A5E02D0
ED676869327A96F2BAC54074ED3DE311
66404245B715A31DF345B7E4C79E14D6
BFA5CCCF5477A166320622587B3B7E11
8041F3FFCE6BFFEAAF439AFAC97CCC2A
9D0283658058E81A1A61CDBBE7E2FA88
30DCF805731ABA3D54FD57509ED7598C
BEC63F87916DFEC9A0F523D6B5CB58E9
7D8E92A9EF4003A403D7B096DF5F08CC
00C9BF9D90AFBDED095FC10590229D9D
894D4281DBBAC753500ADA4DE01B1634
889E154DF5C393AA44D3979030900EDC
77C3F71686AEAC04F2572B0806F796A8
ACE53E260ACF4F95C3516CFE15664060
4D658906C661C1E365648929CF07ED9F
4F5186DF1FF28121AAE8E2074AD3C420
51DD398EF4B8DB1EF063CE5E8ABCB09D
F80B397D3651DFB68C45AABED7376941
1F9209CD2C9D4B603FDF2C31F1A99B08
E714C8455753CAE81C6CBE983A883C8C
9A15BD720B92773209FD5A4FC017C94E
DC364ABBAAD10E9947384FBF04BE4938
BD955E422694DB03674187FEAB929C8F
A617BB3D7100410B4006E60D81C7497D
396840ACBCB57F13A7195A57C16DB27A
86E7CB0EBC3FA9E607646FD4A57E076B
5C26DB923C52CBA8F13BA53D52C56488
001EAB179C9DBF26936111C7C4C4E291
E01B02AF7A5F007B0DCD3C53410BAEE0
D352BDDC75A45AA3D6EC2FE36EA1EBA8
D2C068CD5978555073DBD0C1FDB4AB6E
18E32679105C8FDE4539AB3FF37BEEB1
07BED948800F2D726BE18D149EB74B22
5BD1FB649F1C57B0CC5AB917287E46AD
E78F88214B8F5E3F87E772D0CD5A43D1
CD36B337B36CC115997D424FDD4BCAC1
53923D3FF04F09969DA7BD41BE69FC91
E6B45D0FA2772752A8294CDFB9C04ED7
6FF3E218132C1F241578D37AECA2409C
3E28BD4E0CFB588A7A1C0241CA5242FF
4804B742BCC68A2A653C002D4F56E105
5B8B82DAB7EF4B209DC2EF4DDC1B160B
5D0A0AA1684689D1902CD2C26360145A
4B6F0324CDEFA928226F4D937F943D79
B8CCFB31FB9B309C1ABBB74D8208BD4A
CE27E5C75FD11B64F120F98D1AAA9576
E821760306030AE2A59FE665A45F7283
5334FB46DF57EACB4D6CCFF9AEBD9AE5
E4080FE3D2573C5416C6F149CCA13C9F
B306F2D71607BFB04081D0A7F43EEF43
ECEF7B968BAD5D433760DF3080386DB4
9B42F31EECADA98FE4B87159CC350D8A
2A6BFCBEA0998D465139020C34E8393A
A394D56ED268B5D678D96D9B65F2DABF
9859C3EB29DBEAA0DEB4C8332BEB696F
1CBC07752120D441421AACA9A0EDE396
6EE2B38CCFE54B91264C6A98861140B5
B082A27B0AF25591B6135450979354A2
834E3FE1E1630FEDE87BEE87D6796BBA
99A3E6FE2334AFA8897E65315B234051
CC06255A4B92D105D194E619317A97C3
E5AF7A1F787C3E4A4BB51AD621CB826B
10918CF376B39430704F829B44F66492
3886601958EAE9706E3DADCBD9874E0C
B7BAADCA3B76C96A3D2E52B03999CC89
9BE0B3BAE590BB6B6E2688AC11DF036B
922F971A8215DB80593C93F23A597646
28D26B062867AB89C96CB031A8C4CF0C
D70B981DFCD66DDA6A63FF5863CF3BBA
000000000005C50000000C027FFFFFFF
000000000000000000000000000000B0
000000000000000000000000000000A3
0000000000000000000000000000006B
000000000000000000000000000000F8
A6CA170B977DF18C87A783A6424FC7CF
5EA88287332C5F52A24673D21A330B08
233CC554709C642DC79B000FB249988C
0539026F75A5E2F1107CB6660DE7265E
B8B2B1AE503AC0C031C89CE8960919F2
000000000005450000000C027F00FF00
5ADCDE6F537FAE843CB741B1B6CAC88C
14639ECD81607A5F04B2875B9B39EBF0
82E3DDD20558D989DBE7F320D840F295
730C505FA49515425018E4A942CBFB1F
204373799102A73E63A5983247656107
A3F0233DD7EDA136F982854BCD3C64CD
2DF9ABFA395F63DB62E7E4CC3DE696B8
3C73AA7287C4138B51AAF1C6C1A6AE36
710997D6AD587998C09F810B4F0F49A2
995BE5F3558FAFFFCC2756AF0D922B0F
632B349C9E65200CC2AB1C63B260FF5D
C2F1EEFA0854BAEDBDEB59FE5E3B602C
93195C279DBB2ED66E3882962F3BDCE4
2E36C68D47DD51A7DFD8604DF3E9A883
2624D61D9FF7C94B4F0DDEF50ACB8D73
103111074CC5258F82CD0AEA7BFD508E
0000000000000000000000000000000F
18E3105226282336E91B331524352AF7
1D1B23F214150B251A26F4201A23141B
25292D3930F13614180A2B0DF6091B22
FA112D2B390C1FF23634172D2012E434
1136EC2422FF0D2D2FF12326281E251B
1E3E142AF935223123240DEE1F1C0729
3338242B3335E929340C072218FC103F
23E7052B0A221D38E6041129150E3CEF
2D2A44E42A20231D0E22F02A12102328
3C21212F22EB0C221811382DE20F170B
F7271423091D2FEE482C2E0E1A19E90D
1B1EF52223142E242FFB1C212A1C0E32
10342219EA402628271E21DD201E2537
3E3B080E1E30F422041E28241FE62F1C
17EA261026212818FA1E0534252D02FA
271D12E70224311A2A08EE3D2FFE3217
00000000000000000000000000000023
9B2E6CF2C12595AD0F859EB50BFF0795
612F7CD0A202860A07487C5601C19E37
BA3C96FA8D79EBB645373BAA216241DB
E8660FFC7E17D2A50ED52AD455A8247D
C3171C6FDDA5BAB57C6B71332EBFE838
F42253A4E1A7C5DD4AEA369C0F6EF180
F12F77A9FD7B7A3A186339A283480481
146F0DF3291AC0563C528F214D8CBD79
16958F0D0508BCA3738D873A6E55033E
48B53A183E8CFC294C12C5B4A0E91B23
D31FCB23735F1B7EF41A0875E3E46300
E92C1DFB291572D30B0C51EB2FA3D082
971C7BBAA73769B9196BD5C708328BCB
3B8827E74F9C990A52E9FB3074D4767F
3C6C9DDF1C4A973E829DA5A3740ED868
6D9B27F288D5D824C4709C1544B7B76F
000000000000000000000000000000D8
0000FFFEFEFFFF01FFFEFE00FFFF01FF
FFFF00FC00FF020101FEFF000000FDFF
FD00FFFFFE00FE00FF01000000FF0000
FEFF0302000100FF00000001000000FE
FEFF0000FE000001FF02FDFFFFFDFF01
FF01000000FE00FD02FEFEFF0001FFFF
00020000FFFFFE000100FEFF0101FF00
010000FE010001FE0200FFFF000001FF
00FFFEFF0101FE0003FF0000000100FF
FFFCFF000000FEFEFF00FFFEFFFFFFFF
000100FF00FFFE00FEFE0102FFFEFFFF
FD0003FEFF00FEFFFF00000001FFFDFF
01000000FF01FE00FF00FFFE0000FF00
020000FFFEFD000100FE02FF00FE0001
000000FFFEFF00FFFF01FFFFFF00FF00
00FE010102FE00FF0000FE010200FDFF
000000000000000000000000000000FF
341C43614B382F804FA5920632136907
DC4E81152F00ECAD8AC4902ED9E4DCC9
66E2459B8E29DA4C3D38C62403AE41E9
764246104215AC6C6527B1EE970BAE0A
D114D72F70860347CCA67758B93B7227
15968F0FF2C84F4C56E60FD5E13B6110
B04246240DE0456576DD38E438119878
5182940BF9027A1181AD19142E9A5793
5060A0FC0C31745540B1A5E8161B21BE
78DABBD14D0E0164B928BF0C1F9E65FD
C6A4A26A74CD16BFDCA0575BC5851733
C29E5531A47E9D7C271391FB45C96874
61A5684BF0AC798168DA416D58B3CC64
1758B4CD860FECFF4080B7F3D047D85A
BA3EBABE23B7B8077AED9E951B23383E
35DFCB0F69DF7D3FE0D9961194EDDCC8
70F64010B106196DEE6312823BCB2DAB
494D539F2B82D1265572AC81476D1B7B
2625B932DF06819C957F2B5559277034
A59174138C60A4CD6176044D55C527E2
652D10A178659C3A46196FC4CE96FB65
000000000005450000000C027F001FFC
92B460D44D28624CE59061EAB7F20D94
46676B565EEAA9A8554B3B48DD12D417
F2E981DEA212406D781699660AB62A9B
D93FE6F48F0364E9DCCFD31DAE4A3D4A
6E1945A8BB11A0E1B3E739746940AC2C
1842476372E5AFEC1A896C1AC4FDD292
6D6C7096ABFEC81F879AECAC0228AAAF
7888F8397FF47AB023C12BB5BDD81E2F
B844ECCFC2BA9A9B13C195551362A26D
4C3F030A821668869C8E0B9BC137E594
7B800CE4F53ABA3D0066F36125174E71
7E95264BA8D6D8DF3114F85B3BA07408
3BF42D9B2A372874B1A2211E0AF079CB
637725E89511E3BE3CDF309272B61388
3DB746104BFB23223795EAD9ADD92609
E4055C4BC34A8AEB1F3A23C40DEB9362
66D8D75D72EC5F225A3F55DA85F14D11
75DB55DAD04B34F1BFBDD591C4C540CC
2CAA490894F3104D9EA0A44C88D31862
33A8DB4A021421F6E547942A8CC6D4CA
6FFAAC9DC5E5588C22DEAE69FC20FFDB
B9C0584A71FC979CAE7CD0F404FCBDDE
DB6F408C152EC2BB1F7AD22D622BC626
1522A5C724A3C5317D5435CCC331F382
3B75C77BBEA2046B550CF04BDB1F4AD2
E7033E34127E90EE21B00AB84E849327
1FAA3486ED880D3FFB4DDB2873BAB387
8F346B2C91F22FC0384BCDFDBA19FA7D
383935B397905011A4ACE2EBB8AB8C12
4FBD12C0B89F9286C205B1027A0AB111
C80C662B76F286BE028C9FFEE9CCA5CF
FE06C4100AC4F59BA4CDE23EB42F0683
6595E378F571963B01A70C65C8D07106
CE3AFBD81ED77F612E33F088FF6926F3
D9AE73B7E4572AA224277E42DC6C392C
11362667D03BACB250D8D40FD3ED6251
A16E82125935846054C1050377454C6D
38A913CFE45879668DCE3803E51BD997
A1A345FCB4E51ECED0F41F5AD7D8B4B5
98D729E45976C028A83D20DFBDE8E48D
F7D3B9B0C288915B022422B3C0DBD120
F23A8CAC353EF7FFFDC390F75AD05D4F
EA7B86ED6C1B542C97973E9324C01733
88674E602C98C138B16D5779A80D0216
FFF4AB22412B2A31DF9418C89EEB14F7
BC4DA432245105EE61D7C619005061B3
1942C340C02C32FA14A9CD65A57B3F19
142471610F21F1D69D1845727C903398
886452877670233916168030EC9E1A06
833D648DB48C4888D8BFA4CF5A9B85B7
A49B257AA8426CC4C7CFD13D280D3D34
E5D96A456768052F9EACC840C446D144
6556A55317032831F4E02D0E4140B185
F4F5DEA0F165E0F28061D1C9497D3ABB
A25A6D6A2F4A30EFF1CE6EADC57748D8
F09BCD60EB22135E6FD6FD6DE0F212F8
BDE2B94736EDD40A4EF71A599F8C4036
37506FE2ABC4CC2172DDEF91406EF71A
177E59DBF230CA677128549A34C29F94
47C20BD6363B2746F3D4DC43ECAD623E
5F92BB7FBA9F76AB23D4A955EF4DFDCF
E07A55E63D4ED1EF522A0D2807B3DCFD
5B56670BB94D41A66E07ADE2D0E133D2
B725E0733161CE04203D069CBB4E61D4
1B190695017E2B205FB676C732E22079
6963F2E65179BDA3AAB9A11269E2B4FC
113B7368F0906478C9CBB538A0E9A4CE
50CD5179578687EC1E8629DF5A4DDCFF
0B50B3CED612F59A6B03C4AECC6640A5
8CD01CE035A7EB7CEA3296B338FE9FC0
501A4AEDB81BA9FB975E9EC1806BF3A6
7E549E11C38E8161D3D9570054C76B34
235E651B3FA3DE5E9BB9956ED4BE82F4
0FA6286BF7E4EED8508C4DB0245F474A
B8C7AFFA37666ABC067C992AE66244B2
8B85E6CE61050C6D8DFA8AFA4E89F23E
6714F0A338D15C04A02B5180E7DFF0DF
DD15C8130990FB8833D991DC38E30E52
E558A7457925C00AC9B246A3AB54C786
06E2BE5C19F119C79A1C230414E838F8
F9A04BAF21614A181D330FEA422E8F29
F9C291284DE313A8FE5F977103D2A994
2AEBF14CE522F86E982E39372FECAA8C
FD095480D2030B0DF5F49D6D5AD0358D
45E8B0D85E31A9398B86A08526DEF24D
80033F021446D2445581206B5B319E87
2157D595AC21312A8F4D112EF7CC80BE
1AC529070F509685F87F235561410A93
DEBD85E6DCBD7EB1A178EAA6C9F83AC8
861991DE1527242559C1F74EB7D1F33F
743BAE976BE70386012B22AC5E25F251
2819804EF54BCC00B9A431DC9BAF5C5F
99D95A307555F026250042090FC06DF0
7D44C705DFDD5400499F1D62F95F7DD9
A4049D9BA30653A3D573517E6DC2B66C
60883A9E2BBD5AA945FC451DA0A3C237
5BA8940612F716ABA09B023E3C931039
EFAE1838AA1A5A486D8CDBCB3581C1AF
40BE4FC56FD96A5F2F61EBA3454F97FB
F2CFB3FFFFD1B186D382D2FBFD597D09
D9BCDC14053E9BA1E1089BBAFE0AB87D
97FC689EF9E8E249BA834712C8779571
B61C3930486EC8A8DFF0792E297ED013
036765902495719E7234D50FE5EB0691
7D805F63806D1D35F95979E5F18D31B1
04F868505A03A10EB578C8FB76E608F5
972561B17A84498B36C15996616B9FFC
4996CEBB6764D23513F95E5550A60619
787AD625DB5B17E1D7ACE398AB8BB66F
942B917E5F5ACC949F5B38B258E235BC
A3B433B679724E518567872F303FD51C
D0A8B978ABEA5F03E79C74301DB4DAAA
DFE837201A0D2B1F4799DCEF718941ED
6805CD779F265F4F0795E0242B520F75
2FC2A080D711C5116F915D9385EB8FBB
7EDAE676C4221114527C807DCF4E33A6
2AA1796F92D5DC64CA636640A92166C8
22E1EC8728BCBFF7839B6F745305CA62
CD3C99A9227C6F70A133DAF7FD85AE56
8C50DBDE700B52CD4902EDD1B991D728
BA3AE0E9ABCB2CF10D28DCACFEB3F4F2
DB11418BDC7A406523FB66027D2EC8A9
39A58A76C70CB4F01A3AE5803B65E1A1
F000D4266B0D01F88AE4350BB78E8A05
0191FFC0985E7A64FB939E0FA9862DE2
4AE4A4BA1558D92DBBEAE0A69CDB87BB
3DDA2F7591EDEC40621CCE24AC685C81
E839BF04E5D311BC55EBFBCD23F4F10B
000000000000000000000000000000FD
35E733022A460D17EF1F1F18122325F6
143329E9340D1E252623F42C212F2834
20271D270AFA1A2D1C2D1F10E9281510
F53A1D19291D24F5040A1E1A0B24E818
2F23EF2A24131B0A26E817171B2C320B
373B3714E41F2D2C292028E72D392423
1B1B041F240BF217310F2D161CFB3616
1AE30723180C3427F60AF8322F21F3EE
253A1BF436011A264938E9280B1C322D
381E24380CF333181311372AED2A1439
E6172F2C33280FE4240D1E392A24ED39
0E45EE152BFE1B2726E8FD18311B3426
12171A0FF504181D07FB0BED33172C09
242F130D2044EB2C230F262E17F32025
2BF836231432283AE913072122271EEB
1A201FEE2036F8191222E10132160C25
223617360EE90D231F2C283AE53C1121
E6072A1230261DEC23123F3E1C22E92B
3132E9221D14102A13EC2E0A0C1B1722
282E1811F11D3307331C1FED221D2817
2812400A2D17013827281E3315EF1D4C
13DC1B132F20241CF4252E391E1A2BDD
0B2827E7192A2B102E1DE8FB1D231328
442210293CF21919332A1F30EB222F04
F6141625FB4327EA132331230C1AF423
2B1FF63213332A1808E5292011312B26
2A2B3413F21804FFFB2E2EF30D132224
211C2710221EF0171A10240B25F0181E
28EB1C07271B2B0CEA14231D251528F1
142B13FF371801262C12EE363A280A2A
223421441AF329232E26171CE5093324
F0180A18111F2BEB1A43431F2907F22B
2017F5270F2831272A03042504273A15
1D102917E8182F33110B33E317343C19
14140F2A1814F42617312F2925F3180E
2AF2261B2D271C24F3283921110613DF
1B1225ED1E2A38171A2C00361E2A0D2D
2B100B1219E9302C10192C19E01C0417
EE2B342E291C11E4380310182130F033
2732F7141B1F1D4522E62311250A2917
252E1E2DE5272B0D273B07ED1219450F
0E2424101624EA281F0432311FED2621
30F6231E2506291BEF062B1B2E2128EF
222536F3341D1D152A31E121372C3108
182212161FF62F2211312534F8072736
020A111D112206F71D20042B241CEA12
381DF21730261E3421F123201B22171B
29EB1A1AF0161618113A2CE5271A3432
1B152D1A102FE53232381E3027F30C17
18F12F1C14180910EC151920382303EC
0E1C2AF32A4B0F192224ED3A222D082A
2331062E04E31A1C182F1229E315182B
EC2926080F340FF2232B29311927E819
2E15E81E4229061E1AE02124281F131B
1832162CF22836222C2B2CE80D2C2320
160E2518352DE71C1C271F331BEB1727
20E2152E25122326EE261329252010F7
353527F12C271123101FE72720052526
3422300F23F3262D15101D19EE221721
EC18272518170FEE2622222E1622EE04
0C40E5FF24070DFB0AF64B0411201129
222A2C2EF21A1211060515F7192E2639
212D3721321BF00620122B371EED361B
0FE51E1B21312122F5270F362D3237F2
262315EE2C251E343D02EE1E05201229
324C22132BF0212318322E01EA2E0B08
EF363B2138102DE515140CFC1F1CEE22
3A1DEC10112618300EE22C33101B021A
291E2519F222263228233BEF29341F1E
050F140A0D2EEA1F36233A191CE72A20
21E91F37122B200CF616142A24FE34E5
253A0DF1220814262116EF1313041A27
1924392418EC1F2C1A181C23F1363E2E
F719172319162DDD181F1B0F4117F333
1F2AE82B2F29233515E706330C290412
361C1417F524201D151C22EF1A400226
0B3325320F20F53635252C3807EE1425
28EA18381E1F1F34F22D112C193F2EF6
1E0136EE39371922242EECF7302E1627
230E15202DE225221C12112DF80C2826
E72711150B1E24E22B0F212C1215DF1D
0FFCF717350A282A0FEA011221221A33
21313220E62D110B284214E51C353C2D
2B252F182C23E52B2520172E14E91B31
27FA321D281C1A0DE91D22321B2B29ED
3A2C23F520323A261431F9232D2F1B10
1A14330A0AF12419241B352AED222D2E
EB1A170F2D251CF81B311EFC2D12E928
1623F21D1E27391618053B182D132239
271E161EE93E1C19182111FC35322228
1724323C1A0DED19360D152F2EF42A00
16E40F2524151A14F12B112A301430E3
232110EF0D292C19241CF01B29351E34
1528370D16F81E202B241D38EA272F26
E3002534102217E12541413D3C25EA3C
251EE91C1A30382E2CEA2E354213253C
2A0AF524F71D1F43271D25E731262C23
2B280F180B21E2202E271DFF33F3283D
0FEE2E141C410823EF3B172B341A11F9
21222EED242B162B314BE2211C27291C
2A193B2141E02032272B3629F0FD1515
ED39312A341E11F0132B153A3616E414
2324F1231D1A471E1BEB3C1D26243028
2C373425F2230C22FB1023EE120E2125
2A34261B061DF82D100A2E35FBFB2F1F
17F546122D26222AE22321442A321EE8
120F34F226120C3D1D36ED291E311614
2C29241D14F207240C1E313CED393019
EF392500282C25F7FA13252E0F1EF435
2829F00E3425211718F12A1238372C1D
0A141E37F2191420223232E21C24391F
19151021131FF733272E2F0324FA1032
31FA252C2A111E40F32329203C3422F0
212120F63C312C1B1820EF2A14211A20
2D142D2C19EB20212709342EE422372A
F81F1D4120241D003B2E17271A26E520
2329EC31311A0F4024F5171E0B2B2834
15F70829F0171B2A171522F429112616
184634202822F42611222D2026DE2931
21F9222A40283F27FC301616182A1DEC
223C2FEC20300E1A1823EE161E25112A
273C0C2D06E6431A3A2F1026FC0C261E
EF36281D192B10F1212023154938F20C
1529EC20052AFD1802E21E071F292325
14F93128F725311628101DE91C0E272B
351D19262727EE1F291424141BE91730
FCED2C2D413D0836F1211731011C24F2
1E2C3AEA2E1E202F142BED20252C2719
00000000000000000000000000000022
49F3DB65E7B380555D60081BE1D63C8D
B26D0394053763325AF2B44362242A90
273A91CCAD3BDCDCA774416B048A2ACE
13C4889EE0D938BDE4829EFB420B209E
8DC0390D62A25F00859AAC18702A0A6C
930CD38DEAE45042F6A5DF9CD56FE233
2B07FDB4FD80BD13B05CCE4FA91DEEFF
D198D89FF0B3E679F642E5C5DAC343DD
8148E5159CDC61D7E28828EC0EFA1400
80B2014250D912195375B0B53A40E78D
A87D6C88E7DB96BF120BCA8DDED6A7EE
725107B0A7E5022C4481D8A2712EBC27
88D3971108FBAD233FD21C9FF0CF4EED
4E4006AB498C8F6FC3C492A5EADC262D
9CF630051338980A172C1427363E0C87
9BB4F9D83B27A6B4F95B6877234D2F37
558ACF92F157D2731BA17F27DA7D424F
577853CC929C7104072CFBE944268FE9
C27C3D25EE644407A1EDB10334CC18B9
1EBA22A3EA292F3E05C7864A5D6F8D07
4108A45E8C602435DA8D4532BA846012
8F42140F844BBA1F2694AA20E5DFF5E6
57BAB5376A327C6EDF5BD3D731AA9F8F
E62250F0DDC71DB9ECD08C12AA05BAC5
B97E92F6FF5DECF7442C03C5CBFBD80A
D75069F34B23110F46C89B91DA0E1975
77DC79C54C3396019D4D49EAC9E87C93
7B499F3B370D70E76DBECA23D56B61B4
94F2BE0C3E8C4B9B54931058D51E41B6
21BF4CDA5E97AFA0735E934AF8CADB89
79B7BCE8AF629948E11D4AF77689A3D0
DD0F4A1F7D9BF6B505AA021ED6F8C336
565A80F680588576DB041FC20478BEC1
B66770722FF172FD89B50CD23B629DFC
376C187574DC59BBE1F0EEEA2FF31B9A
0CD5690F737ACBB9DF64714A84D292F8
66CAD3C4BBDF3D01393F3E654126EE1A
B72806EB703045BA06A768C7B0300847
3BEF9CAAA326ECAB8118A656620F20B7
EC3B3A7EFDA12606CD186578413C4146
4E9458CCA8B4C5AFF2C2683E280F968B
CB823F7F2B42EB9329E52283BC0BE37B
F4AB26D1F7326ADF7CE30D8979B3AE65
B2574FCEA931C0727ECE8D5C7E40FEE7
E959C7750DD6CB532BC09160B5FC82DA
9B8B60905EAE99F44D543C29BDB2C99A
76E2B7F7A53E9CDC7071422C6FFBE51D
25941814DBF27B88ECC246D19F93F618
3C55A2EA29021C7F2E2BB6170CEBBAEF
BFEB7689467C4899130A3A6B9265DD3F
EF0387BFBFF2C460727185E393B5E669
72A89752A6262DFF948E92A10FD18AB9
2411A37C0878E6EC34699C513F8EA4E4
BE816E582F0B4319C5BE1D434A13B919
03865AFCAE92A0ADE4CE4DD367B2C9EB
469BF4E5F732AC19228517A9591D6ECB
CA744BB5BE9624EB24610CFD792FC10D
4BC633C49DF7025712104C8207F7FAA2
1BC98D3128B8246E492A28709A0207DB
B4EEA57757D72C27E372713CCF065BE0
E342335B5D29F5648DEFCE99B08AE486
E886C59225DE184D1016B43DBE27B350
7B414FEA0E76CD56A2204F538002E13F
A1711DF4B88BBB17C75189DA53E43435
381DA7A3DB099B58B4248307DA4246F9
6D225453AB4A202C1DC217824FB73C6D
4EBA9F2BADE2F0D20EE7CC464296A763
95D67F61214512983E54C3F9E7D3EE0F
B848EF4F998A376DFF35E0B796D6AA35
3179315E59E3E916565E5A7DECCF5402
BF363CC976CEACB028FEB7593706AE67
FA2F216E1654904499F38E5BF073E105
996C85FD2979B3B083486AD171B83DE9
604308272E08664D08343064A9B67C0C
4C005358D79ABCA9D51F9DB519AA0A1A
5B4FC573B4A47F80ADA2ABA7FA5686CA
C5F727C066F66184B08CD447DE669009
0B0897C36DDFF6CDA8D9039D0C63B925
62652399E573EA590BE23293A8A86703
C8E6C20C4DED792AEC216145306BB6C8
DF907796D87AB631428AB1464F7CD9F5
43A670156E122778EC429815AF475EE6
47587722E0B715BD115F183D9902EDC3
80065F346C0EE6C909AE0BBE522CD06F
30F6F57146CB8634BAE55BE90189F146
77287BA7EB890DB6E3960C404E8E6802
99604956DDE58997CF08A1BF37592F83
F388E8A8E5B5892F246E0B59EBB62705
FC23175CA25D31CD8A3EE0BA57E54369
0E8A28EBDCD4B2951CDB3A71B8AB434A
75B8F947A09B596351F8C63962BAB2CD
49343E69CFC56E7AFED276242E5D8186
914742BCC6C5D28193C02776BFA01135
47604412D933D316337D022AF2A92BD2
07C34F40FFEE9F909691625AED797B07
45C8C7AC074465FDFE1DEDCE2D2868EE
16EFEBB676AD00F030CDB3BF8186B17F
8E9BC69EA687D43D51A62BE6CF1D851E
D0C4AA8B3E295B05D87652997EA19E6B
E302720C03ED31D6D7EECE16F9C2D3BA
EF3A36074196E03FD6AB4623B5F05816
438C93D0797469A04774776939709644
7C9D4F0BD6E4126DBA4D5BA307BBE936
A624FE05C9F8C91916D5B0E4EA95F62E
D4285B6030A47FAE7E60378EBD893B1B
C32B4850DE0C35F167627CE0CFBCB89D
9FF8B6F503F45BEC23C5A21DD5C53C1B
A1348EE3F7BD058432A1979DFD1620BE
BBC8D081FF374F2022E8B9E4490A2F06
040DF3011438C05B67FBE878B5B4A4E1
263253CA7AE975358F629824FFEACF9F
A38D3F8DD018202CF14BC39A2D688832
1ABD6B12B68E0831EFAD0BD370CE6380
A646108B94A677B1E78AF41BE1CAE30E
B2860241CDB73576443CDD632414C7B7
AD4AABFCBA1C670D1EC45142A110073C
9F6677B1CFB8E22AE2F45FFAFAAA9C47
753573C8AF95FC8ECE2B426324F04B88
5B28AC8569FE8D29831CF3A0E89AF408
EF9EE79904CEFB83EE4AA014C709A138
14D39359965B8BEA94954BE12D1C7A72
EB2A52F3B516E285B3B8935E216711CD
E7616792CF5D71433CE339C5CAF1D9D0
CBEDEB2FE45016E188DA5EBD11B4894B
332C73B5AD74A2C7488DEF77BD8381F6
C258E9A3204887B2FE348B9A769D4F61
F737B1921DB618773B3433012888157E
7044D17851047F322AB8D24614DC709E
000000000000000000000000000000A1
02FD01FE010001FF0001FE01FEFF0000
00FEFFFE03FF00FE0100FFFEFE000101
FE01FFFFFFFEFF00FEFF00FE02FF0000
00FF00FF01FE00FE0200010001FF0000
01FFFC000000FEFEFFFF0001FF01FE01
FDFFFFFF000103FFFF0100FEFF0000FF
01FFFE00FE000101000000FD01FFFC00
0100FEFF000000FFFF00FE00FF0000FF
FF00FE01FE01FFFF02FFFFFF020300FE
FFFEFF00FEFDFFFFFF0101FDFFFF00FF
FF00FF00FEFFFEFE01FD01FFFEFDFEFF
FFFE00FFFEFFFEFFFEFFFE00FFFEFF01
00FEFEFF01FD00FF00FFFFFF01FE0000
01FF0100FFFF0000FFFEFF00FFFEFEFF
FF00010001FEFF0001FEFEFF00000100
00FFFFFF000000FFFF01FD00FF020000
01FFFF02FEFFFFFFFF0100FDFE00FF02
01FF02FD00FF0000FE01FFFFFF03FE00
FEFE00010101000002FEFE00FFFFFFFF
FF0001FEFF00FFFE0100010100FEFE00
FE01FE00010101FF01FFFD000001FF01
FE010101FF00FEFE00FFFD0002010001
00FE0002FF000101FFFD0001FF00FF01
FFFEFE0100FE000000FE0000010000FE
FEFDFFFE00FF000000FFFE0101FF00FF
FFFFFF0100FF00FF0101FEFFFF01FF00
FEFF00FF0202FF00FD03FFFEFF00FFFF
000001FEFEFD00FF00FEFD02FFFF00FE
00010101FEFFFF01FE00FEFDFE010100
00010001FDFFFEFD00FE01FFFEFDFFFE
01FFFE00FEFE00FF0100FFFF00FF0000
FD010100FE01FF0001010000FEFFFFFF
FE01FEFEFE00000000FEFF02FE00FEFF
FDFFFEFFFF000100FF0000000102FFFF
00FFFEFFFFFE00FF01FEFEFDFFFFFFFF
FFFD02010200FFFE01FD00FFFEFE0100
0000FE0001FE000000FE01FDFFFFFDFF
00000000010100FEFF0000FFFEFFFE01
00FDFEFC00FF000002FFFF00FE0000FE
020001FFFFFF0000FFFE0000FE01FEFF
01FF01FFFFFFFFFF0001FFFF00000100
01FE00020100FF00FFFDFF00FF010000
FD000101FF0100FF00FF01FF02000000
FF01FF0000FEFFFFFEFF01000000FFFF
FDFEFF0100FE00FFFFFF000000FFFFFF
01FFFEFF00FE000000FEFFFF00FF01FE
FF0001FEFF0201FFFEFFFF00FE00FF01
00FFFF01FFFEFF00FE00FF00FF00FDFE
FFFF01FFFF02FE000300FFFE03FF00FE
FE010100FE00FF0102FF00010102FDFD
00FF00FDFEFF0000FF00FD01FF00FFFF
01FF000000FE05FF00FFFFFF02FFFE00
FF0000FF0001FDFF00FF01FE0400FF01
FFFF01FFFF010000FE0000000000FCFF
FE0103FF00FFFE00000002FFFDFC0000
FFFFFDFDFEFE0000FF0000FF01FEFFFE
0300FEFFFE0002FE00FEFFFFFF00FDFE
FFFF00FFFEFEFFFF00FEFF00FEFEFFFF
FFFE0200000001FF01FEFF02FE0000FD
0000FE0000FC0100FE01FF01000300FD
01FE02020100FF00FD00FFFF00FEFDFF
01FFFFFFFFFE01010001FD0001FEFDFE
01FF01FFFF010001FEFF00010100FEFF
000102000000FF000000020000FF0201
FF00FE0101FFFF00FFFF0100FF000000
00FFFF00FEFF0101FFFE000000FC00FF
000000FEFEFD00FE0201FEFDFEFFFF01
000000010002FFFF0001FEFFFFFFFEFF
0102FFFE00FD02FEFEFEFEFCFD0001FE
00FD01FF01000002000001FE01010001
010000FF01FEFC00FF01FE01FEFF0001
0200000201FE0003000000FFFFFF0000
FE00FFFFFFFD00010001FE0100FEFDFF
FF000100FE00FE02FF00FF01FFFFFF00
01FFFFFFFFFE01FE01FEFE03010000FF
0100FE00FFFCFFFEFD01FF0000FEFFFF
01FF00FF01FEFFFF00FF0200FF01FFFF
01FEFE0000FFFFFEFF0102FE01FEFF01
FF0101FEFFFEFFFD0000000100FF01FF
00FEFE00FFFF03FFFE0101FE010001FD
00FFFF00FDFFFFFE0001FFFF0300FFFE
000200FE000101FFFFFF010201FE01FF
00FE0101FE0001FF01FFFF01FF01FFFD
0301FE020200FDFF00FEFE0100FFFDFF
00FFFF0002FFFFFFFF000101FF00FF00
00FEFFFFFE0001FF00FFFFFEFFFF0101
0001FF0002FEFFFF00FFFEFEFEFF00FF
FFFF0001FEFFFFFEFDFEFE00FFFF02FF
00FEFFFEFFFF01FFFFFE00FF01FEFF00
01FFFF00FEFFFDFFFFFE0101FF0201FF
FFFF0000FF0100FE00010001000100FE
FFFF00FE01FF00FEFD0000FEFF00FFFF
00FE00FF00FF00000002FE00FF02FEFF
00000000FF00FEFFFE00FFFFFFFE01FE
00FF010100010000000000FEFE010000
00010101FFFF01FEFD02FFFE0002FF00
01010100FE0002FEFFFFFF0001FE0000
FFFEFF000002FFFF01FF03FE00000100
01FFFDFFFFFFFE0000000000FEFFFF01
00010100FFFF0000FEFFFDFEFF0000FF
FE00FE030002FE00FF0102FF01FD0101
0000FFFE02FDFEFEFE00FE0200FDFD01
FFFE0302FFFFFEFEFFFE0000FFFDFDFD
01FEFE00FFFEFEFF0101FEFEFE0101FE
FEFF0100FE00FFFE0001FFFFFEFE0002
FF0102FFFE0000FDFF0200FFFEFFFFFE
FF00FC0002FFFFFF02FFFD0100FFFE01
00FFFE010201FE0000FEFFFFFE000000
FEFF0000000001FE01FCFDFFFF000101
FEFF0000000001FF0001FF0001FD01FF
FDFFFFFE000000FEFF01FFFEFE00FEFF
FE0100FF01000101FFFF01FEFFFD02FF
02FF010200FF0100FF000100FC0000FF
FE000001FEFE00FFFF0001FFFEFEFEFF
FE01FE0100FF00010300FE01FE0001FE
FD00FFFF010100FF00FF0101FE010100
00FEFE000001FE0000FEFFFEFFFE00FF
FF00FFFF0002FFFFFFFEFF0100FFFFFF
FDFEFE0000FFFEFEFD00FFFEFE00FE01
FE0000FD00FFFE01FFFF000201000101
FEFFFF00FF0001FEFEFEFFFE0001FE00
FF000001FF01FF01FF01FDFDFE0000FF
FFFF00FDFF0000FE000000FF01FEFE01
01FDFF02FE0102FF000000FD0100FE00
0000000000FF00FD0100FFFE0000FE01
0000FF00FD000000FEFEFFFE00FFFCFE
0000FE00FFFEFF000001FE0101FF00FF
FFFD00FF01FF0000FE020000FFFFFFFF
00000000000000000000000000000000
AF46BE590338C68706194F27FB969FBB
C716B8DA3508856BDDF2667CE90CD268
03EE586748B0CD99951D649FE9EB5C50
B7E0068E44D521ACF28515F105C7B242
13EF26A31728C7E62C91CD9E0FA5CDB8
A5A3895D35EA27F2D0395A99904A5EB2
31FC104AD2B6E7DE7030DE6858063EDC
77AFD2604F2C25A4AEB0CF0FE3E2EB48
E1E8FEED24D4413D0E8CDBA9AF952EC2
029B95CAA75B43744BCCE7ACDF8EBBBB
22576CA0B525D71471AD259090362922
62A24A014487CD4B78F8E65972E6B936
923D067BC0FB6D664821EA522432F79C
8E72C6CA6A836543C37E4B26CB865EEE
201FA1797857DFC82FC0AF08C26AD028
7CF46F1878E16CD9642220C71C97475F
F7E5B5EA87473DC124CBC3DC80F2823B
B30FEF4E48D6CC4938FD2F7B294842F4
6A81CC341A5D3AAC37ABFEB80DB3B155
FF62CE2E5C1DC7224702F3F657E5B519
A1CF7161F82130809ED6DEFC50F4BD4E
632FA2B8977C6DEF5B9A132458E8FBAD
F5D3951452498DA26B8E33E4C60C165E
BA1FE8183F48619E327FB26A4E8B66A5
843D5D0712E7A398C4C4635192D53B96
BD22B972E8E1E5727134026A2D3CF011
0778C9BF6B7337FEB1C8969726CB33D8
4EFBA045CF44EF164194EA0B3ABD3912
99A169A469A75C5AA67EBB10648AE607
0A7551F1F07F836053639E2CD65E56C3
7A47BBCC5D6EE994FF3D3320670B85FF
8ADCBE51F938F3245DE3E13960E0AA6D
DD0E42AFF523AC1E07749C72DE634835
C11E1A0585088DB4F0770307564FBBC7
1C5408889E8B3AB7BE7D1977B5089D9A
993F4807C4E075925AA8E8F880B3F5F7
1C7B6AC26BDC751FA91D0DF66C633C75
F9323561F244CC7EE7EC3C2C114A2F78
370780287A4691B0388E91CD35EA5E1C
F6B26FAC61143724C221A2BB41805979
AC31BE442F6B37F86284F5404869107A
E221B7CC22677EDE623FE0F7E3CD67E9
72BED06D95C5A9D4969AE8789C46502F
07A7437C7EDBC2968C262C9D428C9EE0
5E3AEBF4F057AC70AE1F5E7C1206A5CF
355425082703F25AA5C188C0BAF41142
BC55B538B968CC25B71AD2D3F4730C7E
4F563B092E8189212200D6A638BD4FD2
F560A63B5FBE53AA7E6FD69A6A56AE0C
9B66920AE69E519F75B3736980981DEA
6C2A45071E73E9347B44B69A2DC390A7
4A72E8FC7FEAFA0FB242DA9D00F7AB9D
439E6A136DE249C47C869BBD90B1E21C
09865CDD5FDC010A71F0E14BE31ED9CD
091C17F4D897EB536F45116E4A6288FE
873994D6F7828DEA663CD3FA1AD75A22
A6EED56CDB176F9545E8AA6A8AE81900
2DF3F890C0D67EB2C2401278583828BD
28E44F4DF9DA06FF19FFF2FDC15BC9B9
92F2945CE4465864FE4085685A6DE427
D419C3909FBA0FD144CD44B1B76AE4A3
3196061609936D8F4422E17D9B01B0B0
61FC581F62B554524779864A4B9EF8AE
3E80D1B7CB8337A9BA752B2E3320644D
D50A4DB939D86E5698AF60C56A67EB3D
9F7EED6D954723875375B19B95A6CCDB
CB543150D98159299F460AE048E4B5FD
D660B974AEBAA7C97D041B2A73FF90B2
D1F7CF123ABF681A46895B95FBE84F6D
DC0636E4389422F933B5286074695251
4389690A9C244102C6731B889DC09C14
10FA3DE732FEC8C545A03805EF23C504
D517CCE5950368CB98EA21F2418F9399
AE87F25BE61A6A258F27399686407D3F
6178475E14099700E02F2EAB93DAE777
64A1250F25A09729FEA1D2AB82B96106
C0A814C27BC37029BB7ADF4776C3CD2C
3487286C22995D2E338F080E34223274
8E86A3C9BCC8D1E020C8587E9FF7B2AF
3B4215701B40518622C3E13A4C4B2DF5
170DCD080ABD152848FF16D21D212FAD
74EAD98BA4E57289EB08DD463C6C2AE9
DA7153F08D3AFB89F06C41B918845E95
000000000001450000000024A7001555
B0753AF3CD51C6717E9218B85C9A8CED
BA8771F277AEB0701AD8BDF6FB031384
0A0302B82F54EAF4BFC5065C8DDFAA0D
B68553531D9ECD3349558BB88F184E6E
0BC3D04FF2BE7870E359499CD4902A15
0ECF83EF12A67A0A20F6404E3A17DAC2
2153AEC2294082AC08DE2A9D79DAF352
736B6AF9F193B309DE7C0464BBC2016E
BC5F06272E676BBBA2328DC0C2A5235A
FE4F4FFA455950E4767F6D975E5B83F8
2B4C89474EBF25AAF6083DBD3D0B57F5
094F14B9B2659B5ECE1CC93C9E90AEBF
0975D1CD9D1C8AF3E82BA79577000DC3
819156BFA5C927DF9118BE1008BF6BF5
9180885220A60ACB751200F44ECD47C5
6E2F70684B53FB2A51D4DC4886BDAD85
ABB4C08D2F04E778518E0343216EF003
E7F96C84E0C2DD105C2F31819F92145E
D672C49FD5069E7A96A34AE695694405
733E5537E00CC297C9A3CB0EA674AB13
8C4671ABE25894ACA1EF9A8084A0CAF5
40F3D8878859B7AB064B2E34C981E5E6
01F435B0CE3C293FF89F29FA2CC526CC
04BAF6071CC8A28A907D4F676116509F
B55F0725842094BD8D6B1A85F1341E0F
C29DF7F67BA627D6FD114A6E7D1DC92D
DD058D6A966CC06BD7BA62E79E4C40AB
3813823DD5879CA9E5ABE098A9E54B7B
5279AF4793EDB78573E0FC998BC2EF8A
76AD6592929CD59E9415F8E5FC3FB557
00CB30961729C29FEDDA20BD010D6FD5
7A89F48628087DE499FFCEDAF9D89BD4
9D33D60640F6E3743C797EC4F1C0C507
B59A4E0EE50A068C2057D4A3EE0312DE
E96FAB71B757D286444AA2774AC18587
3FD81AD8D70C855D4DA95438509D3712
D3109EB9467EC5AF7AAE41FD8E10353C
74405370F85D4645633EFFFB044B8551
B66592C00381A3F510801628F7B29640
0C5A31089EBDFE37BAAEFD8607AFB080
4B2BBD506F9BFF240F90661E91F1BDF8
49F6A4D22BDFEE337B67872BFBA41C6E
E05E0D843EAE4D0BEF5EFDC88124E6F9
33761C034B00C1DE9B3752C115D8E9D2
5504952A4A81BCDEF30C547D13FB5CA4
33822D6136F8B31FF6F6C86BA21807CD
4769CBAC17073EDDB82DF627FD02FE85
2A33A1A32CC6175117CE07B7ABB4E77B
CEE761175D09DFC5049DABEEFBCA7070
5119CFD3C7FF847B3E0B290BCDAE2871
4C0834D46A6D272C7E4AEC014D1ED465
403CD8272D5C23F5A05C214C0E077ADB
7C559DEF35CCC928ED581EE88EBD9C97
32EF393D01679D6B003CDD57EF96264B
35748E68C22CCE9DC5B97343EA4C6227
01C58869602F8DA9E64486AF19172539
B01EA34751FEA746F7D52BC66F32FF49
B2904F324D3C369D09C6F138D66A8CFE
38ACF7892474270EE333E76E1341CC76
F093F3CFF6E834B5FF858BB51FFC24A7
D2D842DF20DCA882489EA8C9783173BD
DB110C414D876A167221FB67BE2F84FB
C225959A22BC2FA847CF0FD5137368B1
E1EF1B2AC71CABDCF178C1BB13E5C4BE
6F596DAD173EDD1438DF1E4047F027C4
D189B3BC95692B55402932FA97DF19C0
93FA1A4EFF4A5E423E1087DB76369656
FC8DF01891F00BC1FE57774C0660EFA7
39590D109C5F0CD4ED857E8A4E97394C
38E894807FABD2D53A5E62D63A54A6F2
B437C41A2D10ED235C4BC8E6536E5825
A68FDF89A7D7BBC153B680586D4EBE6E
5EA4DB4FF5FD9DE35BD6DFAA101A6B29
F2EECECBA64310F4EE2B62B6222B1DBB
92EEE00E18C8101FFD964FC12CB57A58
3C85C25DD5D11328FE9CE61CB7970258
121F5573715571296F27E45BD4F098F1
C982DB12C38E4EF0710EAAAF63FC0D2B
5B95C87BF8D724104BB6CCA527B0CBB1
01A3938585D82FC1C28B324B228A780B
521FB5017E2806F741925883AD307AB4
A93FAEE46E9F152553BFF734BFCF01F8
4FCE78F0E391D4A8AD52DBFAC7554362
617C04C4D6B58A721C3315CB513DD812
343BA8EBF231D30DDA1D6909E650D619
2CFDEA1340090182437619D7C77D6063
24679898F116D52F054960128D79C7AF
D5C1132BCB1783E4D12B7C5E40A0691A
D609987E263C30C553379BB41701E2B5
4F655E9580DA0D47FE86848970802DE1
68E166AAF91BBA51C77976A1FE1BD008
61EE102FDD2B5DE4A718DF99AAD10495
27C73204C42DCDEDEA78B0FAFEC49D86
E1254D6F38CEED3732D3CB6859CD78EE
E399B14F4C62A057B791516CD4AC3B89
F83637BC4BDE27B64F9DA0D282A1C9C0
028BC3B18D28FB8F2CEEB4D9096E1BAE
5991E0137A1595AC93914C6C0CB2BE41
1267E094B632FC88B25C5912F94488A5
E96E78804D6650CE91C3E273604D1E09
FD96A0EFD52ECC03A0E4837EA24662F9
DFDFECD1F03BB116DCEE83C9D8F835A9
52DC74518371F37B0A0B140A58F319DA
D2BB38414C36F4C4AEC5CFF2A616AAA3
CD9246DF94449090953E8E7BED9F93DC
F8C9FDC7153356ABE6609BCDAE8D1517
CFDAC3CADBD1599BC039E5603FCC75FF
F16F73C412E232BA27EF72A021C768F1
370515386B4DCA615DA6D07E90AA87C2
37DC82274EC015F56BFE77AFF46CB67A
43C840CB98CCF79C4134E11F87F10049
2FB4F225D0E749E34521640C689E1EAD
BB8D001DACF5A904BAA49432693C486E
B4521B1CE1729A8C43B5F8E5A2EFC6D6
A2CA3987063D035C8F00698621CC708D
D5994E20437F540FCBC6E6777BBF1233
2A06BBD3F868A8F7B9FB692A83F25D14
CEC470B9959E4D08EC73B263736BA6C5
B927340AE20E54BB0E3321EE2E0F2DCD
EC9DF7FD65616251518591517564C2B8
B04A869DAF70286D7C9FE88C062D4019
C3DB4EAEB4F779DD1EF7206DA790656A
A2A0D3F969B3CAF5BBB47FA845C12E1A
CF763B0C60A073D3D086C3841D2F78EF
3C525FB730817419FC506589CCFEEEF1
51540F0D3B14B1BE7E6538F3E61520AD
33F5B0280BF2282A47B024D29AAFE293
2E18E1E0BB4BDBFAEE872D8B52EE2D22
DAB32BAD890EAB03FA2730FDB8D45A3E
A9AD8E109CB79B22B4DEA968FDD1A75C
FCDCC4E683F061E664B26C2FB67E084C
1173EC695992F3C5AADA7760BECA82A7
A1D3622D9113C456EA4376246DF673C9
08B2B170797687E6720D110A44B9C8A8
FF7B1DD735E0E693A87684609E26057D
73CDE4230BD4ED387B0372E3B6443382
4371266373E49E32DDFA6ADE4149BAD3
6EE1071D103A9DABAC898190B35EB160
C67F973985061280C9D55AFF6080E766
575BA0A60146C6CAB0DA54282504CCDD
13850574A59DA9E2F9063FE503D126CE
26C2AFF6A64C8A0E27F3F2DDD848B553
13F759A42A2F7893CC1CF793D3B1F587
3D2780E39D3EFC6C40B0DC9DD651D9E0
C21759AFD905D8DFDF04128F6C62C16A
BB9D016C6C57F2BEF3B172ACD335B655
B29216C24E4045F9EEBFF5CB538A41F4
35B58E54B9BF893A4D382982E58F6D3F
55E5B2B912300477DA1D4B9ACCBA8206
3A5C0CEDFDF98180B92D859FC0C77A29
8440494A84DAF052D6C6EEE34E312FF8
CE071C3EE98D1587871785045832AF23
A82BD7D5B16A9E0727C24C0B0A3C05EF
F7C30CC7C4E2C7CFB5C0E3655AA8D487
945781057E6BEB18767663B23104BA31
2979CDB14C1D28EA9A7D134DFBE42028
D0AAA785B923DC9B2B4DBE76786AE952
E215B4161F81EA865E77B3A7D616D14D
38C6C0566FB715C103210670E20BD957
AF8D844C89BD9515219E32313368E5A9
0C2F69B7DA919000F19FE8F39CCA33D5
AB3CB78D8176B595B986877547EFE6E2
D33848ED419D242A2E2E7803C04FE69E
91C95BD9BA2741070D57080F52CFFDA3
ED32A8299813B304B868EBEAB517F5CD
29541F472377CFA92969AF0B28E39D35
624ECB61EB10B3A7262AC9E05D8FEE2B
5AEDC108448408DE18F8A43BDE595837
CE8E23F1F088F04CCA7499705E6562BD
8CD0C2C579B81CFA91CB626EFF1FB734
22A00EC6C01E18359D537FF5B6E03D63
BE5333A51579DCFD9F418447B36498CE
1AB19A70AC716270E979A8CF335E7129
D0CC79F8B8A47281F998B04E627D23E4
AE7EE8D3819115DD38CE06EA28FB788C
BF1CD105DEE7FF477DC435FEA13FE32C
846D355B1E11D0D925859E098AEF8B91
51BC6DD14286216CC1A1EB704AC1BAE8
D4CE7B0A79EE1C1778A15E70CCB518C8
545FEF27B1904382608FEBA23BAA10B8
72206F0F917F4720C51DEE18E55A9072
030FA9AB8694EC14B4F7C6D5C7FB4FC4
50E229A46B5F42A763CA297133194E43
BFFF7C6518038997B899AFD5FC677352
E29E3C828C8753288ED90E1F91E824F6
D9FFD82CC21CE79E5DE041C304118C1F
6EF60D65E75041FAF23CF865D92877F6
55C1BA238AB71A55A7D6A15427794231
F6377F940229E081A588E3169595C0AA
5D7D1130BA91208B207C25B90670C3DA
711272DFB09C5F2375AE9B2ACED7A0F5
4F031029E31F5612C7F84B56691549E1
28EF3123142D1224F028182214362AF0
25240BF51B162822240FEF2E3F2B0931
10342A2229F20D201D391722ED1A2C28
EC18220E20FE1EF3334033262810F124
2509F32F271221160EFB2C262A241A1E
1B123837F211281D102716F52E300228
2A0B2715303FEF1602221C1B09F4211C
1CE91A0815261A2EE51226252DF81BF3
271A0DF73F2030382012F021351D0D1B
2939212022EA2D1A0B3A0F17F5022511
FF1E271D12281FEC182126162329DE11
181BF039211F300F14EC3E091C1C2231
1B252033E92C3E262B1436FA302A1027
2C1F1F2B161BF50B3D1F211323EC1F34
3EF11A181D321E0AF12B382B29302AEA
240B2EEB3015223E2712EA2425160B16
2312211F3CE31A1A200FFE1FEC381324
F22D1E17170D1FED29271A2D2918F52E
2423E2311A1A1B0337E8220E13381F23
0C291E23E6261E0F232437EC3D081C0B
163B1A0A032BE92935FD172723F6F727
13EF211624370F2CEE3E2D1C1F210AE1
3C1B2DEA3A4A381B401AEB242A33172E
14271A2524DF352F273C22240333240F
EC37201E28242CEE1D19251D1C27F12E
FB2FFE042B1A32130BF1361C132A2A1A
3D220F2BED021C1E0C293CEF232A1A25
24261D221123F42A19282A1B35E8181A
20F4122713151A1AE7291B1D0B0A15F0
3D2536FB1617261F2117F02729271D22
401339193AF51B2423232227F624263A
EE2627202F1A2AF220182A323B14F013
0B21F00F371A0C242EF235202B322D24
180F1122EC391A1D311E1EE32E19210B
0F2B371DFC40EC121F11062D1BEB272C
2EF12B1D100A3B29E5282A28253019EA
36151AEE271F20223125F8182E1B0C22
0F31231F20ED232D2F223012EC0B1622
FB1E141B29120FF0221E251E1525F527
230FEF1D2D1012141DF7183019342B0A
1C2A0AF6F828303A3A3326F024242F50
172D230E1F17EF263D22320F14E80D1A
16F6112F242F2B19F0211A0C1D321EF2
221F3CE1FD2F1DFE3727F23616082C26
331D1A1F35ED0F2C1B1F1D34DE250838
E91D0C1D1D1300ED35251C181613E117
2823F4162321352010E235252B2F2D1F
2B100F2AEB32181E292125DC31102120
3607FF292423F5121331321C41EA2C26
11EF1A173F372C1EE727341D13220100
262B01EA24292C211D16F21C090D2A12
292E181D20E81A290E17FD11F71F0E19
F930142211251CE427271F231129F910
3C2AF8041E3613331EF11B1819030207
200E2E13E713102C1B282DE910251D0F
2E102F242326E518371B284F25F11908
18EB29282FFE3027EC271022150B26E4
172233F0113B18271C17F70A1D112516
281C221130F22D1D2B2C4610EF252B15
F82B0A241A1E1BEC2B3525244B0BF719
1013EC290729040E1FEE242218232836
3524162BF218281A112F05E1083F2922
170E200D1831E52E3D35FD1C2CF12F08
0FF32623171D3516EB1F362124111FE8
1E061FDB191DFD4A3445FB091E1E2218
2AFE161D35013127012A0C26ED141F01
F41C3231041B10E50E29191F1C2FE736
2F1AE82320251B2E05FC1D34202F193C
1412252AE91B2812191E0FFC282D151B
2B2F351A1A3EF0142124143B32EC2504
29F52431222D3340ED180F15240139EF
090D2FEA1D0E1C263215EF1745141030
040A13180DE829241236143103330D2F
F31629382A392EEE100B24062F1BF426
1631F62D251F0F2525EC202722253A29
0A2E252EE93C09EC2D3321F32922213A
19241C022D2BFA1B1F114B1C2BEE051E
27F217272732302CF92F1D4C1B1B39F2
22101FF3163607161123F737250E1123
24372B1C32E12618312A1828EE14492B
EB342020301D28F52A1424372E14EB14
2F35EC1E0C26122C34F02A10231A051C
1A301A21F1102B2516033AEE1B121636
170F26210F15EB2740030C1203F3112D
14F3203A290C1B1FEC161019FF1824F2
25321CF328152631253A05231144241D
160D101B3AF1212615443D1DFE104327
E0160546331E2BE83C2C1E3F2739F02C
1817F0242413163724EC2F321CEC0205
27302220E50B2C1B113627E71B191F35
1D1B42111F34F922190A3E0F1CF42826
2CF21F3D2C381E0AFD07263031181DF6
1E1C37F90E081F2D1C1BF30D2730312A
121D1D2238F62F2125190E11EC1A0A13
E819371B1F1F2BFC2F142619231EEB23
1818EF1317250E2C2DF81B2D25EA1321
2C1C1A1FE3272D21431C2FF02927142D
251415192931F21F0B3A351913ED1F19
1EE01B20FD112113EC11211B19140DFD
3C3020ED21160C26361EFD3E16290128
270F171A14F0252115073630E411490F
F4461C0A2D3825EA202B192B0F17E71F
1210E7092F271D1D13F505191B23242C
2326132FE419142C2F1C16EC1A281E2B
2519F5281724E6171B38160DF8EC3233
0CFD181C3410170FEE0F1D0F1E211FEC
251E1EF8160F261F2226E410311F1809
16270D053BE52C200A1B2E1DF62F321E
E508225C231B13FC3F2D21231A09E73B
210BE81D113C2A2716F212131B1D2C29
27151323FC29161B232F32EE27223924
2C21262F1031E51505000A2C21EC332F
2ADD260D1C181313F80B190E1B2727EC
142C17F521353C3B111EF036042C37F0
0319254C09E513252B2D0B24E51B2C21
F31021221A2921E5230A18232433EF02
1B21EC0B2135FE2328EB1F382E21352D
1A223429E62F29381A0B3EF427351718
1C1D242C23F6EA2A1B162B151AEB1F08
26DF15180B292B15F0353218121C19E2
2D3D15F2300314252C23F1271F2A3120
241B2B1546EF2234132B312EFE352C2C
F22F230F152623E72337191F3725ED28
0E31EE133429283512E52F25222A1822
2D2B1830E7342411281D23E82B2B2022
19221B1B0F33F4204118242F25E72026
35EF112E1C281A12EB4526080B3632ED
252713F0242F3220401AF111082A1E1E
1721221118EB121813223511EF260C25
F518251B1BFE24F01A1819152121EC35
2030EC112F2010212CE5262A1F224503
0D372624F4102422272126E5270C1924
232913062626E61C2C3D201E24E31D1B
29E51B2022213E1CEC1A2C0A1B1E2AE0
1B2811F3271321332122F51E2F411F3E
27282F211DEB06101B36123EE3222A28
EB311E2E2BF920ED020D23330F05EE34
1F3BF22B212A103112F0192B1D2B262E
231A2C04EB1C311024141CEE2B131720
1621221B1C1BF4182328192A2FF51225
22F2363605161D17FD250D1819281FF4
160A14F22A1A22291D2AEE2B3D2D0814
1E3F201709F93F1423112327E4291D0F
F0134D1E330A30E910242F0525FDED25
2427EE0C292C011F0DDF20181427232F
111A0D0DEC1A182B221420E32521221F
1D2312283A17E429160A342613EE0837
13E61D1A211F1128E9FA242219232EEF
2E2831F313202C16111AFA212D1C132B
1A29142433F63F19291C1917F10F1014
E9FA1C182E232CEC2019290A2335FB0D
2D17EF172036060038FE171122252C0A
0AF11928E91F3C1A072B1EEC0B1D200C
222A13FA231EF50C3F402E1F11E71C23
13E81001341C082AFE0F361D292F0CF7
214123E62438212E172DFA1B1C06100D
2924263337FA192227290C16F42D1220
F1231C2E101A22E8232120322C3EE529
0C1CE52F280D2C3002F83609271E141B
43151E0FEB262223241018F81019260D
201237241532F31A2508FF2717E5110B
15E717233E234411EC271A142D3522E6
091E18EC032B181E2F13FD20120F3C19
442C2B1223E4132024161724EE09001E
DF2D2F2528203EE8270B292F29FFEA0E
1324FE16072D27172AFE1B3023141417
26175135E90E2C1C2C0A0EF214491F24
28251E051026F42F2720002B2AF12019
23ED100D39351611F0211A1A1B1728E8
143A33F2241B1D062146E31B1126251B
2A29222E09E93A2234182522EC292D41
F12C111324382CEB430C2E282A19E819
3037ED291623222713ED1B3233FF0D2A
211D2228032615131B0C14EF18352016
1E0C22262916E81B361B291A2EF61406
13F81A1C11130A30E52806160A280EE8
343525F32A2A35210E24F61321252A2B
421C2A2AFAEA22181B0E0F19F2113425
F124262923162EF533152A151C1CED1D
2927ED332A3720301AF1200B2C151312
03212E13ED08191D3F1B23F723221E38
26320A201F2EEC180E211A310EE42920
34F54322280B1926F9120D4012211EE0
271F33FB04321A04122EEA361C0D2F29
1B2A2A1B2CEB10312D272535ED132424
E320210D122D40F239220F07232CE824
1319F7251D15352139F2193714272C1B
2B36171BE54015101EFF1AEA19161F1D
181643291F27F22935112B1D1BF7342F
24EC2D2641101F0FF616380A180D25EB
392F0CEE2D2E02283A2EE51620231B23
2D3F171611FB142820330A19F524081D
9A5B2C37CE3DB531C72D2D5ECCF407E9
4751A5A0816694190AF0CC6256872283
BD3CCB6CCECB7396A684D63654714E5D
2EA5DA906DEBC4814F677BD70BBB3AF3
A4CBCA6C377B05F3F5746640661BC89F
513C46BC7F09410575C04AC305303750
89DC97842BB01395357FFEB5E5B69FAC
33D4788D083FD113F7DFFAF224E55B1B
F9A55C2E0B1EE6190545286DA56F537B
83CC153C8A39EC4873D79E00579A81A9
965BCA2FFB52FBB3BB90D7D2EDBD8C8C
E51D4A464A619724E5913732017719D9
E3531E7870542A4E608D4FAF730E130B
8A891AFFCA8A929C7D0F0AD5A2845BA1
CC3EAB18D79EE759138DE7078A96B2A1
2FFCA77FC1B7456C44697C53C0FE26D5
A35A05326BF0A6BDB24E0B6A6F305647
4E5368A153EC99F939598BD3F7BF3DF3
14FED76168A1A46D58D4ADFA0096E0D2
7E946CCD6192129265D73FD9E8932B13
653DEC1EAADC2407CD2A58080DDC4A62
D642C3DA2B3E8F4F90AB2221368DFAC2
32C7B2ED1257BB017613995BB586BDB6
1A0F76611B192F5D659F75DD69D018F7
0289E81297FB122177266A726A7254E9
3FE2AEC61FAAB965E571D019F296D993
1421F8E10F59909C9068B179FB75CBEA
B7F8D92C92F9512A596D706B94955079
AB708266C842FE71897194CD15550817
E003ABFF355091662EFD36B2D7576218
FB3F92801C1F52EEA0CF97D1182BFC57
E1D5E6A91A61EAE06B17E6F001B67975
ECC11B586876BD94181AD9DB29354B0F
A19915DFC3768B9FF83B94DABC51636E
7663F8B3C15671C11FF2865D41F64670
097F85584E65D44DA72270A6FFD6676D
C887135A86EDC617C48348C4ED2B39B5
9DED2C8CBB1A10C4210D0FB2CB2CCB8F
3EA8A11E62CF1559273B2225FC710252
6E3995A49AC8B3940E4437F810696A68
A2DCC86EF2766B6A4A09903011A0F964
4BDB4CD302975EA9BF58888C539978FD
590014069267E76EBC5DD90B99C0732C
570C83FC069D9C52321A1C359690F4BF
4C9A16486D47198AE2000CDB93772147
B943DA524ECF7BC5DF3B2807F1189953
403CAE93628259F556ED1F4E9C782F54
B9EE3417DC543FB834FD4A50C92934CD
10EEAAFAD92F1DBBFE5E29777207207F
DD202AB0287A41A506AE505E87F56A85
EB8205D2FF6DBFA4AC6BDDD3BF824170
8A0D1C0005F5FDE017BB35FF5FC6C5A9
96A46ECEFD23B32A2541BB4E4844E4C8
BD250763594CB4E3475AF9EE776AED1D
4F8EE3D5C20F3B347C4C61A64A4CD487
EBDBBB473B514BB01E642624DAF6610A
E940F87DCD64D4FBEE894D0B7785DE74
BC3BD4DA320EB1B801D84ACD4A55213B
A3E7F7DE84F0C25B7E88E9DEED5C13B2
22D5E98AB9D03C5464A2ECE832CFCC2E
EA1DB5BF00D4D6EC3169B6ECA0BCF6E0
57381EFF71E6366635DC49BCA18AD95F
0A60C6174A2A1B89D284226DD355AB34
C01488DC0BC50E80722A4F9116C2BE64
FFBA0C88A3AAB867BD288A4DF2F71D8B
7A34910E7A79B16908205FE182C14E43
AC167DFD8B131F066D6B8EA359BECA3F
C7CCA7ABDECC34F951853BE85BA74855
15AF8291EFF5595E224819924C1BBA32
9BBAE725FA69A17CB6DD05CFBD16F711
BA9EAAE9B4B81FB3CAFBD282748E611C
8FC4EF37CB673E7D01514956663CF57A
A0DF7CBDF7659EF4F251C729CA33C529
09392482067B6039E0E0857B8C9766C9
829727AFE5BC61C86051484259859BC0
97D916E3942C1E128DA0A4761E668B13
CD3A306FDCE7E942DE53086D6B7BEE80
965E2C1FCD3840811E4C55F39A35AF35
1CB7D6FD3111C6A7C4761B0A69741A6C
7D53341B284E538C61384BBAF8010726
4507B61BB42616D08D108859D8F1D611
3D024683ABE34862BFBAF870266D1518
17A5A9C4E5AF1963B137D73B3FFB0C91
581CBCB7BF96D2671BB6533EE0663EB1
8AC9CE4577A4518FCFA7F5C02EA07CDB
7298DF3DE0BE7FEE6854250D918AB701
67B9DD5ACAB3DED407E1D7DE72E79FAB
EFDD2951C668206AE81CCBF33E1DF87D
3B69EE3B10EDC441E1B80FFB0BF2737E
9F03AA5E1848AA58BFDE019BEDC424D1
F25C2D7C30B32C626827DCA28C928238
CCCD8BEF82AE6BA2DB2DC40C59450C7F
F6C5BBDAFE3C24B3930C5477CC032215
BC7BBC79521D1CA383AC106C4A36815E
C52940DD3099CEB9A1656C09C5331F4B
2189B6A873CBB8ABF2BAF45E44252537
9A5E1DC37DA0D11D29CB1ABD715013CC
13B2248FD5099A5FDA0AC34962B48BBD
35249F21D78597968E61888C766536D0
CFA5C350E5269D6FC8979F0B88D8F7AB
10459BB0457461483E6F78D95EBEDC31
BA974F6E8502AF29C6B65AA98ED2980B
C90C6C75594325DFF9805D7C7B21087A
FA04E90C67988885976C4029EA9827D3
C54BC5F71C0F5E4FB9A938CF1D8DD868
FF48498E29EEEC9C93862C5E69EF64C3
7393E48C447D8054DCB2693D164770B7
DCAC1EB00FBAA1A8B205EEB198F81170
D375F6392BF4F0D7D759CAF4EECCB020
5597661D7142741CE4086558D436EFB9
0E587585341627465C7070D99C8BE9D9
0FECC442FBBDED6F6CB50E1807CF4EC5
947A5F2E6C675712A146A584602BCECE
4F7D00F701E35834DD4FDD971460B0AD
CA2183C6E82D7863ACB3C1C16028125F
D29EAEBE6B35F9F8D939FC673A373FAE
89FE0372B888C3AB6CAE286073A379CD
4E79220D8C7CE255EFFEB03A293D07F4
0AEC4A9E8A640CD7E4D8E09A7C0E237D
792DF4AC119A9DFDE710569555B125F3
9A37AF0ED4E8C9E8C7DAC2D5126160D0
72959777504A88A6609E281448AC3FBE
F9F65F430553B6BD806159ADAAF08EA5
848B45B4C82E398C6166B807CEA89BCD
3C4E3CFDCA18E86A38344C28022A12CB
CBDC6DC5407A0942F166E9378E629F9A
5EB9824BADDFDF92F2DA4039F93EB2A2
14AF9A5846B85DD5D922BCB7BCE3B821
15464F15C4AC8DF7A6F65DCCD0B8949C
04A1F4E83CBF00183ED43ED85E813F03
D3ACB4AF26C4C65273AF7D3C43AAF68E
0BD8A3E8056A216F107146DDBAD83A47
C2EE1F47A63B086BDDE0B2E10A70B2F1
EEA6C0BC361D7C568AB008085850DCBF
C36B566C6462B9B7D6486680A467B405
5879B97C23AD34623C2C41515EE7D5A9
D91AD8C4D46FA5DEBA588A3E9230F8EF
3075047F1A278CF56CF542FAA5904EF6
E9570927805BEB540F8A3F5AD61D7F44
FE63BCD89742F3002174CCADF2DE8BA2
016ADD4E227CAFA40C4E71E936A9243C
64F64FBB3B907546A70F8688241ED3B9
E7A1DD6F912C98539D13E10A845A13A5
5CF1B4E82AF7CB0DB0011BA531CE01B4
A70F1A70D363DC4A3CE1C628E41C0BAD
02D1344CD71FF01631A0293942AB02D6
5039B68EB51BF38598B617AD51D40C4F
1B9E6F6C3DF8B238F410E1C48D857420
1667AD0B9FAFB983B4FA989D0AE931AF
AA3712D9635F252154D4797221359198
4AFF088F2636A7C76528E5D24FC333F7
E3EFCF80421C0FE303F14B268E005FF7
C0C4006D39701679B5B380514A19BF69
5FC4DE7ABA9F0484AD39776D169389D5
B3144B16FF7C575262F33D0FAA64321B
A48436C3DCEF5BA21D9646B3BE188D44
D46F4170CCF316AEFCE694656704A8DF
874161FBBD4D8336A056C68BD07C594A
2312B6A33D512BB7848BEA5D4BF6BCD2
CF8C710CBB8F4F8ED324AA66ADFBB1EB
969D2EAEE2D34026BE0595535A9B15DA
037B4D58139F87A2D0B136284DE5DF70
C425B35E51B9ACD9B75F116CD4C9A98E
136B7E1F49A02DF6E580D1CDB06F38DF
E288C25BDE0D0F4DEB85DC83B317BCFE
D2099CAAD16E865D78B045A4AE4E696D
55BC9F6E8FF209ACBAA4252D7078840D
1A4276F670FA5611BDA43C11D963FD68
5172CDA03E776CAB5599836EBB4B6626
2085C6BEAE372753213F6592FAB0F864
1C9E8032589C9F1BE6A7BBCDCA78F7EB
A0BE6257A615333CAD857D3704F30B19
669404E977FC5089E865B3288998D407
26FA3B43FAE0B822298C15F8E595C74E
961EE7F56F333A24493003BD3EE89DD2
35D5B0977172B77772B02E5C2D1AF41B
D0BFC01AD2E3A01F5B95CE8FE3863D72
B4985D30E6B7CD10D05D23CF84E1E0B9
2B0173C070AE8BA8D215C273C4674594
7BDB68006251EBE883B35A22B6B6A6DC
DB83331A7EDAD968D81E9092706C46E8
E07DABADECC85C7CC770D22AE54B57C8
854DC2E0390DC31FD23127072AD58314
A474054374FE018A7024029B28A7DBE3
E84B6E486E1CD39B2CD5A6A542035C45
32CCC209C102A06E4879DDF5ADC408A0
4F60AB70440E608CC92C86C90F205ADB
549A3D1C81BED30E0F28165A872B90D8
B51AEF8553E565C14890FB70A6868667
63EE892C30053183D4F56C35E761DD25
F86CCBC7EDBE02FD46D0E6E605C348F6
3D61525292D5A7567076EF10437A4B36
0000FEFEFFFFFE000001000100FE0003
01FFFFFEFEFF010000FD01FF00010100
FFFEFE00FE01FFFF000100FFFFFEFFFF
00FFFE02000000FEFF00FCFFFFFFFFFF
FFFF000100FEFFFF01FFFE01FF0001FD
0100010001020001FFFF0102FEFE0000
00FE00FEFEFFFF0000FF0101FEFD00FF
FEFD01000100FD00FEFFFFFFFEFFFFFE
01FF0101FFFE0000FF030101FE00FFFD
FF0000000000FFFFFF0000FF00010000
01FE00000000FDFFFF010100FFFD0000
FF0001FF01000000FFFC00020100FF00
FF00FEFF01020102FD01000002010002
FF020002000000000100FF00000103FE
0001FD00FE0000FF01FFFDFFFF00FF00
00FFFEFEFF00FFFF0001000200FF0101
FF000000FFFF00FF00FE00FF0100FDFF
0100FFFE00FE00FE01FFFEFF02FFFF00
0000FE01FF01FE0000FF0001FFFFFDFD
0200FEFF00FF00FE000000FFFFFE0100
0000FC00FFFDFF00FFFFFF000100FFFE
FFFDFFFF01FFFF0100FFFFFF01FEFD00
FFFFFF0000FF00FF0001FFFFFEFEFC00
FF020101FFFF00000100FEFCFFFF0000
FEFDFE0000FD00FF0201000102010100
FFFE00020201FD010102FFFF0101FFFE
00000000FF00FE0100FE02FEFEFEFFFF
FFFF00FFFFFF0100FE01020200FFFF00
FDFDFEFE0100FF0000FFFEFFFF000001
FDFF0000FF00FE01FFFFFF010000FFFF
FD0001FEFF0000FF01FDFF000000FEFE
FF0100FE02FEFEFFFF000000FF000000
FF00020001FDFEFFFEFEFD00000001FC
00FEFE0000FF000101FF0201FDFFFF00
01FFFFFFFEFF00FFFFFFFFFFFF0001FF
0001FE00FF00FF01FFFD00FEFFFFFF00
02FC00010002FF01FE0101FFFD01FFFF
000001FF00FD00FCFF0102FF02FEFEFE
FFFFFF0000FF0000FF0000FF00000102
0100FE00FF00FF000100FEFE01FEFFFF
FF000101010200FFFEFFFF0000FEFF02
00FE01FF02FF020000020200FF01FE00
FD00FF01FFFF00FF02FF010001FFFF00
FEFFFE000001FE00FFFEFEFF0001FF00
FE000103FFFF00FF0101FFFF00010101
0001FF00FEFE02FFFEFF0101FFFFFF00
FFFFFDFE01FF010002FFFFFE00FF0000
FFFF01FF010103FFFFFF01FFFF0000FF
00FD0001FF00FEFF00000100FEFFFF01
000000FFFFFFFFFF0000FE00FFFFFFFF
FE020201FEFFFEFFFFFF00FFFDFF0000
FE01FFFFFF00FF0000FF00FF0000FE00
FFFF0201FFFFFF00FFFEFDFF00010000
000000FF000100FDFE01FEFF00FEFF00
01FF00FEFEFF00FFFF00FEFE000102FF
FFFFFF02FF01FEFFFFFC0000FF00FF02
0001FEFEFF01FFFF000000FF0100FFFF
01FDFFFEFFFFFF00FF00FF00FF0200FE
FF00FDFF00FFFDFF0003000002FF02FE
01FF01FB00FFFF00FF00FF0000FD0001
FDFEFEFFFF00FDFE0100FFFC00FE01FF
00FF0000000001FFFEFFFFFFFFFF0002
01000101FF02FF01010002FD000100FF
00000000010100FEFF01FE0000FFFE00
000001000001FFFEFE00FF0100FE00FF
01FFFF0000FFFD00FF000000FF0000FF
FFFF01FE00FE02FEFE010001FFFF0000
FF000102FCFF00FF0100FF0001FFFFFE
FE010000FEFFFF00FF00FE00FF0000FF
FFFFFF000000FFFFFEFE02FF0001FEFF
FDFF00FEFF0101FE00FFFF0300FCFE00
01FF0002FFFF01FDFF0301000101FF01
0200FFFFFEFFFF000002FEFEFF01FFFE
FE02FF00FF00FFFFFF00FEFFFF01FF00
FF00FFFFFEFDFFFD00FF000003FEFF01
FF0000FF00FF0100FEFFFF0101FF0001
010002FD01FFFD01FF0200FEFFFF0002
00FF00FC00010001FFFEFF00FEFEFE00
FF01010001FFFFFEFF0201FF0101FF02
01FF01FEFF00FE0101FF01FFFE030101
FF000000FF02000000FFFF010002FE01
0302FEFE02000002FF0001FFFF00FF04
00010000FEFE0000FFFD00FE00FFFE01
00FFFF00FEFEFEFFFE00FE02FD0001FF
00FE020000FE01010000FC01000000FF
FFFEFF0001FF000001FD02FFFFFC0000
01000000FDFE00FE01FEFFFF00FDFF00
FEFFFF02FEFF0000FF0200FF00000100
01FDFFFF0100FE00FF00FF0001FE0101
FE00FDFE00FE0000FE0100FFFF00FF02
FE000100FE000202FEFD0000FE010103
01000101FF01FEFFFF01FE01FDFFFF00
00FEFEFEFFFF01FF01FF0000FF01FF00
FF00FF000001FFFF0001FFFE0300FEFE
02FF01FF0000FC00FFFFFF01000001FF
FFFFFFFDFFFEFD01FFFFFDFF0000FF00
010001FFFF00FDFF0000FFFF0100FEFF
FF0002FEFF000100FFFFFF00010001FF
00FF01FEFEFE01FE01FEFFFE01FF02FE
000000FFFFFFFDFFFEFF000100FF0000
01FF000000FF00FF000100FE00FFFEFF
00010100FEFFFD01FF010200FEFE00FF
0000FFFF000001FF0000FE00FFFF00FF
0101FF02FF00FEFFFE00010100FE00FD
00FE00FFFFFFFFFDFE0200FF00FFFF00
00000201FFFFFDFDFF01FEFDFEFEFDFF
0101FE000201FEFF0000FF02FFFFFFFF
FE000000FF010100FFFFFEFE03FF00FF
FFFFFF0001000300FF01000100FDFD00
0102020000FFFF01FF00FEFF00FF01FC
0001000000000001FF0400FDFEFF00FF
02FE00FFFDFFFF000100FF00FF010002
00FD000102010101010102FFFFFFFF00
010002FF01FE0003FF0201010302FF00
FE01FFFDFDFF00FEFF00000000FF0201
000000FF00000101FFFFFDFFFF000000
FFFF02FF0100FDFFFFFEFFFF02FE01FF
0000FF010001FFFD01FEFEFEFFFFFF00
FF000101FE000000FFFF01FFFEFE0100
FE02FE0101FDFE02FE00FFFDFEFE0000
000000FEFFFFFFFF0200FF0100000101
FDFEFF0000010100FCFF00FFFF0101FF
FEFF0000FDFFFFFF02FF000200FFFE01
FEFE01FEFE020101FF00FEFE00FEFEFF
FE00FFFC00FD000100FF00FF01010001
FFFCFEFFFF01020201FFFD01FF01FFFF
01FFFFFE01FF00FEFDFF000200FFFFFF
0001FEFF010102FFFDFF0100FF00FFFF
FE0001FEFF0101FD0000FDFFFE01FE00
FEFFFDFFFE0102FF020102FF00010001
FFFFFFFF00FF000002FFFC00FF0100FE
FFFEFF0001FF0001000001FEFDFFFE00
FDFEFF01FE01FFFFFDFD00FE01FF01FC
00FFFFFE0202FFFF00000100FE0000FF
FEFFFD020000FFFF03000101FF0101FF
0100FE00FF0101FFFFFF00FE0001FE01
FD00FFFF01FF0100FFFEFD02FE00FE00
000001010100FFFEFF01FF00FC0000FE
FF020001FE01FF0101FFFFFDFFFEFFFF
FF00FFFEFFFFFE01FF00FEFFFFFFFF00
0001FEFFFEFFFCFF00FEFE0201FDFF01
0300FE0000FDFD02FFFF02010101FF00
00FEFEFFFF01FFFE00FFFD01010001FE
FF00FE000100FFFEFFFFFF0002FE0001
FFFF01FEFFFEFF010200FFFFFDFFFEFE
FF0000FF0100FCFF00FF000000FF0100
0100FEFFFF0200FF02FDFFFC01000200
000000FF00FF000300FE0100020000FF
0101FF0100030001FEFF00FD00FF0100
FEFC01FFFFFF01FF00000000FF0201FF
FFFF0000020301FF0200FFFEFF00FFFF
01FDFE0001010300FEFF00000101FFFE
01FFFF01FCFFFFFFFF00FFFFFE02FFFE
FE010000FDFF01FEFE00FF00000100FE
0101FE000001FFFFFF010100FE0200FE
010000FFFEFD0200020200FFFD02FEFE
FE00FFFEFEFF01FF00FFFD00FFFFFFFF
0001FE0102FDFF01FF00FEFF01FF00FF
FE0000FEFF0003FEFFFF00000100FF00
00000001000002FC00FF00FFFFFFFE00
FFFF02FFFFFD0102000101FF0001FFFF
000001FFFF000000FE010300FFFFFF00
FE0000FF01FEFFFFFFFEFFFFFCFF01FF
010000FDFEFF02FE010001FEFFFE01FE
FF000103FDFF0101FFFDFE000000FE01
FF0102FFFE01FE0100FD0100000101FF
FC0000FF00FE00FFFFFF0000FEFFFE00
020101FFFF00FF01010001000002FF00
0200FFFF00FFFFFF0000FEFFFF000000
00FF00FF00FF000201010200FEFE0000
00FFFE00FF0000FFFEFEFEFE000000FC
00FDFE0001FF00FFFFFF00FFFF01FF01
FFFF00FF01FE0000FDFFFFFFFFFFFF01
FFFEFFFEFEFEFEFF010002FFFFFEFF01
00FF01000100FF0100FE000102FE01FF
00FEFF01FE02FE00FD000001FF00FE00
FFFFFF00FEFEFF010000FEFFFD000000
FE00FF0001FEFF0100FFFFFEFF02FEFD
00FF01FF02FEFF00FF000101FFFF00FF
FF020000FF01FE00FF00FF010000FDFF
FE01000100FD02020100FE01FF00FFFE
FE010000FFFF0000FEFFFFFF0200FFFF
FEFDFE00FF00FFFFFEFF0000FF00FF00
FE0200FE00FF01FFFF00FEFEFFFFFFFE
FF00020102FEFF01FFFF00FD0101FF00
FF00FEFE000101FF00FFFFFE00FFFF00
FE00FFFF00010100FEFF010100FEFF00
010100FF00FF00FFFE01010200FF00FF
FF00FDFDFE01FEFF0200FEFE00FEFF00
00FF000102FFFEFE0100FF00010000FE
0100FFFFFDFF00FE0100FEFFFFFFFFFF
0201FEFFFFFF000001FF00FE00FEFEFC
43B470C6BDD6417BC78EFB5104D07319
BC74BDC54549634D349892982B06F184
EF656715B59ABE0D786BCF928CA0AFFD
12B6B952C0F26F1B74557FA0D4425408
FFA17455D8295A0BC81C70E3E77A1350
BE6F744E72E143C543F421A45FD04799
9CB01C7065EC0B9D995EBF39E06CFD47
FF3F37EED9B49BE6DD2962FAA0C1A43C
228B1A5135747E16A73A244033A10BDC
2D35B29B87216F1FA6BEA8689A5CCD2C
836EA87CAA789CAD611C1D12956939E5
C198003CDA0C6AF07D220333EEEB0E31
75EBBB5FDD3136E66909C7619CB2AD74
29E07C42D1479AB66793E295A2239A6D
379359CD23578D48CCB2492E5DF663AF
B878A66125EA0CAAFFFABEC1CF7FE475
28395AAFE9DDEF27016678A3E16BE157
F42AF3F1F4508F283B832DAA1D75EBEF
D15D7D0FE8B8C7986236CF6E4E9F6377
0AEBE74FE34F2555EBC36EBC1D7AAFEB
215C13D77A0D0660555AFCD3DC0663DA
091E0CBAB03CF57D61A9A2E0CB588A46
8647B322C016CCCEF4DF816A3A54529F
2A80551AF1B3B650476AD73F400EB5E9
111CB059EC44C04FBCA00A43BDF7B6A3
FE1E784173F734051A1CA1ADF61916D1
83B9B7907A3BBF7B1DFAC90BF5C364C0
32907BE97EC7730A3C3128B9F5B96A2A
7FDDE63675874E8593F34CE283FD95C1
9083F960A88BC1FD7A5B0D8A378E5C80
97654642EA812F0C5F8EDF76213BC398
000000000005450000000C027F040000
7AB714109FAB42D79383778149E51A58
3562197BD211EDBDDB183CC8716D161C
B2807763A65BC937D4657A827B91D434
6EA3F06BD33D15FED3B62C911FB76E98
59F74F1E3C142724E21B242323181BF3
0F3F0CF730291A35202BE613322D341E
221F13100DEE193B20313016ED221635
EF192420240C29E22C271D23321AF016
AF325FC43D7773119B95C77101F6EABE
2D18C3DA315CB610D1C123ED31082367
54C503EE51B9FCF3D4C6C8453A38DC1C
A256D003812379F5648D590883BDAC19
0001000001FF00010000FE00FEFDFEFE
FF0102FD00FFFF000200FEFF0100FFFF
02FFFFFE0100FE02FFFFFE03FF000000
00000000FD0202010001FEFF02000001
89CEB5B242DDCB5CFD702314E5A01F02
3CCCFE12623BF718F0A0A256678C5E2E
269E3D881771FFB4CF59F0F50C947808
0F5352C0AB4D0E4F322D89217295F86B
4386199BEF97B04A4D9F7429B22980EC
1318A1FD53FB1C5651A3FE93CCFAB68C
2BDC1FE9BEDE92AF9F3AC2D5326CB60F
9C513E0791A2A8796B07E3C5C3A0F705
46EAE60D4E1D91D82979FA6D4353E6A4
AD03A932901E03B279C648BC16F40B87
0BF68A9F2EC908CB2EC611B5FE2D7C2C
F61338A8A645254F3604AA7054F3A3E4
49095633378F8704A58D77022E0FDD64
000000000005850000000C027F055555
9754EA934920EF16D2FC7E562660606A
272E681A81005AB2E5DC9FB949F63D7E
5E05FAE99E8961349A3C6C937617949F
20F0314E4E3F5547DB2C454D7A2343DF
2D552FE9353962582C57D67838092D5C
245F7E726AF137284D317E24F51E3A22
95E925799A016B0EA4281F2FE14FC3DC
44C85E4F3913F706D7D2AC9832A2CD7C
08D5A204C0CBF91436EA9AAF3F7D8CE7
FDFC00FFF9020100FDFD04020601FE04
00FC020102FEFEFDFEFC0102FEFC02FE
01010004FDFC01010100FD00F9FDFE03
BD00F8B34CA5D62C209812584E873C85
D77A2C8C0051BBA8AEEF5A6DF9D9D27F
C91779FB006B5D37B20CA0758CFEDFC5
655746DF37CFB6DE346274212DE45279
206B1B662D3D322A14F3016000F49B28
43C3EF5B0399D714F2441294BC6A2086
EC64AF682EB4520F6B83E02769614015
1EFA27E320916202B85E1C940F21661B
AA64DABEEE1F32E4218A6EC1042E5135
9BFF4958CB0BF594702995F875AE4891
71F784FA4FA6B38D5878288E5DA2BE72
ECB1C89330A97A3676ED81162A7163C8
9F6E6F950B1BA2FEF112BA06EEA127D7
BA2BA3CD8588AA416D34DB0B2068D356
1DCE324BC3268C1E5528D205D7BB4F38
E71039B04942C93CF7115A90D74F6B45
53E37FDF56F0CDB763E97BFE1B3A78F5
000000000009450000000C027F02AAAA
A1031C9A5C203E1BC23F8C7364369E01
D6CF4F694A4C0E490FAA5679A72A0EFC
E045F60A85D6808753C7ADEB28104A39
57595969DBD0CD0DC6949C142FB33281
C4934D2F5E264033B05D6244D9648C5E
08E5CB172913AF2BB9E88CCF7D9D93D3
22ED2E233E2C2724F0281E431E1815ED
251C27E71E291F2A2136FD192E2D2315
1C0B122024F3242629112507F525102C
E9291B11482228E22A28252A2D29EB44
1841F40C133A1C181CF22825231B1B3B
152A1500E9122343210722EB1620110E
F585C3FC9CAB2B8F596DD156461B8A03
FB05B13665377A9DCC7F7CFED1E42F6A
E0F6CC32069DD87511662F5BF006B4B3
F8775610EB8B0BC94684DFD2F4371291
ABA6BAE00F0EBC8A9EC250E6EDB56157
914A9B45C4DD3F5CF1C5F4BDBFECBE4E
FFFFFF00FFFFFF0001FFFF0001FE01FF
00FFFFFFFFFF01FE010201FE01000103
FFFFFFFD0100FE010000010100FF0000
FF00FE00FEFD02FDFFFEFFFDFF0001FF
0100FFFEFEFEFF0000FF02FEFF0102FF
FFFE01FFFF0100FFFFFFFF00FEFEFDFF
464F24483E3C272569382C305B574E43
0000000000000000000000003030476D
A3E3DBF2E8D1A976AB5E29F1B97C18E3
5D1CED4E3FAF62FC037898E719B1D434
D34AE1BC76F948459E95C4555FD65AB0
CB27342B87B04EFB2A252A32D9AFA60A
8978D7DE46D4E4A6046A8A5A7B774548
96C289897D00EB75BA4F8DC39CC9B337
9EA6163477748593426FAD92B9E5F32C
50B0EF89A518F28D52386CEB794D5D05
C684EE5F46DA0B494A0047D6E2BEFFC4
BF042E85286681EE11AF13EE755B5048
FC8458B81D2BC960713A0BB81F6DB401
B08C8C386EB5B0F5A510252AFC49DD7D
7194FC5D2831996817DC656F81DF1DBD
00000000000D450000000C027F055555
6E1C3F55A3D07BAFC03425FB3B382E0B
7F8D2B06D0717B9CC8C3FB34D56E53BA
EB4ACDA23689A51C5E1BBBA9177834C0
1AF42E1716271B2DE4193E1433282DE9
261625E80614400D051CEF19140B200B
0E353B1E21E82C131F191926F33A3B28
CC225E75E6BF6A512F858C081CD01D9D
F667523D28B57EA5A3F98D5C17AF91C8
DDFFACE92BBE103C7CB5329C77C8CDBC
FFFFFF00FD0002FE01FFFF0100FD0000
FF00FE000001FFFEFFFFFD000001FFFF
0100FFFFFF000400000300000201FD00
774F6D314967776F2D297D3915680D75
00000000000000000000000000000034
EB2F8ABC941F2E0C8E829882AFB6D102
3B28EC5E74D1BC87D5BEBCBDB13483A1
637ACFAAB880BC52E24931F7FA92CA6D
E9EB27C248FA7A89E21F7BB1B42B1EB2
32F1AEA3D97F339BD553F57DEC13492E
000000000005450000000C027F055555
09BC7758AC75B7831E9EF1CF208F9CDE
5E205BAA16D6966EF21804B8BE2F93BF
E2CDD367A87B74A275E618E6877C463F
2DEF0F140D0F1F0EF4141E18131F41F0
044625F0202C1E141921EE25312E1325
33332A1129F1172E2D200413F20E212D
34A08878998B4E9B013F413CE9D33775
EE3341F50F0CFC969FAEF5213B16F6D2
43295D3923906DB58CD04D91CAA9898E
00FEFD00030101FF01FFFE000100FF00
0001FFFF0201FD0000FEFFFE01FFFFFE
00FE010100FFFF00FF000001FFFFFFFF
17DE21A06B3D2A6E8F682318E14C6766
1D3D350889397C4727D4880C3FDFCEE9
F7B84D3EC7D5875E47CC5CD080C55ABE
A60305468A78B83C850C8F159F995515
4AEEF2BC99A5E0618B261B41F14F3858
63D8A89250C8B7C6BC52A171A75EEA9E
7C90184C477DE5574CD841CF216888EB
CC1E71ECDE922CE011101244E2BF7A51
93D42A0D6D60ED98725E50BF7A52EE1C
FD9FAC4F25FF33387F21E76A478927B9
EB76806E341AE5F519F31186B9D310F3
AB53413F6FC71CEEE41ACFE41E172DD2
6FBE25CDA2B626BB3173588FBD4C81A4
F25CA064C54DE77654ED282C7DD50FA8
F8E24326175044ABDDC0F2480155648F
3C6BFA88EEDFE822BF5955B83A94BF79
B1824FC0C5346E405DFE469BEA24ACCD
603E27B4926F1CAD51D06E83552BBF87
6F9E552FB80473824BF2FC299ABF6551
6B971CF906EE5F628EC1060B4D4F8565
4929BC34201A221979E52EF766A02FF3
F3BE1B8AFA1109B466F0FE540F4A4F28
5A56FEF93547EBE47400A9789F620DE8
8ACE83758A7B3145AFBEB84A7E4938E8
E4F74A8341A2D3DF35639F6CAB2FFB85
C9011F91A0B9F03A48F7E0B9D2880DFB
03A62F9F8997322F8CBBA7FFFD5AAE5A
5312C1BE6498A4FA79E8B07B884676B9
4D6B23EF5C600B6642B5EF90AD322A14
7AF8878D556B4E6EB4B094CA60C82E1C
D6EB9CDE00429C49E9DD3872D28D3501
A513AB0A75A513E721C32F78E2001867
2AE919B8C6172298622B405B8262A7EA
AA54873412000CC958BD7D2F0C790C93
3BCA678AD88021C6DA9E0563168709C9
282291A782265099CFBCC1E05CDBADD8
AA5506BF95CDB8388CDA719AA482104A
CA4722206F459A84786F943A825ADA34
E8DCCB9F43B5160C4A3042C3D5B343E2
0643D645D43A729C046D8E3C1A4555F4
F60430790613463E804185F79721FD99
57CAD0A7FAC2A597516C7E190A26E140
A0CCB9FA6C4FCD9113580BB4A70E3F35
70269CDFE779B8F1F2F65823CDB8D7D2
16AE8314D186DABCB1495EBA30BB69E5
BEED8F1D15596FFFD6A19AC357F4B3DB
03C9BE9C7057AB957043FA4946C2AC5F
B0DB0A2AEE2735D719A756F9C414FA01
8EEE8A2797749B2A89CB8055173D7116
7C2EE1B4B23F1ADF1C1FCAB383A1D041
4B7A1E038B2235DB1641E24C1B8525EC
2A3F940B6D3897BFDC15958A90DCA1AA
0161CE0F0D084FAF77E7501ACB1FE9D5
E0603C64DC25B7779E8C99494FD583BE
93910C3FC38B357FB67A9812CA4D03CC
C9C3020C427C98EF36D97F184928419A
6D52B8F747BE89A80CA29C01879E5466
C5FFE1AED003E9A44E18134979B233D0
5D6E51A80ABB798D12FDF51B291EAF37
ED8655E58990E70652D99F9B5481BF0F
0DB9E4296A1A748A3143FAC36C2D8CDD
D9403F8C385BB4365FFCCDC596514C54
D94861A6A38DE30131C94C4C20470252
DE561A68E36B03ABBACF5D6A4E13840D
E0977A43A7A45AA883E9D536D6A05F1F
6DE23534705759535EFC5D70D1FBC5C1
669C12C7B39543C5CE20D67BBF6C8723
B09536389C13268E81F1FC97AC2EB6A3
2BAA1407AFB5CE04075D7923DA54F150
C39DB2FAB94208D73F6C34E8859D153D
4F7ABC32ED6A80D5810773EBC42D4A92
DD9752BBA40E956F2BFF1922F3A6051B
BC612E6A3DFD35C40F94434D1E2C349C
3753814AE7D7862DB7C624FF90FD9EF7
686E4ECBB10E49AD49BA325B2E3ECC09
F9C6DD14E7009715F8FA8B956CDF3CA0
2A0C0C951E7B611D34F5B36977812175
B51DBF7F61A12C407D8966FC90D338CE
79AC7FED9F44312B1ED1AC2208EB8489
537E29DD284A71BFF3EDF01011D14E1A
F1C4E2C8BCF6D69FEC0464E7E69052F4
7F5407C1ABD12501821F46D25B5C472C
15B15F58897D1A9E37A58DE34FA37B56
BC9EEC0510A07AEA6EDC967C562357ED
D05EDC1E27D6CE7D1BB6E99943BA1E0D
70F960936A3733D7EFAF89F950DE1745
96FF57C384A2E2DE876BC3C1EE8B51F1
0A07739C1B583F8F76D7D555F36FEE52
124685FD7712612247DB3A0FB80F2184
4738CE44BE1FA75F52B7B99DED8FE6D4
ED963A2903B895686E0CE3602C12BFFE
AD288A2BBE465541B70C03A649C7593E
7303AA72D3F687BB4CA3CA85C927ACCB
95339683409C5F83E475EF3305632D0D
7C5767AD470358C731B7A82DEA66CD7D
E2D51E6189985692FBF0CCE0D5294F66
F2136B0EEF892A35774FA850E2D3904E
35F5F6C7979E3B0B4F4294491E72F401
D256FDDB15006798774C401687835D55
FC8C6AD85F287ABFE19058E8560E7DFE
3866EC444DFCB56C64D3F4152F537185
8A44AC9FB94028577BBF2A2A62CB30F2
51F29FF43CED86E9991558BE7C3202EC
83539DC1B8EEF3B271B18659756B6A79
04ED54DF7769BA2E7318D1DD40DDF6C4
8E03FC2C1E6CB87FA9C8C7E848CB9A49
6AF463BA0819D47903738905EDA3B50E
07E0BFC7FF460B58FA6A204D849C59F5
AA73822A92CFB2B5E5111A261480F041
6D5A75F2123546E2F3C4DD0CC22BF7F7
029C4329237CCB7CED050FCD76B4B37D
C291AEA05378527FEF7BE2F469EB1ECE
D030AF9FEC2DBE83019C8744AA5E26D8
7DF4189F8182BDC58002CF1ED5970286
9B3E1ABF48303D241DCC0D1668BD3D06
AD6CB23A9363C5F64023F09F3C113583
3A6B5E89397722565C1EE449B28E1179
BE13CCA09FE36D25434B1A7C47255583
3E5D3A8649C9E90BA546D1AE07982E9C
820F1B6ACC29620A31D6FA9F0474C553
8E38AD20B4CAFB1A6376EFCBDD3E95E8
3C6791C3935B6AE532AD301ECF87322F
1F34CD5535212A68CCD41DD06DF7C91A
6676351888A8FEFE90DFD3C079311592
05A1FBC1DA1322DA668F39C3A559F446
06A3B840B4D62C320FA609C6CE827926
F75E47C8B4EE302B1B2667902B7C925E
15158F0F2310E1B57DBB3B8A25F4D56F
E491F0F0004788E43E48CD5882B2C042
94027AB9C2D40DC83B4985377BB9D15F
81F3D2BB1C2E088412EC110B06F0DEFD
B79B33EC45593D5C75F04E5FCD863FC6
1D0C5E0F1FADE564DAD4201D7CF0BD11
03D7298754F0E29DFC8F7208FE4755CB
EC2CC8837BDC95B3637FB49C8B866EA0
8D96BEF291683D18703A9490140F3535
9A3C1F7005ACB2DB0A8F1F04F390354F
DEF22DF5F9A12AB4D7773837E8F2DEDD
6E0540EF0670ECBA169A14622184B436
E6377292620EFBDA91A955D5A0866E21
141267E9E84406B6538100C0C02E2A45
1AA2F5261297BDBF48613B17DBF23770
20A5C3409033FDF5093CB0366E81B547
973059CE314CEFCB4BD4C08DBCFAB4BE
044253A708A6AEB8ADF81C5C2C5838EC
C415E3DE2D7234EFEFFC34EC5E24827F
209DD8B0285C9154406DECEFE694D340
12A307EBBF5FE4E74AFC37502ABA9E84
C0DF3AE906A1BCBA39102450D0B57BE3
5DF3569A4CA096D8747A5C960A299FBB
27F74324599E9E00EC6AAD350D655376
9122BECBCCD0DB0030A5DCDB1C1F74A8
3B6BF294D64CD895A07AA82152CD5D01
A7679B272495B64A7BA234F259F77DC7
FD5F84929F07823D348A36E4E0077813
694244EDB712F38DD9643332E6F272D8
0DD741FA5FF6883BB72931D32D1A5CE5
822DFE0CEFE60121F2DAA23A6504F83E
8719051BFF74400D9B4D2D7EB3E8A15A
E862169C59FA776C83C9F2F13554623B
62216A942934837596CFE3AA8DCE24DD
E1045E79B172660D8AAF3D5F3047C7D1
9DB36E68468C94C62134CFBCC65EEDE7
0635D6C3F01B817C400AB9F9AC9B3DDC
E9F6B3DBB004DE1ADEB812B7F3D8368F
7F10BA4E3D81445B27C2D56817816AF7
1028D5E1B45C05B3EE0F4371341A519A
BF61B3305CE54C57E421AEB48F668ACF
1F1A4BDC020383D551EBBF6F60CD6C34
E146C43250985F0A4C5473C6FF3DD726
EABA0F3CA8823FE6DD9FEBA2A2CDCFB3
14E2AB86AC8B026C31853AB8A62DFF9B
4B8B0C903FFA9A5F029F1072A3420E5F
B063E05746DE3B9B9A5F2593FB14BC8E
74609D309D4A04EDCA695BC843F25493
C2EB82DEDCFD0C158EBB698F0FE50B71
89B208869312FFE62E23FB41ADEEE305
FDD89913D9566CF20536BECAB87AD637
5AA5DDDA3B36F2A76BCA22F1BF447FEC
307941F9E6A437DCF0AC15DAE3C2D904
0497521C18ABD9715DA59A931CB71AF4
55556C1644586060F9F0D7A2AB5A4D97
24FE056A5F6F46D70439086D0F34BE26
DF583597CEA5CA80C7198D4F0E9F91B0
8C59A6E31C21D9A9D2F4671A03920898
4F0D37E6D00DF637AD0C8141A9AFBDDE
E9AD452434AE78F1498297A7517684DD
E0A7BFFAE8F61426DF30FA97DB363928
CBB58848B3651B8A599EAE936873D68F
73B8CB0B3EBB44E901E5D6196BA5DD84
D44FF200BF3FFCB11621832EFA9869D5
