748C8FC13B9FE00E9EC70806C19E1296
2201AB0ECEC1319196E04B742E982A46
30C0D2C0AE9CE833FEEAA32B034AEB27
58DC8C09C142CEA4663D410EF12D3DF0
975D9FCF06A387B54BB3DDE6DAA092EE
BD18011DC2EA651603BB36D646D73F5B
64B75A964B40CC043FDE2726F72A4F96
870A9406D9D3D9B9F8F78D61CE286232
23653A10B3604A901F725F12E2DC6CB3
297D43FE46AF3CB212C3C928FBE9D998
1C5C66C63F392B8B1A67DDD31E948B06
906BEB2B9B7E487CF78E4C0E7D822779
4FA948D605CF79943E026012D777973C
C1C37ECA05DC7A351D57652EADBBC742
16EC27AFE139F8E0C5CFF4D07A6D3337
ACD991F419B188CD72B9D9D9A58A1849
8552E2F704219F80FE1A51DB677D1B03
D861F1EE6E3CC0871BBBC2EBA4ED40A0
A45531D3A173097F078324CADD4EAA56
7D2178DAE267F84BD28BBCB27F574AF3
68808F2AE7BE1CC894FAB500AADA1600
3147EE7FFA414C13B6000C5AA83CEBDE
E33D512D3A49376575865D881BD5F6AE
8912D86730DF39CF77C4CA2AB049026D
FFB36D0671635976A941395186750C48
7973A22CAA3B930614108553314ED524
18C8D6DCC1ECE3F4C11C325A753AB9E7
74051B3DE8D15B651139E4D142DFAB52
24181F0A3B9FA0F527679399769BD70B
3605D05F88FCE990888B0D7E0601C2F1
8DC154EBB99649A573FBBD331DA104F3
47AD12DB809A5A3B6BB322DB7B0269BA
E21BF9ED8F2C5221732A8B5A005E9B97
ABC46B07ECC9625CF8E4D7DA899CCF0D
12E9EC97C2128EB237A7BC3FBD668C63
097413DA50026B057F61D0751E197990
E15B2EFF9C11FDDFB00482445B8C335B
F5229064E2924975AA9CC8271B38BD53
D2D2AB17920FC44C4DB996B0E780EAC6
28F9FE1B0D3B40BBD33E1F6ED21C3921
9418FDD3254CA33EAEF8F5EC2E0175AA
3B4C340FF8E90238B574C81F663E1242
0B3C14659DF489E3308C1D1CC7E0C533
C16719F3EE070EECE1936ABF0D9E32DA
DE632A4259247DBCCE300A1AEDE32F91
C810A2121CF504E17AD5C8E4BF422478
52ABFE4F15258A997A5FE7D9E7748BF2
5F4EEDCA73350422EA454A5B96B53464
265132EEB43CB300BB85993807D9852D
C6BB07030D22B51C536FD1FD9B606747
665CFAB7CF7714764074F884F9D06142
DAB7E2B45934D3DD41BF223565BE10B1
EA375E184574E2A0B71C133CA55425DD
34856CBDD5BBADE0CC2432AAC0FD91F7
1C263BBD582622DA9489704138155FFF
37B47CAEC72037FA143BACE668FCC58B
8516883EF0DC64588B77FA3B741AC30B
E04842B29405EB7E5AE7E1569EC435A7
ABF30404F1E88621D07C9633BD3B703E
791B6BFA1593BE4C1C2BA0707BDCFE2E
8D28D7A026E17CC9A93C20930106016C
D94A708F3C8E4CDDC30C02D355AF0C3E
7685B73D3F610860C531CB8F8382CADD
C300D9D4201465DC5C6F68AC9D111877
5405EA66E519C0DE7A17CFDFB4A376E9
93DBD7FA591581650E0918859669E1D3
5072D0D8D0DE274D9AAB7DE564754567
E39D8AA6B54560477A0433A04DD146DE
3410C99FC7E7A139CA5D3A9DE3C95993
1FE4B7DB2A438627272BC855930239F8
2D2AC9BA23FA3C0CBA376A3E9BB46B4B
9660A70BFEF43536F2A6F7F4C35C36B0
D74C668267C58A888958CD113A9A79F6
80E7AA67D0ED608EEF073DCA4DF337A1
6C8D88F49EBC7A5E2CF407FC0AB0562F
E310A8D2FCE3BC97618CA146685463F9
6BC7928AC9DB5826736485056DA47BD4
FC68D681387171D07B209F4B44F218BA
50333BB004E2F23F77CFA8FC94553510
C524262C643038F8E908B9DC63F0772B
EACE268A40D7F9CDC268D86568AFE170
92175D7519D97B36A956BC660FA89EEF
62DC949AEBDD977BAACC67BA191A62A9
396EAE7D2934B3488A4C76F6479F2155
E21B51D6DBB4BCBA3582784517DAED21
D5D126F66F0AA062D2EEA8C2D81C3733
272A743B1801927F020C083F32E18898
BA7903AD3D1329C5D7289A664953FACF
28E6ECA7B7971826098035BCA430C344
E45D252CB86A033FEDCDA3A72EA2C955
0353B101FAC43E1F15C1CA71AC5178EF
E60F814E441B507EA5E3B37E13680C4E
DBD7DAF769D3C5C06731FB5B9BB3A357
D4E4570EA068EDB5FE93DE1C7EDBDDE3
CA35CDD298782662323F0A952AE5BE65
3F9EE4D9A20780917199B26AF8EC68C9
BB67E17B99630288960102B200F6CABD
35E448D57344FC65BB5196AD1E64DB2E
3915AC63A677C6590A618A379F26D523
89E0D7F19C072AA22F78A2E30265ACA3
2E76751ED123D453F9EEC45E37D94755
D9C376B45410CF3889FD4A5FC20613B3
2AF79DD4693839673166D44EFA9BEF4E
12FB2CEC2DEE00E324A00556D4C6E581
B53A4B4217EAB2D284682D0BA9152A4B
557A6D5241281ADB70963E5F7AAC9849
6F72F60C9765D3286397156A17756E47
D1E0EA0E0F913770C88BADC7E4C5102A
E8E95F8A8E71FB701CBA29ECD6A9BAF8
87D0CBC1422EBCD95060CE1E2D470934
867C4063FE859591F2B5175B9B975AC6
58C7F4337405C4E895F17BE311D3AC47
66F3145A196B28F2E74E92C2BAB2060E
3787A4D93D392F84DB6195D2633118F5
5A9A172B900E537A50F0BF4C48574F01
10A6B8AFD182DAAE81DCF00541B11111
D00EE337F5F16A1473F6FAC1A5EA3C89
16BAE08C64CA40DCDA16CB3794FA46A3
E310ED7E2D53D436E2D26628F53064BE
405BD65DFA11C42ACF2C8104DADADC9D
B4F1792726C41269854E0B1E390534F0
07458A0FA8F64190318C0DBB3600BF2B
5C1519492F2EF8C73D5245AEE5825827
1E3AB687679BA8D9CB2E0C4EA91173F8
9813CDB1D5FD44659F8EA22ED211CB5A
7EAB1DFEE98DF3DD524CD27A007D0F10
07B08E9C74AE870231FEAC70C0025294
B97A65C8BFE7B14ACA85F8DCD1668643
4293370E2D18136B2B946AF6BDD93413
2175B3C223EA04C6B98FE45990325222
A3D865E4B56DAA2922E8DD8019665F10
4928B66C7EE13364FE05F65D7FA7B20D
F1514433732122C4B0BDAAAA73114197
A5723E7457700771287859C26D6B490F
A5B10DBB282793E4AE882AFB280E804B
6B48233DC0B4A8B8637936343F6434CD
CFD4FE6A8382AE4B9AA6D9DA90EB201A
CAA062BF36376BE0509CC770B3627887
33ED899B32B5B9EAC9FDF94834208BD8
4511A599C1AE813B0642BD3D7DFA77EF
986F48789F55C8B85A29854568B7127B
1FCD668D038B3BC47A4B398721ABC6B6
106204EF7ED0B637FFF35C529BC9E3C6
0CD1C78CA31F3853CB60B91A774144E8
97FF1CC9CF6A87AE3E4320AFD1F77E7E
6D3AC679C95765797F8B68478AE3D15A
78D6CAA9AC280C8CCC003D9B44F77B88
ED20EBAC7DD45C21E278551EACD821BB
29FE9C875BBA38EB54396411CD4EB152
F60F763BF40BA6A9C352C0872DE4198E
E6B913B5DE1B2948103892DF77F84D5B
087E9AD03D217280E11B4D9E680F8DC8
036E95407B7BFAC702D54A72A925946A
66C21E43F02BA6E81591B04DADD581CB
075380FC5EAA0D3104CD677E4F9212EF
7B5F5951801A10BAF9BD86FCD1308E29
CAF335152051488DE139E0D4930F6EA0
733072C32765A8468CD876751625A00E
2C1806B8ECE0279548DADACE280B9201
598745D6EBAEE1F8DB5B42EA7F02C148
06C06B84A5E1BD2A92B289A2FC72437F
FBF890FEC23D4A21FD42FD524C8D682A
AACDE89D28B10C9A52DA489E0897C0E8
C8A7528DB2726F1B297057896C6F04E8
94A19FB0C952BC831874EF55FC6346EA
729E4686FCD9D28973EC93572CE94C50
D03436A59BF16ABC2C48085A760AA7D2
A53172506547EF35746A3D5B60F356AA
431CEE69681DE4B6651AF3A4E67F5ED5
8963AEF4D71D4D53036574DC01F43C85
4778E505C8AD9BA3922ED0431742069B
082D00FF10C618F8118451CF9FDDE497
400D2A1C62B0DAFB721B4147BBE16345
1AD7E51B8DE7651532BDEE68352C5D38
4B5DFDCE891AA0E1B817997692E60432
2E8B31D43860D4A4554CD84719833DF6
48DFD3323279B03A56B2444CFCACE637
E8F8A94348FBB0283E2A6419FC5F3EA9
D8DF39B719EBC028A80AF49358DD9666
55B18A85E0CB0C7038B9CAEFC69A6600
CF7528828A5AFE625D4243744A700370
2E53D0A0F07FF736F2486F69487F19A6
A9576DE19BE760EF2F81A4BD7EFFB0FF
58D9386D91CD61835ED1D13F52200732
D02D2517127FB5B73B924BCE014180FE
5C6623606B8A96CF291AA0EADD9063F2
71300F6540F62DCBEA61792647CB3FAA
639FCC930DB38B74A86FBCFF6D0FF4E1
2AC807A5B2171A90C5E5FC1AC70C55BD
188F180DA377AC2B19BD0499DED44FCD
F7A976699893ABFC3CD0DFCBFF809E2F
9980073B3ECF2BD3CF8EA14F9B738D21
2DCB16EF548A453BE1D9871ED01DC01B
B57ACFC1475CD319B328E157AA4180DC
0996D0C682A0DB57D984C47745EF1275
B0F98584B35F98A9263A67DBFE010796
E5317F1EF9D865C580582AC31AF109D7
FC390128F485626C24D098CF94EE929E
0620BA03A2FEA85E90444112122B6BD6
A99A8246F13B43E374F71DC0377E7976
54BB0F3A16B96BE74B24A7A3B1E690E4
CF9B353BDF0B62B101F5F5020AFA0906
2500818E09E2EC94DE193CE29D83E5FE
B9C4B6AB5D1F9C93E85025720C033733
35881E5FA9B20481FAC612ECFB743FF5
499BD11135EFD088AD31FD4264E5BEC4
9480F7A24368D9DF385930EE300C5243
2C8B9CBA62A02025A3C560EE74D37778
86B12570C1C31224584EAB2886B002C3
52900F1D07A3942E79C5E79CF234E147
EC8177F4EFEA1F24C21C59DA34D006C2
83ED9DFB4F867D28E5D302A396168637
3B975216AC87B1E28820ADB226170649
33EDF011BCC27ED0D7A5A135BB5986F3
3FE47015C93F9AECB54F3AAC9370883C
82FF2AD0C727044A1FA2FDB3280D0DC5
68261A905714980A49D54A12ED8C0294
DF1D7806FEC87E578E519DD9E7157C98
4CD63D13306C4AD4AC981B9FD36201F2
80C60303FDE16F1A255415742FFA7A67
17BCD47943188A24F5E6F56C1E104EA0
4607BAAB8B161B1D60C2ED142A43D6F4
3514BD3EBB6A539B4954C50649F06D34
BC7C2F84152295B13959484E1AEAFBB3
9FD6BCD3C4F16E1F785CD47993FB1838
1725CE28835CA05BEA12EB9AA85A99CE
7F3531FE42269CFB27B25B987DFCB64F
9050C7BEB1DCCC959D3621D4C9D30514
7C134DFA5C886A5E983489CDED18C50C
83612207D03A524DBD618F65E03119AD
D4438B9B0549EE4FCB3C09027D6994F6
70B88E8456D80AEBC3CE354F5364C05B
FB2D2DBAD61989262BF2F82AFB482A84
6BB6E3C4B2355499E22975392E441C42
F91CB507EA458D86334659740DF37BFE
BEB6DE8AE46E368FA2CEF21625D76638
4ACB9FE21918DEECDAC2BC4674104F29
74E6A7CB25D6507D136782C42C3480EE
E9C7531C76F4868D7E7D88C29C041ACF
9A6E1B3AA6FEC411DDCC1A1500B4BA20
923B7D3CB1AF26411190D5665183C4A3
AF5D452092BF33F1FF20A58C8A8EB515
851B860095B4818D83849200DBEDF498
F3EDCEAA8105936CC8B0F7B3B34A9F26
378C501CDBEDDD66C9061562384A0820
22F7DF9F760430F6F4DE8804A34EAA95
4416F4EC8B932157AF8CEB8A1F350041
DA5EE19E8A4FFC5836D9F180908520EA
DE98C6C5D5621626F92C8E236C62AD49
F10E15592748D55A96405FBBD1729A8A
50C4948229321233DB40BA8AE8594EAD
9EE044C881EA324002C9A2A649F23DFE
85EA9896859EB69CB729A2A7E1B6C2B0
758EA57E53AB81981ED3FFD89D6763D4
FA16355F4FD2C9A84226353767AFB829
A1F0830E2BC045742A82C05B9C496DA4
3F11DBABA5D256E92BE84408FF779D2D
90B13E7F7A0009206CD0C2729F66299A
D165CE943DED5B13062AAF4A320584AC
A68DD7BD6F78EEE847C524AAC555B216
23EF740E1D9B3935D7CC463C6E54E74B
B7900672772D07443D0B3FBBB37995AB
265BE3A69DB8807414270E762BDCF4CC
9816296C93C4C5925EE65F588321BB6C
AF280BB775F22BDB936459909C51997D
C9EC7EAB157E1DAD6A7BC7ACC6BA7614
4A26C2781C753C0BBB1B20F162B97BF2
8D55437C3F55BA2D560B923D7FE376D8
94C7F8A16E8DAFAEE105940D1DDCA71C
B420D3D99FF16D211D92F195D640E117
5FC0DEE5C34FDD8DD5E93420CF6FD3CB
B691AFA5B52F4706574F1525B6A8D385
29F8486CC4DC8E793931AA6ED7D3EAA6
82FB09DDE89D622CD38D3DC4FE6E0275
58D6354E11FA5D48A2A31B892F18FCEB
96170094597B37737356413FBAB4CAFB
CDDC63E3BCCACA05793C1C33891A7AF7
2E569F1850A994A1ACE75D040F607A48
4C47E5B01350B515D171DC31BEDFD490
4676F519505A05D7BA8F87ADE6FBB895
8BF775ED4D4B7474BA4219A0361D08C6
BBEF76D5C6FA34CBA87A7BE66557DEFC
94091DE547F7FA073AEF996408107C2B
34BD0AD0433F1D6F46FE77036D75EDFD
C32EAAC70F923C3F1BB64523C4418AF0
E8FF7D8998D42FAFEF5A897E36ECA070
00B4E10B73959B5E7A390ACD7AFC93A9
D6B6B22A720209DE3CEBD0FAB732E212
FB27866FD76B66358FBC272F3D92D10A
32C612C0FF18226702F643A6F9BA5BF9
4B359FEFEC8AE07AABF3DFE661BC634E
52A599F937E90F2BE7DCFA0ECE4DA3C4
A243BA25D116383DE4568ACD75527174
17243E0179F7948765DE81B84C5115D4
7C3525F496F5AF73529D42F0349ACE0B
0332CA49EA791575EE4BDA6187CBE805
230770A3F5B397B7453A60EA95CFF059
F6DE7522CDF4F78F1E8714552986ABF0
D3139EB0F8DF42720D32E52DFAC15EC8
CF828678D0A901055BFD61A0D2EE8385
4244772EDA7E4DAD1F2C8E69576291DD
4B1A102197FC93BDB6C35416FBABC553
C21A4D5FE7FEF629E5AD9211F55CA482
41BC34DB2D676721E70E7232D2518F65
BE7F5A996BC6191C588D108A7BA8E20A
459DEE5E7EC056C8A5B7F7C0DDC2E0A3
B528F66D495EE643FA8B274BC2F5A0CD
60FE77045FCE8C510AD94C202C714F0D
33CE28F2D8EECE8A7467C9E3884861D0
6BD4CCB077C466104A0899F61878389B
63EDF2BC5DC5B832C23D771E10D0052A
69E18610B5DF57D08E3D04FBBE68722C
AC437FAA39C22232A0A0C9F54474D99E
39442F9F91F8465D8F726A0D8B19EDC7
DA1400C6D34F7265E7A78AC87BA783BE
DC6103D8C6D56E463DBE56115BC43528
45E97FBE49C6013428278431ACA0973A
33561B871BAF28FE35FB2735FE4E2A3A
7E0CAED3CDED9C9807B7891EB2D04870
69150D943BD69FFDE6D9A6F31E33B744
3B5A894099E66C4853E8D327DAC41CD2
A7A438B748EAA8F7DC1BAE38FD7ACD9B
5C7034865D118D6D154A8BCF7446E51D
96DCF91F8BFD920AC8DD2DFC1EE0076A
544948E23EB18381DDE4422D5DFABF79
21F591FE1B27EB5B8F98D329208F4BBA
A915951EBB1095F11B7432FEF9A3E5BC
0A0C8EEEC33DA992031DD4C3837FF689
AF0B0499B74B6130D0C2B768965050A4
C6A68712C35388E31D89580A0856BA0E
C2E3BE0FD4389D48A173060A0124F30B
DACC76B248C004405D8B85F700B87EDE
70C8B13FC89DB47288AE3242589AE6CF
BA56742E641DCE760A62E4CD98399D54
7EC4492C0BAEF741C4D6926F28D4C8F5
2E7CE30B19AFB2A7A65EBC8F3E80744E
E4993A2266293A51AB0CD18325854276
44BA2BA3841E338BCE108602BC0E4FD1
61AC1F9EEBAC84F5226E3A5BE857C0B3
B3408D0DD36B124E4884B7828DDC5673
C08690414D97D5666ED9A82DAD7FE422
EDC5349C705F0D781ED7AFE34DE14BCA
E297E11E754F27A0FF3B36851E3B611F
A2A4F42C1F1BDA3645D801DE5DBEB503
43E1277FC7D61B954F615025311B7067
8EA4FFB955C6410DE938EF22BDC621C1
AA20DB48130D4DD9EA682E5950473B7D
8F56998CFAA3A7BB914FF87C30F4416F
0C747B46F3480D3F843F178DB18AABAE
E7F5E4B0F2F2F17564DA605B81BF3EAA
7A424CF55E0866D85D3A1D8243DAB608
4E21AEFB0DE6E338D9EBFE7938F7C58B
D096D471629FBC4371D75D4696C59DCC
D6628136572C4B3195B92373F613AEEF
803E8FFDC62DE4D475656E9169767A78
3018E9DE729BAF61163A25924A36D37E
9E3AD47AD6D60934058C2F7C51CFE3A6
0F809ADD088B7C603ED904C8E42DFA64
16E9B9576ED6CCBFBA1459E19F773697
E71DAFF07539A894FA34CECCD9BD123F
640E42B2A511F830BACE0BA82FBB0958
AB91CE5D481AF0851D346792578A5664
C821D3980518CCB2EAC5B6A22457FEB9
AEF4F44C46DA1BB9EAA7F05889554464
F77CAF4B5EE785B13E96868617E9699D
2546BD6D713EEC6950621265AF5F2D04
90D0B47E9A37A25F5B28D8B81C2689F8
D3567349A3F1600848530F1AE97AC3D0
8B221D882A3E0C2CAD09BCC1086C1E85
30EB6BF18C4A2425381553641875FA45
40165D531DE7195F35CA7C8A23E4C8D5
1B16BF129E562ED8859608368122D529
D8C88B0136A72E34B1371C6F77AA94E9
2B48F20D103F61EC04AAF4F01364BCDF
9FB5DCBA6C0D1C02CE5FCCF301D14862
2FCB1B7D5B6EA1CC4997F5A6E0F28298
5AFEA8ACD1B2DF40447AFE609A18563C
F213AF3C8D92F270BEF647752149D63F
387DB491128C677B84C830FFDD3B4EE1
E8B8200802A0E6E9C2C3D4316874C1C3
FF56AD7CEB095E95672D1D4228365481
24B7EB25204A405567546FDAF04B126F
CD74C2503253E48601F9EA8188125972
71C087751B3A57A757EF58A00DEA8FBD
F659AD1573CAF9641060F96558694C88
18F9C1B0CAEDF3D17CF3A34CF6E0C59F
9B155030038CA10BA7D4AE98261EDB91
5B98AE71BD089DAEFF6CD14D9ECA8B54
F68D14342C430DC4AE4D1562E8FB7464
B94252DA85B442CB9F13670B4BDD24A7
D4CB77B21D0259B8A782E4F3ECC27B3F
95D1FFD9A8D7482A82E3C77F625211AD
B0EE893F8165F32C717A275FE844A8DE
204EAEB98393C6A4347BD1E24F33D619
5DEB0CC02739E87AFF2CEFFA2495F038
DF9D11DAFC88AB0951F6B77172BFA55F
91717AC513F30538115CCB6B08B76E8B
242FEF012928A480ED148D21F73675B2
76E0EF2BACF441E3FC8F1126DA6410C7
A470EDAB1C17997BEDE1FA3C26E115CF
7533C751F72AE85BE7D2ACC97AD4347F
E665B3AB3733CA89572B416AAB0E2D47
00146F37FF841F2C78B8B3CB6F7C90D2
616623C995E23741AF4628547ADE0878
6BDC5C18A600E3A33CBE9C5144C746FF
C8BC5181104EC95E902087C914054E00
1B2760AC831F6BAE4BCD9F4E5C6A18EF
7802FC25B4E0567F77BF055EC23A65A4
F4D4C9A26B4E57823934AEFF2204166F
1478A6B325CED5260A71D40A4E3BE183
1E3A544154558ABC734C09024E83F1AC
479BC25F4E19341B4502248B164030BA
FAA3584E4D49B544496A480AE29862C7
D95AD0E0230BB60E7453E72C73E4BAA1
B22FA4120C484B3E0A6A9B0F2CD9CB84
F52562F4E5389D434F827BFF4530262D
838ADAA02D0555D4665047001FBD4378
ECCA1F6DE2F5BD5EF704540960BDE69F
D303E84624F4D4953A326C6DFA6224CB
40BC6D860F722007256F33E90BFA8101
AE5FB082D01930407D057EB94D3DCA6D
A779D23564FD2A382130049004157431
04A546D470D401D1397B0F5EBE1E1344
FA8B5F0128841E766C9D17AE412F5E14
EBDB14F5E1ABE17C823E02EAE02AB7EA
8B1B4A229913EC9CA435F1419A69CAB3
35C71D543B8B9F98D4B0D4ADDF48795D
42D3727848430F1632834BBB8DCE7F4D
DC5D75BB18DBD8AFF021D42260AB6086
8B3ABDA18DFF71915CDE68207B58D137
A09AD8C95B11765093D03FBEC4DF4D95
ED5D722CDFCE93EFDBBC7F0A6ACFF53D
16F3C9CA921A235CA50B2534369C5853
D2522834E00C953935C019B8740D59A1
32257EB501D4DB28C593D5F1A903EFEF
D4563CF41F2CFEE1BF8A2EC78F53CD9F
C4A6269978C6C93F1BC214706B3F7911
9D71AFAD56204D99961DE6E2C439F36D
C1DBB677B68582CF6D07915B1809EE94
3E4BB7ACC6E86054863D8261665C2AE5
E05193EC7BED7B2DD719BBAAD77B6F79
BA177EEB22E13BBE07CA34709650A1CD
A7A75530555F7D59826A6B8C4AD97CA1
00BA482C144FB8008D166FE3F3C6ECFD
F4434500D3361E3B7B1E06A885808602
69C9630C1CC242A617FF5C8BD77ECF29
32AF35484DE6D8A387EC810D073BF6D0
0BACC39A84E2B77DE07E6019616F2D74
0DE6BBB59939E26AD5E37614B9491005
092CFE8D032983E1814FE6EA04EEA2C9
F516B2CD7CA4066D12958B49AEA5FC75
A49207DE6FEAA752B97236FECA8CBB6C
87223B9EE217D0C525418308C34AC5FF
2E9AC49CBFE577E23D5323F106CD3686
2BB8B7F8DC909107EAD1D2B529E14D18
CE02A4A3499F36D9E0280A279C56A70E
151B0C3A337ABEC922416B5493FB1AA5
EFD5AF2D3803A5BD3992A6CD3B73EC22
17FF6A1328A40C23E52688F6CB0BD657
EF6BD1F97C7DCFE7505B13641E54369B
20C74A6062702E77C95932B493A0BF39
BE53EC25D15B62604C42CCEB19E543A3
539F5865470C3799DE64AAC568AEE63F
8EE584D85A4836292BC834D7F08E98EB
7F88B9076B7C21227F3030F5137D4A81
2665FA98C6FCBE8D3FC4716CCB045A77
E68309FCDD7DF34AD15C5D83C9DA10AA
58150790F5527A0A11063ADB90E03918
494430DE02200755B353855DFABDA5AE
9AF7F984FB6915FFF6C8C295729FD66E
57CE46BE6CE620EB1ECE27019D69D93D
DB50175C33B70C2F8F78F7A7EA9B434D
E3376837E8749D43E6678D0F56E2DAEE
D97B9676BFFF164179B11036FEA73AF7
B6B83174992FA8FB7EE34222426DCE22
943B61A6D65B3B1057A7390FE0B41948
A6B390AE6AA7657E37226C3E1AE4B558
CE32BB727952C3602C8BA5087C400E84
2E24BD4E5432CBE50886741C19119429
EE47F0C327628624240D06944BE13C9B
324303CF8DB6D2AABD65CE85311087C9
52EE5B250C7526D6133D5CAA98EF7F54
D0F6E20C8DA1AC090E329A0AA9CA56C0
8B4137E18EC9F9E0981687E51B19144B
1AB156D6CE044E6EC8AE3ADDD9DD68F6
F801381E7F154F5BD1B53AF2FC754FBB
1ED86B6BFF5E88872F1D977DFBF6A4D5
E0664C5743A86DC2D66C61E04B413E07
49D0DF3F4C6F58A8B68C57F17DBCE043
775C775C7A061CA44BE14B007F255B1B
AC62728F6C2C4D0B01B0E446940F5D6E
769B8A5ED69218401AA46E3B3E3E745E
438476E465ACE93AD6DAA17A39F6F340
72F07FC3A0EB22EDE5B048225D38B11A
BFEA595D100A63E814BE5774ED8EA0CA
D8336F463E0594BAD3F0041C0030AAE9
7159549443A83B5C743ED809F3407D9E
C59BA4D93C32DC545A0BFA0EDFFF16DF
7DF4872B57BA59DE770B8CFABF88DA6D
9ED4CBAE5EB628AF491988B32411F3ED
1CA089AB269999F895B9D6DD8448AC9D
66DA28CE8160063B5092841A3FF61226
0D685CD09D2E56C7BF87221B5798EC76
C92961D9168748D7E55E23A8BAE54C5E
119D984B34A12FA6EB605A4DB67E85C6
36950A10A41D9E36FAD6C63600C56EF4
D63607F297257E624D48500658078F07
B559031EFA69234512C2CEF39DDAEABF
277D66796A75504D08CE0A0EEE36D7C4
BFE99EE67F5D56A8B1304E14B7ED37BC
C5E692F7B1587D5D4C6DDAED5AE2287E
218239533E062953DC1D9C5C6114B23E
9B041BB344720CD12A7550A89512FD57
246EFF8DC3A4931EFD7EC8DFA5FF0851
C491AE1B5418A2922687B7E5A8C2F675
D01D9A5E1F98295B2BE92F994F9B859A
C697201E6C446D810EF808966630AD61
EEAD693AFB365988F3AE8764DFD70091
F02B73ABBB7C591D36B66A46A81CC2F9
F856BCDDF49FA641A77905DD29E00B18
0CB014D0DA36F25178ADC5C4635AA9DB
7E50081D908F1E7CECFB95E869343CA5
CB9F73C196951E847BFB2F34F1E7B0B1
255D55EE25F2FC33082942CB47D52653
27659FA21C7470D1A10C3F90743F56D1
D1162C9B1CAFB96A268A22EB5382DBCF
E26150CDB9CF56CA04F36019F98EA36C
A317BC76974EF1EA5AD51B05C29581A4
2688D9975C7C24CC55A0BDACDFD8DC6A
66597FDAA10AEC33BB7CB857DCFF9D6B
A7A2DF0967D6DC67440AE2217CCA6119
B1209757F55A12110F7639383BB079AA
F5B4798AFF0109D9F56A85755BD07BA7
7F804E4709E33FD5EA7BCD0346FE6CC8
734D8F3A3BBA922F2DBCEE14F9CC1613
CE2AF642B06C981F2F5212434A12D3A7
2905411A9FF1E1BD608AA54623E1F2F4
ED729289547AB3DC5F0097593D6EC29D
2CD4F08597B13772BE5E6834CD7E570A
1E07BE55350D2473FA12988EBB27EF85
7C39A05990ECA4E37DB394D9AE0EE235
12A795FAB9AF9F4C5893B117CA87308E
8D700FDF267B5792F2F5D7F17A1FDFB1
997FB45F4D8D285E804BB78B71E1DBAC
FC563955978464D1BA6B50C4A5CABA54
B8F862E4156B2822693FA0CE0D4B918D
0F0902AA84C0E71D34F1A389708A89ED
4ED6CA26D102D65749359E4341C2E717
A5F6B35F589A5475464827E01C467E04
0F651CCC54B37DDDA2E1614A196CC22E
74EE34A60255EF0A15C3A95ED303244D
7F2EB33903DFF9292CC40D626C07D3E4
4EC6D78FB457E516983EDF689577CD54
4CF1BE7DEF6E76D5034F1FFF5E97A9D1
BA3749E299799EE1C4B126BE5FFB107C
75DFDAD28475AD187879C995C2BD2801
B9DA217BBAEA5270C0841A1F03FAD93C
156472D552B46F92CDEC8EA062680660
EF68C4B2E941C6BA63FBFCBDF918F94A
E5D1B63EC601134A1B8E77BECC7DC559
F0A1DC149AA6C818723966C691013109
2DF228FBCA4E7DEB05668DDFF05C0D8B
3F20E385F05C91DAB0BC8ED4C7AB90FE
F9E7DFC75538197BB830520659D2FEAE
158F5B32A4F81762AA73B5755CC6E363
5278A47896276E5B502B2A25D2444BBC
49B018898EA310C986F30B2DB503CEBA
C2600D907454D91D3E71E8A9CAB874BF
B105EB8C7666FE75F0E6CE9DE6AC1D24
8932DF5FD45022C40B2B3FB02BE2A112
2049260ED4F159B55445C259A6A7E772
F5165F8DD51A8821711E43AC7F3262EA
A47C93279A8437B2C8D0BB7B3359C1C8
C9006C2532FD15416D356041A178348C
C63E83A57B16B25C69CF3354D0BC4881
F89A11DADC51DFF851FB0BCD33F031DF
B565E5D1BD650D7D9F0B99A80100976D
E765CB2DC5435217A7C9B6AA06FEDF06
99904DFFBDAA57E98844215B8AF4D964
BA7A0829A8B2FF6064C012EEE9B8D89A
ADBCB8183F60321F74A99AE81D9C6197
5F3D62C9D40105A3CE3999BF3FE78155
1F76D787044E2E5C06611BDBF297099B
3CC92CD978177BFF11BEE0DE0E907B8D
973CA3F9E78B96D7E404F93FB80660E7
78E4963EA177635D796E1C524C5B1B6C
9636194CB060AE4571DE59F7320A7F30
FF4F90826FFA6EE4BBE7C0D53E85E699
74BD726C35C5E97C0C3231F32B571C56
D555A7DF13C6AB62B3225DAC7C2E0B57
872300519B4F8BAC96A0699161CD8C4C
14CE10B12CB1610E5A8A79BB4FC58A67
E655595D9E1639235DDD8186D56665BD
9E2EAAFF4B6EEDE683F2938891F9AC7A
3B8D6D28D9056E080B1C5EBD80A4DAD2
0071C1B68B0C5A7DACE6B46647C81F4D
991576695CF1AD1110A1CAAF66C31314
753C073179C002A9D341F93226E60347
DCDDC4C634C2245A08EE27A538D87A20
47E8104A42EB2AD83D8E89F6960B4924
5BD941B1F2F501AA9518261B10D2711D
670053CC4D87C0B8FAE7970F1B242847
EE4CC7B0B157BC54D709DE4CA8FE7A3D
B944EF0FEC80B17BE45B66C1407019A2
520D014368BBFBAF6EB0A03ED5530A53
848747FB18D70EA66B2B8BE7B2D55009
8F9131281C6F7179269EF9F1328A5ED2
3D5F94BC0F35A49E4147BFD1EF159103
B37A8D48A7A9F90EE2DDBE7F09D66977
4EA50A3F993B1FC32243EC530A66305B
EC054D688DFFEEB2F88AABF61FE76555
D563EDCAB181881BD729853EE9CA37F6
0986C5C1A9E92CAD4AC06C6A50D66D48
047E6C18442EB3C35BE44FC8605DC6E2
BDAAC2921FFD3D25DABBE9D3FB9CB02F
E88D385CFE42C6D3C0E65443AB75B223
FD02A4E6E07D2D7CE64A7EC8C7BBC0BF
27763128AFBBAB08728DE5984558B6C4
0646F5BF2B151E9C451AA718C10BF18F
62BA67E35BA79E22C2B1B3B34711B2A3
7E1F120013E7CC1B1EE5761629B4A8EF
33F7BF08AB344314510E649BF23806FA
1BF40131F8F9C575DB9833FAA0264BAA
0A9542626C11EB1D6A652DBC0AFBA2EA
01D0E84A3EFAEE406F2ECE0731F5021A
3EBB5D2241E5C12BB91C06B9A71828BB
ED7B598BC03D14C01A6EDEC053F834D6
36BE7E0C5014CD60BAE3E466B1799ADE
DF5B069B3AC5072D2BA33A7BE98A3B01
90AFEDE8014F4B2C94540AD308C086DD
BA8CD8767A3F40932422ED253D59BC3C
48582A410097B938D7F2BFDAB94AD1D3
D1FF0AB3B5232F97029527ABD5D95AEF
6679B0AC9E0343E500C2F3994E01B1E1
4CAB6BC6AA200F0F7E158C63D48648AE
95CE0F376FC63A7196942F901DAD7D2F
5B7BEDCF1295EBAE140CD5FDE57175BC
203DF20FE3C8914EA554E9B88E24CDCC
22B2CF02C704130926F37D420389984A
82A6A39712456715EC1D2FA2DB4AB872
DDED922667D4FB69AAB79113C3E7442B
01726A56922610F2AE143DD85B11B26A
FD9A3FF737302CA29FAECA05465B255A
19326613B2635684463840AFC756DFFB
05A53437E743FDDB6908D99D06A24445
BE33751C5EDDD17CD21A11AD38DD1BD4
005566D134F221B7E1D231138DC515F5
A1BFAE13EF0130A48BD9AF2598694809
192F030C64D22B88AA28A2670A477475
C506846AE2A41A02A71E33716E25DD59
4E8F836ED40F7FDC723192406D8E07FD
55E83E0BC35AC5D7CEA35183F34D2027
1242FA6753F8D01948B0EE34340F52B3
035EC543751E5AD3A5CB9834FDC5FB4D
E353F4EAD223AE8EADE3433467F1DF0D
CC2820092C6950EBB709652811F25808
363551191B13BF3DB105913064CB7444
59C7084CFE212B12B4917015DD681122
AC2BFFAAF5695A6FC989EA1E6E6A9A92
679A144974A25E82EB522B31398DCAC9
08B5A4705FA61A8FAF14C48B446FF6AD
204EFE7D1310B8A7068B9C0283E7343C
98C3CD880D5CD688DD5A7CA04E4C2B88
AD9082186E73351C1FDF276DA94751B3
81AD30FDBFE9231F1429C17D6F198718
02F6C4DCA8AAC93D68F4DBA8B03EF731
9A052614443312B51EB14264532E3300
D2256C67E9D4702C302ECDF9225A7C5C
011183828CB08EAC56DD302CE4ECA46B
9119EC260C25107DB2A78927633D61A1
3DA8C9BD74510DC05FB87C9EE37A8173
7E9ED11DAD11598CF25239689072B21D
4FD4794269D5C1AF2905D62493A55822
9725863E22AEAD033AED11FC5AFF4998
0705109E7B6DF136B648AC1DE202791F
D1BDDF013CA9D1EB0EC0F37A511F1939
CF469735752663D1C8A6DA2585251D14
C60EB836BDA543B2AB99E32893590895
3E4EAAE4F5FFE49F619A50607C080205
C7BF057BE409DB63496CE932A433036F
0546B4B91F53833EAF6681A43066CA39
B8E331376D6997A4B2E7F351D99A5AA3
D5A5ACB91B600EA796F88D660024DB75
0C3F8F4216002801D8E1FA3B9DDD1C75
D95F39DD47044BD9BD0C2DA7C4672BAB
46C0363332E89CB13BAE9905420D094D
D088BC99A3B6A9F0E728908D091A1CE8
B35A85234BB50EEF7801E14501418C17
380DE81411A896140F69FB7571BDD0F1
4AF42F23B862564A63D19089E90BF248
B4C58F76B33AF1C69842D39B4D45E47F
107EA77C377C153378AA466E3947684B
44C916044AD3473AD397124CF5BA656E
7F1CD92862350033E5400552CA563672
4CB7639CC389926D18639AB5DAA9DA97
06A89F8B7303BAB7EF654C235FC38DC0
46F73DE0BEE6D83CD08F1754CE5B4138
5D3F0DB69969A985A9DAED91271D6217
4B8CC606B7F204D5EBF91DC89F0AFD8C
DC1C4AC6B5068438F8C9A7CBD80E5398
F9B6BDE68E5EA56EA1CC2D0A6F786E05
349E0F2D81D84C9B47DFCCC00ABA0B1D
1878F3EA8469A03BAD868AD752CCB5AA
BA9167A9E5AF87E3916CBBC1C2FD85AB
E3AA9BFD9357F208D2CDDD90425841A1
93538864CDA35B58D115F02C7C0C0F10
BA9B2449F60EBE5ACC4ABA236C39A782
39FCDBAB16F2E5E86CAA4960EF518D12
A8CD7D52AC9E436018B4C3132E6478F9
3331E156BEE369F7AE219D2E65F6D2F7
9060F7294C9ECCBA047EB8DB50F5D32D
0C00D16A33B5A775CCE6E6E37A942105
96A60B12E83BBEDB73698BE98894DD3A
5553EB7D75024F686F84977809FC6943
2E548D9E022BD66B163CA8F84A3F2E6B
34A91284993A5D97D878E45C3A56DB4C
C48AF7EA9B34FE36A23E73D2A7E8C404
009CB1FBB61DEA5D549D152F12125CFD
29EBF312CC0839B4868294C6AA5017BC
11E3B34AB1457BFEC9E991E597D16B19
557192443E603F7D0C0F9A5B9CA8D8A3
4405A46B7A4FB64CC128912F736B856E
1A7E49CC05EED3D7396D01FCC50B6658
BA1ECC0314A29CDAAF163BE8F4A7BD9E
D57DFA2064D5179B5AC4EF4CC1C05849
BEBC25BDCF7D78759081E8A764D3359D
BE3D1C0C1430D061D56E185963B3BB38
CB4103D9E1A9C14BEA1BD91E27EF4196
0558CDDE6FDE6DE77C2D4FD4545094FC
283CC9E7503D87F3363A2F329A3CE428
F9CBF1FF1D6EB6E07D4C7B7D7F6ADB3A
6AFD754A4011E4DC015995D9EA5528EB
24D1E2924E607090705EEEE4E6CF086B
90F8226FEB047DB6E8AF5C6DB28E1C46
F206D1B50B4A641C87CB2CD860A6F9B5
B637C5F5C86657C6B489465AAB4A3D2B
26AE233DA91687A7E09FF7665BD7A83B
AF7F8B75754A98F12E71E315373837D5
47D5CD88A5B2644EB5EC409545F58C3C
92E0BC31568EDCDAC02EF78F87659565
F30BA10D13FDA9402710E8C73D023951
43C6FCF68120092488F4E5847766A843
0AECB2EE48D06BD362A99F43E4C04522
77FBB49B02FE4B2276394923F347A1C5
B68B1F9CAEF0EB024E4059F49C06A54B
24BED2018AE9B1B171A88750FDB06EDD
198634443F4244EDA9D2E6A22CBBAD08
068F7DE40C8897C2B6752B00CCD069D0
8F79F137F6B39D0C5D5AA6D63DA7D9D0
66746FA071603B8BBD27CD86956F4CA8
44FEC91B6F65AF94347576FA2CB67076
62DA026285D385E1146047A516199DA5
711BFC82C5F77D03CB1D608BBA12D496
DA02569ECE7F03F9ED0E7BB6D809136F
ED5FCC32E9F34894F2262EB1BD205D0E
AA9AC76F0050349A634DC7201F6AAFF0
3977FC24389C529A0975744B2377AF3C
BE3C3E86C14D2A95EDD3F2FC0E5FDEE2
DA716BA5D20235542BCC0A24B1F5B4A0
48FB65B09E1702C4A2A20C9AB73AC43A
C938879985D3A94BD2820C494FAFA1AD
41AD5536C55448FD0BDA0D00F661540D
5E45C5C422CCFB7D1EBF46EDEFB24B72
FDC32274E3C0177B9C65A85ECE9DA46F
108240ABBCE9CD1ACFFCF0D06E5409DC
991D538FCF17526AF23215F0BD412547
FDC5C152768941E680B50E6D44A3201C
4C5C81C07E1514E513F439A645777BFA
95B4614216C5AE9F584FD505BE9C24A3
119BE21876EEEE0E72BC7113838C2FE0
27CD403F78B8C22925E48333BF748826
DEB044712211190FCB19396DC4B9947C
1964249F4A9491BB35B3ABD83EBC1E81
6E5CE8ED8D41ECD726171A9D074B6837
651A9B9DB1BE7BC1881D86E6EE1BE658
AE3BAF1494AFB55B8007BBA8F9052473
2EB922693F85FEA27FAAE43A737CB5EC
C96D46DA3379F8CA5F3C99117096F49E
0C44FE01FA365DD3E756D341866C40C5
CAA81CA02BF872EDD1BE22D757C42859
CD01F19E64CF55CE979CA974DC1F9D60
6E270685AE311668BD02206540D26123
CC9C6EDF38F6EB0197ACF76A7CCB6D9F
62BBD62C62683AD89ACE563603D2FA9F
B69064803E3D8CD65B2823AF1F0FD7FA
29CD98603877280249B4F2A5ED600816
6B9C851E395DD0DC4ADD5374939C4D88
F1095DAAB316F65E8ED5AC5E8929F32F
82A305FCB786269FDE371161DC5C870B
A3E1B3146775E8D31E4DB924523C9283
79BF8865C0BFCBEE0D5FF35BD77A4F98
5A11223D3C13B276D09DF9FEEE8349F4
2CE8EB58F343E7CCE84519A907DC4538
8BE2CBCC68C183B436C6CFC1D2EDA053
F8F97D8CC9455CE65865295AFD09ABEE
8240BAE2640D5C2F7708AE261BD1E5CB
BB3C6062626C2D7C356BAA7F59C0BB77
F0BCF26C809EC78FC6E69B66415AE3F5
5B59B2F724C7442568D2FB4251BB0ED0
11923BD6093917091E53E9890574C7F1
4C105719F763C3D643DB53AF32899F83
2248BBC499BCF6A8DE47D6E0A6ECE7CD
914413A1293894280E8D1489A51C3803
0F649796D7EA9B20022D776F6B791E6B
D6DC2778085EE0A23B681DBA1A43D23C
F652FC1ACCE0891D95C85BE29C83CF48
5867574459735E020A7C022CE83F150B
F4F20CF703BC71EAB485AE8978D3AC9C
3806BFCEF37ED408A9A0F322855C55E4
C0F128755838DC6C4BD04099F1465E7F
1FD6E07897B745EF0AD09D6756B1868B
B4CFF317A5D1D064D819FA3072DC7861
45B41B6BB09149872B5E04D5DE52852F
C0F7E3BCF771953C80996D336A6BF5C8
DB75B99D9DA7083F693F7AD0371A2A47
8888A78E5A818038D2521B9DE8B7D356
48A576D92B1639DE9D14B68247E3B48B
B82BCC66F7F439912B7CB4B84C4B8C9B
D43F5396D72CF58E59981935C6193A2A
9D34BF3FC4F662D2783CB21096B3897F
55C237B17CB52A9F40EA2CC547C9FB86
5D51A1190F15C1B45AEA772F95B2E42A
0780BF57EF5B1784D019AFE347F877A2
252574F3849EF2E3414C6BA8DBF26E26
56796911B9C5326882FB892D330A511F
C3ADAE8AF45C1E9B6DC5FBF41C713B97
667CFF70F36B47DD4DC4E22A89260A2E
215B121306B8AAD12874100F8215D965
E9C95C0A994F85EF6EEAFB9921DDAA5D
52E0E7A0B8E2DE1204DD0C8C03227787
DCC2629EE637926BD2109E998B74E2BE
60230C42C010FDAA0A3043B97982EDBD
4A4BCC79A1E9DBCD8E8971B9BDD9A4F4
3EB615649A81259B7184F96B5B8EC6A4
252E95ED5EDC2D8B01125B489DB4225A
DDE8056C641F7B3480219F61BB91ED46
89B79432554482CA1AFD3BF90717154E
B521D48E8CB4FFBF04CBD3D20751B6B2
FDF4350D33B24CF17D482BE71A709583
7327D7EE6442C1FA449A115EABBC6269
C8257D32A0BF5DEFC6238BDBC333EEC9
A2CDAB1A75C9275689EED921C3D4DC28
58D364E334EAFE2EF0DDEFA5F0D0C968
7718E9F313199DE0529B507B6C1C2889
939C269CA4D411B13A2B9C24F62D1081
6A80DC2964FF819958AF72777F15E381
3595FF057675CF35540A8CCBC0996EA8
FC177E020561E0490665BD1DBEE9668D
7439B1680AF695324E3DA4C699C9B251
F868979B88DB913D549063F7B681241B
50450DCC94E563239A7B11D2CF8A777A
970813A7BF00FA1CA41F37A4E2F3FC4D
A13461F493E69777BC5430F136998776
6AF07D247808D309718F1607F23DA1BD
D65D16E8EA0F18675B6ACCA82F8E2AC9
FEF86D4C509C64408C37A1E596BC6659
8062988ED518F2F16D62EF97727CA0BE
849631847B0BADDA897AE925A5350B8E
17E6077F116CFBAA4457EFD0880EFF2B
D5EBE5D7EDFD31D406ED7E96EC83C84D
05E2597785ECA0052456A003268B2177
13543AB8BAAB21203C772555BC68606D
DCE59102C7A1D8585E68A77DA94CBD9E
F8716F72C41F7EAA3324177758738D45
9AE4FF94CBE8F0A90A752DAC534EDB58
D2AE0AD4530211220C1889B54080D032
A074AD1C34C5348477F1F564B84E3A51
F532D7F3B3A44E5D48ABD22109F50956
F60436E1FD778EB71FF7FC0B303184F2
D902833B1B20D9031B73FC4DEEE9D68A
51E6E4CD530D8293CC9EF890AD383CF4
6A70019D66F89295595C240D5457FAB3
2A5D6A02DF8AF9653724B3127079109D
B2F497C95067E7299DA15B6FAA0AC39F
C3366293B31D38714CB957F733C7D132
E7B8D166EC092C5E7B87F503631CA101
72E7C297CD786C7C393D684C0AFF940A
608B1F25E3BEC1B261DBC6C58CB3893E
8BD4EEF6ADB30C3B47AFB49130391F0C
E840C7FE183DA31C65A8C8F86C93A821
F7DCB7305865ECB61501471CC2E71296
0138B924F0EC9AB2DDD6A3FCA3317359
807BBABDCDA96AE3F767CD34C06B32F2
006D1622C65507517275A5C04F1E13A7
64D9F5B900A992F732B3F1830E7A9D50
3B8F92BE9CF3D5C0A45CCE498455FD3C
F066BC6DB8E64515E38F515916BC648D
EF7B6D72CFB5432193F0441E5058E2B1
9F6F50C019733F1E661362D0AFD65384
AAAF7BD6A4FF2316E6C6E9DE152135C5
5E9231FC681D7CE1922607FABAB3C499
530F7DEA909A70DF6E135CEB8409A435
CD232FCC4954E6E1596F36B9E62D8405
3210819C65E47A66776F72DF4669C67A
E68C0E57789E2FEEDA517BCC2B71D53F
5D8A800628108066FE4A93F2994D271C
64E0A3C057183ED101D6BCE0AF0F1202
D01F9A1A761EBCD7405E35070A61FA8D
A2BB8C97CC495CD953DC994ED29B3991
CBD66A003FE0BDD9094295D4D47E451D
4518A93C98D4FAD30AFCA38EEFB43681
80555E423AA861279D00925142E7658A
9807D02739784876AF4F2AAF1368DCB8
870884D6FAD1A1C827A4C66D5A375262
AEC0D579A37579CEF45971079A59EBF5
EE9392181E02EACDA5519A05F630AF35
2931D035997207BD9AF8F4E80C19A5E9
3F10CDB7980B8D852726293642AC97AC
4DB08CA50F71878164C3DC27037F74DF
9675C7712A57FA98BD45376E6A22AB97
48F69D58E48FDBA60B9E5784562B5545
9C51803E248D8928C33B23B130ED48AE
4DCA1FB628A796A1512D1BC7E573F0E0
E23F94BFFD0939D22CBF13B0D2F3697A
CEB631FC17A816F6D8507E7208B06817
41672D9728AF0494F7C94792F6AE6CF5
6E4258F827BB11F9080A8F9F8732FF0B
993417AA4E627F6E545B45F1BA3ECC48
9DDFED381FCDF681FC8FAAC355B48BC1
1EAADAA6EA2F7CCB2EE85ED4F5325722
F923BC89B3DCCC96F820D31A737F5F5F
DAE0BE35D3C548B5CBAD310FBE080912
BD29B21BF7A321571C033D5D777892F2
BB98F982CB14CA054624DBF34EA852A5
5AC12429810D9ED87A5F766FDBE7CCBF
7BFE23C3605D9C5490CC06B01C0E0C72
A20A397E3458276B7A54ECB17DDB280A
59C0CDE677A5A85F3C24FDE42299A5CD
80FC72AD63101E02C602CE9D6EF590EB
B336A2874ED130CEE2179B879CD69413
0C84359D731C3D022D7D7BDFA9B47509
F0946AC031FAA23DCD294F0980DF7533
E10256E07ADC9FEFD6EE50C7D3EBEDC1
C5939D4857BFC805057E69C54A62ED26
CF912EF00CFCFC4532311C9876FDE8F1
FD73565A43A2971868C67C9C0AEAD970
9FB2D9DA0AFAFD41591C7C62ECE30BA8
B95910F7CCB08DF0C179BF906E19DBA6
BDEAFC69A0AFA34EB132F03316C61DF6
8DDAF836C3D4E3AD7F439836095FE102
812129794B491232702933B495EB2130
FA81C1585F42EA52165A9CBFB6EC71E7
73CDD0917F6F35EA329443DE3290B469
28C933945B7BB10BC04D4D28326290F9
0D829A899CB4981D1E66E989FEF806A1
E4C0FD4FC9B76BE63085215033A29E9E
85D83F3B2273EFFBCC4972D730ABBB79
AF3E9A56C5501B2C3C0041FF90DD4AA2
3EE8C149BD26373EE0E2F0685547EA72
1DF8523776F2CAEC089B67A231980CC7
64B402954DC090628BD18A72B89E4697
4E112FE8139E5559A12CB91DB60FA0CE
5B6758779B672E3A2103D3ED75FFFA1D
D363450341190DA2508FDD92C17588ED
3C70DA8B128C5DE211CE2C918840FF49
64EABAA78AE4F1874F884A518828B91C
955B28E438418C6D4DDD8DE6BAD569E6
A481D24002CE40114368C2422020C222
B8F4C74D1E6C4DD553425155F415B378
E374D437E7DFDDC1416A01E63BC783E9
BF14FC250651B22E54AACFD0BBDEA2A7
8D07A91FC3024D9EE11FF1C4BB6EB7E8
227BBB10D54E8EDDE4CD1B22E709BA57
389C6155D1FF8187FEF518354AF83DB7
DA496435B02B553F097754D9004B6372
6D56DD955AE5BF4529547C1143C45A16
3F269071CCB7493E0B324E0A97B8741A
15B1CE06849B0775AA769AA5E87C65D1
8A7CEBABEEF96EFCE4FFEB06EF4DF46B
ED34F9D13204561D1A8DFC4291ECE389
4327E1503928FB5D87692176D07226CC
11D6741802663E459C9A75D5C7DFD1EB
5B894B5F837CA9F56FC4F2BDF42C1AFA
426FDD82E0E56F565967D964AA887FF9
7B537C0729906A451463666BC532B2A5
ED126EC9640AC24E9E993D5475AD44B9
A7DED53E266505FCC15BF5D5A4BD6F98
57C76E9642226CD345366DC6514F0912
4FD86D95660AD3473A9BCD1F0AB4DBD9
D5DCD2EF1AED9D80B80DBDC194FBC110
92EECD65066C7B6090C38544E66BAB16
D4F8176CEA4BB2206D0594E50374D233
F88551DDDA58A85438AF5DD3C6F13F0C
5A64248B6A88F7722898934DC4950325
E4DA1BB49EC7F63B5F2643DA36C9B816
47EEC96B709EB563EE3A92A1881D0A27
2A73351B270C61239BB0BA4B6DD64F1D
88157E323B8688818B1AD9D0D23883D0
9DD451AD29576BE07AFDB627E17E85BF
FDAE1862EC7023671B6DA028A01F7549
E0D994284B53C3BA3D107D95611F3FD7
61B0364A7B98E882E0FBE788B907130C
3C1D0FDDD20294EB9C82EC524DAF67B2
FD9F30ED8B4F6C084C69418ED31416EE
CC8C2D83E8E934FF4B2969D4886E0507
81AEB9F259987B5A4AAFCC43E830B620
81020F419E418BAD0481F4AD05404F06
12D71784CBF06CEA2FB4FA05F75C43DC
825E03614F5B5518D000C29D7CE3CB76
91D15D00FC0B042FC472A00E05D63C03
97AD1E4308DC1E57881E6B3647783A4E
B33E43009549CEBBAC9932BFDEF5983C
62302B3151410262EFB12DC8A53BA90E
8D23F542F7A77478FFBCD108FF221862
16FD2A180CC2507DF293294A0F9F1FA0
61C20A11BA26DF8BF3A4A20BEAD0286B
973A17C3846D0CDEB7979E3344D3DF59
13C124C8D05EE0212C3574E976AD5500
87FC1245ADAAD9CAF12EBAA09447F23B
E1C8DFBA10722288084745769177B405
64F72F1BCDF8EAC316AEC74BC6779DC4
F2E3D545787B228AFE66268C16B1604C
1F910F16C5BB783C0DDF1CC68AF335BE
FD05F301B96D9AC5FBA539EAB1BBF6D0
E9120BD0CA0FE729E0A87494E890B504
9B2F7F99D7D9B18301D2EC5BE01E9856
E62A1CA640D7914A2E965DAC585CA7E2
EB13334CBDB280B55FD1CCB40B939BFE
1B1EDEA2437EDFBD982976D15F24078A
F5D0A2E501EC99A7AB79FF6F4288B29D
8CBF7468542538959F8158B9EA57A08E
1D029FC7C4B6D769841553EC7A90C892
EEB023D9F1D1B87053BC222E57EF335E
C05FA29DB16D728AB8D676A8FE9FFF57
D66438FBEC8B20C5CA242C9659E9A752
5A1161B126F54C1CCFCC1A97C1ED3F8E
663D87200D1344105CF0C0AFB50AFD93
EA9BA58DACCFBA2B1CD1E0D34A54AFC7
67DEF9E52D1120689ADC81704A7F3010
B802F338106B9D525736376BB8D77ED5
8A9CA0F80CDB08D07CCA1B11416C0AFC
1275241D8DCC7FDE360C327002EDA9AC
2378C3D1E3BEB5D6FB4A20870F9ECF3B
F00D4F7637FF38AE7F1FBF10581919D0
B07ECB44E4628D118A427FF1A8397F91
AEA2D2AA80F5059F80F8EF9EE7CD6D3E
90382D5EC62BA09D47F7330DCA166E67
5B51BBCE2D567AA4B086A2F40EEE5583
DBB0C6D6B59FF23E8E341843A8A513EF
1AC99A23A5FC7406962FE6EA9EE22553
AAD3B6F83D7F67CEF3026DED32ED3B34
47DF940E33DA9D18293943BB8ED7375B
10CA9E2A17C90137F1286FF8EA6A23EA
5178A60B949F2249EDAED0937CE3A2DF
159E15A7D3AAEEF5A5B928107F206135
E6B32F97D10A304DCF2622E1AD8282A7
BBFC0613E445F2D27199C0C66DD0EDBD
71DC9185352A5D57D060D3DFD562EF19
7D4F7E52690D21B1D7D92C64B2647E2B
8F7626381EC2FFA8641AA534017A969E
A7D45B1EA0045B429005E65AFD8EF902
BD655B35CA2A2E3E932B3DE4DF5CDBDD
7526DDE596B9C56065DB57E4EDC49900
B3830487F5F6DA92D03316839881B975
C2819355B9169767BDAC2B2EC397EC93
AF467054D58BE661FFD35385B2406A7E
1F8D7C1FF12A100F898ABB786E17E3F3
469BF644838B1006E9A72D30FE126145
193A339318EF4AA6838E3CF70B613BEC
9515F8B70F8FB62430F85129F09851CF
7EFCB4B6FFC3E5445A921B7E62955A45
B735A8107DEA4A1E1BBBA7A94C6E3630
03996630E8A73AB8AEFB8C3E301B3BA4
B2FE22C30351FF0E4C2F1D5DCF46A734
A9CAB4F0076049A92986C616CE063740
477F4255DFD259055837DE2970A58CE3
C28170DE6F0FED616904F6016E053C6C
5C00B3ACFE20496CE6823FA7C8762724
888AC27774FAB9387998DA7BD69E41D5
9DA21D5437580FD95D7414C9D4A02482
6AD7AC75705FBFD816F3FFE248D8DE2C
9A89EA28990F3047216C8D7973F4DEB5
7924242F1D2FDD83F303318E63201841
802B7BAFF26C59DC5CA108E857A8F906
F04D672EF95E690E8D3AB80ED96FD7F7
20EA935DACCED68BF7FA3EBCD1A6FDA9
4E141531526F884D99E0992B63B30936
F82CE45425023AE086B5C306E577BDAA
E056BC89F670695570F1BDC3B7E023EA
4A25E922730B6CA6287627B45712D056
DE9D7A9CEF7ABB89F5B77DC9FAEFC46B
57E2F7FFBBAC87F07710574A96C2EB7D
8C9818980F4793769788A30565019A75
C1E0CD21E4FFFF946E33904BCB461A0E
8CFF6D01F7A3C5A0FC644937CF823BB3
D6FBC82BC527A549A67A134D08607456
A4A1BB24140CB39DCB4FDB5AC5AFC84D
B2F4DA9AE399E217FD2C631E546A097D
6B85C66D64A68D8A4E15ADDC31760026
CBB7A9E6F52454895F5EA031106E3BA4
E6443285917674E3A082FF71B3261F00
3B83A16F4706B225EABDC4D2FD674EF2
09F3AB5B10E11318E88BBBFCC55C5957
EB5464450FDF897404BA206076239DE4
A38A9E3CA03A958D0EB9CE184A64DAD4
2756019300E1C8907FF015A49DD72794
F2546ED4460A5846C43011D907550B55
0B3C485B875B47DBFB614BC1476CFB41
01B95F970A4836B6C61979FA0522AC8A
5DE4D7908A769B65B08A217EA09F12EF
FE387C999F3AB7D1E599C956A3B63DFA
12046D2F5CDA168889F013753BAB89F8
51CBE44C1496DE84471CFB3D0608176B
B78A4FD654F53E6BF653F3010BEF67A6
233E9167D3DA0DA8F1DFD828C55312CE
647376C5A3FB127D03AD94FFC3C873AE
A563D3D5997013B205A4BF8AE8AADABE
32D045FB61276FE36B1D179D0B1D8068
DC2DBDE561A80E90157F920EF7A32E70
E12D37947ABD41F74A91A8286167B68B
8912491603ADFC76528212C0B0948221
B0F2177737DB967C90827E87F8FDAEBB
D33084DEB2760ADF4D0BAA91BC726FB1
29934B74F6A35B8F51D194D0810D48CA
E3157155F13642312253D95CEA4EC6B1
1731D0ABB8820CD1914E93EB8EEC19FD
CCFB7A7DA69B745E82006579DF41D67E
E7BD917563AF7790838A49642135AD16
CADAE431E4E7719833119D5BE0037D39
D121DB75DA8B7C3F0CDD99772D9950FE
807322D4018BD526DD560ABDCB78DD83
2357459FBDBEA926073AE779E68CDA95
722353A4A24CF10BF375316C60DB50C4
9BDB9B8313DCBF5DD1DE6D4CBE24F5BE
BB0B625B5F97A82C43D2D5B10044E057
035C64F8679027B0F5FA49CA3708E357
19F6DDFFB4919C4D0B53D526DCE6F25A
7DDD09D65E758E0B6B00BB8BCDE80523
97751606D9E9AFAE68D6785232798A0E
6ADE4CFB4FA2E6362D68C0EC92D5FA26
D7EDDCF3D0A5282D67E4A485C35AF0E8
C8660203CF5B7DC8D76017CCE88DC62B
E0D031C1F0511FAFDE2318E5B728DA4B
E6365740433606636F90FC270A2EEC43
F9FCD482E906CB5B63FE961A1E2CDD1D
63187E216544D4B2A9319DDE77EB688E
54175AA165FE1E30816A411E1A300739
20A34E0256B8AF9EAC0AA86417F100DD
40EB1920B4EB94694283C6D93917C33E
C28B60001C7040C7BBDA4DDFB5646A0A
3EF44879C3E17BAB7C77D69AF82C8561
C936527010BA6E4CBBFED8E0553C0CD6
D9129774951D2C75ABE26AC8AC78AB6E
81EAF3CB58856C3692614C42CAB84458
43C5597FD703416573EA359CB816E0D4
5D91DAB006A79064CF45B0177528CBFB
4BD2E2DCD283E3CB5285C845DA318E08
9B9310D0BED9931D0C1119C1D3A14A44
096D42B3BF35C230A88656915042E530
D285B449F3947D6BB9AC012D68B1C35A
0FC7263E4196530A950B3E1681E858DE
DB02F0CC594F740B9B1ED31061368501
0BDB7330C16AFB514E9EDD6135C3F8EE
5749A126840FB86B26FF1B9A5DA0A968
F5218E72B0F7E190A8E811B2962CA0CE
843ECCE1EA6DB25EEBF29FF78AC78516
3E5973B01AC277E4BA4FE30FD553AF9E
A1C234E55B1616F927715B6B59657259
C86EEC8CF28F8CEEA193081EFFD9F2E2
682E933E0A90D181BF7E3EB6383D7FD7
13A81A7CE5DCFF122B8D535ABEB9C415
B8736BAFE409377C4173C9EAD56D43FF
5A68405F40806537771DBC5E60BE9659
AF4D8C1E3694B4FF793D14C6FD619B08
E2015B2736A2348536BEFA4A47498404
0EECC0111D704E3DC219660923D0669A
E3004AA94DC2472B5317AE0EAC532B85
BB3A754E1028C8F323D1EC7971213EE6
91B7D6BC766BD6DD76008CA7722B6D7F
2AAA5E69BBD9A3DC4372DDCF47E0D56A
22FF1E5726A714B74E9B16AEF8BB3821
654798A46B1BD7DB0BF44C55ED320021
275CE1EFAED4E9A94ED65859CC8D0AE4
69B65FC1954085DACAB3805625D929AD
B9DCE65B8678716F95FA5FBCCFA4F882
55E058A431702514B69C2FC2AF8086D6
7F37F4B48BE2BC14119FB3E68F8193D1
6D19FB7F2B20914E2555B745EC9800B1
44D3793500F3E360FED14640507011C2
6B0F5E1BA12CA511FAD4317C4A453B86
6EBF5B97D1C6B0DCB229B448597D121B
B410FC7099E64B065644F0741B95B06D
C17521ABD39D8D5EBB5D5BC45E7FDD30
1C48A576D7B901CE9620851B4819F1F2
C31C620E4EB9457BA6C302084E4B7BEB
E0BAB96794DA17F688C85FA6025B08CE
EBA186F425A7A13A7F35817295C322A4
E45ED5C47429C8AEDE590B9EE13D3C19
9A08D49CC679AC7C4B6B0F5A5825DC11
D089D7015B5F783EF958D0C43EE97681
99F5AF1B4F412D656A200AB883FD2CEA
1DA63DBB722A7C4823AB341998B559C7
B908A8D3CCD1A2EEBEEAC8F728AF3FAB
DA78B7EE7D74DDBD9D9FFEE27A6C1F33
C0AE46A05411DA4CABF009673B3B8706
CB423FEDB82C49111619883272101522
3C1978D7489492BE872CB61B9031A136
E5A60D6945214DC850BB264961E71A7B
DFCCC1C995B2F7B0C932FD4DA0BF334D
4AF21831F483697A68D578AE62710B1E
70539845606DD4349E3259F0797DCE61
3381353D8B1C5CCC666FB86702B78FFA
DE09EBF1788364B75FCA7F50084D2B7C
BD05493D0392F05D04AC5C8FFFF13242
0F09C9F7DB4A6538FA77EBBF0D35FA26
607BE20B9505DC3366F81EC3519B3767
B92FDC071CA8299050BBC703C8FA4703
90252ED87C166F7709CB9350C89F0338
10D329D6EA6DADF0D5F7BCFB77508CC8
D31B8B565525E83892D93AAF59E65E76
6F66659CD1578DAE6D67120E0AC3F71F
955445D8535F051B79DEF1B8B3332C48
CEC14EF77572C6975FF8FB2D747469F5
1213430593F998F580C24B7961D6DC5D
D2F0DEABC57E67BCED343221D4371F92
652478A681FBCBF8C94322690A30859D
560D402545D63A5EEE10000BEBFD6201
94CCAE17C40CA9808B4F8050574E8F3B
4D63C8AF775CC4F60AC6D5702FA00A4F
1910A1F854D5957F0B0AA0ACFE60DAF0
7F6F402FA5FB3578BF3A462A77E78926
463C6B6014C5DE111166DAC11B8BF60D
3C194286F4DA662A0BD3BE95FB7D6F76
1403D5CD279B031623A2FBBC6D46AA27
34966140175CB0F4BB48FAA4F350CAEA
5EE81BCDA05647AEA3016EB0EBA5B078
921BE2A4217E5E4ED38EAD81E3409F9B
01B5749FF58A1BEE84545278B832BA7C
3F2A001DD090315F32FFB7F0C76712A7
E2BE2CFBF77B53B8C41E4DAA97DF47C9
F82714C16E559CB2D1DB09D73A6D3052
9E6BC3447ACABBB88D7C0A3F1735453B
90B539B0D3FB472606EE34216EC03778
11A1A02546334B0C8918978D1CB6E23F
DD77F06748E3B028F9094CA594676623
B121D796A23B8DBDC3753E0B1E25ACD8
D76D5AF701480ADC211CB278AC9E3381
2C3C2ACCF5E5C62A7F99969289A09C9F
8AA1E149FA88AA00105B395C295343CC
3DB373D345E9F1E04D8A978F87AB968A
AA295F447576C4D2B20614FEE8B8B702
E4AC9019481975E0DCDBC1BA651DE446
E96D1E4C959A50C750FB37ECC15D3176
08B5EE49F4919733E0576C6C32D68BFD
2BB58D34747776A96C9B57B7E02AC160
3E0C4D7E5285C32B6E8C3F239D34D57C
AFF4D0536580A9933F6624D5B2193B5C
0CB05FC1F938A7E729C09326932F76F7
615DED9B4D9AE1FFD7F1738EA6BA1DD3
C4C75BB18804EC6E567C6BCCA91F017A
41022BEEF29F67297C398F756280D6BD
50DA47EC4F7FD4D45D2448394E3B52E9
2C4A1D3E01B22FDED8819B6FDA4A9B92
5C8AAF2D7ECC9737ABE41A2E394BA14B
8D13FCA589CA525E6A05BFAFB487B326
1087D937C7DFFB4B8493A0F62369C495
A5BDAF1CF0D114664C25BA60B3EFF6B8
938116542A22FCB7C441D12E2494720E
B5042AEFCAEC3DFE44DED905DB08260A
FE62A2CFE72F21F9186CCC5D5B12E24D
6FE469C6090EDDEB9D6FF69D55E6B6C4
796BE457E7E25785683D2375D53F256C
69BAF9C008509BB96FD0F6A08A0BC0F1
4C12B62B6A9F79D4CF9D167FD2B77952
ABABB4F5145A1FE9A832E24DC81EFABD
468ACB8475919AC55908C6FDECC30D89
50A4AC01E106FFDAF037A5F9139E678E
11074B799B80D64529E7CF887DC4CEDF
113BB9D53D198DD353A7B1D19067F874
C5602FC03ADE78B8276704BA0E12088C
43FDBC01AE9F60F7F9762734ABD1C5DE
B45A8193AEC71186374358B20CDD8D9B
B7F5F2E19AFD9FBA9586CB4E235CC86E
EF176FF10785E586024DA0CC4F2A9C2C
3168A4E8DAF137911A7E50590F462C43
889E06084D28EF432CE939DCAD1C8136
7D7800FC6DB60A86B800D140697ED128
64D727F7B9DA57A44B867E2BE7286246
2994EFD2F5F2AEADD419247DFAE61182
B67D1E44D30B5D2416423F0624C02B5D
6BA7A6D6AF1E7AD434B3D9DAC38B2B3D
0C53929D715DCBB38A22F1267C44CC3D
64E8B02D3C366D3B74C2D9878B6E21E4
2C37634FEADDCFB802A43B78A729B84D
9143D882A55B33708285502D7DFC22E1
D3D12FFC93B7334E18415C8CF3A12E8C
77FB6D982E4A6F62C2B6D5AC64246068
5DAFC193EAC7912E60A6448367B36BBC
9CB6A64584E418C6AA762E2A7D1F869A
8AED9579F38A5827813D832A39CDCC1F
F8853388E563974139C14BA92E5D0CBB
40BB7E6447B9816D8C36A10B1D6FD25B
0766FCC20A8B908DB2FFA0FD2EBB1EF1
F4D56FD1D966F65EDE819BFBC1D35A81
377F00F489760F4F5FC50C1E506CC273
B74F3901A0A04A584D46885AAF856403
2110BEA61759EBB31938016AFA0461C3
D1AB08BE47D46AA2FBE836A8DFA4692D
454BA1F7B4489C292B7C097142EE9207
A3C01701E0A020AACE01C412C188CB87
A32AC1EE9786F7AF6283D5AEB4A39F42
83C1FEBF878F077B3176386E4EE79EE6
6B01CBBC384700681585D6DEFC8F8D33
28695CDE55E03213016B2AF2384CF065
5B1045DF4BB23725219330776013961C
859A3DC57752570C12E1061455F3CB2B
3ABB35B52EE5DD3E2F8DDFA4E6F87BC1
79F591F276898301ED358F91AB5662BC
DB96DF5DC954A81CCCCE3E5275586FEA
BE6ED3911E2F1B3C3903CED9CF8C895A
5199A69DCC2BA94BCEB0F499442F2906
765C3908C38C44188352868A44F822D9
67452E4CC9AA803D92F63D72F148A147
6C287CB85D396CA680D16812A949675A
EFDF76CD3E457D8C05856006F835E767
E83242ABAD77E69A2EF8CF17A52C7ACC
5DCA565806545B3EC93996EBDAB69D35
1D33FFD93FC666CD869C9873E25A2617
7EEDB0D241024F4A2402E11A0433A1F2
E99F443A5FF5215ED66D8023AFC673E5
473DE5A136E6B5334C5EAD6458BB1B9D
D28F39DB6D0CD5E6DD661C80940093C6
D3F536DD4565DB9B26658AD17CD7B60C
7A81364111BA7B5F1DC61E55D02DDB62
71A7D2B0A10D24D6C8A85E98FDE8835D
5FFD727A758B8F1245157ED460AB82B0
5ADE68E5FD03A939503778A927E56C2D
C8331D7189915E6D52E0C9368E507B95
60217AAAF85AFC05D1BB25581A54092C
CAFA04B889DE0762C7A78BC310CF67D7
E4467993C0B86B39CA02BD306E4B27F3
33823E6E42B415E0A98B474210978737
84C3E92345C3EAD9612FB4677D7B36EC
B233625D7F03550D7B52CD6D0744844E
41797192B7D6D5375354E9F4B18A5108
1BE52087A5906D358BCAD4940134DD7F
2BF8CB04CBB3923D71993D3E6AFEA423
B54D8478DF2F658B5003680B8462C2CB
0B09AFD8BFD09FEC913D09F5E6BD2E46
DE6F92757CA7F7A88567130A8C6458E8
14CA595B4D1AB688C09E3B24575E1208
B7F5543D5F88363AFC85E6C902C7A9A3
D95C006C2721F77CDAA4F4D437EE669E
EAF7011AE9C0406A240C73D777244A13
4DDF411EC704105F31AAE2FE55BDE8AF
FBE57D7D632FD8CDFA74C32DE87F0D7F
AA8817DEA3F13BA8E0D8858A6FB0765B
28ECB7B2F39DCDE4104F85CAF8BEE033
E6DE02079336B9F19AD3443A7A00863C
F31E3546D646525F86B8BB877BF9A518
E36533AD6CC67ED24B953D4BB88C198F
583CEB67162009C4A7B38B4447697FE4
0B7BA5659887757A7B404BD132BD3DFE
96E685FFC7CEB96D0D43E820459A1E6A
45EE2C68A9568137072A50FDAA04D2B8
DCBDDDCC289761A4539454C0016DF0FF
1C0A7754EDD65410B5D212A6A68089D8
609BB1F1CA68FEC00C19797665FCDFA2
90C2FF552FF85BA7F76F725C5F691F9A
8D3B0B7801BB5F89FFBB3365146467DD
2E9D859B3339DCD16CAFFDA4A1AB6C95
49EA5E3E4521AA977C566D76281F5291
5B85CED9ABF71D97E7F77820F05685D9
80367E0C5C3064C1E3E1E803492B4FB3
EED7B937974814F9C4E2D3D79928B70E
E1DC0C9C8A08E727E2EACDBCE8451D84
46A14F3F8DB2BB5EEEFC6FD3DCF472CD
59276D313915CAB3924BA7AC749163F4
D7ABA50492504448BB30804ACC232A76
B4EE5FC363CBDE70489600727C20CC22
01D225CC3C8C014437A173776C590561
A56FB27D3C161AD99119D364166C34D7
D548E760D1D9CDD0645601A1ACD603F3
CAFA8604BA52CC04A2769B3DB874E7EB
4956774ED11C3854A964525B8482E763
E02C5C1D3F46242A8E266E0246771975
CBC6BD12B6FF46F3A7BC220E39A38976
1F11127F4DB901A2B1949FE2D2257F40
92971A8BDA27822A643C99523B2E9A00
F6544640AD482730F0683D3413227C0A
5DBFF5ACE5BB8300B1E7A021517D897B
593625FC692ED69E8AA19182960D03C8
AAE7120BCD783DF1BF3B6375B2A1EAD8
64E8BA0DC5EFC253E9DE06064E1B1265
478F464439C35E74F0231874DECAEEE2
5BA8F36772FC2CFCFBAE2C2D751C65BC
A952BEB1B9EF6759B3DBD80561E1840F
52ECD96FFF0407969C38BC40988A7CD3
F1864BE3492DF591FC5B04BFE7233064
4B6931FBA147A4358EC393F33B964768
BB5A73F8B63C6678644CCB86A2D3A3CE
DF408ED8351C2793D0C2173E5C1E9007
8105F1E9C92B50A5273C71D29961E57B
54E9F2481159C67926E91A989CD0D23E
64090C86F8BBB4758933404B0BCC48B7
B6E0BEA84352DDF41BC9CFBBBFCD6517
47B01B01FCABF98B21958EB92313ED1E
668C35E5CC695AE2A048E0A5E4B14427
3AF2902EC90BC42C1481301AC5068F86
5CCDF6858E5FB3D097068BD6564D3ECC
BFF761CD9E749ED4F68E5D12A894995A
37253356AC85EEF3AF0ECBD8FE762ABD
6708F4C15F0B9AF3D39B3040AB08E1CC
47664B8CFADC95475FA961DFA320EAD2
4DD458BE79AEDBFF657C1C4AB41EC6AD
6E2B440B8BDFF3056E69ABF7C172E7A7
60637F157D1CE9E875F2C183E92A5FD8
52886C7E282F6B2405D9F7EFF7624F5F
C30FAE77FE966A325C327ABEA3C9D780
1BD399D301110F8E66E02DFD8AB7CBC8
F819B4A0741B708AC6A61D9F9824028F
7747954DB57D5E5AA1BE4D4021A72F0F
A5091C63D4B68C8CE51DA41F799CAEC0
E854BBA24C1E0A07287594A486B6394A
408019608349D9559E26157A88C57215
5B97F4A127118E06261B17D947985848
F35BC3241EB52796D348C1B5393A0C22
39C3FFB90C5901C0F38F20803B15D1F0
BD2E383CF1A11CA8E11FA7BFACB3D25C
6CD2654D394ABB933CB1B2875DC83DF9
05A54B526E6E57DAD4EB64FB1F6EF473
BE647C2017A9EED6F9FA871BA8699B7E
A8E9EC06521FBC27213A0EDE9D9F2D16
DC13D65482FBBC515BB058601A1DA32C
C1663B6FA63AC613F574367747D27CC1
E3AF73C90C7D9C0CA21AF0CE47DCEA50
5D349EB04CBB5E4D0FD9D0231619D72B
3414C1ACC035B6C384CE8FE6047C8E67
095C8B2A3B6E3DFA299A9FC63215AAC4
0C39AF0C4486E617E0D913B5A1747249
33FADDF91D4E9E4E259D0705DD5209F8
AFDC31882A8F52D9A049E0A4994766AF
913322BDB5AB4F00FF4BCA2C564A74AB
E070E0FC173B44B9AD0694621B4A8C0F
1F2EDAD3A863DDD00D769FDE46C1E1D1
56544C750845893D8C9CC912FF7A569A
73DA50FE67B0485805606C796E6BFEED
1C1F6726C15146AAEEDFD3346D190227
EB520F6752C95E7DA0429DE71D3611D1
2AE1120127CA87153C65136155613374
C3AEB893144A597D56A0A08A28A77047
A0825FB24B4E933B0E58E71639906303
1FF76DC41E4A87A0057D3AC0BF7E206F
FC92D0F5E47D438FDB429BAE7B0D13EE
CA6AC983A8BE3D69C6A56C04AF38DCA3
634E900CD913E4328257223631009D89
6130414427113A5DFAC76A3C1B043570
65650C007019D28202973A3F97898075
1EECD548707D9EA8872477C946CA323D
6F9F760B4DBEE04FD39F01E99396FF9A
902AB45C3EAF65580F11849C02EE49CB
60971E7790B706C7BD84901D5085738A
8D9F9B2F14983B7D173DAE4DA04D0D8D
CA303AB1C6821BA7F3A09AFCDCCB12BE
0DCB8542ECCF28CE6E2B4ED0023DFC12
E60E69E55AB72BA1AB5271D56C8DDF90
8AB0F762B6729B1189981F26E188967C
31DE47A641A698EFD289B02C9EEC87F4
F6FEAC1586D29F1A4C607AF9A14939C3
B8CF1AE9B129AAC96DF7CEBFB2506A04
81799C19F4243007210161E95D0B8D4A
43BE4F98FD8AEFF81CBF30D3451DD3D0
1C118570D404DDC839F9F099EA301B8C
29B3D5DAAF775D587D554AE7582C348D
490774C6FEB4FA5C715829596B3D3C5A
11BA15E3176B439A204D691D5E88319C
8DAEE5D3055A1FCBDACA1BA281ED9522
79D4623A96D0AFC29844E55A9956C0E2
F45AA1E51CE2DEC6AAF398B639F0F847
3502EB69C369C99D2AE07E1DE1A5908F
B4F342C5211437E392D34711A82AD765
917A520195FAE0235D6C9A3925CDE232
FC322C4F90FD10DFFAAC1B44DA027AF3
88873A466C5C5C1F696553CA6B04D1B4
C8F5A143A8A2DE925C6933471332787A
5743D4E7AE307A590D26C516BD6E33CD
FDBE3F7BC589B304ED86A3D96F3131FD
D39A25C80597933A9E1C6F9A197F51E4
8BDD7457D9A5B1FD769DDE11CB8457BB
BA0CF0A6AE36FC3324D65EF6A448B8EA
63E47707135A8710EA93F7F80EEAEBA6
0EB0D9E4A023DCA9A43C43303F3A0780
F361AD3A1CE7D1BA5AFBBE3555957ACA
2B833242804ED2518E701AAEA0078A9C
72B75F86E9C7B2D72B2F0FCBEE87FAEA
0EA0A7199544FF81B6D0B6667F2AB65C
CABF646CC628C60621462E1829B7B4A9
37B928B7073B373798C9F6EA97A44380
A01CF64898C6145A4DC427786A94B39C
FACBA73F06251750F2C3882B2FC44B02
BC1DB486CEAF4471EF359F59F5757EC6
61AFFD96C15BECBA717B35F8467C46FD
476FDCDED596AA36AF5A7EA92594AB87
2ECD42A76E4738CF290A9D3BC27AA4D5
30FAD5CD2D197160118286514B16EFE8
FFCC2AAEF03CE9BD3177C215C1D20DEE
A1C7F955B491373727E28AEEBA71470D
4A68E12E4E9F26514D1EBE9F18BDEC47
16E854AF0CD48B17DAEC31BE84AEAAF7
8344F3C80278AAEBBDCB496C21BA7D57
7B49F6315EF52FF72DCD21AB0CA56707
78AFBE61BE60D6DD1216E62838FC27C2
73A5267E72CFC39D69EDA729A8A332BA
CF25EA97A809110036A708F814B96FD2
A6BA851F32EE0E1BBCE0777FF1DFF918
99E9676FAC666A3BCDF2B52DAC26A5BE
466CF56490E77A8F31200A77F35B1B6A
D6F657812C098429E3F1D5C26C93F3FA
4EDA8B8C27CBF4CA6CB1DB3D53214C5C
39D5996A3F0C3A3533130344AA9A452E
4C39E0BB8215D7FFDE56AB6B587DF8D5
A128AEA1AA57FB724EE3B1E910C6DEBA
3F3887A5E209319B31228AD58C5BEC3E
D48689857CE33EC1DCF4304E6B4721D4
AFA62CEB6F1A7138ECCC683806D323BF
C5E0EAC46A389DB42060F3C669D2026E
2938A89137CCF2C0BF761ECD99D108FB
834454D6BE4D17262AAE7B4AAAF87D8C
A4EDE5CC43DD6403D51F421166F1C0FE
A67E143CD066EBA56D6CBF68BD28ACF5
610AC8B1DDDE8DD3120946210CF64C5D
FFA2BC657820CF244909E57B1A496F36
BC60789AC6CE6E900C7575D372F71BB0
97D5E4E27FC98874B1206C46D6CEE6A6
81CA5677519E72E62B598AB040D3D91A
64E397C0E94806F5209A62343B3BF78C
C060BF55CAF8B428A516BDEA33A38DD1
9D0CE2C75697D7B675A5FB0505C907A3
7EE9E2916BC1DA0F96B43F4E92CFC585
9CFCDF606B266C7EE03B9F9BC424C36B
B97BF34CCC3B4F759F5E84B90FA10F96
D154C48D613540E24366E80FE9F37682
459F3200DF71837DEE4314EAAF2CB46E
1D23B5EF2B60969D0A041610306D69B0
245B3B341AE0616666EF73EEF6F00451
3B50B7B8EBE5CFEAF0AAC190487B7988
08CC11D0D8BBB1D0FE49366F0C1BE1A7
B037A4DB0141C296114CB030DE467F9C
9F0B1953903A281E6DA0F31C9BBE2834
B072A3C236102F95EC6A08A69A6A2B1E
A314D4C88B37C63ABFD4EDB201C210F9
BF3C7A47C220138CD12BAD18DAA2F3BD
ECB6ACAF1D4D52060CA0B08D37940696
649927C0352FDBF442AE5FF821275911
F0277BE94513A17D5B1A7363C8204ABB
F930246606A8B8F508E9936042B28617
C865F2D90F027BD0FA86BB031060312F
4C88E434143DF03B6F707CBB61C65559
74F9DFCA6078385E2B639D92731C3EFE
5CADAACA5698C00B82B109AB7605FF81
79ABEA77F2BF5C422726CAC7A017D5C7
286FFC907179B05C44AB7B0D073D2C5A
0845EEA3C37C9DF545373E39876D2908
F574E0ACCEA4505FA83340F56138DF1E
052278A99CC81D4C023E90533368E8F5
6E9BBE05437C77AB420BA7A9C35EDEA9
295353A9149208EE6F864BEC1BDB8B65
A6E5425319C0418A5EB4BA1D0F0F8845
F08F402A496C05444A7DEF8D0BB2957E
AF7DBBE2CAE88F34481D9B670A6DEC5B
497D73EDBE53E18ADAD7857E7B7702CA
FE9238E625127082186F3A3D4463E8C1
D1C180FD81C7731B88EEAD33E73E74BF
C069A06A27FAF4E49F5AABB54559B96B
52A124C4B61A5C8BC04E57AEA44BE40E
4E7BFFED5134C38D758136BDC9BABFF4
B8C80CD8BCFECE5DBF6EB6A29EC3CC77
D0612DABE72D45F5D3605C0E6208151A
75D5081A2CA291414E7E787586EBCF68
615130AE4FDD80F38720E92D643CD17C
8BBEA6385A41BE6BAC32F461553C2B94
43127A59BE44875880C4297A727954DC
454AF7235B500D6719A6A5294449B63B
3969F3FAF6FD42253D97659AF5829C50
0FB37636F11223836EADA06E4FD7BDA6
0F99E0481E1EA9E75578400B7CD313D1
2E1926FF7B99589939C6130C6422750C
719D3E121934F8024D87A17C48D7A84C
EEBF0FD1D6B8CEFB6B2FF12F447A8A9C
633190B58C1D060C0FAFCA9C27C90719
8AB6BB8F5F5DA870A0026F4364F07DCB
BD82FDBFDA947EB9212B0978EE510DB7
6CA42DD650D8F65FCF12DEBC00DD6C03
83235EA3D141D4466842C3F6578B24E9
8D8FA65F9A9A30F20784A49AC3D58822
5D1EC39977F9CDF729C4013743DCEDD1
1DC10ED5953C43E403E702A49C1C4552
861C001C77A1F923D93C73EC15360293
A76F97A7B3776046690A2526880CB15C
23ACA94ADCB0FB887343F4577FE8AE87
A5D2F82DA834257D653DDFD15700293C
536A712F49B90C9C774DC268BFA4F6D8
84E593458EE779A8841B2586A6AE12E2
833B59670D6360162041A5AA241CDF84
85195206797DF39AEB2D819E665DD633
BCC74468E51A353E1088663FD2052AAA
6A75A770B1B3B7B7F4C788DC768F8128
4E19A572488E5CD26F64BA85F57BEF39
B324D85F1D311D1751970E49F1D2DE58
38E50044734DE2724710B1C6D63F4735
56362B7AEFE363B228442B2EC5653ACD
C742B6FADC3245599EEE0D0DD57CED3D
DE0A55B1D2B6AB28AEAD939CAC9DC353
CFFE6AD9AB0376067586F61AE0AFBCD1
DFF55EC30C9BC8618B28545CCA25B69F
71CA6E94735394233917E2DD8E42C663
DD157A032758D94F15302D55DC5542A5
A4513A6F3544EF173DA914C58A0D8B18
967696633B8293F97DF7F5C8AEA886BC
FBE528C9B70018CEE60C11AB39360AA0
166033E648FAEFC41756FCB6862BB946
E77EBEA7823C159082B091BDCFF754A4
0D0483EFF341FFC9D932EF262F23402B
01E492952985034DC530EAA185B64431
1104499AAA69A7CC5218470B3C4FF48F
EC1156BE1F0052F5D49638C2948BF0AC
00FF9138919620E2CD9E12A58E56EC4B
B4E6BC5AB9DEB557F419E152B256B201
B176165A43389C14141F210A5C2F119F
4C08C47224BB77DF33247FC98C505D7D
5D860F9D7403056E784656239969C1C3
177DC1C0A7F54F83F3E5BC6872A98E81
A79E090856DBFAA21CCBC7C81C0B106C
0D9CD956E7E4CBA0DF6AFFBE1125E684
BEF49095490FCB981631292E8A714C0D
7150D316CFAF88A8BF062CFDE43C5B7E
CE5134A446290C2FBD0E482C13187313
2A63C1CA5D7F383B44400CAA080EE415
5A11C7343A409C942BCF536E05A466E3
F52BA0CBCA8D868849F18A849CD19EA0
F0C19F3E5AEAAA67398BB7C67DEEDF12
53FD46E6C856FC51DC4A03203361C465
5E7E83749D32044A48000505BD5C6C97
690A71A441411530B76577D678241961
6AAC7FB6B82657EA81CC287ACD9BDDEA
B02FA62684937AD2B8E9E8D8A138A609
9C393F79953965D42F8D162D64F548AA
E573138838D7D00529779DE8A726271F
3E5E5C1A8988F38C3CD7E4F08FEE5AAE
3CD8F0638C1D376E45A785472038F0C5
085994567E20C379B81CA6DAC3B7A638
306AF2418EA774914858E9E6A6A5D58C
30639000323FA006F89C81489AB81EF2
ACC741D7FD3EF6DD5E06AF96A06CBD18
4AEAD620D5E040E085F964EE769392A1
F6F241FE75D99EE441A355C72BC952CB
F46738D1D7617D0530C611FB57D707D7
F1F090EAA9A49F76FC2073131E56E529
33CB16A4E428C03B5E7D87ED0BDB0D7A
C9AC6473CD30E379C4A1707EB7643D56
3F1339A944BD24C5DE21FF69777C80B0
C3B083FD2EC0D357DF63DFA45226F084
5390F9EE990511E9FA414A2407D7C18D
295CF07264DAD1E1C850F4D29A199718
9BA88BFE5F99D98D2D6A1937422B89A8
547D9847FEEFFC639927D0FCD59BF0BB
AAF92A0FE43CCB9D88890674B5550B58
61722A46FFEE09FBA4BBA1713DEF015F
E50509E5033FEA78F1E9B78E56584856
86B6EA35CF4AC32483760F9B1D1CF5C0
A2FEBD67EF15E79F22B57185925C171E
CDC9A32DE025F06DB25AAF4B1994501C
26CB43EA7A90FC19412214BA6B8A28AF
3CA0D6E5A45A26BF55378F392F9C690D
360A30018FA8CAC2599A01D5C35FB806
1132C29A9F450E5C09DD59CE257E49E5
3024F2ACA745EF1708F6D61ABF7F3240
618127003C6F41E6E3FB4C465FD5152D
A39E39C3DAD51ECBA260E41158C38008
6E2D2B48FCD9C65FBCD66D1311D90A39
770A26DA53BFB7DABF5E203CA2515B43
A1C30C9F4714E00C1759D3ABE6C02511
D01361F369B6D9938424C3179E0C81C4
993847F926570DBF79CF5EC94425C942
32C083C84429BF499E99FBA72EDC1137
18AF85C180516843D9BDE6D4C2F94F7B
D0974912CFFB557BD51B16B15B2AF1A6
F56E27F3004F1C9D58B692D2424A5BEB
9BB6A839699B29042066AF866FB04B6C
C79C27B40CEEC9A470E6F53FC703C403
A2E0B453381F0F3F69C8CAD9ACA7B171
C189F62DA3FC89A5491F0D29FA836783
93A49DA2453EA39FA5A7D93FC3251689
209D5625749403571754EE513DFB594B
B52A80F2DA4D99A0190C4793ECC26CDB
BFBE92ED4CAC735FCD6C4902208EEC05
88AF7812B4A03D3F895ACAEAAB728BED
972E42C066F02A128894DAD9955368E8
3C0AC56D314C65A5E265234E706F1570
65F0D0C718CFECC73C8C6B91F29D9E98
F1869F6916565CB4AB4B0BCFA3830745
2DF588B255BD93E474DC924B4FB78763
40AD8EB5C24A4CB3C9D818E5A199CA28
5C178677AEA69DAF304F38937FF5D9E5
95984D191A319FD48CC66FACE225F4A8
AC2DBEBA5A403E8089686DCDF7B1102E
CAEFF6F76B9B3468018A30BFC2E556F8
A03716ED6B4FD056A3AB0D2B950AD9A6
4DF32F42AA1FA6C422DBAAABE8D13CDC
3CEC1D0084FDCAB1E4C96043DDF57176
8074FD91B568F75FBB5EFACFF2173FC3
F1A09D2B2453BB947D663191FD73C1AD
1A14F353E8DD6F43E5EB3C8221CF2D2E
6B98CA40986A65A19513831B9296C7B3
299FC7B6E362E793A4D6DF3CDC5EFA6B
55C19AE225A7CE6DD1E82BA35D13225B
2B9EB48A8D22B20CFFD6F9CF73F8CB7B
CFAB56046554ADDC0DBE284109388069
794C0FD0E7A0968BF2310F5EDD7B56BE
5DE25A66AE87DE259C9C803AEAA03AB6
AF3C48BEE3426410C2CACE1E485C9FD7
987DB49DFE9C35889E9BE83FE522E0F8
44B87E3849D28D3604F3E2CC7115C261
84CD66F198E9EA07912C8990875D7A3B
48BD2F22F85CD45B460484101BCD7124
D97195B0262B433F0038CB0F04493160
C680405F4EC70618C913594DF312F025
7625098B9EFD2E90C9DD7CBDF96F8DE1
D6B867E59DF991B58A695663A8F7BFE9
248D37A778B5DBCC8A1B70FED8389704
E80482376EF4DB7228896DF1DAFF4A96
1D41E6BFD22160D200A72F7D28E4963D
2E6591F6FBA14205A02B9F0B19E02D27
FC379810AF5E92633A85DD97E96B733B
838282C34B2FAA8877AC3CC00456CE08
88344344734B3C2A2B99E51812B92F48
0095BDC10206DC63624FC4BA8C5D6173
FEA3497024CB025D2F9B89AA6215ED11
84993C292C39E1016CB3D6CB649AF2F1
2E85D375FC66D2E00C7CD602DD44B39A
F16D2691EEAAA0AF509E509742A9ED47
1A53856040E2E81747BC4805E55F5F67
6553B379D06E4B66D5509C3A91F42933
0B3E6B035D6616048FA204F45D6AB35D
8D008962E75CAC29ECBA6731C4FB065C
F51594EC4F9AC6C6B04BFA23DB95344C
D51F25F4F5A0363D5E8074FF13449300
4E42C2F3DB6F1BEC34DD9779F0394399
B092C6239E5D7EDC64C1D21CC4CDB380
EC13EF77E5D907BED5B46B4E4DB4CBB4
FACB74B532CE73280BE43724DB5DEAEE
3C17F21606F04484BDB8C8751747013E
ABB6E2FE1C815F6DFA4664EE2ACC6AF4
0376053E1656AD7786A3E2B06F33B985
C2870FF2F360E474D9E64AAEFABDC1B5
64A5B590CD30DB755E94D47EF8AEE17A
7E63934DADAD99571D9BD64C69295B7C
9FCCE379A20E0252562ED4CEFA5577E0
4E0506733AEA8EEC44F3DDF2CC6BF44E
389C6E05F02D3AAC8FF019888AF63138
7C28C9D8938EC481FAC54F73D3A46A6E
A0BB621A5005D685CDA620EFB20B5863
C53FEA56DF4CBE349E6086E2CE2E2E20
7058974EC686CEB2B64A19BF0A780AE5
0FE7890FF874F5A782F6EE95069C7B20
59374795DFF8645FB4849143AF28BDD1
00E507BFE78BA1A72C65D4B9F603DCD9
DD110D83C61A9BA7C2EE7896F416361B
DF884801892ED1F939B0D97A8A978512
47B688741CA13ABBCCA0360CC8840014
78FF941A3DFA41928D7FB393391B5AE2
94FB49B673B94D30348761CA85B2ADE8
D0C7E989A56A2D04AADF500DCD1D4D82
270FA79BAEBAC2FA780CA8B4F986E91A
E6BF3BD5EC9E28BDEECB307DAA4D5C13
6AA0BE6F470AEF278BA76E6025D5226F
8762038A21682E10BC24676237F3A801
859293E02AB90510D2913803D6D83CF7
D4B2C7E408646E6EFF793A7DBAEB8E91
E2AE445A7CBA45122AFA00D34607BEB2
2F6E861CE46B7B6CD13CA60EB72563D6
BB4A346E99EC5F5FCE57853FA53060E0
1D50895AFAE7FE9B6D4ACB01887D8BDC
FB1155B26849E4B7B0FCC05A97ADE1E4
B8515E1B0DFCC72F3B93699A5F5F9844
492601914EC7D9A3AA9456F16F1AC5A1
B1454F2930E0B23AC3DBD3540BCF77D5
DF9BEE8A67C0D9E719CDE1AE6B6AB1A9
7BC12C221CF260CF98633EE2343424CE
DAD00DC64000B208A6F22D7EE8AF4D2F
C1290A351D2F60CB5A7F621D36AC618B
F8BC81ADC8DA8EFD98C73BDBEB28DAD6
C6971AC788C4A942A47731DC763A3286
C1494766EA7B630A3FD646B4598BFB74
C9DE771E7152067BF87F643C58209B3A
51A4546D9B4ECFFCD800E19A0707B9BE
BD69E142BEDBB1505284C0B504783FB2
A3C48FF180E482046571689F9D3D2F99
222D8BDFEB2CB4579EB4A940276805F9
3A3168DA729EA56EFF4ECA719D884740
865333F9EE772F616C51A2960A433015
AB27E9E853B7718CA1B45672A1D5D661
4F0C94A118BBC0A6E9116A6AF90DCBD8
015FBC5594488F71B149EC02476071C7
B288B4BBCCC77E49A5729989CE5E78FA
5A5889A5F4F4311661E5BB311AB987B3
8668C3ABD172E52426E81406C2BD4A79
FD567BA6C9B2478CA050D755CC39A2AF
3D316922199B3202D6FD40CBAE605CFA
AF402AC7CC1F3F8DD01D4C0EA91C1605
2C56C8845B88AB216C9DEF64DF8D308E
86A61D156523D512CD2D1D2A9FA933F7
6427B6EF85BE05249CD59025643F1AF4
100BA5367ED423307CDCA2773D3DC0C2
5741BDAE0FE30E7F9066D6FDB8654EA0
0B9D4D7DECA4C80579369FAC62080D8B
A99952A10D66DE4FD20E8379DDED0B82
69FF168A5010EAF231102FA3079CD1FB
BC9461DBA0DA933F0B5B860D32488296
6748DBDBAA1054C6BC1EBD4045730D75
67C289688AD226EE0BB53849818BD8BE
290220CE45F41B1BAD0CB534C8FD2827
9C8F3E1D4BA444780120BAECD6DADD2C
90D8A38A8D78F7658F8E3FAF153E79FE
6C2D9D17534716C4BBA285895F432E62
067FEC4AD7D22FEC8FF9D2CDF0B7F49C
AF2723398B0B269320130978F67335BB
A9CFA8ED11003D32708D912F96A325C0
B116290A2C8F91918AF426E806471EA2
99AE9D1D90226E841AABECFEFC3D13CB
78F8CFEEC004073D002ACFD522A96ED0
5B027EF39E3044F3B2F91164582CD143
B39E8D6FBBBE8AAE319889F411C5EECD
ACF3C9DDD158FA4348E719568DC6C060
CC42CE6B6A3DF4466D6EF68D51961145
4ED782A3F9B8B757938C8EFCFA3F7C66
FA9629FA1D106450ADE7491AFC4E1B9A
B7C5B764B65CF80905A3F42A5F01B47C
CF43DFB7198764724567918616466B1D
AA7EDD9ED199F011B2F7DC244AD94A7B
B0605223F0521731DA203E566110F0DA
F8DD8314AB9019A3F277F297FE49A573
8708EDF823DC220A288CE3D47BEEE716
AE0D2079995E20CBBAFC8AECAB1D4D92
D02F5DE2E9444D4DCB9190C15FA513E8
429605C9EBD3B72AA245CBF05901AFA3
7DFDA6E2E0143733B616C5649959A870
77F7D7FAB84B4E446DF12465A74577CD
4EB8CA2B9EE651203FCAF81989CCF2B8
1000633E2646E9946BB1A062C60B2F0D
E28D2BE56F57EBBA706926507D1EDCEC
BFD9BEC1BA2C4976FE85758E9F709798
F02F2F1E9C2E0331ABA15BE38854E951
548997B9B0B4847449E07E58F5513158
069E47A6CC5640917CE4FAF1DA40D53E
D0079A9CDEEC45B0B36BDC1C21DB1A1D
DC068DC1CC09022A44CF8EE91BE0F0E7
E98B4A859A4F0C8BE5D32E8453F7D60A
6AB60A2A40D007916DBBF010EAEDC105
D6B8D7C88A99ECD7B9DE22E1F675C2AA
3488B493D284322D28C4CD468560C194
6870672D4301A4759531AA63786538C0
CF4F2A631A0EC9796D4C309AB61BD6F4
99D89493ACA762F1EC3CE3DB18B03DA9
74EEBBB99E194D3BFD4D07E461A4CF9B
8FEB0A441C9A8DD03E1B7B2D1AC6D35A
B884214C821EAB34BA30C8E520266CDF
D406CAEDCEF19D653ED6A010ACDD6015
80C694FA567E75219D7F36683527E606
2760700DD3CF58A2F1711317B061C43C
C10F6205D74912C7D58EE59931D5373D
8CC2FACFA8523070F2DA19FB136D91CB
A322C64FF3701E4913316C62FD03F459
0774C528BAFC584F1ACAAAFB384D19DF
4162B1FD85016B8CB5034A7B388F2C55
703E8841123D78E26E570967B4C69BE7
F7077FBF8301D70428624EC3E06E809C
15A0FD951629D749A66F6AE9FB63C642
F2CCBACBB3F59D9AA726A8AFA6129E87
ED41A763C9734F41E7749DB1DB880145
13C1FD39957DEB1C782680DE8A8F6B8B
31399316B5C289146708B0EBF0ECC9B4
29455410DCA1545CBDB3D8D9B465F41A
501FA626D74769480C5EC13BB8E0B771
0EDF6F6C7BB15A36D4C252A651628BE8
26E5050696B023004AAF40F9A409349E
3945F0D3FB555F783D43DA639EA2C1BB
EB4BBF97075C6757F663133BD20F0C65
D5921C997A8E0BCCD979D0B486DD2E3A
A25CECF2525F104B6B4200BD5EB95699
EC23CC261D7DD211EB75CA6D7C2CAFE2
E89205AD2151216863E64A154EB414C3
AC9C8AA966B97FDF879BBA614C6769AD
03DF8C0285D26E4CF2BE7A5D9A4DFB58
5F517DA54A2358C20BA86EF10D488A1E
1E090E66C5A5CD6B8142B2079693C2AD
890E5E5C205341AC90EC12DECD754B26
FA7BF3F8F857D8AD10EE4F23FEFE4AE9
8A8B6345F659847A3F6B58262E3BD08F
66FE0EB569165AC6B47ADE2DC7B1B2F3
6EA221A4616ECD0466A50C5CC144CAAF
77D23301ABF277F3BD5AA53D52D1BEBE
778EBD45E5DC0B498D23C09AB9353D61
F99835D692E92ABEEE4AC1D9FCC65735
376891B9BCC113D69C73C911C96E8BA2
A91B326D0799EE65F3D5E6205A353D59
696FFEF1BCF9686B894E305D08F34013
A34D93ED0F259CAE5C3666EA9BF41C5F
D6E2BDC41047A9FC24281452A5805F3F
127D674C7B051BF58841FAE478CC89D6
588FF7B73F7C77036B4433A5704A3308
84244FFB0A765205CBE81DF94454A007
4D853E95A2A6348C016DF2A6937F6538
AD1C61BC842C9C5F219888E83B95FFBF
CA2F3B774C238EBFE7AF0ABE29C097D5
4710AB292B77CAC21F3C908670443FBE
B5CD1CBE6556364FA8F61C29FCDC3FCB
96421684B4A39A78D1CB703DF8BFF6A9
AE327FD40AB5DA662D024CA121C8CF89
A5016E51502ED6CAADA15615A66B8470
C1EE1027D9C2A63ED080F6003E5B6893
7DC66E64F15013A9C68AFDA3FF81AF63
3EF27139470CBCE7A064061BB0575780
29DBDF0C5C1CA1C064D3B3C2500E1647
CD2FD578FB5AEEBA7B677B52C3582FD4
49345ABFAC1DF961C3028A1C5C1F3104
156327A65D19B4635ACD7D9CC5305BC8
1053F6AC18A783A7FD897904FD1388FD
96FF691AF15B92DEBC9B709DEF3C7DF3
161E953833D25288711081393B508B07
487A1C34DFC75253A11D74CCAF027FE4
F53A79B68B212CCA9E65BCFDBF9CC209
8AA758370DA1C419E9B1C232B1975853
AE80CF02F9F9260B5E192F58BBEA95EF
8A245B7E6E286BB2CC95E503F3F9F5DC
7376C95C2E5C59DB3E067093165D0AA1
344282A16BB9359C5FADFFC25D8874DC
64AF66431F46A3A9FCBB9D1CEB639FA0
34806099E64DF259A0EABD8AE88E89AE
AFC33E839B0877DD72F046DFA9FF2573
F03563AF5F6047F44E9D13D299EC8C96
3DC2DD34881C8C319319D4CE420E46FB
E7DBA56376C7616014E6B874228A8955
C2C74C83B728F2EF5A5D2E7108437874
D83CE5791A1EA65F111BC465F1A208A5
48AF85D2BD278012B261985D054772A9
5DE1DBC6F8A8E78D6F840E645811A0DF
3E8514DF19326B72DAF35DAFB063C50D
E8B8208A3F5B1BC38057CEE4FF7AF475
2572C5F886FFFA3F9FAF358EBD5887B5
74A4DA357502045EF5B8F24C9AF39AAA
3CE90D27C59FC64DFE35745E31EAD4C0
04C0543434D2841B1F841B8734293C5F
4EA6D47DBB74F1C9AB7300AB5A263587
E1BBE7067869AF259971BAAB854A96E1
0AF238AD56847302C175636DADFB8F9E
048CAAC9A529C0298E478B4A13F627A8
9C10222BDA84BAD88F7E0AC64F9EDC6A
74EEA728EC2CF3302379C48B70AB4A80
094038AE3870D8FCCEC003E94952CCD2
A31B6F3468151A78A8A77B15677DDC6A
3B0235D553FE829CA956988B501AB81B
EBF3129CCDC179394CF48DF8D0D8C492
DA263F503551B8042F8D5009148E34F7
EE2C12CE666A29138BF2327B228BF878
6EB27B929CE262062383E9B0DA2D28E6
DBDF9A75B62F8CA21D13B8AE62249407
FA5CF1853DEEFA132A2C19EE45C80908
C51C15B6E1BB18EB498CC1D104B0F529
CB5B41DC593499BC2D9E266BFA9169AF
83A5D10D5E16296C3667E7494A2EEC56
6994B8F0E00254B89AE346C0B81B9A7D
E734C6CD7E4DA0EB6B8C28D5B7D532A4
FBDF76E9636658DEB6831322E73BA651
3FEC234AC5C5F8F441E6985FA0586851
9055591630317A093C961EB3F504E23D
65B332F3EFF0C921FBA232CBEEC348DE
CAC7983C35068FD6FBB5051C018127F8
59C135FB03CF28D86633175CF64BF756
AF984D240B54F034210D1DCA651315A7
E0666C2512812232C246BBF7C6D8AE54
618D153CE20B62158ED4F12EE981926B
864CD4D30AF85C04A294A0EC3C50442E
CDB2E605D2CC9E9CE2104645C86D75D7
6BD239B853D691102A77A50328FB5C0F
FAB89CF14C9EDCB9F0264F6176C4CE8C
0F914D81D2ABA19243BE221BE01EDB6E
E63E1FA156D9671A3180046BBD5EDBD7
FF9BF3D2069B0C053594015CB016338E
F783057CD42297086959A5BD82831F4B
91DA8034D40F0E3B94CA2665C8B14B28
030E5528217B39D6138EDFA15998711F
B3B0714D476946D5D7D648C8C1E9E48D
DC6BE5BA393E73AC425F578C74F32940
F9C32B7C21021E934EEC6A9A73090023
AC70052FB61E1A6B24796A382E42744B
91B9A6EBD4958EC93D00439C7B9CDA53
421AEE0921B361F36867C4AFE871B0B6
049B4CD7BF3946680EB3C6E874C3E0B5
E5E694E7D6344CB64F0A704C0B051E6C
A54E106AE28479AC9AF9764F94B57407
4ED3F61DC5054E38BF45C67654DA54F0
B1C2FD0452CFEEDA68A2258E735584C9
F20775B9D03D21C1B8AC6BA5628B0223
33D1E84EE21E624782B959E6EAFBA841
7F588478D3DD91C4696F6FC89A15DC80
D8CB0B4D786BA681DB65DA981511710D
7ABC3CF0FEFAE653188501065EE17C7E
E2E1526287CF287845EB19F857E0A7C7
6AAEEC12DA065568F30D73EE1E68A4C7
EA18DDDF4868CE9D85647B8549BD3260
07AEAD9A38DCB4F733F60CED88FAE98F
75CAC218AFBFB06227455AF51FDDEEE5
A0FF2E616614CC21C84CE0B79B435FF5
01C5137CFBC68FCC28031A4B3F4E6B4C
0AD9DE2E45C603DC4F3E4F638B5966A1
E6B56ACDD5135CD07B92636D189548EF
E66E7D990C93EC2207D49B2E72997AA6
24082B2F2668FC27915A922D9CE03849
91E604ED2EAD513A5EA9B7A7EDF06221
BAB839EC2B3283C7EF029AE48A900AFF
FC2AE9C265FE7938244BB68137648DE4
1D0CB49342C5B4F06304720F6C6551A7
3E5776FB17919B8AC27A1F4380EC6E6B
A78058E3D6C51747805A982B0B44CF25
2552C8EA8DE28499779935844B10EDD1
CF438A9BC29CF282A907700E862812E9
4DAF7846CC2C4635E73B5661FB5F2639
1D037B1D583330964A3F5B9AA1972C38
6D394611D4039308440466076CBBE4F6
A826138E84AF3AD5AAE640C002ED5ACD
44200BF07B0DBD71C1CF606E05655028
9DA591DAF446AFCF30DB4C0C7F177128
19F5DFAC3C39D99AEA832E4549E51319
3C5ACE6D92DEF1A2005BB306D0879392
25549172ED9ECC7D3D396A64211758F9
539E946E60F608765CC996C9CCC5941D
17DD71CDDAC326A232A1C63E05D3B173
775D99ACF74593D6AC0638ED4F7EC906
BD8F238F76ECC688705939137206AFD7
3B16750A9C31CE52107E622F73A3390E
A28506CB43C41B664CC393ACFE8CF0AD
D472BC68EBB5C1341CF0495E65E3B897
1F2227AEB4F03201D217A03A6490812D
2656A770BD3F39DE26181BE80BEDB77C
7EF663DDF96485C95DC8B91789EA3158
3F86C8620C5F2136535011299E614B15
C644CC51B99DDE126B339AF428D5CB8A
1D79112FA127CAF78D54882254C6927C
506504E07DCB8DE0749D770E691D0EF3
30A7683D3DB6FC3AD32C0247BE2348CA
FC2151F5125E437D66D7F7BB66899164
559CC0774A95A79F0643E48153954B3F
1B0D624B94108E46320268E7FCAAAB3F
28E4BF106047A3F448044853DF46C2C7
FBAE3602CF785C274B15FA9FF8B51F7D
5E0F5492B7F6B44CD1B89F5C2C7E8DF3
CE10163908AC58D2251433E84FF0CE08
7A06BF4F6BF0B0B31061B4B5AB6EA340
6902E3FB03410486D194D2F7D5BFB628
06D860F0BE06F27789AA294F9EEC45AC
D61BBED8B856714C5088735B6FA3BACD
2B82A708E12EC538ECFBB81CE8588BDC
9FFD24002F75DD8CBABC8806C018B672
9A0056582A1FF26CD617EC4EB4939636
D912367ABBA8CD9CEE893268933E1FDD
BC6DD1CC1291AACA7E9B284BF863793C
2841FB9B7B099D16D7B87377452FAA3D
6345E2055A731782A228B554D24E3AE4
FC64726253E73A41AC8F498CE7C6DCE7
E57217B80A8CAB6D6B06468522EE9264
BE04A820F21BECE84C075318DB5A300F
25FD8D91591B349E80D167753D1BB5A6
755B0477DD947A16F89ACCCCD21C0338
2355F1A3F722A147C436CF77F2440116
13192CBFADF95E7906EAF3597A1D1802
A34604C104A9E2C51919D9A456A0A239
71DA71E1958703C80045A2FE12B6C068
39B54346F1189095FC83D4B8E4473CD4
27DDC39C41CFF38B3045E0937DBE6EEB
1D2C58A3ACB7C93C36964230F62A83B0
8A43BE8D6352BCB8AD0F82B7D7F9E925
B0FA359627C85FCD2F97400F181E61E7
37FBFBF6FFF7A7F20087472CE9BCC9D7
7057F7B1DE14BC93E8E9A2EE63CFF232
E94733966559BD47C2097394B63067E8
8AFCD1335C6746110DCF39918CAB78F6
1712D01A738E0CEB78C033E1EECE27F0
E01F818F29CCF5BBF7AE448A727F31C2
1E8B02101733A4168F114F5F8FA61DA0
77F377DED72EE538BEE6E7AA4E13C853
61FCA072C18F62106D68038780A66397
7C733F365CC9FF414DEF1CA30E3588D3
87FE6E6951A777FC8F19B132F3A08E2A
4380302ADCAD8B9F4E758F16A8121AA1
1835B2CBB84DC4A89B70382C3EF05627
9A54C6EC057FA64BCCFFBFD8AC31503B
904BC06C6D85249168B5CCD2EF802D29
FD3F823A5B609AF425E59A2B0E04E0CE
A89EEC8DB0E1E9B325C4F59C040ADC85
E4060AB536548941B6FC11E488BDEC63
F41EA33BDA6F05C5D3A6669AF2CCC1D3
C96664EE11F6AF4397E7FDEC2734EB4E
443274149EA745B01694DF78060D9AB2
E11494F588ACF61BFC794B593A14D1A9
A15627DAC8721BB1AA82CA2D466F7047
DCD838D83746B0F7CA638228ADE73470
87FF295201B22A1B906D88E04D5EA45C
58623AF4DF5A88A7907558346579C940
F88AB3DAE3C5A5F48CF333555613C2BF
3B40946C91925136D245AE0F59B6C869
A093D7072023BDC0C570B79AB6EB302A
CBBB4637DD0C3C8DB0565631268B65AC
FDEDB12FDD815DBCAD5D23A0F53235A1
D1CA28C32C0CA1E573FDFBD27BC6FD5F
913994C4113578A4E73EDDB2546CA9C6
A8E99603ADDE504E04B6E18CA927A444
5972ED9D21670E31606A494371FD50A3
B133C4D18BE2D1017FF9B22532AF2DC7
B8DFF5316CDBB5F9E0C363E80B9902C8
3897BAB6092FBA4B44CBBCE1F22C13C7
E9232CAF611A022AE65BBC24FE44592C
84859972786FA630C4B1E00845C4506A
C337F1B6C3DBF9E09E2E4ABB43829669
D291201B569F0181D9C681FA0DD1E53D
27927DB3F83129957D19A7467D438AB3
472E38653975813CAB09E00DBB14E275
A305FC3F9906D352A51EA44DED95230A
1C704337BD15A297C1BAE202199DB50B
CF94F2D0B800618AD667EDE9AA9BA633
D5CF9D22CADC56BCE1621E3EFF42FD44
CBF7C43DCB8D7ADE726DD3B555480673
DD6D9B22EE7F67AE6EFF09202CE83615
7D601D1174296915F4AD7C213530831C
2078A008824AD364630DF6C6A985BF3E
564C4F0141017D2AD6944DC1A50F47C1
16EC8E1462E480D5E434C695F1C52ECE
C32F776765D2A3FB37C563A5D2526620
622F58BDD9B8CC725EB2119882FD5090
2867A413CCFAC04C884FA21D0D5956D2
3688E551C0A14BA71628689F41100237
59CD86BC5BD443FAD29836033BF57579
E9D3559B4174AA95E45FD79C9A72EA04
39F47A7B45C5F75514291A48477F67E6
853C084853CA973103C5722DE1F4E4F0
3FC8EACFA59F75BF7DE699CAA7DBF12F
35D42D906966343FF1F58A3CF8252F0B
7CD52CF9D2B8A6F877694BB9B7ABE585
F802ED34464D444B2D0DC9222CE2A50A
492873E036A1CE8720515A233E5865E6
DDD77639DDCFBBED088845EF3965F333
892D863DD3822514D7016A339DEA6D60
862D53C82423B89A16954272D9E3E676
F09FACF6C03CE8E70CE170E9FF5F791C
318072481C61613D9B0C1EC87CB31ADC
1D5A4AD97D98DC2E6F559BF10B8F44F1
1D46EBDCCC55A69B63C7B511279241AD
7EC02E25FBE50D3E2ABE619FD69CB36F
64F2D2E5C89AA4392B59CA75CB615058
02BDF2FED9254EEEA60B72F84B8A715A
E880D0178CD53D51183A5F7655D529D3
6BDA7584DB35EE1B786E30768E1A72D2
87BA6F300DE6097F9F8CA290091B585B
B2E228251E93883B661AAF9D47542A0B
E57FD54CEA56237FD9933EAEA87BFA34
E72787A825614856B76EE61125E75BFD
9C04AE86841267D566F0E6DAF9BBAFF1
B8309A755D96389A28F1978401970F21
2AFFC78CB8FDC9214DB0F51018645050
392E623E2803010C602181D35FDF71D5
BF04223BA146D27C820AA4579665C44F
430875DF6F521A6CB8706B42B3D998BE
796FC6DBE7735E80BC804158D841D5E7
BFBCBE8F13F5DEC86C3C78114C245D69
4B39FB51E83E4B030674693217360674
23BEB9D3FE7F9B20AE676B94B0268E6C
46A1657350D236E5321FE84286CE9ED0
38728B2649344CC8DB55C1F37D9AD657
BC3D2685A27148F3138A2F81A382D76F
7BAC9D66B6D6E44D71931F9488EBA27A
28633067D6A43D70C532EECEE864FE85
8DF4BD3F22937C3E72C2FFDF0D24FA3E
B4DA3C6B18C290A93E35B3B5C22CB37F
23506945E6537A73853DFE44ABC2BB43
FB19C21AC504DC08E42B76F296FC2ABB
3705A2A1A25ED1325D63EDC2E8E87343
4CFDFFF48F299A2D5BB7042C73A27F9A
E47593BAD121B1FD314D70F4A51D0FFB
51DB52DF558C0407304D5A4712DD8920
B9787A4A21D4420A5FD04A00B1E765F4
A1FC7E59EAFB39A1A4B3813F2C187333
82579BE071104347F61E585A8F87C7BD
8A8D7FB17C3B3AD0D9639394B46FE61B
51E8AB5B0D80883C7B29889F82B88625
39F7A528032AF386449EDA3B252D4D22
995A068AE9EA099E3FEFE90C384646CA
D7A510EE506C8CC498E59EBDABA785CE
BA31C51D657CC8CC42161987F4BF33C1
E4692C9F459CC89A56156B74CBE9E9F6
3562EA02B2B68C2EED7C28978B510B16
D3F851022651F3905D5775F68922B7DC
39C1EA4E942EEE99E40B65B870F750E8
C9571CE5B18C0A1D27A450E52559E7C9
929813ABD29AA228B4B1AA382AF957B8
6A6354E88BBD792702AB2302CB62A528
500D85B2963AC85D8E01978AC3451650
1FB6A948C0C01E499EA745964BACCFCA
1EF64FFEEBF010DE66AC6471F0E2775C
2ABDBA02A35B812433A69EC09A860E12
8D16DB1ABDD7BFB7173001EDFDBD38AA
12C1025DE70A3252E7C8A049058596DD
5A5F7FA9B001DC5A0E660A56119A2D81
FC64618A740DD40E34FEF3C80981998A
26565B68B15135FBD62D63B85B2CDCD6
A2FA1575CE6B4C1FD207C5EFBEE8B8F4
32938457BF564E553D603FD617F8804C
CA93B3AFDD11F0690AA02833634316A2
79A756A00ADAF593E83A3B3A7A4FBD56
45B7DBDBD7652C19F21476C2770803BC
CE2FB359802216B64FEFAFE13AF543A3
7BAEB0611D36DF8F0432833B9B26AD33
4B0A806A1DD2D48094091F017DEA3546
FF59F1C76F73779854209F0D88F1CC1A
71AC8BBE34F362F2BF08F34F0CCCD49D
46DDB6CC6FC3CD5B929E0526F2B0139D
BF855C5D36289461C8E41C262DB320E3
AA5C179349BE74479E7883FB482727F3
2ACADA1001C19825859713553C54B17F
79F208992FD8BB1C33BA4785BAEC14C9
FDC0D44DF6D38984293386964198C3B1
3D4D3ECAD59C4652CEA6E52D411CC672
2E9D4D1A1AAA9A86338CD81B866672A7
A66C05EDF758D1498943D7C723079986
1E7C7ECCCC192038E9B4F519A086E9EC
FB7E8D4676B68DC313B8A49B0F94F0E6
FA6D66319D587F974BF4001BBA05BE1E
FC81134F9E844761C55893DCDB5C4960
03AD7633026B19B8747C9916C58EFC6E
BFBB014384400F08DFC309D75C4038CA
A82D96385D71C1323CCE66396747E37B
C318269DD2F916F6AD04359C4C8D6521
6A46E842FC4751BF2C4BD55838B63A91
7B266BE611CC00FD0F91D8FEDD81D570
DC01BE25C7F9DAFDF3EBFDBAA41076A3
9A6588919D73CAF1C09A887611AC5D16
01021EEFB64F18E50DB8299AED6A174A
45F7FFD69700648DE920A209C89784BF
13C877D590C1F0D8C9863892BE2617C5
CD6213ED33FD2ADD065CDF66A94930F9
D83577686C0202C0BE96E0A854ADDD62
13355533E627FC9B2752F0C0D2C0A4B9
98812A50D36B9BE886EAA1276A4B1029
04825814E096D66CBE10BD622B974DF3
9F09465565136EAEFBE6B5EAAAF1D19C
4D1C173CC8DC6231A0DE58C290C0F435
EEE75F97711CCE74B920AAD9EA838055
0940E327C9B91676ECD1A16A94F33413
3857F0E8F11F19D1F78FBE6873FC5DAD
4CFACAFEC79161A3D782EC9F68D846A7
A7580DDAEC4D813A4FC81A66284FEDEC
76C217932EDDCECD02B8EC57CA988B01
76136060D095F5CADD8509095EEEFD0D
ACC480BA8A140439039904C125AE70BE
23CBE4D423DF44C3D25FABF5DB429500
B72DC921346BD7048DFF8146610EB6CB
5C18E070B66F1CFBF2E52EC5B534562F
44FB08C42F235858DC6A71D8119B114B
3E15554FD677D13BFE1590F530F4AB27
6FF5CAA0319C00DE03A06B91688C8680
DA105F5ECB0F2681C53568E9A3D2E97D
BF2675BA92484DBFF43549A2C9711886
27F9429BDFCC4BAB19C410815739577F
623A811996F3E848BD2BD7E3FF946288
7EA6F7799359A84687A2174241DEF504
E211FC70B8629E8AAF7D827B465EEC9B
8513E9DE076490DAFC14C9F0CEAB6E98
92AF6595A838FBA630C8E440D441462E
7BDD9E9497CCF65A266702B9FFD2B53A
7F739AB2E1A1BF384601C52287FA2E9E
70FFD21F483BEFA2F764ED2A4C60377A
F53DB7F3CE8B3131609839D59D2CBBD2
D644BB5DEB738B507ACE73F26FC87AD1
4CC365975FB7C09084EE522B4782CBCC
FD21AF3A3CEE2E1FA7C493D0DABC0CF6
31DA8D72ED7FBD06E604161A92EAFEAD
EB5B4034A19414ABF3DAF5BB4AA231EC
417F2E722716476BB4620509F26166B5
F0CF28701455D083CABE4A8FB18EE48D
54CD1CD7C7A899FD8BB0D3F2ED0AE2DE
B4DF9177B02CC66167760B00677A402C
DB3478AAC83F24CF4936635330D57343
34E0A9521442C9C9AD8810E02F0968DA
81EAA870E6B7693AE6590E81039240D2
BD9EDB48EC289DBD05B0698AA73A3349
DBF2AD4C470FF400F22F870A737A442E
A3A2F0D925EB6DAFEC87E04F3D456F55
662EE63652FD3C910DC2FE6303A68267
805D59F697768FDA6A5A804E39DA1652
57AE83AB3388C8A40686F9D7DC39886F
896E8907661F8B060EF86CFD3E4C13EA
BB6AFA61DB1175FDC2E5496377E7E5E5
42A3B9FAFB0648FAF7BA8856D876CDD2
F4EC27F8C962BF772C9E60F482B464BC
1593624E2C0EF55916E54CFB3D3D353F
23BEAF770953F2EFFCDD60915AFF1136
89C6DE7EC1434FB2369BA3AB5336614D
A9989C638D509BB4B7366507791899AA
744DB9B4391B023F889B8504D8EE25FD
DD4E6ABD0B843A57CFE188136B50A7B8
D635154970926668BF72DAD0B557BB64
AF4A8B4ABC04D96D69DF50BA1651AFC4
687B761C74C7D989BC325DF363960BA4
418D342DF9BF255469F622606AEC2111
167E6F3A4C031540EA2389781E3F4161
57C1FFABE1F868AA36485F8D0B5DF06A
3BD00600E6AAB8C613F9C3DBF5DC7098
1DF2821926F5E37881273E055E3DDFD3
6EBF9A32AE5BF2F26AFDC7B76110A8A7
977ADEB657A50532F9D010DABDB889CE
689EA520C446A18F104598A0A264A008
3C0393EB144BA723C3E37FF650F1F1C7
FB04D0274041FFCBAE8D97624F1AE991
408A27BFE1A7954689C5746D99C95A02
8E525C73C8F7F59C062A6883FD86A08D
9701B7E1266CA97ED029A62201F3C3BA
7A3A4C8BC7CA86BBED0C31688A387A80
614F87CAFAFFEAE87BF2D84429D38796
E0B679CBC656978825CECF8F786DECEF
39D8F9D9181424983C8CD3E3B640B259
D8E70124D2DA107023B7BD4047240846
F3D9B18B2C9EA633AC7E767A944E7999
2B4B14E10B0E3765285C8ACBB65CBA88
BAB53DA992FECB586394DAC81038DED6
41D8D0F332CA29267F6EDBBF6C53F226
E7A381D530D071258C46EB6562364C3F
18D002EDE37B38D38798CDAE6F5C7C52
278B50E30C1ECD337AEA29DD7C9A98D7
43463947E235FA7143AB6AA24CD8FDAB
8F1515640C8FCDBB84372A70DD634086
8DEE8A8E5476D7785A2AB890A0F982A5
1F6BB9E08FD0610570B77F0152834E90
588363F3B2752F4BBE46E7A7AF59BE5C
44FA5CE51A720BDAB6CACFE8052704C4
085B1C2A1CB5C52E41FD2E1641697A52
E9767F3433D4050ECD9C79328884220D
D068D0E80E3B21D49A6DD21169A57D09
131C5E162600358631AFB3EDCD021AF4
B54FD290F5F797620A5F48C7B7AEB551
D06482AB89E75D31C658FA4DDF05318B
18007D73662109FFD2A0392EF5D81D97
59F80C11DC2ADA0CF89CF42CF4B5CFEC
3B48CCE182F73821BAA48945A74593E4
28F4107921130C868D57DCB8B089250B
433C0F704D8ED1AC25955B7AFA5F133C
5AA4628ED0E1697DCA1C6F6BB9A74616
FAF3DC6BE82E6B85E760DDF02414A0C1
3CD254AA7541689CCFCB31B4667D09D3
A4D90DA253FC927CAA0E98DF849C5140
0B4B569A422C6A480B94B7E3896D64B3
F873EC23F3A2C41F1B70327924CD7001
D31B9010A11DD86B001A8AC9873DB609
FAF0FCC9AE272D2F013A3F71235BAC40
5221CE5C560DFA9637C076BBFDBB1336
83A394B410A8538C8A3B926DF4D8F6F6
5C4207DFEC6829604620156E1B5CBBCF
09A1900F79609DEB52A0DA1B659A9ADE
E0680767AD72A4DAA611249BA09BA4E9
16E15A099B8599C87C9C651EA2CDD6B8
5CEE2657D292D44CF42B9469321A3D20
2EEA596262EBF755D76E2B6D8D4E90B5
66C47A0E5E76611FCB5CAEF5ED109A26
8DA17A2D1FD7D8FC7CFB08FAFEFEC340
E4224FECA5D198170C62F1E2E45E5F76
B8F21D3B52620CE27E7E01B608AB7D9E
7B3228D55C89EADD37F444279D66F042
16B7CD4A533E57A5F6D21B7CC4D08B96
A26859A54C0F88F787B0D8C481C683D6
4B6960919FC3C9E26B1F275776745BAD
080F118C702A32C8BAE218985425F1A9
AB2072DCE5D682DC4812918EC0EE93AC
1DE971A74C551033A0731D6689D4558B
E3EBCB1C12222B495591D59CC5F10752
25B03811DC82884D86CAA5E9744AD98F
0734EA46517710589F0406614FA7F3E6
8D7B5CCACE426E7BCC3804D928ACB932
0569014ECCE803E1476C3ACD6CCD6E7D
A9405754B21EAC647F5FEE8AADFB495A
1D8AEE5F765548E9BCF43E320950B2A3
9DAC1550A5FD8F53130DC8D14BB53C7C
FA30152C8A3759793FF81B9E8449AD27
558627958E517448639A76F9EF68F4AD
03DA67A41234A4E0BC3316ABDAEF3FF2
A420116E9BFCC6E09C512E59AD76896A
BB1D6AC726BD55204847DE3FB96439E4
8F669D74D2B93D7F88DC2C7A774CB9AF
87189A1B13870AA26453557A02E13260
67D8201376F42CC1E6B75F5694CCFF73
539637218FF85EED00F36A002E5D8679
7908FDDB06DD364EFFC0CEAB17F14374
EB2AA081F41B11BDEEF1588AE488C25F
515D5EBD84CFE3F4836CD997E53773F4
CEAED3FEB1FA64BEA5F95FBB09D857B1
4E75F6BB19461235DA4181626D6FB11D
684FE57A0BE255BBBC7868B6425A19B8
F61CB9F82C915B9850A7B797E69ADCF9
DCB3688FDDC9D3F97E6DB36FBF661A27
E4B6AAE68CEA3E80B49D0FEF9B730E72
24DADCDE535C24CB3B1F03EBB241CBCA
DD78472BB48FBA7701F3A8CDA3C626C0
8E51191690AB115144C808724E2BC23C
D1C786EDB6C5742043234DD9135E6881
ECBF226FED8108F25066FC5C89507211
D3934A21C06A304F7691147D6DEEAA3E
9D1BDC935B9B9C8E15AB59F3A6353A0D
F3FB4AD51523E3EF6C02AE3325E26DE2
7F84325627F186F0F09BD38683C1A054
463401328E59DD848CD16448162C3DDE
479406CEAD0FD799D9EAA9790EF77035
389721C81062B0EE31EEC1B168B9B9F6
CF68D2CC4E32FFA5862FC68219291586
FE72AD126753017D53F6538BFDD24C07
6C8DF4C5D50F0DA24F8DA45B0716D58C
5C5E83EF6494E587BB25DFBE22DCBC6E
74BFB4620522044A5DD0E7E9EA62E519
2D02EA1936E114E7468294D63659D5DF
DA5788AA169DA5EDD7489DCD07F939FC
26195A147BEFFBC46CEDE0AA7835DE1E
1312DD929EF05180032896E8B1ADE0C2
E00DE1080E7E3437F2277A6C3A7F71C9
ECC46A4B293538021395F3DB53B614EB
05C64BDF0747CBE57C54814D375D6DC2
52BEE15F2FD35DB328B319307B583542
3B59C36680EEFCA2033F414CEFAD629A
87C462C122C1623726391B120A82B253
2B59E4D01903A8913C9F12DFA73C70D9
89D294792DC65571B29D97C1DF5E710F
E039F0B71ACECB0907583AC7A8378AA8
77D1F86EBDE12AAB2F8278074A8EDBE2
A6BF1BF159728462B1B7DDE74825E941
0EF7CB9FBA80F0C6407E9FE7B1E4EBC5
1B495070445D47CC829CB6DE4D6A47A1
DEE5EAA7BF672236841D296BD24C3205
6E7E061D32C0CF9FE4DD24243A4CB6A9
FC4832E1C3B4BF211EED636470E81BD0
43CD4B7A56C2BAC69EA0E76D54D279F3
4C56CF2CDC5B6C54EA18621EAF52F010
F330854DE9A6CDF7AFD5C697AE9D6D23
AF07A381C08E2126622B03779C99262D
A1E00EDCD3A882F63B4A28FA578F6C58
F5878A1C77C719B071FEC7E00B026790
D56CF5DD6E2E26D2DF85DEE9A79384DC
4F14CD5B950B14551528539616154C80
A966CE501EFC5502DBFF132A07AAB082
EDDB37FA59A42FA9E6351C8C186453B6
9A6420DE1542B5910C4A1F3822EE4E19
49B4F894DB7C2F9570AD4A55AA97C264
A635845B4CE2BC505F9C78ECE3319046
26017CB01B0F8B70C5ECE6E238D6EB25
8E117847B1CC6D00CE66DA2C68C3CD47
D77FBA1DD14EEC15FECD695CBE280DAC
44D428219113EE0442EEFA9812749456
71CD691D66C779D4DA4C6DF5727A8B63
5A2019FFAFCF1B44914E61D219EFEF98
139B52A590B042C1A7453C82BA5945F8
2C43BE6C6D71603BE670388215B5D054
1E9C461FC358B195644F71078458D2F9
1369E77023EDA61431A8C643FD71A957
A0D232CE76B8ED0FC0EFF4181104C86F
FF23BDC09EB392A117470BBF8E05CCF9
E512859ADBE2F65E4B13B1F3B310C28F
EC0C93FFB5950BB0C7A504777D92D7D7
DAA1450EC03D7A2E40342756205BC8B7
B4EA77196496ABFA24AC009EF53C2EF9
9B41B52FCBBB73432AD22724BA5ED615
E0FE814FBBE5BDEFA279991F9F9D41F6
C470CCC39D2793199B7AFDDDED4D1AB2
3626569041ED583DF4856DDD0BDC23CD
137DB846D674C382E6E0C238AD51152D
453AEC3291DFCBB6CED1F46F4D7E6C86
5A0CED90D10992F16D091FD1ED61C1B6
2EA068215FFA09DBBF54206D8E6A7B64
7799B6C4C7C5B189DD53AE56A29DB499
7EB65F4A501C1B228CA29C8D5CD4A3EA
64555AF19470F294853F40C7D6CA53B4
61EA92CCD5B0C542D38708F0DF03659A
DB5E2EFB186A19AC3900682AB27997EC
E4FDA9F28153A71918117DBA4E2F1905
52C9241E2F1F4F6330E8AAEA500B03AD
935190397F3B31DC4060DC97BE4EB893
58163DD0334096B7142351993AAD05A2
D6A18AED50D77EBAF279CBEFF3292F26
78CED1A9A940C7F3DCEFB221AA00125C
12A43377FFF077CB8AE7A7F34BB405AE
622F0D7725F11C60D21700E2952562D2
5B38AAB3F26B6B57FFBDE1FF5F57B9D8
9C42249D63C3F52DBA4C6D2286541FDC
9DC469CF469445D8A4CD7736D257D1BE
60D710817A91CEA1179F950ABA4F798E
6FEC8DFB3AE831BBFBF86797BCF8C006
8285140B648CADF67F32968AFA8C5FDB
BE668B03486DA550510938D7407721D7
02E58FA7A38D3545488D75B4E6F4B6C3
4BB2AE6E6049887AFF84D8090421426D
36B7F42974BDBCF1273BA8337885BD1C
178D9565253AFD0D627F90C0FF63C3EB
13EB1428D29C2FB711B5D7F74A63D8B4
F47ABBD0EB721330C07673B7E26D2E4D
EC7B9B00878C6A2434FEF5F794ACE463
9DD5258982DB39919EA3EAE0C1571188
5488AED6DD15B7E800C48180A81F0D6D
04A3AA5FD121346E5A762A2A68A5B233
00D51130CED7380358D2B0CD8612BB99
232012CDB98C59EF4656303F52F9CE40
4EFFAC172D7F4D9F1420542BA320B89B
3734FDA6E15E204BD94E46B1A6956B8D
91FA03C77B2A2267BFEE04630710E19D
EA0EBCD965D5F467FF9D2685942DE7F5
A8B5B89D3A70D36B10FCE41293372C1E
95FD750555AD7572D171354D464449E8
1B45ADA12D90BDCDBE7F2E0A8F20309F
20AA790EB74B574144E8B00E18330DB2
12CB4A12ABC349CA099FD3F89E97795A
492290DC00401DDCFBB6468F954C6676
ADAB4FF43848D3AB4DE2F02D2BDDB341
2DFCE5DD08A2368A787ABC73E40CA89A
625BD42DC51E4E153A077E4C840BE451
70C8120992F3199447FE5E8F2E795531
A04DD28BC7DC57B2C55046B878D37606
8DF7054B64F802B05CADEB550FE233A4
AA11E978EE575E1D3AC80D36E142307F
76F90CE368A2E7FF0F3F72DD5822BBF1
42B9B20E640051729FE406BED6D1178B
66515F29A5399128051853F61CD8AFB5
D8720CB6B76A66AE25525888F9540AE6
30154B2E090E2AC0B33D4D963955B18F
E6C778B4640C6EB9D007199304A593D2
C9DD2D99C2AD6CF44891D853FBE677F7
7FFB4360FF16FE971D5BD68BEB446472
CEE26942E87828EDBC964F0DCB9E2F96
F166C79591CFCAD05C90EAC7FCAE2013
95BD499309FD7A9A58B7BF418FA8BD6A
9942D99B2C94B061A2C9AEA0D607124E
7F1C9E6424C8B0D8904B1D6993F33F6C
6CFAB1472B83E484320E7595D2D20AAB
4A4C467B4D61EF3C926CE058DAA2C84D
13F3337277C9C0222E9F26A58623E47A
3AAF494F756F76D90A7ACF87CB4E57D3
BECAD6F0D15957E241FBE6892BB6C1FF
894A5B53A2AAB3B28819E847782A7607
954A609899D657D17884DCD71E4B41FE
F43088A748F1D0AA973A58EA360E63CA
EE723830F155F1ACFB0168522B120278
02377F80FE767BE34F3FC4C271AAB974
6D5CDBC5C87D4F55A26BDC0D707588E1
90C93FCEC2F7D9AC3FB785CC9D74084E
00F3E2720CEE245232724190F936E6E5
A42857A1C0A44D5460FB357E68679D4B
F776A26611EF138A0BD155DF611B6D15
A63A434341B0BFC6CF350F58082978F8
F283F861D7594F134F8068EEF154DFA0
BC376F4811DCDAA9A72EA45E8E892B27
C5D16E80740F4EEA4B69DFACFAB8E9D2
3EA3449245BA0A33AAB5F20A01B4FFB7
F04B2370AC554C813B1143DF22211FB1
DE33D3E6D13F52238A48B87E05BEEA7B
A775FB2FB7330BCEE514D3D6B7E34D9A
6604296C0758D349626D984577FEB04C
5E77E88CE2DFD2B0F95071FEB73E2B5D
793E68D0C773883387C6F4E6E1047B87
C2021C370A25E7436AE4823202865916
DB75FF0E0F98B5EF192BBC25CB2F8B13
D373686B09872EF2EFEB11FA91ED9DDB
BE37A4FDE94129E762E4FD8E1C9D202A
231AE5D83400694C16590292BC266CE8
F0B18FD0BC6FAAE8199C8F1961C558F0
F53D1D2D969639782EFD608E4BF567EE
D4ED7BBD8F35BBA7ACE1541BED77A64C
590C7BD5710D4AE69D3CB763F6BC0422
97BD49EAC5924E0B1B7BDD4A736239E1
86CA18278E4FCA0E4467963186F61F6D
8DA18184A19078F475DAA0C6E06E464D
C9AE310623A8F07983E458288F59B66E
5DD5EDF9CF6B22FC939F9DAEA355F53B
ED2561A106E53FAA7B63D9696BB4F2E4
E3DB6BD643541AE1ACCD7E97994A7045
F95DF481BF0B5E8D11D3D30A74DDB3D4
DD2E797FB2FA91CAF8E02FFC4868D3C5
7D1D8F43E0B303F8AB6D9A92247D85F3
3307404EEEA04A94447D5FAF3D1CA678
CB13F0B8FD8884FC48CE6B36AF697B11
691816EF5E87F9B8C82569189E0859E2
5AEDA1E88D80626D58BB22A9DE88C2F6
F1EEEA985273D4A31AF578A3435F33CA
A8DF6364DCC198F4B438312ACE071728
CA1A578F5E61E2AEC400E029AC8B68D9
356D4B58EACE07F18A6C65E64990CC0D
17FBD5A9A10297FA1002C58522397EDE
48914323FDF6FAFF06445887096CDED2
CC46AE7F495428F9AEF66EA6E9323778
B511EAC6FB5976F2233DF38E47F1E5D8
9994D2C38C9F2AC9CD52BB0E3CCE2B92
9CA4409F79EA9F66AB79A8E4DCEBD5E0
FD4DF87D3F616F26AFD609B7A1D25708
0D1313AD61952A1E0F0E2C185EC52398
F1E9A1466C5157E86C351734A3A0C9CE
2DDA9B7233D3CF4B066326ABED1175AA
E65E7539FB33882E1E99862065B73500
6999A7217ACEEFA75D898C9BEAA5ED39
0EDA91998208DBEE2695C31954C6A277
1D8F53E9D411EA6050A166E0FD4C79E3
3B65D225DFBC706109C6019C3E12415C
E24B6071CD26D978A1C5D54D17FD2AB6
58C4DBCFA798C440289A2AAEC7175547
698B2408F68061743472ED4864111B10
D4B1D181BA2B65C0F24FA4DDF7FFBB42
F679BFE72E0A387B00B2032FF557BC41
B06A451850179F7297E53235283A9408
ACD267A034BF6632F7E269EC6EAF90C1
9AC68A611D8B8A2D6C58DE2A5F513A06
767A609527424F2BA989ABF1E4AC5A53
F07DBC42D9C93D9C235B5D1BBB93A978
F5E7352BB1D6EA913F94DEB9D3EB126D
B8791E5BCD5FB2BD3606A8ECC3E49FAE
D94B438EB76A8FC85E1500A3CB49EA18
5BABBE720EDB898FB3B58FEAEE314A9A
58AC9B95D0E5CC49B4997D84858E4F2B
A4B8D578FA79F988D5ED47E808FF727E
76B34176EFD9D8DC8766F05C594BCF8D
48DD98AD24101B9B81100BDCEE3B7228
CA1D6017DDA29A1E1B62E6FF94004872
70948D36275F3473CCD9F85BE31DD658
BF722D642AACA7167B1F6F80D50FD3E4
6FB347B304D0F10F5A5F392B18BB9B9A
1C676EAB2A2C85142DE52907C0106B6C
3898371AC35C6DC5517B7AD7CD2CB46B
18439773D112F0DEC063A9C23E8EC414
6E05A113335ADFD033186817AC31E97A
4B4EA8343E0CAB625FFCADED6EBFA381
CFD8E35C02F9BBDCA8AAC2E5CC814E1D
717F7DD0DEA2C5BF09B0242C51413289
3340D5E68BDD98017D61A2E694E3A86F
83426067889BFB4502D8F74FD1E9A92E
2FC699B841C3A5E0516CD6C8E01F8569
CBE1C29A27F0AA868EDC8233F40F7310
AC96578EEC7097E8D8C1AF10971EEF95
9BD36E65497490568F14F265BF712786
CCC0343B1013545C37CD95E66026A6D5
D3008D292DEB444214E670BC6C8BBB3E
194002D4F2D92D07B2F6EDE6F0B80AA6
BF6FF302B067627A4E513F299EF3B55A
4AFA58FE42DEF49B0A56B4EEC6F81CBD
3584B161EE77D69E40200F6373DC6CFF
B9097F7943F4EE3636719DA76BAFCEB3
526C6C834C9CF64D70C0B1CE509B1BF7
F3D35D1CE9E79BB5BA272F7B5CA56AF3
2F6D7F0E926CC9CF00E6D54C36736481
94922E217AE3F8BAA9EB7B931FE58111
269F9C027138F6BF1E397F7046769C49
D060A377687EE384DDD5A1ED25D57C6F
498662A78A9896B420BE2824D6CF6CD4
A50659B7E662C83093FA488424FDD261
F81C90C2AF3AF537E197C6AACB720560
1F6119322828B760F61057322010127D
A59170AF1CFEF67180363CC2E1892BDF
DFBEE7C84C2FD2B6A2A7D39EFCC54059
EC3B6BBFF9A3CE2656E8972EAE7BDF10
4FB7C6C11F6D6EE5FDC7F1B775A7638E
D2DC4C3419BC5EC4919FDE5D3F558FC5
22A4E7AD5CA7332FA3A107AD9B6D882C
93CB8677F335EBE675FABA86F9B675A9
E777D39A8D934D1AAB0CCFE3F40FADEF
3CC1C42655D1A5BD580F65D362197E46
C6410785BABEAFECBF905723414BC9A6
0F55090D777340919A863CBB604CDDFF
9AED768676C06789569EDA7BF78F87B7
1670F2FE4551A5449F4AFFECA7D17109
81FC8EB7D614FE635024CA353870DBBD
ED97F0A3180D959A3CFDE844B8DAAA77
4F6855C96F2F792C7D87046222BEFB93
21A03040E120DE260B865B00E921A776
C7966BCABCC250C66DE44BBAD9B14A4A
1E3AA569216B4CED265CB2049EA5925B
5E7C7C5D6D89A9CB849C72EC4C4CFF59
C76A21DF4BD27392CA15931B309EE4B0
AC7B12F3DECD765283128CBCD764896E
A16DA69D494F28CD62765A043CBF8D18
90C79F8062FB7507E8CCC8757C9B0476
F260C33282F265930BC75B30383DE560
595F3E5237830F8A4D1A917573ADA114
35E5173E335F112110E9BE9BF8DDA3DF
74371F2306E77EEA6CAB5327E0D94E9E
1B8330A4B390B02A7D29B18557013B99
2A31342753C4F861B37504B329F91BE3
2B81BBBD08371065456938531BB2554F
CDD2546467859893B099D99924BC9101
0381CFD73E4E3CC9304AA4FA7EB130FB
F9186B8BCAF521B4093355912F8E40BE
DC0143D2751D93AD5D241FCC5026B310
575192EADE3E58F5ADF6699F89F80923
A1CA13C689CBEBF97D4B33F4389B447B
AB40149E8C079C7701113E24D1D41A3A
5A7ACF16D3A5955050981F269F2ABF1B
8B1A0FC9BB01C68F4FA12B6EC6C92A68
9D240C598F3DE5104E39ED9F55E642EC
11662EF659A6E6B8BEE76DE6513E826F
C752A11645A01071B0145006CE2B11DE
3E2FCDA3899B27C1974EBE96B13301A0
9767EBA9AC5837965FC66E9CEBE1DDEA
5727FE415761F1701B64BBCFD4FB8BA0
16E049A49F00DA3861BD345CF658959E
929C454C93103E32D6F26B16485F4061
7B9D617798E19F2918C9EB0FD48E534B
8273C1DE4B0366398E32AF0DAC56EBB8
BB86818235BCFEBE269F7E4F9B647056
9B59DA2806F8202B66D54B0B2F716D91
064E336F9784A1B51FC5F338B3C42AC8
297141011504966759387DCFB8001434
6D8782F7F26798E10B929D504D8A76CD
A16A4743C334E56EEF250688979C1C3B
1D113E81A91A3BD2AE2CAED7260F6F5F
2B6B54D689BC75AFBE3AAFC082B47A90
960659BE21331BD52803D9A371B9B186
A15428802D6EED0DE625120936CB2970
6AFF6C1DA4790738E1A0AB6452F53B05
20DD9EFFC772AB860F0D05A92AA75101
DD7897B5BBB7AA9709324762E64DD9F6
4EBEF6C479B85BC74DBFA55B7E2B5CEF
7599836C5B906B3F66AD8362494AFC30
FFE31809996856CAA0CC3F81966DE314
A51CDE8784FC5CFF9BFEE77D1319A8A9
F0F9D7C26C13397D538CB0ED0ADCD220
68AEC1D688EB57AC746B6018C97A792B
94ED7D55B82A8CB20927EDCEF410379D
709CE9D83B90902B11429E0379F639E0
92885CFDAAD365473959CF0C96EA654A
381EAA33B6F892DF7315134C6D8AC41E
21FC9A9032A6C2B1DB45CAD7337429A2
35ED457CBB0AF8A2B3156F9C9C51DF8A
20B744A52231067851452016CE335914
6D8F2773819DC9168D90924856B8ECF6
509CDA1E755363E09A53D884346D5A76
E816E5EB0231D6D11EEDD94F93AD3F05
A41C82720D9248A8D0FAA54DA5BD456E
5B793323E5D835C806CE89136D916CB6
1007652F073F8C47FFE69C72A8C94AF2
2A82D86B55106FFA3CF92EE31FD3D2A3
E11C2CC17A85B568ABDEBFA27E4B0513
D5CC12409A231A051973EA27AAD3F8B0
0075BBB7FBCB191B3F03A41C8B7490FE
852FF3A67FDB87330349726A51CD17D8
F969B2EE458D78ADCE757CB97306EFAF
4154D56B8E3C8AFD671C30A80417E498
8D38D12769C8EE5EA1D6D42DBB549C03
FB108EF3B827BB08D2341ACF8F400172
B2CD33AEA6EEB5C00C82E2AF695E14B2
4EDDD0ECA38E8212C53B692B4C709BE7
B9971026BA9BA02926821AAF659E22B9
F1A8F79146A2A36D4DF4A1554998AA4F
9172EEEEC0872A4307C698CFEEF2A5EA
9AA9CD5CC88B8D99DA5D4826FBA6E679
0BA654880E860A151A253A13E1FEE3BE
0F72786A855EC729101E3A173B166A94
C40EAB27D86D893E4F27D5CD99C69115
2181AF6507D98B891D3C2C958A99D926
AAF16A21269556C881A8C52376763C7D
F529E3B1BD0769C2CB8223EFD1DEBF5F
79FA4C48B2351EB3DD6ED47A88567B62
A9112F9C1E07054ADB099F632C1F3E22
52FA6F8FC2E8BCF55C2B5593E62972DC
9A44C4B8F2F95CDC8ADD50DCBB4772ED
A1A037997399FD0C3E5948EAEFC39BA2
C6A101C095E62D86C78E22E1F3B7F5EE
B3D31283659C49BB0CF023391C7F3EDD
301D38D566D8F503D32545DB6E2B8289
037344667B9ED4B391F610A761CAF3B4
FD1D7602BAC2F7F0846D60DC53253008
36B4B83DF1B364D2E4824449FEE44ADE
04540A7C82BC386D523B0AE70E5CEA7E
5262E8FEE7A73061D86116C9A1025CFA
E97F3ADE1525D2716294744513D02C75
685740214CC6D2E06A2401902B308B29
3B2D4EB9533307C7AD8E9BF46340C78A
1CE12F76AB018603551F579A8BDF70B4
6524D9B4FEBE9E521AD8811B5C408034
B531EE6B85B30E4E0E54BF6604BB9B0B
07AFF51759A34803F1BDD4F196BDD8CD
63B3FFD1465EE11073DF867B7E537E05
72F95D309245D40AA087B75FF71F3467
8384D534661333F6813CAD3AE988A5E3
C04123F5C992AD9D868A0DADB02CE48B
7E701400561199D5622B618892CE70CF
31748450240D3D5629D8C79F95C6B86F
17E4C83E2775FE5D0270E4D9C4EC1343
6EB4658345FC971B94A230E8CAF3F656
7FBF053BBD9A237AA2232CB5F6644269
758DE71C9432737464B172791CEF409E
4E53F1EE44F4DA005F8B053E7DCB55C8
9544371B1C4B30484A5E44334B469E8F
DE8417CC1D7C33B560615826FC0AF481
15A7D766456C3DF7397EEB1D69803155
D7AA0E043E16F9EA41AF56610E21EB6F
9B2706B4A0C6945B574D7CE3EC002AA7
2290A0FCA70DA0EAF3FD9EA3B7132238
CDBEFCDFA58910D19BBB45CBECAFDE08
2BCAB3ADDC2603E29EE41FBA8AFA9991
247291FE0111875C20AD4F74A725786A
6E706BC42F5ABC1EB11D0C11712D535F
7B52E406EEE2D39DB414B4EDB12E6511
FDAD4D9C8C40508662ACED86117FCC35
6017BFC8ECF139D605482F369A00D0E5
5C8FA8CA08105C52F910652519EED24A
E59B19025E57B75EDB28924F790A87F1
BF03B886C4D65FA7C4A2B0A1F5D4AB7D
D31775A990DC32869F4DBC28A0D0CE90
2B40B90F0AF08CC370DD17DC85307CAC
188A47DE3C0A0C5E3CFC84BB41D0B478
DE30B48BFC8DC2ED5CA873B99A3F02C9
8594697151A2698ACD7C34C9D13E0CCF
F6342B56C608F1009B04673B5774DC4A
3031FEAFE24AFF289F49858509A16BB0
3E67CBB678907098791CC6725FDD9703
96A68CA331FDCD23618DF2785F455EC9
E26C04545B521F4C6D32457729ED3EB2
8995BE8716D35F8EA2DD26556F27CE76
DE7DE97CC076118DEA19EAD2893C44B3
C0F2FB3BC3EFFA56B40FCEE7BD62ED98
782EA581B931CDF71548D4A0C6B9782C
C17CDB1E03BDC99586B9DE6469C2895E
C1D2AE3FDB6455A2E57830451FF887A0
4040F5B38E0FEA5904E75EA7C0010B35
97481799DAF7D45AC538F97DB5676E0A
33025FE74FB9F17B5321668A4E899054
74F1B4B211478F319210CC445BBE47A0
90AB83B18EDBB82C590D5BA283697079
64101A2EE3726766821C803FDD1DFC1E
E4BDB632CA964C6E3E5C3F62092C5D57
31BE03638D7E648629C67373BCBF41DC
294E77A3E8CC5220F8C3C7A9391FB671
E226E48EE58289418C7C2EAA42DE5A20
A78F1A41FFE1F17B636B9391563B33A0
A7D0652A3CD4A18D69E559524997836C
1510DED70847844B44D2FDAF57C8114B
523CA6F4BF79BE0E733FECE4DD2527CC
F467B3F91A269A2D636B6CEACC1A4D0B
FCEB8239B11C667F53726CD9D05745E3
0DF3ED4E6A9E027DBDBFB9FF5A4DF90B
C0B250461ABE70AE54B675D92683CC77
716E4F08FA1AC2FB1901B5BCD297B166
03C1B5E9C22D01E994AD4FE338DA96B7
163C7BE227F1D4FB856E474EBB752378
6C5DF4679F5403EBC1DA009EC4FA75F0
7133C3E296EA075A05C7177580649434
5D09A1041C5F8B637778E4E8778F3343
91EB4E05579A292C6059E7CABC7615FB
94055E4F605DB525787103F1408FACF4
5BAC89AAD615AFA43D005C6E9E4EB6F4
99521F8A1B747ED8A04AFB4F8960C85C
C9BC40C717AC2FCE46EB15512CCB2FE2
EF0A7982D29D989DE29135B899CDCCC7
D6A8570E7BC79B15D1296B62A51453DC
736DFF78A912932407945C34D438DEB1
A839CEB441511084E5B2DE8F159E9CE4
F40F7A9C61492CF521CB5DED84BC989D
DF16341CE78E2B027C28F155A041E696
B7C2C27611F380F4D1479808D64EE839
091876C1F347CABBC4AD931534A73B93
F98AF7948E40AF86783CB4DF9863FA11
29D32923A5E356BC9635DE89C95DA947
614BFF78CAE7A57C5718E662B15EB639
F1BE179F21C84965E31CAE40CFBD11F2
C945F90F49C6BD3276E6ADC5C22BD5B1
764395000D0161C844A388BD23A92B6E
0ECE14C22DF6D185A4A2690491B26C55
1CBBB74017C4D7650699C14C7092DA1C
023790CD2C8B09EDC3FA2696BEFE0D96
C59CC5D0C4576E088B1BFD207D365489
3AB95DE2AB4EF2771DA4DC583AB2B5D0
25FAAA43358BFB6D2A9FBFFEDBAF02A8
44D5358C1517E20D5031908DCDC6CE5C
3C3897D4CC2BCF3A3C209B8572B220B4
14921341A40F7B0F1B6E2DA97F553EC8
89846145F24E1FE91A7FF3631CABA479
09ABE3420B2277BD1D7C77F58CC7AF51
3EC2B25DA6B66289AB9FA5A568CE85B7
F1E3D4AF75DEEE7123DD6E67FAB383E2
8E2A5D8C37456364B0F9965487708C04
49E067A3367EA0E4133D3BA54DB5342A
01E86FC3ACF3BE35E86C753088FC676F
E05FAFE143E5F69A5855A7D4DF10E85F
8080EA77167DA7A2DB6FF99193C2617A
1514D96C2CBC845C81846B8FEFF83A8A
A834C89753E0F26F9A874D0A4DAB4EBC
E917C0A60553911CB4E9B757A1FB3D10
1AB44CA117D270FD5B4EAB76A384B38C
D1B18B5D9C27092641D3D63474F005DA
E3C57A831A6477876CBDF66CADDD06A7
342746EB657E24D23BBDCBBC9CD9246E
BDFFA5C46128C6CBA43F97A5159C4B90
EF61115DAB9B2A068C49FF9CC67F9CA5
B569D6167F45915C0FDAE9AC75862CB1
214DB824E9680095088ECE40A9A555A6
63EF44C1B1EA35EBEEB953A7119A9D11
AACAE8440F41F24417CACAEE6B7AEADD
13918177F9FEBB4EE8F864413BD16569
C9F4DF50ED7C6C5BBCE2826D87EE86C2
50F1E0F5DC7BB6E714AD04A9B040A909
21F0D183431BC672E57C73AFA08C4D28
1BDD9F1C910A3CA2F4ECC9906A91AB20
B71A3216F638C25153B8279CB3AE334B
9B9D50BADD3FB3B1F3E53BE38E2D66B3
479766892FAEA52D703ED7D0E17AFF01
1FA7C221337A4861A4762377C81EFC4C
CF84084B71269F3026F126F1A95FED5C
CD191EC559396DAE350AF8CEF461DF1E
1BF5AF1669A3A66098CDE0F866C6E126
2C7B13705236A76F1432F939B9AF0D5D
9737DB1B28B576FC372FA6D67BA8651F
04626D52859D0CC98EACFEA4294B7B72
F88E3D415B533724520CD3EBE12B5DA0
76549483E5B63378E07FD61F2D5D9ED9
B5E2C52ADDC9CA7724BBBED0D901CE9C
FDBEFBE972480898B7FF0414B6794197
19068BA403E5F9A3A32B81D3BC640BF8
591565EA0D7B680CE3938E67824ED5B9
5A936AB0D104595CA605B563264DCFE8
96A4070B7AEF91899E1B1137939F9DF0
2961D2DEDF2C252F120BC156B23ED51E
A1EE754DD8427EC11CD1FF9E8072EC72
6670A0514313F3CB6C4EA52790CAEA59
A53CBD5EE6820F5A14CBEBE767500CE0
F5A21A2E70B043C90C02F44786D9C5D3
62B7FA14F49FB6AF17D1D2801FB6B445
15ACB0262E0EC8767E5A8CB0D33B639F
AD5B4D325A942264DDF31FBDA3AAE70A
A6D4FF01775B776C2FE2B40ECCFBC1EC
703CF2C9CA9B2A1638C9FC78976F22AE
1F14C054DB1A46C2AC093565D0A80A1D
432AC096EF8E813A574799F451A713D2
0E0067B7FB5E9842EB1F2D801E71B8AF
DB629C81498656DCEAADDF5E4F463927
986BDBD17B304614B985001232F6B1AC
40C65985D42B927CEEA493866DE7562C
7B8A60C18104E4121464FF259B76ECA9
FB71A43AE8F0B653669AE161A839E8EF
C1FE02D3986B1B87D0ADAD5EE968E34E
E8E4A2B5610A18691AE908630597ECBA
36C472D245A785765FAF267948072A44
60E6E335DAD746A5029CE4279F39FF38
CB6D468BEF14ACEFB3AF221C9C89A067
A2526D970CE623C43C86D79D4B0310AB
846355613BDE550D110354210C8EC437
A85B144F91A81E57CFCBC760E9669B6F
6516B26DE1BB7CAF5CC94C50B82E5743
B937DD207324FE2B887AE16632B0D0B0
16426476E758C6A0786A0EAB4D051852
29E46BE129A203E2338291B3879BAC9B
DA58D8C6C1B93B0C2F68935B8D4DD616
DA64C8527661EEF625907E7047B2E2FF
8ACB0A7B21DD989E7C168106621BA207
474886314FC8C7F0ED150E61BA947905
C8C8267D7E0A05D57C1EF52E34A8CF88
ADF0DB5543C2DC0E8BFF22B4577A1502
AF8F66BAB1616AD56D2A80019CE2106F
31E22135A2B260FD709AAEE4AF9FEDEF
B1EACBCFCC1B2574C5F3D64AA13315C6
7A03648CFC9BE2F43B656CD64AB3107E
620D3EDBD266AB3BE30FD9AC45169499
75611F1183C042D3E22C12FFA24F2BFC
D6ED109B9D47732C069112FEAC2E9D03
4954150B0F7F1CF2B3FEEA6329BFEFFA
62B0AFE4840F831FBB99548265BCDD6B
ED8B38527486B9AD0E0B365F47B8F2EB
BAC1C979C3DE0C557DD7F1B6AA219279
8D2FB5ADE2FEA7B0854BCDACE22C3391
12086950CA9713ABF649C7EB9105EB3B
29FF63B9D9DA9F30F5996F0DBEE68F17
26958BEF2410F2CB3FDFA06E108F80BD
80A41698C947FE767D6EAB08D8550ABA
4BBBD70201B2252E0F83C3A51B292A38
468207F3131DB4B63D9C55F3CB230C23
A6D05FF054321779A36F306B109A381C
CDEC23816787C2697CF5773622C9418D
DA73FAF4BBEDEECB731E38B7B1CD5F19
5FBC981E16945620E5BFFD258B197B7B
AA08B38D965490F037EA8A3BD6496284
CDBF21A64128FD73962A60C68A5D4BF8
DAD8F5CEE912717615CF2B07A805EEFE
1A1E9EA6DE30D5E5775692D9C9DD0065
2C30994C566FEC68A76C78AED6E81DC8
83FF0099DE23AF305D1D1E63C63CABF9
90BB30CFC9C4A9977AC31ED28DD12D37
62B552F5BC27EF0B10B9DBD3ADEA168F
F9F056802D4C12E34885D4996149054D
4F65A5B79855C37ABA47DDF1370B5552
53D5868A6A070FB2F2658C24F1F72F38
1000E68955E1898F3D71F379863B6E25
522BA50899F206A4ED7A8F46DBC9793F
989B21B83AD15E8F84A9185B6C8F5348
25BD20E582B636FF5132B57C4F49CC67
2EB12539A152115D6AC01D3241F4B0ED
2D95F3751F7376FE16ACDF5BBFD3CCF4
4F78A98109D5548D3207C7CDE7983623
7A7EFE3352168E5CA72DA537876D5DB1
5EF9D5C020753D68AD3DE2205B39615B
80C051AD8FDE39426BFD91F39CC62F45
213D84BA5D388398AAA0BF241E1B2E21
F5372694D350E7B97091F638C8F673CD
BC7F4BC2A433279C8E8C21E911D32FD9
D95C237AE5012A29F944F55753CFA4EF
75D450B89C68A3D445119A89D0930029
7BBC59CBC0D7BD8D98D738D28479DB47
0C8708DAC144923AA04CECDD296D232B
F358B6226ABF023E3DDB2054085E226E
95187A44BD8A871305CC7A02A3D0CB75
3F4C89010F5321AC4D4E8C6E8C7FCC34
75859C23A5F55868DB157D7306C696DE
6ABA19DF9F2C47E63D2D73F51D53CB19
6BE423D460E012210C4D043A9D9953EC
33BD98CFE3F72B8390D086BF19CF2721
BFB1B3377EEC45183187BF9BF113714F
F170CB96B91545646B29B9FDA3776DDE
855DD9D527C82312B5D615CD1DC45B01
36F77FF984B57BC74B78313B25EEAD8B
B2948BF941B8A3E7B3CDFD05A757D53C
380642335C1CFBC36C4CDBA22CF88EFD
0D60A319060A1B23D6398AF3B82E97F5
0ED2928D35785608253570E618EBBB08
85ECDD0E1F3E9C796F2A7D815081C7B7
6826871E00C1CD860E93880B6FC88319
79F812E059AF8D78F153D36FC110573E
7E79B48045B2CCC7FDC47B65D68406D9
AA86FCC362C6D79CC10CE66798BB27A1
A9C7C981BE40D3C28BC11F64787327E3
70387A27D32A99F405BA036CD48377B2
B2FF60E699C8163F4AE122984DBFA5DF
41334CE54C2B3417AEEE61ED6F1ED720
EA7F7127E5B5B3BA6C68E10BF910CE9D
7B298D1484961A3743E54C5531B40D3F
7E1DAA497BE6DF892872F4DFF88F06B9
91AC86E99F932ECCD12AB43513664A65
9708B231714EF67637229347BF0D0F3B
97F0684ACBFF687B7B7437035712BBC5
4DEF56C41E1F3ED0C97E1ABD9F8E1010
72530770FE56DCEA21F55F9329B5769C
09B41931FC37FCDAEBE5BCF16B921499
87817C71BBB80FC91C2336AA4F7A1774
1589DD9BF0E29EB0C0B485244245AD4D
B54289895E7FDF47CAADA3BC280B82A7
3C20EBECD3FCC62660D01860722EB5C8
B5406BF90A7FA316AD1309655DAA86B2
19DF077F660EBF46567F1756C67CF3E5
066F2BDDE91A5767933A562A1F0461CA
F5A012307D184E5A66CE559DED04F2D3
5711FA974B75129B5B43B27BC3752507
2D30DE561A181E446E04B39051985BB0
35D2C45634E41F8D7A7909118AEC4362
80E307F643F43236731D754DA096263A
C690022A4000C271B77C2B959AEC4842
DC08361AC3B5106E6147A5FFB3C4C7AB
025C3211D23453F27E0322FA03F6EB35
CE1219746EDF89780B48D6B27133E656
4A0BB96BD09202B71D5C9B9C78C74CAC
6C49EAB638E29B6B62B53668668DE840
A0CF5424CC44913E493CC76642A970DB
6A01D921DA431E4A4C7D4698F537AF49
B359596B4A6FD27F7D060DC74614ACFA
06110EB12471014456F4F2E4C47A374D
C934232BE111F47F7987B5B2296443A5
1C030C0F1E0E0EEF6C3DCA9182A92DE3
049603939FB8D576117AD502673CCEC5
EC21D8ABCD700450151D31F1789782BF
7925678400A19DA80677EA4E3C98D2CE
7492F5C8567CBFDFD1A288CBAC4BF7E1
7956DC60B5B7D3592C048302C2E6E9A0
1053CDBFE964081E1A46C6D03D7F6C35
55C11F0913B3809FB8D80289FF815D0C
C5E682F3C03B63185B56D53A0C004654
B9B7F2D4065CB6DBE39C7E3EE7CE8534
835E7ED53239559DF65CBB29557CA0A6
7E73D019C5A323AD538EE888AA2BEF91
C1FF8D42BA72CEB41C97E532F1451FEC
36366DEF6D780ADB9C4DC61AB8CA2EFB
D0B35D833526C765D07762F03164CBBD
7D63C1CBF047E0BFF5E8C01DC9579C48
66E149BCD2EE4FAD3BB8829CCC48D414
78DC23D9083B7565D01003B5ACFA4A3F
6EB1D634587DF8FDF8C822A15D6C7C9B
D96BC71F361E8B7C15CDF4F2B72B7150
2589587205C6F0CE0980EB655E9017B4
88171A23238B23ACB01D5C816A6297F2
9BEB4ACBA42B015C00A8DFF2768577F0
200E426E8A371FA16D4223C8D72EA752
FB5C897E364DA53C28B5567027BFC4C6
71C3F34BFEE105AA4A64E61E536579BD
CD026099663CE9593A2F0AB8943A00D6
8A86EF3F669FC31094FEE2C8904EB2DC
4C25CD10794775A3F5EC1D14B43300AE
1106FE4B63540161D3CC0C8C7B1194AD
0C0F7EFC19C8D9C700915A91975DD0BB
AA7A0984A1D5F83E8B93C02C43CC73F7
9FDF247A255424AFBA11A94D5607CCD7
E6E4027BCC1AA5EC9F5AEC3E68CC64E4
332A872F5A007BC18D311CAB079D0A38
3370A875C6A8BC75EC5AC85C066027BD
57C97BBA624F9A9D483D7FB93EFF3368
919019BB6AA0EF09D4DA0360228D0D40
7CE6A52CF9EE77C4476F4FCB495388AC
78B9425777F2DF4805B50BFFDC716BD0
D4F7C788E438130D2BC6E4756E29F9AE
9DC83BE1F08BA1FFCA2C58E8EED327C5
82E06C216A83FF4EEB89A82ABF5C0DDD
DFDE2937321DBD2AD541C015403D28A1
A3BB5CDEAEDC8128EBCD43931EC8DA83
EF0EE4C3AA9417E07538674A8CD457F0
209A64EE044606BB9D3DCADBAA7CB933
B05608712805348D5F9209F9897427CD
4E1E5D1F101E7E0E6BD4FCCD132D135C
AC1249658CDC401C837B3A7E5F8900DE
FABC71D3A8B85BBDE76EFF0CD2BA8566
9C9FA35094D20AC91A0B1C239CDAE3BC
3DD2FEE94967708ECCED2B0559098C0A
3C88FA8EE4448E0CA41B54CE385E0043
83C8EB70E05B4872E33AA3160B59308F
9C31F7915BF9BB264A8B294BB3C6056E
9637DBDE78627792FAD1AE982C9B41DD
3B37210783B13AF3568382A6DDC6DCFF
8EE2F25E622AB26BDE0137AABEBCCE20
D6813861D4E3C9A829A0E36FCB66F224
334C90D344B091C2466537138F83BA86
7196B7B822E22B4E2CE470D7FD544D5D
8DE85C00A32BB42CF262A0B240284F1F
2D62AFA1CE0725AC5971F32F539BEA7F
9C543BA6E4648F81AAC59906392F4AF8
D116A6F5812504A19A3A54206014861D
E31FFAE8E10DB80F898C7F377680A7F0
22F6236F07CECED1357F5E98B8B9C863
9DEC36D11A4DECACDA417E2DEED9E355
A19718719FD0948E9E2ED538D6B7BB68
9E5D534536A5E097B114C7C62F140301
BEC7AD6ED04B3ADA8A995BCF561D4B4A
820FA4900436D8BAE9C2261763ABF4DB
B338190266AEBF412331E0E1969FF3F5
B85A1BEDFF7CFD41C1B6B56E03278F42
231148701727C84AC52486989DF8C794
148ED37C660A6436785489ABD4C34E35
900BA67B3B7C9FF48B62314FFAC14F84
4BF1C635E03CFCAF5790C32E1E8A9A14
014BB568A8483AAF900B515C4A5A84FA
7BF2F419ED12E31F49A158867E5754F7
1A3AB8EF3FC475797ABEF3A2D60DACFE
01EAA15FEA917E3CCD61CC560FD913FD
50C829C0AB88FB52B93BAC5091B753E8
9027999C8CBE3556BC2CC1539CCE49F3
946C654060C9DC81E8401D65776D0C11
82D42434BBD17468C49E41BB7096E043
771A8DC33080041BC4033C987052460D
3A4BA4B556CE1C5EAABA75CBC2CD3124
19A15BDA2B15E4716F98277F26C35656
91806D4D8A04EDA1CB6A0204BA4F037D
BE02E909B8F5CF6D92E9DB812E76719B
436B6B2E9965C00AD0B3D63EFC7D4536
95EC555CEE1978E60B57DE576FC490B9
A8AB288B5C13D5779D34619FDF17CBB2
244E55FA8A4A6F1CFACD0C0E24CA4C4B
D4546649EE6881267C51B83E28B19D91
266E2594D8BB201D313BB17549E23559
D353C002155F5021D8C4871B8D8FD745
A1B7BE1485DF843A65C058D6F6AAB47E
EEE3C117206890DAD4ABB868F3180A2A
CF39879381F6DF7180D49ADCBA2F6E5F
082A3DAAEA31D02CBDC9CA224EC5659E
9909ABBCAE44B2F784D6FC57550EE763
64F905F5D8E50008FEB37507944380A9
5E66D29C2DF4158FE0A25C352F6463D0
114D4F4B5AD85C969135AB575C1165A0
BD934514BBB6E638E6D90719CABD1AE6
0C28F25BE07C4BE0B19952EB2136203F
F43536BF6665EA72633942241FAB06C4
9FFD9746799441ED1ABAF8E684A38352
2478051D0D906C5EC7E6BD2E51DBA81B
54D39F42024DE8384057499440D4A421
B1138829F223678659CCF28CC5A56A70
1C82CAA0703A0FD545AFBCF9D08D8CEE
30CE9EF9ECCEC5619633369E44720ED8
A577CEBFE3165B4A0094613B4D2DDC7E
06296D80F2FC1FA5930363AE9237810E
A12D4C895B880EBB20516FFFDB906B1D
2F853887B5775D7A3EEF24AD1F4B84CB
209203B8827726F786A8446BA0DD5BB7
3C0D6AFBEB18753D434BBE577F3F47AB
499B3135FFA081FCBE3AD280B5FD4BB9
BDE30AB5832C3EA098E1A5E45DBEA9B1
EBE0B1110DBCFC10C8A6947190C3613F
829D8EFBEA2699997E0B57FD60A4198E
15746B2822B2D96CCA47F5588A54E621
AA694713E1372EC794880D962EED2E73
0D6497A585F4905593FD96EDDC47D743
12F97DF78AF1FDBA62D6AF5EF654C7E7
449D1500137D2D9227DC93B19BAAC98F
0A6102091B84C981B1BCFC822DD41155
DE69D5E8BD695F9B2126143C1F9F1980
54C29677496364638562A095D282BD2E
90363A61F07124992E9835CCF87CBE2B
A2D02321B00F23A05A859A4F0D2872B1
3559B084ED80C6B747E4566430F3033D
937C41B2F669697DAF336BA10AB35CAC
FBDB19BD9B2CFE4FDA9323FF8F17D4B9
1B0D54A9693C91C307410B4B0B0AC94F
191B54C3DEC1D9EE93393BE4D9B9C87A
1EE040736640481353D5BFD9E98307C3
CF792015C9A913C61BD46B0BDEF8476B
4A407A7BC2271632A7C16146DA020069
E1E8C8F4AE3330C44035328ABC4CCB44
CE8EE2F5B876CDCD3DAA7F8CD4E475A3
FCBC6B1E2E60C36BA9D5CD9B369812CC
85443D5CB84B60F408C662D7B961E42D
818443819236FD6BD0DF88C742E9827F
69A6382316EF4C45C1693FFBF0380F50
FEF6CD4B341D21D04E86CACD1C8B1EEB
D885E28B56C511908A8B76209E896DBC
0EB787D3014601A6EDE811D2B585BB75
057E6445BEE578DCC3F4B256664AA9C6
EF74D9E3675B1440D47ED0CF54BD7FD7
ACB3BDDE24AE4C4AECC360BE914A0C76
E1EE14997798BAE7140F4D5C6771860F
B6662D1335BCF7D4DE32DB2856299BC3
9F91F928DEF109370B32C38CA37CF981
7E00E863A2A98D8F37D588A6BD6D1EEE
EF58C0F1220B7FE7AD599F8CAD39BE7C
A0AAC706968E1BB0E8D8884B5A4DDDEE
18766904534B9B2D09EED4205A1A3C33
54059D1596E4EE2DE18EB06E38B877C0
34850F9AC5517C590E7F85D4C09AFD46
31B1814EF34214774F69478C6BE1EA46
6B66FE917066B8B61CBE61F558F9DC1B
4893B94EC1918CBAF60565945ED9A245
C93C6B19DC06E7E8295656A5DC9A8D14
A7CE3721DB2452047C91A049330155E0
1DAA6AEEA1B7C43A842CAAE02CFF893C
13FCF889797A4EBD13405861A6745255
4C3FED9DF8610F10812483031574BF57
842A435FD2F4416C6F4741250C1D31B6
6BCFC6E13C7667913CB9A0551559732D
24D7781FD4C6476661F68DF6D6D03F81
57FD11E67E7631AD122247D12B783A12
B6CBA60B3D1FAEE4E97A3B446271C312
F2200EF39D853BA6818F95541AA019DD
87F1D859712F03891CB989CC5F33247E
45975473B850B4C768D3625245F5EC62
7FF2B4E025CB411BA458C37DD0C48989
8FA42A258C2469E0BE4378B13CE969B5
9253159944E61F20065807592B68B2B5
A1EFA17D5C7C5F3D08257A96716C7965
CA9A44C1BA70041EEC056863D6D86E04
DFBC9A8BBC11642DA5E61D64A9F6843A
E196B669AF06DACBFB0A9A5A2D043D4F
BEA8D299A195864F009A65D9213B2244
F6044C4A7F7C2986AF9CD96E1DFABB96
0F98ADB90F27D9581B92C00D3DE550A3
DD168AFD77028A885DA21390026C9CE5
E46AA67F95D9092196D4DB5987DFBFD6
43CB2652D8A9874794EC3D6860C4723F
2189119042B80366117DC3CDC7D33EA7
C1B6585F4D4CEF07476B6ABFBED59CDF
2C4D842B20C7C64F9A459911500EA4BC
AC5C6A4CC85B0CC571B6F8DB4C29C1B0
42F931DCB07FE8CAFA07752301A292AC
0CB5DB7F8D87D36A9BF957DE3062AEB2
EDE40BE7624E940CF22052B794C01210
F5259B7531BB2E62EF901DBBC89D81E8
A0D41D5822009203E38F1128BE2BC9EF
CF34000F09F36D5015CCB4F0EBB5D0FA
A03C5EB80FD759ADBF94CC83DB40783D
B715F72B8D6BA01F7DDF14019172795C
C20657A9BDB6DAB5C9E3CE4930315806
2CE6207DEC62F91D5D76D0A61846D724
35FB69F4E75E12D3512C2DBEE1FE063D
7252146815277107EAB134DC63D80130
A5A688DEDF3A8668B116FE6DDC1C5CA2
94EFB2FBE54374AE7799C8D99EDB3E7B
EEDA89ECB22E25391279AD56596068AA
B5968BB98BA5FD3AD48DC32CA1F80DE9
CA8DA47E50DFD2D0A6B9D47D92FF6B27
638278AA6F114505D7057214F92C3EE7
852DA55943FC8A66262FD2D114B03DBE
B86BE9A36D48B10B01046837C70F296C
B89777A11D725CA3917009975641D592
DA53138563BC4E3047B2F348C6461BBE
4BC5EE59EB50F59DD27FC4BB76B9DB7E
1561894032A079DFB1BF432A238D263A
F089AB45CF77E556333B5714AFB1C196
81C1AC086719D4343ED17BBDE9514C41
5FEE25B43E75A22D522E52FB93C31278
87C4FEF45B6BBCBF80829600588E3599
9E79244E8585BE84E33861442518B8E9
B217F3800B799E5DC3511BF7ED614AF7
EADD0B19187B78BC14D7038E2DB94DA1
5265BFF903EDF27C7945C0921D8BA5B3
557788A8F3F37ED19E08012A19A3D9AC
8B644D831EF7D31728D14C64E5A02DAF
153CEAD1B90C6635F11516EFD9B45FE7
2CD36830C820FFE1F6139997C1AE3CF6
133FB9D97F94BE4B71D741AB4923F8BC
E65DCA7C9E8904C93BD44979F8B9CCCA
E5F0E4CF6490B6F298F22C34F80C68B1
AFE330636D0A5C64EF86B38838E65F4B
07519941000ECFCF3E13CBC2072765B6
BAAEA9B1FD2061D39B16F43A7327CE68
7F73A8C15CBF3F9701095E21BD17EF09
D8A79A2395A0F050FF3850C98A64BE4D
133ADC9C48C6F59092FE9832EBB27422
1615ADC4725442E874D5916708065DC4
A59E3A1BD5F288C8DE4D8C6652E4AC19
4993A50A4E090E61C5BD6D522208BFC6
BFC38202FD9B34F896825DDA70A30D9E
0A0FFDF5255E39EE8DC3B78695D1EAC1
FB11A7937CAC6406B2376AE40970F5C6
D485B5C17D0D33133DD90085544CDEA2
8A0D097EE67EF1B7C4AAD01100ED2C86
D0BAC10A52CE539FF4F73C1AC69C6571
01E494D5C9F7ABAD29B191D744266A03
4562B92D94DFA979D5419FA65FCDF4E6
DD3764FF35CA828BE89AC106C2D4536E
8867242F38744B10FCB21B830D9831B9
7B2DDB35EE3BCF3F674856C64ECAB2E7
B2306CAE9EF3B91E6E340377A6B64B58
FF621AB4891AAF50CABEF06A8288D921
1698C785460230A0C07615223D1620E6
89F19F129F73F9E4E79082DF407838C1
1F68BE4BC5427530B3AE2982A8A07188
6B177A14C7D1308E11BA4E26188D7295
2CC29F28D95015ED0801EBFD38994DA9
452A2031A7E9AD4BF7022536760B0149
AA947CF4556B62ECF6DCCCA84E53E623
EE4C1944FC85CF4A5BBB6F54B8CFF0EE
7FD95222A1314FF9A619AF4E139E7348
0DE8FDDC3722819B44E6A3ED3B98B4A9
68A9DD6271CC330914617087C51B06B5
31BEB90EAC1D46E94B9301F7A9DB2DE4
283485DDA0A6934D1362E6DEEFDA856A
0C910FCA7AA934564551504238BD221D
C7D307F286F586D71AF1C8BC0765C259
306F5213145808683633CB841ADFC7BF
4A18B10586986861E9418D7B2A351F59
F478C11896C0E5FB646204BD743E8292
0777832F4F69329CCA024093228FA8BA
239FF840ABF1B13637947C5BA2BFF405
42F1E4FEFA7A0C07D4450738E665158C
01758F691DB4F6284AA793C4AB629B5B
DCD029360205802D5562B0FA42E9DC5E
8080B7FE02DB5643AF52C8307FA7CE0A
0B1749C655899F782036645145CC08CE
31EA2A8B0C648FD207D914DFBE73CC99
931CC29F03CB30E5E58F6FB6322C801E
52EBB1244D9254ACC7EE588385930709
0B10FB9074E3BC2D1CBE615AC5375942
269A52809C072D355279C750CDA5151A
8A9A3A9581E4DB49D9490F73F8CDDCA0
1C98C22C9CCF44A7D5AF8F3FD2FBFB9F
BE847D85A93354555C85DFB6EEDAA347
622BA8578D33111A416BD0BD8232BCA8
5A5D6B7B497BD36A3A04A9BE51A8F070
F2E1AB45FAA1DD8017398FF5E560179B
50B1D0426A8604D8991CE0764E17FC3A
FB400F0DD15BB073A6CF91308ECE7679
EA8AE909347792578E511CEF5D7423F0
2E8C98B4F8282D24D0B8C73C20FA858E
E9136DC3CC6AFE74884EB955BBEA0660
CF83F2BA491B0123F8789CE7408515AF
ABA7103A575B37F88792F6573F7F8B07
E3C76450ABFBF9C57E48AB843958E27C
5475827FB8EFBA30FF2E12CF5EAD5F3E
94FFFCEB3D0F800783447CAB7472DB8B
B22F37DCF0E414D2AE4A3BADAA4BF452
93D3489609E217A7B06F9DB3C8EBB8A9
927FF6E148FA16C12C9A97DD8A6D933F
49651B063E23960245CD6039910FD11E
26514259E72750C7FBFC5D179B3045C9
5EC7B493218466163A63DCF031AE7BEC
67D169E253C3DC8D9726F4FF1B9B289E
31A53345A3C188D8D01BE0AE8807547C
632FDE611AE6641481D7143CEBD326BD
3A44A62AF123253AE89FB5419C7B28CF
6BEDF6AB5C75F85C89DE700CB195ED00
3B82F80FC838AEA24AFAE7508E438F2C
AABCF069BC9288C9089AAB4E071AE901
900A0B3E412EB92440A9CD4D94615D01
720BE2A222B393881646629A497F0915
28E617D3B136AA0C89BEC9966E5E435B
956FFB3C298A69C8DABC4DF05BDF8CE5
169C6038C4DA2E05839A448E5232B355
48821FD1EA17934594EF7E8440A9CC49
2FD51B6B7EB54AAC708BA7A169FCDB76
286C824FEE054BF26F04E49E62C47C69
6E75C9E16CEEAF3D9E9257D3B7C0F64C
DDC05DAB6A907C44E796A0D41A1229BF
1009D61427DDA0CDC9798851CEA02446
3F955E22B8F656B7EDEE83665611EB3C
E0DD9F852411CEEB1CCA95AB82E677CA
D07EAF0198B2E724E1A74AE1EABAB82D
03F88D76314FF0354FF2D902E10F88C0
809B9EC90425BB3B8FBBA2C65A403E05
B23893727E4559CB15B934D4CB1C274B
C97735FC614EA94F35DBCE2B6596C2B0
B6D12952A4421D490EA2A3ECFF0F5ED6
551A73757A9BDE2F2AFD7C342F1FA94B
EA2A96571FE1783D1EE81593072EC0F4
CD5AA6426541FD69AAEFF1FBEEECA775
73721A6A5EE261524A486BCFCD98AF82
D422528E45F0F9A0C492BBC9C8A03A38
EC3621C935E73443ADC416F723D43450
F288737A9B031E0C0CD940CDD322246A
61CF35E0AC87DEED22E281425D3D5CA8
FE4251381EF34AF3E08AC5AFA12C917B
276EB3D27E22D4A98FC09864B7CF1EE4
993B0CC02637AA7F7FC007DC8CF09DDA
88D1D4942B192C8D50692E065D8B74DB
58AB6B75FE36D40CFF95A8ABEA4C2223
38184C91F990366DD9FFA46B88DA4228
AF9683FE57163E2F61AAF5248A0212F9
9344BDB819293974DA79E5456BF3E292
D0E15C0B7BB9646BB4009B6561C92F7C
D52A7E1D7AE44786C0D32E7EC6AB55B8
E88631BF78E156A40E6D45C12674AD98
A7C53FC2C68C729C3F25EDD4C09E5F18
A980E37F855078D6D2B1DDBE57713AE9
C9CE6AFD57138BE4B136A900379C951D
4D555CCD89D04CD26F3BD165F1986F60
E6D8340128755DA79802013C6D67AE98
03513C248D6B789D0D8B7E11B97219C8
E5039D947491B401AD3DAFF97F65A104
1FF74B15CFC96F0F27D5543ACA46B249
D22B680176717DCDE09A00F763FE2419
E0F3C8363E0C27CE93E60D635A9B2DE1
77125A558EE7E3FEAAFECC0F10172F1C
4EDF1392131C34AAFC9B712A9F04D77A
537C7E888747A0A8A5B7902D403C51FA
F3A5DBFFFCABCE851423B63E32888C62
B9595C1036BB0DDC4C2BD1FA5D935A47
782527BA3CFE6686CAA512E3B916CDCD
2011F5C30AB0F3DC6FBEECEABD5A1EBF
65D53D9FC1C233E43C4C6D70DA6E6745
7BBFE74F05A210C29596AF9CDE11C1B5
0ACA25067DBD651CF717113480DEE9D6
ACE0FF44091861A50DEAFB75A7F854BC
509460F3BFFCB6B60F3DCE92FA025D1B
839D0CB64A16F773F589851E771EBCCB
8B0AA0F4DFCCDE68DCAA4F18A0BA0228
06462B87613F299D1152B3D5BDE3D56F
507A0DE15A1795B52DD1A3985C0A0454
F5E11D448585BD1459E0112D8A59E172
926B09CF49356EC59A34A605994D8186
1C434B7847284CA9A3F8234063406CF4
D4B03F87A73A4FCD01F43B96C0B723B8
84BD37C3A115257CEC8EBA6FCEE8F66A
E2F6FB178FB543A865219120830D9B36
A7ACC5CBD74BFA1E12A398F1E87792D1
8AF8C06927D6EF7FBCE98CF47EDAFA10
CAADCC9377B8ED5359D9FB737C6B261A
E9DEC1FD327882375E2CE10D243FC2FE
50D93BD31B15D1CD8A2D47142C223EF9
F7BED5CB646A78CC6224E5262433E48E
5E9B688E8FDC4519DD1D26D0314B82F3
433EEACE876BE279BACCF8C0043209D9
52834E8B9478A5D99DD8ED40B42CAE51
B7E02FC25E1BBF2294613DD15EE0835D
043B7E55CFCE1C798F35028861EDA140
A948EBF0D60F5A44433B11FBA419C887
65E399C3F417D675675EF38298570357
4693B88DDC08B4D7759136104A267DE5
7C429DCC77D1E72D0280CD248C7CB7EA
9165A2BC253AABB7C1898C6C4E2E8E71
B0AE50F53438F48B63FFEC1B7BE8B05E
1E4134715C8BF8F36937D0DA8913D18D
EA10DE8B2421CE4AE67365244C1FB4DC
F3D49CF4E9A9F5EAB5217717A15DD23F
3B7665F7FC7517C5563BB73DCAC17809
1839CB8B81C5627CDB6CED6C0CBFE1C1
A6BA0BC2D51B45E709ABEE982EB32206
5914B68225247FA5622CB837978E2F5D
29BB2B35C14912AEAA2A824E9B2CA1B9
40C5957A0DC3C2A2CDB57DD4C876BF3E
513AD18DFA529278B6F726E72E1DEA3C
BEDA624778A3B31F418AE9EAE78FF562
D6CD84087982DC839EFBAFDFC6DD83CC
421192C30798F70FA508FA60A86725B7
57BD1622CA8B13EAD4E0C5D3778DCC0C
BE00BCD42165F10BE0FFB9F0341CD208
BAA6D77E6D94D35B3E2275157CF01AE8
81B8AB415F2C52E9706F28C0FE6B7247
35D09FC2E6071BCD18E5CE3251035D4C
CA595A24C5EB98DCB935B50523107ABE
B9CB276B19AB063429F044AB0638E94B
8F7165288399A99633661CAFF9529EBB
FAC56F29E8FF4A1F95105A860003B7E8
6A2D0DDF3F22B44A6B414115E938D886
3D468D200A23067D02CAE64D234ECCD7
961B33562E1E95F24829277DFE06B575
90F152920CE670F78DC0E1287837A6F1
81385735618190657210977866DDAF35
B23F42B7224D224D78B1887CF6DA289B
30B8CE3ABBD203FE7114941DE580FD22
A3E28903612A8FE007AD6BE0422B89DF
32C604B2EE4463679D01576224C0103E
9BA23D7F957EE8E9F3FBE421BB50576D
588581CD8C5D526C1A5667505573EC08
9CCE36521D5EF5EFF29A3CB92E60D19A
5A8FBFDC36C0B10FEDBCA2731EC6C5F9
E4F89AA3B921C907D935B9ED4826E19F
3AC706CDB0F2A44C2E6AE05FB940C7F3
259F6F77DCFEE847124E4EE04C016C8F
D1A0D5B30D451C9A3E0F27669F027D23
75C7095482720C5594C4E42C4BF0D7CF
20E3A42C0118D49EBEEF55BA17CE6CB3
88E80CEE97A0DA50605BD3A614125A84
2CCC9726E8DA01334CB668A83A7D9363
B6586D14E8B7C9152C7C38DFCFB8FD56
0D59590C8C78378DE8C6328B448C284F
A9C5CF358877D25AEDFB960C868EEC8E
D67D401C1B0266362815A5283115F4D9
11C10D8EDBB2BF1445CB7B3E4BC5FE78
9AC349790220AFBBEDA6446E80F63014
24BDBA7EAE70714565CFC14C3173CBA0
95AF2E91BE0091BCD8805B7E469318A4
7AD26D81D1BA83EFD223CE1A05ACBEC3
73BFAC2C29A0BADC31C2D95A1AB66378
B4890A5BEC1AACEB4AF1CD468FF595AB
18933C4F780B0D6C0ACDFE547C319167
16913F1862D75C4573B342E977AE892D
E9080EEF6EC797355A70AA04439BD96C
E2291269A1430430B5D7776983951B53
D85783CF6386D3404914CDF3EE4D7CD5
F4F116628437473B4FD6771B5187F453
BAD18C0C40A9CE485EE75E232D20AEAB
E64FB30A067ACD8C06BF0CAF6714DECA
E642B8434C6D9C54447B96851D99A0B6
82481113F69680CF391A1231360DF8A2
586B495D364C7AAB6ADE434BD6C93A97
8C42D85FD417EDB1CB0D7B15500389AF
2E841929E8855A71A875982808A3479E
B1C0EDDB6BD47853441E3E914C2ABAE1
8C151924B01C17E52371CAABB44C2C92
56E29D7B1CA40C6979293F3CC480508F
37C57C654116620F953015229608467D
D1A3D65FB3D13D5788DF5DB22C252B96
131BFE081DF8C94FFF0680193B803192
76690E7608A67DBF1B1A0188C839B087
088AF5DC4EA4585A5C522C49E20AA2A1
24BDF23D277085772B3DE18611CEE107
D682F6B0746F2D0139D2D05641FB1B53
A26E5ACB0B4F89D2E3EDD3B9CD2E1E3C
7F95CFA2E405BB0B15DE3FC0FD244614
74D3F0DF146D2157A37CB56DAF46CE95
CB45B8DF673B2CE831B479504F885D46
D6C833BF820AB88CA314B5D65F49F289
6ADE92879159028CACC1EAAE3D89BF21
3FD20CDBA75D9941AAA17E9C50263CE8
935CD023C176FF256EA287E443D9A061
FF70EE5A187EC1B8AC85D6145590E7CE
ADBD9E60F79B6E2DB65959FEED304723
D7E5EADF127A4BCF7E55D065B40D45F0
0ABFA62470E2E3F9AA80C64E762AC105
679B61948428ECB40BC480C280E0AA70
A8A6147B78066B8CA3ECA666E7C78836
226764CCCCCF5E67F2A7B2F6391F96EA
6263B96C021454106FDD61844BB753F2
181EE1F3AA150B76D46C0B592F4F4834
1042AA171569EC9AF5E3BB3CFD2E01D8
4170F304BC7B1DE560024FDA6C7F11AA
278C06A1F3FB46F408581A60BC86D3F7
893594CDB78D9A887280D067A415B191
254782B264449D4CE152C174210E82AB
C30184321D61F17CBBF4B869D25B2CEB
184A13DA5AF300BA862936C4F8EC894B
AAB814586BD0AF5FE575370EF46F9A48
1694E2ABC0E2906B913026ACC3BD4AC2
3EC48005FAEA00EA13CDF22E7F5A15EC
719DC9EA91C2B235844D02FFE105FDA7
056BA08D7AD8A5F19ABD65612B71B741
112B907E92CDDBC109E20E66A8B7A6BF
5CA5B71FA7A069C81B251DD17DC2F74C
05B4BD7F662297BAB1F3BAD07C10DB57
008DA192E5E2F67C3E5AF488910D0830
9C8541403A8E6493E6BE850124A6AAD4
47827346221F80F0AF23F6E21826BB73
0437EC1CACCF605FF5BC4C7EACE79C2F
BE6DCAA126A348016C172B5144A6EC25
1333245A332C8190086F63F44302C65B
E995E7049E31EADF5A78D7115832B961
DB955876E8969920644247201A880C93
FE23468C9B41E19EB9223B67356BFF61
14AA5759150A70408BF3357E381CB543
4B92B5D297A756292BD04CEB44C232B4
4BB24F2619F580C1FE89F8DE1540D7CE
DB3CE0F63C7E524BDC02D7363E57D740
3E2CA3FC2E9074E1A13E15C58F74FAB7
B820019092FD24E3A555E2A31E4AA3F3
60CA32DFC89312CB6D7231C8B4B4EB30
BAD1458A64B329E1A4AE5DD0E8A91526
22CAAEF06C190D4D6A6D861D44B5A068
176F38649D16BD84C3C71E3C9D60109C
96F924A96007887EA336ECA941CE89CB
54B0748E99158C43053E9A8BC2D41A7C
19C8EEC38338DC789E25B9AA40648911
750E37D9A0F73D29C5EB536944B4ACBF
AF226F432F1F56919C9EDDC283E8D9CA
BEA02CA17F64B94085009607BBCB1DD6
F388E1230AFDD22D99953F0A4ECD380D
64D36BA5B49E82F77720BCC7D718F8C8
651750D001EE6715A8C3DD58F03DA11F
4F5687DFF232A9D6B8B1B29084C3E3F1
95A5B9039CD1036EA7103D073189491C
704C14AADCD88F6393BF6BE9972397A7
438786DF098A5613A9697848C50C371F
CD42BAD0406E61749A9993B2FA28E26C
D9DA42BD3C9448F5A65F6C7544F381A2
6E99ED10AB5DADB4F445224AFF4631D3
3F57359B8313F6F2E0CE533D7B1F8631
EA3AFB7C733D736BAE1193FE0541DE1E
AFB8B007EC14555AC0DD5A24C03BB12C
E3297A62DB96A785F7BDD3B5B0FF150F
99AFB6211E8B5C2CEACFE48248D38E2E
146ED434BEC5FB4D9ED7653EF515971C
48076580A6EF769264073BF21A220892
D473D75F1175EB10E31403DADE127E40
2211EF897D73936EDA4F2AC4C5068AF2
5CF4EFB8E7A7FDDF1212DB1E19D7F58D
711711AF30B04F2DC9487B03CBA24DE8
9FB1415EF07354E21F6B912C7FEDCAEF
DF1F9D402F442AA76A6213733B61FE96
92AFE7CF38DF5EE658E88B555137567E
F6149B3BF30233F8D205EED2C8413AB8
2F9F0EBEF68814ED984E02BD873CCBD4
2AA541EA95476DC09F2856A98C6B40F0
FAA4F1FE4C51C572B5A170115BB92C55
A802D07F67C589171E743F535F38013E
74BCD38D82926F23FE4476C02D91F045
81B63B018E7C410EC82C9F7D16BE6CBC
61E2740127FB46D9B27D06EDB5875F58
4EFF992847DCE07805AA184742EE7D54
796AD8E2098603EA766293CC04A42CF6
FAA18309AB201A8E44D317A31AE3DB0B
9C18708F337825F2C1508A0386A29C89
7311EA6E372EBCF31093210C0489A042
88F643660776E2E3020EB8FA31FA7375
9B47E4A0FD29CAAE4F9C71E745E9DCF8
F13DF8AF0533F2FAD872D326A5EA9C0A
B066778EF4071D85D8FD1A2288D8B9FF
A0799624524FC0D9F25A1BA65BE88595
8D5C870C7F2DDE47AB3D5E2BCF81071E
31DA611B3717DC355EFBD6D5F9FA1738
71AD1E277F2DCC41E5B0DB4E2058E06D
58065BF660694FA65CF72EFFFDA33E6E
52F352568D3C896FE9D18EBD71A4FAFD
FAF51BB7EAEA18B02DC10DAE57477575
7981D9FD6539A71637D6E076E4004307
9C65D8C0EE65FD774ABA7A37B0C19324
70E12FAB812C1BC12F5708B67948C61A
790C93CE9307F8983068450035D3417F
B6084ADC1969E7DCCFAF559F411A093C
A2741B895FE1198390B6A555F60E409E
623CCA475165871A6D882154FCABD592
32B7EF91630A684758EB2E4DAE4189E8
40C64CC9D28AD920C61FF1F6ED1E4804
18CC81DD6F8E8BBF85C3B2AA0AB5482B
CDE8785B337BDD8A7F06F6FDA14123FB
D300E81CB3C4DAD195D58D02221EE703
FE5DD09E1A4BBA6988807FD11D5A826B
6EBABE0B83261CDD7DBC96E057513AD5
0B28B1ECF517AA6D2C43A48B8DD128FE
D5E2E2C2BD03D8781A61A305B96F2A0E
C4106A36591B824C1EECB4B1ED88ABF7
B198788FA647BBBC3D14AF5761D53B77
CDFF85DB2EE321BF150C2042BC1B3976
6526AD540525C6A23FCD9C1A78085B03
4A03A2294BEE44D9472B33B974B911F3
4B8534A7C32D00FBB6E8E82A98B33B16
D9CDE37B93E1BB33178DE57EDC47E6AE
34D519432AB3C38FD4E20221C26032ED
E2902E8AB572D3CE1CAC8849FD2E31B7
20DD78603A750AD9ABFA00666C0747A4
70146E88191966E360F60559E0455B98
89E65EFFEE25BE15C3F73FA929BD8016
5B5F091A53A8772BAFACA45FA3774780
9104CBC6B53D27719F728D43119F4A25
A87F487345451188079D8E38DA150BEE
FF407049289ED0AADBCB75BA6AD705DD
A298C5FDF731E6A336D3D8F747673944
6C1CDBF607A943C8EAF4BC67B7BEF409
C4B330F752227C89CEEDA26A1F24E93B
91DF2DF2E44800E2D07CC19DD7A84D35
2F34C0B962C38EC4B859F0EDEFAE4988
F2608E267C5D1106328E781BF6EAB4B7
D90E5CDD171ECBFBA0184298524C5411
30FD3D43F87C4428690359BECAC7D379
F35EDB81A6500658C36D8C188131A3A7
062CA2ACE521A39A82D71327B112609B
82DC3A061BAABFAD2AF5FF9B537ABC70
88B5A6CAD1736938366DB1ECCBCCB377
F013E250D00C6CDB1DF8FF278FBEC5AA
8881D8258EEAE167DC1B157DE667FDE6
C6681447DBB50682ABCF807F5ED5AA20
1A6B2140D403D69A5F487BCF5FB6A8B1
D92A21F0640D63F6FD943C2C7252E4D3
F9C75D96928B5900F9796C0D2F50B7E5
8DB8BBEF7C24D486B6AC96B55190B124
FE28DBBD1B8ABFFE48138F01455B69CE
FE46CC2D354FAAD26F916EA3852218E9
BB232F742E03452225986E9EEBC783CA
1DA5C26FD0FF6A54393423DB06099A42
DB70343F3CE707143549B3C2F6BD50A7
E79BEF3DC76EFA6FACD9C9A554ABC5BB
01892477C83FDE0FF68E4B8D7BA1A7BF
95D68CFF8A694BDECA886C110BAA2A67
64B81C8372538C9BE76F2B8198155671
E4FD7D698F51D0C85A40E648DC4FE600
C7184A0FEA551ADA54E25292B2FC3EA8
CB2FCA7C930E9C420EC1C228F883EB41
C8B7E95078D1DAF79D33A1A6BBED9BFD
E549EF372DB02232DB64E21E943F4C59
1ABBA4E613C5D8A43928F7A4AB556BDC
4424C667B026C3E019521CEFFF3B7C7F
0B26936A68EB394A0E593028A4DE994E
753FE37094346A67E3CD39AC872610B9
D8343C0AED12B6DE783BB4A1C7911F39
1C7F67117DFECBF469BC292324E894C9
B3B41130DEBBB7C624B98B24210973D9
E58631CB3677C96F5F7E6BEBE3879AC0
2A8661A48B096B9AADD3F19F2983C42E
FE5CFF3B1A984162A95174CEB04D77C3
A2510FEE29E44F2C36D85EB738B80E23
5C0E2EAA0C5AE0722D6DB22884A02D15
E85F9F7111D19EA6BEC79CCCA217FE40
59E3FFD57567A49B568469E06CC7407E
27CF061D3BC16EAE3FF6FDC2F77A9482
59ABB4E51D20BDC4B6199BAB0E722C7D
45E5F6E49B039BB91CE21B4FE552919B
6E7DCB58896329DE5FC474FB25CDAD06
FE552D5381C7D2C6445319123F6001D7
621CFDEF16B69F3EEBDFC2CA47C1F223
9C33D3000EBCD6C65133D696BFBDA738
E21F3C1FEED832CBCE97C43B20794C5C
7F9D429C31C4D659795F0938482CCDE6
15A78D5D7FAE72B47B3FEB8CE9955D6E
63841F0EC514F0D9CDABD762E16283D2
F552DEA2FCD0A2D73006AE5A20A9BCB4
691C8C2D8AA765F5763F8759122ECBE1
0BFDA12D48AAC7CFCA4A53F6C0F01807
51D2BF1D859DDB1437EB4D317584E62B
0D9D282C51A9D750079D9F840F49A855
BA9AF1574171FCF7F18FBA19102F12B9
5591B70C8D87167D247FF0A2B46275CD
E0625A9B7E741023FA9B18682C1CA270
537BD968763E25CD36D968726A41C0F0
C7966DF1DDC8C6C4755B32A63967FABD
EE83E80705CD768DB573220902793A7C
AE8318C94897F781ADF83E17220FA2F2
015EECA8541C7B381D2D1B44BB84BB7C
ED7EDB6C8492924176036EFD8FD8BC6B
0CA00C2B2431D1FB589B7E61231E1D67
0C560CEEA7F553A6E7FDF3D8AE9C9514
30319BEAF32BB4EF4D4885D1979D284C
1F1A7DD97074230F69207E3A46E5EC75
04B74F7DC66EBFD9CB0FD10CEF69D4C4
5528F4C800B052FF9A55C4945AD25C89
48090B50B0381CF878B0A0265D6F51D2
5BED1981770DFE9FA81143C79F4D4D23
D78809A3361DC4A283AFAF5744CD620C
E5C0EABBB2936C8CD18F7656D5BBBB94
1D58C7DF93A1501C4774B7EB34535A0F
83D7AAFA43AAF5623F47925A8B41ADAC
72C181A8BE85F66ED17F2073F821D401
B26895D74A9943262FF5B43A207A0E13
DF471B670639826B7013C51BF2993E22
D470F8BF63D248E0818F9A6E0DE213E9
A260FA87B85E493C5CAF2A5F821A0FE8
599141A2CA483E021995B8FA8192E02D
3EF8E6E70C19ECE361D73C951979173F
81ACDB6A68DEF62F8CE8C219EA12F94E
3E760BB4DC7D7E6BC0B6E6F613CEFAD5
E80C06151C2133F7E247FDDDDCBD15EC
032535F4C46343284B1B09AD818019D4
AD5E79262BC5F5B82DEF53373317D407
B2B30B4A37700F00D5E6A169A37AA2A0
05C58F8F97C7E029BD10BA184889CCEE
D9EFEE86BE3B9FC8F2E040BC83E9E8B0
4738B15F017F4E49AA455B806D29A908
53C97DC3B2760541674DEB36C0EEAD59
E0C2FDF4B6DC065A54AF81A86426737C
3D3D1656AB191D4C387655908036C7F2
178F01672D392E1DFAF41CB2F3773D8E
D450C5CAB3F85A0F23B206B3EA1AA0BA
9D5BB8737C003C72C059E3D6AA35789A
B89CB9CF838B4FC9A1EA32D1F9CDB642
7E1E061BCE95358EBBA6C9B2B7A6E47C
B2B5F9C8376B6FE30909DB48EF99480D
4DB3E1D3F5939FEB75E84453DF9BB3AD
E08AA12E10E5351F9FBEDFC0B3530C85
7034915C8E449EA3CE3A72DE498A4979
C23187628C98FAB993E6EF5106FB86D0
C1C38A17AE5E8B6AF0070F73561D869C
FE220FE0FB36E9F8728E2249502C49AD
D483C3F804EFE1F38DDE320DC390C3C1
A6BCE87855D5F98A178A017ECA5C6827
16DBD9989E975787A7C8DC3A73EF6D64
FA234FA7FA0BCD4E81494D2DD08461C6
822A993BDC449C22096C378798A17F2F
11EF815F7F7FA4E1F8D68E230A5C5290
29D516CB71C54DE5663220C97771E282
863237DA9A27C1F1C9356619BB407E8E
03F3D2CA2987E04D22480F1223D5D86C
E65136AB1D863162A7956D9CD6721614
9C048AFE80B062EE14CCE3F6E2C6814E
55AE562D068E94E5512BBE03F3BB7685
2E54EAF932CD44E8E2CBFF8CA4431785
CA2650C01514E4F9A7279959E2D27259
EA4F51FC26A904CC01659070C505DA9A
641878A3048DADCBAA5212855129D0A7
6456F8EF6EE19FF525FD879EBAAA0504
91E6A0FD0F81304EBBB490A0596D5D1B
C6CF2AF7381F1FC929D1F4F084AA0CBA
2DDBD6AD68D2D5EF360DBA19E77E4AF1
BE4E3CC10946DDC27F3EADBDC4C7B62C
F7777405DD8E06FBB0660158F2EA46F1
EACA80582ED8F09C6E58D3CF45C03BE1
3E8C546F285B55FED2B81DCE740A6592
C28C82B946DBB733A79CEC163A808EF3
05294F81B8DF072D679FB15F00ABE24D
921873D68588272012B834BF03049620
AF5E11DDDAFACC0A10D86ED67E31E664
827485EF4534B21ACD8A3AD67D7642A0
566B731D094218EFAC77AEF743562382
7743B9C093A8E5708FD80EEDAA6B400C
6436EEFD35D479275CA8A773C34C3CAD
4815688B1692B5CC850886A5C5467E18
3AE6D81769D21123039EA9EABAD86167
0E8F9AEBE468EBD3C45A4FC0776716D6
E28E7C8534C4D835557F6D19A876600C
F5925D675EFF12DC336918475A038C2E
B228D708307945F894E4606F4E9E38A6
B328CCAE6A73CB13A022E8F0078A0565
97446729EDB51E7BA9A688C3CEFE74B3
D2F0765386EB550A368B6776C422004E
43CFE219BC2F7713970F3A972D0DAD28
A32EC4E6A67D2069BC3F28A12B6539A4
BEF43A8A3525A84CFB8392750A097339
A26D0D4327445788AF7E7662112984B2
1EA8FC9ADFF67CF7E3EC930F53429019
0F8A99FCF9A17333CD1E83D441652975
51AE17305F4332D6EA899377401C0E74
203D90ADD7E59EBE87627075C70E0C5F
FC4767A55CAE1D06DD10545D909397FE
6BC6C52CAD00AEAC09FA9C45F524120F
23C038CF94944213EC1FED18D6AE11CC
A5D5A5B7C02E8C2A715507DFD5DE596B
C71E4DF18923A6CFE1800EF80508E3FA
D3C1EE6490F23124CD8CB30A6C95D945
EAD6F3F0F5C2C141A80387FA4D3194DC
83D09CA5E8F996C81D47875C2CC7113D
EEFB998EB95F9EED117166AA360325B9
BE9D530BA9C9CE168D971F95E9D9C73B
11196BF3BD12FE295EE57BF40CDB3B8B
497B12B83D0C371D7A475CB4EFE4709A
11497AEBE9AF03C97E74BC524E8DACDA
DE20DD271508EBA147C196597DB212FB
EFCFC9C848C866FB9E76287DEF493136
914D4792465747CC654EB9E2389F84DB
88A85F04AA18F1DAE9BD2D758EFFAD84
CF9493D6190F7F4C5D507799E6A3E5D3
04E50E3B736E38EBBD1377765E09A3F0
4E0F4572F7E1DD692F58C0BE2F24DB0B
F03EDC7E1BE1E72D1154FB8406F8A524
302CEA7B61BD93AAF5B33553B64565BF
2AA78678438F4CA8DC35BC044EC3191C
2C25CB88DC501A298DF510E9780ED421
AE894C30A8309DBE6042DCB3E4C64746
19CB76E02D2DA66F39A312EA4F028405
7EB17BBCA60E9ADC6FC2231D1690184F
2235FD79DE27A88804BA60A4E5C42EB8
6E7DB554D041D2C5D36BF872D4354F36
55877C7AA29441581DDDC9390047B88B
3FC281D565007EACDBBC9460E8C5179A
DF3341815858EBF4703C338B1DC2445D
D739D3B156E6085108254E5DA5CC4CF9
74C9CBBFD50F095E2D22E95DFAC7AC1E
0F7F69D3C4EE26A922625DDD3D7E791A
E1936656FF59304AE367F9115826C631
05EC5E8EEA4F992440DCFA00C7E2E4BE
D58939CADF4B12B2FD768B5319F6B1AD
3FCCF0E5FFE3E3F3990D06C8CD02A68A
07D6FD9B2E744FA0E863186B4A0DC15D
EF0A514DD3F66EA98D30FD0DDAE2A2B9
97216FC8423DDA643C9409802C793B13
FD68CA8273C011CB2D6D07CDEECA18F4
5C4616BD1DAEC1D9651332A4C4EDE3A9
40C713802D838E9CFAF29A4F13810CE9
F525A49213C7A4DA7DD707E81FFD1A95
EC3F2BADEEB659982C1AEFF62E5AAFAD
8397B60E8876D24BE26BD8D94A7FCCA3
42E59CB2824E9BDBCDA4F2332CF96153
4A4815B7F27CBD7A72B92D7E59A38311
2EE4A7248E6A1E41AC907F5FEC38746C
BB616CDDC312EC5484B2B87D022376EF
18A495A90C3DA6E59C858CCCFB75C0B3
1E8B757789B6F87230B5D92A1401D21B
E00F7EE541EF5F1149FACF1FA380B46D
6A507A070853F5A2025391CD5A660F08
4090E3231D2E79A0E70BFE58052CB684
D102FF8FAB75DE6DAEB9046B0D4C4ACD
2A26D0BE4F9FC26195965873609EE36C
9D45754F15F7161D3E62327CF6F57704
4E62D8AB469759D4BFAEF6A9F5F55A73
A88A15B896A94E2D7C4428A510C4E602
E3C977634DB067B05CC4CA2E70581883
657E9BB4083A8D5C4521A839C0B0865F
C4F686B81B1A42DAFB6409EFA7929143
F312D97C86FA88E5DB69FFA99BBB0137
87E76D645CEB46785A99CCC93C7DF978
A03CA0D88755C35C8C0266A0829DE5B2
0A3A1272D6AE332172FD0CA835149767
3EE42F29C8E1E398526111B062AE57BB
4251096DA70B919E914A30152EE5E778
45F6DFBE60E53107B8A4CA03AB0DF8B1
25DDD8FB4C69DBA9715E07D52984E70C
7767CCC515E4A7C229DC650AF1BDFF4A
302E8738CC0DCE43DE311C2A85162594
4B22673B5117AFCF55AD5A98B2834391
D09058BFBA04B55832C389C73DFE0C59
D27A554FD5B2F0336C9238B30F1AAA8F
771406900EDAF595E79F2880FFB75F1D
B41BCEB8157DD489166E659D46A9C870
85FF81050F83C2CB1DA8784406FD841D
EEF835CCAC5653908A1FA360773789FB
978B349A93BE068C2B45FDA98D8346EA
BE43611BF21DBBFF37936E44C9D6E323
425CEC471FD4FB9FA2CB4DC0B07F8512
FDE7284489A87F7D4FFA99A3E9D54F00
C4EFE401BAF482A3EED60CBC69D5CDA7
BDA073FBFCF26C68ED61D96BE83C7A29
AB518F90A26CA1EFB4AC34D7D0FA613D
0535116068AEC0105A39033D95E48C35
DAEF2C3876CC16839EEFCFFCE4483093
10798CD90C57B74C7AE3EAEFBA871A33
83D325FCCAD07A3617D5774FB036AC3A
1E9A750964843C03BC2DDD7DA2E1D7AE
14F577F6E9D213E72EDBB7262163FD59
6E4893C50EF4E40537209C593539A506
F1D19B10A4B66EE6C188A8A53D7038F8
BE60F8BACEA9DB5D60C68D668DA0C639
B5A5724972EE7D7681F68BAF6BB06F02
E3F7EC6E19887CF3A0B808B001674D0B
490FFAA3833F2FD4789C0A580FE322CF
93673388F0E5324342B84BFB60509E6D
3B8C8D9D823C168AF9091EBFC62F8678
F67959E6FAFE730CD075B18600FFA5A1
2D8341ABE78114E7262B26B7928BFF3B
1FEC7F1E107C72133067F153FE924885
6EFBE9CE9E44B3F7930BAC80C437A7DE
7113437CBA92ED40EE87266BAE983578
CC2E9740B1E4AAF81EA526461E818CAC
05BBCAE7542781BA1642ECB4A1B8C3E0
CC63A017C984CCF6431DAA3D796A19B8
3BFA1C172FB26F4C69578704BB20543A
42C6768FF87DD4D58CE941D8943746F6
C8614400D83A52F2086EA701F2260817
B40B2752635FC70B06DCC681E3108971
82CB359D0E652E08B5572C6128C1CB05
746B738BECDBB15EA4A6EC492AED483B
8AD131BE884EFB7967F352AD170B9499
BE9746B44A2E40DBA57EDE99137C34B7
3EFCC3E8131D6227F14B64EC46663472
AAD120637523DF081DE4DEF5263C405C
05BB2F0F4EB2142FFA659545A350B728
EDAC9ED9587C14581EF43857F64EBEE0
4439332045A7F25987712890302AB2B3
871FF3D75AAEE5E60D987FBEC453E45A
68CC7B4546646E764F5399165D920649
297CBDB04CB6F0A2022C06E1FB859EBD
D270FAF531913C347DAD357DD2F11116
4327A8AD9D2BEDEEF8C8E629E18DBD1E
CDB48F77C0CF08F1CE51C3D21ED60FFA
DC62FE87AB931301FB3DCB2C35B2CD6D
5E5976BA7FB0B12CCCB082EEC175749F
D333D059C652BB5ED5911FF6AB27D1C2
4A4761B3C8A62EC8F3D14736978A5F98
2E20743B2CB67B5AC1CBF3EFFF1FAC31
55264FEB9A262D5C88208A326D3B9524
01D587E0EB441944C43E45EB75D3B07C
924B39931A0F7F3487C668180F61EB0A
F837874100A731E168E51BFC087966A6
397CC42081CC62C15EAF9612007BADF3
F19A1FC8503DD8C6C488E9D8BC974896
1EB172F0FBF74FE56569119EEAF2322B
5D8697D788945CF1DF4A73C16F46D82C
6E8D74D78D6052B7DF4AFFDB1DF1D65B
842E0D625D9ADDD1017782D0BEFB72D6
06BD3E3A7A2F3EBD698A34EB96D436CF
0D6850B9108C557A3EE030FA40EBBD92
B31501522BE91803223EBCC0673169EA
FD36A05A1728BA95461FE9E19C86E8F9
68B447A00BAAAFFC60498AC8E04C9441
C6B992BFC7AA560138DF9F155A3A5040
1B5CA36AB827AEF1F797CFF9C0A35EA3
C5567369AADD73E2CD0E9721AE45F1C8
4AA6699993C61708F73DC6EEE4053402
F4065CBA1263B345A93D267FE4D1BCD5
75FE701026CBB53D1BACE1FCFBF45986
84ABBFCA57D188185122A51D7704DE58
62417AA06C4C183B87211FF178B5C43B
F31FFB0D41AA528F5FD05B3C141B0005
7FF298E73FF23D8D23C2170F9321C4D1
639EA7B34C2B152C69B1CF99C3DE1E57
C85334C6029116E6359C4E3AAEF53F89
43BC5686D6A8BEFE5B0BD842801DE7F2
A45CE46BF06B525040D083E7E100484D
C63CB1CD203A091DDC28280281EFEE73
1C98B83E1BD555100A163782137478C0
8E7754EE10F17B97A713B85DC660C326
560C516F5CDF61755676E04739E134B0
E5D9BF83966F71022BA081780637099D
CA668B9B263E40DE1589F819734F71DA
CFB29C4909BBCE0726DAF2BAFC9CB862
B71AE6FF9196C9753386C2CAA817B230
96A6B6C780FC30A5BF3E076D6C4C5EFD
CA27F4C9824EBE9E1CDF2D8BCF8E66C8
C7100AAC3C59021D1EA5F22B43D63FA4
5A75965B759A315330954B91484CF9C5
798262206326C9687F62F53D6C6FE9A7
F8F7492E85F59B58D6E0E814237E2AAF
7939896063B4A486ABF72AF8031A3F30
78F5F1AD1E0A32137DABAB33E28AC6A1
B719A4F3D292A0C0E04A58DAF287818C
5AE05205B48E49A3C83C1A12474F920A
C0300DED1C0F86D4E4D7DD4C103BD8C9
5C8AB0D2ABAB44744A59BCF58CB12EF4
5DDB97FF3F11230BB6DB4A85DFA1F0A3
1118D150B57AC3B38567837E6AA51EB5
469BD8A823B6C53D4977900AB560F8F0
6870CD5F7338067F03F61BEEF843C030
4477DFCF834A15293511FA9256723FEA
9BC8A295A7A056EDC356AB97CA9D390A
0C55FCF406BC41F6B79AE0C12E317605
8159CA1B13B604D4F6FA486C486C53C4
F90B377E037881755B75F739D308E1C7
394C4545AB166BC63CB307E9654634EC
97AEBFE34F36F1D7EDDF9741F21AD988
9437A189D49E5998AA5938E4CB815F2F
6B76D38C4D1BC5480D35A363B9ED1C1D
F51DA243640EDDEB8EFDBBD3C4C255CE
60D0EEC128271D532FA0CB371095C8DF
0BF46D1050F23AA5EEAEEEEFB91883D4
DC63E46DA781A4995F5AC62CDB6DA426
96EF5CCCC42A4BEE770250AF358D0842
B0B737570FDC128BBA75E27160D4769B
70385ED2EBC3502E9D9989C92D2B20E9
F6C98B1F625D167C17E2F50907D04F83
C9B7348E74AC0C748C989F2F329DF8F3
7BD5A508A96B23DB2BA5B827E9B075BF
3EB11B3574FD01BE6082170DC58670D5
F4E8A3235BB0992B620E1E5E3F7EB7F4
EC705F6AC658D6A444BC2A78A2FD5CD2
5C68097695657A8745A9E043677184E4
83DD140FE172C0F9C06156AFED2F1743
136F95F076DFEF436AF18F4551D9EF4F
0EA7CF89856CB857410AE1009971CD81
0093934C7732F5DA931FBE09FEC26FE0
8A465CAFBBE4479317EF8A71ECAE2958
375748607B603714ECA30F07DB4EA307
88B121340D039A49A7FD8E59030DA3B4
73E47AB5D7B86C8CCE721B2629EC9D17
ABEA5BCC273F22EB6F2F5A967116CDA5
421A89E25AA22F9BFF344C3351779185
2FB761F7D4CB44FDA7112EFEBBC7C321
72A8AB38D7F92A524FDCBE0B7A664303
FC9CA0C52D195F0DBDF727CDFF695F41
E59D02BC991F310DFEEA0FAFF54249D8
475221E831527DABA115FE3E82A8FE5A
95F966D1EE112D468859F9BF2B9732EB
1F7305CDC702564E7A83A497639E713C
A03201DA4D2E0AA92BF959FECB338D99
8D06974D1E03D4361AC456365EE66798
B36AE179866B03D3827C3AB4967C3948
1CECB39874E4A7781CA50CDC7781E255
427C5632F09DF959998FA1ECC0DFF271
97FADDDF801D3A4AA733226CFBC3F0D3
CA5345051A7643163AC575A58361A885
9A0C8FE8D8B3E4E103B8A16B659FBA7A
B7524CF250A9F72B5404DAA502E8CB19
829320F32EEC131ADB6D6714785D81BF
649FBB2FBF6EA3B4D1A27457DF780043
3E0A454761C62009530AF2678F6AF967
63EC26649C42FD0E11DBC90A2D27D4C8
42552659D9C53F6D6AAFC9FEA9A9AD45
8B35AEBBB34F223B0C05F8471D987849
5962F866BBC1AD58AF76D16888E92D00
2505F43D1C5F10AC8EC20C82AAFAF921
EE97B3E14DFFD620B7B794C3230339C4
E2B956BE1E9C1ECC0BAA90C92C8CDF6D
EA921B26887020BC271E8155A72CB77B
C7B44B46DC29E18282C43784AFE52C7B
449074FD11811D10C4176CA05B9B453C
E90B0E3D04D8AC7651959A80816A268A
3293CD3BFC64E11FE5346A73BADB10DD
175F4531DFE138653FB2AA8878BB80F1
508313D2A174042CDF968CC30CFE2375
5EC791C497068997C88FCA0586731E0C
5550D8E9819EF439314ACAD96453E909
0FC6547D9719C155C3737597D799BEA5
AAFC118D4190654D28EA9CE9372F7A4B
56724BD502336E0BB0A9794C232AE0D6
A49B77655395910540535CC9DD62C597
A7C63D616D1CDE767380FD04DE77347C
F030CEB186A9167E68D12CF80C3EFBB0
CA96A4AEF0BAD502587508BEE1270E84
1554B6A3CFB23A4182E46880ACDA2593
55E7B6E005DC9FB45642B6563966DEF3
9D85F095331A59271FDC747E2C71A69A
DB37B8854F5CC05BF7C4EB021A7DAA57
CC023C1EFC25BD684ED16E543D747003
B17D2F990B36D6704F617CD9042401D2
3D249AFE895A6FAA6FF259716D74EA80
5ADBC7F28DF5C707175F4A116248D1FA
32289914DC99C110337DEF4C7BBD38A6
8583A152E0BCBFE8CC3D322C9B88697A
203B1ED4F27DA6812CCCBE6C9A7B44CA
2EDF102B85556E46EE17C70FF8ED08F9
B4F3B93FBE7E284324DF3D58315FF984
DF0DDB126BBF0F95E815436EBDC95DA1
83316BE88BA6A2DDAD34C2429DDC5BB5
C5B9FB837A678C57DA7877DA8952E38D
1EAC4FBE357FCEC6D5482E970E067639
77213B55B9F06E5CBEF77CE87A2D5372
E54CCCEE4E7A08889A5EFA31F6D1587C
12AFBBD30B294FCBE54E195B3B1D8EC4
80B66B6A0258CD6001CA26448DFCA149
6378680D93B89982199CA923B76ECC01
00C9AC771912BA091DEBC7092EFD428B
FCA73752B8A7BC82B2337677E7969497
9F1DABB2D4411AAAA5BE2CBE863C950C
4F3A518D96BCB17AA47D0A4AB97488EC
D1ED8684435A7AF62E78800D4B62B182
C13FE9D0810E3047308289032F996B6E
1CB6DB5B1C2FE85F03E60EE64F7F383A
E40C1674273019DB06C29422D9D83700
3D054674F967362B235EA47F6D55CA7C
DCC34898EFFB4463DA4813E76B212078
4E89DD2DD9E584EF3E2B759CDE794779
DAE88CDD31490164683B55A0B5D708C2
B9ED6D9539E6E494BC4CF7AD761B5B61
0440DD6678A6CD68F63B71E8D92E1101
12B36FF3882125E6D02B1B81FFA7D339
84E69D9E656FBE00D47B71C86E46235C
32E93DF1F823C1B4E30CBC31C4A471A9
1CE94D2F89192952B798142D625453F2
0DB1B1036DC490C6D9EC6C2BA9A0FFA0
9D087830E8D5DF89D22C7B2BCBAD18C7
407394E8211A419A505F5C93E3FE79E9
C02267BE6F0CE6A8C624A66FFBAE3F5B
7C75BC1F2A71CB1D98C71ECCBE93005C
124F6BA576F1B5215DB49894628DC7E3
0765D0EECB2DFDAF6756E14F2AC967D4
7266E042394E499A64B687F72BFD7A07
AD4418A29A2A97BBAE8642D83B8B9269
4D8705BAC0C91B8BE92646E623A38879
67CB63C6B85248D3CA059715241C9DBA
C749E347EE1FB89BC2276A0729D1E2AF
ABBFDC8996FA2FB46AF656833841A834
7D2CDD68C83AEAF4A119569E6B5761CD
D5540B078C5485CD1AD9F272B2876AB3
8D71838CC07834FD37F670FD0472AE87
620E08708D3C37B791AB7B7DAF2F54E7
85DB17C7C297306D612F0C28AE52A4E4
6C6BE2805B189490B917E03C73FA4910
B16A503A301FF3EBE9D243D0F980DDB3
3DE787148C92ACAD0A128B5634628A36
DC9CE51034DC27035FBCD6263A11ED2E
8B76D0CC6F96F3F97C3B8140888952F6
5FE6590411E41F50BF1844C4FDAA6EAE
33FD351ACCF16037E8278B16AEB49F01
57ECF2F770EC95501B1E40DED0E0562C
708ED0D27042BDEEE9571068B0F1CBDF
0A8F237442D615D3944FEF682AEDF6C3
C3A53BF9EADE6D2647C621DAA15E9B01
ECDF8346EB078C3910EA8B86F37179DA
6C137CD8C3A456ADA00B4FBFCE2D4AE6
93CE1E0D52BE4C622343C4C5762224D9
86B8E7FC5B21B1FB678A5784495D3ACD
C157CBD3BE595352246A626FDAC45F37
24262375EB291590FAD00CF7CB0EA4F5
040A4D86EA558DD447EC16A53724BEF7
3DE45AF148B08DDFC5C36C1C21C98927
AC91802D8D97D43D980AE7E50E73FDDC
E2A11DB2E75008BEFDC5E5AC92BCFE99
23EE9CA76A93483CC76972F4938F875A
8236C1E50C639954FDD1E71922D2298E
4FC751A8C6EA29BD31CCDD27F8508212
4D4AA0AD72862B7B588481B954DF4AC4
A1B2F29A9A2BE22B1739D31C87B734B6
0A47837AF37FC4021B6ABF4AAF5F508A
11F8C4614519C296731345204AA79E66
63C10A1FE34EF302686800737AA85EED
EFD2841371B5CBC648E9DA703C660CD7
A3C269DC506D11EA68316FFE83D25D3D
FCF9DB4D560D9F87F85DF2E48C803289
B6138FD1FB42334A443DEAF560EE2810
92F34B83D2857FA108A838FDFF3D88FE
418F88B239DAB8031D78C2ACFF41310D
2BC107F97FAA2D9B2889EE767696F29F
2698CF25146C3AD1949D3411BFC85973
29B09E1FC6C70C7282B5D2A0C81E2FBD
357CD7E4720DCDAE7338ED672F29932D
D020DF6ABA3B7CA9DD608372671E633F
5F10DDCDA1C2206D8D0A4B0FDDD690D8
EE22D819B340DE929FD75C72A65CCCA1
AE9FA09FB328C37689F52B788E93B7CB
5BB99BA1839F5E40BD2F06748152794E
26137768C9C038E13AB76476DF70A768
ED9DDE3514AB642654BB5991072F586F
EBA0782B67B63E1790CBF887FDEDB8B9
7945A3DB3CB29F220CFD1E13BDE1261B
9CFD3D3F3A1B47B0293C703F2DEF97A6
6D4736BE1B127D645C05B35661AAE435
8D570B2053FD86F767984724BBB81FEA
740AB95908953F2A63BEDCD02C223636
F46ABA4D483A4936378B976E0B0C5F2F
810AC90F2449D82B4EE3EA172FFF507E
5CA532D4A5445EFD3E01042E83F904FD
5FA3A6FE5F2DE7F443C33DC12C93CDD7
C378AE7D2916ED12668BA6423F5EC206
12584B57CF369210AA990CA12D747EA9
BC28818E4BE0E0509630295E57BE1B9C
8FDE6D70F9CB4844C4EE225A3FD06804
816B4B7181120C287378552E7C21EF53
16BAB123670DCEDB3410407B2B80FC08
B8FBAC0BFAA73AFEF8CEF768F29A5348
47ED0758C5CED789CD97C691556639AD
DBA9EFD4FAA9E2C6B33C61B831ACB3F3
F4A468EC8CEE04EDE0DB619F0E13061C
F22DD2CD6646971A7318A1D21461B6D9
47C37167D59601E06FF6F416D93B4283
15401116E51D388D799440A41DC58792
58E8A33829B2B4AE346E2996F7A7536D
F168E68DFF110EAD169E5F24A1376D1A
F3B91969909582359B1CB721F0E785C3
CCE2C91CEEB0526817A470DD737721C2
0DC1015DB21E364D3871BB38D525948A
72E22693CD7539FFEBC898172D82DC71
3EFEE8DBEE4DEFA84B063CEAEAC0D69B
78434D18987E176917946D91C93E0542
80365062E07A37FB694DD941E2336ABD
EC9D776AB30FDD419BB9A81F753DF6D5
50F8860B6C2FE3D32F98609D9CBBE5C6
2DA8A7F9EFEED3D3D8C898B02ABF9753
997D574B075BDF1198102ACD54B56388
1897573A92B02E33CDD3A0ADAF32D0DA
2F96BC3563D8689843DA2A4E4182F6C7
89C17B839E70B9E7AF939D6E225097C5
CA02A46CE64DC46F283AE196D6C8C9B1
7A12698829948B19B3D7F7BDADFC0D69
73E7213415B9E290F46067C871BF66E0
483B6B29104F4B26A5E6367DB2ECD4EB
7BB17138100DDA524236711F73430FE2
C4C4A66EDE48815A5FD00A7425B2607A
A886047FA9E0B1B10696C2BF5B11DCD6
5A15DDA07E49B7ACE423EC91CB8ECBD7
1684765E8330B3456E1E03FB87AD8BD3
65457611B40E5363727A1051272F68D3
85331D1CC41672C86E3E6856DF119C96
CF33C57CC88CF3AA482165F80C1CB71A
741818408D47984AB98799C5F5B9A386
6969186D2D1C7543A9534B8CD2B435B9
771FAFC13EBB356AF0ABCCEF37ECDDB3
854E3156B29A5233113B160900A134CA
F3C2A50C58649D6FB22E748422631B41
20C792B4D3F1A453A54E616F2CC48319
D418217BD7D0A85DD4D0FC352D38CE7D
5A3A50D1F65F7F45D9FF8BD3D4A881D9
20D48FABAC913BECB98F73DA4426906D
94FA1A174D60559BF6DB68DBB8B4F98B
46707965A6E521ED0363E15C72C8C301
311F76FB574ADAC398B3A3394FE9964C
6E87C73E0288DA73807307960D9FE808
6D917B74B94198DB898D4DCEAE9FF36E
EB78F6CAF128BE644ADFF44867407ED0
89449B884B6225DB4EE085DB0DD82988
E77AAE7271B0EBFCA87EF5505011E446
F45D032ED79A0B32710B03018725F991
0277F3EC683D5FE5C65B6A46D61F9643
15119F55062AA03165594E07CC20E23B
B35BBBF872683998AC0E313C50791458
5EC02669FC4879175138E7EEF62185FA
83DB56FB271665DCDA3F72BC9ED96B65
3319E7C63453B2AC4800BB611DC803AB
5E6390B1592AC9F8936FD4EAA84C49EF
89A806BFFAA61E9E12EE5882F2EBC69F
F1BFEA234EEDF7545B3A7EE27E0F5644
CBD912A6B0B82566A0DA50E9EF50DD36
30D74405CC962AD2EAD635BDEDBC6D4E
442D399A87A9A7D664DC70608AB80543
467E627B1DEE5ECD6CB1A1FDF58D22CE
D4084A9EFF119C57004F2BDE7592B491
E4BD774601E81B868CEEE932731D7E6D
7F9FEDE4F47A6CA2712B19237600B1FE
E3CE8EF011E28C8AACAFBFFADCCC8898
49870B9719FBED1EE92FFD7990B6F06D
7A45A163F01FF24E5585BC79BC32557E
A69A9B7760BAEA2C9C2524F9B6956BF2
514CBF6CBF035CAAF6F46D3593335B45
A703A26F00B991E51F9E8F8D35670D89
40D874124B6849778FD475F105F46A97
E2280F7C31F48354FB8A28F138FEFDC6
A3527775A741748F8B9883E7B309FA27
4409123F23F37AA6255014573298AEA2
BD0B1305C5363F4E655FA31590204988
628793B4FFA05727B4534DF838DDD02B
74253BB85067A99DC29FC7EE50F7B145
6775FBF8ECCEA6BFA1158E1EC085DE3D
F160F80665FAB322E92159B8D4601A4C
FCD8701F0F42D84B80D809BEEFD5C54D
8AEC67FC6F6BD84165111C051493DB1A
176108452308AA9498C554D10748D404
55A29B0374EA9DB92A7A102C9A7A185B
CBA4453ACAF9510DD2BF4B66E00536D9
895C4DACA5C9310F45C019DB01882C99
ACB4933179E351798D4487131D7DA440
DE12FAB40A4ADB47F8BC73C821B5D8C6
3C26C70469335AC79766754B2ABD267A
DE71F4E4AD4DB2AB3120C6B7F335B7EA
436A4DB563CF438BB167260500D4915A
D01A1141FCE9BC05150E9FDCD695D28A
9B6BB158999704A6E876C843C52E2D28
4399F9BB3D227008AB4F1BBECFC329F2
17EE2D320D349621B14ED9B3F05CA1F6
A6CF5A94795D454412AC78439CA72DC3
2870A0F327610E08B74D940EB767B178
A749BDC47887D2DC6CCC35239D393DE4
25D9C79563AC795943551C4BE8BD1159
F4CAA0E513434825D88164C9FE14A0EC
FC50E54123F6552AE48F4FBDA970D98C
7555238EE4D96B73FE38657DA3905161
340B1B1057F45B744D904B9C0651EEAF
8E6B40E8DC6E4435EAD3B825B9F530C5
FFE6D4BB6175ACA7E9F6ECE35E723F5C
4EF0FE160BA3E38430BC2FA4AAB58764
E2196B257825E414C13D7F74FB386E6A
765126539E24ADA6201A5C544D77D5ED
AAF8EEEBCDEECB69E22726B89AD84B41
82BDFBFBE04249E5FAC09940F39BF7D3
5C6FC3E52BB016C14685EB44F8E4133D
B8EB553BA2A58EE78C8E26000D19DC00
7E79E4C0C3D92D3426C0457462215A8D
8E42362D8F60C9D4C3BCC5BB15FB9EEA
3E83115BD0898EA1821DF792E06E65F7
0CAD750A75E793F1D059524FE513B5C1
7A88CCC5661E96F847C855DB1F2462DF
74D51B0FD187BF713B18B99FCC748600
42E436ED34C52691C16BC0772F70838C
56D02CCAF928D04DE5F8DFEBE1D797A6
18F26B67CD4561CB5EB4245D8FC90C44
1C7408A53281DDA3E0FD2D51083FC4DA
19C4EAE0DB2D8EA1C19042CDC006191B
71FE0B070270A4F1F27F0E4DDBF25110
8A3CCC3292FFBC2248696AF8D232860D
F6D194C566031D2EEE889E21A22906E9
884C6552624A094203C306C9CA693DFB
7BD0F2DE686076A937A9B98169DDEC52
C6473A7CE6CBA31B5C6009B0D1416C77
B4E0BC3FC72A9D8C2B5D62D53BBA29C1
74AAAEC00D3A08EEE7D7620CE86F882B
4CC8772BED70367543087D5A90950A78
ABF7AE8AD4EBE81C4725FDAD5640E281
92CD65A5B30AAE48B57E3138679AA148
65882283DBE1EE8D3252FA3FBC6173FF
80EDE8A16ED324623D2F824FAB75B877
13D3DB4938D5F9E0CDF4C8506E519514
FF309B5B8F94AA48CB393E909949B856
1C55D72BBF3D8EDC2C248DB763FA52AA
4ABDE2E34EC0632D80142470ACBE19A4
655B9EFCCE15D60ACAB6F5215D7C516D
8C147EAE546786432384E9BA6E07F606
1AEB69EE3DECEB6FF4043C7FBD519D0E
4B3E911C607BB7068368BAD5B836E3AB
7CAE1949728FB588A07EC2C99B33B3BA
6EB26677268927C19905AA5749DA0E51
80E194EA53D62BD607779B75D9EDC4CD
8A359B1A04C12C988A8295E724F07815
B71BC79A604561FC43529A251D1AE0D1
94200E1A1AB3F5181BB523240437D0C3
86D0139E97533D0001DBCCB9BEB27CAA
51CF5E63B003BEB8B5D9D60DDDBA056D
F48567A2F3BC26DFAFB9408E008CAB70
A8171EB2ACF51F524FC9045D9706FA9D
45E28EBEAF24DDA21D0B9354E72BC1DA
A87FAC0F4A7B7D08DB8706A735B53710
112047338C906E4AB5B7291BEB3612E2
07037EBD0BDA237ED5C71B99E5803A38
24489A4840F4B003CD965E96575D70C2
1B535C2E6E17ADE20365182108303A8F
03AFE625E8612522C3F04F4C3C2ED7D6
CA32A611C44B6AEB461604588D35B319
49863B6E3402A94B8E1522D46DDB07AE
0844045BC88336C432D3A76C467EF250
1CA0B6499BBE13CE81C57E0A533FD083
AC962614024A19C9B49686E631AE4F91
02E5AA0FC9FAA549705277D8096C6802
866717199431ADFA4340133C073DE103
ACC3497F2332F03B7B27D6DE1FCF2ECB
92AADAFC3E68CC900137ECE4FF727BC2
42CAA72D70C72244A34E93E33ABF8391
E8CF518EAA76FA557C80E8D1D625DD29
19A99E434A3822A0422B92E5442B3CE1
AE2EC7F80F111899047EEE86D776FF9E
93B98A7DB4A2760D4454A25FF9114AE6
23D5CD8B993BDA68C9C49DC0917EF96F
DC118D7CA673DF574A1636F266C890C2
0BF30C1DE87C25E642C3ADAB2F4DEF65
38BD9FB438C1106EA3A1D509BFBEE7C2
1AE390BC0F57AAF587CD29C48B7F58AF
496F4EAEB172C12A58D801AB5A43A5C2
9C67938307145176397603C98020A7D2
EED8E18CE19196ACCBF7F167FB90A49E
69D2774379A5AB3D0B571C5B87FF1116
B2A7E9B4643238EB8774274A31A47ED5
5DACEFD42BDF74C7AC23A1B4B46A1E37
01182FEC3E045AEA96FD7626EDE150FD
DDA21026086039CE86FE5051115459F1
ED524D4C1F1BC71AA349EC26DE6719F8
F0947D2F279545A68BD3DF5B2E9C1BA8
6DB817586AEBE11771F439B30242BE36
F26979FF3D63D42394D51CF6EBCD759A
A2549FFB5254C74CA1C24DD4D29B4938
ED3D45807421CF29FCD3F739E8C25F7F
4C5F081DBEFA22311A99F0A0D20C7B43
E91B154CA54F5063355CF7D1135AD9F4
B627522462092917985ECB334331A4D0
FF45BFDF36E655C8A22E478418BB5C5F
7E101328A1A7C44284404BC188CBF9C1
1F16AEC183CE1591A8E89C3558CD75FB
19014F8DE24C2EE4B00797BD493C3145
F3629E3E8178E2B8507E931B5104C16C
6C20B0023B184A51178ED4E68C86DA6B
BFC2DF4A36160F76BAAD99F652931C96
71050522F428C5D59E5311DBF793E465
1A22C3500D2F347C53937E665876C89D
FEC70C40311C8D75364634384801B515
D15058444C6D49DA98DE6D3A61FD266D
96959F605760B1B50F35A64A9F428927
988C6BAFE0F9F3FD567B33EC0EB09772
AA0C2E02E9C8405DC5133A9A3A888AD8
E7A61A46A7954B583B86F28D18C53BD0
CFEA16F6CE18DB3BE3063EFB4FB587D3
174E27BE24BF24FAA59495603A4CEBDA
9742E17B45B295EDC8711DFB89519F2E
C28708CE051F5775D6D7527CB22216F3
B7478BFDBA3FBE0E8A74E4062268883C
7B509CC2CC434D56D57CB022DCF686EA
3DDD0B97FBE2025477D28293DBBDE9CE
64145BB7F701E93DA2D7C54469D432B0
4D8781E86EF5D661825E526396A49C0D
C01589140C244420E02D57010566FE65
F491FE704CDFCDF176001D67CF1A4F5B
67102C1EB42E1AB42D5DC1BC8D4520C0
68AF55DEBEB4858F03C1C2FDDFC840FA
B947AA3F3B8A29AE3B2B5869E737D034
6DBC6D41E7F3A07982D8151AF4D4711C
533147B21BF9BA5DB3964930A9F2A591
C3EC314DE30F39F957DADEE73A261A17
B5BE26F9906046BD38A6560CDB7BEF89
93837D50DCD09B9AF67EF8DF120E889D
D847BF18008F9DBEC4C22C2E0B357127
6F356D8D14C79EBCBA6E598E1018339A
4B3147DDC52CB1588A4BDA0301ECBAD6
E8824491F376C03961DE496ECD6E8D16
065948B8630DD98BB14D278EFD752D27
BB25829400C60482508CFFF307CF0BF2
A956FF93F3384237D7AB542984658C98
F03422E4CFC995A2684DF09539F37C4C
69D40CC7A464EA1D89E13F81F13D3773
EEFC712276A488F204A793AACA04F663
FD0F9B052A631E8998A35CB88744BD3F
3F8B6E65A7186727804E7660CE5FC5E6
1241EDABC3526AAEDBF97BA7E7ECF360
83F9F4C4622291BA23F1582356338EFC
57DC286075EE36CC6CDD30D72501DEA2
27FB4E6D0A2E4B70A6983D09EB4CB759
E47B913489AD54BA227D6D68A0B19CD1
80E73C7B53D08CC24DB73A5BC63AA070
CB1BDB9AA137A2AB6FE3C5946A18D8DE
ACD529772186DF64C753A896A0F3E15E
745FF3B37E408F5A898C79DB21DED909
9547AC6B879AD8737416A34F043330F7
9225368D72A6BD6C5E056942B7D805CB
1B713969909B5B00C0386F1E5F88B155
0E8FDE5B8F3D65ACA2688A5CE472788F
74B59DE90F84CAEB08994EAE29F23AF8
E5416DBBE13D3A14BCDE173C98AAF8DE
AB84D397BD54854C10DDE37877B98C0B
C5BC4D77700AE1EE9951007785546AC1
E790D96DE19A698A6DF3ED36CFD43E2A
94470079C55B69E0E9EA50326AC8F6E2
EE96565244BAE20EA4C5E9B923FCA9B0
5DBE36BE5C662773B311A03E2C879BB2
CEAE2646271E8C1A2A1FE5BFD00FCA32
399DCF6C05AD4C8B3D0007EC478ABAC3
A7999C46EC97BE079B1DF39D6E55B5CE
FE33FEDA4EAD9679415F00CD1FEDE820
0947E40F261309E56F5C7C93B7B78BD4
53E712D5299754D1CA11E5F668F4D3E3
2813FE2B7CF31F821D72519281AC5EBE
F684C8684D6BFD114CE17D4465D15DD8
9DC3908C467AC5C77185542782A18231
77685818D8AA956EA9440A268E2B2D08
B93994D1471F88C063447D348A797D7F
A60E0D2F7C0889258A8CE945B0FC1445
496B0FF234F9D7230DD4C72C3A99E384
7518F6EAE5971144AAC55B20E592FDE0
E36998BF83E182E39C066BAE9455B6CA
6DE1D00589171698BEC9A33BD7D9E516
992FF701CE273BACA83ED1FC7FCB6FC4
6EDB634644ECAE118C11C9A7069A1C77
14AA77C9996CF1CACC5E51FB3A29EECC
99A7CFABB7BBCECF9C55C7D2C4909F05
E19E2CB2DD0A479CE2CC29B20567679F
D6959F7C972EE4EBCD0D6F0F4CB5A968
D5FEF81117B44A11051D68652C913869
4504964C2FF882BC5AF561848133CD4B
D144EB0C869A673EA37607A21BDAC7DA
03295CC447FD781D5B901B694A32AB8F
779E99F6A0272EE00A6A3930A28AE036
4E11D133227754097E78D1BDE45C2DED
ED1DF24D8E87374CE8DD00DE25CFEA7D
047B2583BED0C0A099CBF79681418632
FD952D3921CEA4D0B58A4C57356FC309
AD3A7E40B57E583A80A1122A5809A97C
15F51D473C5D80385DBBF2BB06D5E64C
BA5CC34CD0561BC810550AB1F2D067F5
66D746F9625B861D6145AC30972F7684
658721A330A9AD161A63C10F39817F97
8525FF3DD9B2D3156FD14C3F71A59CF1
E0910BCE8FDA4A5EBCCCA1BF6025FC0F
B9FAFC97412C99BCD4512E7E0C868B87
F59D91265CD098E54C0C68AA88CAFEA0
7395888CF54EBCEE528E2FADC9251334
4E27D834763BEC237448243CC3C04540
1BB830D9E634CC3263983710816ED687
5A69A09162C4415CD485A5E39E798901
0676F365A105FCA62C6CA33C1388F494
D5B3BDEDECC7651F727C7D1399ACED39
13BA40933B1D62ABC335EDE789681F55
A35E5BFA063CC97B9AD2E9B77288995E
16BE58CB0AF23E8100AAA8371AFC1C19
9BB6D42E03461A94F9FA3B0D4E73E621
14CB47489ACA236531048864BF163D6D
632D87D9183C57DCB28CADEBDDCE7B1C
8577CBED84B5B0D9F229B9C31C81BAF2
0C8D63DC5AFF5D33158C6E8D2FE44041
1CAE02A7E15F12A215FD73C5DE0AA017
E1D46CB75D3E80FD929C943A6B947C57
2D202B12D6FBE6D29A8CA3C93407FB06
E7040B68CF1798C201D2740DB8E73E5E
6A77D34B2524D4B2DE1622B699D3478B
3614DA989C5BB0D5AC6B3A6D83781B89
FDFB913B01CD27FF4E8E11665864E299
C3D250FD0E358339EA03BA4E5231410E
32CECFCAC67095B114433A3BFA17F935
2AF399A4891C644930D3AE1239F928B7
749E2CCA5937E7AF394E878262921CA7
EE951C872D1E9122D5F3568BA9CEF65C
3F2E72F4466E48E18681E1F17B829D40
DFE2A53136CA6A630AC38A40FDDDCA25
1B8A48E46B70D231BDEAEFA1F0F970FD
0BDC5CAA2B17CE05781F9D0CA91C05EB
926CAEE29C1C109065A6F8742CDA2285
2F884415C279935260012C551AC1C2B0
736B061E28907D7D4849D60D87353465
000C661F3E72E09B7FE0931325A6FCD6
738BA2AF5271C10A74B26390A4A0B734
3B767779CA9E3A7CAD2F0A80C632A534
E9351626D622E41D1D2285D01C15E5CF
D7094CEEECE4A25FFEE41250475E10B4
52FEE6537FB8F84D88536C81A23DC731
C18BC49332BA7464484E844CF966BE97
034828D13680FECC9C9A49C1C82AC5FE
08911EF5CF45AD616D19E0993457CB63
FAFE537ACFC7B8AA3221359854AB3D36
DB476FA2630F6657BDB3872F2307FF43
47A4E93B01E9441089AE688B4B71F895
681EB004D36383957CA97706F349A9B3
46AF52ECE8A4B7314ED40C6F19E70BC6
2121B0FA5CA03C69F0C1B717CA6D76CA
EF5C6500923ACC604D34A6D57DD03EB1
F0563FF4701EFCAB456B3063B485F278
4A345D18141160581CF54B926B4BCEAA
58A5204ADFFC445E04522CBF3EE9DA35
A813D30AC8092C778B02FEAB7C888616
727DF3DF8D16280ECC78458324B4871C
225C43CE5E6FBF69CFE23C74DA9246B6
F1229742C050B2C89B3ED5B5C77F57CE
C73C8A939B69510435584692AD59771B
247B424845588CD0A96AAF6A776D20CC
197337AD25B925DCC2E551769BAE6D31
D811D6DD9880E7C525DA07B64F4DEA8A
EFD62567EF0C862705833FE63210C192
FB5268D0605A14390D1E312CA0CBBE3A
CDEF08CBB4EAA1505A0F98ED6A2BBC1D
0C0C1885197A593CEEE4414AA9733E8B
5E825D7F1BC1BFA01EB748BFA9F58266
C7BD41474C44BCED205D8C500B877281
A38AC9CDB89D2D1FA07FB90E9A574674
4F69AE3C42B2CDED017F40829AB0E13A
7C38885B8068DDAB0CF3DC1E1FAE337C
ACFC2DA640CBD7B6A43E9C82761DA272
5E016A8A84720109A0545A588D4CEED0
57CF77A8869939E5C248067D234B9B41
672ECBF597664734ECDAE4A71A5E9CB5
A25EB9443D7DA029EE610E07906281F8
774B61F8517DF8C0BA28E6D6A6A04BBD
58F03DA02DEA0520E598A090F1CC3EFC
D63FC7B774F47314CAA90F2D3138645F
61D0E84B1A6717A167FB7686B8E47BEF
1CBBAB4C7DA4545527707386EF377697
D24499B85B45053B713B234FFDF47ED3
AB1EC9B52D9703622625A9C836F38449
54DC65FB07DA0B7D081AB967BF864805
8E9B1391024898C8FD6BD018301B390F
B7DDEFB012C2EF4FC40A8D06545DA9EE
F5BC3F24C4967275ADE8A3E81551A3CA
F25ED8C104F47C824CE246DF38D67A19
C02FB54B9127AC24E305EDB9AA2D6122
173D4A143ED5F352AEB8573368B3D365
704DD8D67E28509FEA758F1BCD22931E
7DB9835A6E0E5687FD6C9785B2E8D57E
D3A68DF5343124CF2BE130D20C6D8153
E498171719870DA27E3BC166E2352F94
FFD98303F6AF60B17946B9FEF692E1E4
ADED8DB5DA1F1CBE5F1D24C14E5E8CE2
2DDABFD1B8E74BBE539C69BA09397A80
6FFE710D026350FD6D95EBB0DFB753AE
74CCC6823AC5C46E3737435C4CC86743
D4B766AC72B97B58999CD7CFE1AC7FDA
D3D9FB871088DF9CBD5256CC75CF83A5
4D7F2504AED8A450F6EEEC907C7146C9
D4BCCDD60E91BD40484DA663F86649C6
77C906B8686914DF44A001E3450D48AC
1AB5C778F4006BE960E4CA3435DCC399
5BA547485432AEF9A7A6AF365CDDE343
8EE26606511B2D6418FDAFD9F6746D53
BA9D345ADE838CAB4494E3FFE8B390FF
19239C823E130100E4C68299C641241D
869DED1F60E96573D7CB912B157E4A6B
1159AD7BA84F262B2902162C1D5A4C57
6ACFA9E53F9F7EC5638281B6F3381888
EBD68677F8EF7453F4D045B2CF664473
6CAB575672BC30B4EA3B79E5F3B76891
6500214269DB84BD93E8AF31007B4486
C12930DD0244E77CC0198E04A0979DE7
61B9C6FF25979E45945CB58F2883BE3E
2625D0DA379641B66A018B1257B3CE94
C45F212AC948AA475760C435D21BD7CB
909CEF9FDAD57CAE367C63AFE3BFDCC3
A634B83B348D21CDB70751F19722B8E5
14543A5EE1A86A7BF6FB794E149C2E7C
0A7E36249D964FDD83D14FD3ED329CD4
384222A3AE445C93765E58975BBA49B5
9D12B885D24A8C7F8D48176C6806289F
C6E86B7213E303881AB0A399469D76B2
7D7C5DD62503667AFF26448FB57881A2
B0DA873B80FBB7F416C323BFB2E0CB12
555A2122C3E7DEC6957D7640FC1A65EB
E0B120576BA2A2CBDCD432271EFCFEFF
3BB738B0AEA103A054950BBC88180F55
77F1E2FCD468925E557D4593FEF48714
4DF9D4FE26BB9777E71B2774969243A7
92F5C9C01F5ED73C15689C81C254C0E0
8FE0617070414AB94C641C6CDB2476D0
C5E666FD79498A0A1FF2E4F88AC1DF53
117AD953D8B95634EBF1A9B1C395B0CE
81A7ED4DEB542C826F58C6D8216318A3
FB5B37D8C00873217EE155CF7FD5FA3C
FE9FECF8927E53C3C5BB27A84768F8ED
621718E04E6F3F3B8C108EEECE447398
7359C7C6E00A4C634A17D7277175DD30
CEDD209C2C0537DA9B522FF8F028E5B5
6AA63E0F7A5E95BF4FA90224DAAE1F5E
D720E2AB140F26E747FC46785889AB55
215CF0887560B3879013209FE6BE54DE
E19663C5F559ABC10C75893D3DF0BA0E
8122E43D2EFA77BB38B85DBAA91FBD11
657FBAC8287C6786941E1284D5658227
922D312A2EAD7F4154156BDD7CA4D791
8B1606747DE982F79B74B8E4BE2215D3
CEE01EB9FB11785C09ED317D599534AB
1D204F780A5480CA85AE87D8F7FB6632
4BA57EB701486CC99C0FA84475924791
A40FDF314996A1EE3B5A626FEADFD204
FDEDCF460D2BA5BB94A963D6FE1B533A
724AA7A2AFBA8B42663774ADE53DB172
241D6FCBE5374A568601B477B54DB5C9
B6E42CF488564D2D204B64F55806DB82
59FF001051B0B6B2DDD08DF412C20A39
74BA5C390DDA4D461B5AE63A0169B480
9062870E689AC1DD1FA4EFE1DF6E6690
E22C7B940DA25D7B24074A0A4577C57D
E29E371B5CCEFDE111002F71D94AE45C
79F2CF9859AF121974C7DB8CBC471A35
053AE289C80A4DE502A3A63C9593EE55
E1054E2518BAF9605A71DDE55F12E793
640960F5B3B6F193EAEDCC0C92E87C96
A8CAA1DCD672157B1C6D2B6858C2EFCD
2819E94579B1B9582ED29419E0919C86
2BFC04DBFC2AF488E324E9EB80B63A63
78AD9E3FA87C68B7620B1E796D6A348E
880AD2D1776F24D4C5E7251A3D68B80B
E1262CEEDF41C9DD53FB35A7393E595A
7D38CBCA395E6B16B0C1C9960C9AE43C
D405D79D8CDC452337A205D8422FA6BC
8EECA4BC9F6D79AC552B9937A2A0ACF8
A1791E08B59F434DCAC7F1EBBB2E360C
DEAF88EF70E48480C1077BAB0B88B744
DE1ECA1BEDA69716700E597C3CC9F8ED
60087576621C803F227F1FB2169F3BC8
D806D6518FE5F2DC5C55EB95E86E5A4B
0AE442792E50F5EA72AF66E12C11FD62
F3B2054412B5A181728FF19C8F6C68FD
A5B4B1BFCEC598A4517743170285CD87
2EA803DFEE8639FE1E9713EFE53D5F00
EF87FAE2D3B4379F7236856DFFFAC063
89F67E20EE4E3E0FD54C34ABA1F8907D
B5D4749903BC1C680B5D64C4675F39E6
74330A0643C2CDDCF3D6462F5A8C41A6
613A6F685B9E1035D7D91D3271716D12
A89E1AB8E55C2E21D3C18ADC57876B54
AF20990458F93F3C78AB856B2ADC9A71
7F655BC39170EA49D9BA5958C9A31F8D
57683B27E9ABB1349BB3F91C9D0534CA
CC5982352EFB0F89EC78F33F1C1819FA
711483185D33604DDFFC240972248499
B483713932C02F4F6F0267F8DD4C8B62
8825D0C3F04034E64720EF0B7E402B9C
3949D53703245617FFA90958A7725B2A
5D301192E7462A52547D0F84C8F3AD6B
B56E53D68172FED3E7E7F99926AC8B2F
1EEB0FEF444C2BABB90228F9FEA7E743
171D17027240333123C2B21442C6D0C3
6FF68F11F1F8F1D21FCCDFADD81A7B53
502E5AB2CDA7C734C9ABF81A468D6DEB
00FCAB0952C0E2E7AB000486CD740E8F
39AEE230CE52F742827AFEBEA67D73DD
9AB814DD489C2BADE284EBF511AABAD9
5D075ADBAF1096E93AF1648C03477D05
958703DB84492C0B4DE44C221118F2C3
C3F26ED323F5FB13D530630986FBF9F6
8D9AB129551A9957293D1810E93C8CED
1ECECCD918AEDFF9BC66FC039713ADD3
9F8C3EAEFD52407FB0C1EE304ED2B132
E8FB1E8C630A6BDD08B45E27940FFCCE
375EBB0127C04D54CFFA2A286EA2B044
DD85B5F0203DC3A1A9A05AB68EC19AC0
024EDA65815011F9BDFB592F1C791A5D
55BD2808C5E07E6BC7C272ADD5AF5FDD
C43A3EF49B37FD6FD0D00B859C19918A
EBD76D914873B5A00336DC7ADBCC0FA6
68C42F44A34D03D55FA668AD8AF6754E
AFAF25DFCAAB192679E1B69D32BFE75F
C413D6B1D9DEB98C132DD2CD5E11AEB6
76A73C7C6585D3E6BEFD717FD40E941A
AAE917880452796CB15B365DF01E6F13
DF0B60F59B016652F7851538A3CEE7A2
6B8599D3BAAD60FD2CE807B0FB149AF3
66722DE6ECABFBF80781F721723A5D31
1C7FC410F08358DAA18F655509384D77
F109C0167A24C3AF36E8E9D660113459
419F821E4ECFD031CFC0FAC247CC9599
F93F29DD41EEABA605A6955E9F0895BC
CC43C1957DBA313E5B759DA18D09B8EF
64D86D9FD8E93FE43B4AB468DC73A8A6
0570FE5A08E6214B06EFCCFA70E00812
537A394C3EF464085D73CA38ABD2E482
E888F66E57E5B476B3952ADF8B3F439D
AEDAC44B839F4421C86C0D357522998C
4BEB2CDCD55C7A6BC460816CB2ED3ACB
D270663A84C6045955F704FEDB806F43
68A221039F80023B563695B64734A1AD
E65D6CC5E7F26BDFC3C90A93993C267C
D8C8CDEFF9CEA18FB1778C6CAB6E02C5
3156BC10754303474FFB937F3A00988B
72BBA70BD9DC041CF3B753268103CAD5
1675DDF81162B8B9229A828336B5493F
C95373B143CC9A90B23278620AF55E9B
105E9C2D99C5BB601171F6FEBD80DE92
B3AE18E32F97470D2F3053BB1D009B59
2D6E6D3713A82498F62BB1DDD234BE17
25D00D9F49CD4C5D5249F771724957D7
A2FE13E466DD504D0BC96446EA291141
35AE3E6BF3C253F409D693183F4EEE58
1DBBD34613DE32C4BC42EE3CC42A83DB
44DC1E10A99093B52A259F595547480F
ED28C51FC8F49F28FFBEDA20C9EFF782
08D86794E296A2BF268F78D0021A0BCE
7AF5103C791CF60B1B400B934D235818
B19BE7980DBC9A84DE5CD59F6D120FB2
2795783670EC9013E1E620BC40126D7D
7763FEC1C6FC26E0CF54C8442A480F78
C65FF645F8C16B7AE15D949831BDD7C1
8985BE26CFAAC92D583310A0E7D16CE5
74807B1156949A19D87D3D7A2F0424B0
B93A29AF216DA7F29F79ADE613254201
8DD03D1DCE4D69B751D1A3A00503BA9F
4533661CA78A7A3AB766195FD0B32BE4
0F87349BB83DDBE9E20DE377D9520F0E
016874FC6BF1FCA8B3E16F019F0B9A1C
3EE1A707F35A159814BCDB9C38EEC118
577FF7BE40E1FF11C430E420856069B8
1A99B16863B034D5784C115C9DEF124A
C70CD00F1C42138BEDB47A77CAA94631
5E3F3DC8435955CA87FD3013A47CAB40
A2340C4BCE86FF7F0D642A713FE1B7F7
E530AAE57E673624B87B4D54A0647064
8061349A08DDC19ED9F050A9F404EBE3
57850C18495801696C6306223BBE634E
D4D8DC1F0A1A2D7CAE5AC92A16E04EB4
DBA803CC4989C2C837C5A7441769D6BF
AFFC479A7C7215FA30F41108D8717306
47A439B558D8B358E09E323BF3A3460E
544AB013D0A257FCF181DD15447CA03F
0A4A0C678B772E60961EFAC2F95A98CC
62EEDEC2F3D9E70CFA80F2FB3325A05F
8A17B7903609E62103D1166F53AE3DD4
EFA4732A59FE465019AC5157BE16A408
25FE47BE9445383248C0F1249FECC86E
BFE5602A0BCC79886DBD04D2F69FEF0A
11644822FFCF474CEC0BEAB3E27BA22E
75B34BEE1671E2946145CDC9A61AD468
C6C28A57FAF2C0DF580933CE42982D79
0DE47EF85AAB3385CE411D761FD778FF
29C80AA240E2867CCA0906082856F8EA
E2D2D2CDAEE8891F0930CBE435F13FB2
3F4B94CF704BFFE1FECB5E61EFFE0709
142384C22A9E6958DFD44EDE02A4F76B
B18A9D50ACA6D39597A73E4BB99C05FC
1ADCD21A0A1936BB4B0550243B7A75D9
3D328EAA6EF59A3B06AFF9CD72738F9B
193BC1D6B68E216BAD2020755F9803E3
640B428F3563EED55C38B630E80C8DBC
0AAFD68D47829A2E6C62487D8C2E607A
65F7118A1C5DE387A6F7848060611907
CF8F3A8A051F7ABB067D02C7130F8CA3
938A01653D50B9AD1CF8B4D5475E1F91
E96FFEC3F75F68FFBC36182CCD9EEF59
76ACB651B89BD4DED07AC8565C838C6E
4CD0B52B8E19CD97E207769F56F77A43
C2D685F78F148BB6DA6A9EA684C3E09F
4B0D856921ED91962C13522C10418699
3C23B968B6D276A282902BDAFAD61CB2
9A7D9225C323E72926FE7E3228E8E040
EDB5D198DA7837A9084CD380C2082843
9699819D1F7D888F422634059976A956
617F5D89ED13AE207CBF8785C6925498
4A882EF752FA0A3EEEC92D73060DEBA7
D76EA5FD9E6610A0A538EFA5C5E3EB66
1E56ACFB9EAC3CDDEF4C39ADF6894D6D
7044B54641AE2848BBAC489AE3500C39
89D3B092DBBFEFA602F4FCB83169809B
0630A3920D530757B9A5D6FDE9AC1491
5EE5BA481DB4591C82CB361EA442258E
084448D929EA1A390F7066662233CF31
87480C4B3CA96455D287DC60B634AE58
1638A4A395FC5EBEB00E5A95CCF58D21
F6F4AB4CC2ED78BC80F3F1ED34D158C3
D5F999370052631373D9635EC5928141
8E905598A7920449566526AA8F88158F
5F9A02C45FB2878F32642A2BDCAD5654
385EF5E2CF3B0B1BDE8530EDE307DA64
A8AC010B5CA9037120CA4EAB2FA4B337
4F64F907F7E56C1D09BC5C8F352F3761
175AF181338DF5818190E3CA801E2116
9B87EA167E1F43A969003E8041D883F7
07695AED1B0A8AB8F8E531B13F9613D2
332852EECC05B1E1F6E6170CAC04806B
FAF20E946C3268954F35B94AD652E632
8C8D4E9BA5D3984A3678F70144E4CDB0
173686669B6D7D7E0129B439134E5574
45FD38A38D7415E1591EA292D6C97A8F
E546D0268A44358A3CF971CD42943216
B0F69B2AD3685B2713E7392821263CB0
EA16460D3A1EC5802E020C8D0263852A
6FCB52B12A6CE8D9A9C4F115816290E9
6595A4D4DA0290996D0792AB257546EF
F96F15125A4A172261E0D9EBAE9BED2B
1B885886A2F4C861DDDFB2216B8B0141
1AAB285FE43B2BE18A5E097CB01131E1
37B503E26FEF1BE65395F6978773D87F
D6ECC1CB69D6D7040151760CE07F2EFF
CEC6D4B4854EC971C2A85809D9C73AA9
93825976DAA6E32D7FE01990DAE0BD81
4BAEB8FF4ADB3E750E39651C6D2A2FB3
847E99E7796E81CEB469D493C669AB30
6FF2D29AE7D07B391E4F9D3056ACCF0A
FEB8DA7DCB10F37142390FB5A97947D6
BF138D0EE164B6ABF1E58FA01D517BFB
7FA306BB096AB7ED2FDC7192A1919056
B2A80F53E95F7E789AD49FF5BA572612
FBD7660A51B20F05C6555BBCA524118E
A729C1EAD93CFFF0EF1B2BF6D47A1B8C
D0C6CA4A4B43021E9D90BF65F5B549FB
14495F8C9B27EAF6B28508555B7E91E7
8CDDEF07744DBCFD0A9F0B40418C3D59
BA78A41435DDB223FC113CF73293C715
B14D145631459FAEDC7BED9CFDF2A741
DB48F66F0444923785F817E8C928F215
88F10CF783582750E5BFEA85CBAA86D8
59373970E5493E76FBF1989FA1C52128
B2A26BF80F13EA427C3535CD2AE3101F
9A9C40E108012B78E080C13147A00338
FD924708BA16DE040328C7490CAD87B0
D53AB8EEFAE344E98371D41E13A64324
CFD46103287A5232AD6E11C2DF7489C9
3B2F73CABE9EB7A41FAC3537766FC34A
C7D79B735C6F23EDFB7B507F6320E54C
9EEA7268A7143F6AD09C1828E82F331F
ABA3E63F99C71B84E5F8E54241A3E872
8579EAB54C05209E15E27260D98C5109
7BA71E59109EB127EE2BF9379FE06F86
13BDF50E3623E50D6247A560CA7B431B
096CFA25207A8B44B81C4DCB55FA8947
C44ED5FDB183ACAA5D4370CEFB4E4599
E760D72BB6FF16ED6C7BCAAC5DDEB49A
C920E5969F1F2ADB0003B8AED2CF63C5
E7C31965CC19E272AC13DA0DF54F7A58
36D24A000C526807F80CD76D92F89507
8323A3090835F79F67C4B1B8473B9979
4C67021027164D3408F48836CF3A325F
2C7EFE74E471E91D200FB093973AA40E
6FC864C615F37C79E386CB78B82D772D
EE839DDC96BB61E614E4B0062A4F0AD4
D29EE9ACC67EA66BCBC7B3FF50F61297
88D7CC10483E70D1C32A71DC74CD5CE6
806D31F23B1D2505A8E3B776BC03B717
40289DC548D846D332A252EB17D30EAE
AEDF3B77B64CDBCF6A0D129FF58B7FB8
073B7AE317969615DBF6EF1037DC8583
F5BFD57503B8D8098F2847172C00AC3B
9786D04F0E66B466E73E843E9105A566
BAC669E3B0B1D5DDD87C3EFFA6D7D553
B941C00AB587EF1A1F1EEAC71739A1E1
18A2024BD96C29F5AA01548008C8AC17
444BA1B8E6D8B95E48C7767C62255A75
39430146FF6D486A8F2C3BB158C5F617
B12E515A4180A5CBE2E99DD98E7CDBCB
79C78C7012A00D03AC7579A71526EBD6
0941403864095BDD5F2F42BCE80E783A
028359299B76338AF4C7848FFBEDFDF2
59A5A05847F3F6606970B0D79041F856
F27F1CCBDB3ADA2F0FF47C7256ED6D5D
547217083C822271421E56B9AA4D8989
A034BA7B09CCFFC76438E87772A8FA39
B2E7899F91035ED6522774226E513FDE
6288D0D74CB7A9B62F10FA6452760305
7B171333CDB145DA4B3B5E1E9EBE5EC3
AE77DDA2C2268D444D64137DE8B962DE
00788D4FBABE72582BA9290D8674D6D4
816555FB4A98F4AA0D1082541CE7518C
D377423221B5828B021B78895D32BE48
B7144E767635791BB36CAE6E06B0BDA4
48846070A119B4A51313B68485ED7AE0
44070A2525526C5159A6F2B2CD3483B1
3493F5C9B78A3A9A5943413DAB65DAA9
3CEC481D3D0265CCF94D44C1EFEF21DF
CA266636AB7020D4FC56208ADF93E96B
8F2611D44D53DDF845B65E5C54E95871
2322AC36E91BF95B7AA63103B824C0E1
8E93A53B5D2C3F13818CA5FACC600D01
B39B4901E395F6C933ED48D0BC55A07C
596CB8AE99146F24F29CC3376342B6BC
358EF92BB8990C03BB4305D0CBAAAC71
3383D298D0ED8F78D6141B0F7D053D9B
B3B74DC3B2D192757ED0E4A12A13B3B9
008DBA5F0127F263CCCADCCECEF72BD6
1E9CFD844D4787AB00F3C487186CD889
D1596604D579DFB52CA4CCC89F751050
7439F8E39478C3AFC3EA7CE167B55F5A
BC2CB162B89E570B5321E23F75745DE2
2EF1D1B9F289615092F6F952CB588256
84EF98896AAB13A85DFC3308AB344845
BBD752F9134E4D783253BF6CEDE1744D
5DB9553445297F8F4CE1B2DC45422A4D
48FB7B85BA1B7105979FB5FE2016AF12
390CA4A0B97C8EDE4F098F1D8A662A9C
C0DDC1D89CF9F06AC7ACF3AD8236226C
A13281A6BDFFD0D1555C80EBBC76291B
FF66FBEF7134C0AFD9A7E06641EBED66
1DA72DB521E50D12313906F9C2950675
30F2CA5A08AD8E8D7EF3C26E64FD26AF
9B55A68AF775B82442FEC02DCC7FF6E6
36669A879B78B3A5946219AB642746B1
BD92E57CCEC777E2B8520FF56B33358D
FE154B6CB1A16A15A0AB49DD3A20CD77
6750D32655D4315E755C6173AC171C6C
0C592A92C2E3EF30D2D2BFD6928F416E
362376676FEC1B5700E0CBFCACE9FD62
5DD993ACBF79284F1354063022963726
B3BB99A5DC04A238C3A6AE7631D6A005
70803C89994CB4D5DEE93A0B7C38E27D
DFE08E4B258D4AD9F49D8059734D330D
F48AFA05A5A96A5E8310DE9DCEB96524
4F1A4797D5E778BD52237B64E32725B6
058B45077795C05C67143BB545B9293F
0AC0D5A274154D9D316F044345B3D751
6B019D3895BC2D53EF358008D075332D
A5D5105FE79F10C0A7894D1A871CDBFF
BFC9E06E129EA739D3B4F29798B28DB2
DB4082ADB5F62F75F0FF5B0852A4BF88
C1F35DFB94D3996BB2F54896D98C1C20
6D8D7D4DE6CE08EA41B17E0D39FF762E
999F8766FDCED7A5F3079EE84D99FE45
B32F2669D19C89EA31085CB365155C73
A0CDC2A1599EDF1A03F436FDFDEF47FF
EAD92789026A5FF8B05BCBB623220F54
A41F9AE3E09A454326E15895B2B54D37
C7C03F6F97DBBB253E49108870A5E6C6
D387998F70B43E87EC3228D76299F158
50CBDC0C1EFED06B2C78763EE3983C8D
301BD3CD603EE9C57B221213DE922319
4764E61D46066A9DBEFC229F3BC20770
6A59F82B1B4503BE63805DF1EA4CEE28
0A5CF056C3AA3F51CE294415391B796F
DA86B147C91F7C4A8B0724BB97C0908E
8A014B2BC0110CF2EB6668A3C46E8E08
52FE76F22D84FD03511869BF4742FA47
2DBA9576D5BEC1C62C321D916B478824
FE4315C5A0051A7CD56999BE8666D761
0B63C96B031A520B73763108473E11F6
6AB673968DB4739E7BB8D54D9174E72E
04BD47C09A9E080A7EBE165F5DD4B4EB
0FD523935EA4C0910D48E02CC05BC85F
D9FC913D0D4A0BA230A2D6DBDC9C1A9E
6A5F4C29BE987EB70751796F37CC73C1
AFFC72E2295DB098E9A6BF6B57644898
44496FE7E0A71C5B06DDA9DBEAA20C33
841B0D9D7A7AF020915A2282D000A3BB
93E11F265C213E00A9A324EF7AD7BED1
06249FCD7765DB3C178D7BF77699F056
E6938E21C3F3F91CEB428E2D06BCBFDC
872FB28CD12ACB1DFB4F6AA5860830A5
DAB3D7891ED875106A41560B7821DD85
2F40B4062AA5F9DA2BF6B5D01E2C55BA
21E9FACCA43C6880924351FE0DA1C46A
9CCEAF803B96570E763057869CD1FF0C
DEB95055E5EB01475CE09D077E9A367E
605604AC5594D068AA3E85893782B4B7
68DF9A33FF0410BC59B1295AB7E342D9
C81A4F7E9557BE6CDEEC1636DD1F15A9
D54388E213ADFF8CDF535C6BD7DE25E5
957AA970A14361BB13A56E275E8AF410
CEEB2AA736CF2B5867EB9A7AF9B86F4E
1F0E8C1ACCB84598D91D75B55FEE45DE
2111C06503660CF913195A8130DBB145
3450887BC4BC1027AD741A66DE530E20
88D88CC9A213198A9529DC28E71967CA
9A9AA0F648982EAC198621304F7FC769
0318A320B5A6C8E2BC7E10CAFFAC09EF
BD8AB3FB5078954D8ABAE3D62EDE41A6
86065FFF23EDB7428218942D9F96C576
C7B0E8F1F7C03CC7E05F39E8ED850469
2DA384A2FE6075E6BF1BCE93136C0D8C
20BE3E89F95964A67991BECAD7FEAD67
6D9B926AECBF72F2FAD9E0E25928AD72
CD5986D70443F950FA828854B5C61054
3AD8270E85C5CC97A7EBE4D8598DADC1
ACC3C806884D57B59A6055FE90647221
DD156C9A20CCE7CBCCC13B19ED280609
77A08603E520118255448FA20436341E
0912C44C4F786E681E8AD415C008E51D
D5977D0297B68952ADC02AB30AE7CC23
8A8C3D399EB748D489126E6066ECFC03
8B9B31DBA2B88398C077EFCBF1433530
AF2194545EFB1900C51E7DCD09BAE506
1D28B2372F6FA0EB76368BE773D7C884
B69E170EF85743A4AB4569DC6CCEA489
C0DF9A730B0D76E5469EA81783050A75
55573A96CCF90B6AE2753A3939772D68
C7B0C84CEF2B74A4D2F59976596C0615
2EA5FD09D4563160B5CF7D63710BC1AC
06883CD242078A89255DB6C34DB3BF48
1BBD8D4B4605DDF230FDDE1A9570E0A4
8E727FC914D7DE95FC2A22D442D0D9E0
85495F2CBB6C723172DE8C4E58DBB4D4
EEA3C462C33472ED6415128606627183
E56DC513E320461C49A7CA7E85C3D44E
3B0A4FB7295C0D750FEAEEDFB0F6C002
996E2F3362218F6005F3D53EC66A1BD0
2908549EC9BB4A3929BF572C5CD14D01
903B09AF4B31E9D91569F4DDA01FF680
55E82DC49CA9B436A61D40763E892AEF
8F857ACFA3AB580A275E8AC4AD7E9805
8A1F030974909A2BBFA72E3D55EB08D6
7C9EE91DD3A221303DECE26D822B9154
F4D86D815567D444864F199EBC00A3BF
F28B575FDC89523B8CA9586A9AEF17A3
3D9F28B20C2F310716B532630DE8B407
C4B5E46E8464AEB1486CDAE147848963
E7CC05C198356E7C109EBA56EAC7ADE0
F075327F75BF9092ABF5638108E1458B
B97A1C0EEC8D471BCE92C2B023DE1678
09E4F45843F503B9F1D68940F4C6E1F1
822F453A13E6E821BB50CC6F402479AC
5B741A002C40FBF376DD82A0C854E21D
87D0A17BD58EDF85F3F73D36AC6460D1
B39AA6F17348486E646A639AAF78D870
ADA855B3B1305E419AE6EE48AC2686CB
010E08003AD159D5F7191D6589E99C0C
6825593201D704DB5A0575F58B25C60B
1786F23B0930700EC7376C998DA1AFBE
13DCDABA637BF44654168AB3A851A8FF
2EB0C44084D9F67D415491012208E29B
CCBD9019D138C9581861E24CBDAA7924
5A1329B948184E938B7CC70515EDB342
31F047C15FA4308566D8A7FA92CDBC73
69623D496E5414AEFAADA6194CD97ED3
02C560F6E1AEA6E21DAF5077DB8CB3C9
40125106E796DC8B3049B14AF084540C
34CE14FAC79FE367FD5EFAA72CD91E31
8BCA9B18E1E31228A8BD8BB27FCD6D7E
C4C23F755DBF40A019FB1EDA4B7F0E86
30431729DBF3AB5B19843DC5E6C317BD
232043C298782C3E9514193CD8D4B9C3
AC6313027F9212CEB233C87ED66A13C1
6D57CA53437CA2D2B7A89412955C2BF6
4F09BA6FA3D1B632DC6DE663D68E7C5F
3C0F9C3AF9C9DB020E5C48EE42959887
4E5FE0F844940F741C759E30C698A850
BA57600C94BEE4679C705233E4F5841E
D6F5AF44BA7A3C6F5B9569CB91124A1D
4F26C0352CC1BB224FF21B3BC0D9952D
C8ECAD0B404EED4597EC580991836A9D
B215EFDBDE01B3EFAB85C713F8B3DD3F
5C45A62E8A88BA41576F1FC0CC1DC9BF
D376602141FB0232EB8639D178DF7904
4DAE63283996B302F132375B169F382D
BF47D2A503F2D5B9FCCD331EDF260C1A
738E9779C2FB29767D18B1A1091D63D2
74B0EA494E941B83A8FD690B75FD41E5
EC698746321A389C70B82E1EAE7023F9
C21787D586C2241EBDEE9E4CC058D28A
4356FD86544B71E36635235A0B8A7C39
229E937CFCF4745CFC1168279B673899
5D0EFC04305EE98C42B98683058C72F5
288028EF00B717339BC163FFA8FB7727
DC22D9AB962798BDDD32D4B45D660C94
80EC716E5A1F5204AFB5CC84467BDB7E
A39A2B04608016EF1218FC6C8C8572E0
D7C49FC25BA769A4857937AA09927F84
DC997DCB09CA9FEBE1139ABEB5BD9F28
D26C68CAFADBEC9501C7C3D614C6230E
5BEFBC19BA61045AFA2B4EF70BC71A23
05629D4DC642ACC75272BC1977EA3F40
EC9CEFF9A9B3CB9A1B26D9CFADD179F9
A1286161F017C7764F12244A0115C053
0E272332268B271D001DC0A8775A79DE
9D8763FD39692FF6DA918C759D0B240B
F0465662E33025FBCA86075BC1D495A8
A09B879093C9D24D2F1898193711021E
5A6532AD682CA1E76BFAE28C9B1EA2C2
CFC1D8D97A82A1837D7C283AB5657432
EF267D9631C24B2BBBFA3D347572434D
B126B74E2301A3F8EC56731F14C7675B
EC6D26176521589F1F285FC78E6B1A6D
A00B7BFAEDB8D5BF69CD88EE5A51E59F
4F4743ED00141EDFCF5CFCEA06A0EDA3
0F95CB37189FA5734798851CFA0E726D
BD7A763A05A3524F57324DD47EA6A6E1
BF390CE064846AB2ADF593E6D0FD6286
7F34510CBE4372B7D0394668E08BECC9
8F8BEC88E616818CF19980F413CC1756
0BBB264775B869B559B39C18BD162ADA
4338062DB9E2BBA96ECC6D69A0CD9593
3C621DC61C491406AA10AF71A382A638
95722CCC2BD26D90AA6BF910CEE3A9B1
767557925BC4250CE26805C3940A47DA
5DDFDBFC8EE14ED08E27319901439380
1998215C01B7BC2D039D6F5C7EA21C1A
C3546569E0436C7EC448EA06C1FA9BF1
72054E23F4602273E2591A108AB2445D
7E7BBBB8B5BB606E810A7F748AA77AD5
BF8DCBAAD26B8211BB909BDFAA9FE9B4
F2995DD94002EB12A0ABFA991542B6AA
647D73B071275116B94ECD2CF86BF1B3
1F9710A85B7E9754EDA67078E62930F3
024BE8A93D69B9C3BCD61DAB41E03A96
D0FF6C894E8C54E64344267CE37322E7
BDA299813C9D73D7F3A6AF0A1DFF145A
8A7856E99A28DF64B6ED720F7F072144
18087765231EA8B61F2F9175AB22B723
53294199A42E9DB559FFFED59C27B464
5B9ADF50DDAB53DDFF60333EB7FD6E47
CEB9D6CC6EEC45E77CAD6082A7FA1427
1A6BDA3666FB2A35DB12C52B54D15C5C
11D1B8591E4E869EF6DCD583602E209F
D0E1C4173525DBB6EC0F89810F2CF451
468B678BC62BB76F7DA129E3A1EF12CB
E642169A40D70E24382FB2DF5936313B
98B0A622193627D613B41D486AA3AF69
1C16B80F04965F78DD4F9564E8EAF6FE
A44887E33AA1BDBE8F63FC712C7C3996
81204E146DED112366D7FA1F1B3B96DE
DC7C56E42C0C90B89C3700A7073892E8
16302A94EBCAAE2F390BCF2BDA5CA86F
F86C5100DDAA2EF9035AABFCC71B1771
01F4D2A1C3010EA3336D4607C629BD11
6FC86AD81E94CD016B5F6700DCFBEF73
C47F69FEDDB5FAF2B2C2C6624253A2EF
DA6D3E9496EC6A2C9916F4E15336C0E9
44C1A95C1100D265DE979B769D068456
4CB556626A99904F12CDA60A8EA04E2A
445DDF94844E9AD491DCDA30FA4EF705
C6B9A1B14D80D9334FFE346C44D3ADF4
A6B96ACE5CFF0A0D1B552C500FDB0634
09A01B2F617865FE7B843AF0539F6E40
8D22048999650DB7C9FE96B436B753FD
DC356A40C260940968518BA334A06288
F687A71A4C35B0D5E2BBC6DD0998E79A
61C067B4BCAF60799B4DD52A8D85DCA4
5334DAFB7921A3F55693034CAECBD0F6
EAF966A80FA656F2930215883E41CE1D
F59984C6D77A4894367CB0F6CF5D6B4D
10D33669E0D7A1D2B4E0527039BAA3BB
D55CD684EF8B0D7C2B233F52D6EC5949
5C9FDD86B29C0F25C7ACCF7083546A2A
80D476FCDC989A3D94EB25742D34588D
68AFB1EF4CD69E2C5D93CC97646720D9
CC48A94C91ADB1F9DA9D8F2EF2EB5BCD
25A8949195346D6F25D33C0DA1AB8862
FBC2330CE4328FCF8A7B96FAEAA4516B
E3B998EC86BD7CDA716FB84C75350251
C30E7D09EF9C19391E8ECD6FD1867507
73D8A8B05447D802EB9165F692F595FE
62AD186D078DCEE36630162644DA6ECF
6602106BB76C751FE8724AFABC6B1245
4B0BE41290C9ED53D4016822897F9A96
D8B787D06089C635C707647830FC02C5
B21338CA48366CEE271A1B4FD61489A2
0D28AD4C0E0A1A8AF0F0DABBA3E095FE
46AAC1ADC9613F4E113EE75D8D4608CC
C9C2DBDF1A93BD664A9FAA06AFCB50B2
278D139D41EA7B3D278F1615A63E9BE0
DCB32407850D85AD3292159D8267C35C
27906CF43FD1745D1CB878F1DEABE40E
1F645A2DF189D9B94A0BB0CD53B90A52
A0B41358E29D825E38C34196E5E08069
EFBCE82C69FFF0315419C45989532366
6F896C89510AE800218494A16124FFD9
C3CDD9593EEDB1B281EFE63721B17660
443100BC351E5BEC68A5763E76DECD68
07FA04D1C17504A2BCC9F61C1524FE75
4D67CBF7739186353825AF57FA7694D9
C46518FC8AAE6E732783D29D02F36ABA
9B42315CD802F9552945318481935515
3054DB55A49B5024F2C4C859E09ADA6E
A3EF84A6B3E69A7AF35CBBAEF187F566
47BA25D24B92E9729E36BFCCCCA05B12
B4E6AD02BB8C327DBE67943056E9CBA6
FC82E6B5FEA3EB90901B300874C8BCEC
D6C86AD5359C847968E8D2B3FACDBD36
E6E2B2C7FC165E8971A8CEBB4944350F
FE7892D0C3151CE49B92D456B9FAB6D8
2BE058D45B7912C7594B31056C3A96D7
AB9F5D39D45AAE5A2E255F6C340AAA8F
E4B5B5A8F418EB89D1A63E0F3BB47CC9
8C20B159B96A5E75A898112918725F2B
7E0E4AAEF226C6F0234B36D754F974BD
63FA175E896FAB94878FBA870856C67E
536A168D901D7076A5036A017698F195
775753708659DC8D9AD31C3A2959FD16
028C41B949ACFCDBA23774E7F43706FF
A74BD682CC7983C3818EC45CB5BF8655
FD428268F171D33BD595A532684B1963
042AC89DE98F6DBD4DA336018E3E890B
049FB71C707D6625C73DD20B8B64C621
AFA3293D4AE97E96BF36B5BA87B5CA32
0259F1D4B9A72E887A3849609B622C05
144C8F63903A3F92FB13088FBF4365AF
99435E4DB0BF62BB86AC488CFDD632ED
D0399988AF2B94FD16BABE48C6D9EFBD
E71B9A198011CC210CA39286F4C106F6
715F6C273B29981CECA0E802F2FA031D
C15E10AF306B7A975A3F76B0F065A5B5
46E854540E3418DD2EF4152E8F5675BF
E936571F09145FF586EA5B9E09A56B52
DAC8A312C6C31AE4DFA557C3CCA1BDE0
CB65846FC8E0222D0D256606098F9DB2
E983E72F97A72EFE2954F5E08F1DAA36
69188993D4E179D6E182B4B35ED02137
649FCC46EA835FB8F16E668F38428753
A5B0E57DCDE6F0CFB7AF0084D8429A42
FCD8F10A648320531969D1B1DCB2257D
5CFC97ECE26E0039BC3EF0C8D031A513
AC3DB7A041C1ACEEFD63489E7D4391C9
05C195FDCE4518EB50B2DC02337C855C
E4F4238861A5DFCC6A105462F53934C3
3C6DB685EF4C4708F694BA3626DCDDCA
722916A542856060B5F2D1CE907FC854
5ACEFAC3588B33B38BACA3F054C62361
43A13A1F58C8AC1558925F44184EABD6
CF17D5E007CF6A4AE8555E76CFE0053A
A48A8041544ED591B041B50D316FFB6C
A9E978774648F81951D807B381482C4C
3C486E4EB2052115FBEA4A5EFD191F81
6696F23D129E11793007190371B62C2A
02248F12054D45E3901B258742B0B6AB
BDB81370C6C2EA417413C2C08B72A358
740E17B72E2A2894D0CE8708174D0891
BEA8E03B78524A1945DF6F4E2E038E7E
99BBC163F0BF04C0CC7D695A0660F4AD
F5E99A58AF0E371DAB976FB0D24820EB
02D0FDCB3D3E5A19E9E78B392DE352BB
A1F9EB88730B74D591C12B76EC532750
679A0C608BE4065801BEC04C724B7EE4
D7C5F35D6FCB77F2F6A8D23756FA0E3E
BD7B78223A2EF5C09399E94B6884F291
09637350AF970F2CF168BB0EEB3DBEF3
A2247E09DE0FA407115E181B2DD62C69
5B966418A95D89030C3D1808A4DD4F6D
CB9868BF0FB9F3A2926D6D744036D2B5
91EE8133CAAE16742B5255DC414F93E4
174D654E2213FDDCD4A03346469682E8
698EC6451B06260DC14F778585522110
DF96BC864AA6C8A65A4EEDEBF4CA2909
F92D138DED1791837D80916AC6109E9B
2EBB0A571B9436379D6161BE6A5E8543
53DA34BF59FAAEA0FE3FD54B09B727B9
9D985B22ED90D131C37EF2001CB8E5D0
5F58F2707B505E8B37FBE4A2F078EA57
64155404F67883D31B3D699B9DDFC330
053D36CCF181EE67E846DE9F1E7237E5
0C8431751923220C3F2A2FF71CDB3E69
60DB389A83DC6CD02F752ACEE11E8DE4
C578FAFB089AD79C6DA40E6521029610
A773352E7A33D2567BDB0C43E37B0EBE
82F51B862160B312E99892A4290C1AAE
6013C0E1EB8C7BF2A71A6400D900A5FD
BA532D97F5A4B8486C86D54445F7A810
5AD98253006B2C6BEFCDB82763E02E4E
FE255EEF9B865E2C633DB882FBF0F4E4
0FE3B11420E03FFB3264E68184F59E65
A51752729F69042006B81F152E431C1B
2431DA7D4318195C5BC10A6C708B9291
4C893B8A9CB1D6C84186558C3500BB3D
3DF1F237FB820B2B23D951AADB0C3613
48123386710642060433D5B01040B8E3
7E259626890A3AC4BB6352D1DD2A90F7
BDF73C7B8E02A9BAB6EB2E6346EE75CD
EAC431FE1FB4B31325995B72399CB91D
939868272D7438ADE2D280CE20DF0311
F6B6A490F2D5FCC41FFE043BE3C153F2
2E4FF486AF6AF1E0371B2082ACB47DC9
D519C9880A7073B38B14BD021D384FE6
4D5F7D1F38B4A9D1964C2720D6FAD6FF
B1D2D23FC63765D11B14395C674B5AF8
4BA12409A4F80A8C79E7A35290A383CF
C757164281256ECB089E748F587CD314
C72B07AC760BFE292C6F72E947F9B3B9
2C5B3BB5A17D4DFFCA8AC99303C00700
0D8C97A12818BADFB7D4B3827EDC649F
8AD4CF0D14AD4823BDEAB2A7375745F8
1DD92BDD0958B5B27063896E8A357F48
349556D3258F6D7744F485C3E4ACA351
0B601120AB371491DBE9CF3D577D4031
72E1DA3C9F4443F890712A3546A1393E
A1711E030A096A495BDD2E5EA9C6F490
BEA64E51EF859742C8410B08AB3A98D7
5397C54E0FD5D6F5BD8826796C079A27
C469A8F1204713FD3319A2ED8BF2694C
D0BE59B8795A84619F3A7E49736DCB15
6543DB30ED0189EFB5B5B3480A4B235A
C04077163CF8298A0042DD0B4E7672C5
75BB15DC32BAADE99E6629D1B7C8FEA7
2002456AC2F7FF8B698DA0A8D859B596
3F1001056F232D607BB1EF953AB6FC15
E8C2ABB2667147B854A46FFFA94EBA2A
B8CDDC3DD3FE6CA51072BBE5990CAEC9
120781F6DC9385200BCA1EB51B194F48
0053B69F4BB083CAC4721B44829DD83D
6064322830FE8B3CA6E193A970612FDC
577E0184BC4E4138A77A8DF92CC73ABD
B0DF762BAB189504A60FA5ED36190C3E
1923972513CAF5CB81C8847A00AA0A2B
95AF9A2D3F7183C73E02089A1F6DAEAB
B9ACE54A5FBE52803FA3C25B73D107C1
8A8C5C88E38550623AB3192F814340FC
88AD9220603222B7DB20CA4ABF43B102
E0000925408D78F79A40D947320CBBAA
E510EEAEEAEB1687B1EC9A459F9E3072
9BC3477545A62F02515A4BEFBEC77BE3
4C2B760153D7EDCA67E39D14851CE4E1
F625063765D77B018EDF69DD8E09548F
8874FCE7F80FD9D3320EAA66F115AE60
4AC3C61D0979BD4465E47DB928BF11BC
DCCC1671252800744F3039179909717C
8219A581C8A6AC25BF6652B67B95F1FE
4BBB0031089F2C4E27D54EDF46FB015F
73D08F4714D716F651FCF2762997A7AD
3823B7040F65E09F6AD5AEB2922907AA
1C62AB55D7F084DC2E172D620411154D
831A9BE591DFFC9FD81C28506B5A7B51
415C905B07C2088B2BF34EDDBCF6B30B
270FD5D659B2187FA892BBDF0AA9DD88
9B0BCB0B38FE8BFA966D518110BC2571
893403A2CEA1802B8133614A325071E4
0B02EA951AF847EE0C383B2A6B75BC6F
520A32339B66B620884CC47BA18F315E
98A72BD423A265CBA286BFCA902D6159
8189250ADC90AF165A61A1E696FB2230
CD486FD410ADDD07E896542FC4C2ED2C
92C6079394355FA61D40F0D7DA02BC08
7779042BED8D9F0BF074CED1606FC986
F163DAE8868566C38B01A7AB05B28DE3
AA98015E4196840F1737FE7C3E56A63B
942EC244DF60AEEE9B5FB2F91396F04F
44547D6F7680CCD32C1055457338A30F
3F343EA5FF6932F232FDD627D4938235
183AECE397181692364EF2192B8F3185
3EFD644666C4EA78E24929D0C58992F7
0E2756BDF8660F15FA9532D0BB4EA401
84EF21F5E38F0C8B46909DFC7B121864
981ECB912EB14BA3F03693A286306BCF
FA4E99914E8AE9836F35C809C5A739BA
85939BC037CA6DC026503F97E26B88DA
BE6E4B701F75F76A41955BC6A34FAAAB
5B72A18D730C583A2AA7782245FD3D0E
1DA317AFF6243060AE87C686DC663B24
A4BEFAF2F3B7E7FAF6C8438BF5A4E44D
9AA2278A8C73CACA2600ABB7CDCA7378
41428FA2007101E104DCB041648C6392
638C31075AFA85D2189E084DEBAA3EBF
15BC9B60C8F4D65E680D998049573FCC
1DB4F6A61E4D001759D388C71FE848BF
E728EDC14FEFDD55B6C97E8E7425A553
7D50028CB77299B3B3464D831A6133A3
62B18DA680CB1866A5D12D717C437087
A10FCF2CC6C07560380CB8EC32E6B95C
6A55E59689B2EE17FE91934B8FD98376
8FEC209B3E96D7C5193BA22EA89BDCB9
A9A0C2A4D35F33185E0AEBF34A54C5D5
B4FFFE7751C7858FFA484E408B7C7300
84380675430366B121CD17BFB000F206
775FD74F390CFA08CAFA57E94AFF297D
15BF8AA8C0A0427754ED68E0DA597BE7
2951BA5FB532D23B867C3C12B7D74983
1DD6EB5ACFA8B4BC139A99B5B2E83FEC
8545202B92792F744EB3BC3ED064770E
0D219831D5FDCAFB3778D65756E13004
61B2F20BEF48341F9B950663F46DBB03
BC3ADACD0A0B324E5AC74A6474A93A6C
172BB42F0A96329AE0D1782337FFD24E
F05B2CCB514D49B205497B4CC4FDD4C0
B0D247160A6BE429FF43FA30A9CE25DA
D49D0E32470A7BEED85E7D747176D02A
E4F80A4E0D585B97D498739967FB86E9
7B670C75B9D1F7A369B7AAB29F617FED
39A421AF35B78CB129F72DEBD2B812AA
A6C6438F7A3C8AFF7E3AF01E3ED92BC1
18FD10A11164F8CBD41258637BFA4F3D
61565BCD15CA8768CC055E9867102257
AB70202DBCBA728E044EB1A9C9BA1C48
D97DF64B42B9EBEE1CB21A5C65D04ACE
8C2B96B38A06EBDD98586DCF391FCBA2
F785B874382C06A0DC282A84F6C754A8
BF87C97AFA447B44EFBD5A2DE04239E4
E17C052B6EA5184395F0396050FAAE04
2A5945A6B098368D15C648665678A564
C81A023DFC360F0A9ECF585A6ABC6166
BB2A4C29E835E8FE5C2F708FF6576580
DBD059D254E9968C04CDB2A2C4FD7E35
C7EE8D4CBA042EB9AE5C495E5E9699CC
44501A83E8ACFFDE0599E231CD3465B2
4AEF3BC8FB027210D6AB13B841B65D0E
B5A6759510D0A3F5F06928E302A34488
7A44BA2BBB1E59FEC238265C1608FFD5
1CDE2F3AE9762B3AECF0B26DB549020D
95C45574CD93B1AAA7BC5263BFC1EDC5
ADD9FEFEA76A0491CAC137F5271F8717
4DE4E374B0A0505AE2AE3F46C28300F5
3738D4CAB3AB34BB47651D8B2BAFBC4C
0947CCA518ADBA0068D6176C7D41B3AE
FA43167D3D853090606FC7B895838E8E
FB61CA9D2FA6997CDF4B19766CDBF507
A7C57D55814BA336DEDBC784AB028CC1
BD572FCD09F2E77CC53E616CA3905934
402EF5CBB8EF8F7302FA8C06557A6397
7F172E8F7F1917C075FA8203B4024D13
E19FECC3A5B8AEE9BF443A2D25D6CD7D
B85919A4EDA2CF62373637F69B7AA997
3670FA040FDB1706C0B80F73960E01CD
7C3673E2AF3E5838DEE7109AB32D2C58
CCC5B6CC8DA8A3F5066F882705978508
3553CE835359D3EE3FB556B7CAA85BAC
0379374FD182EEE857365889B98BF0B6
57C61D91F4989E502357B42756035143
0504BFA83ED4B2FF1B19832DAC56935C
D790F077E1ABFFEB5A8D06A09866ECDC
80592A4DF4EFE3011F59C03A9C13F5F9
F478113809DE22FE9C66A071618D8C48
2EFC6E9B40005EB68D249C32F92035AD
563BA5CFA228C6DF0A4928BA78236EB4
E670C8C47FB7AC20828BDB954E180A46
695D6A9E6995655733394396C838E5AF
51942ECB1E8CD9E7474DD01E4A0E2245
D3245FFA52D88F687F111FBCF434DCFF
42C9C8C1324B6B7C8506C5DF0FFCDC7D
E8DC74186D7D18A61A4F0E8C07A64288
1926EE09884778B46F2932F042941772
90FB3CC6F9055716A487D7AAB468C3B9
6581E64C7B0421C646AF63ED8FF0E888
39333311D4AC4F9D781723163BD25539
306C647D56CEA24A911BB37574CB0708
3F1F8DF3A31C2662F5C266CA148D9356
8D3B70388185A9BC92A3FFD29E715B9B
3C86F1232ADB8AB8FC23384D9C953D94
AE9508906A2653525ACFD8730BB8C411
9C2889EBBC639489C02C85E765F57761
82718CEA535884844A2910D81DDB73E7
86ED6D00CD73FB3E50B60236CD8A7E4C
7D99704D7924DEB0834439401ED4E067
374D179F83BC712A07A73C35A7476C5E
F7D322393CB92FE7C0E63023FAC04E02
AF578FB6766B94E9791601A27B5D5E32
1E452BF90830A672326281C321DC0C06
0A2B19F757465A1E0470178E9A83C72C
1B8E6D658F014BC0263173E3B39BBA11
EAE5250737A75045AE2969578F4F7706
8F86600C8C17C5A5010094B9E6E700EF
F9477B45415374AB45FB5F33BC7B6D27
A24E6FCBABBEFAE5710EA4EB7A490E40
327228AE54ADA6CDA56F94ACD187086B
47DA67C307F3607A672686B988CF921C
65B34E32B8829AFCC851022EEF39E699
BE46A90E51989EE75D0DAD4A3C900E16
155246F4F747E122703B1FD42F7F9BD0
CE7A04EA6C5D52F24B59F76A7AAAA986
3C8A3887F0D8041D79EF5A8EDD4C1792
69801CAEF091A7EA0E25B5130557BF17
7BBE9B8D8B6B5BFE46FDC3BA0F013371
74A81DC3B76A046A68020464864DF501
E665D5051DF16B29B4C3A3418162E7F1
29B94B6EC4711B963656F58F4B3B9E96
3290402CA11CD1853D5118E4E235E72C
58B8641DBA2DA0F2FE6B1E3E30E30A8E
1598645C123E52D218C8F70B71CA1257
91BC5C21DEC0990A277F99FDBE5EC550
8EB9A9BB3F585612F234C1A246B9877D
CB9A0F366CA7405C18D79212B6EA6FC8
B00C805199ADE9CEF25F71973D0375A9
C966D0CB939B132DF80F14D1A8E467CC
F60E59ADACB4F571F30DD1BDCDDFCA4C
FADD2D1284468AB4F641CD28F8191AB8
E6F4BC265E636176D2A88EF8FCD4A463
5D5853383F9D42729BF7F9EC877D67A7
8F7106AB39CA60DF09868F5858AD818C
DEFD47C56ABD1549ECED33E381E3F8B8
52917D20482376BB892CB34361585B41
6237FAFE535B8F88077C9963B4F9391A
B36A3FC5A7921CB959B99DA835345CDA
22E3030B5ED6699EC160873E3625FF27
CC85A9E02F2AFCF1658AE592F4D49826
6D7A2CE5A467F8C20A838F24093E820E
068F6D25A3AF5375E4D794B992BCA603
D74058CB3F02DB005FCAB8C1663F8E99
8695B707EA4C94BC72150F5A9EA0F2C2
3BE561B9D055C5CA6CB1B8AF28318C07
935153968A3D5FD4460DE804809CAFA2
5395B535E945CE99207CED473E5EEBF9
370A821ED316B70F59AA194EDB203C9D
1C8167E6CC87EF865BEE8BB4FB8A2C49
E20FBC1077A6F811641A7DDE859B8E9A
8AAD8444B24E723854ED970FB8AF6797
19FA9C3D32C32F29D7E97D17EF750C23
B8BE7C45263347817789C8A93716D9B8
FA080E5A898A873A50FAEA1818C7E1D9
D35CE62F80185BFE5D6D9180C2C659D0
1D991AB244D0E34AA55FDD201886F7B7
6B22BDF3031698EC834C663CB9B4BE43
3A63342CE3E1CAFD7A942EF80E5AEC31
DF5E8BF9F74026F01DA01FBE0A1991BD
8514CBDACAF791921807DEBDB9DEA72F
E812CFFC6E4840F333CC6D30B385D036
43ED72BCB17FAB2D31AC47ED04D7B80A
7B6F268BB2EB57528AAFC06D16E2D914
5EFA8336EB39A817CEAE1A797A9E906F
BE02C165A7F562E00A97E5EFFE1B1CF4
3D7BD103C2E440B6881CB3C5F1299DE2
8B5B4C0F2831B24C62E9274FF97FB709
E1358F646B58E75AA92BEA395FDB7A55
505D631D8CCF95C7EEB699AACEC68135
AB3EDDBD33DD8B3DA41B5D71E152C793
A7E1D9E8B3E9DB5690AF1BB3DED900F5
6B5F72AC69DCB9ECF16C0D101F21CE3D
B879A4F53FB1451246AC7FAF333CD2B9
E06FCD0088903978CA4B35FDFB61A07D
9DDC0CD030C9CC1EF52F7A1FC3D1EC4E
20ACCE498A3CB92D71B2359E301F4158
E94A197AE36C6267E097ABC2C6A11694
6466CB0420B3F06E5722FB4065476C14
0888B2DB5BE726487C8B02741F8B3307
AC6453ED1DBC283A0A1ECB69F0324A20
39D35D8D555B30B71C2DCF40BBB5EE59
A861162537D876355A25187B41F61CDA
C7783EC49D9E34DC2D79E9AA1C931408
8414EA0810528FB715ED9CB36130502D
1C8F3639A0A8E67D620014E734FB0040
78A1DE23895CB8EB6B72186B4A29E745
AC7ED60E640ABE23CD5C514C97D891D6
2A2C2E41300DB8223EF69ADE86815C7F
31DC2F9C87F9591DC2ECF5842814EF82
5B3F7B7B546C62543C4A661E80324CFE
81FD8E0A56AEB3519610C3CF642A2D1B
1C8CF3BE33ED0D69C6FB3EB962C3808F
3363D689F090F3624A50D7B6153726F3
3F55B91A521A40944B49AEBF3A0AFC18
4DC7D6097E225DE6F8EA36D1ECB5BD1B
3F3CE51AF16DF53645E5481E759CC39E
67644D85C727EA57FC2B6AA989D323C7
9BA3ADBA9A05F9C4948039FCCA8596BE
43C1512AC02FFE534F48CE6B32371B23
9FD0297665F679358EFF3A76498358D4
C2B77C172873A0044D5F8854BE8C9612
B12C85494387AAD1610CD5C34DA8823B
7D7F5D6CA1DAE41680E3B6A5F5D38F4C
9D81F0B90961E5127A9D05605B853AAF
FFA6A0E6CC29FCC91D8030E7C4215967
A92D877BA4B07C061A2A15F531A17CAA
65639638303C150FD3B2AEEDB54D8785
50F888B9ABF4C25FAB5AE0A2A30FFB8B
FAD013B3661CC3AD85FE973834958CB3
FF37E1C0B14B9C27EB5E0FBD2EE6DF5F
A0AAFFE11F3F84944AF73EBBCBA3CEB5
AC6D4183A703CBBE85E0BE411A7B1B31
8DE93596C04B3355B9A40736711768EB
6A742A9C5247552152E85F53D54F4E8A
A324FA775F0832BAF0529D3400DF90F1
F5206694F2567E249A5B758AB5A5BD87
39D01C56B5EBBF767BFAD4EA04BCC6F9
6E7CED6FCA5A1FDDD57FD3E862EAC00F
F1BB47D21343453EAD8936D22245DA05
A4D4A95BD5947DC3108DD7FEA4EE1BC8
C0A4702B4FF3C9DF958FE7FF3D6D3D44
8570932EC4B4AD68328FB71DECDC7018
A593046DD5B67A9F2581A27584BB33C1
5DF4BEE3076821A7688D5D261FFECCEF
C8FD43D1CB4C488DCB4C986ECC9CAF9B
CD610040F2C317A4EBF6A954782BE06C
01E3450BC31EA4472B47533B7E994C40
0A24C7FB6634A116B0484CC52B247EC9
5E9D4856F9A8D19FDC31B71321E1E42C
DE454276AC071DCE9B97559CCEDBAD2D
6D0D52B0AB27754E339F396C921C811C
722428885B6F09012830D0AF8F34938D
E8F24A3FEBF80534987494BDF66D2360
8D64ED81D0C141C4A0AB466FD1CA1674
F27C203AD7FF2F6DE6222E9F754F2479
D86036E17A4E54DE2888F30BCA55867B
97C5428FDEA9CD744AB2C613B67EEF6D
0CABF55730E8B9E8F418D9B85176AE3D
207F3767C49C2C3D4D27C5E3554AD68E
7C078B2E6DBD9C0FEA186449E0CB1FF7
0E309C333197461E17F3B4369431C6BE
97F93CD266FD6C94C2C8F416994828B8
82C284FAC131274A244C240B05CACA54
85B72999FC0A3DEE66D28EDE5E500250
06493882D39D09C2C936001FE233F505
46BD0510ED9CDC2F37DA228484FDE23C
2E3210D1C1F2B842F4040791DF5CA0A1
CC7DA50FACB10935066D2848809613B8
F1AFD310E1A6676D14E5FCACEC2F7D5C
DD520388D86852C5EC5D2237F94924F3
939B517909DEDEB02A8F7A843B8A3E0B
52E4C254CD2AA90BDC07DCC391E84DF6
CC80658EA7EF7DD6A903DB70FB0489B3
E0B47841D93480E2E6762DC3ADB54A53
2F2813A934D7AE24F0C3967BF761BE42
2DD6F7FFADDA0B895A14CAC57C202A2F
23644AF8E05E56EE2416AA223DC67BDA
BCD248ACB60A97EEEB99F62B58EF6424
D7101DFE2942BE865A7E9F22899CEA74
385912084F89762C81FCB7CB43965626
C95829D566D491552FEFEC425D3F1EFE
25D252214BA4B4726C641CCF2B7BA2C5
E574E1B38C8988713191EE5048C6BD05
2117F6695C793C9C17294FE08CBE74DF
72F40E5C684FD4BF07854C563D2F6A1C
3A6413BCAEB536EDAA73997A5502648B
3357B2F0EEC58415A74F3241BBA3E2B0
FB1EFB4873FDAA70A00786F5F82AD249
7D9C35F525CC9DC56FE4ACECECB54EE1
B3747100C06E86F8E06942E0999D85EE
2CEB844600FB822E77BE15D9A0F6650B
0188A08DB127BA641C44D2F8CC3D1AF0
9017ED04F7335C3240E9A7FC9B052142
8D74D94DA1AA0A2E7052D2380025F0BE
3ECA540B4008427A033F47638EBC7A42
4F730D14A2F3A05D8D7D106283FE3FB5
A3BCF335823B665D521AA11A21368DDE
5C02968CC5F67042DACDFC7DC0070616
91A08951DE8E18D4A763B364E0BD5C62
975F572E7BF94892C1209FFCD57493BB
5AEE11072558E9487D3496E9F8913C16
106D5F0E3857B943EBC142F5F669BE90
DAE7F45938BE601F1307A985A2390193
D06DB5E6080E9CA04A5AADD4809C6144
6D9D1B638925E37714DD5DE2F1C1FE38
D72D7097D844913FA815534710DE89E0
DEBB9DC03DCFCE2795B400C34475851F
B7681D6417DD51EB6FAD4327B2043CE1
32E0CA3CD55F3E8DB34585D295C26EC6
E5B0176EF832612FC1EBAADD186BCAEE
575404AF91A450E18AB4DA91669E6FCF
5E0DD96F64ED068F40AE4204BD51F350
29E5CECAC387778E019F979895548FE9
20681121C544109D23F529B4E7E207D2
B8590B98C2D726C5AFCF91000F8B7909
7F7FC290B03CEC9B0C937B311F62C042
7072D0DEEB71CCA10DFBB5E79C7775C6
E55D8823C6D74CE0587736C028E02670
5E5FDCC6147D6B87367A1F65D7AFE5F6
3E893C553FDB5FAB1B18E3D987C53129
A31050B4A1D33DE32B1343D26CA2E675
A37F757E0D52D082487D1E91081C95EE
E10919419B8C52B5B841F3DACE045EB3
D749960F3918666116AC29B851DBDF3F
EF2999DAFAA9F5E67106C9DA4C261081
127618DBFD1DBD4038E23EB1B41F3EF5
0087AE97D4C628F356A533B27582957A
0D38C1F3E875B8118C6EF73C08E838EA
70D8E2ADDFCF79A1561628F9C35DDD2F
FCA0DF13C1B9593925315331F24B0B06
6D38209D594028C5AE4A2413B05AF5B6
6752C8534E0505CD6391C909597447D1
50D11F89CA2AADC260D0C6F7C48FB006
09039171DAB28D34266276E3F0C59B9A
13F2487D36C3842776B44EC391F5E9EA
67D17CB98ABD9A0551B0CF6371029EEA
DDEFA151BA40ECD5EB1D37E8CD49BE55
808B12BFCC1BC9967DC389622739289F
306D5AFE9FD3D955F9543144DA345157
5AB21056A89DAD2AA83BB31A0FA831E9
4D3564B60D1B38139D44CF570F2DD126
A3AC13F50EA67F7E30356D28CA4B500E
3F9C8BDE3E768095A4A6A350EE40E7CC
178395C6FFBE37C165294A4B1815AE6E
912B3CEDD4DB64666DABE725B79641B9
29FDE59EFA02F0818781F039A1A60489
F9995E0573BD12D0AB79F651AD3EDE40
68B06CAFC0754E40ACBF67B9EA5E291F
6E5DB0C66017231134320060B6533963
CDD90DD59A2ECBC7BFD8BF00C8EDB9F5
941532FB379BD0D82B33819F2F169E84
BE3BE5879E2787E761E6BBA62BAD0485
6A26618861464DC028F0A84071178DEE
62ACB678DADEDD817A92A14F43B223BF
835FC979CA445F1CFCF67E27EC4BF06C
DACDBF0B2096DB90692CF1276D49B69E
E97CAE97FC24043646367F5D6B8D1961
3CD04D52844BA335F964037AB86FE0B7
923C53563B139272C816B854AB4BE39E
8E1E23F0818921762A7DA5A262E0B7C6
F309B39B4EF839714620424D63F32DA4
8B73D475A13DE2179A4C9D02589467E6
9B999E6B66982297D0A68D4CF56F1ED4
485565EC01DCCC577AB3E3395C99BC07
5F7E03E6963E3168A216D02D446C5509
85AB85E5D5F91AB47102BB5E3D279E80
5D0F6D0DBFF359DCA1FE03A61A6BCA9F
D417433AF1053991186A135AC4DE88A9
8C162801710D61D3D0FAEFD83F6559B1
AE2B070FCEBE7DD8A49106B360ED8B97
E04793120499DC5DB9062B3862D90BD0
22C565CE2F2B62B572BAA97B19D6B10C
D745961E4E4EF4A5C688DE968A73B6CF
CE806080CDC7831D65C3837B3DF71BD4
FE0495E3A6CA7537228078D7C0FA4DF8
C508D19FB4A5A6747D1C2578B424840C
B7377FD128BE9E49F6F64D8C940EA8D4
5D6088C243DC0BBB0273451DA80AC9B8
E794EB81244E313194908108FDE171E8
85965F9B7755F666D9FBFC54C6AA8E86
6CA3805C06641C54186A5EF8E17EADFE
B5D853040FEA5F09E010139302FDE770
DB09C9368DA712CBACDC19AF0678D3E5
1CD6A8D68E76509AFF2376C1EAF58C9B
D4C67690799419D77AC53F5FF3190A35
951408334D89070969594497630B1BA0
BC0102EE48430177DD2A4C56C877ADB1
3CC3E0F9ED8472F7A0C9D501839C30A5
27F7649B980DD936839379104C048E62
51463AB53165DC3F2620597694A73B7B
F0C33715947049F630658844465EC211
73F15EF015B1263F6A6C0C26D307B91E
D2B0D91BDEABA45D142ABF53576CB225
53501F3A00B73224C67005F6AAC65E1C
BE5F9A00A6F3873586504E6EAAA9000B
48377305DE48022A06E1314AE821307C
3AA8E2FAE1B2D27FC9584C7AEBA5B43B
A6FC8DECB5AEB71B4B9CED0C37DF8E96
ADB1C22723EB1F9F2463932425D089E4
870FE5DBE21DA7BC036C61F57EB8F079
704690EAE1CDDCC73E10946C2DA1D3E7
FD15D931A98BA96C076BAA21B32844B4
11B5FB66BC70A08025A238A89642495E
3E37C1362C60E3B64498EC03C4E4CF1F
0F0D45173FF81F3292D7F9A27BC7EE10
9563DC2196122B18AA94902444A8E1EB
0E84679EC1D86C84FABDAB333D2D2C9F
6D5BA01137F2CF4637AF344DC54F21E2
9387481BB748DB88EAF410A7F80C26EF
0E4200DB4CDC5C956925C5F634EE8E6E
670F4C37674BAE527AB3E6DA7225D6CE
BFE2D23F1DD018F39ACDECEA156A77A6
E3195470EFB93D0C293C6C70857DD7ED
4B4F166052C3F4878FBD620F5AB1AC7F
A4C7C4F532FA5BA948D5FAF16FFAB3FB
A579EDA0D879D2B9964CAF67886086E1
FA38ACAB79279BD99AE51108E422472A
84D2816BFFCE9D223CBE80EC7A508126
D956E6C8EDA008E3E54D250A747E18CC
C92807BB00BC0C69E4751359769AE677
2466361669E405B6EE6666F3791C9817
203F0DA223F5E0CDF6F0F01D8508628E
813AC9946DBBF7962B850FADA6C83DE8
3446582AF8C176553AEC8E83FF27516C
DE727D9CE6AEF91B744453911A9A6FE4
CE27C9F08FC53E060571CBF9E6FE6911
107C251F4A565B5158914137C4EA331C
80E43D7A03C3A242199EBDB5C1E30834
46E188D3EEB2BFE791C9D8711A1D325F
181F60EA87A30E4F599DC2A67A71F2A6
86924700118D3FC3F0AD66325372AE04
01DC3027EF635F22F3EE4ABCAC33E208
5D78A4B4FE4139F056C0348FA5D4F7A7
F66E9CA688AF70EC5F16CE36C3778B2C
03FC133606C07E227E723B043B7F589E
1454EBEBFB856E150502FD20825868F4
8A6B8FFF50891D70F1013771345FEBD4
DF82E62EDF475130E674C3091451FFA7
BC8D9EF5A2DF74E9D61B0A5728425752
6ADFBF9E02F3C65CC27E73FE5C39F4BE
84E615E222480E78D16C94D9172330C1
6301D61307DA210C3A8A46E31F25035A
07D39019A078DDC2CC7032D8FAE3C560
0D3C33744B08355F1FAAEC6226634B88
C2EE81C70AAF3625BEC46802E122B1C7
CF1BE0CC710E55E34E0D3A6E901DB935
805A934BACD1BAEAEB4507C0863D3047
B56DB31ABFE262420B73D0433693357F
9B1D51B0872A762578F52F9D236B740D
093F4C206959071C5DC795C9E8153581
3546175B1001F04BD5E2C1883F71865F
3A24E355E057D293C9DDEE69F99A59A9
8C46DC0C99E13FD90CCAB9CCC1BBE99E
0130EDA6A9DD06003BBB10511573822C
42230DFC915622C377355FECE031141A
716895371AB86C43E477D99F7925AB8F
4D98E64CEEA934C31418E8D738E7EAAB
CC01490DE4FC062C9DA7E6D73F0EF816
9D11F7AF409EA9F13B2B3902300B92C1
B20A950BD2A7A410071036D32FB2592F
37B9EFA1DF21398126E6BB2D451102E9
224D12231FC8EF4ABB85653AEE047716
6C862447179F83C0ED4625A752D0F7F9
D7BC424A32E242678F1A640688D718DD
74CFAA0229583C76DBBC60142A444FD7
EDFD9F37F2E279A4DCE413C4092CB632
0E170D99DDCFC28BF407344582F86803
5047CD8DC7ADECC17A1021BB291AAF18
813678A28BCB1DCE1D281C5F80BD7E13
BE3E7DFA49024C7D649408F534FF23B5
F8530E6A18E3B595B308BBDD060F0469
136DF22B251DC5BD7A97DF2A1BC0B510
372E020248F124AF1AAA341E1CAB1137
66511482211CDD5387973C02CC060D61
C77F6BBA8E5576305D1EF72F1F707B6C
B9AB5DCC6B4DCC08A7559CC2B8F6552A
286081948D7C88554E77A24F4266FB49
3562669D7F932DE2BC39641E9759E3F8
3E1BBAFCB6C141C02D48A0B6A43EE33C
F72FD7D18BA86A3A3CA0C87F3364E0D2
314BF8E36C3CC3649E81905D8EE98336
E0AB5742C1EF51407AD0B8AD78428995
CAC56DD12982778363DC564887A5406A
CCD7D3484FFB17C5E8EFC60706D1C1BE
6C3D2062E10BC07FBF2A55457B11E928
D09F4E2B99B4088215994FE02C893282
A7007C2BC4D12AF84A9A33BE21431BA7
33734BA287CC59479657C4B7316CDC7C
9C03768CEA07FA5EA7147F90349A4055
22011439D4A8703021DC1C60A97DA8B8
A33D921519F8CF63C95545D0CF96F8A1
820A263A490A479E662BD775B1A09B50
FEDB3022580738C90A5629B9B643087D
159F118BE9FA2889282428D9B52F98AB
CDB8BD0CD63B284DD9011861236F7129
28F69C0DB6304C29276A17D86EEC28C8
F660902928FB9967C17D33420F12BE3E
205DF000AB21FC19FC3D7F9783A61CEB
FF90F3F86797721D85215E743131D9A0
0A519E250DC5EC43F388CF1E0A7F04D3
A28DE61C59BAA0ED445E63404618AA09
A9498D30DA42765FDEA7D986E06E004C
908DC3C96DE9407E8E88BF76EDE49B85
F436FE9021A60D2951F1B2FF287BA775
F7B2BAF9F71872DBCA9334B635091526
C24AC3BF4A2113222597F6A7B8A40060
72858FB12C5B5B7037F6539616DCCB6E
BE56D953811E9E05CCE4562C76FD8FA7
AB14680F986DF142CBA009B69091EC97
17272004D3BC0310047AB66DD4656D46
CD16A5CEFFFC08F1F7B49CBA08BD35B0
AAA5F7500BB2E0799DB476966D2C8EA5
636C6B5B60EC87DC954ECE5A776B70F7
DD0A11C12D9BC78B8B34834716EFEC69
282A04FBDADE4E4BD0DBE5040B1B134B
3B8D2C70CD1E770BA2C24E54EA048004
0EEB7016B1D1948741699739F243CFB2
442A2BF6F9DD6DBF5E8831AD3B8949D6
52102A3E741579434B23EAEA0BDCD430
626B30FC9A7F7A39C199676C0D1CAAA8
FA88518F89B1C100D580F22D58979706
4F02F4CB9822D93F769A051EA35C6C83
33429B590372B17FA20FF4AD752150D3
A6CF354B5C8226C3D6CC2E0834808BBF
F721FA5B23E4A7B4F13092AA16836C2E
C2EAC4320ADFCE42E8758C2B14A85269
CE4A26D82D780EE2708A15B81329DCA5
ED4C435DF683F1244F1EE4C91004284C
0883ABF2787AE5067B69AA12D9FBC227
57084BECEF20C472B99F45863C0FBF78
71FE084A4E87BA9591EB3F33C0FE3669
835F6550746A155068919BF127D7B399
FAFF4B46F347AD70A39BAF030681DA3E
464171F0EC3EC9452778483EDD87DB17
5B145E3A25CA927A64C0FA454D30A69C
58DE05CDC2C3CBA38FABCE6BD13E54C1
A188E3E0454CC9761E6507AE28BD2C6D
1127087C98ADEB7C74C5DAEEC0BE5C0A
0ADAC77731F4C56E75C79798B3E806D6
8DBEE1C54D60854BC95725C31325ACD2
4E3667CAD275DCDBC142320D7917C756
0EB347B2719E6557BB0E94A1CC0FDAC8
585989E2764214831859BFF29D8971A8
CE92C4156D35B84065BA1F6F9EEEBC12
84711A5B8D5A71AE694B4192FD40317E
CFBE2344ABBE215AD32A69BB48179FAE
E43A8723114D2CB304121AC8364E74C1
DF4B0FA324CD911B39DF9869B53125F8
89711FAA21E9C3A12C9EDA3C5566EEB3
8D96C74D088BE1838814C0AFAA12D826
DB37F645A52D2F88624D7C330F11DAC0
BA27C278E8AB8BF66B988384590EB9A0
0E37D8C6FDE4BA5723A9E04C4EC319C2
02DCA903508A7FBFE86104B933EF5D6E
2F7767325A0BCAB54A5DCC36D4ABBD6F
D77C3B7766055ECFAD183BFE44EE3F01
CFCF99876D2BABACB8F5A13BE2A610E6
4E1852A3A2F35AC67B816DD9D9FD4651
6AE2246D6944E3DED969E607087445B1
5B49AE128108B4213D0FDE681EF38A27
033CA2CE90A2281CE6946C4DB53D852E
984B6862B29011494BDCA60B6EF06A35
F3FFCAC9A0B0A2DE4D55F86C5D67A7B7
54F1B4F44F4E5E5E0067879EC8B51337
20B7C164D2E9413CE1230233BD55401C
70929B536A9FE05F30A3D32091390060
FCEA005124E5673AB4A93DC1E76381AC
D69E60272E548885CAD503E3ABA2821D
90BA1149A94D78B88C4320E76E652B54
DDEE6CC284D2EB410443662D656865C7
157969B79EC74DA9243F731F54CBD73E
1425AA6614F1646EE1B9B749C81F0B99
A179F64565CC56C63FCF002830166F37
D609ADDEEB279C46ECD0487CFD8C531B
D06221AA0A2CE7C9B53AA054C5060AB1
7B44CA8B471A969D8145FB1308282790
6BEE8D08AF5ABDC15A870E84AAB4763E
34648FBB401019754F365EDD75DC4BBD
5B0F08082B2C3104F3E396A0A915EAFF
85B8EB4CB2E6BA00B7DC5CEFCD6E318F
3B444FE7E3BB8F121702BC7EB88FD476
04DB3737D1FAE312F9F75BE7056F6B0C
618576607A23163FDA7A27512C50976E
ADCD952BB790E6C8280DE6F37558B9A9
2DFE425E71F87483BA53A213E38CD8B4
0FABCD9607A933588863D887B311B31C
D1F135328EC023D7AA7B3D3085DE181A
420DDB44943B8760D729B5BF196B364A
EF984A329FD66D1D53722BF57A3D636D
ECA4711C182C2850C317BA7C90260052
BA52A81E65077B3D76DE94B97F871FA3
898A3EA1FAD6FDB5A24F1D6DC36019CF
09F2A104E1F92DB07F614F5468FD8069
E790DEF10F4A03A050CD768C91A8350C
0671215BB70E5CBF917600DE645F855D
D040B4D1564E35790AF11B7AD4670C10
A9B659E8D4CCE4852EBA2EF4C6FF7F8C
BE135E36FC07245FF42FE94AB42949F9
51FC3BA6B3CF9CE97BBE896BA21C0153
C772C8EB497A2D5BA1E7BE804CCDD127
846B61132161F65C0A08E13B913F56A1
AA6C1F2E6FC4CC4703FA2669F67F5BB5
B35F376451B15AD31C9DCE13726FDE5A
7A3A306A97CB5A9BC4A9B675E72F9B7A
A90499891D8F8E03FC94673353DC1540
205C4AED93821D03A01C972031682299
83DF696F2A878BC19F7D499F4B6D6F1E
92A51E60AFA6F59D0623974972816354
BDDEE022B72F73F53C0FD25B99D6BA23
3E4EE6D93A5100EC2E5B59D5CD0DC018
A1F34C30BC8DA3B3748657A8D2137FF7
CC2BA6D02221BEA98E95E1129136D3BE
B9BF4C25B21487FCEE7D84709B03F5C7
0E5CB3A71AB049FA8E66703B9C83CE3E
046E03B07B276502DC0E634F73AAE491
51C7163A2C2DC72B3D95FF0F5B431095
FF2B7317B674C62018B087EA1631CAE5
0E41FC3EF5A91457B43E31CD5826E946
3DEF16A0BC894B6791BB484ED8F0DA28
AD8EE1A1CAE86F94A7165326F9C69B17
A05C52E1ED3377DBEC413B3F62CE4908
703C086DAF7F0D6476E75F56A530649C
97A4A4A2C21C256DE3F8027AA501FDD4
1DB05BE070D089B0AE6CA95606A1B494
9917783436BA91B8C37A30F2C0E62442
65738A26BF2D77712FF4B7A12B520840
AD3EE8018533BDA6C7B4210F22190DC2
D57CA35CD78110FB5086A6F2D55D18CA
64380256A969C85B89AE8A6F9D0237D1
EEE9800138CCAE8ED405F28995FC8A63
7870B2F6EE0C4F61C07A175BF17399FD
096CD16140CEFF4AF608A721D2019843
ED268F1E53D19C61E57B489188A2A7F2
87C0AA420756DE8C0D3E26BD30E67832
8ACD144C4400EDAED4944C8F75253A07
0D1DC7DF04ABEB20B3DBDC6E7AD82AC7
9EE50B0C25D645D5241428259EE93260
2C5E93F277D2FB4CCB92761EB05F8835
7DA65E2075411C826084AE05EEEFB644
E154D824F6A953F676D951E66ACE4B72
0D4DA21107E46DB2BB6421AB139BF6BF
05DAE66066F9BD2EC61A393BF4E70297
4032DC438F9B2119730520A16C444015
3FB26D7C7CC529124F0B30B529CC93D3
0BFBB2D0210E2D16F20B477A7CF84CEF
79CB12A890AD389208588A975D282EBC
88C4A6440F139BC1BED188737F6DE7E6
A181581F28EE7A3125C595960E50FFE4
EFD858E50E5D3CC370C86DFCDFC993D9
6FD61F6876F9D073F511EE158FAAB43E
73D10762F5FDE693EFC47D9D3A2BBF17
EC38F2C6F1CFB3D716796A63C4C160F9
DF7D7D63B58E1CDC5230D87582E49C9C
CBF66400E1776FA00AD098B94D9ACA12
B3171E9605C6E97FF1C257B8EC46A1AC
1DA34533DFA573C1FBEFEB420DA9C8D0
11D6243594963B68835CCCDF48E182EA
E9D587F8423647224D7E4B89D4E8C5A4
26CC0E00C5E38F0EDB08FB40518A39E3
69C2B8AB2B06E37B61A4D1DA154644C4
59BD14E2799BFD86DE8AE5E8111EE159
4E167FB0F0E2784FC1126D27C40A345C
D30EE69789D14D59621FCD1349AD1E81
7B944518152C1547A2DE6F53BD8D671A
D3A57A918C355A144763164C1E8E4D23
BD3BE97D19A7B7DC4F8B8E715420BAE0
08A137AA795CA7A8B8CE9C6B9D3F16F8
94A2179CCA6E531CB6421D21E64B494A
6FF4BE3DD7964AF0D5BEA30E2D4CCEE0
567845FD8155FBE75DB2A5F6C6E41290
C186E06CC14DD176D83AF62A8780E6DF
5C46E496803E8E8F9A64F08FE8BECFC0
B97E9783097FA4B7E7AF70E7FF49B3E1
48DB8B42F27547FD97EA65C66B4389BA
D7B6C7F71DDF1D7608796E0E4E013FA6
88B01E4F2F70510CAEA5926CAE86517C
FD7A6E0A89AB8CFAC7A34DFBC64626A0
D2239D336CB35B5883BE6F15AF50BD34
0940DBFEC53C0D3E85FA1CE769BA8437
8576BE295662A9433F557ED7DA4D211E
98FD02476FB374236CEF4D2E6423B369
E8FF0452D84AD6F4E5DF2BBF8F630C81
767A5D864848DB158459E7610F2078CD
99014B370AEF4AFF71C1DB9D939681AF
46FEF627205FF8F6E8DDE5B80D251313
7ED9B91CF208424ADDBFC040829B7E22
54781420960C12144A9C1495A8C2D565
E019B137B40F62CA3315EEE9A55F50E1
037B7F7CB817C1243C77CCE0357753BC
E179EC9BB5040CDC2EC1AE6F23F9FC6C
8540ED123068B250849204A80ECACE2C
2BF3A2D857ECCF67D36F85F4B2E42E43
C5892B4A96C37D1A2D9BDFF5C4BD1EF1
6897BF299F1FE942648C9051E012FAF2
E67ACB0CE5FA33A4223CD50A7AEBB1E3
8302CC4C9152CB71E5A729A1348E3E3F
790FBDE0705D892C647E235E881CB6B5
2E4247B5C67424600DED85A68824A279
FFFD62EF415AB743A12B3531D92A91AD
E56B29D4FD2AFE43E5B5CDC5B571F2F6
DB647242E3F6439A58B6F99FE8349ED0
AD38DCF18C7211C2EF472DB07E2CD524
4C076338F5E48ED90D028971B2B6BD2E
92547269D7762C058E6AAC7A18F6F56B
F143978BB679E7EA286BAA19FBEF474A
4DF6C6DE5426BDEACF19D54E2875F3BF
905004A2867A2F08974784670BF90EB4
5C9802A3DEC865E3725A88D90430A462
1F351A3E888FBA14E8140341C60A9CFC
268E1E5F18048B47544C9C05778E7998
8CB29E4C12D357203386EFACC46F1E53
50AD74E57667BEE361A8B908A42B8326
525C82DA992BCD75EEF97E8B98BA1086
E7EB5A5C34A09FA53694A01B918F8248
4AED0045501C93806FF6FAC2DA6F931B
8657DF952E3EE9D92721F89A50CEDF1D
39E7F1A173E31A0A29DE3D34A784285D
62FE00727872714E667BA0D9811D1EFE
B4A18137923BF817DA5F76F207844AF6
5AD9F474973753010954CE950FB7AD1E
730E7757B0D26CCD3A3688941064B1B2
EFE6CEC96F72FE836A1D396B808908A6
666DD82EB22C0DE34C290A19B3405E58
B476FB89A638E61FEA9C27E7D91E39B7
0B8772F2044D44514970692A3DCE2B01
CEEF96E6897C8AAC1847E23A26C998C5
B66FCC8B3B3071C2F4CA689D50F960BA
E62F8DBBF776FD9BF82E6E6B0C087C19
7C3E98ED7FBEA03442E90C27E763154D
617691456220C1CD846F49CF0FC2D6F1
781DD43502F40C61730988C4E21729A3
962AA28BD0198045B2351B96A82F24BE
F81C46828961477231B094C113836DAA
790DC89D9765588C6D9AEFD6CB659C61
0E76EEE29392155CB5663FB6C37D03D1
62042328844538B5191B8F2B359635DF
69A1D7DCFC749615092AE8C090C3D992
4C275750E41970B38BE7E9FF854957F2
E96B27389C1AE8232521BC0FDB4F9069
5D0F47887C36F75277EB0B9318A79AE8
ECB52DB16A79C5F364224EAB566A4A26
F42DD3C12D92FFC06D227D9104D4A0AE
60211656654D86FCFDB86730C2CBEBA4
2C178B1C02740F1436667333D8DBC73B
8823B031E886C73FBC71B4A1E02B3090
AD798DC7B4EC61A0C8429C3CD5B483F2
F61193B92434AF8C6E85AE4F2B0ADBD1
C05B4C267396B44ACB857A9C4C937C84
5B5BB38C72B2249B384DB79D35A5DE07
1C985F1E8AE091C25DA5414BE1441976
7BB2734F816E2764217AE7CFC9E27C91
EE536E0188032AF68FDC2ED8944B1B50
A11418FDA962069773AD40164C3C410A
6BAD7748CC7F02D4BC2F6791767F7539
21399D0F0B1E465D7D2F96F08EA31E98
CBC55992F4191728AA22D3D5A16F545E
E2E79C3C31324C45D8449E52B6640282
9DB3DA9B638B63C23700E63B4CEF5068
C9FFD26A90CEC8528DD0DDC9B7A22428
38E4F9A136926880E1EE5E2783A2D6D6
20F829311CA711AC662134E7D5020E81
AEDA557AE5E8E0066A4A9AFBDD82D51C
4DA2175F326C535F0AEEF23CE598E596
C46665C6265D30794D9835C70308CA1B
ED9B19A2C7E436E64BE63D14BD10FD45
3A0BDCE439DCFD547C184FEA875CD8C4
863E0F17E7798DC0EE46B9269B7920BD
B3D220C5AF7C0E7ECC4E62E13BC4DEB8
D513FE467B11459C604A676F28D4FDB9
0413AD3CD68350F1F9C5B8E3C2B2A39D
5056CA8E0BE393811985299C70B9E2BF
E30880C3BD0CC71128B32DFD0AF0DB28
B1DB17D00A3B38F04D9E61BD4C7E76CD
1F79DA11547A974C792C95F44A64F247
A2314978CE246021DEC5BB6BCC698551
65B36B9C63FB2ED6D8AC5C9A17F3CF42
8BB57D98F7004872610A898A17283A0A
9E4327506501CE9CD3FCFBCAF439AAD0
E4E87314951C1B912634CBEF22BEA96E
468E657417D1CCAB206C1FA1D6F6DFB4
C439744041B29E11F095F932990CDBF6
75E0DBDADA4CA0762A8F591A8BDFFBF4
6BABCCC01D3DAAA838519333F2F9883E
ACEC8C99026E734AB06801EC69F0380B
1961113EEC339742AFD5046EB68FB64C
D470DBD961ED55C9F4B0022C1744366B
16135782A66207A75CCC936BAA6610E4
359CEDA92E693B47E0FBF6962141B35F
98F1B17686282A4CF783612AAF6FF8AB
31F82B6355A30B34EBA119D8F0EE896A
0E0DC44AF1666C444A889BB14E8E33AD
63C67776962C87F8A33537AEDFC4CD59
99C60F0EBFC103E01AF16DB26F5AE2E3
6180CFCB07CE7885257F4E978BA3A876
AF951B2B1A9E1B03B4F197F4950CDDA1
7C964142509BB23AB0CD8746AB80E5F7
DDB5DAB15CE2BEB034CEADF6BED2B966
DFE46243071D37CA866CD9A1EC9C7A8C
746A9923AD1B2011B7B06C35699DC7C3
7346BF47CE0B0CC5FE3AEEACBDAAAE95
6EADAB3C32188A618061785EDB090CD2
8B774797DA11C706897799DD8B30D1E3
C00EEC62FB1FF1EA2195428036C9F41E
F2FE7459903CF4C42A2B40CA0B5139C1
E238C29A295E1868744F75558BE494A8
D07F47F061F91337182E056BF63C02AB
761B2F1B6F1EF7139D571BECB7078570
8B8AE55232E133CA1171807DEB398B74
1DDF6B2F9656299E866161BBC87A97B8
538615D5663D3E4E983A21EC487EA9B2
A7D5F53BF4ABD08CB7B133F58E16D98D
C1E13E6AA93988EF9F58D6B319766F75
6E4867EE8DA07F12792F93E24B336734
3AD44EB8BB065E042AC83AFF80C49A42
5EACA4F5915FC03015253B33676F7DCA
9BCC35AE0B1E388888ABAEFE43A52224
BD260A03298ED1BAA355539AC7F70D8F
70617A83970248859D2380F7FBA74A2D
97E6628F344EAAC01F2427592E48FC14
5A0E5CC91F20D8B643C096850465C3D4
3F7FA1BB4B610B5C1CA6407F41510735
68E0B7ECD2E631D9AAEEF0A0639A3925
B2C8634892FFC910C2D9D382DBC52EF0
33867F44AB501CADFE5B3FA49BD7ABAF
6C0A41C2C020E846F07C4DC0EE9D7086
B1863490D734D60099211ADA1907C870
6AB80187F9C15464EE4C3B54468851C8
FEA069B97136AB19BC718314C81DCFCD
989D955126E53A4AB13C52236D13902E
DAC0FF191C7B154D61DA176089187FC1
1FE29B8D59F02C949FBBA8A1146916E0
A78864441F01450340C7FBB9EF49B636
892BE6E1A3824EDC8DD0207731C28018
D6AF7C304273D8DEB0B64B45C812A128
3C1B902E19A8E8E5622C048F6E4DAB81
6B8D524454E55E6CB679C1B980596CF3
74BDB87931DA06798FC2C1DF5024ADF9
43634C4614685EEFF9ED3888FE95A921
BA194CE394257C7EBE715C1504EF56A6
070FB7AAF41043C7216B2126CF5B61A8
6308E826BA2F533C0E864CD5E492B543
D5EAA2C89911A09315D81FB6EF17262C
BB85218D2EE73FA88AD9FDECCF0A084F
07D94465465F03AFC8C9E76B83B913C5
4A738BFC950807128A71FD37E6D8CF7F
7D61343ABE747B307245836EE67A40C5
FF48C78B5390C2889890140D38186126
B1D91F76A9B3C2B2551EB09AF87039A9
51DA6F3434F7B1625F13668F0CF8676B
B8E8F2786FA189DD260658B1F7589CD5
53EB36156BBCAA374F38FE05EC1E284D
519390802A46048768F01DB537697FD4
38BF8CE07CCFDDEE663689D12CD3094A
0459121717DBC4E0CBF714697DE171F4
EECF2142649D7E4A4371598BFF8AD98F
20CC084C30A33D25CC55069387BA65B0
3D8234B3DB62B092A18D5CE315A3702E
F12A3726DABB71B8CFA79340E5AE1FB1
D82776673A8D230E71E6795298CE34C6
8796969162D9EE80A98DD9C95B5F050A
0F0FE8BFDAE3DD9D159186CA22E0D1C0
AAD1E72EFF454C55A3811E15205309A0
45DA0A19BACCEE85F8661D5D2250761F
22A4EBF80B92373868FEA0AD7B7B8330
93663F40AF79F90C7348D8643002B43B
E83FF612D6012B7E5B516B4E3659FF71
E881E18996E0411655AAB0C440EBD69F
8F3A884B7A8488A20C2B922B39211FED
54EADAEDF7BE9F1D891E5220344FDCBB
643A15ABFD32392D297D2E8593A42866
996D7CECD958CACBF25FFFE6E78E9B0A
2DB7B1DB897647C1BD1CCDBCC6AAD599
B3D340FD0225E0E7342D5F9164383131
611A698C65DB930085025DF715F9F88A
DFF402B3EADEEFC0A715803304C736C6
16982112EA6C683FF114530705442238
D285B2D605DE7C5AAE62F9962E83D401
38AD54961662F6AB2B61D55343ACED42
E4DE29C31E5B273D4CB8D992B3F87612
1F76FDC0C4D945F72E83F6E37E6A7657
18D4295CB1FCE9A2A0C21211433F8910
9A02DE4088B532C41AF7756DB42F348E
FB47B13389285F6B70B886411B35FD92
B525C29C98D44CA76CE91BB1EDCF8046
31F787C261B50E8CA9EF90EDE0F22289
9093E5D8C96A8539B574815B5D6285E0
9E62F3024B11350BACF0CDBFC93AD184
0EB36B4055EC24C2C3AF4667561930CD
BD5EEC2068A3F93F68E8D80823955018
E8696C457DFFD1079486DC20513BE9AC
F744A065F48EF7BC0F8767293EDD4FF7
BE92703F9CA5E0316F21C6771EE2567E
712CEAC8569BA45853C04430B02CF292
FA08441924BAA2F1F42055E97EE4AC90
0E1CBCF1FA77D44909892517241228C5
D854AD326F6D12A2E6D17733DB838353
F12D1123FB0485902A127B19C1AF64E7
7D61372ACF6A38837C0A8F829D09E323
AD0DC3D3D5F286D61517AB66D0754288
4EC4D50B6DCBBEE1ED18E3C6A1423C3C
AA10ECB4ED2B6A6166D22A2663EAF991
7894ECE3F733A77DD5DAC710EF787836
F2F17D783FE8BE2290E8239E20C64BA5
70C1F69CD82F7379B5EB65604E64625B
A77743419E1992782749819576E798CB
4916C15450EBBDF2F0A45E73F396FBAF
A8812D122F600EC4640FFC6B8D8073D6
C520B5FF9A36D4EA2F4566141C7B5080
A5D43766AF98168313D72E747224F4AA
57269A48FC6561256AE38A5BDBA69219
DBAACD6DCD73F4603E2D66669A7DC8CC
23D4F0F8B446EB55B0258C4C368A12DA
F5126E356BF8CEC0350DC06D1ED5244E
06011723F60CD41431ED0D46A73F6C9F
06E9B14282A413626F8B6761808D97E5
3FCF617B0622913981A9AA9C0567E5AF
233D4B07CFE7A58EA9FC09EDA62DC5FB
1E6484981F5649864D339CFAAF7375D4
EFBDA207A9FCF06976B3D668CF56AA8B
16838BCAA43F3C60C7EAC2FCF753B891
DD58BBB4A4155A4175BFEDF051BACC5A
1AD33EC14D70C5098AAF3549EEB49B8E
3202AC4E5B57E0793366382656BD2448
44424A646B561BFEE46E2B161AA7066A
ECBAE7CFB4C5311B237C8769E42A0EF7
237F889F628E8EB764644951028F68CF
448C0D2FA10510D512E72536A4EDEE46
3CDE42561237BBA2BB3A90747914CF7B
E98DD97AC43CF40874C8728CCD09E09E
2AD40F9A2CA24FDEC913440D66FC4C76
CBE84F2ED45EA73500C0318725B90771
A33DD17B6855726BAA20FD4ACB9BABA4
6342DF4E096FD75760EC4BA0FC7C308E
2B5C27A59B99450F7BDCD00F9FF63E37
D7936D91F009AE4AE19639481D18BF93
7F08CE8934C938E9EEC31C2090110E19
83CCB82912365720F6F01C8F23DE1090
B853F06A11D02AA372174CF9B239AC30
7D9D9029F8796E981C55AC47A0E082BB
0562FC6D376E928F973D9A75B8EA3798
5947D7B349646ACB410B0E65964D1D91
F0D4CBF5B27C0E1BF2FE4E5163D136B0
DB15C68A580ABFF891F7C0CE6F33E00A
F3CBD41ECC092C75F96511406C2A0393
A17FD16D97F9FC91905675AA37877B4D
409A64B16A0543F2C1E31ED4BB2FB91A
E55BA5798F173AE53C1094C8424D27CC
B8A1E874970A36BCFFE061FC42C5A17C
2373DA4225BC570AEF117960BC6A9028
710BC6566C23D4E0D9EC355C5585752C
A773A896E5D6BAB761591C647FAEA1AC
FA9B016338911402BF34156FE0722735
DD8604D2437DBBB871AC1F87165B030F
423BA258C1CB4E40DD87D67F5F414F7C
7F497C366C0E69DDE4752560C31A0BFA
B5F7100D311CFEF422DA023C7DB3322D
DC5A436543AE4AAC43A64A94CDFD64D7
5B5C57D566BCE96DF73E563B7710548A
781DC3A383F860AD23F9352CBB9638A0
EE2AFB7EB31B9724E80E7E983D18A95D
F6954D6D837C7C244622F2B30696AB3C
EBDE83E531660C9E5ACF4140DFA0FFDD
E917C8481B7C75A55D11D7AAF0AB2832
B3BB67787644359D25284AD8BAB12A81
4D0229BB0F403A6EC71DC41B2C954989
5CDF40BBC008DA0D2366335D7E749A01
5E75FF5939DF2AA61FE483C8154DAC1F
62F377196AC7404DB8014482C602A66F
4E1229849E383C6E5A40CA592BDE0A42
2B454E0CA1E97E08403DBE6FF0B122C1
35710E9EB1728E0EF17FD55A6B729D50
2CD05CC43A96B54D89B2ECFBC34C5EFD
A285327CE609EEEC386BA0380440CD53
14AA6AC28CA51F94B6F90EA0FFF829AC
C62F90D16FE9163D3FB79F2362874086
EF16C148077FD5D4E9CA0C199C23898E
784AE2FCB7BAA22937DADE221EFC5D7D
3BE37CD48D6ABE8C637E18314FCC7894
8F63C669136B47D7979CA663DCD07570
A0E1C02B7A1E0FDB87B77947018EA33A
AA1C18F1C67183D02C368389CB5FE4A5
F6D979065621E211F1725A33EBAABB5D
03F37C90B961E5EE3294DA3A7350F3A4
50034BB05CC71E6C9EE8530DDC7979A4
91044E722BCC50385EE8181FB38B4313
F9F53BC86CE429F5BAFF5494141F45C9
A94FE74C0B667DC5A2430EC2F891ECCA
686DBAD238B4E9E0E7064B5C47546FB1
EEB723D7B17D52CF51A3278089016B1B
33C6CEC5CA73832D99BD2D7B67854E86
B7CA68976C00CE6E003D12B8334550BE
D3CFA79A7F50693754BDC1475743260D
2C3A598827928E6F04FF59B8E86C98FC
05D0CB82D9CB76AB95E05B88F2FCC833
B5451945EDDB0396B3F0391AD56E44B7
096D6B4C5EDCC633153EC741552AD325
7B9CB6D344A0867B26BEE8959206AC42
D187F5C340825C0AA93339C507DB72E3
51F210DA13E5ACF3E343AFCDC2CBFDC1
3A8E756622C469029B7F9C76231E5C0E
EF68884249747DA712F3E7CF763DC814
386317862CC3B87BF6960C902C89DC98
BD277A4A5D4C338E272A647C8BE9D710
34B8844880A7FC45D842D197E68BDFA7
A7E5DEEBA67913EA7C88B7FC88E5F011
0F19D6CC126A94508BB134AEFC4CCC6E
8642933B258CF13ABDD760C0AC305009
51E7D72B9885F15290025A40319FD342
42D7FC1AC4630E3B5B0321A20837F1CF
E0B1ED317F0FCE25CCB28326CE835C6C
03CE0E98592DEF0887B327105B83EF50
385D2BB7B5EAA986486F9D3A3F69826A
860FEE399293D453643849A82088803D
3502C4B359E60EDE59016CDADAC3EF26
97FF6A8E194A1FE2B5D41C80C5A12606
C910E8594AA6A04490F8BD611515716D
8F6F723981D71C92CA77CC7D4A05A159
2B837FBA2B4BDAAEABCE3BF256560AEA
F94A216FCA11BE6C44D44207477CC995
AF13DC9E13D25C75D6F250A2853EF380
2E267A1D4427476DF2B09A607CF7F1BB
D3A00130ED2F2D81269C3D44BD8BCF90
6754DBEB4932EBE2F164759D826C84B6
146903B743D04E0EC92F88070F0F929C
224C3680BD68EACFB7D6EEABF4B7057B
F4F3B139E368BB95B8123C179B0AB998
57DEB25B5A1EFA89A1FE0728B6E4D320
1F77FEF541BA0F42169976E2B4D997DA
092721D300DD1F4DBA412DF1F0F48CAC
49DAB8DCAE55CB1D2E9ADE353F40A033
3C5D954584500C9BDC111FA72EA9E078
32F69B8F513EF3E7FCCA35898676A94A
C16E8C7A5DFCBDF657EF48EAAC8FBB79
BA844ECB455E1B992BF9C6FD1CA5CD17
81011A7C0CD6CEB0CAEF6AC94D2DCA2C
CE8336C2437CE1F381B97FED88A582A5
FF3302E8B37076C43A95B79AD5479E5A
0E2BC53EE81307D9D3A1B53F9D3C733F
C4F4E9BBD97D0CB8933AE244FCEE2BC1
6E80A200333A16B01C98CEC4E3F49FDA
423FDFDB68C7A27C4E01AF26AC7FC81C
88737B690212A0AF26CEAABB764BE283
CE476FCBEEC5ED16533235E543216751
F2786A95C4648558B12174D10BA461C7
D3EC3A4DBB71CBCA5AAF987843164593
9CBCDC02F81D96D4D52D12FBCF8A9BD4
CE8244AFA48021130628C7226FC0FD55
AC4F25BDE6586199B9C8BFB5E932FBC6
3B793BA256BD88241D57126DE2E8230A
3059C9F6A9C37CA866F0A22F117E584F
A8954FABBA88FB407988959B1470D288
0CA1E0B2838BA529CB205FD41E980E42
BA9922AED76CD0E6E7F3F2015562C3C9
195009CE2799DADE61DC90EBC45DB532
251DC7FB7C08D9ABCFF3604C359BD0B0
A35CC42E3D27D58E627A240EB2E23CA3
D661F54CCD2076790AE33D0EBD72F049
88DF9652CF55188E06311CE0FE842E4E
4974844AE753ADAD6F59F958068F307B
DA31380E7FBECE8F5E1445332502DC2D
A9766548D832D9FA6B63D834A37374F7
39C4B0D1B817743C93FF2E2751C78BB1
CF0885B765B75FC19DB9612A0E4565CB
8E13CCDD1B06AE59A0FD564117318225
015840E6F634341B099F0DBB3FA5E1D8
BB0F74035028FB58E8CA890531C953FB
FED7DE68E713B8E3B8B483A1ED1F2FAB
AB9E1A0D38BBB80B3193EEDEFBFBD2F0
B2677761CF4B27B9B9A729CABBBC62BC
146EBA51E5B8E6E4785694B311B3A39C
0A7EA9A446EF8368DB5BE90CB30E2BA1
6070C9745B47B3D1F767E7EF22530404
327643C93F6780E88F86F5F4EAE9B5DD
0272B9B33E8C963E81790F5FBC6C6B99
23628B90D45CADC6A9D7C7DCF92A4303
37095E6CC131664EAEE7189E6FE782AA
21344CB013ABD6C798AEF34A0F349683
E0C04C143C921570F0726CB7D8F28EA1
453220CD4EB16A30337FD379F341EAF2
7C3D0CDBD49A2B7C30336B2A1A7BEA74
CAEEB711BFD173114C9376C1A74939BD
E029A1B0C3BEE73416ECCF130FA42DC8
C5EB20ECDA9D882EA3C7E86E889283BE
85603D27E1D7A8B1606B326A5A4FF9DA
DDB255036E526F875826F5E51C584837
5B5A592DE67C7876C37736879D1165D2
17443374895C1C185C55C294F7BECA28
6BC7076683F4D69F0A08756062618B65
07A9F5B7B626A71BE2C8322977F2A772
0415B6D3C3ED3DC7A4479539A3CAD710
0D6FC8919112DFD76F32BE38C5DDF136
88F031092F45675525461D46A4CBD96B
4CC31B1E70DC310CEF6ECB02DEC89749
CD6DD323DFC50F03431BE8E05CD3D7CC
9F21DD92CC5E560E462A25BC342CCAA1
00E86A472118E9BE03ECD8CEC184FC9D
55EBE8BC05042248B7FD6740D3DC9461
B190545A2733C106F2A21E831CAB4A0E
AD55F0CA5E807CE61CB1EBA51825EACB
07FDE83C7A5B8C45AF7FC749F67ED1D8
6B4D17A6C256BD169EADCB26EB4968C8
05BA8ACCED9F92C66F9289A96FBF3E4D
A794D5D596C87344144C96890003A31C
8982720017272B001BA247B94885A561
2F1D4C05CE4DC299F0F6449E75E980CD
9C69740737816BC950DF96C6D5C70FF8
3A3B5636FFA93A36DEEA0D554700DA9F
E82CFC7A2DFF42E586E6D45E50E8E078
62036784FB9E0734448932C9B82E0203
4E9D810907DCCEB6C0C418C9B90C0A0D
BB0FBD7921046E7342244C53A97080E9
0AE1398A4B509D35FB931FEC1D919BC5
A49BAF54A1B8BBBEDBC3B3B642714A72
2BC7C73F273AB4D009662A3F404A74FD
8D30B856F3C443D3F02755FDE336562C
A9503FE42B315B01E7037E6434536789
26CE491B26B257D7C50B3460878CF6C6
D1328704C9ABC04DD678E64A28B6534D
CB7EB4E8F24709B2D58C0278F9806196
6D9C1D3D4BCF0BA4F360A309544C6499
F3E066121F6D768C78FA230C77DAA64F
3D81707610C97E29DDFEA3800EDCA5CF
CCAA4F4D55B6D1641FBAC2AB1F1CE7C6
6551044E58B17FD48AE302A86DEC0010
5D518D188FDD644F800AFA6BD72375B1
1E6E72C1A8EBB7FC31C1E2C0A56FD18B
F91F40243AB43BC82AD9251F01D55481
B87638B7E3EC7537457E69E9DB646394
D63B5BB07C2FC1800F506C43220877A8
479E187A33D9CF6CCF1A02DC48E0B032
DCF73BC8B781617C99CA0D70016BBDCC
05E458B6684B555C7757F303CEFCB892
EA9850089C865061AE5B65BE10A03C83
DE9F6BA35D30BC667C7C5CE9F1C92FFA
5174B16041B8C2F1C52B8DDDAF58E857
476F5B641C4B898C11B94B39450396D6
9C7AFE1795023A0E97E087D2D50F0590
13F36BF13C4E4DEB4B6C368D092E3BBA
12DE7AF5FFDB504CE79AD64868B1F9FF
E668908CE9B8F44D0B4B077EB097C4B0
18B060E41E939552A10048C0EDF0177A
D9F4B617AC727C4FC2F4BC57AC6B2943
AC41661F235D5D57E7A9A28AEFA017D8
B397C4DEFC26DAEB917211D5CD385F73
BEC42E3504593A253DB556836A7AD0D3
C4DB75F0744CDDC9D8179DE5CD981CA3
CB7C97FFDD8C5A1D3C0CE31B1DA25A70
DF786919DF6D100CAFE40976A25EB675
53BB517359777F8B88A5BA57F49BC8D0
59604F7D07504B3F6CA8596F553E8C18
ED1C69177725262BB82319272C4CDFAC
44034C9C710F8531783A03E4C8D08B24
D5B4C7C8B4E7F0BB32BEA36878CA3F30
CCD4F2BC99FA22C00846918F4D059635
2F0C0F64B0BA0089222FAA50E7013111
7EA999568D0CBE8010B4887C795C1434
61F859CA50D21938E0E20885AF177C0E
51A32AA21E5FB9626EDF5C27D477D951
1C966EE7A08C74E58F0D42606EBDD8AD
4CA70579D99096F23F8EB93178C7BEFB
18418484885BC4E31E73B27952BD09EA
CD08E7D42AE38255A90E06C6B026B808
0153B6A3590FB6582A2F4723B7889DA4
DB33DC21E5C8CD5F73194651255C72D2
E58B135D3DB97195CAE605918E452D74
51CBA9B202F225701259C00E7D7C9E9A
D7D71EE231A1A582E1D2FB7571751E22
A57BE7D1771AEDDA85863CF84E92CE2A
B1194FA1E7A2A7CA8E0F6150773FAEF9
28F76C0EF7459D28B29E933DBA00F888
DF6FDBAAE0E517C4225246C5613C4988
F618B2762D82FD184B883FDFC15F80C6
FF3B86CFE9F6AD6494B5B6FD9F15DA9A
630919E07FEE52AAA07190EDC3806B98
F1E7EF28228E79605CC3CF18465DE4A8
3E451F67E5CA56EF5903C62671EF99B0
5CDDC39AF1C96119085F9DE91CF5ED56
206FE1B5823C14EE49BEC123BE152E23
57D56E7A0044BBB2B6CCB22819697F87
6358C58934C60DB08984647802062020
94920FB7B96EB08B684D955004B58CA2
5F03A75724BBDDDFD4980810D93B4FEB
CDFB96690D06E699DB7AD3ADA3224789
7170EA34DAACFDEF013857D2DC902697
C3DF97164FA750F91BD0F9D4630865A1
A2EB009D3B00454C93FA15C9E84944EE
6F8FA39FAFBE2D3A1604E5728562BBF6
00928985438DEE5B143C4E08D8C8EBDA
000F1FBEBA7B88863EDE2A7DF605011E
35A16C52BA3257377AC30D9E1953FD38
5BD57DD70B2DB2C637A1E5362415233A
F97380ABB1621D4E19F0F316ECEB3314
7FCA1CB58D3AA56863FBC043A4AF9A0B
3E708CFA2EB2E899FE1F28E3F08A11FD
18EB21EB4266A9038D55CB04803089BC
EE692B5AEDFE6C0E5DB6C9DA017602FC
6AD9A355D25BE7C677B9F732F119EC82
A0404911A06163C276C96BB1DB47B477
6EA662784681F1A36AA9F028292D7DDE
062DF5669C5AE6EB66A468FE41D9C241
B8D507971094E033304C064CC3058E74
8F56D28981483D338936928900C5DBFF
0DF478A4132A45463F5415AE02B9415C
55F137EC94AF6D7299156A1B021682FA
1326F3F59E6E8E22A55161DFE725FEA1
8C0C5EB22CEF16DB1DF1AEC9B57CEA86
130D5132D1DEBEC76C61C46EABBC5DA2
6D65D0E6707B6F13BA112E6787CA8071
B73D7FA21F0EC2F1AA88EF978DAA84F9
B68E1D424BBD949B05AB52064F7210D1
52748B3DA55CDCE5DA04052A9148ADF2
26106564FBA2702E5650BD475BD434C1
CF91CA7FF11917ACB1A5D4B36578C75E
57E129A531E92EBC70419C59BD340F7F
15854DBF855518C7C363C927F1F98995
660E94D817A6A8F8D5AE4161DCE13137
662154685A1668502B0DB82EE41104D5
F875A9F1BBF89ED35962F15EDB95808C
8C2DAF66C5FDCFA0FBCFAE87D7ACC46C
94494DBFE61E3B8C01E4FCB92F6F8F8F
E84E03CF42DE6D1D24F37708E9B48BB4
19F9FAB2FAE5BF3D28F643CDAFA93286
65E40CDC54CD769648D543B2E05CEDF8
092EBB52C5C0881EA008C0357A714D19
4E927FD27271016774C5CE7E7C51C1D2
A810955E70F5B351904A98098F9A3792
3AACAFB9CEDA616FBC2E6B1B13561D9D
C1B29387C74A9A7247A9751B79C4296E
4F60891044A11449C859D6EAB182534E
5AF4036B3151ABE919C3332D916B356F
240C9CC133809B32A807B64EB6C43E07
099C3C4AD4810741526F269DD1283D0B
A6C5797026C3C643CC2E98C66F92F249
E5F4EAC9FA8B08CF9D70D5ABC0B0391D
F367AA9D67FECBF19C1AE44AD46157EF
47F0E623346AF2EEAC4F7E23C2173CCA
3F21E63924ABB64E3BF6F72BE47F1BFC
223280F642BA3F5590ABB8207EAE9290
C4B23421F99F677518AD8C089564EFB1
C3C4DDB4BBE884662618AD51F55F903C
390741CC0CEDEB9DD3A4BEA81D6C9A5E
1FE4AF9C0C9C63E01DF2D1319E8CDC9A
6A508503F07171E7CBF6A2558B9AF698
DDE9E51723D57D4DEC943DB57B070795
46F2FE58F8B993868758E335C49D664A
48AB8B8888427144A293BC91BE9043CF
DF330B49622994649AD006A9D94FECD3
123B0E4D418DC3AF865BD0E49231D583
55F67B4A7D73F8D7D6892F7FA5583678
852B142920F26020C29707DF866FC6EF
DB79A73A6050EF18C1586EED08A4624C
C9E65726231D3DFF80C52644F6544835
2C8473B47B4C11CC4969DD4CC68B2EA4
38A8AA0BB4C9FB9072A6A62B6BDFBF4D
3024D7C5C4B79CBF3CA99A87CECC1F0C
D3491B1DFE527D0CAB13275F84BC521A
77098B51BB5697BB487488C2993792B3
B831586A1180BA7AC342E101399EAD58
08833A2DE0995AB1CD1C853B084F036E
4C2A6A0ED8ED15474CC3D8C9C25FDCE8
342341B3D9D1D1D4B591622FBF2A3597
7A72ACC62F5AB6B37E489401B894E659
31E437A9A40EA6B45B9E79A8EC187F63
8D4D20398A9DC1B81EAC79B73420CC01
CDBEC5FC64F74D7601F05D4323DFDC14
9C66A6D501B154D1C0DB318F3FDE80B9
F50D660F4F362DCF275DADE18AF8BF91
A942B15D8F272284F3BE99FF0F7EBC71
D006A6DFBE14C9D426266BE2438043FB
9B3E37F0F0D036928FF4DDE9B302D6C6
024F45DC042172B0DEBDF37815D1B431
A34256C464BFDB389B7B9488810CD086
D67B04F7A3C80E21E94B8F7B68811094
8372DC93F3056C0B353C0A383C6A49BE
724B3596A8B1A6B99DF5E76A1FF47AF3
C1064BD57B21F43254B4332419788CDD
8597A94A296336A8532555712BA757AF
CCE92F044137D337C5778E92EC15E3D9
BA1BB4F51FB29633B1C47837772E4ED5
F676DC9472E1AF923D2E6C35B64B8906
CED06992793D621A445B126E4F822010
BF78C7796016C37223F4DF9543226E62
AF143B02B5485E1EA594AA0256A58A4E
CB5F3A1B5B6A4978026ABC0492ED4ACA
5635B6D8C2372055C19B3398F18D9D67
8E135744D473D588CA43A11F248E7B05
074E314A84D0EA6614FA77FB1E443EB0
6A2097945221D2917C3AA5FF303769D7
0F50530768E3E0B3B234412E2265653D
9DF2F8E7D609E351BFB3593FB933D052
96890958460DE4FDBF98CB295318EADF
B9B5C6E3583ED31BB5A0FAE2FB9D31A8
9707AFB41226E4CA71B313767843ACB1
C3999D2BF868057D9C5D4CB605BACE9A
51F582CE24300796B1968DD7099B9932
5983AEF882B97ABF282EBAFC173B6300
3802BBBDF303AB57D9E2A6D05E16BFF3
F7B64FC069DF724B6651D1D766A6E92C
893EA96FD60B58C817192C6D150CF354
D6092E3F32856F06A244E9A60B30E04B
546728CE897A4D89FB53FE038DFF47A3
CF6677312F771A0E9A67F4F891376A16
ECE57408D306ED59ED4D81963C011261
03EAD4E860517CB567E099B3D8DA5646
2603C2A93C44546EFA6BBAC5EFB99CD4
9A2469607693DD1B29D98BF820C277E4
0028D08298A3C98CE31552EAB84F9D63
6BF696A4445EB2E978BC7E17D5DF9188
98057FF9C9AD2FAB184FFCE08A378506
E5835F03113567B8359A2A4844DBBE9D
AD925A17BC7762954B768EDD02065665
DAED8C59AD5C515645FB8E5AB01BCD89
D36FBC7C5574592A71591A7F18FA4A85
24DEAD343759E3B6F6FF452BA43EECD4
C07DF07805824D95A9A36D9A476C9AB3
BCD14D0600BFBDCCBD9DDC64BB5CF9FE
238D426004780FC8BD62EB51C56BBBCC
1ACE6F9806CADE96111A4B0E6087CADB
CCE301174792C09F96A4A4D73E420410
48A6178827D6EE2DDBDD73352E394A0F
82E6564B629942403A12CC1D1AE9166F
3B155C2B423255C8F8F4864505D0B9FB
04B26DEABC5B18E5D5924A25B18D3710
FD4D9FF0C228E37504027653CC56322D
33AB8B7B003122D7A1ACFB777657BCAC
DC555DEAD1FCFB3D86CFAA406B935A2A
D79E377F2B36D856382AA6D13915575C
16C4C8E4BD0BAF661B2FCC67630D1AD1
CADC676BF2D7F4772F9408534DACCBAD
41C970AC41F33BB2DB0220F9E60CDAD8
92286C9F068E1273B8C1328F374FF0C6
C7C8ED0FF6D320234FF1377440D3B015
E3A1346D781D41BB3B4EBD0AA339CE5D
A2A947E11850A5618EE8ABE66978A218
4765A5E142BC54E37716731BFEF4A7A0
271F32920812C8760E86A391D09B3ED0
5670C40D261BC6F7CBFE0253F9CCA030
AAA5846D5944CF26DC45C9AED4A2F8D4
D42F67D4B3B947FA0C263BC1D5DAED16
DEE5B7FF15A81D729777D30E0B248B31
425EF7D8D4588DF89448992A7FB354D4
B30A11BF7ABF85A5E9A1D183E8037B25
6DA934AFF5A92E60748F9914B67F23E5
F52DB93418E7158AE8CAABA842C32BA2
8714DE0A89CFD7405B50F974CB61BBDF
1C774A5900B9C1F7405878DF09CD58F0
D84D49BEEB913E315839B4FDC01D4880
F05151CC8F1C68D1A6354C1FB6A8F064
30DF073080BB5FBA7F2B05A8C0C43407
A2E4856DEC36526D54CF7AAADB5E7489
CA1A659F58CE88AF5B2E057574161A5E
8E541A17D5BA0F848C269A132B11B35A
30BDE59B5656C7E7C495E9BA3202D483
C2C77DC21583CCD1046A93298DBEAFA9
547A69841A9660182141B864826DD4DD
B52D0833D91BC3D926B80943D7E46301
2FFB2A2B438D2CDB7AC966E66382B039
40B4581ECF7B8F36832D1D29846864EC
0FCE946C30E83A44C0BEDD65448BC81C
C9EF9C6C7FD3E180914F22C05263FF82
3152A50912D39CAB08F8BE4AC7C40728
DC1D3A62D122A559C698977F9E91A06A
DAD52691F4D5DD651D303BD8A7B8AF06
E44FB41A598C206FE16F58639327CEF4
BD281F41058354DAC1D41C85570B8FCC
336EC8224F115CFBD875FDDF49A74174
180129DD649F51A62138F5C62CCC0B88
FD7AFEB6D30F939B783BDE8796B558C9
EE38F984A3794B19ABDC781A73275CA3
B358703FE111648CAA0301072F5DD85D
6EFA4781AD4C1CAA76B85FE153C151FB
ADB12E513DFCE7C2641A8A5DE1658F6C
58FF4E6C14AF558B645CDABFB2E8EE2A
CF596C7EE2F387A27125B75252952A0E
774AE7C44E238283B65F9D228DD2F704
ED153DB88A5D9500ACA77F65AE5F3DB3
4583173F96E93316271B8D81A74E5B0F
DDDF400E008380E942CB0D78953AEC2F
0BA15CB6B90C97E15510B7800DE6C677
16CD5B7807DF17B17F999436BA46150C
EA770AF7A556155D65E27B4077355E70
3738D338D5EAC555BFDECAA96E4A7C71
9497C4CC171C57EECB07D989AB0E5005
40EE4AD48D54F719003EAF895401BEF0
98140F7EDE151D74CC122FA18A77B4A4
E55D578BF0E33A2042626CA6C97212C4
5FD8F7F253DD300452C8D6772809E661
F5723D7A7696EB2E3CDF4EB3B4B31CA3
5B67C57F9FB2104D82F8E84E93E86CE5
73632E246E9FB25D551D0C8FA8010C32
4ED6A7947AB72AADC9594C27282DDBBD
1EF6B052559E562CD91873F4B8D15E79
BBE658BA292F2C650F751B0ABE8BF026
1A627594DE1AB4A29EF8DF48B4521A87
5B94EE1F9B4979793B07F8B56172A2BF
1419C813AE0739E22D315D816395023D
46845FC27ACD7266F2A5DAB84ED1ED5C
8DAFEA6B79BF3005D6A6F74D85EF9F6D
DF832E1D369729F8C8D54617C042B659
999691215BB04DAF2593596C61463493
1A7B50A80000594B7DEAF2550DD7AE3A
C68B85E1B268F270F9D966A68ACFA19C
B06941113DDD2472791E5C8EBFE78E93
558AABCCEC166DC0F578F68553BD8631
AB106A1505C347268110C7B061EFEFFA
F5511F991A579E456173ADFAECC3FD25
974D032B4D936874DA1A9E84A68F1F59
2CA1CB801BC309732322B15E93361291
EC24BD47507DAD20F85691FAB9490907
AB6361D725F934C61F14C93C4CC97F55
FA35E06EB74678AE43787D5F53E6BFF0
FDCB851173C15DF47822B988C1E73605
75FF96DDBB53A92475D5E2EF7A8594FF
517EB266A7A826BFC5EDE32C600B5968
2B936C1E4DEDA9208525057F7CF5DC8C
76F0947C65E3295230C901514070D860
E7CE36A5BF6BF90EB43B14B712DFA250
89A69A99C680764BDB8196C57B4B0250
C2F08875AB7585D2403AD24C30E3E6E9
D6BABCC90D63E9641984682754AF7904
D41A9538FBD0477C19A979BFE7D9ADDE
CFB65D880DF30890517880FEBD62EAC0
18D86D9BC63EFCC62154216D12C16660
EEA95BD8329F2C3D6C3EA3B4E8584E01
44F90C54D4C5CB41B26D09D4D92A4339
424BD327D9F7C414ED308266323E0699
192C7C93F04EDA0FF19B412C1C405F49
8DA493EA9D5EE3EC55587CB9D004B928
5403D4D5E100BF1155BC9FC9BD1A4F7F
6EFC2E4F58753063D51BE9570B9114A2
E8D6D097C677D98C6B64B1C7D332D90A
5A523291AE80E45E292AB233BC36B702
E31F5FD33F14AE94BC894AFEB89A0509
921A6C23BD796833604A9EB82904808D
E8DA9E4B3BC3A3D8AB4C9FDEEA0236F9
D6406B7F94D211AC2FA0DE36D7CFBCCC
E64C7856B1D070816E71CF4D9D90E31E
019BC2AF023431C234B079868E82B1BB
B03687E166EE7A80008DE46731B5F7EF
125462761B40A9A7560E0CBC77BBDE1E
8EEB6910A6DCFDE4B02D9A26D3B6B090
24190744056878C1C098DAC9581B6349
F66DC83A8EC291F125A7B4C419EB4237
00816AD295E87E453F28DD63CD9CE38E
D02249F4AF5B9A84C694CD3311958E90
4C522CEC56442BD523559E6AA1275859
FAC1FB7167DF4FE04AC50D85D66F32C8
7128F69B8F2FB5C80B5604C53C510E5C
970F69A7DAF45508A93D048C59411AFF
E684142E7BD30ABF79D2ECF9B8D181D7
148DDD1CF6CA22B8DB4C06F66934F9C6
1249BC0FDF53998CE9B33A7B1A94B028
5EF10A04FD4F903512FBC2BBBAAB269C
5D7C11AE11648ED7BC75B12A47A36EE7
BC5443BCB5E5D74F92632D7E61AF07D8
4A26C5063011CD985669A391C5DB1AA7
06E85390D09720B840A6D9F19B8B2ADA
C258F1740651B90FAFD014E4C8506D07
65B528782EABF159039315864137892D
885CCC77571F75AF3E643DEB8F22CF96
BBF2FE2E2D5E77CD7B48F8C0CAACC45F
207EF14B484A3FC56D61FFCED15E3760
062236BB86511288919D8BB68481F231
E9C05CA4141E36FA52D64A05187E456C
A10EFD2ACB73392CA437BCE64E3AF8ED
85FA11DD833142E122DC573CA7B37952
79D9356A3427E13017CA25DA62B2443A
83E68C1B2389DCD26C6E6A3173318410
061814BD6323110B150860075E4E7DAD
683332AC4A987E74FD3DE0D938F7730E
71AEC5B8EAE331A61B45E452F28F8B66
9722295F50E9148E931E673CB4FEE47C
89CE945CDBE8789F873D620669FA78F2
51F496300B4AB5613C73350807D356BF
BD9DB32096314618FFFF6C43F367F73F
3D6ECFC6D7902C6D375D1F44E4D70B93
816245C013E0C2E2FB918636B7BE87A6
1067C060DB830D775D930D9DE12D100F
F3F00AFDD05007E1CFE4DEBA4C1E2A7D
4CA1F530DDB71B5CE7FF85E70F1EDCD4
C2D29A7612EC720BC3D40E13E501CEF1
1DF4E152315CC44FA5650FE59BD154D2
A29E3729A53FE84A9E853B54EAC1F2F0
06815324336315BC9A9C47DAB79EC381
FD550D3E4CD796469921D20BE5AFDF18
8F16E47518CB93AED8927D32A614FE18
22D0C82AA2FEEA01F1B2F1E072E7C2D0
A55C9E5C442E501A4A5BEE0EAC3D0FC3
93E08871CD63DD8E5350AE3A9F4D5C42
3420C872FA341A0905477DE2270F3EB0
937D2B31B06543B617D8E478D89ABB8C
30D1A36D08802938ABAAAB097F80F88A
1109F6FD6D5F17F9C2D15849E7BA0B61
2E6BD31E5EDF139EBDAE753426C82EDD
DE8FD837D7A7077FFEBDB6505592419A
2F5A595A00A67CC9D955162C7C47FC61
54C8D3ABC0E3E50CB5BE67094FDDD0A6
0F6108DECCD8952CFAB52942133E28D6
5A1F044BA392604F9EC1EFF750B5A085
343DDB99EBC3F71C56A41259C8822C2D
83B124ECCDFE7B28415D9A005EA36533
F79665FCC1932BD97E687B3D5FF83541
B005EEE7B9C814D2C4B303B4E2FAEFC3
E815F5A0B97C1AA5194E8BAE91EF52D3
13BB5B20996EDB7B4FC5D6102F750870
890E3BB41B00385BE3E7E9589A260A52
0ED6F49D86F4CFBA6F7F7E3B843B5A89
426EB31684A57A54AE2060D4729FB131
7BE73F8F756C182DAB4FCD5B11F74750
DF4DDEC1CFBCFCA502EEAA2A261F2D0F
D0AA225B82ABC2BEDA1F8A0E61150723
65BE018324894C3F1CC6117D6D729380
423D0D8C0764F6795A3CF24774F94487
D54103CBB6CCFFA4D37C06CBA2DFB888
1B2B2CBACBEBA7713DA8C590D27165A8
01E04D0F7F903DF3D20B4EC544D64A7D
577D46B7EFC991698BC404AD8711DD22
51E114FD20BFFFF754236BAEBC87EF48
D79DA894437E48CA05F4BD0503AA86CB
6D6965D021EFF3E628E8C27BD78EFF70
730C11C59BB7A700DFE31626ACEA8EB2
55946A37082B76D7F30031ED666E7C66
72926EA62CBC89C651B4CBBFF2922387
4BABEEC244552FF70EC90C48E979BC85
4D3DE3427D6D80CCA591020C285E4D94
BDEA2E37328E2E3601ED298C2B81854A
35BAA6D8DDF977C8A21C22F7FE830CC1
8FF148B456BF04D4AC20B3AE63669CF3
5A204F6AC65A824C7CB59DFFCB158DF8
D568DD92C1A291145E4FC5905EACBE4A
AC55DB5E3EE9BB535DEAA0B65E74CBD9
B522C8DCEDD9DBDB974D0C50820F3981
9E9AC0CBE7F862487F5103AB412264E2
5312605C09AD8C78B682809BA82D46C9
72566967CD9F0381AD8C53B8FCB33D3B
7837173DDABC3D2F0F08376C6BDB1040
9FE4E58FEF2E2A6CE156F772B2A0DF97
9290B034C36A4C5AF6DFA9290F07C14B
E07B935A0C772FE55D1CA947477C7292
35071493842488EE181B6E68FA20051E
26B2FA6A5C8263CECC43BCCB943110E3
372FB8ADDF5DFFC16B615CE890B183CD
CF269107746AFE4D34112987040AF5FB
915AF628F40B6694C9461F06867E2ECF
F8A8C1D31E0D45EF8D1A556D8396FE4B
3E842E2E4D519B51A6D4648774B41D77
B64282DC55D9CC33B412C53608384F50
7BC354E92FD9DB329F3D7CF7F98285F0
420F068EDF3E73F96C65A07799B46700
BDB6E76AD7BE9E528F994617497151F2
76D33FBF2C54F9DF72D5E2E70284EB4B
F05C99783C0CFF2D4AA02099B8ED430D
46879CC714CEAE8893AB550F40D491F7
CBE446A7A7710889F5B9F37BBCE6CEE8
C6D7DFE500A5BBC68166948300C29BE0
3D722AB9CC55E4ECC1E650810FC6220D
16584B41130849CEC56BA163C7425B30
30431F79D4BE56D42C0234C4608619EE
61E3A620301D8897B084F01B34A1364E
FA5CCE4D8674E8EE47E5F81DC9C3A453
A1B8A65B10AC8598343AC3FAA8536FED
E0568BBB5F069C2B6F2000FFD4E4B168
971B72769C35864A0DDEAF30F78806AC
4FA81866EDEB4C10E69FBABD0C052E6E
57ADB87164BA07D23841F9AEE6205BCB
9A8C4623CEC9B6223005497C8AF56E10
337695671AEAF95CB54A03822D9619C8
6715CD0D3E2039B5C5C560B0E06113F1
329AD13B1719C7B323A8C63AD55BEAD7
EA922F3E0814EFFF5DDD84110E691134
28A53564A1DDA4ED06BDCED255762C94
1212A1B96253B7BC68029C9D81D12556
6D83AE8926F1B8D10B0005DD75EB1767
18BC3AE82E6A990221A17D8E2375F010
3E73635180D14F6EDDF7FD0D0BF3B20C
4D725AEC643F53CB28E3ADFC8D5D8D33
8D5305DE420E06A69304156B3625EBB2
A0F2E3E538AFB8B728423C4E386DE53F
F6DEEB26AC968B17E6F45EF80F821BB7
B120A29847A17C7017C7FB084D34662D
9C9C2459CDF8F06A7C67EC30564D33CE
0518FCEAEE0905C4F04305CB56B24E3F
DF9AA926EF2C00CD2D76B619D33C134A
296C15A69AA73A203DBB9B842CB16DB5
47B54870A1AFEFBBAB1D45708E67701E
AA529D20FB1D10207A41A3700F68A7FF
AE93E4AF1F1344610E643063A58023CB
C44AB1670AA97F133EB113B6CE010116
B1725A10F615333CA0C0F8492DE1787E
D7D2903EC0BBBD38CF73E013EC631580
B5AD934756CEB1AB70107B7B5DD18474
4CD958F1BA95E41B00A74C839638B55B
CD0805D4BE9151BF85B1A9E5789DA107
E2E0E1F9DE566159187F789835B6B31C
85A43E59DA74F5395A66A172EE7C98DE
6EDF0E1BEB16B18695BA4FAB86E248A1
5E48358DBD9827C8B00DED898A44FE12
D36131721FD82192FD35E79CE9772B50
1D6DBCEF13DAA2E3E6F2017712777FBB
A3FCC074CAE5650D9ACEFB0701852537
E7F0528C69AF7272B133A09BCCBBFA3F
992A443591A27DE60295A8E52636C442
ED094C87C96B08F519B53CEC1D6D41D7
33B9AAF0D5594CB69686324DD77A01E4
966FD645C68D87163764E4B8D33841EA
307C7DB8B8CE91DADCA5F29DF19A855A
F111DB9250A281387F5EE23F3E3EA966
3976F7AB1E92112674E85BEE16C5A1E9
76C968B84425F19C1E9A919FA04F2E78
E31AFE82E0DB2F5A811426ED6C0C0412
DC506274000CB7CEA0D1CEEDB3AFD1E2
DE6B0EDD15BECEAEC6FAABBB2C58CF80
4117701B3138D724F07AA8B3847D1B1C
8155CA8FDCE82DCADF21E998C1017725
2B0E7459109ED4004684A55710507E77
DF97F431125C69A317982D82588FF837
C735C4079BCBBF4ECB45D30210C52B87
92788AA5803E257F772D5B848EA09511
B20459F0752FBED965FDA54D74C8723E
16CD554F18BEFE852349D9E6C5E084FF
4987D62217C01738B7B9E17BDDEED7ED
93B471CD8CD242A864BB2B8D9BD2394F
A1ED9EA27A6470FC3AE8CBD4320B781C
627DDF5B43EECBE2A94AACE5F2B8AB2E
65E66D6AD33E479FAC7BE791B8D929F6
069A588468A92BB2C9C067EF2357B0C7
116327AC3D93445D211E50F5B20F8C04
5324259A07C8012E63F113F20786EC75
143FD17184AEBBCDA3617E0829D4131A
146ECD4986CE1C85814E44B14F54C335
81776E0AC6C8E3A92EAC43BD31AE799F
1D7DB823CEB0FD03F42FE5FF116B1D7C
2943C9E33276AB3B9484FE2488CBF0BE
425F11A39BC5EAB2F30070E4BB21FC78
6B033F65BF851D328AC46DF413F9F6F2
9B66C36692EC8D2172DE387D09209C6B
CC78BBBE0A44DA915CD49825084C1B64
A3FA2F2C23591F9EF310A78B3CA64841
9FC89F6D57DFF8A95259F4DC67DAEB6A
6874C2002A2E7AB268050C8D0011ED1C
614D0F839CA36C84875D1F60A2C26959
A6B15B391F91DA541578C553F1E01CAC
34B306EFB23F7A5BB8B947F7C062CC91
6EC15E21A6021F66CC5355C407BA810B
9049F136B480D36122B7B53816B0524F
9CB5FD80ADBC39DCA59D48AF0C152043
2CDC1D5962E49CE36BB5A64514992007
21311565CD801A16FDE9FE5FCF80C805
77CAE5B7C2CE6A6E5EAB60AEAD5EAF1C
4F88DC55E810662C8416CD085AC6FE5E
205D1B1DA28B9B1A4A182FA7E69E4157
3BB96013BAB26E42D5345A1DB527CC9C
6E664E1D4A10E25C3469FD2C7EFB0618
48F3630663255F0905AD598288F47FE1
9EEB60775B2A0944137A2371D8F0B84C
DCDD1F4E86C2EB140E5401C23DA5BB01
F9888E0116A2F53FFB8D9EF6E95BBC7D
6C809EA4FBBDA348F12137C2578069EE
9B193C57560E343779C2CF67DBFB072D
09BB04717217E60B7691C94224C56A9B
31D5A647D673CD63162E6B7DED24726E
B38D306F7C170509A58FD9E2F80CEBA7
F22D8325D047D1D98DADDC10FFE28EE0
68BB6EEED3598AC87F2F71137908CD56
F38768F60EF146D4AF95CABA42BA0B77
55036F1821B2565630413C6EDEA1E1FC
82CAD28073B45C743586055DEA6780FC
1EDC47294D7C62F153CF927CE71D7D8C
3E35CE8F64C68ECDCEC114F53C27CD7A
EA538349BADE210D22A9F5A0177F1E84
4044ED4C77DDB2E0F40839A808677286
54E0E8530E781421B7B8E50EEE150BF9
6EA0CBD14CA0768D3AA6BD51E64A3180
48E66E3478A7E30A40E4BB320E0789AA
9AAFDAC9F22400B604FF073B54BC3220
06D0E05164737AF159217E48771F5934
CB786CDA9823221D1F95F3578F696BCC
BEA81AC76276EFFC40B0A26BBC61954B
E19C73936E027774408C52DC2F01BA1B
39B355FD1BCAB4995F4AD03AA6728CBA
9FE0A0A10EADF2E5230FECC71CB26A36
546DB3631FB4765290BF5930EC8AC617
C8FB0424465333D676089C8EB0E7084F
AE02B230BB1A5594764FA18D01B4F9A7
96A60B78F15BC31B3A42B3B3027530BB
A3696C434FA3D37C706CE00B369D65CD
8A5212C044B6F46BB4BA5B695308D2D7
431956F344CB0E7865AA221974454A63
61B68E96E63716E7A043460FF09CCA3B
5CD8EF06EE7B1561236AD632308BB20B
9111CC1B182AB58103ACE962490D9B0A
CE7D6AA35B4360935834E8157C67DF62
F8194B4A2B59524008139D3C26840FF2
17911027BE4B0C861A630CE8BF8547B9
DA9879E08DCBA019D1B1D57ED76C59A3
9D6CB818585FEB1EFED873FCB51A06D4
0E35BBC4996CD9B1DE1E3064B233E827
47EBDA7A203017AA6E5D5E77CEC6ACF8
6E76711830A7E0AA0B53B161FFCF6AEB
4F4A50008B377870B5FA9CD449F8E5FA
E9F49DE3E4021DB58BDEEFDFCAB64379
AB4D0CFADA3B8D285AB01148AFF1207F
718415158F8BC25B1FE60F6DA0746EA9
3FCE86052FE4255BF07F271BB23F799D
4441C636D207AAC6C8BA5546EE5E34BE
E294025E3999957ECA72D3F1E9FF295A
B597EBF9350103DC1FC7CA5BE649A3F5
05498310DE1CC370019FC3EAD1EB845D
7932367DEE1685C60837DC1FF41E0B25
683CAAF8BA4C329A23F41909253A340D
F87530FD81ED39136D3B4D568B533FC8
5CC327C9ACBC357BAE7CEA4C636DC0D8
3885F32599A5973721A5EB56CE9B00A5
ED581F7F7AAE5591400C679FA34B5C04
8802C52DB4DB964FFDC4D7BEAC3598C7
560D0A31E4740A47E5FFA9690B3CE2CA
A94F777D1142747406C1D8A10583718A
C3431E9DE7A34D3F34B28A4696FCB34C
5C328FCD6E1D71E9D704DD22FF75D170
A4F9E9A0AB0C00B6A8EB66D9B866F7FF
83E71B6D51B8EC7595444F8969BB3009
E197810EE03DB3E18EFF6582CFFCC16D
366D133732827D0B671ACC647F5D4A02
FE9528287A98F221A936EA9A146EBC1F
D75AF6549D211B7C298E593E76D4DEED
0D2C38D3000FACFFAEF340A40E4D1203
FAD976C3FA18CE5F0606AFE5A0558305
AE7F0F83352E0B344222589A24A64436
AAF26A7A356854B2A58A9A23FA882B1A
F9461B20708B04A1FE99C19A518C5501
1DE84C0DFC4BB122EC590820E4A5C693
AFF5AFA36CEBC2E843432775AF3DE567
B26A70226CC2178911EB4C3D9DE36663
DD60C00961F9FC373F803C283E2F91AF
93F0857FD60BB77016C2C867BB97FDCB
16FC0A68680E1A82BE24DB522A1AFB79
BC8D7B88A0C52B6F112E383BA23EF2D2
DC11C9FD1C8AEF26695372109479EF4F
F3788F2E9E2A6675E70D5EE335D13F49
82D5B9A85E64B90A4444771ED80BB25C
21D8135AEA67DFDC2ABC2C9B11FB6484
2D2D47084B5C746C95A5FC6187D965FB
FBF87C7D2BB7921696D54462B023AD10
00111D997D5A4D76125893C397107956
06CF35DCAF27ABC2B1626F41C755C3B9
A2709A4C6105B630E9946B31C8878DCE
93E04EDFB3CBAA18F2B2015ADFB8E5AE
95E556060949FA09F5900566BE144B43
047DADA0889FB7553943073EF412587F
E2FE08E2804DE007DD52A36F666725A3
C93C5399F467AF4F9A6DB4D3962C4FBB
70AC400C7E767FF1FFAE3BF16481C2CE
F0C7F053E16223AB5D0488A6E9FD6163
DD450CB208503847DBF22F5B135822F2
BCC5D881E5418E24437ACEC72C5FA2C8
7A7BF9CD719E26D5F66FA3003C4DA0D2
4896CD64C1D54482B15618A971FAC419
397A36D8ECA4A5BD0BB5C6C27F9B91E3
842E43CED7DD6FECFBD5F22C99B6C8A3
79FAF9212602B0F13B475DC0E9587E51
F2A9AC5103616C3C2F1B320309D7BDEC
5B07241761356ED5A61578F3054322C1
E3E2A8C19250C2948E93E51D7D897A3A
50CC119EA755F250A2E7E7C226FDC03E
D315AD16D74EA5D92A792FFCE77332A7
AD783762DD8383C6FFF5A2876BBEF392
2A32FC461072F640E0625B043B87C98B
D09D48C060EFFFE6F9E9DA9B4CC97344
BF7831AC70C0ABFF8058F83A20902820
2E47355EFFEC1EC510530159901CF04A
0A46D152180D6963A91F91E678B14F20
D40F6CD82831CA091D50CC6136BF66E6
5190072116EA43D0A88CA3E4A6164816
152570030B0DECCEC6DF1C5FC0D35E38
4E1D2FA170E9F1EE71963405D726D2E6
98219BF9F74DC6202532820DC16ED86A
F6E0C8ED1A9A7DBE62CA82E81E6EBB66
FDEF1C2ADB33F14EFE08516F0C3A324C
AA0E8ADDEC0E6CD93957D534B6774D7E
3E0515C376FB7B3FFE3F58FF323C29E3
79515800A8E2B06A212A284BC991199D
45328C2739BCF5CD188C48F6A87445FB
BE008CBD9CC19301811DE2607411AE3E
E273E2EE73244E101CD6CDF9D081DD47
95AD71788EA6DB3FA17D384FBB1E35E3
39E8C33C5CBAA0E11DD521C137BE8DCA
6FC8CDF366EFB83B9E3F1110430869F2
0FF2EB0E8B254A265418DD1DA628AB4D
5AADB77473E698D415D51D078E87498F
D7AC45485DA6015FFFB5E3F259F01DD3
EA21203CC74C74896FC26380018E58BA
902CCA6296B6DD5770083579F49C464E
66FC0E9F9171B1DBC762E5B7EBB604F8
8D6B6CEB70ED1363727A57AC16474196
09F87251714E21BEECD0924F2CE9D8C3
A70861B20504D9E7D58B5493948C158B
3DB8F8B856C2399A71B8EA43C33F6AF9
4BBD2292CC744F4F6100BBD9740B957F
9005B56F8CCF24335AE65438AAA4DB11
9CF67CD92A1B4AE0EBA328B7680F845E
73CA30A1C34CD91917AC9233E6BF083E
F8F9831367ECBA9A7915C47DB0224862
29C27262594D64238AC4F301187289CF
99BCD9347D53EE166DBD200E29D00C73
74D9BF8212C39B5E6FE04E1CD93EEABD
340EBF24B9A3A318F067DEDC4B8648F0
701FA9DEE6917AD089574F0D90E8B82E
931DA4AE3D838142D9D14A249F63A9C9
6E0EDC6854075C409B44E0861F9398C3
1FC144FDB6C1CB572F756FF3136DE8A1
D8000F5C85EA7F28DBC771063297FC81
2BF402458A080F65DE81CAB559FB6B00
415FF8DCF3C9401D10BB0EF86EAEF77C
AD266C49AA22423329555EE40185ABB8
2EF150CF72E3F26DA19B090D00D932F0
B868E518444D7320EBC23DC96C148F6F
1E336D313FA9381798744C657538D845
779675A29F1AEC8300B310238CD02781
D385645CB3D0DBBBD4FADC2001FEC100
9E6523F13A9D809DE06206516BAE18A4
0003EF6E53A7BACBAE5855858D3AF4BF
4FA2DE80744A26A34BCDD1C37AAB73BF
BEA1365AFD5E301EC7BF58AE3F5CC91C
34FE262F3C83B4C21915B41FA7AD68B2
F6E4886DB1BAF5BC25D2F6D7242920C0
B66163E1C43413642E3C9535EED43FB9
FF08ABA53942B2EF812D5A71D57FABDB
606B8EB26005F33952EB36DE1EC78427
6EB1404B9D884D8F26E89ED43C723BE6
914AEFBA4BFEC7224B99B8FC6456FAD3
739147A433EE44613D3107FDEAF7CF04
0D978D811A3ECC9F026CFEDBA8FE651D
D5A772814A5198AD3E609CD85DDAD383
A8D01F57788BD727C12563DFD5EDEF63
37E291EDB470EB1ED73AF6FC42F7396A
0EB18381ADE9AC3ADD642BF24CA5761A
698EED7D671B3AC1E3B840F48ED26613
120503DB827134CE0D44ABCBE8602731
E696AF5630190D933C9AD522957A9CF0
80E4B222C383E5BEBD463CFD1A8E9CDD
B0CF86E2EABA8E24D3B846BA4B3B31DA
4B6BB251CA60372F4717B6400FBD02A8
819DD9CEEFA0D6104780D161D227A257
AEBD3D74AB26159EBA8147E4791F32D2
45712C9501EED15D9A26D805956071C8
9B59ABC70C68BA14D5619372A4339076
4955CF72BC7716899E9CFFD0DD525301
45DB8E809B8BD2792154A4B7724DD81F
58E86F92C673EC15384118D86425E5BE
AA5FE33D1F4E6C86323A6FF310E937C7
94A842D18B74C1E7D7C599F173D6BF3A
79C1F2029F08EBAEE560C71A67D8A8F3
D3A7C3E31C76D581FC1B10C616DB76A5
67EBD9EAE5BF9C0741AFA60B9EC9D955
95A37471939AEC857361089B66CFABE7
96E20434F6F8249266C8B7722411302B
0CE434C757BED3FED6FF22CBA4C5B7D7
0C43DD7EA96CD735AAA8DCD357D9460F
04C89EC23D1A2CDC8DE36CA9E6359246
191ECBB977F0F7946A2556E049D30462
981329380A8B153671667E79C29BE7B5
9571012098A3B4B109F0A7188284742C
0ED5428F7922F5BD911E722AF443056A
6CA88818B290830CF29A8418F3726C24
6C99D412493611B138BDB8D55D2EBFA4
CF7F851DE28315504B135D499D8FF9B0
C8D0B3B55BE4AB4C478A5CD7691050B3
92975F0751B6EFDD48D6CC4BA7C5A99B
43A7CE97EDC32F3B988F577C6FD26D40
75092A790B0CE78E2EFD9382346B4577
AF07857A9DE576527DC3D6AADC532D04
B5B5D7C0DBD96CD9E8C28743743CBE19
9307D3D861B6A67403F6049FDB005146
DDFBDA5FF960C292C4A96637221457EA
31A625E0CCBED1B44D421DBF846ACAF8
0243DB285A4916B0DCF305159A291616
419284722C75191E7C67B226DA148FCD
C4FA5D68F0F653F712B91CD1BE98E48F
45252820A7CEDB88D78FD35BBA7FA611
5B5B784BBBBAF46110E71D68E04F0E52
8CBD4457E4C0FDD88A9AA1B71BDD0C92
0634CC28B5EA40646CE1053CA0C008B7
530E5DDCC41EF4DBF545FF2C40772DC3
1502328B57230F34F47044C159746C4D
D63CCA6731B19876E8F5685055EBB201
3171BF1ABF85D9572AAF67CEB1BBB608
3D1087950D4BF43047E3D7C1614CB725
724F3CB80863680828C92435A1206DC6
5B419C8A5C969D4FA09E279E9B669736
407373D63227E0743B4A586A390B8887
C23FC2BA45EB23FF243B4EE2420DA99D
B00A89E5A776F5557DCB82FDA0A44450
93076172EC4FCD81C4FC4D2DEA1A1428
416F905F852A25284DFAFA61E9DC6BAD
DC8CDF592ED8887560EE734539B4B4F0
0FA44B6F7DDC17BB8A431AE10348E48D
AFE3E2972FF8604E6A32E33F19D80E2B
6570F34550F003424F81B3E594B69241
4F7438539E974AA64DB973047A756BC7
73020EA6728130607F74A92F0E764DD9
1536B5DD3C2E1F1AB3E9970C2BFEA4BC
7181E3E5118E31FA89F6A28CFACB57E3
F2AFDD15E6F77AC61D420D8BBFA9F2C5
224F8D81B99A07DD1842C8A32B20D6BF
423054925EF6C7FD5B101495C91C72EE
3964E75B05E401DD196B523AB81E045B
3B59D0ED7594FAF19C16CAB10D44BA43
E60FA6A343C9AA40066087BDDBF84FCC
4276F7C95C9174B3E2F4DBD0642E3771
54F2D32519E6357360B81AAC2827B1B5
CA1DAF9BFF96DCD9349C3A5EDF4B2D69
8660AC07F9E77DE6500E9196893E21CF
67466F459095D1EB3B6460B1D789C60A
FC8D5BC00FD9CA9BACE917B99D1EEEB4
8E7822CEEED4B3095C3AFB95B8795643
5F59C014B903B38A9A08C0C0C80FACD1
8F3597362CEC1951C34E75AF2707385F
723515CDE36F7054AA47A8D79B1B5495
28AA967092650CD19732F2A7A90F6F00
5A1A7CD0F405E9CF63DAF7708AE6D3A8
B4891A07C08952C0A2E90C496A7EC463
84167DA14251315299FABB257C926FEA
C710133FC92CA67998527117CC50F62C
2DC6270C0847F89D251BE031F4A81161
28B0F826606621A2BAAB3670CDB40309
19B2CE65F2EA108A2EC522A1081B038E
1A2082CC41FC83EFC3CFB3080D231FB8
811501D873BDD5CFB71B6FB1C16DECB6
F6C566CF89927DE5AA43F5F325CBE46A
CADA0113B58845D0BAA61E668186E668
63FE38C81E363D0CBC39252124C128FA
8FC160E04F8E017F551F0122400B5163
C41CDFCB9F600F7908B423988DDB0EBE
081337C881B8FBBDEBA40E4F39C02D2D
5CF10C981C03BD5766A53D363C6AE9E4
2A0A62FDE4600F3DFF46F8DB780F46BD
B22E2E438EB1586860BC4FD54E2CE4C0
35D384C0B19A706BE5B11013853FEBEB
52D6894355E2D9997BEA7F4294E88ED6
9A237930FB535148AE251100A33CC2B6
3304E591E2C4D14203F1175B14763DD5
028C2E69FEF58F79F014FEB4363996A0
3C7165B92A26CC4063DDE53028CBB978
E4696EEBE325DBAAC4EC4953D44746E1
D80F3CAABF557FD5D7152234B3BC5F9B
04A34A2C8DA4A72ECC25E4D59092EA13
727C45E87878F0D21E3C4EF6DFF1E862
576134BEBB4B6905B3589BF7CD0202DC
0A16760C617AB91AFAD48FCFCDF84558
72F49204C296BF5E209E24A296C3F81C
0434C6C63E451CA4B797F5AFCAC5AC3D
8D44A418F605443EC92D4B23566BEECB
520A482DC34AC36CA3EE2AB9BDCAC189
C524B556EC9A1D47AAE8474A60482FD8
0326A7602CFD22806C3BC34A96C1A46C
6C0AFD30B35A44E24E2CC0E9239B1B4A
3418B04E63501408B16AC0DD9B90A148
215E46CA1B162B2D1360257AE2BE7860
55B7EC46C229DC4C9B3F2C83745723DF
36ABBC47F80BC9615B277FC144F4A3D2
EABD13263B5BEA514265B7300331756C
EA7C7B59B8C5FFB248A89A5F21761212
03543D3F4B720D29D07475F5298C1BCC
9F512A0C9302AC88DFEA05384A9C90C7
39433111437D51A25FBFDDB7176BB060
E26E3D119F85BBCF0F0CCE6D02114E8D
DD0E20D94A08C12214646215931EF78F
8D77662D91FB9F5C7CA04A3D75D71D3C
B181C44E49FCC33C52ACACAD10537C80
A2B203F78AB660F6DB24D3FECA25EDAB
5E32394401DE5F968C2B5E3AA2C1E17D
0F78A5139864C9C1BD363BE91A264DEC
C4C1FA31A8A0BE26416550754880903A
FD12ED31D6C5A169A943A9544EBDF4FC
579BCE89691ED59ECD4F14A162B45A97
DC1907C50802BD8A709E91576449BAAF
3D503434B77E9304F0DBF3E21F3CCD42
1CC87895F880C34EBF349A167297F898
4117F1B88FC4BBB70C51C4E892689318
1CB092D0663EA04C6DDDC233E55192D9
7CDF7B4F54A7D57EB714B0EDFBEFC0DE
33ACD4E567A9320417B659F633B66573
D4D3E460AEC27F334B5DDF15CCEBB81B
DF883E64AF7F2AC31706A6B7CA163B1D
4D98D3299BFC3E3361987DED6721EDD9
34DD34685DCA16EFE612888C26D842E1
BB90828119571E4C4AC3A58E229AD42F
4D51551E102A5EDAE5F45A27AF1C5F89
FF83052610C564128FD8F3C70034DEBC
723C75983C758DA4D257DF2BEBC44A19
3CF11A2A6B7D0029A458CE421E23541F
9B8810A34A411B183AA7162A6B11EE97
969AFE93C0E27CDDE6D2DBEBC7002A49
3A4F5A80E6D916B23DE8950F4F829E0A
0D6BAD417BCAC2733F5A764822CEFFBC
9E0E76F2EC6B377F07C468D7FFDFDF40
B49BDDDA479479FF6D33ADEA7355747D
E8CBA12C41B6D313F28C01BDA5536FEC
7DC3A7A379ACCE223075F4B32D5F48C8
F4FF16705222ED9D22D69690E6F672CC
5AC06C851B981DBF35C4E6922ED37917
9084F4B9F03ED61DFD3722A5A3FF448C
26D1AF3A85A3301EED1C9A443C4A18FB
EFF145A3BFDBE3E15205DD20911FB486
DD43CCC8F4AFFE00666EC096D9195089
C5CAB3C42B5423AF90EBDA4468EFB1EE
5DA4268A7623BB3A7A0A21402132AF3E
D11D5B0B47F8C2CC67F9E868FD5D6162
7E527243AB6FC67D15AC4477D42A9D96
0D4CF289435C5EC106D0029596E7A4BE
3CCB71D069121A8AF51A31059C5702EB
2D08DD54E3B67E15029F1E5037711512
A6B9FE2FBE9DC8A7AD3B51BDC64B8B7C
601F371EAE65EDC6E417A5189260E02F
22716A88A035EB0672267D97F0C3B909
3A7AD44400087D8C085041CDE5EBCD8F
1390BE1D719827BADCFBB27A75BFAE94
463B6373C8EDFB51B8498639BADD2DA7
F03FA3F98D740FC3453F86C2C43BF929
42B2603AD0BC85C9FFBB327DAA2D75D4
7330FC068CCFD9F014C5ECB3B08082BD
9776884F2F9A67CDE5EFAEE10841472B
87E93B0599CEC6728898D1F1B9B16850
DCBFAE27D2CAD6EECB0DF22038AFFCF0
8917F5EE3E47E6B817698AC3510B3361
0FFD3CC64DE58F4BB64D0FC2FCBDF03B
73C8F5AC8330FF85013A892BBD761837
E7530AB6E419AF1D5CB225B452A5685E
2520B416D2C933FBB04D8FA477A607AF
5304947AAB39399659A14AA66A421342
90EEB5C4BE5BEDBEA3E9C0D46BC97C75
054EE8E9F38ABBF5FC6E04884E36FF7E
15F9CAE74C3441872642E2883D2EAC13
8F1F8901D9733B41BBA5613974B02E41
44D1F351D010D14EBA054B0AD6143163
AB4AC2B4D1BF548AF37D74A56D09BC5A
E1B951BB659709E285F237C185983A65
4BDAAD9DB32D688A6C19792D55439055
39BA1491419A2EA9C1E1B94DD55BD1E1
5E7A53F2BD4E673347FFD15ECA725A3A
39E4F8A64C4BC8D1C9044FB72C961EE9
7FF65B2241EAAE004EB08858ACAD1B4D
DE6E3DA8BE1D46C4AF71ADED7E531E4F
4405535F43F00EA9335C37CC3ACDAA6F
D115D4BDAE4445593899E61384207616
46F586D4EC8C622B39ACC09F58D9CCF9
72B83F74DA03DC5D8D25CDF69BB749AA
D79C3FE6CAE8BE94A6E644F1521F7D23
E83A694115F4AEB55E2DFA1850B4BD10
309D1A5E1F6F7FF1D88C81AE24A22203
32EE0A0B5E010E7F4D40048F19078A2D
F48C2F3528DE3C51548546DF54B12259
95E93B95D832740431B2AA7B59B1F0A6
48448CC80C656FADAD3A9111354792EE
43E1319DF94F7E75D5D8200CAB072C38
87ACB46A4133CF1693B561242A0A7851
8F3A0B612A6A2D4781629202B3A49547
1D4AB58CEB62B3DE581926B78BA9644C
8577F40702B5F642FAC9477CA6E4575A
CB6BA92426B273644739A9BAF5E30C76
74386102FBF5C7ECA8A2C22376F3661B
1CB81278032BC825A8FD025D88A2CFBF
684D8785D66F114710B01C2892653810
63A8D58FD19967DB0728017197DC3235
CAC1947E45602227E9C5AFADB0501499
215DF50DA1FCABFD8ABD61240AE65541
D0C1BD16CF247610C3C1EB9752F8600B
067A38DEB039DB06A651080E8C9C496F
D7FD75B5B3B6F4B9AA5D09AE4D2D16B6
D0560BE9FDA9207CC1B40C28698F7A68
25CA8121ACD82FD02AA8CAD3943F0EF2
6DD8F4BCB375693E3417D1A0F3612312
4731759B683ABA474D24A35D50DCB028
9A07686776F8F636CE553A653363D214
C7C60838F542D2B50A52D0ABAF326767
B0CC23A8DCF2197B4F4B8CB5A580FFAA
00BDD89A1197C71EFC8B8B89F2B3023A
690A2F95A762D3A7868D772B58245079
B9B16062C6542A1BFFAFED647233D3B8
3EEEAE996E5CB1F781DD1BB8FA97C3C1
82186D818D1DF031E33D08F3072F82F9
81561A8A566A3D76CC5A58340F4FBB39
57AA90FB6574F7C06A3863F1FD970375
EC6F0311C02B3C5A3B5947402661394B
2A6FA4CD0044F35928DF7B41C608D44B
47D671C02B295DB47322B73D0A1DF1F0
87246E6CB1DE59CB71A2F3361C8CB825
77793D6638BAA6EBD09BCAED101C51B6
6A49B0B66A2461C90D5355E479F406F6
4B5A5646FE3E8FB00EE7C71B3EDFA4B0
6779790F5C436A3B863A4B9B3B471C86
E34F281C161F20338A76B9194EBFD55B
D25005548633A53FD6133188078F5D4E
5378D3C557D7FD1E809B8438CEFFC402
6430116AFE8475AF3028491A093E5D83
58BC2976FD772014844D53FF6CA23297
D5C5B829BEAB0509BAC610CD617CA29C
BA0978AAF4FCBD6798EA0901DA2C4237
C27A19ECF868DE60FF20F522FB6F38B4
6D79D26E3D3953995F3E172FC5F8F4C0
E4338E47136B5A0B8DAE106C839FA95C
DC11ABD3712AF170248DFDABCFADFA60
E2853964C3800E350A23058B99001B43
C082CF346C822DFC65829F27DB16A1CF
E8AAAE50374C792C18F3F7A98D3BD714
6F4B47341DF4B18655CCEFA5D14B33B3
DA764877260791FF30F065C636430D5B
326C95090B1B8C6A435ECB3958167E95
B860D585950D0AF2FC6F77906384B73E
59066ED5207FDB6EDA2E64E30F074702
038B9F0CC0899B4C03DF489B0B51EC41
F24B36C18EA7ED71A21C33567759B9F3
3275DE05E3961DA536A3D1430E5573A8
15DA1BEF632EED559A7FA99695821F40
CA5A1BAC920430B66E5F4AC66FEF0921
796FAD6889EFBDC786D833F51D1DCBF6
2D7D32F9DC647CA19C8654F42ABF61DF
2D810BD092F8F7C9AD590CAA98E887D8
3A55D5E68C56FF24AE8765F7F8989DFB
60E4841D8AA801D3849C945EF5B1AEC2
A8087FBB45D670867C819CB8508127C8
6BF511943A07C9B930AB91A0E17A9AC7
A422D413B85AFFA1CC6BD2E2D75C4C83
183FCCACC78BD568E3FAA5FC2EE7B26D
0147D77F3CF01840B9AA8AC883812DBC
7CB60983E8EA0F0807754F9A3ED54BAA
7FB57056DC476D5AE5EAA79581EF60A6
4E92DC69BFE78BC4FA34544CBCABCA7C
49135423FAD23E68E60B24A1FF2993FA
CD5FF11E6CAC8A45C89C1BC8B17F41D3
3D5A0868B93E11C001359D438958F2E7
0CC60E3E7E7FEE209D748418EB5B7296
77056589BA4496750E7AA3863554B0D0
00277438F03690E10A44D1ABBD9113BF
7B6514F3050E4BB79E2B74F8C60D9E4D
E0297B8551743F6A5D3CE6DA2D10FC8E
F2E3EFB93DBA17D07378BB7D729980EC
07771CF8C03E160E3F0DC89D04A5404A
29E75E9A3EC598987368D5860F101A55
4C73A46526FE86206EE4140D53379803
FB9945C78C9F507D3DD14E7590B5FFB8
19878B3BA11CD488DB9C8F807BFBEDD6
2B778FBFE4ED49C8B5F64654F9932CB8
68A37E345DAA9621581E857EE09CFF29
9A4196684E472A18FCE8D2EA1E14F5CA
19AA211EEEA767E938A016EA690E5421
5CD6236BD73AE0D063F09A7E6F400427
E54119CA39FCCF3F7117C32146695070
73C197AE8D783FFC2E9E230BFBB062DE
40278ADC24B3E18BC90A2FC9A6D75976
748986342409D3A494E1956EB05B74E6
B6C57080484549E24D1847C0558D322E
3CDF3FE577EC2E258681E8E4A0540F29
0C0BA82DE0CCB79002531C58FB710751
7ABFF92A71D1F37FCBE6B602E899B4F8
52290AC21A96B56EEFE97D4235A4534A
2AA4E3BDD760FD91609C427ED72F31DA
64CFCDDC1C154EEBF7EF242433F95FFD
47919ED4A3F426DEA5E5AFA9027C33FF
AE1DE295B20E08A3EE8F4540620BFB34
EF7C88D2CF86CF039914E019AF27CB1E
61ABD460AFC2C13E60C924AC42BC7C94
850C3326529420088ADB269C38D33B4F
1F1BC2AC35A0A86171944E6F53AD5F42
019F797051646324B823569BFDA5159A
B340C2F1BB204A4629A4E3F4D29C0276
DD155FCE8C8A43586218947C04648829
833595DC203DB459B1EDEF5E79919195
A2411156E930D8116E3EE656B10434FD
DE9485B475B0FD58EBE8D53C2902B956
A01DF572B3D253E10227FDFAB98E94C7
EDC6E759C53EB07DDB6F13C94657466E
33C199A2DDD155287CC21F65EC001EEB
C07395C16027E0DD2B9EDF115BA09CB9
D42835067AEE618FDB1B1DE5A9A0FFDB
81C8D8D0064695D992A67C779F33F806
9EB3BD56BC053EFB64B826DE731E8030
F598BD531690829C27401A89D6E91A6D
499AFC618923D511A02FC91995E7E5B1
6EC5FFEAC477135BF785D5ED55896075
FCF7489FE64841D0C3168D1FE9889D07
712721116C28116EC226021E6C0958A0
22CC2F63969CDBE8FAD29321F0DD816D
FD7CE34536C2B0C8903F47D741C043D9
DAB46CC3C266DB56BE3874C014E1481E
674FF5DA3560B21D8D214ED1FB1AE832
B0AA531AEE8B8A1F70C0A877FCCBC783
97257DF45B1445BE64C9233FC0D9A4B8
539B3F2F99527C19A90CEEE43CC8D72F
5901F0D49CA9F25C139A806A062A2BD3
5E0775C51C75D6B1B9E93743808E3982
0E85EA96995A1A810D7E5E09E56BAE85
C2AD9041690D8044F424F64CE70D8253
91EF112E9538C731845B687262BE0FA7
17280F6AD08CF4B44BD38E11ED421499
90C787DE61C7160A453B5F9911707B0F
BC1F5C30FB9ECC9F8F3C2EEE958E429E
86C1FD8D660BEBC9B5AF2BBAE4B40C27
7B9A576D3D4EBCAE9DB80033C8A4170B
D3DB8A74EDE6C66CE2EE8696FF922526
07BAC3EB5DE6D5DBF223F3F7663DF3FD
0A6DC6F22A810DFA253573EF6EB12D47
10C64EAE28A769BD2279F6E2C9E2B225
47EC478459FA9106A29991201C5054EA
25428BAEA4F4B20EFA24FE0B741C5C83
19C0B5DCDCBCA0954B75A6B3BA2DEFC6
70F3AEE2E7A9AB4863ABEB4CF099F4A1
FF20FD3CC3A7F1E9557420F20078FF83
BD523DB4CF2F72F7CC5791A8809551C5
BD4931C47797CEA804A6F62FF735ADB4
7B4E927780DF3590A4B601E49F23D793
1B9D7A87B1B94E0DDDB24123CFE91DCF
633B695D0BD3B086C79791419D563101
7903247D0042B214C0DD22213C64CBAD
250468CE6650344360F11F7055919DC5
704B621E16DBA2BE39F3811BC4750185
75ED66A2795352C959559EE18ABD238C
E4BBB4FFE0A39171D7F0247CFE4A44A8
E068248D794316F5E5B15C039D5280F3
FC0E9348FDAB51CD4F305B36F00E842A
21F0843F9CCC71628A2444D40B5CE249
EA85FECC4E265C273BF85A68F7531021
104873E0B3D124182E241B700505801D
10D7122338E7667ADAAFA87311ADAC6F
0E546F676499031A714708E3A9EFEBC1
E9F7D2884B1F634DBAC2D85C2E66C74C
D24F289BCBF87D33D68CC12C2BB3356F
B80538CAC88D5F3FDBE99E98A47F8811
3B068FFC9CBF2D2FDEBD856AEFAE6357
B32D0C8BC33A798FD7044007C92AABA3
A6434E5A11DD7FAFF9F6AB08E524F060
545116B7C076E506746C20E145B27C10
5F745EFE5869CC35FBEACD5A18F829B8
00366557094928402098FC9868A47F8F
23917F0E1366FB4E2A03E5E211DD8538
A085AADFA9388A29284DCC108B7538EE
9DB5252064F2CE8BD4C3FBB2368D93CF
0CC8D39577B25D11C8CF49B6925F1CE3
EF11ADD824206535DDAE011DD72DD37D
2E64427A52E7A56BDD3A4A146F3F46ED
56D9777A2978311C53AA69517DC89F94
AC48FEF17BA72E0FF7C2FD51A57265C7
9BDBD540E60448A86E964D847CC0FBA5
7D6E63AFBE43D3567AE29FE47A00042F
B016847F070843E82D5E10586089124C
A9E1A8DB253E16622AF1F77354638957
2A6222DF5485ABAD9F9E81989334CF22
0458F48A689F4B49A74065449EA93544
15C583E1928B77CC35DA3DBB1D2975EA
871344EAF03E02A67DAA154D9AAE7C20
77185779282C9D6A4D8532F2C0F1099B
510520DCFC127346C4D8419C7A03C209
7705356498EBA75D2DA847B4696EFA0E
9D78A56A8A7BCF491F07CB71C1D5F687
A7239F5D3BFAC9158DEEEA440983E50C
36FA3224757D0F2C6028D78809EEDC39
A55CE10720A4BF8CD8C66972C36D5EDE
CD0F0B203D945BDF1D939D58BC4CE30B
E96B59770751D3D3D69D680BEF8F87C9
0239787277560DC96D98D787198D38C5
B5CB8C94D625A7DAF7C447EF4D412AA1
453122A4B9A908265937ABA95738E0D3
963964023AE6BB1E700C57DD850E214D
74BDD107450CE23A88DD09D02896706F
75010F2C5B4D00EDEBBC7C361DC76C22
ABC70A25B501476B2FAAE43C8B584A1F
2F1B40E6A021530357A57EAC55A3151D
578AA2F8A6C6DBD738C3556618B387F9
C39FE4536986D86328FF822B38F303EC
B7EF3FB16A38BFCADF19E12A293C511E
5928F4C5218F6553AA72E746D5545848
8F175BC4A009A03D6874B63AB31745E9
6A20C5CC3BF197738BC36049E0FE7C10
58DE16832C1FED7A4D3B95CA43E204F8
30A567824818E4A389A1C22F238B9CC9
CF0F11C1EA30C9CADD4CC07920C4FFCA
38F4357E8B96F0FF5C6DEB41A1B6D194
52949C0F6EE77DC6B91B32E8828E55F0
D9E6C051F1D0C4A7C30981212A3E4636
64FBAE56048A1C64B6DF206973DAEC2F
43F153C459773A802E62E727DB02E37C
1F1C753124C17EC3B8761E47F2B3A88A
EA977F1DCF925A5C32348F6375178B42
D933E57143AC32EA16945BDEBBA2D04B
88D3BB83033954C4646113D5052DBDEF
A41A467EDA40587D244FC0D7963DC3C8
F33DE2E1FFB6492BE7DB4ADEC3CF7FDB
ACDD64C570BF9C4DA6C2F82DDFB62E2E
8E53C3076AFDD5DBF144E3FC2F470D5C
2063972693DD31BF0C1BAB70CEB9AD24
9FE2C2FA841962EE6E40FD2FF5AD5703
FD54633DA1F29E73C07BB82CCCD72527
0EF0CCD6B2047D18E1DE3B73A4770392
2B7EAB8D2A55A5576957DE5B4BF6F71B
0E391F0C3227B2726BF89E882CC30D8A
92824502EF5893795B59357725035675
7AB304E72DBC2570ADBE586115D93863
C28FC446D7B81FE79D5255D4A22AFC02
A75B695AC3FE5F72E034FCBC03F02ADF
B02A59F741E8262AC0F4CE0935166E3B
C75F1DBD0D569567D06BB87FFEEFD323
6C0DF5EA44BECAE171E4E51B39FB6634
3DAE4D3BDDF0D782093E9914D4F21B03
BFCDF60C5E7965F1CC0463B703E4AFBC
BEBE194B2FD437CC3AA4BF65E1767792
8C91149BAC086C2B50C8474C7EC42FC8
82EB087236F6521EEE4CE28EAD4EE207
9A8E5A934F804EEA8CFA30C3C835B6EC
75CBEA2B5FB6F02BF75969612E076A01
0644CC822C9720EBE3A0E8348ED152C7
DE7601EAAB70443CB04476E703FB8B70
85F57AE95A5B190A1D64D706875922DD
7D4CFDFE27C0EAC83C7EC1A007AE9D58
C50F55F518E5E49BE63C3956D216CBE4
F11061937C5D6899E1F8A321B04311F1
15CAE2726167F47C4A8F9702FF22BF1A
4A6806119E10E549ADB4DE1CD4A403C3
97B686694629A4537A280B169402EDB8
E95CE5A8557C1623EB61F7EF08AE14E1
FE2BACE16E0874FB03428FAE106D4C4D
DA5F9FC235CB4753171B0CFB29DAA7A5
499C0E7825501641F65C1F4E66EB4BF0
90F920FAB55ED6C18CCEC88D335BB82C
457354A8E93AE17F34D411E64BED8834
9FC812FABB4DF49D6596DA5225B1F2EF
B3D271BCE514B30440218F142C64CD94
953FBB1524183D9C30AE3E864B25AF84
AF5AE104E895E8398FC6EB58291AECF8
1DDC6446A4A150E149987B8D00935E4F
5B068ADF2D4DAA95F059B1FA3AF21587
5E4B2FB6D6738C4DCDB4819D77F53A63
3A583407D5544C74FF604CC6FEC3A62D
2B3BCBE1FD3593D9BABB5CE4B9109382
E24FCF81826438AACE9369C3E6BED5D7
A0C10BDC3F07D0CD4F7A7D6083F846B8
5059182C999A3F4D42C8D010CE4D6273
3DE2A3354AC5445B0F382DDC633C9A0E
90C8E6C64B782FFC639A87CA99C7F9D2
C5B95133BD5CE70BA8AFEAFF63B5E5C7
B0AA21CE6CF0642458E665D60F813E10
32F2A2801296FADDFA41224ED1D8B481
1E32BF6992B7AE18228158BCF884FCC1
CC7F8981B048208F5621723060A059AA
18CEA862D33506EA4B484BF29E7AF71E
77288E9D835A833A7D992FC3105B482B
22D0ABE806461D73BBEEDBF7C40F1FF7
04B64715AE479765AB72089E0A4618A3
35BD6AE044807BCF8608940649FDC2DE
19E26ABE10C49AB42C4013376B197E57
DE455E4A32D3DCBB033E7917C16ABFB4
29C087ECAA21E2B72AE9A58329946EA9
C1555A3A7DF7C664E836FE16ECDA7D9C
DA2E26802DA5EE87D9726686009E0251
1F851CA315598FCB61D0DBDEA94B5E9E
E52F96006DDE7423AE8C16225B523714
776EE8E6EB85789B4A484666AB383C7F
95CACA5FF3509CE29BD049798A1B9124
EE3AB9FF6840C0A8E1242B0241FAA3E9
0143225C5971F7C98CA890B6E78691B4
90B726F9CC6E9CDB84B78A5591468780
E7F19D202FE5CB2A894141DB2E6456A7
4531D19AB5716560C687750EC877AC73
42DA05DC9048157C71FFC4B279D781A4
EA111821C5B96E29DC410EDE7BB37085
B44FC0CB9F2FC03C1DF892FA0C27C750
B56ADB22CF1E0AA02DAAB03DF98450EB
B258E20FC8C57C216022FC66F18F75DB
95318348FAFAC509679C84AD1B520537
2559332F75B9417A8914160F68746D05
60ED1E1ACA1DFE1FB8EB0D7824E7786A
C7AC5F96E5FCD04C440A97849901A4F7
72A87D8B5A0B9C4E496B1812B20BA536
745D3320D627739E7B62F44421A3DE60
3D4BF9BE7D67A2103A37999ADEB80FF6
A904A2292CEB9F6409FEB72BFACC49C8
D278A609773BFAD7DA4C0BEBE657AE79
DF3699C04DFE9949F8994F1918F0B1BA
2D4B3FEA2E0B587E84C5EE36BB38CE8A
94DBF0E438B63E792FF621A492B1C514
D936011C337FA4C28855F091BB74707C
6F4657B8580C67D325E35CD02B62E596
AE6536928D7024761EEA79C21BF95E59
81B80BD89B2831E57C73ECC94FB98E54
503661CEFCA6D5B5587ACB6C9B7A9A6D
0DE81CFEE324561D3A89132FA44E4DEB
3E78C7B71A228E04211162DBA102BFC1
737758D9C14E7A80CC31191B10C49503
5EF7C1156A6FC09C461BD8A8121F18A4
D4E983B1AD88A71F0D7746AEA8DEA557
603BF79F96589164006AAD99F32C8F29
62EB537A431A94261FC0C5ED8D55E7FB
451496D60264B0FDC372A61E1CFD0C04
830F55FC55E5077FC2EB6902118C0736
2DA39959EE1DCE628A84700E86101505
90FF4B0E7AAC09E0E3DC75A9965B8656
8CC00234A693AC5351BB852534B9CA6C
EC8209F5F48C5167956C660D6675D773
A4DEE5F17584E7B0F91DB87559DCCB1E
EDC4540F9AF6111F59CF73BF112F0F3E
C3BDE6006BCD808E6080D78F0633BACF
CE10118B5ECDD50E6EDECEF44EAE2189
93962483A51D876ADED128B257896FE6
81C9A0821168D866D5F24AAC6872295F
B5806E50BF6C430FC6B2E0BBE633E3A2
C55CB539B116F516EA09532EF921EF0B
A9E46FD112E4465A2A0685ED94CD15B1
CBA4265ED8EA93812D38665FAC9B39ED
7DA9E7BFC120E2301A18049EE0C5CDA4
771269085A6880D0F639096E4F0C893C
4C7B26D12D087B4534B062E8F231334F
80B7FA33C1E7779DD7A38E0816D12942
8EFAE6B34CBCC5FB970962505DB79934
255CAFC662983F42767DB3FDF9BF20BC
8E573E51EBD03F3B95E57DA9D5769207
7BC2DC84234CE13D593A38BD3A21249A
3AFD018E75DFF16B127DD76AD07D3EDF
167980C5E5577FDC7B989091E3818301
BDF4A0F9A643D7350C909F6963F53A2B
AB909E0C8D49EF4F8D299F2CEFF59E98
673A0B28B42BC96E97579103C0E6C350
CB2102328386E9B8962B1DD055E434F5
75647E8C39F9BABDEE7F5D5C2494DA61
085FD6F96B3788EF42894C8844887A07
36CFC506097D294D220A3F36D347750C
667F055C7242CA6150357BB548F07C31
D0D944E71FCC87070A2E20DB73A99A51
65C3094A7D139B399F889890A9D8ADA8
564CC9390A3B678FAFA0FF0FB06EAE02
DE0FDAEFE458F440A97F42A510F71587
CEBA39625E9CC1256DD9F59D397DEEF9
62A24B99456DD2D44DAECED480A93E50
077BF988E1F3FB2088AEFEFE0C9FC85D
2E351427EF66CE72B7AC4771A010B3C8
8F4436C48F47E47DC515DD547A2E26E2
C9C882C5DD06EB243600DAE6397B1E0D
00E255252FFA72269171F9157EF730E5
C983ED09C7C6D4277AFAEB45B7B3CFAD
C7A384740215ABA1C887B5E14B0A06CE
0EE15DE34FCBF9D85A07C744E1CE6DE7
463B24731CFADD7D2FFE9E299AAD1C04
149C4771D3BC2290E1D34033FA966E6B
1DED917FBCB929D08639B67AF839EE0B
C550F81D1668F5660D707AE000248BE3
FB2272594A5FC83289EE78915AAA4229
1BE9DF8A591335E437392C09C70FF545
269E049E90290B19B4097DD423628AEE
BAA8E4AFCE80D14273395D8FB351A3FD
CF8ECA4FB23E86DA87F340A761F4D0B7
CC4D5B762576876DD9C2DB08F58EB05D
9ABD2CAA827266E8E31856744C222F5D
2D6B00B5AD8D216144E4D7D6C4041CAC
DDE22E0230315627BA919A0BD06BD4D8
D0CCF8D73EF9E98B473D10AD7B0D95C5
1ABAF51244909F5FD20B9FA1B13C946C
DC3E0D7892497C9D941B97480F077290
A6CE66200A213A725603971CD20AD8B5
AE4A2D602EC22B83B16269B0E3D19BD0
0050769FAD018F7DEEAE900032E7360F
E0846DB73CD98FF81B94E51448CB5EBF
4795F5428CB86C9D83083F8FFBF69F09
C57795B55DED59B5255E4DCC2373713F
6D093691CA179EB00BF68E5D8BD73954
532BFD195E8D0E0946EB64DCBBF6C099
D6E38175E22CDBB49C1772353E7246A3
21F88F4852FD224B61D7781A2AA6EB98
0AD4CE04F90F5B798F1027818BC02268
FE17D52EB2A522CC7077037264FEA026
D8FD55D343A7B498D3E7AB75E8E8BE08
386013FD2C0AE68D92FB9F2BCDD7454A
1A709FB271226D32C54751A8F6474E16
6CFB0719CA229041FE2C5958E5FF82BC
913F886C4D862A759CDB528000DDB602
BA70FAC3E1F9FFA3CC061E02AAFA1B34
8E242F36D9A8F913CCF910EDA3626789
9CC5E4D5B90C86B2A9E5B1327D7B2C1B
1375DF0E844C9F82FBED97A43FBE34FF
1F2F6DF60775F2ED8684B360DC8AE391
D9DD633979FD2890C0FCE61159888EC3
A57C02941AFEAAA8A4D0CDC24BF244F2
EC3E765D2E171635884C0CCF32204CD7
EA7F1FB0308D65B6FB21482F388DF1CA
FCACD8F8D2D6ECE564353EAF73020126
8EB3A4E36CD03674D9C453CB55E6BCE7
F09078766E10E701268ACC7CC16EF3FF
7E9C8F0043A794A3A6E26F613A1ABD4C
A50A31BA9789168B34FE5FD5A9ECEB97
1B972D5489D793E72EEED90E0016A2DC
6D42F148D786E965E89FC0EA91A21B92
F32A4D5A7C34CC89C5B363B3ABF9BF6D
AE280C22FF672E67123A7FCB38D439AF
2AF9F1F8642F89F91A67F79BDFAE0451
DADE677FC7C9EF1A337C9D56A9E465B0
95CEA1403D34990BB3011BBF7A23B8D2
F16A995A9D4D7AF9DB1E55B27015C51B
48EE9978EE6431CF531BF823BA76BE54
33DAD97C9F040DE454E1A1A019C621AD
BBC949A780E7613A4FD43C74CB339BB6
9AE4E1312993A4B2459242614D0C2F61
4BB9B559BAF5264B95895FE9305F51D2
BFA6E81377907770C9D55CAEEF682CB5
28CABE797AE1F900C8DEFAA36E35A23E
586A1BF27C8F7CFDD506D05B3CECFE97
67A0F6673FE05A4EFC78AAF0A608085D
2796B1EDF9007E9BAF619914F126E460
87A72B1EBFD6A64749B1539F544EF75B
8633143743D5CE4A00037F5209BA43CB
5F367479353C48D7950E2404995F559D
3BC670A7B57AD7784F7C7891464DCCEC
06E3ED7EBBC237FFCFE7CE93FB96D4D5
DBDCFAC5319B81C810DE4176BCC5B575
E2833D133C881EC1EB42E58E50BCE621
49BDEAEFF4E5632FDA80E2CC62140B71
BC4518839BFFC46CD498238316B53640
9ADE9E582583357FE920A28F37CCC437
F88DE3B5A6FF996691D5E950BDB0B79C
E1DB3C84881DC89D31B8EB433F918891
436076C06EF6AE382553EED467F5988B
FA4D31AB4398AF5003BE38ADBCD18D17
D255990A35F3FDB86286C7BF7101B5B3
6674265B0F2E63FF0D84A7D997B6317D
17BEAEC839FD9A8DE3681C46F2C946A1
739875020C38DA2B1C08841892647972
19B4F3D274728B194C837CF1F24E0B2A
EDADE4E7B87C10AE3DBF679125C4F49B
768833B6EFBF21AD12D4E29D5EA9668E
08541189DBB8A8B7207E33B3A679A5E5
2D37DDACE7AEBC217B0904B6632E21D6
EA4267158D28AD0E2F5531FD7FFE51D0
C8BA22DD6718910434F2B85C91330007
C01E3A2BD8CEE3C02A3872EC76B8C2A1
E47FFED315A8CD4A748961D468ED1EA1
D9CB24A0C5CDC0186DDA050E87E47E31
37EE7BE49AA759CED8F560939038BC7D
55B82828485BB8963C92D13A39AE10C6
2775E1B7F2FBC25B27C4498EEBFD8C6E
5D71C674A263E8480B2B68DAC255BBD8
6315615026645CCD032F3273E7B244D5
52BF990CAAC4B5C665857CE7D79EFE97
3DB63F67629D187869C3B63F7952B3EC
80C68AB94C19713C66F185C5BD5FD5FF
EF2C985A34A255A4CEC5065A96EE9E29
DAD42945163D15A9D98DD4D6548B47A8
B019E1417A2D3C08968923BA560A71B0
2D2FFCA625D68B4C4E0FDC8D64CC9BEE
3B023E378701328D30DD5ECE7816BC91
7A0E62B3A1A7B8837B0F9C148AA35BA4
36DE29352CBBC81B3C347690444E6021
883D863E2650F2ABB407B8ACC52F4474
B10EC9D6DDDC4E0ECB0ED3D8EB253712
891D225E2505EED6E5368637F2035CA5
B272FD94DB50B55842AE2D187CB8DF7D
A93FACCFF8C72F47EABA328A05706505
740E6435ADFD18A377396D89B9C46237
715FF20D758745881CBD9B8F96DDBAB2
CF905052209C00EDDE5FFBD4166D9214
E90B5810C55B123D76EA63C8548A0593
547CCE232C4F94FC0A94879D35A04220
D8C0E53D13F1DBBCCE3315F06F4259B3
DB20326EC8EA898BE4EDBA178ADEA468
EFE703ABA10DB07F409DDB31E714E08E
9D9D44342D04506395B6417E1C144427
9DA84694E2A289C947624F315B538FA3
4085B4E8C2AAC9FD9CF5817CD01E392F
586C843BC3958FA532C026792DEDCAFE
A1BF0A26A818F0E4380AE458B50C8577
FBF0817232DBE92E16A040DA173CBD26
E30B4F3470193E21AFE4578B46E13DDF
FD55457443BA80C61219608F51AB5E96
28393E46B7DDA2D954749A5EF3FC9418
4D70E7525B88D60AC8C64E5CF97FF6F0
0862CE6AFBE68E066B5376CF619CB38D
AEDC586CBFAD8145A3E8473B0CAC2E14
6CB65D8EEE7315FD6464E0F4D97E47B5
C4A04FBD26275C4CD58F3A91C65476BB
D6A2EFEC270A92C333A29127369DDA82
CB47408701C0B6B8BAF7E09536B6CCDF
7F8A845DF4CC61741E4952A10930CFB7
C41778AE097729B527CD26FAA8484292
CB298A9B3EB2CA52FD9EC391A93BF1EF
D83E051BB96664C55AAB10D7BE5C85B8
F4887DEDC8620F9A68CA8040830172A2
42E1A80635D863E5A8E27618FA609AF7
4960509538AEF59950130C8EEA186D90
5781DF771F4A523F284500B8E2F9A97D
BD5BD5234465DD7D06A0D57E6F2209F8
994B629A68AE220A9F43B875BDEDCF7F
651C6953E16BBB791B7CD46B4F1B2F61
8A7029B719F7B861E1DCF503B155E77A
D38EB4895D439A7389B4EDEE1C75DE0A
B65F198431EDEC32AC79EA405C14FAEC
6B93078DAD33AFD69669027456817838
64428EBFD85FE81DCCA0F7A0171FBE94
A52A18C719B5F6C2AC58CF65B5C0B857
BCD134E6B0E717055B5A141DE0BC90D2
38EED654400B9A43C9CDBFA4EC613D81
50C62CDE72A9E3E9EB7A725D58F22DBC
4FBB855A13A067FB3EB02A88E04A1BBE
98D2498C1A3297D89B12C78553DE8683
6016627F2D526C92DA3331DE731B4A2B
AF1F4214FA238BACB28F780A9C2A4F98
CEF56B0F331475AA046B43ED6F647158
EB3CEBC67FD2E8C5576B47BF11B26DF4
9C477A4FD16031900BE0B728190FC337
20F09E8EC33D5E66E9EFAEFACEE735D6
A1950316F9FC444996DE0F9ED5F6E7A1
F8F7C0E6342334546FACC7500A5918AE
CB2B81004049910CF6629ECFB2A2D525
B516C86DB9A7CE810F646830370B2837
EDCE972A72105EA90012D8D92AE373C4
A4BA746AF0B36FB901ED4D41826526DB
7A6DD49CFCDCCA3C992D3BC8B5B76B71
D078D7B4E129284EF4FFA4B603BB6E5A
55B26EFA894DF42EEB40B0923D979EE9
2DC79FAF4119561546121555CAF076BD
A89DE966F5695FDDEDAC1F38638251CD
8E7A7628F78852925568C61D0800ED09
DEBD7E1506B644BB27EDA71B09B91911
7E9A3D64D8C11F4EA00021919CE61DAF
0C9FD1D3A23A7E1C6229BCE9201A4990
B012DA09CA977040E863AC5C512F4DFE
88BF8B180BB3E46934EBE0CAB68F9A4C
295A81165679F3C8C8ABDA8E0BA680A7
F3598600EFE5E11A409BE65681D1BFE8
2C9B811AB5FB493E661DE387B60406A9
A85A2B61C46B624387EB1030926259BD
1B1AF527F501B4633C06095545A3271C
5DA2D4696AB7FD6D3F59893E7E91A2C9
EC9E5D68ECA57125CAD3BD83892137C3
069D9024C2CFB758E5250165337AF77E
DBB52625F8F73A3EE8B63A961754DEAC
6DC8BB1F6A1E51CEF232875A331045B0
8BA18A9F2A76C58CEB914F840085CB6E
EB2E021738F2B76867B498FD7D131E0C
E8DEA86B635D16106EC323618AF4AE8B
53F2F0368683510B71B0B8C3A6F2E1EC
CAC239E8A8FB8540F92E678BBFFE0E10
691C17D6BAE379A132E53196480F1FC0
EB6CF181376106F684C74ADF93386B0C
9259B718B5729E3C84C44FDC9FB1CA26
2C7A3619A4EB42E73A3A8BB73B9365C0
8EFADD1BEC720330290C58F5EB8D514F
D9C76760811CDD10986095D734E7DCF3
EC8F470461EED5DD29010A17DD02A376
07483B2482E13D2C213128CA9649C296
96D41B07A682ECF43F6B66D018EE28D3
73472785652E3A51034E38639B084938
2445012F7CDF518F42413648FA7A1C65
A4D5580658336F5043127744613F39B8
A6644D29FEE26843185E84E1AE309A7A
59BAF143D39A75330C728062B3DD01B1
6374069C6A6629C34C9EB0D772A65FEA
C54525EF2666B57BAC43BC38CD6BE3D0
C7FE05F98AD187277B83FF40DF0D66EC
F8CF50B9A6C0D20964D254D42F939F67
E6E030C06418FDBC084FE41DA0FB7A3B
AE815C734143B9F1673964AF8F97484B
553F19DA93FC46F2381D24E2577B20C1
B6D4DF8E7F71E3D4EB2BF60772071E72
220CA33811026ED0EEA84B2A7C486FEF
9E2CD68C71CB8A9F1C40FBDB85F8E026
645D58F975349E38C0998A360785AA32
DCCAB6232279FBB80DD15A2459236B29
3D40A3ED8E2BC9F8E995A15D58279A1A
A4CE5DD0F24662CE0802F589DCBA28FA
058F386D657E017AE75CA703FD37C425
FDAB136ADD3B390197614936A6B96D67
159457A8CE5C33C9378223ECA33179E3
5CBB124FC69B107FFE7972CCE03FF902
EC7DC12C2AAC2853B2B45D14BAA308AE
5E38BDFB95F6BF46B9DCC3F679CAF4DA
2514E1C0EF47E8A404C8C0EE94A9EC45
6836DAF9B5F9BF634CFCC67A073A6F23
9F1CBDCA625662ACC181A7EC0EBCC9B6
F95D94500F6595AE59D470B78F24750B
B81B8352C5D05CDB4CCD9584F0EA264F
8BFCD142C5FD95868437EC9E7195759F
B18D342E3C40F087A35BC8099C611C8F
02FA792139E243803C8984B5A43651E4
0FDCA9B7628CF6D00DE8549CAAC2FD28
F2F91C2E44EC71009D7400D98E61F6D0
497F4AF4A63C5D9A7D6D60BD6235C152
7CCE2D65FA76589E820C1D098B51B558
A5612BA780B73604E740FE8EC7AD8908
F7761D96671D6FB083C5BE7A5382E2E0
5EF35A98421AD7FB684D17697E8F7C8A
3A9427B450FF95ADF7893A5EA70A7052
F1B37E5A3B5F063A1F0387ABDC493065
7B3A68D19343DB36500FBB37AD69DDF1
6D5754102B8D926EC2ACDC83B1760504
30FA6DDE4DC7BC74CF169E3871194140
9C90D0A623878E3B2070954CD6218032
5C6C8AA0545A989F6C31BFC81CCA6CA2
4F4BBE1B18044C0BAFA4D7F6A8805E2C
778BC426D81FBC9BEB06086DC9B1786C
B93B36E9E6B6092DC33450B2DC8E9840
582FACE9FEC324D4B0045B0A162F72FB
E1A4630ACCC3CDFBB2A7E1CD66001D05
3BF068BE9198FB23F5CD07A9BE450EC2
9973E68BFDE6F7E79CF5832E25A5AD29
DF824B5BC40068DE20B15973FE69FDBD
250DEFA1043B75F2AFECBC104B38DDD7
25EC6D097343A1C701C09001D5677CC3
CE0DDFE42DDE36B9BBA31A08EC26D6D5
7EF589D16ED32E9DF0DFDFA71FD6B7DD
828388885382728FA584E9B3F1207295
D53B1B532E7616F5B045EF3C421AB037
637E186EA3AEEF26D48A201583AE67F0
BD278CF984093D89339E4DBBD9997673
AA77465FA8162FFAECCD1284AC26CEAE
4537ACEB8659F720D9241CB0A498302B
7B4E6849FF9F375B13F14F018D994BAD
913D5138189F8952788948C4DB92090C
919730E80C7E720B4FD5AC3BB71F32FD
340E206FBA0BE477E68BD614426DA1F2
27901C13EDAECC6302EDFEA500FF0427
1D310837267AB6D2B8C66FCA49A70354
7BC49CB5CC34A0F23A651B89620311D1
1907876A98EFCE535CDB508A49FB7159
91684D07AAB484365C164B40EB1753AF
E207C87E7C47B901B5B06AE379EE1ACB
FBAD7858B64534FE3FFB0461E208E7CF
8C65DB569D3422C4AB62C3BC53D3E774
465102695641FD048286E9D2AC67859E
1C86ED35D6D76C9837CE810277090DE5
33FEFF747553424EECDB2FC7CDCFC0EC
C66BA0FC9954A5F2CCF71DF52080624C
FE0899B88D970EE501E9AA9FDA2D46FC
FF66BEE1E2F1E35EEA7EFE93BAE16977
C7D4D2346657FA7FBEA4375CD4BF7E3D
27382B30D6E2C972F3C047BE1BFAE634
F623664038D77A5B89F8469A9CFCED40
B85620F725299DF6481E98C8B24D1BA9
653244FF93989A426F94DFEB6B0AEEF2
A28ADA015BB6E645133F18FC9533C716
B50919659EB15C271E069A44382535B5
C70EDA4B4F684BB63DC5B252CD59F39E
AE4A951B9DBDDBBFFCE171CAD18171A2
22E3524F3B91C63E7C8E03B7DCE0B84A
853F6D656506D383C92A149FE137F128
3A1CC7B87F65C285364AA8A835A408C8
2C11F74F2C90162FC87F22874DF1683C
90D0901C8B0A6DEBC7C96980DCE61431
1BDBABF1887A1A69EEC575EBAB4E9151
C736D1784A2B254444D2AE1B8076D668
25840FD6F714D6C0E8A1B851399B6261
7107A764A175C8DD59EA13D36AB6C5AE
28674B7EC4909BC1E29F63CA8846D744
A895C7891B75889AEE89812B16ACA6E4
F871582798AEF0CC05D6B923B7FF38E7
683ED0594F5A7D782859A830B571A325
073507AC4840447EEF784AAB5479DE1A
82D5B260294379CCFD5DFF8BC07336EB
5D247BEC0CE6CA058F75360BCDA2657F
0C42CBC59D112B8AA05F8AEB9FA6B8AC
E41B8E27E60919ADA327A1C267ADD598
5A2A2177AFB99FE83AAE0A7768449E87
D8B6E17D117885F1DE4FEBA869ADF050
717011ED63F03932F179AFC6BAEE7FE8
1DD251D2623DC0D809FFC23FB051CDEF
F13D903F6914F3E2D829390770FEC226
A54E557BD7914C43A0E283BB1C70E6EF
77B4CA8A3FBE8B66F7175E09C3FF6512
710AC0AAF27BAB28D885A8EB8BE10C8E
79C4F3A9CB1AA1B6153842C24C771BA7
B490F1BE43D91AF12105212B4D0C476E
BB6886E9C0108A144141904782AF37F3
5C2B552A26082EC503DF4391FA2219AA
8CBF769992379D9B68EAFF80FB450FDE
A0F1E66B196E0B577FA5CD67F65608D5
340EBC16F7210D9E2F159CBADE81AEC6
3FA8B32593A6469D6E6B9D96D49BEACB
EB2F24C2E55D3CB17E15E817D520583A
59F7E2B069A2F0805565CBD26B3D8A9B
2B9A9DC8BEEB7AB7A881566A7D2753CF
B50372EFE4BABF9B2C3C0A759CE210F7
86ABE12B26137B28A7828A823840D90A
D81D6BEBA0717D65CBEE60B112149D61
9C1D8500B51A50594AF8C019C16D436C
77681FA9D08209110AF71BD6AFDE80CC
100CA2B796D98C5D220E538040400B0A
63E79C20F8BCF3E6E5442AF6DDA4A985
C787A0B6EE29F3205C35E71FA13B681D
7B0AE501ADE2E4D3D88D817D783BAEA7
EB3620D43AD48CE82D40BCE96DC04D92
3967484B10716B9E46E5114AEB8F122B
F38F85D1AF4723C3831573EFED7E8AAD
9DD31CBDC40A8D97586B892BEB9338FA
223FD36C1668A8CB2CC8A777B0F76199
FF9883B0CA345032B21BDB4F9B80B83E
FCAFAF3F96C028F3B61E492EC5EA7743
440E711D45DBAB5E91007353E3524C13
4C062BC4C415C021F2C2ADB2A7003D55
C0A73E4323DA9F7B8E3F144B89BDD6EF
94228A72555C260E3151767F6EE49EAF
A9117FCF90E6912B92717F796097EDA6
97C31F6AA5153B4228EC49C1CE174EB8
77D31FACC38FE1AF3BA147ED1D8116B3
0BE0165B2AEBC9A0E165C62FA4D925D2
84EC1CEF81CDE3F5D91CCF926D8F47B6
580D9C3B83317D9C36A07B2E50BDD617
A5B25FD35061ED7666471FC6AD9189A5
555032440CE6BA7D71349D59B66D621F
9EBAA7D0A18779B01F55911DD5451DD5
C11FB6F9BEFA98D0BBED5CE6986D102F
723719870AEEC6B9D9F9A18CD82E1203
44D097CBB87E15789EA033322BFF5A67
23965CDBA1A9104F87EDD20939AC44F0
D8E0910601E1E9CAA20FAC2081762BCB
D82447E1938CD83E455D9D84DA6A4816
0F1778427C685490F5B60BEF55EAC928
DB8CDE363E478FA6118B4D415EB936F0
9607C7E1BB3D0401CCCA836A10E3790F
1BE9769A731C2ED18FB334D93CE4BCF8
D9785AD30DEBC1B2F7F412C0BF6A12CE
CB33A7A6C1484903EF344B345E912ED0
6C0C06A6E166066695DD15B9F9220468
09B3E85C45ACEC0529D7A0633144782C
21CD5B4331A65DEEBFE3E821C343E798
4BE84099E1239B9D017A7C6CACB1B776
D5764C296D74BCF0D8E553B008E9A236
9B97EB05912550599837D99505D7598C
DD7EC20BEC349FE36F846E5412E82F3A
7F3AF665C5D4865B209C81C94E961316
8BC4FCCE680B5F9CCCDE08D64595EE6A
961858F0B0A58220BA0846C4CD86E8FD
BC27B90D6AF25C1F8CE42CEBF7776F04
A280307F3E614DC946C4AD6695EA2ED0
2C80DC8D5F6E59A7CF17A52E49BA77D2
600470ABE0178D33B8C23E92A24C4D1E
AC7578A6BF4FC6236FFB7F6291FE4453
ECD49320AEF3AFE57F9C43F005DD0D64
9864E4CB330C4BE6EDAC5B306B9DBE45
848F467999DBC469196769DDE0E2271C
0DC79F99D650C15A51167298AF253700
9A2ABD3DF18D16E31BCE4AEBAF1F05D6
FC880787B00F1E05C48847D656E48544
2C4A044EF4CEFFEA42474A84291C75D1
8BAC36B9F63A9F63A2D5D240FE4453C4
F7BD697CA707EAFA0CF40A5C6D6EDA5E
7665D461FB23EB86FF1EB8689A07FE16
4689DD8F0F39059B189307BE1DBA9FDA
440DF68125B16839331F0222DCA16F5D
95BD5DDFC046DB888F7F9108BBA8BB76
25FB504DD2B7850F58AE95186B82E0D1
685A9B7E6E229A0DCD6F734C740EED05
FF40CF119438A7ABBDD60DE155B6C3FB
2432657BCB9C5E29088288C6A6B92233
20095E8CCAC7239B7CF5DEFA38397E73
3DCE37FFBDB5CB6C55B3642ADBD15A0C
F04945EB51644B3CFDE93AEEE154074C
6FF9C74165D47AA916AB52CDB1A3A118
BC5242225D08EFE0002F208E16D75C63
EBCE1CF2B1E949652FDD33125B8DC1E7
34C1609491A343935B3DBF85BB0969E2
5F029B3960AEC4C8A4B557F8099FE5EC
79071D9BB3447931E88A3B1E25BD047F
DE501E754BE0700111D3BDF6213CEF1C
F9F6F09B8F3F32CA413ECF02C261F4A7
511DD5961A5078A9987B44C7870BAA8A
742D5D41FF26F1CC1160BFBE54770D04
11307AB55EAB33F446822B581841E74E
DBE91796AC682195A269EB64344059FA
D1993C19931A1919ACE6C9A9087DFA0F
C8E3CE20473FCEEC888EA8B4E296764C
4595A609E16DDAC259BC38DBC0BBCB04
6A63B9CC524598696F62D33328EFD468
7D68B28EC8F8FF59F8190E8F541E8923
214EDC19FF01A55C5DA9C249D37D3D3B
064D63AA0B870070184CA58186999248
F4764086F743F0D47BD68557A7BAC920
0127F56F1FBAA2D99B9E708A14CC698C
899DB60609EDC8CE2CE1CD56BC2B1CED
DBA27559EDFE63BC3944137150730FA4
0CF12B52BDF38B5D25CCF74BC5704E02
8A547297AC74B6D5FEA9DE7BFE3F45A4
DB51EC473119E03DB5CB54F5BA456202
A26F119E67563C77AB4B6924F4EA2AD8
4940A9082D415AB424ABAE1F2D1BF285
8815B401A52946CF14F687834BABA19F
DBF124B6A4979465FD28D35B3D01DE00
AE271DF1E8A7DFE68A909A3401CA3494
6EE87A43CEFC6669E01487EBF56DC05B
5E257C31B8553C145E484EB6D3DE2B42
6427880BFA83A8D72E1D932B7CE5A235
433C5FA7FD55E7F342AF927B3BE78FAC
303A22CA6900F5649505DBA86466DD4B
84CDBCA1470CB68BF367116B3D6EBA22
0A4AA76DA9EE642900B8FF1096EE5FE3
392166BE13FA3D5947A93E49C37EE080
27A98708928F936042163FA4F541EB07
8C0C07B67EF0B90B98EA849AD058E74B
20F2B267A2DA15E254274329686AD188
539977E972EB387B8A1A8AC8FDD56A8D
6521A4EEBCC840E5FD8D69E0B80C3DE2
02DF2D7C7E1370E4BF39CE1F19C8A802
BB46C5F41C641300DA7C68BAE0CFB7F9
BCD3CB120D96B0FCEDA37FD7A0F694ED
B4901FDB87F08AC3121499DC728DC1C1
095CC83139C091E588DFE1DA72B7288F
2C2863E188960B09A0239C33464F6F87
4E6DFDEF0542229F301777A6D0AAFB99
7E9C93D763E6A5029711FF68551F9430
8426022C4006E53ABEA35637C9448C49
ABE2BD429E24E7B05130168261C3EAEF
08916A44AAB2D7BCB62C591062F5C393
58BA85C7D36AB965A02819AAAB6013EA
EA4A9F813A65CE66FAB18CA7D0559E7C
6697FFB9DC5F419AEA4CFC34336BBABF
5EA1C7071AC72E8CA0B727BFBB200EFD
20A9DC604BF04E61E9A97B114D63C709
1FC3B83D33C5647A59D355C82DE6DDD4
2618697A6922B4097BA902D1B919B8F0
1FF780025DCBDE5990D54E2B462A8DF8
3302A004457724FB34B86F268B7AD8F9
BA8A748FBFBF0ECD30946085E2DED437
3563FEA900A64E5B44767C5EAD5F6614
98D570034CFD6EFD442DDB168002648D
90BA55990A62EFF42BDBF1C23D9AEE81
8131CDC8558723155EE1839CA727C9E9
7693391DF0586ACDC5D0A2FC317BEA68
1D40A5FB6E5009C7A03F513293F41B89
0DE81C477A6AB7A8DCBAD385640CE292
4F9CD825CF0D4C97B297F0CA7A6D412D
CF432F367677A030AEFBDB72D16B76F3
59F8A5F0E7E730F38BB86D99FCE6E7BB
EE9A566542AAA7550A67634D1F429EB5
D0A0C4B92685C41452DB3DBD16219E2A
DB82F6EA610F6902932C760186255F06
7DBA5700658EB77929E50B437A38EA23
EC3CFA700EAA1EC867B0AB7D6FD3D3C7
A38907EAA075FF59FAD1221AFCCE1E06
52949E2E10C59D70B25685B80D86745C
702436D51DAB1B142C94EB94AB5BECD1
06DE783F3E4BE325B672543E3FC6D0E5
DBB33C2431D0755BA185AE14032C5CA9
A1D86A23D961CE0BFC360F44C82F9523
066B7CD153C719F28330467CCE345888
F5802B9429F5604AD1174054945C05BF
09C45D0C3F87F96248911700495E8536
A57C0460EC3FDAD5AA2BD42F9080BA84
6A63DA30D667E3F60491BD2010572D7D
8A1F13C36BB4953C7C3CA8B050B540E7
F6795AE82D2A402DB7463CCF8D25B2E6
DCBFAC99DBF382D9C75CC397A62C2809
0EAB1FBFDF5E493833E326DE438D7D23
76E13168228112C23D288CAE52C82FF5
60B6362DF77681A2FCAFCA6594683362
B52A3AC68547A6BB3908E25BC3A4B176
D6ED27EA960297792138453A1BBB23B3
03491D7D14C47E62BEAE99E60A943534
20936DEFACC794A15254F88104AA9CCD
B4E7815B4688684EC7DFF60BC323CF7E
23CDF3B3D89286DE2D6CD286095761C0
B20E932955DA05B508954C868C187FCB
48EB61E9472011C609B97AA75FC8AC36
ABD6A56360DB33915C3A8CFD0A5B3B49
EA5545581F95F4B468B16E3FDFDE00A0
4E8436500138B2A73D7E65E8DDD0170E
A9CDD2062D9CC4A918705746DE0102D8
24BDED2816DD85CECD989F08EFA25D1C
EBCCB4FC6A7A56683858E364B1DBF10E
E7054F15D1CD861C8BF027E0194C167C
62A834139ADB1EAF9A57B4CCAF1B2B6F
88CA763D7482112A1B33BD93D07C0D27
A73819C15388CC6EC5D010B85E46612D
B19A04B02148AB9DF987588B10DCBC66
4ED06D9DA6BE17BF71D1A9AC674472AE
A565D029C19236F4D8F08273285D2D39
D0F061E1D166F9A4EC087E0B48217545
7C35148E64D73305254BEB1A9643DFA0
5DB64954DC9B1D1E3C5193E20100FA61
035ED35F23BF76C273CB7624D9698B33
87CEFDE96FA5C6C1D1B1C50F84BC6CD8
88E3E4342F74453A67289C6A97EC50FB
157645BE0F4BE10DB83E2B4BB0C1CBFD
6238919FA01B10182A1B420D81998D6B
9BD972E8C439FC90941DA048EF1D3278
2322D5768587D83B75333A1D8D9E2C4E
81DFE65CA9F02F1049E8E07E53B90726
68D87975162C7532E5BDD1051743A89A
F5DA99AD2C40EFD4664A2A5976BD6B6A
A3D63F10AB61AF6599AB8FAD955DEEA2
9E9E99C7D44DF283DD8EABAB948C39AA
BF166F81302BB32CF38455CF5EF45B91
87A2C8F691AA048F28E57C52E4910C72
6583D05D1A06214C29FA6762428F98FE
8B7E42B6F706F8548D0A48E6B04A63BC
EA97B866D3D37C024DAFA0F182912A94
C696970AF71CBE0DA4EDCFFDFF6464E9
1D2692A3EF1E95BC702659B412191C39
734D695860483282E8CA36099CFB687E
95460EFA548A7D97040C5553826B5E0D
366A74C270B68CBBE4C6E940B6E3B71B
74904F6E2EB9E4FDDF5513969BE6AC55
A165DDB9FABB0FB0F3F13CDA7FE8A966
66F77958CF6B234CC84D48237C264CC7
39E34D8316D05F3467D639178458BD7D
1B3BB57400352F151BDC8A33F40AF304
20D0A85C5B626729F442B33FE2C7496E
23E79236F4980E8631CBFFCD8663ED9E
EC298F323049B6C28E3832F82A198F98
F39FF1C18C2B6BBD219577AA5955DC62
21D8EC92EF7BE185AB57CD371CEE982C
DF25E536DB66D2F0B14146F26AB3E2AC
3EEE8F7424CB2EE328102AD923713C65
CD6F1DEE9F2B3CE6F2FFC4410C2D059A
50DA8D3FA3B3332CADDFAC7072CE2C2E
BE661434AB170B3293D61F6234589BB4
3C109EAD107932D31CCFD4A243824092
D15E14F9D6FE44AC0534B650476EEC4E
1033CC6F9574B6E0BCB3B7118814C958
EB76765A7E175DDEB6C6B89C3C17269B
2109A5F620680C953EE397E33F83A297
534F4F1C185FE40963FAB0B9FEADFF1D
211715972587DBE16FC479C21038EC87
8DC2FEE1CFD0827B4EEFB01D550EAA3F
16CF557E8894F9A2BC4EE8E7A4A0736A
0358B1C4AA45496C3BC5FF35062ADC40
1AF45BFD50396FD7E2AC334E453F8ABB
C3485639E124A2E19C4ACF82C2C5F1B0
B20560D37A9A35C2ABC55353C330772E
12378E60C6A1C7D5F23547A481792B8F
F66B0B81F7579A8CC7730281CFFB2309
1C5DDD705FBD1373AE056498DBBA66F2
EF47BFAC3A1489D5450BD98D7376953E
F781D4660662B05C8B30FCD795690CB3
0B66108B15D1C14474A0195625F4D243
A00488866FD35A35E796B02E90EC2D33
F4642231FFB0A8E2D3AE94F14C555ABD
E449D81BD3E8C81FD0EE7F71F88093DB
8E91382A431A78DA2C578CFCEDCFA890
AACFB437A0D5D43A6B198C96710B74F3
4DD336FB8ABDC853C55B99853F27FDC2
44AD22B75A0E39356DE40C019B20D09D
E5A7B12D678D8BE7684EC4B9C4DEA60F
31A3CACE23909D566F36B8DFC65EDA11
5012C101B225E1821E995CCF1C268196
3F176C3930F12839830570E5540AB9AF
11F5261172798456CF2260762370AE95
C0033B6FA7FF872604E2D391E698952D
06279627AFD48AFA4B45959B3F3578D6
50E1A0B2D050306F84EA75C9426D4A92
4F2A7F86C899388914350B3E942970B1
BD68473E8EB6E5701A3779C00A10BD79
60FE4B6995449FC58AB8AABF35DDC9C1
4E3B6DECC5E343EA029071371AC5C82F
BEC25733C0F436C5EA60CF1ABE0B0EF7
BB098CCF2C068D7FEE564A24A966AEAE
4FF2CEA045173BE13E749C28CAF6BCCE
C347E7CB4E4F68E48D8E3D22DA9E7983
7159A66062112A1B4032F90E6BFBDA3F
12E364526F33D8BF9AA173041F9847D5
348A6E2D3F49B8D635FBA544556FBAFF
E4FAA88ED88BE3B5D04FB9D786086EA7
0BE24382BB04D63805C022D248B63152
4C5F503FC2D9AB9EBDDF4FBEB01F5CB7
CCE1878337E173297BFD635410090410
D655A0C259B7A1DDADF59D82E202685F
065972D28A3DC89BE98581B55D17DC36
4F27C0D0DC9F8D7759DFDCA52C6DFA1A
5E3C4DE4F79D15D7E15898DFF55B8F63
66EE2836E9C69BD38797E6B802C3ABAD
C3CD0AC60D724094B3D9FA0134BD4576
1A4386FDB7120D6BB71B7E79377DD30E
5C0B12FB98EA006894E288ED12259AE8
0F3E488E8D513A9B6A30D2783A84CAC1
FC03C7EE80886AC953C4D6CF4A07DA3E
51E32C4AB1629AA55FB00E44879E3779
452BE78543D52C340C6CD2A3DD879730
13D772F4AFD5A1A9DA40221C66AF8688
6EE50142E26199E45BCC5940D2C139F8
195281E43DBA970C4D992D2B5294A43B
173BA8367FBEC2743AF029700C55EBE5
2159B10D2312FD7DA6469E19C5F02E45
C26CDA309FBCB3EC571C6316D90D0335
BFA6EA2C902AB8B423330F25FC5D9F91
3C6401D8A61974133306AADA9F56380E
A04F3772840DA5D5626922B8CE528CAB
832C3A19B5F496F2C49EFC672EB2BBFC
AEFBFC90F954EB5AF850677A683E9BE2
BD7D0C6955412EECD677256E737E034E
17F09C2C11E51707AA587541E281305E
80F84C865BB2250E02C779B94B5E26F6
BBD58CA72BD4ADD81475BCBBE55DA309
8A19788296A6E765C476CACF4E57D720
7FDED880CD1146EC3F58B50369E5A527
345AF353FA65D819CDD1BBBCF2B2D722
A54BA8530F28183C5D4B2F4A193BBA48
879BD1D3434DA2523C5B72955D1F3D7B
4C25AD731AD542DCE1B2FD69A33A4053
0949D68749717A883CC24EF3BFC151A2
39E4CBCE87C0D429C8413EE220ADB3F9
6C853930D8139699184FC2F3AD6683F6
732C15F57D77E44D2F2159FB4B038902
F0674095A3835B7EB30AFA0DC4595707
C1F9481671357B8EBF7682CFD66D6737
08E05DE0D6FC0985A0D737CD4FF5B6EB
50F9B51AE01C1A3FBE3860E006C360C3
4320DBFD9A5328343274BEA74A6507F5
0672EE5517C8A671AEC2C3BA2037AF5A
D855EE20BE79B3A062923BEB032AD0CF
D00239D8E16B3694DEAA78870275C385
9A8989943C06F1DECC2AC2EB4DBF4379
06385C1B56073E94F0C8EEEA7FDCB0B2
4B781028393EE56722362D808689AE1A
0F24B59697C5761D39FA5AF801E3384C
E6D4D6711ED7442B2C5C882948F2CDC6
A0295752ACDC0C2D9B27B34724F3C0D7
CACA17AA6C9651045F1764E3FBA64EC7
321DEF293ADF16F6EDB706054B4F6EA6
C43666551278BCB75CD34294F7FD0EA7
B0CA2519BE88CE6F28BB90D3A2F053AF
188AA7987D55AE0D928F9729C55D57F5
FC70F68E7CE80EA00BCD3CF68BFC1607
E1377BAF19D426AA5473E07433645484
09C23E8C55C2899E494E714B79B88258
0B30261233B5F06539BCEE68E159892D
8D2E389554F3528264DD57FB3B7D6292
3882F189A1C2446D10390B937B40A357
E20E04BBAA0F3152B6942E0EE4643A87
A7989340C743CBA380382772613DEB0F
22F674EDB3D52E97680B9EAC841949F7
6529A98E3760BD6D25364B752D432A00
97B867EF4F872E1A62817B81AA759274
9E4A68F932A3506B4B6FE31D481AD66D
AB37D6A8EC6DB76DDD2CD86D822F35C7
0232795C34563C82AAAB18B655946B14
75919EF13E9E8B8D505721C4E5754D75
9804989495EB254B5B87E24EBC47643A
1E5CA50420D9079E03AAC5D80EA97463
C75B643A849A7453BF4A78277DCA64EF
5648C2995E3A0A5E4F58539DA9B914C8
37397E5B89EE88FC5699122CCFD1D602
F540279F4C615AC73F2DE00323620251
7EC8C79D8ED9C37D064FDA0097F64B6D
A389AF3E2B252DEC7699E43C74EBEC2F
A74B3EC4936646BD729317F206475434
197A107F22BDD414B8BA812F7DDF3303
E6E1A4E7BBE68AD6D0B828EDEA62B5D1
929A3FAF4C2904373CBA135B55416BEC
E7FA61327A2FE77CA74BA50ED4C158FF
A3D9B5F6FEE708AF83B4C0C9F1211950
65CD0754B49367BF0307C660D8FBB10E
CCFACEB0053E335F6BD56BD00CD8BA4B
2A7FBB619F31B95660D16F71B9685687
0F698B8F70E54046B268487700E58441
13DC7B728950C9A5B9D12E0E579DFB01
883D9DAE4B961D97DFB973F4A7E81E7F
76CBDAB73F0AC1CC6DBA3CC44A04BBF8
E2CBDFDC61065A9B576DE3555AA05DFA
A9514C094798FCFA6855DBC4883E05A0
1636C60C2C8AD135FA0C291C2DBA904E
09346A79B37C7C38940CE84DFC97D133
FFB2B606E01F51F92904F3AE2309E55C
01984A7B0E59B0DE661678ACCBA9B997
0CFED3F36CD189F3DC2C6875B84870B6
D136A29F18045B35BD8F1B7CC991DC60
6FA69BDCC06155B70E4ED3D3A7EB008A
027B215FD9EFC180BD41F1BBE78D0902
7BA03AE2D100CF365875D4245FE2B8E7
0BE021152E5C2B22E6EDEB15476E1170
576D1780BA88319D6480DDC1AD26DA5B
344C07E87E0DF5191ADFF1B70E088265
1A2BC3B9362336DFF4E5FF1392A8E8CA
54B04652B95BCC68F41C24C68FD01516
D49AA2AC1654E03838AD630A20E19E33
A191A898C4ABFBFBBE94072FCD144777
15E48A15128BBA7BF7A6B5C234B52981
BC4524CDFFB24E335D2FAF12A77FCF7A
395D2DF2333E40B670A5267D9E2617DA
CD30550EB6BA041E8B227F0937CFCDA0
E5C2B6B85442CE223A35CEA4B49C251D
0CA111994670004D5711963C8E18A748
0354EEA1C22ED290EE8D95F149F21CA1
376A7A74539FBC67BB9DC637342C8E8A
FF8F172D43FD25C4FF5674886D188465
5A5728FDD2C6B202661F47361923C16F
45C5DB6605253098AE40492EF955ACA8
A1EC3BB180F02CAAD170D5802B06FD67
9C1889C164FD815470E873F64A39AA68
1B1E5FA02F1BAE3E2965E8F821DBBE7F
56EB061D8AE000EBC1ECE60FD17199B7
CC251572417186932D67701D63E86314
E64370A9BC8C5264AE2D4132342E3C7E
B6F2A97D013911AB38B9C969607FB767
1550A0BDAEFFE78AF38226430ED99E1A
02F123628331EABC626AD9CFF39A59B2
8590E0AE8E48D93239E31E7757BB2B95
EC80138C865D29CB9E5CA3FA1CBE62C2
F0D6D00A2B8D1E032EAE8A5D468EAD90
2ABEE8556FDE8D9E28F576FC630BDBB1
0B64BD8A4A89B131C1AE92D2C8C79E93
05B2235373D55377049EE639B198EC43
3A2321F706AB6C77C30CB13AA6A3A917
D4282D46D82758673DF1839E19C58104
FAD4DE6655CBBB79BCBE3F934EDE024F
CEC9F18AB6FC5957E8D6C84279797AE9
1016D0A3230031541AE04CA2883325E7
03CE1BB0A393B5418CB80CF5803641B4
29B2AB1725542DB5753725F52D314FF1
46CB9217C1F745AE8ACB2BF0C54D78AC
1477DD8ABB873642631EB1F5F9D1A016
E94E26BD429974C8263CF4739499C07F
414A7D0C7748567501D4470193021D08
3197B9E42D6F352BFD90BB5E078052CC
44D65E4AFE3605D8E08C9DF930B74630
162CB93A38CB1C063816EAF862403A51
FAE498B176FF67D9E5866424FB00CFF8
3FBDAB8B4CC6E6BA069FD2BB2530DDC0
484421E2E7B11CFA4EFCE2745C029436
7CAFE1190C5DDA1826C9A06EEE0AD0AF
E01DFBEAF395763126EB3AACB5CDA77F
C611C6C103EE64D91133D6A553B770D1
660B2D5C35A897BF8A4BABDB80C297D9
9B9F0AF4B7FDA8A791E29AB0C64CDD3A
C5B3708A4DD557A89394D093A17A6383
55CDFE8802E31C14C5B2B44E249474B3
A71097D1BB0720C9FB59FEB3C509E0A0
89644EF967D2AA1DBD83EDDED8F8F7E4
F2700D987ED9632508B6FF7C260F050D
13C4C11C08CA43556077DDE6CBBB52AD
93DD91288A0FD98A75D9988ADC8144D8
92B8CCC9152B6265288846BEFFB40645
4B39DF038C61276DA45C0CB69EAEDF70
5AB3AC4F5D7E5DF43E3DAF0E6F8DDF83
2C85F3089DA1030E4E5693ED7BDB2620
C1AF16A23F32E66A482D7093362F5586
734995AC1064429B65036CCA9B779305
50EE80FB359F91768135B0F7F8284461
DD34BEDE22B12839E094EB0BDAACFB4C
EBFD5D55D3A57135179A15EAAADCA5BB
C495125F66FE64C9A917F07D60CD98C2
0965FC544B4CCD7FE5F856FDEAB6D648
AA72B91EF23BED44BF431334277DBF51
3A5716175C33B971B76FC31230279AC7
DF7C385C4832156129C348E7D1FBCB80
6E10C0FDD954292A2AD55F87D9EF55F1
872D2A211C42590091AE912E78D1371E
543BA0C0B0FA58E12E4D595C53EAB5F1
7634FF12EA360EAF62FF335F00222C6F
614932D4E38AC98A8AD86A4B086DF350
0BFF0F661284EDF8413F69BA82FF3F49
3CD57906D4F4E01733F78CF3B4AFBF85
CC82D200B6FEF7124B01F03781758F5A
11748C32DF4FC5F97655923B4ED0D041
03070C3743E145DC3DBD831D70957EE5
DDA7786E89C12BE8DB276A8CA90B0E16
2665D29E0A6D7044A05EBF3BC74A8D53
46614E620F318F6E67608F10DAC17967
3B1F68AF5274B4C53B5F70954FC7530D
B705AE78B6218226F2B6E809E8CA0B8A
D77695F4DDC1BF5719289E3B8B4E3D1E
EEAAD07989CD9CE60812C16F1575AF2E
4670B4D7B036B1F08D938349A559178F
055B7CB23CA8100DC0092DC325B96951
71C5C0BBFBBCB016C8BB6F2F5B59F0B3
7FB8659E3A43146B1E04E42C91CF8963
7E3949D4FD3F8F8EEC1E5CB27E5D410D
EF2F6C2238282C52EC32D754297D3AD2
2A32F32ED1CC4CB50A48F5A98D373D8F
299E2A6B159252DD6315B640B8742584
B17F0E241A3BD6F0AEF9813DAAA4A33D
7167FE6228C2D3019D79A97662279DE0
CBD7CB9DCC86EC3D06CD1525398D4A57
00A2B6F3D01063AA5BCB9992DF265ABB
3B97C47C17335D787562517B07D7946B
9A9BC9D967E90455D5776AE2D9781471
9495263308EB6A92DAE1C9F4E7FE009A
91A29255F0F5C70F555CC55E2343D925
59022FB9853D0B6FA66AACBAB1CD2570
FBFD31F49661B089DC59E82942936AD2
154D04962A9798CEF7086745723E5291
774361AEA5AE31F5CB42E30779B8A760
4C0C3463E85EF47BF31D443FAC38F6F9
89291D9699D6120E7D88D236E9F66F86
287D45DC4D2A698B6A9FF205C378BC57
50E20A25BD88FD22E270FE9722DA5A2D
81549ABA39DE6602F6C4673ED3E6FD91
37942FACFA1714176CACFF4AE53D05C2
0977BCC84AD7D347BE791BCFA349C084
BFF39078F8C5949811D65A510FA06B74
B2991FC4C3CB78D9B93771B7093D0786
AC88CAA1762D4CA1224965AB0DFD134B
9D985F463F16D37988FA9AA0D77DF602
CC85E4FA24CB356DB6229C0D41219615
126E4F25288A506C3D05EFCA1B46474F
D8C0554D5FC385C331F4D931ADD8D465
10D915D86B366FD4C4962D27DEC8BDA0
27DBC491A954A2F7B49AEEED29484884
D690F1D42649A1814948E8C29D83B39F
F98698D06A7DF35C7A5A976ADA142E2E
D6C888749CC0CAAC0C92D9625F77F911
A2798A04593DE22F38CF12D8F17D4C95
98A26B2409A30F8836E332BF02378CBB
9C6DA1DD9366EBA2668AAB4D2EFF4609
734E3E392378DE2EB4E91B2FD250BA3A
A997728ED1FE098F117312F453835ED7
5771C8CC6B227AA4A71AC807844BDA73
F215B4E766CB33B4D5696339F8B0817E
CD4B017DC831E7FAEBEAF1B6193CFC44
AFFA195954BC31B76E41C37FBDD98EF4
589DBD3FDC2156AFDB75340E4840C460
A721F2BFB4F58BB08609B0A0941A373A
2F3A6ABD52BFB25D014C2074266D0F05
50FBF664F9427E50ECB12E7F224935F1
AA84F26C1C4D7BCB3F75F371496A6055
0FB8C907C6913425807CB432B5A6F70E
B8CA5AE3F2FB3A326804C2CAA7E10BAE
018D7112532868BF3D99B80714EF8E7F
E29B1E9138C3831518CD9D097887C991
2CC1B9EA7CC3068F5CCD7F0248853931
265D06E08717ACE0B97B57A6B6898F27
C9E1A5F74EE47419E68F05CFE844DB16
05CC684FE2629A42CB9452F8C4F2A28D
3A3C6C4B3A319EDFC655280747405BFE
4B69A3EEEA46179D676D1DD203550F64
E3ADFE46AB5ED33567C1373AEF8924BD
8B81900595365536B598126D81582F31
36CE02777E12CC99BF720FF722B9B95B
A3F929FB77C449AD984EA221F1E78C73
4B193C87D3C2E4C7A73A1CB18A76E504
246E6A747AC714946B47F2AFB2CDAFD0
4F3B7B0B4A907948B172BE923970D233
36C2A28B19541D778628FB7E3F01D1FC
10C03622046FB0575F9955CDFE834820
B50EBEC6D54C71AC3F48F6314155D13D
7815438C55CA70C53695F91F3D8BA635
62C7E647265CF3C3A596BDA21D2275BE
C6571A79671BE1F684FB4EAAB5F58C41
349F6E8F6D7240822ADF9F4CEBA3B40A
FED46D086A400DB90E11564B5003D86E
AC5C5AD85FDD982DAFD66E0ECFDC9028
19F1F67E2311D428F458ADD828996664
35AA785ED2199542657B0EE6530EDA7A
6CF28040F2E7CBEC6777154A088B487E
BA0B46993610AB858CF85CB20109A23E
35E4B7B80C3D7B7A8807D396B0B90518
AA0BD9AAA7CD7504CD8C2CC7FF54A09E
ACDB6E733EBA85693F6199B08A73BBE2
6F838DD32C0B425948C251AA9D6EE8F9
6E63B387C446509F06BF42F60A705C47
935F1D38BC7B69491158B74DB799CE16
0C747D3D3A606225F87BA031D80241F0
C79665DE4F6FD74DEB649BC5DCB997A5
E8780D7677D4FB34A08554ECF998C037
D6DAF2543204AA91EF6D1DF832E41AEE
32B5E60F3CCA5D9A7CECDFE3F2EDF789
21BEE48182BE8FC800A40C7758CB00C8
A8114963FF8E00B418A60E73FB9D2D61
6B9C4A900F55F0057E30987E7EE8939E
41D9CCED9AE5D67E874EF0EB7FA732E7
E6F7E657F35B78022CE61C4AED8A5C03
E02E52E491C0F9D6C1191B3C43F34495
30523BE270108A41FC3CAE4CF490C8AA
569A0570A2E758FC82EC6DA96077D970
E272B5000CF76D6BD2539B7144567617
38FFBD6E3D25D9EE0ACA5C70D66D4AB5
578322679CAEC63700C27C4BD29A6EAB
A9DB3245DEF13394E4FA401261F769EC
567C11A24BD48EFB6C000EF30A52EF39
5BF70EBA037927EEB7D0B1BF3113A13A
2E2EF0206083AC17B8D3D48F2DCEBAB1
63D740D99E5EB74412CD0C76AA54CB39
D1E6D43F0DF09980D8F499B5BCCF5565
4BFA254A247123CEC73135D76679C6B9
A8021DF560A02EF390CA6AF1C799DC86
6E78BC0A03DAF625052F3E2D5E345975
E3EF72BFCF04749D21D671C3DB83A905
D9B33D3AB8D1933311B0F9B7586A2946
07BFCE85CABF7D3B44C5C1D413DA0DD1
E4F8C8A0AE854E09295184D499857CCC
D9698E126262924821CCEF8FC555FDB9
8702F683B51AEE03D0269DE4737705B7
C79460AFEA9F0C7F4F13250DB56B59F8
7F65C4C89D561C8C63314DF2BAFC7D9B
C3F984BE7EF0EFF645199CDAA68F3A57
5BA5F341ED77CD399A7E046A1CBA3202
2C5C90D66FA3C796786B09C24F87606A
19284B6403D2182A0DD2CF576F8B7A00
56E8A415091109A3F3E3B71C62A83CCD
6EE8E6465033E21ABADD36266210CA03
02C63F6248D0BE689528B9C6674424A7
5C5EC0F467D602BE56FD88771115BC52
37E7913E4C9ABDB209771AF952B40038
BC0049516558EC1C6A379101221AF1A5
B570FE0EDB1974DC45F7CFBFA3BB7C14
B3BB921385683E4A4FD196FA86F60D09
9A1DA39AF6093FA2E8470C2E996375B3
9AD86401AB558D4ADF54B76FD8A24E9F
CCA60EAE67B54451F378C35AFF5F5942
696CC2ED3CC9213F810BE6A823C5ABC3
A843FCC4027702CD3C4AFC94052B4604
25567C3919ACC53965613873DDC2C0BF
9A84CF18CD49ECDF84946E513BA91327
2117B67E485EDDED64A51AA65CF3FC8C
12B0122DA01EE23E28B1FC5AB9E1C2DB
0AD0536342314F6D0DBA1543C2017C0C
AF1CCECAED71A21835CB00776EBC60F0
8CB89634F2822179858081A9787A131C
1F95570FF33F7918782FFE53CF2B82AE
975654597557AC565E1B3EDD0257AEF1
1D886D3CFEFB2C8C3A2B5B0D1347BA41
76EDD93F86809BB2D44897C2223978D5
801F0413417601B7A1A32E915DA4E7A8
546CF8506E2DD3D1CDD39C329B168B59
687C9F787A2421C6FFF3879306651647
0EA51FCEC64040327CC48BF7B798732E
999FD2B2E3A27F7EE7EB9EB240F60F4C
107D65A2C45998AC3AF6956B18AFF147
8C7F522A4F99C0B9E63013F23F4BAD3F
09BEB8F92592346D90B86BAF676E6002
6400B58C219760DF48C242744A8D9A84
D7FC9F007C40E232D6C83B305A4D6E18
B850A09159DA99B114BC9DAC4FDCB8C5
2D58F4EFA2609766D55370DA2076A345
031B7680EC8281F93B180009E483D9F7
C84707AB6CBE945F504D8847D6B18167
11E30DD1F60F69803E95247FDD378318
C315E768DBEE7F0B653534571B47AF0C
96A0F687CDEF964D302BE6834D94316B
8BADFEBA319D7FA4074937F9DDA850F9
A9226C5D33DD2F6141F0318C14D6BFE0
7F919078F3850C482E3E14CDE98824DF
DF740900C7EDFAFDB709D7C51B48D960
C991147689BDC169CB4E7FC4512BEE41
F5CDFE36E8ECE958994D1FB9E93FD5A9
13FFEDDDDA2B79AE4358F6E6E5F864FE
21F2CC32047C7D81A9AE44FFB32303DF
F927F14F810327BD9537BE74FF120125
49F92C6452EBD2EF4FB574EBF4315C8D
51F6D0EBC196D92E8CF93C86A8F32836
049C369A266C97AB746623157826A63E
51B85133FE5BC0CCB8A0C4CC5C25B0BA
AA85A28B095ABEE36F3DDAA5CA24D7A6
613226106623770628CE732B715F9920
2868473693ED76EC83C3382FC5D931C1
60FB4406D6911EED478C9CD9EB61FE71
0736F152918A6F2D7E384DB6A1878B46
BB72C950485F122A6C549EFD1CFCE674
097CEB83DB59CA4D62F5EAF3FBF15408
258A4634F33B0573BDB2EA78C45E6870
426A670A86B60B71B21EDC88C98B7683
D30C09E11A8ACB5BCF79FEAD6FB76CCA
666AA8E6B98E17CC0E49A74C2FF81B80
3140955A8F59632D47422972A7506D2D
DAACFD69735E7A307C8B2D20A2F67402
FD6C0721041B6E2DFB665AD0912322C9
2A09F332B7281F56F81CF1B5BFADE9CE
B81040FCD9501F47592607583C717724
47E61A7B4CAD59E674D6A21A8F48EAAE
84520737F958CFB8ED61D8E8BF8BAA03
BE22B8DA28C9A50F0B040FEF8A349B1D
6D252B5CCBAB8417C2BFEAA626A111BD
134FBFA4A03EFE2FD8DD7D53500F89BA
CB1674928269A58E42B8C68C07359EDA
707D8D3EB49F4394A9708D7B676DBE17
C212AC2C6CCFB53AC94D5EAA309207C1
41934F4087388A1F9A18039F43C9FAE1
2CB27B9C843BE23AC0459292D030020B
873998EB87F5EE0A34586FFD5DC301AF
0D64A72F3B0C0A525BD9B58E21367E11
EB451CB0635671CFD3C175C296AEB7A3
0DD97C41F2CD01066569D84C95A9F9A4
D64B87937A24477EE8DDD73F650B1CBC
4FBBE400DBCB3E79C48AB6D7C630C6C9
62C217236D7BA3946F49AB88F7B4AE87
F1302051FF8BBCA003B94CA8425F8B76
EFA4BAB2DA5BFD73B3BCEB0B445ED3CE
D740845661EDCF13B8330EF78694C14D
9BE02A9392D7F523DF7FD15B1DCDB266
30037BF29DB8B4839B96ECFB690EC54C
29EA442343FB9E8F6828FBE3D9FD3254
414E68E46B5EE6321ED5CF200AC15399
754C7A1FC870CFAE70651856C30704DF
B9D92CAA1CD31447BD66F7513876913F
147E3E07B1A6AE484D9A44A59ECE3C13
E2F2AC6FAA9321742D8C47EB04B8A681
A25E7241F5EA7DB2E2E9226BE93D8E11
58DE1A68726DF0E0D9909A4E2412114D
5CBF6EDB9413018BA0D5644AFE31EC54
AF627AAC66B193094CAC329D7B25CFE2
C4EEC70486D9A70C4A783CE47B4277BC
1622458C7FF487990F352655C83A97CF
B453E6740198F77F56A504A1891B8DCB
E5E894264E77FF141E1E1037FEF416D8
58EAE9C421B497E1373F9E0517F5EBCD
597DF7E057A0EC4B7F4F6B3A40C34DF5
3E9ED8A01CEE57F1D6214D2B06F28A8A
218CEB60A7105D3927166898161AEBC6
5EFB3DE2865F2346275936A18537A5D0
4B74376C54A9415268C0C3D643458AA7
2B3BE20096120519337AD66ED4E0F660
8F8E35A3391CD2CBC4B65D6FE23B3C2C
364A6B4EAFCC3AC5634EBB43ECEFA869
2F9165B529BA587C50771DBD92DB570F
DD430FFCD5ABCF0CA3C02873FEA9049C
5F855A8E62ECE60D3C26AE37E1C4FB67
A8B6CE283A1EE8F5C35595CCBB2D6CF5
5108A655FAF43711C5CC8836BEB7D42F
9809581986AE9784E70649EE8893B3E1
80EA391ECFCB3E1CD04DCAFA63C549FE
BAA42FF3AF92BD9B4F27BABDCB7D9BFD
DC5941723ED5F50DB14E68245FA65FC8
9B9AD14C3E88881A64C717C656A4530E
3C5CC6BAEC434E728E01866CF5E77A3B
525A659EE3329AA6C750CDA54EE2F585
1EFB4616131EBC60F3B9F9C0B66B1FA1
0AC3F240F462274401F1FAA0AEBC6157
4CEEE9E4FA19D543620648BD66EAA111
F8389B209A07B9FD1B4E4C2B25CACE79
77398C0D5F0B0C570740887230BFF81A
E03F5072CCC78195AAEDC9A86CD22027
AFA1D8CAE6FCDDFC8A7419B983C12D66
3EB634CAD6B4B2734A1D88A2AC376C29
E10A652A75F40D17131E124E764AFDD4
8E8A89AB75C6CE56F89A9308A0ADAB07
4508C64569BF2A1100BA12DDF2FEB0BC
9CD5A3CA0ECEA4236597933485C34CD5
EDEF07F3D4999436F5843D95D35EF62E
710164BEA21AB63E0C73F547AC9921A6
25E4B5360DA65DEF03C87398C1E8102C
A0DC8A5C3F6C792A5539951450D45015
03F22B312D0191D7B9065E88C6DDB7CE
B4CE0C246DB986838CACE9B35070AB8B
E00E3B7B7876A99A7550FC1F650A3B34
A2868F0189DB101EF01932120AE1EF53
F180B7C1E90D6D1713401FF2094E503A
A112543F051848BEEB476120D546A0EB
1ED6D1EB176BBFF1CB5154562AA5C527
37F9A88FE7F17B72B119B8C24EF675EA
6DE0711A294EC5502DA9C6785CE957DB
4C6619E01F9DDBE80FF260A4B1F390D3
24FF7B81079C510B203C4F7A2FD951B5
1BA27CD89BA8CD3440557A6CA3529078
82D9A839C7753E37CC066AEDFD7E9E2A
E8002A6BA614ECA6FE8C2098968665AC
54C0346AD9F955C7197D76E80C5BA05D
BC06E6D30D1B20F954223CC6595DCCA6
60705B62DFDB6D67980E631451DDA217
9E01DDCCFC16F09ACBF9FBBB36FC18AA
D7868C95C90DDE39B2EE7791139A8EDC
219273703250D4E8CC2593641FD9C928
7B340BEA01160BE66F20685D99BCD37F
34AB165338B1690FAACA75003A68267D
F6243F5E8FD0A9B240E44A592E9BFF65
668A7F3D52F3E92148A97174A4D7B1BC
6DD425E14771BFFE3ED0EB6B21FBF697
0AB58F8E40F7AFE5A579D254E27AF567
8214E35480F52EA595C0A28B0251DA6C
CCFA4FBF72B77FA8A65DB241506F08C7
000B416924907DB456F05D6BD2CFD384
BC41AFB219351028816890AD6AC4D525
ACB2AD95906E81E43812B390EA124893
27D9D75945CF5983E344FFD803D7C08A
B01B579A74BA345F72E3DC528784D46F
83D5266F6A1ED24FEF906C519F4FA3FE
E8A12AB3157A6033F5DB8715C898329C
25F34E2DFAEBBB2CF3208A7B7AB23427
FA02D1D4EB7119274EBBC5A9C2712DDE
7219115A9EBDB04644E11C60E53BAB09
5D5B00C3E079016D758ADB5E5A24F366
712B9AFA56B44179EAD55572D1A1CABC
7040D3256F8038C9579898CA50C04325
10DD81A29EFD77D381BFE1249EB4D654
5E5BD1E4AFAF41AA1EE226C6A224EAEC
F7BE5F3DD5BD71081CAE1CFB8300F478
9C98927EF7FD62EA8D9404759FDC42F2
C405C662482C3521ABA3F1031A3E33F5
FF10017A1332DA1E7927984497475162
CE242B5DB51D3915869F90F51C3DED22
DC16973BA2CC8A8401888D80199B515E
D2C746B4B64AC322473601A7BB1B5E4A
A3BEFFACB078F8A57BF6622C89B50636
228D337553A2E071BE6E96CEA9C52EBD
3D07139F9CAFC8891FE290CFA47A68E6
A85699F1D76190FB41E12F9707EA565D
B726D6AD5AA468E5678C00526E49C61D
9C6546FE0205105C249BCF96EFBF37C7
88DFFED48B33F082BB5784092278F2D3
6A3464FEC326752162B84DCFCDC6A646
91F33159B1C742527192286897AEDFAD
BF494BB9DD7A2A48DB3F162AB7D27A9C
BAA806750198E8CAFE7FBB91FAAC7543
0D7F02FD4804EED326D96F1D5B1949C9
373A0EDC713EEBB654E290AABFA47D43
99B2B3145C61CED411293C0F7BB51208
2070154D008570EC3F9B3ABE2333417F
C2B3206FF8D3FE6F48B4393FDB8AAA06
E06C82B7E170F964B55F1AF91FF0CC5E
FB2233750054D855D441CDEC3231AC59
6AFCE129A292E3E758A5F4602FF270B6
DA7CC5B92E6F6C011927F1F15D851D7F
30CD269A9E354A01B3745DBC29A86E3E
B11324A3C8AF35F50AB83E048678EA9B
25E0AB9651B928B2B6B7F94FE045E781
F97060B541FFC2C08B6E389168D92DC5
FA8D4847DD36A214F57578C8B55F1184
AA74E1CE7265EFB588053114FF81DFDB
C94490D7FAF1239374FADBBD008CD17F
AC58080AABDB83B967B882400E6203FA
A0F17DB270378069B78E608E5E2C9386
001037F3DD328571241184C30A19B0FE
BF48D4E2E53C858EE2A6021680D88BB8
D5343D82A19AF1C41CEA915ABE51A75B
66064D54B8E0014D057061DA211BB297
1C2C258C9CCDEFF23E6A88C448EF9345
DFE7B641FE7B98B641F62E6D25E18EF2
D2FE073A1628832E84CF45033BDA5184
EDD3BDDF082C1F2758793BB3BD13AE2C
DCA43352C7F1DD25BB620C5F98270EF4
26148509816D9FE2221A1787724E9945
D0905849C228C545263E013C10E7721E
48B5FB4B751FC1BD22F041673DC0BD49
1F836581E40DC7E1372E9513740E3FF5
1D1F752CBCC7A766A10D636AAE152482
CF0EEDF6306DD6D521AF461F5FC744A1
26E065A5FAF2A99FE0917718DD9221F5
4FE4366FCB9E1900E996979B20D502E5
D375F9D5C9ADE72CA54CB5ADE292454B
009AE77E071F3922165DB833B29550E9
D34E630C7E4846C1D203E92E6177E15C
E83E5C7A4EF4E47E3312511CD84871B0
A6A65E290B17633DF96B49B586897CE2
901F5460926D7B16E8773195A6D93841
866571972FA6F23D0237E59576C16D9F
2CF64023AE5B14441004979F52799BD2
AC54CC3D5D05F2132DF331B72AF00A40
4B73FD6007D1316C9417927847C22616
1D87857BA3A69CC94D3FB44726226D47
67EB0969C655F380AB7FE8AD69F99E04
7855B904EA11FE16BB2946CE99AF4E5B
CE014D14701370C145371A6590CE9360
B5E1637E2227565280869AF331A0DB79
FB618CA292CA0980E1DCBFC67631319F
297D0DF3029C124929C759D41478CA17
046B11ACD4973E67475315E5774E559D
D32D32104B34906D64C1280AE6E06EBA
ED15BD2F81AA05E32CCBDC0E2CFCA8CC
F00C8287659BFA51BB275008028FC225
A9031A2281215E14DC06162061DD92EE
9E3BBC610CEB398585E894CC2588355D
4DACF9EA91FF43FB45BC39FFF03E62CC
E9EE406BE29C94378165C954BE681A1E
EE86239CE8A25340A07E57D9D0B1A143
808A668B1A252DE17990237B932CAC7A
735598B8D56490DEA96FB2FFA71988BE
866D826669BE2425C85287E002EAFD3B
4BD66D7FEC141283E85F9533883B3895
6B365DB064B1A259A3F0BFE4F82EA60B
99681582DD7705DB27E69EE58AC459E9
588B5C302C085515CF1C28DFA94CC075
4202CB5493C6E3F8CC3AAA0B31270345
CDE574E4D79EC4E6126FF28A87CF2A6D
95C44B1D1BAFC7E7D2C2D3E1D63C0A59
DCE0E45DD8503746B7772844B024FAE9
D3952E8AD45F51C55CE387D48D9ED63B
7510BF60F72048731429E609B5AAEE87
00F4F2EC0940CA98664D55CC9CD2BD0E
AEB7F86CF5B4EFEBDB27BF71948BCB8C
A37CC7504DB61187698E59B92AE84139
D770C8A412A033E46360AB469FF66177
7339D11D69D9FF69858C36427046592E
374E2BC7B4182A0FA009C8E7FCABD457
88FC8D6D5FD102904C29DB7BE811D2BB
0C36FD76D49B8B2ECBC0057C602A8E7E
7294E276DD346FE54346348747F3C60C
2DD657C24E93C79FEF190611EB68152C
93F90353ADB76494C2E213B279D1C445
8F67249B668FFAF0B7A7CA7F07E83B23
E7AC57390F93169CBA2C297635818CD1
930E5F9C168D6126299992EC78E9E91C
BFFD259B5F51B325886796D73985C727
07841F700FB09A61B09DA851177BFE5B
4AA9B7434E82AF6C52995FE31DBD86FB
12D29D8EC34D556ED1B41C3B274FEB00
74877623F41B9BD91B54D9297A9D4900
695AD747B97423C1CC5820C833C65B9D
F572B8E146CEF63E8414C4DACC9EC197
8856F44E677495ECF24B3B6E85DEED85
0F3B1E49AFECB047B9ECE4FE481A302A
BF35AED46D1951533C7F1EEAFCEBF6EB
6666D4F18691F123548DBF66EA1A0B5D
05EF3DD24A9F19F8611C89126F4ED733
CCC19F3369AAD95E1AE27E10A78B56A4
4ED0F3534B3B040294DA27E389EC2199
44055235730088AF5B4B252A3D1875DD
26C0C7E461397E9C58441A8B6C06476B
83EC164239E24993A50A65B754A5DE8C
4BB55669AFDB1A9AE85F84515EB4D3AF
A2CC06D9D6F373F473AD73C25DE09687
332BD968B1DF77174E93F57B2F261FE9
2105CCAF9581E708B5BB14646C7D3F7D
F1FA5066F9CD78DD209870E1D7DEDA2F
F07A473A886DD0DFCD584C6A3E0585FE
49435216AD4259055E03D93797CE53A4
B3E15AE586058C6C6DEE674E0788B9DB
AEB8EC3D46EBDB3948FF95F8CAE51506
B9C85679CBEF849FD098A69F70D98DC6
3A999660553153C6E426BA0BEFA69034
9188927FC45E226E1879C451B52B657A
F5AFFE7D17F98E5D72A42C9711C22CB4
A388B271C2900AECD8C0E68493B981C0
52487A101428BAC10E465952A0E399A0
4AFF9FF862F248553D4B1F18EE76FE39
ED0EC4E5E15CB254DFC81A0521222EF6
781CCD72AC130BE0CF83442C15ECECC8
05E1CCE5C2832A97E438E92F8E525FB8
A3529C899EC7B102F0C1D8ED2E852792
68966FB239C58C1E974F9B1C8ED61DF9
DAD5AD25E7C25C3095D657FA500ACA2E
00093A17FAF69D68327ABBB48AFD2EBC
C829347A47A963F96B5C273D862D5F80
EF11B8771046BE694E914AE004338CF9
4A812B83F834475F673FDF654DF43B2C
5FBD9451A2DA1E8B5637A9E5436D61D8
628CC8422A2B73094DCE2EB0196DEEC0
97A96B59E35FECA58E6AD354ADF944A7
A654521827E860845F495AA37366DB3F
23D5EA2288F7FC8AF2C4F27C8524B15C
CBAE2B91A799F74C1A4FD621D9A35045
7487A608680D595D63353AFB419ECF04
4B3DEEB63DAF57FE9503E3BB1D944139
D42388B51B87897BC0634CB34AB6D0E5
545185A29EE73B2C920231B144CFE686
DB5174051233608BEBC5625570912FDE
3178273E36BFFED24902EEB4041BD734
1FC7A49648A51C29FDFB968952E94E25
01B248486C3CE93204AAADB2A71A897D
F4B7FF775AAE6436BB12811CAC00827F
9555B9799D943238C6505AFA8CC594BE
0448722DD7824B1F0E61BEDFB41DC182
53BC9E46A0E4927F8936B3769C738DC6
FA32388DA7E6A418F1FD1BD753D1E160
CFAFD0487C632DDD7B59BF53FECE8650
B9E2651EEA3A97B0116E7A9FF1044199
3F1F33F078D6EBB898505E0B234DA7A9
0C7B315979D66AEEEB4AF3A1DC087810
2BA576A7FC42E1FBDD49249412545B29
ACB1AC3414A98C9933FDE32E8092317B
752CE4ECA6CCF8312E47EE2C36994C41
19E6EB52B635A4E57AE1FB135FE846B6
C048549B23256FFB1F71E1F389BB5889
4AAF24A85E6C3C2FBC62EFC594850E22
E35F4258060E7A5CA01AAE47A2B71F0D
7BE9E71CB3C0EF10A83826B01BC5F86B
0E9E63F1E30579761E5391FE426B1F13
E371963818CE4535181368715248E100
C29B294B3BA5257AD64D682B47D99FCD
FDED6BFE9909DFEA3C3CB55813756E96
7F0E7273BD8D4EA0ABC58BB333563260
AD1D9663AFB77ABE36A6FA86C7C03453
D42B6ADA47A2AABE1D108F553EFAC7A9
297041F9C65548D5AC80E710AE6B4534
303E88B5264107CB663A404776F504DD
62A067B5A066E0005E2FCF578ADE93EF
80A204BE9D7FCF6D409A64DF71677459
0B52E7859C62B59C2ACF839CF5297D57
0232D33EEDC2AB47A907357624F05EB0
EAEE8E9E8599BA11773900CEA85EF9CE
830F58BD04C3349FAC80BDA9D13EBB52
EB737FECC467CB4C4E0EEE125CD9826A
4FBDE8D5FAE282F0F8BDC58583EC3C94
0B5C784C1D37B02A2BE51E8FB18C6455
ECBF691CF7DC5D6D85FC7643219A9AFD
62FEED954B14E5A6D1B200964D742F17
087968F24A237DB485CE3319EE8D8693
A2BE493E1C66CDAF3AE91CF49656462E
0949DDB60AF2D20DC045539CA5B5872D
3498A39F1270FB7AD0C91071630A7929
A2BF13FBB920A1309B23F2A8B738AB4A
61B401F9FFECA715A1DC9E26147DE672
96A287F116984A900BC446A16FDF3159
F69DC3216E7FC0D5D79C6517E06C583E
1D41DB27CA3D4DEE8B847BAA90F4DD7B
142E63D93379C8FD56D83A63505D7A2C
E2CD28E7B145486BBEC1DBF6499A842C
AE44A45898D8B6DA8A40348226C4F80A
D181B64F7E7334838E04D28D661F7C44
DDBA7CABC1ACBAECE78E660B4634C692
7124A8BC22274A2207438A04304D0801
4D506715C2E8C9E1A0E565D4D5DBF1EC
9B037401D4135C5FDA1A3C1A8F1FE469
44D92E1E4484044CD8A0634C391E4492
C4B5154DC51488EE958EBD3A587C0424
FD0372DC90FE3768269A023F319E36AF
F66B10C4EA977DC2DAF7C17227840562
C574088044CEB66D336235B437137F5A
8B3F52BC45D4433A80752195C684F8BC
4B80B47618ADC8A9884D319E9DB24B5F
03B60E1243630BDD53673D8921001CFF
3DE656604D41AF29D3448BCB71C44D78
437E25091062E6D5DD3EE8A3A2C4623A
0239D36FF49C384EEBEBC06B92D8B988
3CD7CE7352747CC22AC871D6352FCDB3
630219D32E01C56A362107B7ECDDCDE7
09C1E04E072B97753585A906674BFCB6
DD33D9A09B78339A5FADE4EEF8A8FDA1
7799C6CE4BB9443E0EF40781059A807A
0C8D97ED8C5CDC2AC022D3758FAA655E
8A2719A44D54A2A316DF1E31736A5CEF
CC03CA8E0FD1BD28CA454453D4C719B7
641818C010140FCCED2D1E74F087CEAE
69C96DD5742EA04F87C2146221D0536A
DDF1AAE7AE98F765E89228BF5B30C5D4
C0215812ED8BCE8019C5C9434BDCCE83
0EF143973C8F9B54CE6C228246E27FE5
DC51BC2967468C7B9BBA8DDC9B966CF4
A507B1C4551FADDA923C4A40962A151F
CBB8E55130D73D7B9E2FE13354B8ABD6
D2942F4D0828DC35D978504569989F6C
3F8418196823D0117E6CC0411F367624
FFF7901335CFD399F65D7A8B696FC37C
935CA4DF0E0081FF68CF0515D11C2EDD
BB696B89FD6FBCA6A2EE701ED96FDA26
1349B917D46452C978FDCAA7ABE6FFDD
D0568F8281ADFC66682905BE4B047C33
87D1C35937C1359C96A536FC2BDB173E
A82690E247A7180B82583422B902EED2
D6020C0C8D70867A2424C0597F64EA70
946C968AF3DE37A2B9B4E7398722BA5B
F78681D6D404FFB0248CBA7945860E64
0179F4CE76FFD2FD2E8226B9B51411B7
F6DE270F528B94FF90DCEAE448E09837
73350CBA87F726F652CE81C2FB0BE79B
75E8B8C3E89511B95DA6CA64BB0E259B
1A9CA6FB5E311B7FF9EFDE1C8E168E79
515F071127DA189B6E850F021F5D79A7
928D400EA3B23483161F6A15A85B5C5D
979CF7D4EDB048BE3BF17BD3F37823EE
1C4A9F2F9404743DC5C32C62731C84CD
F45BE8A1BDAB77A021F5671D63C90492
B11470ECE700664174F18402FEB2662C
76AC74795F8B7CE446575C343B598538
1C14EF19AE6756462426054C52694AF7
A90774A606A7E5B7E7BBDFE51B89564F
A20B0B1D274E3547A153DD3BB4B793D2
809C3D50457C1180D7D4D94C4F2DBA0D
DE8A44D41B61C8353CBA4F2A96AA39C9
FA0505B1A15782860639F59D058C6915
139654CA5660A5ECA04C9DB1477F45A2
7E79774172027934BC816687129806F9
9ABA4C2A5999318CE7701AC6D9B61A0C
AB57F725AF3F5F6C8B21E4AAEA7D060E
311CD6B9CA011677FDE83611F59913F2
B7F5AF8E8EBBA6306941D9683E4C4524
CB0E3E8F455E11BE380D18907D0F8C03
DF932DFEB6ED6A366F7482C8470AB5C8
DA81968D705335CE7F82C68BD1538FB7
04E12D701FCFCC298D08D7959C854B25
38E520D5D26A20A7DF354B8CF98F3A70
83DA180BF56D201DB388411B5BB28D40
D0A5DB7ADB8ABBD42C5F4B6B22FD9B23
B2B145FE977BFF1688D9FA39D276C36B
84DB84FEA7EB69D32C85DC309691BD66
0F4EB794089010C5E2E207A8C0EB0401
95FE4AD07E9D61DCAF57C45637EDFF9B
7FE04293ACD93260B57507142BB2DB22
64F3612B749FA0E724A62976F3D8AA1F
0FC57EFAA94A0C30F9E378E3D5B326C7
274EA0A4350E182A6157DE33ACA34A59
2943AE7D6BC0281A7A859CFB7805235E
1895AA5E867C68780E0AD803EE6E4ED4
F6C6028ACAF7DF8B300A539B44E769FA
55B7A07E03412A05FADEF3FAF52257B1
0D7475260ADE5679E4D1EAAA112B26AD
7AFF7F1F5F09057E2570F53E24578CC3
A7DB5A61D2048AF183DBC035DB53D5DD
FD3F8E9E9656698E4E1C545E6F67EDC5
83DAF56A2646B8DB2F412BF6F55036A6
4960316CEB2145E0B9897354436E58F2
4CC5D43AB3A73CDD805499636A77231F
A6FC8A9C97952887A94436FEE13FDCD3
DF81D60CD492466C33B19472BBFE4908
DF6B26A26520EE1826AE964678CE32C5
F12FDFCB8B5E9AE12A1158CA49124C34
EF1778372293467A886CD6FA4A541626
021F4DE3C11A0D598464D09972402575
DA56AC391EDF5EB653AAB0E28705D88D
59105FFA5F6BD1AEF41A9BDC7193E65A
DFDC30B9D1DEAA37CDFC29CC9DC5C6D7
F53CD0E8E73BAB60943005DBA513C190
E5CD332FE87C32439C05198DB7E22730
C74E735035D995533D12A7F49DF4E2AB
2340D36D41A0329A43107BB395CDA2AD
A3B6C86CE572BDABC88482BAA093887A
800B62559658A5EEB908F23AFCF75CB8
1DD513E00BB8D917CCA60563DFF1EF0C
D70F32C332CD59A3E6F09AABD74813B3
7C907EF9F60C8F8F590A140FAB9C679F
2E48B6D8FFFB5DDAE936196679FC9C80
B67145342AFE69354559071BD55A6F84
1729A479EA63A24E51A7DD94F9C434F9
CA10B8753755DB5118156E46A4D023EF
F1BC57F622EB3BCAC349AD8DB696EE89
B153DCF69937F6CA7CD33E1DBB1334D9
A9A2885B842DBC6E2289DEFB785BB4C5
6A04D92A78FF08A8316DE307ADFBCD12
EF835E870862BB467F57BCB903EA767E
D951EEB8473882811C352C620B3FC631
313A978811B2A0C3193FB29A92F1386B
3317318EC2D969B154CCDF70D9E66EB1
120E5FAA9CD42FEDA44BFB8F944317B7
3D841CF4596D519C767E82CDACC8CC40
BCDCC1C59D1B681EC8CC4F062C5959CF
0DE9ED17E680ACF078F9D40411C45359
F39E4E62E2DF131B085962C2FE020BF6
88DCAC97AC2DD83A61B826C9B6C09DB3
E8B17FA46CF1C210D230C20E1F21F158
BA0AC6130628DB054287298567EFEE0C
9524C7521C36B0E00477F2A559BDB04D
43F96525E19610282592FCE5AC3EE6F3
9DA658310F5EAA710B8557862E6FA7A0
BBB2D66D622F9DA47CEA2496BE87312E
B10C49F879E0B4963C4A7D865C11EE9F
04B680C9CBF71F4CC0B56D51F9373B29
6AEE490609C40D221F1F599C3E38F4EA
39396253DC195314DDD6F7AF0AB8364A
362ED314863B7E89327DFE4B2C9D3B5E
4ED0C0772B08BBEFFAF961EE6F03A9E8
B95353CD56186F0EB7F15EF2A223F161
AA392629F745C840B985DE2867CA3F9C
6F68724C743E98AFECC7341FFBDE179B
81FB86FE40474E19FB8419E9A408B87E
387283AA7870B39553619D5FEEF35513
602A896A8732C54F23FA9FBA8EFBB3F3
2FF64EAAB6BA2E8D40D395B60A2E7EA7
A8D79808C7C04E11A6BFC103F87B34C9
7933951E0B423074AE336F5FE44BD22F
F42BC6B46E9BA4D98924D165F182B152
F124B4D2E8C5B5A090D46C3E1ED9666A
38E12F1FBA540626A5C8F080538206E8
0605E183F0BE74DC2772F53AE45F4EF4
8B26C042F63DAA2AF48FC1A9842454A9
2D167C24D23816F8F106295E0EB89195
E8392F3F36E57FD93D77169D71562FF0
6E44394E87C90786E9D1CEA0E510D514
BC75304BCED7C4DE818F48039F8D689A
5F5B7D2AB383526C8652330A66A6B8E8
36A85CF19214AC7DAD6736D6EB4F8824
2CBAE3F996ECE083E18FF2FBDFCA2A4F
EC88EB365BA7AFB261E02536CB060D70
5F943930FCDC3669AD98D9293B650ED7
40820896799F7A543C667F36A5CAC3E4
D8B72BF0AE866B888856F0BC1D82FE5F
97B22F3F722794EC9B50C60FD9957631
074B812400D973E9E6D2F4A0E26A43C6
2524E68D9BB2187C223670BEB7197C2F
431097EAB3DC8A4853AD71794ED4D5A8
78B22953FC4EA0453DA5DB8AF4945EF2
8624833B2E089286641662F76D32E1CE
267D649C5238F631EE77CEFE538A6F7E
4441F8746BFE354FBCC1B1BB42975D88
B78EF4B3635BF4E9EBF7B88CF318AA5B
16B4133F15A981F8C67CC7A0722478C7
3089F25A877ACDC0DAECCA3B15111B89
322E8A189A3229F89952CC17EF684628
90784D987ECEFCD6442FE20ED8C4142D
5FAABFA5A86952AF686382A5690EB7A4
D5711FB1970B427E98D5E00BC1CE7C89
F30D4997514B97BB905507AE60DC9C9C
AF049A860CE435B04D52E6CFBAA64FE8
C3A09F84EAA8864C6F62FB73434BB5A1
248483F8F2F58AA88467B9F2C8344933
76BE2FFE2E0D028224D69F875536EC93
090578DA7E977B16EA53661855A4BC49
6C18F4C52DB07CD1492C7DAF3A9EBC5F
7E9E43A711BB44310497E8817D48D137
DE7394ABB6E608D2B868422B032A6671
C3AEC3F5D6B23E98CA38A32256874470
8AE13CC2CA6079C51B2FAEB70D2A2B8B
12E870083B317DE6C291053D897A21D7
DF235877389D33CF9B7F34AEEA40EA42
785D9D7A89D3B2180877330088C766D6
9C5908B88370CD9F285DD70E2AD0C63C
B3603CF67253D7264CD6609CA7407146
83CB0B07FDD6BDAA19922232D3E6E17F
3601C6C96CC4751AE73ED1005F3CD7D4
F95D8E7BA21E1B0E5200F8EE3D75F9D9
7D2923B5DE3BE8A9F5C0CC3CD6E73F86
C42F73A202FED50F25C6A348011236C9
79F899A2B2065177662C81FE14FD44C7
F9B960BDFC0DBD6D7860F550DA0296F3
58994D82C11B3941F113818D3F93A9EB
06F77E170D20E408FD6F761FA57C595B
3F38D66FECD58D455E1060C7ED0A7B46
184D3D39DA9608F00D113F13C1BAA03A
4366BB413E249ACF41DC401F2D126781
ADF81F5ABAB36C98938E205023E5C3F8
9A6A9A11C920B6FC52C13B0E4E527A3A
21345F29F840743C9BD85783DE427EBE
9C4DFB48C843295CE31E037ABBE123EC
49C36F87F7403AF2ACB054028836B03A
6FAB59CAAC019E316D02BC9F5C88494B
0CC06BB7F70EBD429E0763A0D477995A
3DAC3315FE4381BD0B0234884102D5EE
734A890C0872F5B1A37C9BB8DD2723E6
F72979AD0679C91084B0AEC4D42591E1
01F1459FFB8B991DC2D7A172BBD0E42B
81B5CB57E0D2D08B93DEBE5048304CEB
7E2EDEA2D7671239C73B4C80C9E597E6
85F8485007240AFBA92953D6CB2EDDAB
097C504FC9EE24DC32547ECE349680FA
05D2A553D31B55F7AB07A0F304A528BC
4F7D8F403B69E5FAFC5410A73F6C9406
28012B4C45466138808752C49A3CC763
6DFB05B30BF7B7906DA6761275A00546
9E441ED944390458F11B9905BCB6B6FA
AB107AFE9C457CC5D7BC29589E0BBB7A
8F8828625D32825CD3CB946C9B81557A
47CF1A7AB47B8AAA90B995E4CFE647F1
709B9BDFEBF00BDCC2A35550ECD39443
52178E17F75F3BDF58CC6D5693A25BD7
82217172E3ADA2ADE26AAFD81FCCF760
AF55753988963096578B56F01DCBA5DF
934E58FD43AC8980AD7E6920469168C2
F4A9C827A0480F54DD0A09688422D6A2
DCF8576861B4B39D2145AB4698C5D357
43916DEBA2F6AF3B923D3E58B488A5CC
1A04892A21DE7B84DA8F0C4BF0856250
9AECBA515ECA5A5D61C2D9AD1677C996
000BB5F62AB0DABFFE5E5DB6B39E1700
C600FD94E1361C726E231D62DB68BDED
9E78449621307BF8A4DFC3F203AA65F0
AA87A01B5CEF2D107F0BE9B10B9549AA
B02FD6891E2E39FA60EECFCC060B0092
C6DC61E9DD16353EE49906FD235ED8D8
F64BB086BEA301B70F6FC50E419227F8
02A4296035489EFDA0BD22B256D4FE4B
D07DE451ADDC86BFA85CF2C0774070F6
AB799C1E0552F749E0BD8DE2E4912CBE
6B66CC62A687145BD31A81B6D4AB86C3
B91D58C5BAF74A0915FD987CC7CE521C
AE2C076E6270881F6762A985D94EB1EF
B3237E4367F0E53C8B209543094FCD66
F31DF9645252DCE8561829CB1A35EFF0
678273E560E93BC6C6CD180D912AB511
0ABA87BE44320F72265D85CE7F867190
E28F8A463F2DE02F71A0E96F8ABD7AB1
FDB56FF849BF38863B01CB79E66BA759
F2D64B9D29724D148BC400DCF338D1D8
1E587F7D46CC21F217F51587D8BDDEEB
9DA36CDDF1C458BFA68A00ACB7352B17
91D027B237AD0A4AC031E6370739198E
13977E11A2C9552F143F8A54813E2D01
02CF80F7E57D3BF615324A8A3E7A87D8
B0CE71A0EB2527DE75334B832D0A03A6
FB201EEB131DFCB9C8895CFD458FB5EB
0E72600139F20121702B334D5051BAF2
1B741ADB7DBC2D5AEFD4D344638346AF
0A6F6761FA8C5A28C11E3085A524A40B
F8A120204F3F39821F24667D554B883F
0612B7907B92E12B1DCC88C810A0FCC4
ABE40A0BC1AE8BF065A201BA9F4C3C77
F0FB74EF211A762F779D26DB7B4F021C
9FFC27699FFDC1E12AF27C414F27A945
A6DE444BA9E054EA211900D1C4D24591
F11E19D5032999F3C982612563B3E144
D97CCE9E941FC41FB83B42BE3B3435D6
7BE9E72909CC865718BF4A9EF2A8B335
DFB8F48DB740E068314F989BA92C694D
4ABC3EB82F7897ADDE3301F03BABC8C0
3BD4D1FB0AD7659102393F806ED578C2
582CF36B4C4CE85513B59F0FB101E08F
7C2431727714C048FE28764680A93A1A
7ABC9A935507CEC78B2D2F10BA4B0046
363CA0287CEC95A0FD5359F4CB3193E8
44A399E40522B4A0B61121ABE18499A9
F382CF5C436C94F79C4364A97959E7D1
E3AF216270AA81C8F7F6669D7637B1E7
C9BB3970BE775DAA4A7193952B561B6A
EA69FC3857B42E4F4C356F10B71AA39F
ACA84A037E2CDF48D88107C7B62017D7
47339E98D518C007114AFD2994E2B423
A597FF9270E1B689AFA5BFDA4ABAAEBC
68485BF7E738DEA3C790E7D2B8BCDD62
A6401C9A2672C433F0140BF665D01568
FCC888088F524FE0E3FE08DC19CAE6E1
11213F3784D517E624E63499FC41D93E
AFFC480F49E796503EEA2D866D06D741
022BF929C007EBC30DD73F7AA7E9D62E
63482B394AB6A47A876A149BF639E7AF
55BF1FBAFC70A475513E7DC4C23B558C
74FDC6F599812318F44A60E7AE6F13D8
EC7EA141CC1BFDCA570975F071CFECA1
97C62D10B1C5AF7DC63F393F1ABE3FCA
D57274BD1CE627B61E06BF35A9810723
8716D5DD9AA9F25DBE68761B9BA87216
83EEB60F1288E5EE0D8C6ACFCF1A10B5
87368E9D5117865C564ACB73554FB784
BBA9F3DF7B4A1DCD11F66295A51910B9
84DD8DF72F9BC6377FD205CF3D7D46F4
66BE6833EF96333AE41B39E09B20B647
868E46FC04BAD4DFA06AD7D9D661B3DD
A908E12E87972687F8C7C10D05C419C9
55D7EE5A65EE1FCC55FAE68DA1D2620D
A63BB6538CBAA43106BDB057E54FD592
66443DC379FF974A1C51A4A8C42901B9
FC9358C8A821EFEC4D0CEFDE8BFC2789
9C1A4C7D6BD0C664C3CA721480742906
F55A9DE6C06468483E698963A543A5F1
16A3FCA18A029F9A74B9D30E3FCBE515
B5BA51B92B82A8D5B29DC80B891C7E1D
56EBC2B475EEF906AFC1B5BF01E563E5
BB5AA2062D2D60847ACF923786EA455E
F41D2332D3F4EDC678C2AD0FB74E866B
5F10868B5705F243778E0687AD2DEA9C
3534C832163E695A5B7CEDEBD6838D6B
7508B564811F1AA1C7D31D653E13CDB2
1427F3D6B0A35D180F755B5BEB255DBF
C1B2D3D62D30D0FA7F319CB68302E307
B9DA3C5E90A0AB5A334CD43DA5CCAB87
A718E7D40F283A5506D15FD3CD2638DD
4526EC4DCD30C0731B27BC42C77242B1
88FC4CE9C154AD6CBAE69806109627FB
3E1EB29D057B1C3DD9DDBDD2D91A4F50
78175FD3199B43BE386FE5753E69336C
C9702979107967BF765CC1BDC0E622B6
E46EDA28A5B9A4568CD800D82DD5630B
DCC6D6362F846232EA80B46E99BFD2F9
45B3AA6F8558AC46300A15B87DB9F4EA
62098CEDEC6731C8F6755DB27CE41021
0046E402F992826C556FD175C6452B7D
3794F53E0CF504AB25F90AFBBBAEF9E7
F118454F237B5C50D902364E80BBF190
74E412E75736AAD5435C9096797FAA6A
7E7C75D30DF45896D5ABD729897E236E
C92485D73D469552E9C6229A80BA9FD2
C4C9CCEA4ADAE471C5A4C0E898EBF900
9A603B8FEDC9AE787F16E9B3CBE7E85C
4C628866BCF18086E866F4EB79CB4600
23DEA8F32F5CC6F474D06FE4AAA7F9FB
44B5608DD7C96ED712629D73118F816C
B399637DA41865D5A0022229261D0154
F32BD4011653ABE343C077914C8AB701
5181A86DC4860C84B17567FC331EE1A9
432C2454E31DA6FC621F0C417C98CBF0
5784DB55F9626793760BE3FE29A7AA2D
49F6A41B46C9B6BC0CAAA419588172C5
C973F12324A86238E60DC203D1E5C009
AEE8F49A8347C19FF9BB4B77E8D30128
4FD6F4949BD6A42C46EB86283CD55495
8E77EE8F45356E56DF6B380E60CFDD11
83FE37146CFDA37A8C7E6D7181706F3C
E43A1A615016202418E6EEC7EFEEE7B6
F07660E9ADDE21613DD14F414D4F720C
D5421EE733F1D7F9A5B57B479DBBF335
13BF6623998C3567DCB543DEDAFB838B
F945F5F60C594346F706007C0C905E24
73E8E14ECDD51D6A1C7710CB95C25DC2
B0CA7AADBEB5456A0259B6686A9276E5
AD87804DD78BC63041CAA184DE859F25
C6AB78F8A568BFB921554ACB48AE5881
6AEBD8A66F39FE8C36F804CEEDA8D784
38ABB5EA6418ACD291296DD8E6D157F2
08B0473B66099CCB6BC13EEF773E7673
EE1BF2477F71A76FED50C3415AA5B281
B42B6A4C5C378789ECF776EE041CDF49
57F3F397AA6FDB0B43478119F6DDC493
101F7CB3F800CA7CEABF989D47E7CDFD
50D4E923E19587C748761B822F6C18EE
A1A1AE6082C12C1453EB1AE47AF7E9F7
83A98878BAD5F0A80B273BA4D5C22794
B448DDA63366CDEB1009259B9CBC2C40
05BD1ACAB427B37D5F19C295B1ABB3C6
17EE285419AEFA2B3FC1A6C5074D8B45
97CEC73933A14408416776ADD02A3F27
5D4705D780F3877833B5D6A54FC4AE0D
632382986F0CD45C4CDCAACE60FDB3CF
C7952C90F8EBE9C645EE91C1AF011926
A5222DFBE5D726224BFE4D777D8CC37F
2335859B831D5426E7B958232168B06C
84355DDC577F2EF13A5B602DC349CE6A
1A1C3EBE64691EAE041D5A2FB30905B8
B43E88385FB34B5B5B7AAB8EAA375815
D78A922E154422A9FED983FEF89B7DE5
04395374309CF9DB98EB001B927A3B77
994357D054942BBF50120170A1236673
E58F1C4347F4E644001687EF4070075E
AE6FD18BFEC764998AAC60C6FD5DE8A9
CF23D5B096BEC1F453562441071551D1
145FFB3BE71E23578C7E2EAFD3C9CD36
386516514A4F82659B040B620E2F503F
7E873124770A3AB535E07EDBD7037FD9
047D0287A684A800A7E747908BE8E3A3
092BF2885A7F14FDC48F14DA113622A3
9286252E3926B8D3E690007A9463482F
F687638EDDEF884D79DF55EE30AB48F4
3CE9048C74E8283910B6DA8E6A0DB4FD
DCC0FF4F8C492F9578CB5CDF2A477650
DBC2EE57C86E4A5C39D4A23B13D30084
953D68E3949042DDC9AD898D76D78A41
46B28664FA69F5590FE68D67B8829EC6
5A6C9BAF41EF6E43D589DD4046D23A6E
5C2CDA26F84C52FAB7460740B516ED74
9765EC18E48A8E2C0831654080789B00
D9E4D2BEB0EDDFF059AA6BA6BD0605D0
A528E846D6122D474AA9884D00CA19BB
3C4EB3B384ED27A6C39244B5904F94AE
0CC46733178F5D1AC2AFB3A7C7B0D97F
DA2DC9B843850E8A5B16E48A8CAFF6B0
A369AAB2385FE93821935BA4BE0547F2
C9D777CF646DA66EFE827BA1385026FA
E5007AE4F633784252124B62A6B6962D
21A8B800C47AF6398A6EAF8FC3831D57
2358C5C20168525140F88925A239670E
D999998D2CB57713FAC17F8DE2168D42
A2E6D6B73A0F2B1DFC54BC76422F7C11
B7D65D461CF9A6152755BA0F09E598EF
49FAB6BBAA6B06F8B9560503B39E1FA8
15E803FFD314E78561E1AB93D1D4D9B5
52DD3006A0A11C94958A2A5E2BF83BEE
A4976B0EC50AD5F4157F5BECFAEE578B
846BAFB6E402A5C5F965D8A3F5635AD0
81FB89255EFA3F6B7D00F8355DB95EF6
C4D620CCDFDB667C2648667151CF50F8
B44E0CA8E51B89F6E1766483BEAECF50
13A9918021E4B732EB8E97B33412F777
F7C7CE1A7F4AF314BEF83F234A4E383A
1969E7A1C7D436BF8D5C858F6662AB94
EE93DBE654EAC3E0F136A841C3BA13E8
EE334AAD6C9D12E2859C201C3AEE073A
2D693DF75593CC9A28909F09AF3C7B18
FEA90B4DABE7DB8466D3AFD3F18B8CF5
77CF3E1AB7C6E8D298F1F2F9923698EF
CBF308304838E066789FEA951AA287E7
B7D5F9BEEA9ECA9597C50F3B2F880C14
2F8B1CC7F8BBAA05F9036B1DF29C0CAD
859988969F1A11141F4BEC07E9611704
C679814BA988452A2411CE48BD2EBDB4
C31B6FE9E002C97BE208B602454ACE2E
862D20773426CDE48B3D60E76930EA5D
E33582A77FA66ADC4823B74DA14B8C01
6FEA6B6093ADCD02F6B9816FC6FF40E3
11C2079321D6F25BC3C002561A4F8D70
3367EBF26C8FD716F39D3B02DD8E2A28
59DEB339D569A78AEE9D83DE8315F4ED
41BB35256329E0F2185422A185417F87
E074FE1CCA5FCA01032EF0EABB7E3184
AD9974420DDBD4611924465477DBF9B8
E71194A8B6164C2771F1884C1CAD33BC
17DE3ECF55F1662D6C9765A0C1389E38
B34D85FD9C849BD181EA5F0B8E92AE00
F4EE1C0312E7AC3A24A72F2B4146FF7F
4BDB586AAB49E199B7761E2FE0345B0A
30C6145BB49C09B291E73460E4305167
79D2B769DD8D72B7979EA9930FCBE00D
9F6F08C2978754F723C865F6BA9EC8DB
DCA5C1F1ED6A80917D2444983A1B7636
47800046D1FB340447F34139D0DC10F3
E6B8846AE1157863A18FFE0834E49EC6
734F6FE3AA23AEE5B5DCA4EE04B0B9F9
92F94F59A7C1DB81522F0251A5D5562A
312585BC3B10C2C61B070B581F5465E0
F5C5109FC798B691050FC1D193646834
F25C052612BCE623AE296C5037D9817B
DCCE4FC7F13C534B483AE475E0A452E9
D532D705CF5093C955ED748D2B889CCB
4A11F1C395A2F8CCCD406042BDB04FE6
7931D9CE04C269D27F67939DE8826156
BF3F24898CF79BDDF9A1A548CE2ADCAD
E704DE27C4204632893AE42EC024B179
607F070C4B852ACE7AC61F55D74836E9
91DA90E7A421B4E1B19B9D128DD59157
7093461CB369476498C0B7C1E5551449
3C3AA3EB565DB843F46E5B329FABD448
C5E3D78DCD45F36D1E1BF1D404BBEC68
B2F92D0AFC1D65DB21F50E87976A53AF
47DC9D1999A8366D75C2089E82617E17
4FD52627F617FCCCF608785EF019E699
ABC2BBB7AF239BCEA0049FE1CC1CCACC
926676D8E6BA9973F4E805A46033558A
059D0EC356FA88B357F19489C352E92E
316C0D0809038F5182398B8AE6BBB31B
7CB9C7876C96B853C615FB40BC91673D
A1CA598A76AB026D2D8767A163AF7DAD
0BCCAA82E9F77B59B3D9E84D49DBC9D5
A0382954C55B5852FC8F370FACBCA82D
E5046229B6DEACDAAA6C6BB6C006A753
090F04E01E575D0EA0D28166AFA31962
C688D2B731BB6B133C7732FDA613CF92
85A14B4846B315CA47BF66E4BD351FE7
AD008975B46FCCE489D9652C5A994282
5C3AB25829F6D95909E93C28F5C98151
727213662EBAFD83EB6A6D3EE2095C9F
C8E1C9A9FE3ABC93DE971A1DB0908752
EC4A3E8A2F2A34E9324B8478AF2A9DA7
51959DCDFD9A2A4523287BEA0E403983
3225AB544C79AB65A3B961B340DC1F61
02F84360CE9E882F7857B0A00E827AF0
CE00FF2DC185B35BB91075BF280011EC
F66F480D1D58E1A60C012645C25EEA25
73EE9AE8D2A3C09AA7E0F35A71CA2BC6
3392FE2601FA0F0019EB51CA52594330
CDC7B1BBC033FACE864D2298605E2BED
588B52B8BE3BE461C47849382AC7DEC5
2219C211230CD892F464D849311975E5
E82933F3C7AB39DD99D5E38E928ACD81
BBF94B68795096CCFF1F99A2A90DD8CD
A23732A2502ADA17147F63D5A161C717
6C4AAE9DEBFAC4CC7221C3F6FB71CCA3
826EA630BE1C4570DF80A39C16B3B69E
DCD0976BD66A538D3A3894179E2A1427
A4C0560FF22F5892C312E2FF40903AED
B2BEDE2E14B6046578FEFC440CC7EDA2
6541B096DB596B067689557318556C3F
B0427B92DAFC725741F8279D6A24F946
0A9ABE90FE6E68F5B64A4EF315E4F788
2B0C0AFE9C5BC76D7A108152807691B3
20BF2EF58979DDF9E6C48782444267DE
4345068FFEA2C33EBF51BA596086A53B
FAF8007B3774287EE6F2E2E59594AA92
CA514B301614EC42AA25924B0A206F4E
0B0D9209935123C2DB835E19F86005D1
7813F892EEE89449E4A4776FA6A891A0
C2DB6F810B2DA2E27FB3FCA6C609F15D
62FF38E44316D02CFDA34D5F5B511796
0A22FACB2CC079273DEDB010E45C82A1
D678919A2DA7DCAD53EA874409244173
A8BBE6D4814DC5C971946645467F2B05
9F57C675F5141FAD0A285014F26F83F6
A0FFBE396C467E9115FB41F364551E2F
AB30ECC77315A40073E4534FFF2BB921
5AA8B93C45AFDFB32EBE35017C7C3C1D
5A11D5FF16166330C9E14E79A584E085
4CC7FB32528074BC18A9772A6396B30D
C0A588BCDCAD6087146560239C0201C7
43749F87F314DBA516036315502BF14E
CE82FE0FE0E3070B265EF7BE2967D701
0065BB7499485FA0EE5B513F0F2D609F
DD43C39C85F4EB63A7F9BDBF61BB2662
8A84D1F3D42E633FDDE5D01D2468FCC8
0BACF2322B2832A049375E4B3195B9C5
CDF49166378EB05B7FE2DDF34198116F
3D0E5DAC3E72B4D023F3557D57388646
35B6C1590FEA156547E8FEA9BB76625C
BD1B9E74B994107CB11AC6B558008029
511D43A8582A60C0488DE9CD16A23269
F62E00144472C9D4E9C61478888CD89D
1DCBEBE3B35B38A4332E90086B7A3819
F004DE682D5B6C8724FF0EC445C7DCCB
042DA039BBB2350342319A77642386E5
9D4BCE958DE3FA2F3B24FCE945D372BC
BF6C4A6B8E05720D25D5D2C4D8B644B4
11E3E4CEC40F017BEAF11B68D92A8BF1
6E5F2A2EB898EE9D509156A7C63D886B
A5969E0D7FC343BB38429576E8F80722
D0C5CDD773B2A563A3F1958B880174D9
9A5E111782FE48B7C2C4F4113EFC13EE
073482687DBFBCDCC408401540178207
779BF14D6B50BCEECE83C7737C4E33BE
7E85DB7774009CB633EA486E0C36ED05
D60E638451811C09836A80577CC72332
FD44E80D9E4CA14BC2E2CB6AB5BFD9BE
65898D353A645D50FCDC045DF92C8215
18D65ECE41CD90F5ADF3200348258435
131C330D0E07E97EB0C0DD5E4ADE2104
7A38FF4C9AB7ECD0EEB86145465622CA
48D48975C01D9C501AF9EEE2F7EBD20D
9D43BDC204026760D529226192D5954B
7923F74DA9F95ECA77BF9C875D0E45B8
4D6095FA78AE758DEBB66D9AE1B1A613
55EFD9CD8EBE65497F3B01AA2632B02E
37A7D2EC09A39C961000F808A265F3D2
056EB7840FE0A721DFCEC5936F7137E3
8744B9BDF7806FFD9D581BB9C1F27E63
4FC07C0E6100B7FD3B7D80BE7FC420DD
824F4F429DDA233C0959F3BE37FA7519
54CB0504A7EDBD2275C6478ED49A26A6
342A6D4290473C1A777947B9DE2A596D
08DD6A5FBD1555F005DC20C67AEDAD18
C61FA2068875A132BF94DF42189F8E42
D5930E99A6887421D5090716310B2B1A
F1A529591D8CDD149274ABD01C3779DB
BE5D76161F36E53CA7801FA4BCBA3CD7
E3EB5CE43D547B9EE982B703A1E7D733
4498737F430C6F83AD81D2D08063FD5C
981A0A2843DE2A895B573B32E7359CA0
70B391865769851D5ABB9FB92F4CD758
86D8AF7242C6D640ACFED47FCDF32E54
C3A0C68DBCFEE5A7C294DB98B8FEAA9B
4044765E7D7A678E53717255E3FFFB9B
6EA0688033899DD6C542492DBBF3CA31
F810B92C9D4D624AC211DF2CEFA4FD57
25E6D28FF34F7CF13F5F1B640D8A43E4
6335B38D68FFBB2AE6B4BDF3C5556224
F1ACFCB97D71B27856E94A378709E87F
74516FBD77AC7C040778D8079A0853D2
8C61B828331D6FD3B504662FEA1833B9
3EB57198145FEC88A7CD640DADE96B7D
936E55009AE14651301CBF7B4C643DC7
DBFB6A7E15C3793FF26FE8D2AAF80DF8
34AED696CD0C64D6F2986A3B86002CF1
AB05E26DC50DD2202E7E98AA1E08D105
C5B716DB2D5E02BAC6F8298C1FA82CC4
AAFFFEBDBCD8972B7F9604342CAC352D
5BCDFDE7329503EF05750FB7A8AE1C31
B32F30B3EE558BB35C1112842EC19AB3
F10A2422E48EA59747B500235CA804FB
66850BB1C9AEE4851BAED71C1AB9358E
E8FC27C2CC559F519995F723E470B2B8
4468DEF84A3BC7913C077AF4FBDC497C
FAE1B181C1AB29FF92C792554F4B5701
C8A02D85249E739F3CD1A983A4E4091F
02C4BD90D234C630690C8DA839537663
190464942E2122E3087520E0C5405B36
795AD18C966AF94C765ED47B6057F74A
1CC195BE6BFC2897209A8B38A3C96236
89FC4B52DDBD9FE807DAB40404986EFF
9E173D19AC8D3AE708B8C272E6CE9B21
569EE984A96F16F3A4D8966BFC337FC9
244E53843F9A14C99166449AE1278163
474320C8B84F93C094D786078934FCAE
FE891488C61F7773652561735B7E7062
F4D1DED9BB2FAC36A7577AAF08B93960
40F96A2CCD1D83F423C56AA819F1C4A4
4B4D804FAC08A555C8F8B6D905FD2435
5536D706152B2E92E250BA7807A6B67D
E03C0A4600B9A3122FD47CB81B29BC12
13C6331B9673702E5F2B1F22EB8C69D7
AF9EDC36291520899CAD0BC3A1658C61
DB34D0BA6BB3D135066B5D3C87967603
82D355255E8B8936A3A0B1630A9CF49F
93766072D53C9807B330E78AAFAC90BF
0D21541706E92C2A3679A5E0F464492E
475BEF68F04AFB7287A44C141A5C8CF4
203F27748D242CD7C1FCB3AE186CD3B7
0CA979290D72E4B70E72A122AB55BD4C
A9EE9981D463B3E8B792DDDD296C489E
B4EAE0F65C3F6273E2CE108970F8E5B8
971026FF07B1F9FE1568B41EDC8127F7
E4F58AB5DD316D6D66A266899EF0928A
7C97F229378AAD4A947453B301B832E3
E05164BAADB01A9D013F6BA91DBE3568
A0807321BA80CC2E21BCDD8DE530C970
7714BCCC1863CB60FAB4E3E919AA615F
A2BB047A4150470484D0065F43D2F8D2
830AE9654FD885CD420768CE13E42A90
C5FFC3403CDC014EBB7500BD4B8FAE50
ED885ADB30D0F78E994AE34EA5336EDF
000D19183F9D765BF384286FCA43BF3F
FF028F554CCD8B94B016A1CD0E0E209E
818D0CC52A4D708D21D37F8CC287972A
B81A80C6029C7B040A0730427E498B16
956DDC65BB99B791B4EEF1262DF2A06B
E1A88EF040BC1D386B16977FE9C4719A
4FA131D2160E50F96145D22A4672B5E8
78307007B0677C3DD0BC126E7B5C617D
6C5FFF36C625D7486BDE79A782F014E3
FC7390817AD1C64AD38BFCAA0EF19628
7972F3D66A66E29CFBD67F2AED69F0A9
1CB6F15292FDCB59107D043F41B0FA3A
E7FC77188DEE185DC53A47E3CEE8C4C6
0E5F19195D756E02192D99EED3121A12
214F08EE2D2D01A39C594CE144D85C61
C92ED99403104F3B1A11BD8C64D06229
8C0CFEF75E836F327097E860A49B06F9
C8496185FABC79A2D228D2681DC464B0
279650E8D505674DA2A4097347DB6CD7
D1FF529AAE19DC2E14B11D01AA569659
32A83E4AC0F1F28BCC28DAAB29D622B7
F2772342C8F3C31C3E6C8EE77AA94528
10FEA2179CCC5359D4D01E2F575884FC
6A176A4EEC811A7490CCEBACB1DA1AD2
CCD60201046B6957C42B53A77D6B6937
E38A806D3A9E645C53D0317EDB9BC4DC
453CD2FEB02839A580ACDF88F9855BC9
94955A8A7D287A8662BB8D19CA6B6F07
66CB24F7161032B5B54D09A633992241
8F041498B02FA861C51C4B85A082215D
BA92DF4F12A1105C3FD2462235240821
9D52500D00DD39956E7FD5AF8ED1E829
234C23FFA12E3177B4D5B53958FCF349
07C6AFCF0214E7B7692F9253D3E805C4
C10FFCFE31F5A5FB43AD1C0104CCFBC0
E03E4C7C87BEF61C8670C3AABAFB53FB
D00FFCA26A33B4A0EAB646739BC24421
DF815DC474834AE1C0EE18DF85B9D825
CBDF74BE6E3CDEC794198D437AB903A7
01E1B3A2784F7CDB6C0530B1A29EB747
E8F8684FA65271D65314C0A98E06ADDD
ED6C5B4FAE094FF35F465F2C030CDE60
D19C7C5352F1CC21225386B576848E39
0E4438EF9DADD79E3AD6DD0895F55A7B
CB3625D93F60A0381C218118C13DA021
C2ED00C89A37979D8B11229F0E80D307
1BA036B276DDF61BA6EDFAD5FECCC0B0
02575BE10DDDD3B2630108B1A576B4E6
5D4BB14ABF29D6631F4D338073EDDE5B
9D60E092B5B538D2D22D6572DB8438E1
91F0916A13DB7D824B84E2862D06648D
11C403DAAC1C849907901154F5E9B0BE
CA8ABD330964E3E37F331EE815B6BD18
74B5CD0E4164BC75FF0861C66792F821
D769D7E054EC10CA2B0BB106D362D17B
D8998E137A09AFFF7B58066A50504C6F
186394FE93B57740EEB85627CA2EB908
3C163EB75AAB1EBB6DC1C894D184E70D
9798EF60057B642E5123DC43885E0B4C
786CCD06528822EA8948F243D8F9E18C
8D8DEAA6F3CD67648C7C357816F91D18
2FAC9E24FD20D82E976D2BB323604CF9
A8C81C8C7B684AD0EBD8A156EEEE0848
73C76CEFF63FDEF34FADB4DEDBBCF44C
C9E660685256DC5B3B2351DBB9BC7327
74A6B5E95386E7DF3CAF2C22676D7B28
CB0D661274094609DCF00408E20B7E30
E217BC8CA7E24B5B8BCDEBBACE148414
D82F242331C819A78FE478B7701756BA
0F99C20A300FC157A362612623B866C8
777968A3BD91DC549CCEE77859EB4E3D
ECA1274005CA090A725AD9BAE3733F1E
B90FB83929C007BBAABA5F09EEA5DDBC
672CD6E8D4D8F7A4D1CCD8CE3A733960
EC100C1055635D4254BCE9BF7AC5147B
656582ED1F2084E0B53F6A4B49CB5420
1D7464D6CBC8900938469B39F683D9BA
7BE10D92455CB697F78834FA19293E70
E5DF6F2B15BB660343D230FCD9D148BC
A93731B27674AB91CD6FE1ECF4F555EE
EC717E6B9A8E35086807AE7FE314AB5B
DA7D057B1A6675573BAD5C7299225D05
EBDA4F6BA504D379CDB64C935F74B7BE
9A852C1654BD5A582AF75B50A30E6F94
743D9188E50BE7153EB6D5D5C4AD89DC
7258133EDA4AFD3E7CEF7627C034B92C
9C3649970430EE8BDD164171B88E1B36
B16C6F50AE7CCB2E7AF7BDEBFF570BB9
DB589E0BED5EEE744915FBF675CB30A8
3213201512C4A7A6EF8ED120D438E733
42AE4F20899A85C8320109CF3BA880A8
E8C5E0402532CF7E108EB0C33BE81E90
7602A96F4EDFAEF87D313C1A433202FC
A20F71064510E8398F06F5B51F1F0212
C3803C1DCB1DEF5241232A2A3D81E0BE
0056DA523696147455D524BF428863B6
0D5C5A4C69B0979581B32A972E7B4ABC
D76094F2CD5837DB022D42990E07AED7
99C0A335BCC5A3BB338E28C2975B8982
9735BD9B78E0BB5059FB039A0292AE83
5C5D86EE2A4B6D609AC515CF40FD8CDE
34F53B9797BA595EC7DA21EBD7133585
D10043D6F488109E0BEE4EBEBF6B1ED1
9244EDFE6AFDBD2B24F5F9081835F614
E42B122385646704A8B5CCE2A1201787
41BD62E55B097D3952A0C09438CB4E1E
8BBDD9251B4826AFFEFBAED57B7E541F
FD81F78E1A0DC1A1E6C81A83FBD3EF12
240BE2DB88D3DBDA4A893C3B87C71720
4BCB8A933E5E83DA035BD1F1C539134F
914397CE8DD84F4ACAFA0A19887F7392
DD2EE1CAD9C076B0EF96DFA4F55B42AB
F52D419C29BE1375A7D966EDCFAED0D1
454D58EB73C00B84579E674F45506330
2A296698FF810612D07577B358DAE55F
1275C82E2D5EC707D9FB5C7BEFB8416B
5826AB96613497DCAC605DEB7A6F7A15
B9C223626091CD9CDFD70EA2F3734FE8
358A0D33F34BB494AE730CAE9EDE9BE9
787396D95A4A46C68B6FCDF66886B48F
B18943087CAE8AE632284173E5B54BF7
357C3101E7C55CB0E0EBD1F8620A9F03
F762D15F85E695503478D5AC3B8F82B5
CBEFA6B3A61E0579B91272E370BAC244
B61A719C6CF4644107B0835B25A6FC4F
4A9619EE36C1C653B5929E7B1773A0CD
F544CC7FB8964ADBC008471DBBDAA769
75972DCA3371985C78BF2F5DC7E1D69B
96477AF3B0CAB8AB073E484FD4EB1969
904534576149681A810CF7ECCF830B44
695B9B49FCCABD0B72FB8263180A4CB9
7007E7B05A7829FA52C8CC935E697B26
55558EBA265BFD55E2B65D4D895088CF
B3EDEAABB6B9ADD6BDB32A141EC0304C
03B1FDD11F9BD40FEC2761164283A9A9
A9F474BE2B3C19F64548826FF145DCBE
0C14859FDABC0E0AFE78D2C4C657D7CE
D5CA7A8E0B1853D7AC2D2FB2EE6B33B3
07FF4ADA1DF4B734AD0584285413C1D5
2C5FCDC491FDF9177E30F33D6AF9651A
2A3A3ADFF3A3E8A1BEBF60812F41E222
89024AC93B95ADF11460A9FFFC30500D
3D6582D3B5B36A1E308A92E0254173B0
2A6E6599A814CB98A76723512DC802B3
4D6196688974F593A99ABB5B4467996B
E48A0DBD31C2260BCF72AFA3A58933C0
CAA4F559275E60A81A460A149397EC9A
744AEC3B8613AA1258EB1B38D827D6F4
DC2D789B19A0088DE2FC51C2C212F581
0FBF8FF4E31E8F5AC8CB9A6F1D0DCCD7
56AC53E400C5ED1DCEB548640568C75A
C86052FD2402792246D02BAC6B5E7DC4
9E17DBD0F35E02760C5C2E834638C734
58A8A822E357781F1EC0BD13A5AAF5FD
F8BAD06E01D93DA5B9EF5462599836DA
E6AB3CD070C8C966242F9F2E45A3B829
BC853A1A9CF17FF8CF4B2F42E11D1E18
57BB1AD1DA1C352B62CDA2388E3665D1
D88ECD632EAE8764064F23A54B4C50B9
C3FB6BCFFA654AF9A7ACF391B19A876A
E9F933E95C0C04592837AA90B8C6E7AB
B4B08FD2C7BA7973879CB17BF8D68075
36D28A1E9DA52CEC5678F07395211BF8
1A34346FB51EA086E899DD55E68BD37F
9E6D53A34506E73E5365F391BF5764DA
3BF831D31DBB444D7042EE638D94AC10
DDBBAF9DEB6B128BFFA084796706591D
7ED0570CB81888749C46ED48C26ED7D6
1162DD1C49FA8D4192D8E7EB0BB16BB7
31A63431D5CAC8B1D17BE497512FB305
4F2536100152C739B074BADAFB0CC429
0E4DC5414F5E1030366DB1B4CA51D9C2
26FAB764B812E015802796263E167C44
3C3C3D8AE372C81136651F6131593B23
0CB97F2FE9DEE89DAFF10BFE82E750AA
4D8A1B50968EAF70A08F4F8C51A90D70
C783D8B69F712ECB875CBCE39E2D4B8B
776FDD96BD328BC94E8CE84C3C772027
79ED1005847F67AB3623B02399EE2AF0
E4C74804ED3D43B3650A708A90515627
3BED5C8A87D38F8F0BDE49D99F607B46
EFDC4FD81E302754183DA6DA3D25132F
9BB97927757DF36689C54F88F44AF126
3364FD9907F2158D856E6CD91A102757
B837679F7D7BE5AE1E592953C74E3D33
97A72DC106DDCCF1026B7DA19ED67C50
232569EA8AD176B45058B003490632E7
D8088BF0E8E2AEB30D53C928559374B3
0DD13A89B0F43433876B212F56B23BBC
E0B475D7FC6F0161256B09D49014731C
1370992AFC8A74D2A04836136C394008
87C775F63AA6F905624C77390A876293
E24FBD2F258400E7F8AFBB1DB291B0B4
2D94F809AB0F62DFF1AC5F56B2817E77
720E2DA5ACA8208E8AE3A2B80004D939
1F5C96BBA878F335CEDDF59B1AD54C41
AC5027ACB6C45A6D85D3EE6F8C8DE4B2
D41237247AE158429BCC4E3BFE4BF590
B35322D20364897F15C2ECF2BD073FCA
A306C400BB29BB51FC1154126A820A5B
D4FCA07E8CD36CDE104BA76B1D2F3701
BFFA269E01706A524E4F7E5DDF699448
5276C2620837F9B74E9FB14EECEB55FC
AA83A5151F86DEE6610A17175673E8FD
6D2720F66272763493FAFF3830EA4919
3EA7CB27E4868AC9934C9714E393C975
D486F84E7C068241655D07F5569F18EF
2F7A5E27FC9A22AF5ED45F2C1F911618
B6F422810A5698A7844909858FCDA36B
5A6FC0677352B2408718335321E2F9DF
3648BF9DDEEA93FCCDC47BD070F12257
361972F98AD46E6F0C0FCD0B5DFB5608
4AF0083A44C18EB28C898A2A8A5D6361
9F51E84E1D6D6A37F28D30D36182E2F7
2E6886656645A2BBBEE949D47B652421
A262E421689C65F96B75A4ADA9BDACD2
98498B9DFB24D5FE5017DA9923746522
3E99CEDE346EED59062BDB6141A25ED3
E80ACD485829A2E6A05A40048B997F1B
AEECB25443D4C7DCC3F2602D539FFC49
25D9838FEDD4A5F9B3073CA7E4CBDBEF
9D5D68E0EB60B57A5BC7CB5ACC7142ED
82A9E7D9F3FFF3E21CC41ECEC2F639D2
6364035E38C8FC0CD86AC4F501AAB63A
8173D04413E32092853021004C240A17
031EEF2BA1C46A1A54A1773E52022404
F3CEFFFAEE678B931AE6299DB933F486
60E8A794D591C583BD454868533DDF9C
90C1983EC06E13C364533F9C5349BD81
CE15D525670BF8B04128F9238FA6E959
62F5F3C85F9C14059186A1B5CFFEBE5A
CCF678D61E12CBB581DF796C8321CC91
EDFFAB2B7435D2B681EBDC177D0EAF8B
9856AC8AB2573563C5AE6271F878E048
2D7FEF4A0BC3B020E7EC576EC5752106
63096717301695826DDE2FC4644FE0CF
7D9AB3B24937214359160CBD2FBDA41D
DF720709E44A11397FD0C69C70074DBC
9D5F29AFBAC148646FDBA3384C4DEEB2
05E279CCE996270A815E5F8674C415DE
54A3B18B31F1C8714DE676B0B7360565
F300E75473C6F9706CB02C68B4BF0144
A3FB88E1CEE802DD263C7C2293A3F0B0
135EDF2ED851999476C3B7F3D7BD410F
715D7B83AC519971EDAB03A30D6D5A62
13FC1C5CDDB978274943AC58107E6773
364D3107FCDA486049BD08582D5AF143
E8581CA90FBB5293BA81648B3BC5D7A0
BE7E46C7876929D0419ACA3E514795BD
2516A9E7A96A5980F93EEBD405B7F1B7
AA1F8D7DCA9AEDDEAFC1042EC5A07EA6
DA982666FD12A9409BE4F6CBF0C2C2AC
1340285FB9BC1AAA370178835FA358D0
231BF5AF9C6B8DDF50C6ED415023410E
CA74070CFFBC745E4AB0C1566A2E28E5
E108918879CD1CCE7891D32F0A8910EB
7BE96B66FFC10F076692CDA6479B41BE
439DB08F68F734EFAF6AD0F3E9FA99A6
42E932762E19EDB43A7F6508819DA07F
6EABDCB04AF3236DB823034B3E54B219
5F22B4199FE3F34F3BF4E24696E644BA
5D428F514864B8E3EE4FA46322E9EE4F
9056A9DBF0F5AE59665478217F81B554
4BE033CA4F4FA4FF9FF1A77086338B77
45C4BA618B7D6823B13DD9513B38FDA8
4C7C1B2DC767DDCB1E9833B35E41E623
94421BC44D530DE40CAA8135200AAD7A
3713A98190A4B26D5C58D09530C5854E
EE51F1D364EEE5B864037441669440B9
ED29FEC0ACDDFAE9C35086B846D04764
DE1775267D3F6F442111BCCC8A0BBEEB
C1745AE4569C66D4429D9612469DFEFD
54B5408804A10D456EA831E1418DC00E
841CD5278A12CFE4DA088225BAB7E845
744B9E9E59D2A5028C9C8C0027929B9E
4A00CA9E884F737DD958F8225783720A
F76B730DF56E313EB6C33F1659FC3851
DF21E2D03E80D76B8C3267B45E3E660C
C0D741A3B37A77B3B8C2B83147FFCBC6
7F139C268C1A2F55B14612759F975F8E
28AE875B565C530794C74C0EFCD6040C
B876F3A8564BC34444043A1BBB89B234
0F6D675F8B24E1D31FC07735921FD50C
23F45491A019E73BA7609395C3BB4F7A
4B872803184F4F7DE60B8BA668E3461A
F0D2B13880905AFF56052F0E19663802
BE69DE976FA4FBECBECBDEE54316B98E
D447B96FEAD21A06BCAE3D310043250F
09EB8EC7C5E7E7B43A453769DBD970AB
F1269E45BB28E50FE58DF148FB6E8C39
FB2B4D15C0180EB22D8D7FB77B37D2A9
7E4A8BDC41646631B12761CEC9049468
BADAB68E9A18937E8A1FDCA4CF149ACD
F14ADF5E12ECC84309D38198581F7FEF
08CFF8DA00C5C37FF0457E3EDEA8BDA5
AA336500B65F15F0588F773167C0ADB5
5B9D74AD2321144C38EF66B1792F926C
19F77BE8DAFD670FD6688E3490F07BC8
2E18421302C89EFB9AD138F52B48F703
F421997AB60836210A48756098064A7B
4D370E5FD640E92A4BCDE1366190C01F
597B44723D9C908CCDBB41C59D2A248A
0DA0E066EDFA53331DD309FC631C62DB
4C665DC01B51810688CAF6BB44DD2BE3
68492999550A64A1379E3866094A04C6
E09E1EF3298CC4AD56681403B5D9B5BD
E4B919987171AEA4C0142F60C49DBB00
FC8DC82DCCC2CE522B76B902EE9F18E0
18DABE39D37971E43F1FC9005866F3CB
FC9E993EBEB34EEEBD6423AF65E08BE9
159E4D81234EF7DFACE30E7500EAB2D7
8662558144D1D73AE2B0E22CBBCEEEBA
A7499EFF53EFA6F75C7455CA103CADF3
7A29B0EBD3D9077DDE53D756541B0D71
53AAB62822F340CDB469F9BB0A66CC01
6DC81E36BF4B9B73C96CD0986364CA18
67BFA4E36304951EC4CC102B827D9B7B
E9708C4E94914523080B0F3F00D4001D
03991BED29443B412B3BD3128B15B0B9
108D882FCB9CEE60C66146361CD821E6
FA6F89F0BF3B325FD59DA8C01D3470FC
5C3C8D9486540264FD6E45C7CF3F69F9
0F2A74CB1AC723E8CF4290DF4BC02AA6
A2D47777BCCCB147F4F9C0B5735C4E9B
5D2E1FEB0FF453CA903CE7BBF5CA6BD9
B0D4F014CD3A4BFDE1C8EC8CEF7B2E6A
A176664DD62D52A651DB21BCB059C137
1AF9970CAD20AAEEF0B3700C87840057
A6EE9F569493F00FF5E342DEE8E55BAC
EDFAFDA25F6ACB551ACF0BEDF1E32BEA
CF04B519559B0489E416956C4452DC14
BA49FAE52C27ED19EBEF7E815C39ABEF
7FAE40CD4A53EA5BBEC7D1559B8CA4EA
050884E26139694642E21E88A757E0DC
DDFF58E7876D1DFA0E124E030FB74E8D
16DB63EADF9E76E8844A33A1E0DE0D5B
202FC43439AD051B0F639CFA33AB8F6E
FE5262628CB13F34DCC3C265D2A86B94
57B139F9276ACBE680F17E88EA06E7E9
506BCC102177F80B01364401F195E304
0E8A589FDD5BEC8095B421F619945148
FECD7FEB5E2B44D1B13CF2F39149E07C
96C1CD2A4AA510491C0E701F62D81DEA
6A0F3D4B30ECD2EA03A33AD3D6256B3F
2C95D99754A54CF9C8273A47B67C046F
F9B11408A0994B705EA96ABC238D1D54
F14EE87C5CFDA2E87B0676DBA24BDACA
66CB86EC1942E6EF97CF5CF7179C6451
156142D293490F42BF862A6B8F4293E9
BEAF81340E206458812CBA08C3CEC684
30C6DBA8E0FD70D8A62BC45739A27D42
29B7251C1779BFADDDC5A7A3DFBAFB55
B9BE9B188752E8258B894C9566DDACD7
48F4C7E28146A59A6A61D500DB3AE9F3
90290F413BA191392FEAB967302EC1DD
B5CBCEC55090D6FB955A39BB873A069D
6C498D37EBBF597BCAEA10B97985BC7E
94A01309DA64E6CC363DBEA51D79E685
3E320EC43F3AB644C658DF6C35EF680E
FE86817ACEC2BD80F92EFB97D39C9583
331BCC0A4B0232869C5C4C21C96D4330
A7C00C3612810CF25D9081E1EF4A9466
0FD9303190E8F61F8D4642E9C195F524
9669BF6A300CDDAA9837943585EF2B1B
042AAE507155701DBA515DEF2A687453
D974CBAF432DA42ADD229E85372EC079
43283FFBFFA3469FE5B8BF102DB18D5C
1D99C62F1F8F7F5C311BDE860D3340BB
89B66D8277E84D4029377F5806B06410
28FF8FC60A710AD5817EE5727CDA1051
3D863EECA26719DF993F4E5606B28FCB
FAC075AEAA805AC5D157C1E93431002C
6E27CC1DD969A31FDD47E2EAEA6EE485
DE8DCACD5A864F2F459A0415888BF360
4BD20BA4F5DDABC47E4BA059D91A8D1D
F6FA29FC3483A50BC034874038BFD13E
7787566D70ED8BAD2EA9D9F822407F53
24DC66A62A3B9AE9C6B0494F31A38BB8
F98449AD9A9321E57FC19BEA3FDD6AF3
3F00DE9C6F7C97E01F165145B7B4045B
60A48EA70CB630B494481DBE505F15AA
159800EDF25497869761C6F436956E52
31958F80A284B47CE7A59C53CE14B7C9
2E0244A0F6B3DDE7F17B0CBF009E7C13
58359CBFB9085B3ABA9FEE1E5B19C602
B5B09880E493A75C94169BC7AA44D92F
8D6EF5561B7CDA89717A2AEECD40F356
C5A718CDA34F9BE52FEA56D3B18819D9
80A2AE38C7A5B8E26777F329CE46D2AB
7711152D0ACE0922C921F341B4CB4BEC
462E33A6C973406911D6615C4E2E851C
62E7A6A40040062D2260E3DB7D762A40
0A06656E2BE82018CE82BDB2789E2840
4B6FAFFEC6C9DABA2443586EDBDC08D7
993385234E8CB3FC0BE506E46E5D1D6F
DD2E6B32CA77283D5B37702794A43F95
AEAE3E0188A955095F8669E19CC2679D
70FE3F265E92191B6D674F55D30CB786
A7A089A0B9F49ACD12A4DA93C97FFA6D
9201FB68E8FB7FF78E1B378A6ACB0FAE
B754936306B4B0E343B9F9D542E2D819
CF24484340BB0CFEE96C43EA404B7950
7E4DEE19682B44B230566E434E9E0244
699D60EDE9077B252A563BF839D31772
096E7FA3DEBC0A3598E0FFC001D0B18D
5E6BCEDBB3E66A42B1AE7E938FE6EAE8
7AB6CBFBC946EEBC42825D4F84122001
033D7A470E7D94EB0EB3BE0279B8ED32
B208038998B5A6ECB523707400E4451F
56AE36EE5DB06A615AD7FAD4736AA30F
F8E17A93B516966D5E92C1B98754A7CE
4EC8E92017E26CFAB97FCBC52274D69B
055B21AFFF05EFE7CF6449E8C82ED1EE
7D854600ADFF7485B1F0E2A4DD1550C2
5107DDEDCB4D7BD610BE27A128B65E0D
E03C2A07058A949144F1F14BFEA8F84C
85ABD351181B1FECC9BC7C31A209010D
024646AEAC7C87E28492A2007FE7CB15
F1CCC82BCD03D1BF82E515FB3649088A
12E2FCDFFBAA7279C3A9DBFFDC823425
B918952FBD677F3B479B4A161F6438F0
DE495DCDA4A8A324DC7B71C9A6AB789F
4B0D9A9324617F2D3785D847EEE513B6
C34089D3B11AAED868546882ECDBD747
F1413BB23961D6C06C6A1B46DF6C916A
7A41AE06A4950559CFEE8E4BFB383001
807F0EF16BBCB7EB125D47046A894D7A
295C7E5F085390363A010DCB815A0DAE
96ECA1701037B108B06A77610D2D6CCC
39A5B8ABE62290853254F5517091D16E
ABFCE7207223165EAB2DC06E63488DAC
9C7D4DA3927623851012AC8465882228
850EBBB5B759D0D5E3839421E9EC9FB8
DA0E78BD3BBA5640E2C8348111A995D4
D232EB8107214714D4797989188233FA
CBA836F40A27D653FD6B258F560FEFDC
67C21F90F6B1DA70E8351A46742F1A5F
8046F8DD00C5E535C2FE873AC1FA3F79
24179FAD31C91BC2B9EA84649FD7E100
A972EB7D03385780FCEBFF22C3031C06
BDBF3821BBFCBF3A7D3B050EC3A60A8E
541DAC915401D5D126C4ECAECC8C14BB
98ED89A4A10DFB2795116F336AA8348A
5E0E065E6CA1C0029220D469B78DE15B
C401828AF0ED28A63D2B7CDBEC4401BA
5A06D210F9DE94DD0BAAC332DB1B17D7
4BF558132E5C7D7C1152D300C5AFA357
4F48B8355594C7D2DFEECC05B211B636
AE1036AD375ACD480E6F484C7FFB961F
77CF997DA86DC53215F1D4CA209CB289
3ED095B92C3F41ED1D4BF5609A78F010
F000DF984273AB42719C9C7C2770700F
517C8F7725F21A0F6765E59D1C426CD1
74AD3348E3AB2B1F5586B302DB4F433E
33215350A84341DC2C114284490C0E6D
E09FA266989F07712F3F50D64D4DB3C2
06AD97554A5B1CC3C5D6C5DF4907DBD4
413411795E13F4095D747C2923AA44D2
C0463E880F1B9B65C42BEDE4F1AA6855
091BA7C4630783359F6655DCB45A7693
26E01F78911BBC15530EBF458BF2E365
2983CCFF6B5F3694E9345B426B3AFC46
0ACF57FBC1BC36DEFA8EA48257A502FB
EAD02AF7E0FB19F22190DCD6B3F28E15
834DF496C4DA3E593413E1434D959D64
51C8050CDEAC4D5A94DFAF9A8CB88B45
7A0713D0A22F21F1E0EA7509BC9B3CC6
3DE3DACFFEFCF9DA491DCBFDA6B5B98C
418CA39AA466B2AF3CDEEB32D71B3328
37643246AAB99DFA217F842DD181E0A5
882562D3642F9BA7EC392E0203B14B96
4F330D039B409BAADA1AADE9F5309D7B
E7A9DCA0F3D73C70FE62C84A9DA6D3F9
AB3C649703262E09AE866AE1A60EB426
1B2CBAC0EA4923E16DB25DEF525DEFB7
AAF2EBACFEC302EBB0549DEB0C470F9A
5E0D87914FFB0EE5FE4B1FD86C9FAB90
25BE2422DAE6C15741153F21A1A52ADA
1FD1F3C1DDDC8409B9AB7322CE347680
27444D15B2FA55257CCBBD66A8D88BEB
B26380D7D1DA1E130813D3F16CEA96D3
FAFA29405E7E7210A895BC42A8FA7306
26BC1E6AB44C47EE825909CD4D142616
27F1FD74B0D9E244CFD41A76B1F26BCE
02C73DB0965BF66FC767B0693A8534F4
82F991267AE5E2D88C088517F4983793
F0C49C53B2D38DD41ACEA2397880A8CD
6D5B5E2BB41EB442048AB51491C3037A
1E05F75151B4CA9C925115B2D351DD7D
27C691B163A363F45429B370397855FC
65DDF50F1009AC7EF4604D3D6AF98B70
6C98F884CBB68C3216B724EB0A868400
91D8A2F016571EB819ACB3C099920EA0
3F39B89C4FDCCDE856BC7D2B2150785E
E53C02E6DE9B9F71B9E233EEFAD77EEA
B092402F4B02E2068AE05E544661171C
0D7C2869FDFC8A58B7462BB70D01EE26
72092CB130B2F24F2E7429056561C5CE
0AF83474288051472B83FB9D9FA27D3B
AFF4B798F0AE1025CF0827361F5BAE00
5125A033EA176CA2792044E63C0BA0DD
400E38694FF87ECB30BD7CB1E7F002CC
1B3C3A5DD4C25888CEEA180EF907E43F
8A9FD7DF280344EF7C3B401232D3FEBF
91302948C0DF15ABB50472CDF41A669F
97ACC62C28DB951A87901C70E445C561
E847A636B6D2DBE67BEB4393144F60D4
66F19F4202F96970EFD3B0D54D7AB624
0836B2BD12FD944A55B262BFA2E9D237
008FD3E1A5A546B95B9A7A6C5F448156
1476D2EA922EE3E46FD9DCBEB3632D20
19AF7820BFD66DEA425C63B899845B35
D7683BBFA899AE888B5C4F17AEF96256
5E16ABA2CEB3ED3A0BA7BBC29333AA71
4B1BD34017274E926F1C7DC873F5448B
C50E68DDD60FEA51433C15BECA99A43E
52E341CD4EC755F556FAA908452720AC
280A757EF805DCF449889B3FAEE73364
477C2B34C340F887CC3402F8071EA78C
7BD809348329362046AA0563ED809CBF
21DD3BD4829BCE411FAF5CC4288292B1
2E721FA16F304FE914C802587D1A351A
E6CD928F2B4B33BEAC95E53D267B1D81
8751E84659BB5F7F9B6FD19233239E84
478AF1648A3020FCEA0C022AC3710001
68A90D58B8FF5C28BF50C47E9F584B78
CA77ABEAD499144A1A823F2E96C8BC07
DBE548E19A64F516D0B0A2C2CC9A1BF2
CF5C94BAF3636C0D9CA553EE0E0ECA28
759E6F5F6C53EE2F8892B75E8F1EC20D
B5BCCB094193C7627737B3D1C345E4E2
B5AC089DC6654F2F9BAA79F92105DA16
73E324A245A3D4586D66E4175F6BFE80
AA1EE38EB9F386C70F3F2E537D58B4BE
1DB93982EAAF8DAC5EC9E475BC15E32C
4A3E8C3442063A9969C57B349A0D1FD7
9A7C67865FB0B885A0E1A7EF1284E38D
A53CDF3C38F3E2F20A0AF7E97047289F
7E86387DE16AF85D2B2E972AEB2E9D5D
3C648054C524E29021F212926765A3D4
7085954BF9E85227634E3EF13E975D85
1D1BD64850CA574CAB44F7DB66A5F63A
DB343558E5A9B06BA3C25A6E732B1B07
D41B6491F66B8F4F55E5445A9BFD3DF3
DFB295FD1E0C0595255373C3E916A565
655374D3197159A66B397E278CEF78D0
97805407E73ECF7CB47974F58B24EC12
4B725FE1BF99E6988E98EE54F928633E
4E1C89AF6E7A497C30967EFE29B0EA1B
7CA2B31B7B40EE71410129246242E7B5
F4F70CFF571923C425B9953AA1FE192E
949DF5B6AF10624E8C3D95528813B03E
11DF5114E39E8E8F5F39E5389A1E1B9F
04D47DA6E3158DA0C0F10ECB6D3E7BAA
1983DD5286A0A9DFFC89953D29CC252C
B7F1261A033205BA85D913D1FB81919E
6295EA5A0B6D43EF42C82D3B9AAE3261
B6C575F838F69FC551E53173DE77889C
72582851BE442DC4B15878F8A0B99A79
32DDFCBDF50895DA943DDD6487BFC82B
1E70D273D1A59D8D242E89A7F05BCEF1
D7A48E7AA5F76E310D8375EC00BC80C4
81D57267F54ACD5D6024065EF3F684D8
A2211B3FB375EAE6CB05213A5FDE4A3F
1854B2C74D98C5B6391C08D36929F440
1E15D120F81BD76759E8FC009F18B3B5
035E89B23FDFF85F6000A99CC603ED0A
750A15DFB6ADB4F695D510500000317E
954D70E00E8586C2214455A0E6553BC1
E60A22A5D0F6333FD8E69D10EF14C931
BB6CF6953A7907590D5DE5FE3502AAAC
3492E2B8657C0A882B6C6F1EAE637555
357E4F54CED7AAC86A4BEBED539721AB
7BAE4F0CF769375CF806A995C3557BCC
B6C82BF7FE9F3C99D2FB7629D9B2CEF5
0332D06FB737FBBFB105A365B8D49CDE
4681489E924F0C523F47BF1C2183E1AB
6423BFA441F8E150D75CF78B3212D324
B3E7DAF48DEA49C73141E29B1F543885
34B4CF3184D06A5EC437EAC6FEE1377B
2635720DA91E21CF50F445CBCD29928D
9F206D5CF62E9AB52AC10E9F30E416D5
04D7C3DC405C68E8FFD5FA659E42D76E
A4327F316AFF0C187D7F343CCF7F1DA7
59041FD06CC2741BFEE81A442E37E492
76DE56C16F353AC20AFB207631D7093E
48D707F11E091F2288FEFA5EC4533792
7531D715FE2DD18425D90DABD789CB66
8AE790C08AAA20936EA5C885D17CB3F3
60E94B75F6EDBABF14B8E93A6356345E
AEF950E01F59DA73E3B7A969122772BE
1BF2F2FE3488243425B295339E1EF1A4
265E9734C6D26F8D0D9A595CA9C07F76
1B3916D1D0060A91B66F4E1B91EEAF43
7550456761FC5055B292C6F3BD995169
753E04425711EF01659EF6A1B8D67CD1
A373F28D3B39BF371D107F2CF216CCE7
CFE45FE6E01C98CF636B07CA3FDCA513
DDBF3078DC67C3CAD83282C5604529F2
A0326D4205209DA874A113600E5A5EBE
0EF6E3ECF0D93D18151D6128450F95E0
DAC601754B209A125D18BBF127D7241B
792E2A583795D90C3C3A724CD1CD5F89
D590A702AB53616E6DCA433B1C0B88D6
FF0223286D06522A1CE88FFBCD3804CA
F8AD9235F613556E45777C7ACFA09392
43E8E652CC836A3C874C20877CF2AD9F
5EABD9A9EC8B02A109C1B7FE69F0FCFE
F4A85AA745E49D034E3F48EA27C9D39A
E0042DDFDA99B878515C529F17BC95D8
E91171A030E805370F361D392F574C0F
51478BB51C63B39D7120769940EEB35F
2C71728CBDF763B2BD4461348E135E99
7594856E113AEE934B09CF41DB89ADEF
21404EB7BFE80D31D2BBA1FC9AC8059A
6F1D94C34CEE9DEFC2FC4EBE07B93AED
A9FBAD25B63CA5ED4F11727CCBD4FAFB
30EC8AD7D4664C794E42CB34D457EA4C
A2177600ACBC4A706F460C9D571240F1
E60EA683CF7E1A98EDA1023CB466836F
70A5132ACF04B45B5099D8A869EC53A3
28F0DB71E3BEF66F44A8091FEB45308D
1C30B778A1D3FE8062BF06C2B0A94381
5575886A329DC169D0C77C22A450EBDB
B41E18A9C01F7742FDFDD64D361CE2B1
2470C7BCDF9AEEC83536A64867891297
88CB1AB8DCEC631AEAEAF4435F3024BC
1DA1334D7D87058A7FF3A435ABFA6C79
5D79EEB90EB41C36516AA84560805B4C
D6CFEF345AF979D885402266B9588D84
4DBD9C39EF18A8C2E5405861F509A66A
7F97DC714B32154B09409D45811B72B4
FADE2A88D1BFE24C348AE3F1C213E3E7
68C5409F09D3B1DA0A3BAECBD19714D3
69FCABD69DE5BCA41CF7F7D174D58EE7
D889D43CC5EDAF3D1521171CC7339A42
B96FC20C0FEA2D66A7436819C6D6E836
AAF815D2E1A12160DA8D64EDC5633718
79DA4A83576542EFCF2B68E8C0D14520
D8615F8502CD4F04DE62EC390AF5653A
10132A6E1D3D1F9BB6094906B4F2B2AF
995F857FA721D1D37428CA84CA84B3E5
DECEA67611211B33A09587A3084F0A9B
76D38C3C957C1C43D5416ED441A20C34
8D9A1052E29CD0E3EB6A68E59BF889F0
84819D0199D7626B1FDAAE3BD968F223
97DFC3F807CFF3C1B2EAB0F8127E6510
E74CC077257EFC33350468ED6ABAA9C6
B55138152B8C7B2B92A5F09671E051A3
2378164467CDF5188E974A8F5F10F279
F7E3D986CA0A68D5B495677E013306CB
C90DE2B23F81DA35B8A80B5C99C0249C
8616B24E749E36B71E489889770C34CE
676795F50B6473544E2119F41F552367
FC38D68385875E1A4E1CA26B67439AC2
EEECDE1D48AEACE9AE9330366B52CB7C
6E076020D5DB35D9F6C013944A6358F5
A37DD6C895DEB6A0AC6FEFEDEB5C8A5C
47CB8C967B3E238D1B08F75B1B023727
849D02E9E9CE3ED0C09476CC3079058B
7F7D3B4A4FEC41BA2672E30C61FE9E02
BB7DD981CF035D2F461059D2B9359FEA
44C46E078E96BFF326FE4FB20E717BB3
1B03A80D07DBA6A782187E5C188B870C
F1ACC1A8DC0A76137CE465BBB56F859A
2A6079F42BC72722F42F1F15E6528432
C646A99130F3EFFC1BCE7DDA6C7F2052
2EA2B1DA5F0AED272FDA331C84456D97
7B8070BE0D768B6B0BAE9F4B00A8ABFA
D476340034147C1974B2980D1BCD4B27
0FFAE8786FA3B0D75D692DA56880388F
12B6BBB8763C332028B307C9C81BBAE3
DEDEB49E492E295E1EAB5FBEE4EF92C2
6ECDA30E20D57624D9F9093094F9FC8A
52C2D0F428382AFAF58DBD31D53B944D
C351A3895C9F6D9D81E95BA47F519DF1
58F404C51A590A2E3EA4FA1D4492F740
44AA7F231CA80748A1C274F6ED6A5016
FF01EA297F58000AB9AE81EB22DF7E60
FE5C5A5147D16D21135D845B7640207F
F3EC074400E7229B2CECA28FF014C61A
B6365FE310C3697788807539CBF1D4DA
6769E370813F38EC4468A00E60B61CEC
DC1829E8FE230D62A37F36C259B0AC53
D37B07F73EE4B32C23A235BA043B04ED
0A1C44A4D0432738479961A983D24405
629267F60665B4C6B0A51F1C83BA57B1
122FB170FBEA3CC3E6C585279E818F7D
535F51C7573489D403EF89C63157C926
BCDAB57DD067EBC40D4B83E1ACE5C1D4
AC0C183FF38A1A334F67187A90D90E15
FFD009B6B8C9DDA7745BEE342EDFAFE6
A4F5EB7EA9B0DF3BE76D9117FB1973A7
E1FC565614178DA5188D859E07FB6A5F
9B4059DB27676F096D73B312B10BD562
0122AF62127889CA1B27FAE4B6C7E855
653ADA336A10D53C8CA06656BDCBF0DE
17ED7183346D65C9CF7E53B1245C8AC1
2C4F6145974610572A34F27E7AF0638C
36AFB1601444FD5F7C40C9706A79473B
C59AB050AE59D802BB2548479D58D5D3
2FC55DF594528F86B7486F002D360C64
028DC51ABA8CDB322687D018410CE15E
F6B86E414815092E9D0EFF678A56BAA0
D53019E7A49BDC83732C9C5D238ECD6A
BED5E2E57DA3F810695CA14FF1FF9BA3
7026321710701C87133263AEB1364FFD
FE913984DC2DF1BFD6BFB9E84A9B27F9
CC576B99931BDD1AEF28A9436FAE6E74
941FCB5CD1725DF60DBFD19F19908128
B354EC787C38A5225BB7D92EB3FC2160
553D2BF2EE0107EA381EB4DBED0A0F18
F6FAE9A7ABE5AACBF6D5331003F71F53
41F5359F6FCEA39123D5126B668E7D5A
80DB91B78CBD061E100D175D4AFCE35C
9BFC7AE3FADE8A0A9EB17CDE2B63A4E9
5AF92D19D599EF9ACEA36D35438783E1
36D23AC8E783C99DB4EFC8823146FD7C
25BB480AF9B65F440CA87C37D1C5AC41
FF9FC52EF1F5B553783C2DA3A293A46A
2FAB8290539A8ADA3732A568568CA513
57AA1B0F95D4917A2971D1CC0D83C66D
D14E240F1D6DC31202AABA3376EA9D38
E2FC84371B12840CDA3F4C2A2EFFFC3E
08B3CC2A7B5F317AB58423C1F91F27AD
FA653A776AAE8A1D681E47562594CA11
BEB43FFAE6412F0485AFA5AF2627A23B
ADAE66BD0D9EBD9F693804667B3D1242
689D921397859306B7930A03DD909575
A5EB39AD5080E3D34D8A2EF7E12C3CD3
23C5FD9D6905BF9A59C8DFBCDA9EE1CD
4D7CB62A5E8004086AD990829BF0E878
5E875F6512BDBA8B75426333F829BF7C
B3FD17105D316E6D00B1ED3BF25EC8AE
849E7B7E0293756C0F496B57B207A5E0
3DFAFF0EA562D83988FEEA7650EF0E72
F704381DF3856B5D5492C2CA3055A5B3
ECA58D228A5379531474F611BDB72E48
145D950CB0377B4F8C119869AAB4C19C
7A78E7C4FC58D1A0D8590F111EF710AD
E7770A33DEE1A57E5A967D3F819E0948
B268A609868F26BCE2F3C136A685221B
D8CC0762D3163298C9AFA67CF0DC420E
B2EF56A4F173FC60C503A3D77DA70F5B
2CE5FDAFDB460544AC48ACB293235ACE
D7A69E22F527DF190A59E46A070CC200
7DB8F8FFC6F2409CC678C0F60FFC401B
722204E6E3BC54D115C336B1C0FFD73D
AFFD85E700A1B622FFC5D723059920D5
6E922128AF8D62342644DC5A22E7FD22
F9252FA8407187371646A543A39268F2
8F722AFBC2702BBF8FD412D674DAC50A
B25619E975259C3181D7D269BE2D055C
80DC460FD7EEB29CCDB1348ADE7CAAE4
81C60C609EB201C3D748856486CC222B
BB35B68A0975C184F39C24AE17C38971
AB5C369D602E7A6234114DBC182BE943
4313D2FA0B8F3CDE78E236D09D6A827D
9B250DAED8ED8810400BC3ECCACBD315
83F5320E5DD8D082DD6C328C4456FBC8
C364ED24044A1669BC4F513736D0D47D
B4E08578F63BA6E6DB6706A1CE23E225
ECBDD5B69D38B2F1BF3225A121B5A5BD
2383A1AB2A4789DB0FED50813FC336D1
64D4E5ACA3C292D72D78FB75DF7B4BC3
9794BC3E3DEC74CEC30FA68CACE3F455
6884046C503D1F661CDC783F85848E97
EA0228CF15C0CB94DE5BD32274458F3D
B3FADFF0030CDF50FF74E254D1A02C0D
97D6067C674F07C1BDFA1CF34E9C6D92
95E0F0B6BD2C3E960B53AD68D3565D1D
3003338C97D6CA5F97FED8F836D9E740
707223016CE5DEF0FFFE13ADD5A3FF39
69B1610FC223FE67F2073B661B79A907
F1480D915C9A9993E800A3EC74C791D5
C4911F13A74AB49266645381402244A9
0A6FEFBBE0893B5E4966C626AAC3ED83
48D68FA34E4B52C0124A69D20614FFDC
D9455F11B34A27FA63166852C532D721
521B015CB3236DAA289C36A7B841D089
75D5D7AEDAC767C223D6643C55E97C7F
2BBE1EA531E82713FBA4A8547B1D5016
7314C46C31163291C58AF79F6C5730CB
6AA0444E3571D545CC21A4155657E376
712ED7BED35783CB79CCFA25F73F38AF
C88C73CA418FC6682D94156C06E6D675
323E1FC9F97354DD96B711CB0A0704C8
BA3804EFE0313E38BC9093FC3C77A5E1
3732823573780D7873A195E88DBF35EC
866549487EDC0E27B5FF7FDF53318F7E
B3A5DD5D714E827D0E2CC07E4E4A38C0
9FC38F7E089DB037DA49FE277EFB1A79
D4E38B95F4054DF635E514A8185D90D8
A46AE82899ED6C7B5C3DA85DF5ED01C9
C289490E66C44569EC98D29AFA56B823
D7ABE965C6D3B66E82A019601E24F931
FFCDDE3BE2847F4CDBD3B6E8CD8D83D8
DDDAD754D829FF9885234A2D465238A2
8A45A95DFBB9FB44B9A3255DF13202E5
BDB3FB4EDF84EABAE2807D5FC8B8DC0A
5EDDFF96B6BC47C49C1911A93C34608A
EFDECE1FD747344789E84CE7D6022594
7E8CDD7EBF06363ED0EDD39494711C6A
41F340F642B8809386EB312405CEA589
0B7D6D993120FE7DC16F6FEB01C300E8
4ECD558C80B3A2309D9D527FCA8E3343
E8AF2B4D477AAC57081B472188496DD4
C0C2995A209B3B674C44F3F0F97C1AFE
3ED3FAA512E4F10A5B4318A74530AC96
0ED93375FD0769D51F9517C94DDE2D4B
FA92771E2370A88095D5B54DB6609322
A67431D38F9573389275C3A4EEC0D05A
FA603BD7CF4ECDE03F41255867316A5D
13A060BB16C024EB3F6C231AD8184DD9
44D2B1D766345F27C43C3005F95A678A
27F7789CBA9FA5EA7D911AFA2D78DAD8
84C0F6DE31ACC0A3247D1487F5DC2EA5
A7386AA76D7FCD5EF05505B957983308
394E00385E1E53E720292304DCA8BEA5
5BBC59393E866B388480DCFCFD3D716C
A8106AE3451788353C6AA9B604DD781A
ECC1E67E22374BBFB8642D4D3EA39CC0
EB6E0E6EF74AFD64835DD5F2D650436B
0FCBD84362C2337D20CC41E3C626F245
E0422FB32C143D33806B6442DCA12CF0
131703FB6AA729598682E4A6BB360DA5
7CBAA981A3765D1CAB12A38DB223B9D8
DC830B8D97B8B8CE744480D2517C9815
4FC0E7ACDDB286B97AB91680D87C0344
0C785F30A32F0671EB7761DFC57956C3
ACFDAE7519AA4B2BD71565A24F65523E
D121FF855FA2B6FCEDA96628494BC6C8
A50DF324AC3A6456206B838BBE2B5CBF
45EFFBF65CA59F0F13A08DB4CE0BDBF2
BEF85E1D527EA7F0CE7977C2524A0FA9
A4C335EC8F50618FC07A2C18C777D3E7
2E095A7AE0BC8D63FC7262E75C9D05DB
E4E82BBEFF927992C9D27A441EA207C7
577EA6F46A8DB4D6F0F037472AFF3246
A7E29B33020EA91A8741E6E208CBF8D4
FAEAEAD05328BC21B04D358787080731
5B22707CEDDD542678B5207553CF2638
45E57382C53FB057DBFD5ED90F48EA2A
08E9A51F44161E02EEE25C09AC6506C4
B948A0C782021763B031AB6D55C89554
E8DCF19DFE8128155F456126CB455EBC
5460A8FA91BAC0F7C7EE3313DD9BA0C6
089C8C188AC34AE2CB643CD6234B5F5F
3ACC978094FF38F5EACDD753C83242D6
3EC4E822A2B425F94E41FCB181357232
4461055CCACE03724BF160FBD2FE868A
9612DE8174A9F9AAAE9BA3D92E9BB71D
A1597F0C85B7F4F7B2CE0898EC578D5E
19D14B766A5B5F9FC15677C6369CEA35
98C86361F7005E80B2EC44AF91FB6715
304F3DF85471BEF40049A697C1AC4459
FEBEB935158C18FCBF2DAA42BC5834CC
C6AB6DCF39F43CCB92E90036901259E0
42334E204837C31A4AB3BD5D25028191
665878A32D53AF84D7386187B5D14932
CA3B87356443963EBF2D56F7F848CF39
17862CF777EEA6EAA4D074297DB53040
A73A193D867C09945192E5FEBF38433F
B4CC844FB8BEF96E1AE3C986B1782FA0
A7885FE67B603F13D28007F36EC4EA2A
D67FA6CB467F4FF853459D9FDB2F1C43
CD30DA3712CB2C1CCDBB3984CBCFF8B4
DD5F9EE2FD51F20DBFE45E3B386E20F9
6171E35D26CD4E2EE0B3AB98A166F569
C12DECF83B5F643A8A6AB2CCE0D0E4EA
E3DB2740B9F147C5F255CD7DB3BBB340
3CB936725ADC2525406F4D726495E307
A7A65F2CF9390444EB41D38ACB323828
3E29B51842BACAA3149F3AE6116B5E20
DC1D0A55D88AC34AE42A6AD905A59A26
3C7D1D50566869D852F4F01FFE50AE47
D8AA70B5E77653A37F34A33090410167
957B05E5F78B5F350A316A93C3F833CB
89B716D2DD33F0453129DFEC5AB9AB6D
E4F89250069C410E1B2019C70C27D320
C68ED813AA59A31D6153757B60188B18
08A3BA9EB1BB66F4675E65CA0F4F8DD3
8AC358B4D43064EF64085588D110A4EA
4C5896CB30AC1DD39180DA1FD88C3A26
B92150313D6BB447ED842B5F46B45EDD
8288711924C349FD0088D552BCE1FFC9
ABBA2541C551AAA0465D0CA219FDAD51
1100ADEEA2588DBD10F4D63E6FD96BEA
4A0CA3863EEFB0DBF8F856B45861C725
9BFEE4CF29A2F63E08C840A5E3C7A787
EF458028F735B564186D7207C62EA393
2CE861D2F6902EAA1ABDC44E1FDCDA59
B9F68D877871C6A43C646C5F1C7E3CA4
AFFE434D20DF4705E62BBF1E386AE54B
FD5EC08CDC71106D14E623EA9248F266
2948CE36D48520C99E29AC160A43D7FB
73B5BCA67666B621016E3ACB82247162
0F3FDB46FDA51A38DF9046A27D162FED
85791EBA8C405D81838E46E65F102A73
D32E7112ADE20FDDB4ABC6AB3D86F0BC
E7B6EE5D9922EEA778294F98CB6F08ED
42BD06B09EB6167D0C06A83F3F7B62E3
E527860EC20CF98D892E3B56F2062848
239ADA4EE21681A162E7F83F265E508B
D20A5D8E61B030459E57AE6ABBE78A54
C76E83EF4733FFA81FF779FCF99C5C85
04C817763BF58EC18AF8422C605573D0
1FE0B35175E85F0D56FBA5B3B0022B18
4BB5E4F7C6A2D01120BDE3F1E27074A5
7565FB877891467F5B793C99CAB611FD
5995E20C81A72F59CD8BB31DADFAC67F
DF80008B801C0C566486F9EFE52A1B52
DF4A9B3551A8E26664F79A0D1BA32087
CB0CF7D1EF94620EFA30855A8E7FA517
24AA02565AF9975717F4BD8DB41BB318
654BDCEFA14BAE35E04A36F151ABCA91
AE217D16C296FD0048DB01E4C23D0C26
0F1849AC5A12836F24BBCF3DD560A505
32B00520865BB7A4A522BF282CDF452E
4F8099FD6B6C9FE2E8BE4D383F1C9CCC
510D8395786861D8E9082A59753F70C1
B8501428CA688A0AEF235DCCA8A52D3C
9B991E8DDF2D9ED51F9D76DB4107D638
54258B6AB7425DECC7BA21D8390FDFA9
1BDF81C2BA04937DB08C8B519FCD31B7
BB3A5EF55335C640F5B670F660CC9616
AD27690C77740F4EE164A141D0213754
2D6686222CAD91DA688335BEEC400DB3
534F04653ED2B3D2413DBF6D4BE3B8B8
9CD40EFE80066B03BEAD44FB06A5654E
CD7030ACAA1A5CE92EF64D7DC6492132
1611D571C15826261A824BF2D2ACA966
9D5F5F70F54CADC566FEC58A3D802748
0EEA2CE6BCC275A43E6E24C3AED2E974
70BC48C3EB3CF9E70E9DB1EFF85143B0
009BFF390887E252C0CF63A13F41FDC5
BDB20B51E4584094B4C3A74662CE7FBC
F73A6E9B35D83195DF3457D953046D8E
FEC2E7C92CBB8D556053A652DB758A47
DC68E7C8E6E61FE166C5C976B238E929
9D796CE7A14D7F0876A038956F42B396
192BDB157C742D447B6375C71896F3B2
747B8533F089441AFC9A351BE8BDA5B0
98231656E54C2C78195BD75D669A09E7
487CE7610A0DD5B2950ECF66397AA7F4
A0C887E736B2B353A84821B1F9D71FC9
A331FFBE1F82F8F3C057F3BAB1FFF46E
C0A80C905DE1CBA0AB31B5B2940D7EB6
42EC5F45A6D9A7F640E120D80705600F
08D5D7BC2D4F200058D2EF1C9D8D19F0
8C54AA7E5414E498802579E5CF68F2E3
96E4E6D4354331FB2E0487392EE13753
D45D33E60E35D087CB663EE5836B2B7A
2A550539D4C5B62AFE434C167D43A381
52CB2B9975FFCE1EDE644D0FEF32E0F6
2FD498BF3E40829FA6E533C05E337D9E
DEC97512DE72451249F77A8FAC7AD1EF
FC09CCF77BEF2FC4CE61CFB8F5CD831D
B77B5EBC6A024D25EFCBE14775D455E9
E55D14D8E8CF2CBC17536F3F212B6ECF
E81AFB979892DD650612919F4EBB27CF
8719795FB6CF6202AFEA53E22F4D22CC
247F971A78AE9D7F2B6C3F503D87D9D3
ACD37E6375242194A8C3164EDD65DCDF
4D2357DA46588B56482E9F84F4D86A30
E7DAD94DA2133E8E25DB1C498C815B98
DB7EBFCDEF717385D674F049C21AFF8A
CC01DEDC1ADE1EABDA0B969D90C6D004
98054168932B9ACEAB143DDAD3CEB02E
B4539BE017A59465F1D14F8D39FB82C2
64500F9C4E3E2747AE850E27B414FBB3
08E4991F4FD7F993017DA95CFAA20D1F
1C008CF2EB1E9766A8F2DDAD0D8C2CE2
FCD6FA5E3AAB1DBC63290ADAA9F64E3C
2A69803622234B699D6703094FDADDA5
BF8C3655EB3623B338DA17924515AA9F
FED8A01EF06ADC2BF088BECCAF3F580D
FF4F5EA147A57C20D6474BB7891D43E4
F007C524BAEFD458AE1E9281819A083A
3C2B5F155A037E1E23247C2BCA7F8A01
08AEC64E942A86A848E0E939A036F7DA
874CEC85B9A0977E25685494848C1EA8
AA4EB8D67C2C76E480E78EA1F5435BA9
D4B239A723A1A17155882B9206610241
22D15EF3C1E5FB9574117A708411F6B9
3408777F93BD2B67344675111955E100
158208D4F3F2A6CA83E9F20BE762EA51
ABC4AE8864F4AA7701F4DF96B3768465
41B69DC112D1A046D36B61809C749AC4
76FEBA3D904D33792716236D42B1419C
78679ADD47742EAF41CD73719B88DC46
9B2DE1B3FF7C3C3C63DCBB0BB326592F
A5EE17D6C6A1B53E5F42F3A1362DE5D4
BC64413203146566773FD08721117F17
43A02CEC44C0FE449697EB557FBCAEB0
FBA8D4C8406EC3979E465F078A72B033
F31C365BA045B1614DD564D4B1E8163A
CF198801B459E6C537A21883293D4DCC
127027D951D7E27740A88811BA1FA4F7
9B616C5ACCA45545BC61F160E16500D5
A43C22F16731443FF5B8FC55CB36B988
73F254B4A21825242403363B4E223CA0
402348EE673A872C2010C48C48570F75
79D39949FFE1F7105BFF14414E8D27F4
291E94C88A0DBA48DDD7402E0134C4A5
3EE53FAF9F91136C56861156FC16C98B
380126FBFFE86BB0CF8C56A6124723DA
F9EE88659728655542FBC05C91B9DA7B
61EBAE5D6333283D885D1E370B1930E2
E11FB86184E7B515B457F443C6C8A77F
99C6B2C64A826268812CE8A96F9DCDFD
4C7B82585FEC216FB7C8EC5AAF139A43
050B46FC613586F406740E8588859649
5A2FDFD4B29C88915EE203B87697C387
F0977FFB37136085824C12A7A807FD81
D444CF3737729C1D15A275BB0466A46C
4A85D1315A5748D69F0F2220E137976E
90C71F4943B286B9ACB70B6CC48360A1
9D1804008F3DA09898F56C7CFC9B0325
3B08A8B128CB82C41648BC9B3BEE376C
56D633B9B20FF1202272BF789DED3973
7387DBB6922B4F4BC6919D9B298A9ACB
6E4C72DE3947E3552BECB33E64C11E51
7B31829EEAE2D329E69293AFCAA05C25
2C4525AC50AB5D97410BB0532D11F26D
B7D19B263A600F33067E27D96B285CA5
9D5C3496AEE529ED79D5325F6EE37219
1BAD8C13D8EF3BA12AE1250A25120B86
7CFCC9A94D083D2C7AC7670770B39ADB
88863EBC0AA1A97469585BF0465A1E82
ED5ADE99BA456968B558D3BA038161F1
80C6CD13396A2348D84FB003A001144F
0E2865972AB2D0B8DABFEB295AD24C28
6F04AC6F652F24FF1CB76DA3C9F309D1
AF6C8AA4043491070FA477A43C04EBED
A298B3DA4FDD56E9F8B0B4ED252572DE
33F70EDF44C6EF848B3AA555DC6DA73B
64D7049DBAF48F12F20C3CDA460FF2C4
DF2CA2A4EEB270E3B15761E928BAA797
89ADBAFFF8ECEFD8732873753E062701
CCBF8BFCB3E62CD85A6D75C473036B54
B2E327EC15F2403EAE8DC8DDC65D7FFA
264EA4C152B289ADE82A4C574311BBB4
73A2617B9173E10C229E2C048A5E3A8B
CA3BF7566DEF7BA4FCD9D69C35265F71
B71109D753090C6FABF484B7A7125542
1D241C9D1F0A0ADE3C022779B8D400A7
070466E65FE5776968B6DC4FB2C1AC92
15A5A9375DDFE58F4FAFCA735499F6A1
06D6EF5274B1F43ADAA582FADF0C46E0
40F703928570FE685DB69E1BE36B1E4F
41C26BB8674461A76130B0A3DC83E3A8
F37B78780B2C097465659B361F73B751
3DF0DDDC4D20237153D773116A5C2680
4A7D0936E2E76B5CCB5982892DF0ED3D
8687974BF327B1380050E35899D0F8C8
EC748F5C3672DD8026C77AEF03147075
65CE747BEA9A1C9D50B19E7E9B5B82F9
E374BE97D4D129D89CE12762AA87BCC5
6BF2DCD4A1AAB347919DC0EBB2F36BBE
8C30891C83239DEF7875D282328C6B53
7CC409A161CDF08B324FF1A56024CDE7
09251681F8F8ECD4C4E414CABF937EDA
D265CB09C990D1567E0242CC71D1B63C
A66060DE185F6D4CE3D31EDAC33D8D09
3C3DE2AA7A72B35221808574CE40CE29
38F5467B2DF0432C6EB3AE2CA0BA08F2
8FC2D3F7051268AE5A8C20B08B038190
0ED18BDD558A6DB121E8C9341EAFAB81
47BF5871864D5F7D0DEA8F8EE8174A8A
A55F46137FCEA096C9DD0C909E821F13
0E814EBE36E23D48AD2FD12410501A03
E198020443D0F719963C56B7D8857D3F
67C3C145BC087F8B840D63EFE41BBA65
11E55ACFCEE50657FDD8A15363E765AC
F37E2FC22040AC67D9D946E3E7B9DA75
8D5BE58E703B982217F55BB1F30A6C6E
07B33510BFCF307D023B237F2FA4481D
0C4EE85E2D3505BE2BD21BC96414B607
E22B2E92CE4FD574B136F6283C25B5AD
74E47C2A659BE10EAAD1FDA9FEF50AAD
7DE8909B14AA4629A00B94A9CEDC0084
EDEBD87AEA8E820734C0A441ADF5BC25
B551C8AD7E74AC6369972F659F74C2EE
7DE3B21EA4B09B49DCFF0C86424066B1
5D7D647FE75F074FA434AC793C8140A2
2C42799B2EF3FDED71EDDACDDACAB090
B4EAA206E7D0476FBA47257C70863924
C3CC67F1A2139B38278EB00877BCA72F
3AE83F88CB7BFCD9618BB5441E47F121
D4FF9CC35EF5E6C26B6E6181C35A839C
9F767C2FAD90444CB911F5A801F4268A
B2C6B76F244F7C8687D9F5745230AE9B
7F9FCE38A33CB264EB2592AA01DEBC40
8D505BB6F102F0456741945EFEFAB03D
91E80917E7CD0512F961269E0854AECB
CB79B8F1A03D107C6068CD2557C6938E
790ED8D74868B8C455DAC7DFE9D10DD1
9796D071C77DEA7C0282AEF0AEA25E4F
00F8BFA813C13AA25EE8403603B7CDA4
E0F2D896C8289B40799F70A72289474B
BE5733BCEA033DB32D04C2D86F500BF6
4A23D63E8B1E4F2A3FB0BE0D9C5AC1A4
6BBE3FDEBE9B76D9F22B47DC71EB8F6F
A2D5BB24A5433BDF7E6201BD4E174804
0988F9EC2712C1C2DAB34B8B35BF852B
66B9ADEE1B01F16C410B3E23BC8BEC98
E2E537C3BBD64D0F71754B8FB40488DF
0B93DC99896AB0FB6ACFA8A5EDA84621
33BC82C3D6533DC5614A08BCAE597D25
69FC0256F9223B3AB28BEF3727C7D290
0C67D47A902593BE7A225D9F403CD01A
D7D485861866D411B28927D2FAC31071
F017E70AF43CD1DDBC923E9231A00049
C4868A48BFFCFC6501136100470CE1B5
A4DBE728E8E53ECEA45F30AE69AEDD69
460B0D1A7EBAC1303A3327A930E6B02E
46C08DEB76358EAE6DE907D1BBCBC08E
5D25ADB1F557EBCEC3E294C1A16115A0
C2AB8EA865B77004D3F8388C70003C6B
6775A90F41AE696AEAC9D2F3463840B5
549E5022C8FEECE896849F0059160498
75F49031B876CCADAC4ED9F5EC6940F3
C00E95F8950ADF647307D8F1A8F01706
D3DC4AE3886AE3B66C5DE37F195CDB12
E6EFAC58EFD2C5B80014C7C62365DA28
E4A9C94C92E101DB3EE271D5B76B047F
74C80AA333F009518C8F6202F832CE42
653B0174CA5DC8DE893F8995EC7A4386
8F438694BA603475621BFF7DC23EAF96
7C81063ECD687752855ECD0651CF8D80
5ECF644102FB3E5434BE5932FCA8FDE5
E96DC080B1E09AEF7EE1FED26DB592D9
FE36CFFED045EE544ABD22318012B16E
05BD50D7D5639F5FE5A9966070AAE0DD
6618E2827606D8E60964361429BC8187
F8A078699F2B20D41ADEFBB53320B962
5A984710A584709BF181602FC9D50BC2
4B0FEFD662D01BE3728F9B5B942EDF69
00FC3B95394CBAFA8BD6CD31BB7F6546
321B7DB0CDF6C84374895629F1969861
4F432AEE9578030E5B63BBF6D6243851
981FB4A43B6B93BF9853C5B0B15217A4
B4046F9D2064B8CC1168CD3883A32420
D6BB434D6A23A19F225A05E732482BE9
B84B29858D547EB77C8C8DBB2A018D20
065205BE6F25B8A37E251EFEA9204A3E
CBFC39C10CE9FF45F85A4F85488DD400
3B910BF5103AE6BBAD5BCE057AEF26D0
F046034247F2398D4EF5AB0C7FDDCB6A
747C6800D33F0F19296FD9E5B1A7E529
6AA3ED9C0CF6C40D03AA2534ED433362
A3FA747667D61E8A462F02158D016FBC
C3BC924B0DEC533095C41ADD83606056
B7BD80257859322993694E3757A839D2
C0C0BF3A91EFC076FB65729D773B09F5
821ABC7540168C43E36BF301B31A075C
D0E2FD4D774B364CA89042A3F62677DA
99E5CBB514790B3FB4C6FD1A86CFB4C0
AC2CBB0E814C9126FCE4A3845030746A
CC97F85CAA0D8B218E73185C0CBF2676
30C20822C7CDA31F362A7388CA431DCF
B1BB17B420B126F0997BECFF78F017CE
CBD1EAE85017C0982A5D0A2AA2FA4FBA
523459C6BC91D17BD7C739EAC4142E86
50C0CCFAA4517F79A8B054B73F95980D
514D7C7AAD301B97142081BFE8DE47C1
74B641D6BE18944821488E5733B43A59
05F8F5FEE610FA4174B8FBA1BC766AAB
A97F26754455D6BFEF2B9C3528EB6F22
AB0AD0DCE65E50E16FE46CCA0E817201
8482397F4B680F44F94734838C868A1C
DFF14227025999535F1F1DE7D269219C
2D232287313BD1E6C8321598CCA86FF7
99AA3447E2E008214589FC4317807720
7EC5ACD35456D1F4B8578C44F0B60CD7
C3EF9EF4897ECFA38A2545B7FAB7695F
1DB099A0E14A7DA9A1B3FA45AB946107
7EEE2556FB598356E7FCE4336D7F80DC
66B004C74E23D184A1C7EF2D3F8F6287
103D5523CD920993479FF7942B3A23AB
51B2D88DB56445CB96F971A0C65612FA
2F90925B17D6484F772FB1A82E24ADE6
DA7628380715B934D949AD51BCA16B5F
41C00B72EB261D11F6719FD3FC39CB49
C5AC88240F53331F3E201E07C4D4EAA8
AA118424E78B8CA6338086F8CDE8CC17
2A3C2E3DA2900FA856E54A7F26C078F4
64B7C8365BC925187EF03BAED048FB99
6D3DEB7AAAF9ABDBCE7B35473A149D2A
78F18D943D0D370E1FA0F79C01A78209
23A66AFDB2A4E7242B62E97A7BE87A96
18FE774B4A7592D147B47010B14BBCF7
2D75EEACB64FEF5AC92B54C37170453B
DFA81A79225EE24F77FDADE9A17087D3
F3E1B11C77DC3D9BBD78C23A0CA265DB
66D07EF86189CCA035CABEEADF5B269C
B1667896B73743B562F9F9914010B9B4
151762E7214A3FA3A12623CEA13D637B
3035C575D182200C09AFB86AC1E2CC1E
7145E73287A5DEBD7AC38DDFBB267FAD
6311F03977EF9D26A540E2FD6BC219FB
05F904B6006BB55D4D4600AF0805F2B1
9AFBBCE4EF9CCCA3562C2C86AAB98EF1
C783369E132A07AAC3AE9FC54AE5C2A5
7D6CD944AB696FAD35B6305EC9E88E1E
912BB86D64A4424E7C68A90AB95D5A11
E74FE1E7ED79607AE366CBE0FE209922
A7DC8F91047CE44694E603054A259CF1
267E9D6B70F98E2FC20D9A5056C89FC9
D3F45732BC9B651C708E116783EF79BF
58A3E7FA614A70B36B2789D165F978B7
45691CCDF3B226F85799B6557F4836ED
DC23AFCC9AD7FC691495104DD2AF92F3
EEEB6D82EC939DDBC608C581048D012C
09D4F629F7D648871E59EE64E001728D
2C6935BD0EDF79B75C69C8BAF95098C8
590494AB0FE9FC0152ED0044263B4B5A
37C5C754C3AC39318F03A463264F846A
ADE951BB65A497EE360BA712F9E44D6E
8731C485D47DBCF673F377D0F9BA0BCE
8564ACF82B581F31A038D55AFD2863A3
87EFD5B67508CFC61A4531FAE889E9B2
C1108137A3DC9A4C1EF782449F6549A1
4E70AF3CFD46F8D305BA9C2CDE365774
78F12DEA9A45399C405649D23700D362
3F3DFC7B59CC85A37D2DDB0B7AB3244F
24468C4652DADCDC26E8CCB350C0F53A
2CC1C22A76C3658B86B7AC815C7EEED7
F4A53AE068988CB004E8C43048834CF9
C0F45C084FFE94F00358BCB40082B957
D117A0D0D9606B71C5D44C042ED89E50
BD6B47E3E547AB793C61709956BAFA04
71DC42208C010B4312BF8827B92D5256
842AB63BB22109719CB1A3AAA68AA9D8
98F22212F266191D469020BFC449D7E9
C35D03B64DFA4CA283A461A507482A56
87D27C095F4B25295EC2D16A49BAFAE0
7BD165951DA4700D1D39571FF3141B40
4DF623CAAF24235A7E07812A7B2B07F4
F2429F33D1FF9DD9D6273EE8D3594FCC
81B63D81B3931951B999715BF63B60B8
9EA24A684F248326FB1FFF916B76F31B
DF0B183F5AC0E13D4E2615E9AB9DEEFA
0D5ABE5F139032861F02C295551CC7DE
BA5B4FDDDED97577F1234932A645F13E
1D0BD7E04720C50BE2A1547368BB5680
9F0B418251A1982649FE5544D2B70097
CE8D0E700176A1F6B63855A722973076
99C7E5C246A9E7A288A39349367CEB29
A1C450941CB4810FBDA906C0E05D340C
5F73D79F6A96D230B53F02D90C9E3683
01FFB190DDBA76A6AF0A8C1341BE0719
C1DA6C8CAEABDCDECFB94DF460F56FEF
4F046D0BD8F13B1E37D8B1AF9B646019
5B4589D0B572A6C9BF61EC07FE53A88A
F23DF6313837D7CBA2D48EB25A60BA0C
12012AA1A978F89CE6DB4A370E547413
240DD1C6E1FC19027855AE928720E6CA
D624A20880890A9E70B4044FA0CACF8D
AC49B616E7A6635E81F4027B511A4B78
8DB0687C33CD77AC83CF983FECFE1A35
B450D18ECC3A6998CDFE5A1B3473A21F
234394EF59AD406DA5C381F064F29744
911BD0664B0708E54D65270796414E2B
1211CB2F97742EB2A6A2AC03F4AC43A2
43B74F0F5344700C970E1963A52EDAF4
ED058578F010299AB922B9A057F45C63
F227E971A8C341E9164D3F18F3EFA0C9
A2A0420D3AD62228AA99100C60415E78
3AF0D2142F7B0CFACA5C23C3CCFB9490
33C2E573A9EFEA6D00BF7CE9A58F22D4
6A93A759BEA8E1387731F1F85EE357D9
916A5509F6E0E2265D8D42881C761E1E
8DF92073BE776F2BB8A450FAB17247AD
D8C91A910DDEA52FCA07D3AB311DD8BA
F54FE1F8B096B1FA929ECFE5EA23C929
2597B34D4044EB9BCBF234C78BC3C4C8
D1EF52D4B8C30BC11DEF6D40C2479D61
6A1AC15B9214A1D004F983754019C65E
CCDDA5D2E5A4A2C2E0909D9CA089BFCD
941FC245BAF5D3C7843BABC1D673410F
CBB116DECA53A24367CC23A8C25AB6D5
A6CBDE43E9994D71E337EBFB3B94AAD8
140E8FC3B4328FF36AB500DF5CEA3B2B
699081D6988956FC3CB5D1F4493E09CB
3BC1A0702002CFD44B89EC92373CB7A6
B0FC6E4625682421EB5A465E96AA34C2
601E7A074B704C2FA0E6EE7C6A8AB76D
8439219A06D0DD8EB9A2E469A97C49C2
BD81321BEEADAF0028BF8AFEE76488DD
069451E8A0C644ED15A3E02A533D1720
5FDC069181DC55F0979A408CBD281899
7F662CBF92DB03015C92A31CB72FDFC4
0F429B6119827EA3863ADA1B86F530AC
72359239F8F93E4CF815C93CDB2FE16C
A087839454EB0666B269FA47FECD276E
B0FF5C4169A2499BAC795280F795B941
B399C2031D8D4954FE1E58E88ACF11BF
F24CA658B599300FD309E2FCB4CB411D
6E78FC5D58B62B56F36D13FB81CD7729
8BE2913158E756AF7271510CB9F8DC5E
1082939A82B2F5AF46AA59331AA1F9A7
68299DB0456F0881D3191A1682E8F93C
E443DB54B910C8010544A3BBAAF65CB1
D98BB5C7C143D9E9DF5FE0290BB07611
DDDCC23726CA2B72C3E8C8190FF42561
004E7F07F0D1530EF4232EB3652C528F
51C96C0AE094BB6DA3FDBA2112E995A5
B4ECA927ECE67CC3BC2188056D804250
46361FD5B22BDE89112A624D39334F84
E797BBF8BAB02F543C159CE40C14372F
86580D396AAAA7812C484864E2EB1500
121DDE4561A644597C9274099C8566D8
42EFFC70E7BA1302B68F55703496275C
FBE6D3B06D821D149E55FD9A70945859
CB80A6A9580EAAB621E311A0DD5AAED3
CF17906175B510C411E237B7DBCF2A81
9562E181777A4DB55C43B85099ECEFA0
16DCCE4E3151C43DA00CEC0119325E9B
2A661C818652F9F7BE08E02CCF27617B
0B15D5FB54FB0C99E96FC58482905818
4817577C7251368C51D70CDE816EB72D
E327F4157F053237B2C3EBDAD5C3FEBB
68BD740E3827F42B738A846CF6448059
FC37FC227E69F7D09C71979AF5557A39
53772B0146CC46D96F81235C3D09C140
BF521886C80D834D2CEA0DDE07A91FF7
B9EF40B0AF166292A4EC5A46480BFC32
FE434F2A146FE1767D6D92CACCBE670B
D56803CEAD4CF7598CFBD38EBB5952E2
D95418DF2BAAA4A2E381E32D0A414618
56BEB21BF9ADDE063ABA2EAD9B5224D3
1C8CE78B0A9AF910D802EFA543549E73
04692FA6A774386AE14CFB6BAFAD6B37
6CAD731AD3205618C98E6BBA6A87903D
E6403A00374F7781AD39817B7B20F437
1DA925282E176AC815AC64D9091DE1F2
ABF1BC846712AD15F2B0C8C6CF5DE473
E7C2FE224F96F8DF4FA48AF4D6237AB5
938B643E73FD3FF80AB007C7ED4DBB11
8935D07BB8393670031DB66DFAD91491
49E102B3CD3F806FA95D391C939FB7CB
3645834B03DA5AC4C091423EB2896913
C05C2F7A04757BAD896BE6934AEF3CFD
67B2ECD5FDAD797479B847BD8D80EA70
332C0576B0C04B0B487CAF18F204941D
3109A40EBC312617C54FD6FC60E6A7E9
FACC1397D69772ACF42F8F7796C1BEED
91DD0B3D700484240FFD24396C17E81C
AD193CFAC6239B5BBE6D36CCF92D624A
4F796E9311C029A2A0F943F4EC8A9EC6
A56EB9C904D98DD574A6DD3E36F91315
61D85A02E6EDD1E8DBD456E84670D813
CAE5490DC3C9EFF342A72506F9CC8B82
8F7CE7F7044F4FB922C3134C95471E69
80B9D71284EF8F30E78AB8C977D63411
C73B49376EAE58B81DF8579982C575BD
53580E42C31E8DC5C50941E95F5B0122
AA8FF8004911440DC00260B8EFDBD32D
B90A1B23A2B0979E3AB8D80D035D5A6A
E6A0F1564B8C4C5846C40D5A4327BF88
68126EAB8AF78FF239118D42704F2EE9
48FC35E0E9726C7633D3193AA65071AE
E56CAD06F8F798DE6281020A4F698113
BA8D36C174D3F583CD385163290E6C00
0CE7EC7024B9DDDA83073B6CDE73B4F9
0722D50A2443E620C6B07D42EC8FFB7B
E13B9B886780008121636E9D45FDC208
250AE0A1600849FB18C1AACCA3E5A4E9
AF5DED8BB4B49A47C839787501983391
67AF78C2E58B8764478B8792385FFBCA
C5183ABF9386243D79DDF40C0A4C0265
83F726A340F785BF9FBF6E23F23FFBF3
291BD1433A881B3486911CE405223F69
8F13F7CC8B7C9E4831EE7D34021A7708
26FE227F0412CBE9FCBE0E934DE1030C
A68716945BF50A272BC02EB8522EA7EE
0D973DAE6A7DCDFE350008CB6B79D30E
98602726D64701E88A5F6DAB92C0FE91
B2C80CCAF7D47C2940C19DF0D1D69A8E
E3F6E558D050EC78ACA8E3F7609BBAF9
B8E1565C5E55CC7422462B6F2468B319
49CA99DBCB80AB847CEAFEFCE007790D
80C0902690E567C8F86F77412017E6ED
5C0F02F24E5C7754D9351596F6C461CB
72C538CF7E28B43F68ADA08F63890D35
226C4C8EA86BA03CEA441DE50E4E011A
005F5B32E9FAAD1D1381CFD3F25C708C
35D54ECE43A23DEDB3F4F86C1FD731F3
E91742AD5D7B5C22059593FDB043BD35
27735F9F89DF865392455EFC4512C848
B271E83689221B975B4DE759B3242AC9
5EDDDEE16DF807821C704E5D86AC806C
33F3D09CAF0F4443F18DFB468D1DA726
F33FD0108C743D903F5872F090A993F0
9321AC1216D913E91B3FDBB799B83620
90F8B553CD7FEC9FEB5A9B898CDBF05F
C912E9FD835079D4D4E7FA8CCDB682BA
728F2BB1F58CC9AF9127885075683DA6
C670CDEF0F7E87EEB6ED4DA19A8727F0
A8440E3A231F4983E62D6BEA2D673795
7A9E250BC5C6A65FF53BB6005EA7A955
519C91C67C1749347ECB8D0E4F5E5F78
14CFB27D07A19C27D6D14297DCD6AE1B
4C7D815E93637247FB7B30058D6B127A
324081083F782B82894F4BBFDE0A0F91
4D6F944EE47B750A978D11D71AFDB721
4A4645A72035D0BCFC98145241A1E0F1
2F416E402D64E95CD94BC5F5A4EE8DC7
219B41B03E8F49312737D0E6CD0EF8CF
A6A88251AC775B9457B62184197B2D0B
C90DBEBDD8B49F608D676F7F37C3CF24
BDE9450A7876FB19AA84CF17CF9509A9
16BF243B3742BA0911AADD4152C1741D
DFE5DE86892FD8A1990D16EF4DBEBC6D
86594BAF096A9017CF0E8CC3DC72CA82
209695B846A307E035B627C509A69E60
E442DBB502907EC78A24A281FA7E0A1B
F42209493FA44FB61E562E632B9CB4D7
9F0E087A209D37A398A16406D24F5A3C
31C50EEA5188815542486ADAD4EACA1E
8920C74100A19BF0370BA634EC8D2A44
DD1C6CB976102BC48D6618A1B71DB094
1F6DCAE1F26E25090AC0F2F8143AD28F
931A13AA2A839DD5F82FFDEF7556AB24
2D80E715D06EF01074403168D9AD0DCD
845013C94AAA73888ADC7D4C5C1E87BC
352112F71A1F6AB02E111244F61195EB
01950C2C9EF22C270B3B0DC2AAF10039
D1923E1DCBE9A29376E92705FF640BAE
F4EC30F218DBBE793C29017AFFECD479
B573D174800F87D5C83ED98486E1EEEB
F0914A636DD1A3129BBD5226FA06EAA6
64DBF2499025A74D153B29D6A96D4292
D54D97889A2F68FC5917103D4B5EF25B
7BC27605615970C50FB582FE0A35599C
3BD9A37CB10C4A5C1457C633CD94B7EB
54816BA5582B6D2F0686C3C080CDB32B
554A8F0FD79B1037DF1B26611283E703
76829C90752E91C265BF9F56349894C3
92477437CC034A95AA35E123EC542B9B
AF783EFCF27805BC0761F4EC6750E336
77BB14BE6335A13B5E2A3DA6B29ADDFD
4B471E90C5AA2FB6C3E5A5B441F5088C
E8557A9CC63BC148EC231BE6FEC795AE
A2701F7A7F4081ED33B30C47D092E010
AAACA65AA6179CCEA0953D72C9E178AB
BAE322011B7184C4C3DEAE1BF39A20E4
D3763B71E008F491391D1970943C129F
95CEEFA968AE90DC95E2EAB22677014C
6B0ECF910886116FE09CC23EE8ECF721
5C3C52BBDBDF341316F493082EBE6F48
630EAEF0D7BC3B47595EE1A303FF6E8D
872F26BA45DF7054A3F3F0317A77E8E0
EFF74E759AF6763308F58D6795A86CC4
98733703475B914436CC4EF2FE2E951F
1CA2AABC98D9D8EEE5F930C10997D152
D9B654F02818A4EFF0CCD1CDBFCCCDBA
97E8197DDE36CDEBF5758C192CF03245
7111EE20BE20F7CD5D4C3430DCE21B14
D93DAF99C2395D8B1D3386B743ADF852
37169EE65419F128E729ED2F6C46C194
52EAD6666041BF2682D3B53F5A2C017D
BC369A2CF8F0B6EEE52DBB8421EFC4EF
FDDC961F81D4412A507641E237EBFFC7
D27724E041AEB341EDB0CDBB5D93D6AE
8E3B6F699E833868E45CBE4B7B29637C
C36BFFCE0A8BA35B367DCD2539BA3F62
C3577AB0618C7CD7788FA60869CDACA1
2E3E4E8A9BC7C0C9A7963EB9775C70F1
79FBA640D6E87DF971FCFEFBAD24283B
77E28B4BEF7A57E2D72EB3760032D917
1308DC8AABF80A2C1605CE7EDBC307B0
CFE08E00E150F587C43E7AA97300B2DC
C01BA0BEDD11C8C4855214FC3E838BDE
A12D44B26DB56AEDE3C42F3F62BEEBC9
25DC9D6590F7709861055BCCD94C4875
32DE7EF556C857F06993E67F57F9DAB3
1A19BA2C562957A7E09ED9F79422E234
FA3F58D4D106076A213C7FD870497D69
BF9A932E539A069945651071BA6F7C4B
326EEBB71C2953E70010B71A0694F64C
6174A1ED720D0DC24F3A5B8F37148BA8
5A1C602AF091AAECA177439B3E7E2DA2
DC2D91B0C434873B6E93E67AB6B33648
412889F6279024D4133AC51F0E5C693F
67597B06EFE96D3AA71F285E0714723D
072E3BEEEF24709A4C6D0B7C46D121EB
A34451C2B223DC7B6DCDBC3ED2489B06
6A1CACF7E81A1E1ADC228D79435EBF83
E7D60CC0FB291B6AF75751741DA437CA
C403C826470CFDB667FF58E9422E1B07
31A585CB5EE719310AC56823606FEFA0
2F4ED94C73D12705D971DD52ED2AE6A1
D1C916CEBB409BC824A83472EE0C358B
F096ADF68BFDA244A95115534BA3ECB5
00376100D22BBDFFD756C44E48F3A77E
E835000A8529CB3B53886DD360677A32
F03B7BA770242C8497DAD6ED0C4CD972
19AEED2505BBC09C1015875222F3C7C1
D645D2062E1A3B4B2E9AAAA08FCF9119
A44B07AC38889EEB04A677A9F44DF864
1915BA22A52610B2E3D49149BF777CDA
981DDE456AFE354C6C72067A5ACCA828
059FA5FC6CF046A74EEDFCEB9F4FBE31
DBE89788CA332281532D475D47CEAD55
CC517C2D153D440D981B52DA56539878
4FEC4EBCFAB25FA57EF3F902F8761A1D
745B411DC0041135019521792B29CC15
11B94E7C53DC32EA317550E214FF405E
CAD136D34709B468E0094F6230D0E62F
6AD8391FD7D14F0114D661722F8F22DC
5415AA5A5FFBB7B335F1353CC08D9621
E1A828EC9053A30509F1E1923055D40C
4291FDE8C7BA9F26127A0F756629E9BA
DAD5FA3C58799064DBE638FFCFBA8F04
4AAF487B076453A07D7CCBCACE0DEB1F
2CF63DE3C401DE3FAEA17FFCCA60F867
76871203294CAB19DFB3F1F06925E714
4CB95EDC7CE5A17353A641E1636A01AA
EDC282B5D36B0E15F972012DD99E4C7C
B2814140C02044778117749C6F924513
22FA5785A219921099FD2A22422A83C9
C250C1F7207AEE8C63913CC0E6152341
3477DE35F439ED9D7DAA464A533067E2
B24DB3F86D3F7099C36ED47B697B5FDE
C850C19AA6768108B576D9F95E9BD256
CE68109CC292964EBDD3534EF86E485E
42DF35DC53BFBD116A36F6D2B78F4D06
A0A8E553EDEB726F81D22A56AA06DDDF
5C69F3C7F68286009876040853545E5C
72A1D8D8EEB23A2EDCA388023B2E21AC
CC2799633413F5B37A97F89A35B8403F
78B96F1008A74D8296D9AC298B1A3F15
8429C96B995BBA37D5AD964A7766485A
3E923CE8DE2EFE98AF30C2019DB474EB
FD01520526EDFB75D46ACAA8146F5B54
3024001B083DDD7730753E2D7027EC83
6557F54B1DBAD5B7B37BC020BD960F42
B12CD80620FC3996EAB14C5D04D52591
EE0C42E8A140A663A98DB574575C5B24
A7C4C375CDF37A6682AD53BEC4D6E4B1
7556A6D094106409FF4206CA9A72D076
95357F751FDC86DFD1A39173FAEB3C44
B7DD0B32D36F64F33E2F9C9E4BD7749A
98C8CCABB572186E81129269145A6964
33B1842C34E26B0D8C4AE9A7F149A5C0
18455864C2C7BFB26A9DCCEB23BD6B0B
8565B3A1AACD592FEEF08BA38D474A95
A3CEA1F094B6E6785C962E7AD9C0A89B
91B19962CF06FC8E9B855A00606581BD
68EF43F75C711305DA3E5761E381B408
A74D570AC37B4709320DA68877296D0A
E361FD3DED0FB744BD4B5E8A0CA7415B
FF792A91FF17860EB894EC086F2D13AA
8743F301CAA182B59BD0B58A207A213F
4C17D5893DE4621CD9A3A20BEB2AE981
65A54F382B4C91A2341444356BEF67CA
3A557B0685019007CB0FC1FDC552A7AC
63E08DEBDC1E86BB9E3E2448E4B1D09F
14BC1BE94D22D47F20960D9A380BB315
A8C98239FE4D8B3F2B8C6DBF5F775966
22FC984E9C01F73FE85A37A8B1DB0A2A
4BF09AFDDD1AAA80C22245FF7E862F5A
4778DA56E096C6ED3B9EFEE5EEF16B17
B4BC8B9CC55DF1303AC9070AD6FBB28D
B4EAB74EBD06FBFC19E8A6A7A04F76D8
BD8A6E19783CF39AE4E848F2864DA052
E5B3CEB13F179306013B40430ED7418B
CB6F9E2C822E8329A3DBCE911A453398
907BE43262F244398018A34998A45355
2D7349BFD25B86CDC73749B867B0A890
1F993977C089E5140499455E0B1A7575
CDD7412A2AC7C06630F847508D354B42
B078AFA670B58974BCC187F2574E9C2A
A104807EF6948CD02F425A92B21F0E09
F7EEC44F6DF59B2ECEA1DCE22CA05196
BA1FC7FBFF8BB46918D0BE1F2D2CFAEA
4E315D6400DC43939C1E06D64FEDE14E
85B84ECF15B08811D20A59224FC4C667
F14155B372FE4F41B18A50527CD604F2
8A5126AB43F696B72268AB74964F7B56
7EF92133272BADCB359379E5DDAD1B46
7CBF46B29A8129598AF0457CDD0F388E
745166B9B4AA72ABE58F6EBFE095471E
D9D254BA8F2AA2CC1A136E71BD39471D
021EC91DE7A62A553DDA06A4BBA6E60A
36A288DCD573F21C482B890A77704445
81770CEE866A4A244520922C6661D363
3FA72B86F5EB4E0BA369208A2E5B150C
895D8BF0B83C39E1228B97F10ED9CDD2
FE1788FA510B8E49512228C6F948707B
AFE762A0EE0ACECA0ED79A502EA23A76
5C796D628375C5C1671C50F95CCA152F
0DCA4375386938F45176C49AEDA1F324
1D92EDF7219E20A075559A8A098D059A
16418F873DD103217279D78669DD47E6
67A3D102D6E5AC69877D68896913C6B2
E4936A9371DBA237E5470DFCBA5C5403
19F0AC12F27C05CF65667ED2BD88C853
CB48F1BA1D4B7E99942FC2B5B4E8A4B9
91112D7911A3311F909F2CE386363C7F
BB796F01131CAB07C864AFEF31B335A1
AED851CAB761725EE12DEE14ED3CD599
83B0A122F7BDC6FC1E5DE0FF88112679
E39A9B75B4E879940CD4226EB4103A99
1E8D03B8BC1E4D663B162CDF089F493C
67607B434504A9CAB8EA8EE455AB7343
89D0E76B48408F45FB8332E929605AD4
651D94F154536095D825408C0860F090
BD1F776D19C0827666CDE13FAFF3BACE
E4654857C27C8D6B68A5910AC9189891
0CF8F9049CE1FB9152B5ECE6480A122C
B91D91742186F370AC31D2DB46032A63
B7B5BEAD6197EE4B97364A045E36307F
D2EEB57004D9F86709CBA3660611824C
8BAB9CCEC7E5B8BB35D7CCE5C5A03346
03FAA8F318CA95DD535139EE00954961
D9CDD1CCAAEAE4004BF970A265593845
D016AB685DF5D0FABDDF18D2AE3D0626
5978AFC9E2B7E839D75A803F58B2837F
91955B3419A747696F8C32397E8FFDD2
7D7807062D8A805F352D884E51B825E9
69C629935BD1B6627A1990FE28141168
FCACF843D61F69D3B7E52A66E81513CF
295F7889F81E1F82C43FDE0E5AAB04CC
FA9F45AEDF8302AD27C786A1A9AD0DA6
567FB8E6904D76ADF91DE7A642B5D2C6
9A1AAAEFCE4BE9477AC1E1FFE6F11A17
A20AB025A8768DE882471AE000BBC862
21930F8F3FE573E01FEA719BF6F4FDA2
2026AA6425C28340754D9A8B8283EA2E
7017C28C9BF3489208142A1E7C6F3644
F5455589E179C3E2A38A25412A646565
0F64373D850146E68F1D7AB819D62240
426ED4C5F8CD98B4ED80E5BE994DA2A7
E83F54BFBDC0CDD2433BA90847092AFD
5D82193F3E6D95542CB9679E7688D373
B2434E1A6FD4172F9A7B8C5650C88C68
9F32D8DD1F3FE9D726B9F316BF8EB11C
D46710D0A3FBB85F68F427DCAE357F76
220D0A1A3BE9269D27109A14DE48ED2B
ECF0C55C03AA8061C2A4CBA9851DB390
F5A930E589793E2284BA9AD00D81A269
8B0BD3EE94CE98B510785808F5BC26AB
F86B9EB56D879B5D3BDDC17600F842E1
79A230073F31C9A45F451A587DA5DABC
E72C678FDD4812133EF4BD22279B9A38
B8035F4F816F5917F7B631D5EACDDA87
89E0CE09352C377F0B194B6D48172A23
79D909CAF4A9D6B8B2A38AA0DE969D5D
CD87AAAFEA971D5F3B7F38CC417FC449
AED30DC4869253A4282C29EE6EF580CE
5C094991B5C8F6BE8030930D68ACF865
84165774BE313D89CE86C32C0485ABDC
2B597FCF0CF2F0D4AAC459E9F874B32E
CF68346C1FBBED3A79E2F171E5189C01
4F5BD46D96BE47B293D998E9085D3A91
DECFA98373214A92049D24216F46FD80
EC79E90F8C6EBB0ED08B498C5F7C72AE
CEEAFC4A2CCF9C816D18EEA81B63E56F
60B1AFBDC7A7AF26B4EB9CB8C844B874
6482207A7DB2694072BDA180E059B4E8
2850861EED0F8F3FAF16E05EBE5B7477
4A25AF4918554E978A7DFB1FAFC1168C
6249A245BE0CE707EB7340598218D377
A1A9BBA4D5775DD2FF602ED5467C27BB
F74774597D082A9F1FC4C09A3D5E0E89
1309789E57D235A906AB30D3AD9A9D42
2EE0627D87A306C00BBE9D84309C33E1
490E77202D8FEC40CECFAFCDAAB39ECA
B00C4C1E5EFD95F75684499AC63DB342
863FC3732501CF960BD066B6C2E436D5
DC3C70EEEC6B7EC4E4133023A120F140
FB9C77FFEB88EAAD93BFF4763AA3B8B1
A691212D41B5DF8CE87E64BD8A8F9195
5AF4F1B869B47F60F059DA7BE74517D3
B31BE49C6893806382DE2443FCCA321C
A167A07B1399218E4EE92F9E138BB3B9
E82DC23C16721B0542FF9281B1B7EAA4
B725AC123986325CBCD4759CF8D2D83F
E7FE42C7FF6C81181A8E23374BE764FE
F3A88E4C8C374ED7A2E2BD2BDF654AEE
5964302A210E669AA012526273B2C6BD
9FAC21EE4EA427972BC1E106EE1A0384
FA55FDF779631969B1B5958B46C66C8D
93FAB272C95008246B052C7F9DFFD82E
A4661FC09479D45CAB83A25E5ACBA494
9F9F0A9316C36879263D1837FAD8CCBF
744E244510ACD5E3E82F2D6A7D191B69
8ED4C7B934FD4A349377A8C733167ED8
CC2DF160FBB79AB289A54A093DA2CE3E
CBE714182C9DA02CA34CF508A6A88ED7
B776B4125108EB4B4799DAC811BDAE6E
75577DBEBA9385097D449A7F3C66E952
7ED2B7569B340012D1BA3C104FD198F8
C9DC9F4449A914F3C452AA6BE013882F
1279A056244FA6546BA3AACF10F227E9
8CB08B09A73E1A01E84FC3FEACDA5371
B1C5A1BECCFE2DFBC51FF16EEE89BBDB
78735B110D44B1E10D8B61ADF9F00556
E6B1E51C4285D164DDC43F0B887F121D
79E700B1097D4F96CCF93C4B6A702A24
C25FB87E909291376B2BB24C24CC7AD9
55B017E9464229EC3B3C2540AE086255
E95C8C9D5656BFDAAB0BD91C65C9D03F
A173CC438A1535F01730F981316B7950
02BFD7258010894158DA21C9310E884D
164EFB8FA1CF53DAFCD3AA4B6E6B76A8
19DDA1DD628D68D2A6B1D800E75AA460
D50CFD996E21177EFC2AE5DBDAD39D57
C3A434E3FB31F5EDFE2C5F611DF49EBE
A21F788DECED334DB36977D763119F7B
A8B1018F6C2175E65F0674E250BFF606
86324551BFD62A7A891D07E7495423D2
07DC89C782EC1DEBA83824D743103EB9
FC62A03B59D103DD9B5F370188B584DD
1DA9A95A6B5B8A3989014874FDFBCB89
95ECA42F4F389F50C93F2D7FDB52A130
A3A4858F0BCAACBEBD4D68D5DCECA535
2B8955527F1290704F15E2DE5B353F2A
03D5C1CE904108D2C30C335CE57B240C
6F76A52C6197E465BE2A1C1356D5B5DC
744DA97C7CD48203E85045AD687ECD39
6D42738D0AFF0912960E6D0CF4EA6C5F
CF609AA5C70E1CC63E0C944AAB0F1396
06B18A55B4B9B3A950B75AE73245BDE2
A3C7B343AF7E5FA28C76521D5C916F7E
75CB2F719AB2D09C228E5E46E733B25C
F66C2F7E911CD134125AC69EB111CA7E
7A78AE9208BD6B1D79E21479052731AE
F28185630410561839C192907B7303F7
69250EB39B4AE16D67BA8F9D04FC91A1
FFCCAD5A2D126C724E3A16CCF26C4E5D
B2BCDE2108E418FC1CCA7885F011BA04
C215097FCC32C13E77A1BA283BB731BE
939D5C7B6521F4941CF54A06D727D597
3065CFC5314DF812536994DC3AB0403C
39D39505E11389EEF25E907C7C66654F
B263F875584BD0C49AD81CC545A64561
8E9BD4467A1428E12925C7616DFF6B78
4F467C0AF443C9B3ACFA99144A510A50
AB8BC9361E991A0302E56A3157829049
99ECC59B76D68205388563738AFD094F
DAB2B639F49FB99E5FA783C1DA01F67F
7F645D5D9BBDBBF5B65E789FC5D638F6
44CF87EFE9CA25D16576844A5C2CBF42
AE8581A13AE74BE7BF723C25BAD33251
E4338E997ADFE665497448B277DFF19D
708ADDAD3C0566F159F8C96932C62B30
6B3D1515762179272790A2379F1FEBD6
E42FC7800E4FCBB6F6B0100A2E61E1A1
2D37297F3D2CE976164B62A1D7ADB6AB
E7B127E0A30689EBE5318876CCE8549D
BE2F80FD598BDBD09B7D59067EB99165
5E7E7AEA0BDE408AF8CC1F194BBEBC45
CAADA23187024E5985E67C864378ED9A
850719C2AA09330FC175C32CCF35A720
23D5B95D3B62F5A47D6A255529716A29
C0A403519592C80E96CFF44AD722D804
EC97D142236B00C48E7522E01A2ABE1B
957437610A09502A7A13ADB3E637C068
43476742F6E667AD397EFFF11C27B104
78CF81CB1B044236CA8C7C0F3E522928
C7BB532C2B42F1AD9C1358C4D0D3FB12
1FC742054D17972C037DB51D8399BBE5
D2CA0E2F09F43FCA71768F6C98FD5F64
FAA19971B45DFC4D8F13EA9E688028E9
F20D329361B38D087F8ABABF758CE74C
E3656CAE6E11AAA2A679C1F4318C031A
AB3C2D72B0247F5E79A8AEAC9B93272F
5E4367B81210AB629ACC0A451634A742
FF6278FCFAFDEBD2C360978FEE194E3C
854ADEE0252EDFE38D06678ABC6FC210
73AD75548F32FC82F1C187DAE1CA871D
ECE781BDAA78A82A2684A9E949D40502
A8C145A7A95CE0F3A3AE0F347FFD60D6
F020C3894C39549E8445A4A55F473B3A
087BBFCF1E859A26A1370148B46ECE60
95314F6628B2F1B9F4AA92AC003AE534
CBAB6658D07850BB03665E7207011845
067CD78DAFEF5F6E2AEC1603CA7ABB54
0817C77A9986603F7233CD44EFAE51DE
320EE8DD00A20CA3DC2B1A87E1F8CB90
A0B4FEA2418A8912169D0A3791BFB7D6
2BC52998E28819F7A69552ECEAAA9841
2E5215CA796970A4D71C3900DDE53150
4D9EC8D97F511198B9485686CE438603
AAB4282391942D5EB0705D1E1DD14E47
D6BE219B7BDBAF97A74E9A6C36517993
BB5F360244703A198B16447E8C1C9C24
6C86F19C17C4A27ECB086962D735982D
609D0B1FB14BDEE28DE7B23787BE6F02
7DA47F24E2FCCC23DB1A54B6525C9F37
32A7032F531387F18F751CDE6DB4E8FD
C80277F1FAB42B22E5982590F6DF5E06
E264ECEC68C99DC74FFA36B97148A31A
648102C5C38C5DC5B9F2D8C02130294B
786F916DCF99581095CD652A5ECCE1BF
0D98EA74452BA7A6BB573E8772C3EFCC
39C3A29A9F7AFE10ED0BF06D16EE6EEB
258C857800B8951D23961E3CF2F226B3
D176E30DD647B27B2032742C3D8FD1D5
7D06D51C0E8658BF857DDA12ABBE6FD9
9737D52DAAEED69B6DB064C0CBA714D0
B7863AB48B3CDBC5F1FC830B0CA799E8
5F19997145D7674DD0BD4B23B3DAE401
6002446E9572C0EB6D83175AFF89BE32
1EDBE8E8E292B4AAAFEE352E5B2D24CD
161CA9DDB69D82B942D7134F482B5C58
24D0A36633FE4D4D7C66FAF464B88AFA
57B966FBF0F7B370D500A7E85C604738
4640CFC57F89EEA6EE21BE47D5176A9D
5B6CA93CF0B58A130C75681C36D07EAC
E950DF84C333037B5407E8E4DFB129F4
977A5E3D598A31917B34A8F178EDD0DD
EBEEDD2853F8D3A91006A00EAD75A5FF
EA6CEAF547E491FB3714C91FC48071A8
30665C0DF48AB6915BB53BDC7185E9F9
1A67BC09224D400F1677DFA6BDE9D72F
5DA774BDC6A1603049CEEE651E6B3B3A
8994357988CF2FDB0FCB2ECCCAC837BF
7E128C0097C86C6A0CD61AA9C83F4FD8
A4D35BFE0D98885F64E194C02B126106
9DE91F1CBC2B4738DEDAE45E4BB36004
FDC276347C1A7E05B14433AABB68AB4A
9DAF0FF890BC619A393935327BA9ABE3
F6B143B6FF577ABD1418EAE99601B42B
E061EEE90F9602780FCCB61B99292062
2D15751E0DD8720AD9B8AE397A2C14CC
BD2980BF0290F1EE372E97B88E5A5B52
2955E4AD8CF2BE39F7409CE5D03458D5
507BACA52AA95CBD27E6784A9F2850D5
655D67DDC3AB2BCF8AC4E97BB8A79427
C9646747C27C2FE26EF4D25A92CE321F
41B8F8F21B7DF25F4B0FF2CDDBD8590C
A18335CE488F7EF7FF8F04BCCBDE7BBB
D3DF9F2B5D77D58EAF5BA372A89CD798
2EF1FF4A5BD61CF87B37672F37984668
994C7794424DECCC10C6FBB189F0E75F
E7A7AA70ED9AD5F9F6550F25F939A962
EC45A6995692326D6C4200D2CE63D703
D6347E396708A2D2680170A82670C062
915F988D4ACC9BC4C15C7BAAD6FB69F9
E90E0CCC80D925F92CB4A0E0F965AC93
5F98CFE120B2F193D3D136BC4FF4A1B2
FB4A7EB26AD8A4B5897FA948A4F914C5
349D0EB3089D6F8BE7B283A8EFB513E0
53B575DC94DB6F67BD5A0DAF0F200F70
5C42D244DBEB1C400B5DFA1F3CCFA5D5
45DF12FD33A8DFA9F1E0FDEF09FCFF1C
8A3919534FEA6AD6BAF785B33C6F6DC5
A547004F1E36B39CF47024914B0B9624
8A5319BEEF7586433DCF029549CD4C11
DDDAB1F203AB1BA11EDE8ECA1D2BA0A6
EC723F1D0A3A11262182D6C46B3BBBF6
57D0E8C67D1FC712A0DBA214851B659A
357A78FD7F94324097B1672DFF8ACC63
DE43F4CCF2ADBB5A22B43EAA4DB90534
0E0020B3C88DD66A0203FEED9AA0E170
8963B092BAC4A4D4214596F751741D60
8D52BF22EC739F50DC5459A789CFE7B8
AD1679FBA9DF9BAC9BDFDAFD49F9F135
EDE2863C944D97A6D9001590AF665199
8A674491D115B262259338CF2A7D0D75
F95A1F56D68A0A687BC6E53A54B81049
2D7394743FA7E42C12CF78BE505C4E2E
523BDDCD655BB1D5E76DBA34133AED7E
85338F79D4079FEADD59D79B681D5258
230CDCA7C4FD8C4D86DEAEF6A3AA385D
6E63AD07E3E921BAB2ACD766BC306299
07DAD46E563E5405DAA94B07A11CF586
47C37FEED1B3BEE41D03F85138F20F76
3057EC6E09154EAC197262BD6416A0C0
2DFEB4B4F50B3713D41963AF6EB59CED
1540FCC90A2E3F3007E5D2FC051F9B8B
91EB4D24007ECABBBA544BBFA1A7221F
05192B8E7BD30C2B93FBFE3AACC9D352
47B299BCA26E106ACAB7ECDA20FEC957
7E134435F7050468AB54C94565A91A14
DA158FA126B83E69086991887C69E529
96A8F5DDCDB20CE944C9F4D73862A203
76C9780EFE4F132FAB7B2BBE61F90EF2
5D0C954224E5453B81075E2DFA110C0D
DC5855054C1DC1798EBDE9B4B2CAA36F
F5ADF19200972904BB5DA3FCF7B6C5C0
87DB6117364D2E58AAA4F8DC9976BCF8
0AAF65F5F929A40C7BC1CA3D2CE9321A
52274AE4EEB13852BCDD6BDED474BF11
34EB68D5648FD9D727643130D6918787
5D474451E008319232736796809BC4C9
F86977243CCB2EDCBEB1CF407FF9F825
8F1AC688B714C4D5A584F223ED484431
EF0E4A35EA990D4DB15A94AA48EC8D3C
4D4F1ACAAB3A02316108A29B0557617D
4E203372AE2A6E22EAE4DFD224A1D42C
D27D88F3D075ACB08182E57CF75BD714
0B050BD992F7C72F250C2DC32FF183D5
769A0F9F1FF5E82EEDA2B7F9B3C8C6DE
7BCDD5A1BFDD386EAB0D7BF27E23F853
0BEDE73D231DBBC4A9A647CBED4720F7
67AD507679F935303FB464F7826D4437
1819B5E56D4EA593D0A0CEAC7396059F
0E74AD119DA9413C8AAC0F2A853499A0
AB11D6741DA24250443304A8F8D0E4B7
56EA3C6E7F642445B136461148003CB1
7BE4653032797BF37FF559D1DEF6231B
20040B5422D863ED17531214B5451523
644B26044C262F880C76790CBDE6020E
F0D215FDFD2B47F534A3FE222FC701CA
5BE4B4F034082738B8BAC61A12FC7E13
C105E4965972507A2C40ABC5002B199E
797F281B16684E9BAD16E016035818F9
647010CCCD9FF20FC3D3CAB9D181D5A7
779F4E3744F6A5BF1214B3E36F11FD93
F13749328E2D91E0E218F3B7BB9235AA
22A6EED22C57C9486617C208561E5B9C
FF41FB3BAD810C8E89087C47461F47FA
7205EFAC84EECA8E9987CE1A815A290B
A55C4EC04C72FAB7803E1B98ABB1471B
56B7AE2E4CF8B3C068B040930D4B88F0
836A852414D66D47EA0A71D0A830C4AD
936D75608493EDC561082F165A2ABE85
D5434D9AF8CA2D6D0B97C2C7F1232736
1DDA5F33F21A0E795CC90E7E560C407B
D03864B642CE4A4852C791179E90A5C7
8B4FE1D75CB211FA99B3C5648650B1B4
12756D9FFA7D324B76E57A6C24E4FECF
7DD4B9D0328A56A902CA81984D9A77B6
28C0F6B4F8CB22601912D4607D1C80B9
0FEE9B056B1023D5BE8F8D8D497261FE
9A28F0AA6A6969F151AB099A3F36B149
956A0C143A3C36659503400A8EBEC436
27CBDF38126691A3A1D6920A1A502175
7EB85FE6FFF14D99BAEAA02536583ADB
FAB9956A265A5F1E51905C89E5D45FFE
61EDADA0DCD1187B50C1C79B7F0581E1
B9A55F7722A84D68C0D2804A7C568C8A
115209198565957C0C8599175BA8FAE3
3809C0E4C6287EF1E80367DF61DA0EC2
6232378738915E1D0C8C6CAE11F4C2FA
702EA65C7FE1A251856FAAB7528123A8
3C515C71B1B028AEEF8AC7CE92AAC33D
F6DD43978AF95760F7ADAEFBBA1C6E57
38F8BDC3DA2B3C578305FD5029C3AD75
42BEA311D1A7BE94268753EF9FBD2795
8B8AC0D67E69BBFBE21F42EF50CB079E
7F09431AD87A8FEDC0E0E271AD9F9A77
4D3404166C290A4C49843297D9231A59
76D755E87AC3C0F44F1BC188C2C2A516
6FE13C3A81B9126EC093687E0A260AD2
EEB4C285195BA6EE6D1B187394532204
2098D321C5EFE9FB842A6AE74FFA9209
81A899D4DF8FC9C312D8C1BB6369B758
DD3544B8EDE7A358351B739F3FB2CB07
E5FDDE81D14A6AFDBE89C9A5AF766D87
2A85C887AC239CFEDD5E2F64CAD2B833
11EAA24E964B2739346B8B3DBACD6B46
5DD46357A62AF044DCABBB581A7A08CC
65C6157F88C2122DCB000A0563F4729D
D11E935FE710C5A925EA0128613F54A4
58CF66B5A8115F6EA946A165754DCA57
0B8736B4B07BDA530FB782DB30F20FF2
57F30445F5CC663CC9E5560AB8D13707
699765F916D3E10DD1DFBEC9E5FD9475
9BBABB64C9B57641F0544001CBE2298F
EA7DBF8BFAE23B353B04ACB690EAF5B4
35F018C97C1E60CAB948C9B44CBC8955
5295D6B362EE9EF82C9384DB136A5D0A
2FB69725C7395188D69808737812C386
F2AF333C338F3880637104C5574B5F33
361ECEBF55368803E58D132A2628B4A3
55BB75540F668F40EB2B3F128BDA0A48
BF606A905A560E4740A62A1AF1D1DE4C
59FED682D2F523528B04B3A1F97B6453
53025913B737E4E55B52EB4A2C8673F7
7C442C73ED466C0AD5F9934811CB45C4
C76345CABAE1905053C42799473C5861
C2367F161AE0D988DEA9E5E4850B440F
AE6C2E5C367A971EB1E5AB5D9C1DCB22
3DFF419964527DE49B7160BC73856BA2
7BFA3B757674EDD44F14F800EFB8071F
DDEA771EFD5E871286F68D535219D714
58A723AD07F372D72326984D5BD0B1CA
08290B0282E63B171A07CAE39EF83544
F4DD11A6E078F42EBCED70363475C7A2
DCDD0087CAFF170241AA996EAC232738
F6B08DB3877B4513E0F2E6F3A7219076
BF7DFA5D8C1FC0E54BC5E579BEB22211
A08999F74A3EB691D8D41E454118249A
25DFC6D79D3659D647CD19259775060D
5A9FBBD1C14EBC0DEF98FD382A232807
4F15556D1FA529DCF5054EAFE1487E0D
0F2F0C24B29D578B58A58680C37456C5
09C5EE7A13CB8E0299E8E453BD66F020
F54CB8F6B6C5CA0CE9639035D8D75FC3
E5786D3EDDFE8C608B58CD70D9CB740E
0E23F7852B9F266D8D79C302D0C7A818
42944A2E5109B114A2A662E20445DB25
CCD8153FE9A780973C532C567EE03E4C
B54B1860183A4F4A4850BD71F3520361
01B23FDA4F4687FB49CE244FAF4DA246
D561200F4E780F187EDD55531C2AF84B
B9E50E2997B4F94612ADB0AB549EDF5E
2510023B8C95CD22B277105E19363DBE
5AC92D572FE016EDF902FD8507B403CA
923595D7FC3A1A580DC96A412B0DA308
A965F39B5EEF94DC4598DDB261BA8CF7
F516B67518B59626F9002D8A938FC933
20556C185A914913856A113D7B22A882
0DAD42AA45A9AA5156E1D2D664F360A3
1E9A436EAB5C905A1544D55F7624C53F
5768B77C6151B0BB9BD65CC8FFFD2252
C922F2A21958285D737965335ADFA0CD
D674926B9803AE16F322C2249483F1CF
77F3AE1B74842CC54B5BF852E9C66F0F
537407ADBB2C731D3A19A45C616124FA
2C1D35B74C17F077C6E8ED16C541C9AB
92DF63B2E0227A1D658C5ED843F63F00
17FDF2ED5C19F6A96AD03401D1880051
69C42E4D99BF64FE70B9FC1A167CBC3A
3FB3B93B6D2080B6B3554778273D7F51
CDADE2F0FF7336C2A3110DAC60857024
45E519579CC208330C16F094D7B51160
134A0477F3C05B9DBF7984F649AB88BF
8076E36CAFABCD5D1F609BEBEF67E98B
A86CEEBC052261672C2B0966E474039D
0435474D4B96BAAF88D395C794E96E7E
2191EFAC9C19F7D0439B82A593AD3B23
528EC85E4B389BD3A00BD39F4524B8BF
845994CC50CCAF8C127D0E649AC5025A
9416F8979AFE1D930BF63B1B9C9EADCF
80DED38056BEDA3E847B7779AFC2F918
07B3DA335B1C5BF5AEAE27C3D6C009BF
C05BD9C221AE6BBA0A8F7994A98D0298
58335932CF0E9F04EB0AC9F61733EDC4
C71862D8AB114DBEF9DF28AC52DAEFBA
3DCEEC966C283A17349581A2070C4C0D
C63702DF4B6724AD3071A2612A0C0185
F265BCD68F34FAAF20DF24E364458ABD
4B6292EEC1C627563CC1D09164433D11
BCAA5CDA1BB682C65F0810B328101EE4
E4D6CFE219EEBDC9B65871DD91563222
904E6D257B30FD416BA5456549113527
89B2C6E42FE457E7F8DDDA234186AC77
5194DE0B16C6589C6D402F05CD5B7856
B6BCF0BCD5320D45232A6C15A9447DBA
79EF606F9D877581E4B0BF4CA1ECA531
19C7D076C7566EF18B870EB1C6E2B820
1422FDA49651F7E39F3A3BFC3E65BF18
F8DA4959749692291FB528E272ED774C
69FC3B171240F3142A86FC8AA7DF6EA5
EC7CD24EEB0C3114A261EE0DEA3BC3E0
FECCC5A13A40D7646B30133155D42150
91F8CE3123436718D4F4FF2A95E7BE64
B7BEA85B4CE0E08A44E6DB8C71478989
B6CFF7DA8B50518F455F5FE584B9BAF8
8A7D04E11546F9D5324A4AE5C88293C3
1220697A8032ED836A0724A788D659AA
35E2E7C7CDCA945B4D0FB20C42AC498E
00CEC64ED5B8C844AA090307EDDCAF09
FF0B80C899CC2536E8E1B447EF92112A
F7C47EFB71D1F82F1200A9430B16B408
62718B9E28DDDB220029BC66CC0310DE
8430826550449AD80625A8EC41C56545
B1AA20B50E392982B3E34AB4EE206126
DE171D33FDD6199F7853030A4BA55568
6006D8E2C2BF21F62BDB3A292582BDD8
F10A03A9B93A99C04E3C79D52CFAB0BD
4A5588887393627AD9ECC5F87CA9A9F4
0CC31CA26A10B5522A71B16B015BA001
721DEE0111C2C72BC435A444CCCD1DF5
6BBD6DAF5C17B7E81737841C3AED2855
53D39FAF48F56F50C01D877034CB618B
CB076A733F92FFE76EAD1883FBEF9707
E65AA60C1BD12803026A2F08D598C3EE
1AFC9290DF003736FD34CAC46E6F3AB5
494342A2A7381FDC0A8009C9C0AC2E24
C76B8B06F66B3B02BACCB44894E5ED4D
24D093C16E930ED253A9334C2158A70B
7E821CB89B3322AAC8A235FC94EDFB95
6C98F54A1327B44B6AFE35064233AC93
C8FDDEF7FB81ED7A554B0319579109EB
4521D37E26D081F6CF2B586137CB662B
10474D2C36A3028B0E6F9585BC42B2D0
F5737AD904AF0ED2D496EA1071C39ECF
5BE2484E18D40662A320909196E93C5C
6E7985F945BB6A27C7CB536F9B948683
67230C3EB31BFEC35E8392BDCD017B94
065AF4F071B2587FCD7DEF840AD946A7
E373D78003A50AA06DA0AF4F355CE77B
C2EF32DBD45C93EE3AD3353DCAE5DCFF
5662FFB564068CFFF204E7666A53E3A8
881771C259CBCFA921E10DD85167E5CF
252B11E4AB5248AF61A776C6BB565678
DF22D0249E50FA2493BD6B2B8F3E4C31
D68470525982DD8C4D2EED723315B4B9
709822BCEDCAFDE61284DE71ADFAAEBD
EB9239177C0A71337A8FCCE6C8940A93
55FFC1F36580AF1659C9302745A22645
F786B98F9C2C18E265797E53B0E13AA3
04A721E515812E7F8FA9193EDA27D0C9
360BC8370D7B53FDF42710196D81FBD9
8E62963F89DEFCF567E17FA82E6F9A1E
466EEA44D4086F24C502B0211E7EF41B
2339C951DD5A5CCDC1BB93AB7F932F4C
E40F6D05180D99E22A6B98F34598CDCC
5E96F1853817C07BD3E71912F559D1E2
3526DEDEA574BFB8168B65862AB3F6E3
B0A88F10D32D682AE6C4BBEE08AE5D8B
8D5E23C2E6E89E48F3D239D0DDAF1A3C
E82BB29DBDEA53CEA46A629C79336B09
8AD335DE5B2577D055876A2517A18FF9
745E9A974DC6EAD199CA4B3A3FAF597E
DF0B334E9B80A4EFABAEDE64E8E58BAD
EE1071D6BF244F1ABDB02932B219D278
F29D7018C829EF40C67C0EAE9F7DED2E
4A5C0392B41422DC8143FA974DBCBCB8
1C82CDF8A7CFCBFE7572355205C17D2D
AED6166D3188F445134F2E8C040A6441
E9C346C05AB0E482FD5C4EE19FEA12DC
02B75131310D02B1A2100DE04919F3D8
8C0091DA3288839C220628AEC3BF4355
C872D72580210CB097D8C922191E35A9
C021007B97AFC85BC592F945D96CFB83
B8A199AB0FDEBABB10555164BA2E532A
598B16A0237C6C767BE145F8A93CB168
51CDAB5990D7A75F172B03EF5091C700
50D3A4023AE755E0FA7511B4986684A2
7FE030C26849499728E1C19580349E0A
75B12A132591E3BC3BA3E257CE20B2C0
040372C33DDE961900E42A5763A71F53
6C4878F23FFB29F6D6749D7B330D5B1C
E0CEF3633CC9305D6280849F512D17D6
F46F31DB077BB2DACEC219EBB41FF21F
55C1CE203D4861AD9F8E3823789FC52A
63A8036B818ED22CCA447B619E8A992D
0CC0612AAF7CEF6B49A2F8E989FA15DD
10ECCCE6F9B36F0E93C49FA3FA37A412
00F1E5799BAF4636E9BF2268F0E34A8A
12D8A2F1F43FF1158A8ACE95CA30E8E7
A970A1E6F2E05DBA676DA834AB77D9E0
BEE44A21FB89D50CD4E21FDDD2638608
F278C2C63380C87ABC523780DF21BE73
514D17FDDA332F7F31058E06193A8374
520947C47EFCC055728A39DFDC9639FB
B802DD8F89F80D038DAF13EFBE95FD25
EAA65CB2C7C8088E5D833DAE1833499B
92B3642F5FB604EFE4BF212C154D10FB
AD484A5668536853AC16F7C8EFB17430
0A2212B364EFE170929FD5A79C17482E
8FD47BC9936A3113EFE023E677C9A576
9EE13CA7F915E987BD87B3B0059B9DF7
41A0A29DCD9DAE63BE4D0C0AC7E06368
F01529B193EDDC56AFDA400839F2C47A
1B5AFD46E95DE616A479BB4CEB464312
326DB2428892ACE849D3957AAA5D2097
CE862976DAB7144BE3FE8596337133E0
DF1B7F8514007ECD4DFF0E89979AC443
E38D7A4455CEDF5509ADE9F0C66CD014
6A062C15971C0ED5943D279129040E6F
D4DC72D5EF62B14BE664505939AB8550
061FE6AAE934CD2E965B7A4E7D25CF90
CCB7DBAC44DD4F8FD4ECD2EE358F015C
B1AD2102C151A78952449C76BBF6B4DB
883463496284302AD3EA3F043654C951
E9DAABA1C44073F3BCA5840B40787B01
F27C0329018D4965A93423472CC9CAF4
8E4B5FA850AE4347A2E8C60D3FAC6792
5CF898B2E2D6A96FB9DEDA3651156D9E
4304A48641A293B268939FBD11A82C18
7A698E728062A74407BC80027E7AA711
2B9A43CE762353F048EAB14F24D3B40E
9B2D7F173A9698CFA83DEE778EAF6FA8
293C03A6A536A3E01BE5CBB1ACBC8002
ACA5711776B2275B54AFE489FFDF008F
954F74335B3E8F0846E59C17EF3D18A4
EC6021E5BC7767863C8AA38D505E56FF
36E85113DD9030FA40F53F2E2C3C651D
A24A33B46FE95A457DFF51ED8026C827
198DCDF0DE223040E3343D4CF4C5007B
1FCE15157B5FC2FCD18874A80B70225A
41378896C627204B98213B8B7B7F77E1
32094BEB29E2D661AE4A9FB728210E48
0F3381E1B38C718EE74F3C90AE489F98
33B1C8A92204FA00937ABBA6B1CD6C5B
1BFFA79752F11B60412D4641D0F203E2
6E98BF84577284ECD9722131E64EAD42
810899DCE900A57FD2D7581F9BECB078
A8C7006279742C586BA673EB4A42B434
64859A38EC106FB08F8030B9915C386B
4839B46E1FAAB7D4176E6F55916F7282
CD06E702619573E4199E0A60A0CAF0AB
1E860499852D50FC759C6EC0A2F99920
BF485DFE32B03431E83B966510E2630A
3FF674CB42EC045769DAF01F5100229E
F6AB1D1EEB30800F2D0343D8713E1237
C60FCE39CCA6A783E1957CB64FD28F8F
4B9592723B9D9C5A07EC5E172FBB787D
B0011A2502863FD9F052DD8317C493A8
36BC49199ED1C5D91A1320D0CF441CF2
223B65E51F014E55CCB99630EA7F1852
351CFAB273E63F50D4A69DFF5F9A0303
C7B312D2DE975A613D2A34A59B7A0D3E
28DD371349105F6A7B33D0A85388E534
5D799A7C9E709BA811430E314F071272
DC15F71A8DBA29ADD49FB4568EA2DDF6
7FFF1F9C0ABFF8F190E14C30BD74F97A
A289229DC18C457B709096A8CF432D04
59421A52FAF08DD86B4A1F2B69DB3E64
728DD157E2A8F0D7B5C02DC6F02FA73B
3B6AD1E27A39757949D3521746597EA2
054572CCDB1282782D11C11719B79824
67C01D839401F7106EA5D8629422C660
06BF824DBE96CE1900450E532ACCD8A0
607C444C5EE043E6BFF5C9932237D256
79901026FC0FEA52D70F3C805E11DA9A
41264F79FE21C05F4035416E6B37D25E
E5C8C8B0537815C3B32841CE1623EF49
0EC44854B5B2B535228AFF90612243A6
7BA1BA7855650205539920B0A3955339
6C03011FCBFDFB369F4EADFE1D5AD99D
D3D7602844F07EEC0761B26313ABC211
C4CA423E82761B1CC2C1E06CACE42D6C
2AA139DAE4C76B23FF85B42809028FB4
FF418EC70A48C5EAB12E4CC42E59F2AC
6C5FDC27FF0E8AB6D17BC136EA21B8EC
C04C3AC76CD5D999A79D6C562AAE1BDE
9A194F43D7C0F378E597E9E93EC9948C
E7E3C05B4069EA2226E3421716B354F4
FD906604654881F2CE1D93FDE517C5C2
422F9517CA5F82EA5DF7375CC437039F
6893FE973D440DE81BF8F41C293512C6
EEB6F9F2DAC5BDF37CF74F8C6640F985
F5A1B07EF264DBF22C7DAE5FF633F26A
97D1AF21CB6F456CB7C5B30E0066C47E
5E54F393D546E2F311985CEE696845DE
A1247AE1A0FC50382C0714B0CCC60460
2A1527334504FEFDF9FA0F324ECDB7F6
AEC0AF66A86E3C4894C71884C18EC369
4A97223B3CD6C983AE77DBACC2C4F0AC
D42B6FCA370CA342BDAA7230C70157C8
E90FD4BF6068C2B8E9A20DC58D28763D
B7A556A91598A4EE58A2833FF660E3B8
0EF21233A512F9218670C9C3DA18E552
052B58AEC9A3CF0F7165783CBB78A1ED
D1ADFB274759C38D0774FC2D410D0BE7
C6C7F06CC3FFB60B78A1393A045BBDF4
2BC2912A4F0FE8A12E86843BB24E514C
EAF1C3CE398685BDF6E5854CB1FD0881
04C6ADBA2287E1F69DF9B4DE4F5FB840
0D11FA7A9844B8213CC004F8C55D6A47
177C08A10F7509061B1D1C91E5CF5052
6E99748AB7CEFCDFDE1D91D89EB6CC7F
9BAFBB027E1AF596512C6AF54D9F9E48
0A18CD8CDA881B8D33D81A45DB6BC307
121EFF51EF9C8EF2C988D96734F1E0F7
1356A25260269678A6C9F32AE711E8E3
A960F4A288BDFA5128AB01A04DC55253
087142E7511BE0EA9F7845B3E7E377E4
8EB3D56FC838CCB50657970865E73F12
442FFA3495A0E0D97B7F14EF39145898
634B719FB02EBEFD3E40056EFBACA0D1
A33ABE170EAEA220CFA149AEFB48A6C4
ED07690ABAEEB90D76F4DC121EE468EF
6A6E8B2F563E72F46531DE4731BD1D00
DA3F196392F79D22FD904EF03483BC37
996E4E060BA67E7A85635BBF889A4AEE
4BCE9C73873E2CEA635952A1C3C4ACA6
F31EC134F6819C8C54785D1FEF3B440B
C80E118E3C7C4A5979CC9A21095A628E
319F8311647FC5516FCC273C9673FD59
1BAEE6E6595DFC16FE213056B3CC2845
FA147BE73BCA82858348C37DF6233BB9
DAD3F4335B8A8464E5C5F4AFF2C461C3
86D9593202644AAEE3D37DEE1DA41587
89CB8DE764341677CCD9A3D2910ACBDD
0A751F9FACEAEBAC4E1F515F4B24B389
358D7998F5BB70804F9BD19ECD42DB6F
043D17C4AD767BD781035A2A0C9D8EA2
B89FDA3FA5E677FE69BD08D0723F3228
001EB5B0BCEEFE60CE358282E1CDDE12
77B59E5B3D4B548AAC3E9B18D0C736BC
92C4EC57163F91BEC26953E4C3888F4E
6F95290310E63B2890DC4A3027B4D29B
E8D41F1F0C775203A29CB7E475FCE563
096B703BEDF7805ACBBB24B00FB0963D
84C7CC8022C848FA96B9029EB2D25422
20F402F9AAB1631FAC808DAE72071861
AFFE2E53B287B3BCBF1534EF8A9858E7
1F762871CD946BE44428A8C4E9604DC8
18F124C604F2AEF6B3DBE99DA0CF88A7
649D1DFE237A721A6BC982D188425D6C
C10966821C426E58790EBE557F2591E6
4632D4A2A2AEFCD4D6A76F5695405F54
97A497945B107E32854800DC67CA2BD5
45AC77D83AE607B4CABB39050BAC5174
05F18A0DC65537E4A133CCAED1A4FF5E
843B7FD1A8C1F395882C8BE95CBAA8CE
C45D80AEC7C4ABC44E441D1A800BA6FC
801D475E7930D04B9B09BD84301F9E4B
D59B7A217E91B20343A99C5B44404EB9
858CD94AEBC7B2682A8AFE67DD760886
90801B5B8FB82AB9F787E86FCC54B7C9
4F367B5ED8ED90EED1A39DB682DB9F17
FB1B41E8FCBA95A7E25F176485F894A2
5F144A3376546DC9CF9BF29D8B74C2D5
2CC0255F6DD5B38BD8F37D61F4363F6B
5BC2D54332DB17B6C4FC96A207EA6493
D108BBB60CCF82827922FED9EC551B8C
B25B956B01EC3F2B6B9F4B7233A27EEC
F4A12A2414BB0A795D92ED01DC2CE483
0618C1A4993B868B5658B5B74A72D587
BE762864C49F1DDCC3357DDF270631AE
B66E3A4B1396A9635D1CD3D46F1CA29A
092A680C3C057889F69A6C6C398F694F
C33857DAEDFC0136A93457E9A01A479F
CDD6DA47763698143E492C970FCA8806
6A6D8D153F98FA54765845AA287EAF34
5060211AF7686AF8538F0B0D83D12020
B2463A8E7A154C9484102B838BD03D27
B941E4A95DC6CE139F95C5BF85E5B7DB
21AD2BD303430477A1D58E1AAB323F63
10A9AC6B8829610A74D71F596173F991
C8B8AB301568E58C07A34D98BDD82C9B
B77144B457072D9951B655D6AFB5EC5B
6609A7616530F9FDA26F43E3F243F491
898FF7487562D43F007C7B5DE50AE3B1
9646C3949253A4B6DF0418497EF4A8AC
5D77E797593162E000F3AB6D9A7DB088
D35590E0E7E10B772B79B41E57FEAA9D
35B3F5FD96AE187F01F8C6ACBA1E4D12
43C06943EF88866492EE7970CF7BEC29
8E93681522C42717508B6241FCB5E195
455EF4D71DF8B46468A4392979675B71
90111A2C931F64FD0BFD5CD9BC756398
BE8A982A9BB1287DAED0D74BD8F8BB2F
7CEFB9339140F4DC509037E728D6DA4C
85EF141C935EE36A193BAAD22BA9E905
38E5ED8E93949C095D209AC6DE8C56FD
D081CD6DB15B356E1D8F2428A17B2B9B
956699D2A42594F9337B341D49EE0BBD
62B9D1504192756248C018BA662ABC59
AC82D02B09ABD2068CD4F8D71ABDE2D9
1978B21F113F6950BEAC1BBA5FD28788
FCC8D7DF3F715B78F24EDF3DC151343A
0B3DF646183DF7943574CBD75D286B2F
E7BFA4F2A97673E7C177C0474EB84990
FE468AC164DD3081F399DDBB6781CF8D
5FAE5F99815B10C78B77D1E56E51FB9D
C8CA0F99CE5CBF8C218EA886D894758D
27A91F19ED5C12EC263E09819E89EC1D
52A8B9EEB6831CD70C27E9873FCC56A1
7BC284D3EC76BF8D035EA9902B6D131B
FEC25600AA0512E17F08686D2525FFAD
C7A8999DF0C962F48FD902C6218A1578
D96952639D40FC853528A4088A6AB939
C9B679010E05E36B1F158C742B70ECDF
49ED946B0FE11ACFF3AE95FCFB32CDED
291099E678A2FBB3B029E9E487924190
336880CCAB4D298E6F30BE3A5B831C8E
64AC3021C8F475966FB7753E875FE609
3CF7C0891F1C3A30D722F899BB525285
5E7141BA119A4B8432D03D6FCB54F323
E8ED030118C5B8979B06BE9F48FC74E1
03CE62A65731432480DC91D794181AA3
DC437A7DFDCB8FD8772AD574E2AC6209
DC0E5ED7EF93F3435F90300FDD897C0D
F2E8D438D8C9B23382B14311EAB8D33F
A24D2A6B835CA42B90F4B25A5F1FC2B2
B257E490E5757791A62CCBF2D3E6550C
373F2AB6DA5AD9248248F91DDA1EBB58
0D3B5B9239DF0A66DFB0D80BE8F040C5
2688FBCB3477EE51E526CB9CE40EAD55
98ED3913C5563770297C7BCD74735E39
2BE88F48AF864C5AA7206F45C42130ED
D09A39EC2DDB8B6B608DDBD49D740562
A5491A422A5144D6511B8D67EB77F277
5BCC4453C9AE29C133E1DB75951E23BC
096CE1E58DCA6B14718561444C7EE37A
20925AD6FC7794B0B1E9668064BFE580
5832FE4F2BB29228488033405405B4A1
77AFE1BDB43CBC7DEF9D2C7B4E93A88B
38E2263F0040F0D7DEABDC41EB9764DE
91FCB92869C42DD72EB9F02332A13F6F
F9121FC8339E5422CA69611CE5A2F119
2AEC23B25A9A2E1C84BFB7FE5AE9541D
4B42441E8760F728D75BE8BFB1381B95
5D80AD2F70BDA2E647AA60FAA47C1904
EBF02FC27360BB8096133269797B9CE1
5CE1C9232801E9BD5AD49B95DCAD09FA
20645805140E4C9567E249A1CFEF9BC2
1068CE81AC2964AAF905915F2BEE2FB3
35CF7BF12BEC8C3CBE76C953D7999173
2773A2C020736B9A4F316B023F8A030E
6371E1FA5063DC93C09092DBEEDADEE9
AE32229FB1291BB3B56EB09C485BA192
C93302748C362F0137985E2C94E2F943
E542AF93F837E488D1F82B0A3AE2B3F8
3462854AA888A98B1E1EBB4ED47FBEE2
030261BC5FC6B365BA0CD8DCECE0632A
B776C11EA8E95654750C6E4C6E2FD9A1
FB8DD5A0AFA329B7B8341A74FB7BE708
0186048DA8EEE50D7B7BD0A9939E815C
70D9B56D60267A4342B8A443F502CCF6
0150DFA0965BE1B4EA4DEA1CBDD6D980
678C4114FB3F3F0A2F81D1E8F99E38BA
7CE4EF236B61725C6B70EEB6B78C9E8E
391078B8D02CDC8E20E58CA724256E00
C4AF046BD90BA59E7438F79CBC27A0DD
DD1F454D2C1AF5566BC0BFC4F70F27A1
CFFD538C9D9CEF685B6D7603742C812F
5E793687104E0B2B6B07C609233851AD
18288B7D361B02786E2FBE7C358E32D7
4F1BDD9CE8391F3E86B9CD3D4588567C
8EA520F8DDF5982819061B7B6BD56E90
C2305344A64A5A862A433B40621155BF
967413E1B4ECD0569D14CB125B671FD1
E8285674CC5A48D229AC3151D77A5602
7963DB2E6D7B08525C66A1451F5398BE
2AF63D40A7ABD4803DBEB14E51CA2578
B279417D587E6CF4CE9AC9BF0F127D81
3DE9A1A0D44BC61FFD223339A09DE072
1BC97DB417E8F89F6C100DB902FC7908
55A0449A4B0ACCDEC5F6F6D1B7990189
11F92976FF6F0F9504E41B34307EF79D
BF88F80C77039DF75683B2015CF3CC9A
225D2B9F9ABE2C9AFD29C34933389BC9
6D3563CB251E86BE9BB734380D9A60D5
F416BC4FFBB1A503541A7C3D19733824
D5627B0605E37CF3D76680A50906E6CF
50565F34E928A589E3E6DC9AF2927639
0331C4FD5615D04F571162BFBADEAFCB
97809CFC0000FAFA9B3055DB2CB647C3
9D45E76256A3FECC3F14C251D991F3C6
4805480CE73E1FC94809888BA8871FD4
EBAA353E8ABF989964F4110A4C368956
BE68647A089CD15FCAAF31490D5E1CBF
9FC91BF47EC7F042862BC1DC05282DC5
1243384311FB94975823CDCF04317A74
42BB6C6471908061A7EA2CB49389D827
A297D07D952E412E6A8609EE08AD92B0
7D6E1DEA2B3164303683C81D0B888F5E
994C069DB5003394E45256140279A6AE
7E6336668CF777C8DF9C6759813CCCA9
18CC5DE5F5C968072B683980407454F1
519BA99226F8742C5A8E72CA1D67B130
9C2292BF67004AD58493DCDA41B9A5B0
3A23B45C0D17B14D85B79CE400028840
B6DEBFD370153D0C4BC13B3AD425E2A8
5F129A1B14C04F57E8D00F99553D1A48
AC5EB677110C0592F5A0E9C9D92BC898
C7B87E2FB3E1D8C9829CC28DF4F4FEF6
335A220D12107000C34590128481BE23
A76EF6DB7B2B2749196DAB76A9704CC3
4B6D9B5508F1300260922A7A9D30861C
AED0234120D76DCAA01DBA8CEC56B330
B60AC482CAD49C57E80A6F9EC3B81026
60F23EEF695F0C893C30F912D59B57E5
360E5905F492478E52E395C44466E645
8CFCD3D8E452E6DBFDB927BB2E4E913B
189F1E74118BB99FEB40302F4C560DD3
38E267772D2205CF5525ADCE50F0C53B
B92407D75D084E7A73235619BF67CD6B
8B58B2810C371FEC44A63C891DB96C51
5B7799FED85B7DFC2B0B187A5E41713B
CF1DC429CE530CE6316D9E95CEFEC244
015BA8CCB549A1352A00FC88E0AA174E
2B10FA2EC417A1E3046478EA08370ACA
D8E19C36A60994CA9F46BC604CDC7638
8D118C854630398365E26F23A5A872B3
0FC0B182D12347213FFAB1FDF735D9DB
3BC39F117705834BD8CE1BC6BE45866F
46D9BC1201794CEC05EBE5BA36D280C8
135F32549ACF2BD093AF9127BD778157
A953EE9C7C772C5437862400DB3548EC
3AEDB5EB2B38EB72E93BF91CD8853DB5
980CD4F3B27EF7EF5EC4D0E992D65398
7EC7E32941BF81B4B965BBCC2B79A30C
8EBD87018C845B2D34DEFDADC1AD8FF3
9664492F95E0351FD6259BCAFD74AB02
9A1953E8C52229D5FF1419B83204208B
9DF24F9B3271734FD2C197FC492C82C4
7ED5538C1C3E5DB45A2CB5C96A2F2981
1D315F8DD1BDB48CB5F1024BA00263CD
331ADE0E749AD5B73C763D0D2004A56E
DDD848EE3A0EC63E86E1E5CED4113DA6
2ADA66C02DDCD71043C6209544240D30
81DD001C89DD9B2FF8856E9FE33C7181
104177F049AA1CFD690B179683F0BE0F
18FD6FCFA30EA19DE80240D25BEFBA6B
DBFFE1971EE23033A341FAD4424784D7
1875829FC6A7742A2DACC28CD44134B2
B00A2CA976F0A259FFCFDD3555265D12
127F3BAB7899C9A08BBCDA07E9F684C7
8C8A5B1D16ADA8899F0C0C7AE913FD64
B0A0E91DFF1F4ACDFDC6A663CC123959
1C70497E2DFE554C3FEB4483FEEF4827
75C69D946198239A7B6DA7337EAD6E23
D38DBC7B7BB0135CEEE534788D09391A
D6A2563A6D8B05727379F84D17F16B3C
36A00E9D0E6CBA3538903C2FAC8D7EF5
8C2DA3119DEE1B750AF3ACA39F746D78
3199ED14BCABD52D9F86B5668E2AF0D8
E3F0B69AE2D7E396570EC052C59DE882
74B4C967730351701ECB47093BB4ED32
1105BE35D78D624B49AFC36B3C127329
B1EE21E60DD8B6639C69D5F64C5CC87B
FF5238EB3EF6249E7028A308A5FC40E5
748C824D4EEC1ADEDAB1BB499B4F20EC
92B1B41CBC7C73B3E8355B387BA08F0F
FFD2A9A4E7E3022409909F0D6B07FCE4
04EFA11A63AEE71D880369483353B148
4442997C757A7409311E546556583AED
2CB9215F157871AAC3A372264DBDF248
822E7E244929439B00751F64132BDBEC
D9FC010A01516F7B05962FE9F98A90B9
368EA71E228C37BA3B8E57077AA4A17D
597B5AC67C18D4754DFF35262D664306
D750541443554001AC3E0F12613D5C34
7038715645807E854E0BEBADB5B4CA17
A9E25C67510B72F3249B5CF4B87E53DB
784BCC1883A744606A96D0A2217E0D78
FE5200CF5A9DC112E2A20E30748AD9DF
78195EB71B2845720E7B8F4C1E86F37E
DEE88DB60EF8884CA76F252EF1BE30EE
089FEFBB70ED2063D994A15D864B6885
326B420833A2CA4D5A338E26A719FE89
9EB731F116D4A6304851CBE1BB03D879
B75E177C780E69C5790F2B8FB3EA4207
D7C9431E11EB3E1F5BA8528833FA06E3
1DCF247B12DE32C3BDAA19762F23E34F
25EE216B9B771E23D2312747E190F51D
071A0F978291A71DA80FBDD57C160929
70E231C4E3EA084B01AC9B74E4B8A32F
04F1D58C8227D6E0438F9CBFF1498EB2
7DB1C42311157ECB53EE934506B22A96
23F47E4E45BB19757DE4D8B61292AC3A
3031DD6AD4115BD4D77B3F35B0EF0885
55F031248B44A922EB348F91CCF04838
E3EFE5BC6103CB6213ECD82E3004B7A1
302535202E6719C24A1119F5585CE1C3
E038C6C2952E79E275048F15EC337A35
CCE80C3364BE929BA52C0B8A9DDC881F
271AF189F4269EADD715E5DE593A4148
97268F880FCE3A39BA9D6AA91500AA1C
21D2EE1C4EC09C9DBF06FF1DEFB9678C
25CC16E9BB8BCCD2A44204811685E956
A94AE6A3B14028A318675967528181B7
DF65F9FA6DFBEDB02A743AAC80B937A2
5921021F9C52424CEF2A0C05DC51A560
1A69EA28015783C01668297E70F6DDB1
3B4BE288C2C524FF3184E7E8CDF30009
9130F714AD9C25312996330A79E63EFC
3744A493663AC46D71B1CF75C8C1EB44
A9145A41E9AA2F28AB99D091F7365B8B
019910397B2EEEE67427540F9183FB9B
9D235C0A443E5F999403EA10391CD7EA
BF15AE4F253344F1870B0839BD6FD6F9
12E15D2113233A2A08069E1959614C49
E14A7C18A5B80683FBFCD7FAA1DE2A1B
75EB11810FB32D1D075B260C9D5AA0A6
99DA28B07528A3837EB507C8F8BC407A
D1023F238AABEB4CEBDECDD695BDEAF5
D76AD87257F9DD7559988773D4D7D976
E3CEC402EB9292962E030C283084987D
F8F8E67DF0C04F6F90D9D92E01C37F8D
29C6A7E92F8425C5EBB46BA40F5A8D01
CF40BBA245CAD493A10C8BE297437FEC
6D072132ABEC854D5B722EB82DD490FF
70A70637369978D1DD44E27297CF01CF
9E2867807B9B28F0479EC47E12D89A0F
0E7AD461BB404E7B92D936D54A9EFEFE
B6FD2C4486CA9368D56703EA39A855AF
E09CE016C1F06A094DB5932FDA7E17C9
B0B56C63C35F8F3164641AA5A7310BA5
C10C473AF88D69C68665AD0F542D9E57
4CE0F09C898C118DFD8C59B7B7C7722D
B6723A2912DC5E34607DBD07FE5BE0E3
7434EADAC14B6BF3F6464B39BCAD09E5
55AA747C0F77616DCCFFD43D87776594
9D48615ECFE139CC38D6D09DEA0020CA
D30DD03568CB9AB84AF680CA0CD43C6C
4942118FFAE9334274B96BDA4240AF88
C1379C687C08060869460D3939EAF5A5
C629BCBA5D794BA688E7A5D454C50A58
6F0C214A3DBA7A244FF088F6502FAC05
62BB884ECC11F561AC6CC6BAE638E288
38DDC1FF5762C520568CFED8D71A54FD
15E8C2DBB3893A3A4EE688FA1AF66E3F
5BB554B44E21BDAABB1CDCB5FAD452D8
580E81D6B44BFA15F1BECF9CCBE76FE1
DB95569306D9343145AC5FA4885F7F21
46757CE5950D730F5B06E9F4F9DCB219
E8B630EA11553C705FAF9AA9F8775B67
C7AEA877A6463673D9E8BD8870A51EBF
CD4ABDF55A21040A9495535550A95BC6
191AA98ECCA6CD5D79848378C4D523A7
C78F54A57DB35A935D3CA2029C809F2A
26E738DDBBC3DD6CB7AF821A49611008
78509CCD4031B6A615878CAAFCD742D8
E9EA72DC9369235272846C938A9A9F32
6B238AF10F036AF2D3117D94401E01E0
8A40AA7A75EEF9D94A053CB0D87527B2
EF6D788CB877DE57FC15979CAB7EF60A
1829B8C99302A7AB7924323C289B4CEF
C01E39D41A2F5013E8274545494AA0E7
DD07D8713C2422CCA937493B46DCD8F1
8DFEEA24C55CAEC3735A3FC9C656736A
B88FFEE7C4071E76DAB531DD171B03B7
1FC7F88816DDDFA9C697F1DBF73BAEC6
8D9793F40D408476B24E8FA55E569D10
AFC1A55CC48E2386E99152F9B065178B
9A058B2D80B9E1B454E96C0952A46EA5
7D5C596DE39CB5DFD71D00B4D8398C10
AD5780FA816B3BB9C48CEDC61EA49C02
558D52C84E60B5C2F1796AF80071E027
89FF7FB7D68DAE28066DF498D920B59D
BAD8CD1B93BDAE8F5356DE16BBB19E5A
AA10265634FF5A0DB13162D8DDCACCFC
FC9724143B77EDE8D24B6D351B6524A7
CE7E66C8787F11103510B4401D2453CF
21C3801D421853D8ED40C6DE1FBACEBA
AABE445BF328E8683E8AD0DA285233F3
7E2E6018DDD3C4D4F1B5A8078D3752F8
AF0767772EFB7C0E9D835A8AE59381EF
6FF789C3AE6E1BF05C9F79B1D0C85AF6
D943E608117323142F10059EE558AE68
4B984ABDD30BCBE5A24336C8E1D92F75
CF734EAC70936D29AA60EB18AD8940FD
308FD19DADD2D4B4D6A87EBE771A5876
405279A90FEC7F02742574058066E751
1A11FAD1C8CE1E5ACC3E3F31180E2851
AC08035AC667F5146181632CF67986B9
3F0117B2320637B3FCD3A207349DF2F0
F0264EC8342EDC3FB3236312542A76DA
4EAAD23B564C54D19DA2EDF12626A898
BF4F76FE5CDE5E6AD7D9B6FF447BA693
F00C0B2762529953B9F56E4BC605331F
31DB3C48597A826E189F58F97E5202EB
4FCA2CF69FD791557A91A2DA96A5F453
B24B828E4D42F62A4E4F28762B8BBF2B
735354F764102A29CF96616AA537AB95
000B4CEE977A24C47113315CBB803C56
52BB62705030C2DE77EAFB52535FDBFF
7CD29B2BF7154F5DEB398CE22D854610
1F49B41EDD52971EFC65FE752230F177
48F17113ED822F31FDAA0E2754F3E523
AACD54E1F461F7B6E9715764C725BA85
A06B60E87C7885DEA89DB785241F28AD
9557F4BB604A5CC06561B49BB3F1C8ED
E415D2DAA5522C20D9036D85FBFB6889
9182B73A69DA0E05958B567FE700E8AA
206C2294F50C27EC7D070FD11E2D504A
C56FC20B5DA8CF449F60F28A9035F8A4
516F781A3BA982556F151E4186F3EAAA
FE9E77A535F6E16EA298A64A88DAF401
D129D38E9061CCD6E93EBE6CC38AF197
5B1C8FEEE51531FB05580A141347FAC1
689040056423F8F0B929EB2EA8B96370
0CA43BB0D676766F13E8AD1E7DEF3321
9C6CD3A23480214A122D0734E97E8876
1E9B8ECCDB8C2D6C5DD52704CD488EDA
B240028AA2FE2EB3ECAC4F8864D8851D
F95E751EEDACCA0B605B21AAACF930BD
FBE970FC2F7B0B1040EB1C6EB0D3B4E0
C1EFC9166CCF68ED4E430E8CE120E2AC
7BF4F6CE22167EF221199C9692A75355
D104DF19F680D158AE61E24C2E73A1AF
5E8684FD9E352FDE2904F372467CA7B4
F99325755E7B94F137CE06F2DACC94F6
485F01A97628AA9CDFCDCBA45EBAC9ED
04D9C0F204F6E92223053E16810A96D0
D06DD27701043A821D710988082521DB
F193BF7151F0AE3F24B0CEDC3A243CCB
3C9C5A830931B61D30A3F810E08AAF69
4CEEFCD7A2A337752BC2356172360614
96434EA22FB2AB0F2579859DEE91CD6B
67A0B730B1109238D11DD71B6BD7947C
40084536B3D6216F3248B5872837F726
AAC63E10BE5F00BAA611D2F7BB633253
36A6326E186303CD6318282A5422BA9C
CEC03E88AC700D054B20B68987A84973
FD2B7C8BD3C5728AC4A00B3CB02E7EFB
7163476E54CD72BD9221E07C47898E36
CA49C98561EA15F6A8108DCA66BBA9BE
4397D476D04928BE2F526241E39FCA98
F40B950E659A058A88961908287C5962
AEB83221D435DD3F9902CC6B32DEA4F3
48AB31F0416EA2C2336E00163D0EF8A3
5D3CC52187612684FD517C4D674A0928
7C7722B4ABC45C2BD5C9A6A99678A18D
91AD789AD1E733BAC63A5AC1B17E8AF3
56FCDEA1F814D1F501E680F06BAA9E34
466F77AB0CCF1C42CC4B5D670BE48E38
1C73845A76E6EAD39223D52307E700F4
06AD92F18EDB7915F4FBCBB6E74B6FDE
E5E0DE9FDCD8004C6D844762DCD5DA56
82C73CC0E8DBF83C0342A91EBEBBC1AF
3D0DAA32D3AB74D6160AA2EBE641BC93
F86CC4DDFEF7B0E5D508F7E292FE7BA8
9008A653B77EC2A89F367133CB3F754D
9E559C85EFC0B3A73E69D4617EE126F8
40A7618592CA2FC7E8B50A00A9FCF689
AF4BB146A7BB2F719366E5583B82A8AB
D56E003E93E53473D0A7423588846D87
BF143C961B906D59882466923B808050
2625032EACB186C05DFC7A49C3ACA9F6
FB87DBB55DC9BE177D41C40F33D82D91
4855A40BE920E4DC6009C307FF8CAEB8
A4D46A3DC1D8B6C650156C1C46A99B1D
80896F940F968AAC4AF0158F2A581817
0123F47E8D08BC75F828D3680E5A8651
6E90DF680729A525E3CBD7603BCAC586
683A21CE0C22713394CAAD7F77722491
D9E61668ED0093C671E89519189EAF89
50208B093FB7B67A84B3D8BDAC8842E4
E17794D75E25C0B5C6CF4B199DDA983A
3C039A5F395836AEEE9428C80CC31C29
995D09D65381311629BF8302EE9393B5
BA0D47EDEB395E6E7FE98B4D1B583B28
2550950CE42CA54306F85EAC2A7A4028
E8E716B78CCA5A7350214BF4AFC54BB0
EB43F160028BE517F0E54BFC3ED0C83F
9ED6AC5D720652BF7D1E5C6D7D37BCEC
71215E6E626A12FFB0EF2309D36E7A8F
E568CD5E9D44FCFFE8F0D6D76DC93AE3
D1308BBFAF4BB479BD8017E26D2EAE45
B8B4D81565E688CBC44824CDEB858732
80E3E50EDA9FC2C8523158A64B10DAC4
12A1904D120EB9E9368E08356E7C2A41
FC61C0DD190E0EF92B8B8E435AF9DFE3
BA37AD08EA0F3716963C1FB2E3244EF5
4CD7B1B7F27433B06EB43CF42A2F0096
EE736F065744544F7165724017217D7F
B3E2E6800EBEF9002E4DAE33E92F5E56
6A30FF837B46BDF7E8E95C942362F8B1
D4AA6BCB8A92DCFC8F7B858C6F82550F
D006A5339FE2D66BF2073B928662F247
6C8AF6D3FDEC59459D7DCF0166688201
844EB82F2CE42610268D9E69DE67CEB5
ADB81D2775A355F53917D39254DEE877
FC9F81CC70C5CABA92510D339B1579C4
739B56247047C5A4C0C2B13B64DA53D5
D3AD1AE8F385577125540C76F257A5DF
19079E7A31693773BF5535146AE88064
C1FA8C84C6538AC75A486074EDD00700
38CED7296FF31FC4E8260FF33F2F0838
B24D0E535AB2865B2C9719C3188C3C66
70E68AA7417F92BE3E7C6B79B3E0C26D
2E784C7A2C75962E1A618805BFB44F5B
5BF69816B0B09066230C42D309DFE968
26459C10334EF66D13E57A24FCF2D572
9FD0C5AA2F6A8029B10653EC1D90EB7D
77110A18CE550D9DCB7B6C3F4E5D7124
9EAD1BA77DD2A562658B673C45EAE4A1
AEE884E7D81EBFB3DAFA16848FDB0F9D
459BF06D27669EC978B14E06FEA6644B
CB326EBB791CC0AD1350DD5AA57E84D0
EB63B1AD4E679A8D4A2A9E28035B094D
AF1F768146B008B1BA69953809FB356F
01D78DFA31D9E7EEB17EAF797ED56724
79B9243B91776883E19D39D8E3F78F43
32E5FC68898538BE4BF9E632F3753AC7
8BF0049B3956E7A62F6E4F8702B84DEF
4457891B84CDF53A0587D5A6A12FD977
8F1BFCA92CA5842FAE5E4A328F673F51
76DCAFF53EEF0DB787E662B53541FEB4
12D4BDC3BAE80D5DA009D349CC5E286F
3B428ED5CE7BD6932AA0065EDC72E3FF
C443B00558DCCDA874D709647E8FAD58
7AB712A0FB3028F97A75608CBFBD5405
63FA975F2FD12268436DDFD367A4B71A
8592A75BD422D4C8EEA4E3022011B0A9
664196C1A748437637104684C3E862D6
1848DF4DB225CFC1909E6867748A6F38
64C30227BA23ED21DA7D87771F0E1B57
9212B86BCEE571D0BBF59246D0991496
AF9B11413439311879C26EC7F3E8DC93
78A56646F030F0CE0E0AF29DDFDD1C31
DA152802FDD014BE70B30F5358641BF2
ECF922FDCAC7F2F14A37663DF72E0459
0C8DC0BA198DACD43BD8E572891F2791
E549EBB177409213AFDEF3E130540DD9
17E30D08518453FD934158AB41AE6189
2F7E506171266B09B8653B66E5C12A35
406CC200EFE964A653B4319B6B40E25B
4EDE51B49B3FDE186C19DC12EC3F27A8
9790A016C297EA3A32CE33F8C385BAD2
96EA36F7BCA62EA0618C540C33B9B658
20E552BF0646DCB393C169E7A0BA538A
134A02289F0D2B8F6A8821827C811573
FF44FFD7ED6BFDB99B485F1F2E298D63
688D055917B1626EACF84FBFD18DDAA7
6F9C064FEA855C98540B3B9E94577BA3
2A144F580BCF60B96EF009E915152331
CAB64C6C02B14DA3A8C5EFCA16435E82
AB04A5DDA04AA754D7F323394BFF0C01
46A4923CAF14471453A762DCC8788A90
D1AC0E9F26EA9B90048E0705B6C5AD08
74F5E539F37638BCE7A833FCE90E97D9
99F96CFDDA8C632DF48D115A51813C34
A034B7D90C4B5940CB0D269A68554161
D87D535FF864C61A7A8F3088DA11F4FD
E7594ADD2081371006E38D5D8CAD3924
164CF0CA399B56F6C33B9ED29C510D19
988F57259AAE8A56651389370B7D3D7C
0AFF450987FFE8DF7519441886912CBB
C0D09E482BEBAA7790C965433958F4BD
0943A6A862F9D95D75A2DA28883C27E0
9676D97D3447656D77A793BEECDAD13C
63D8683E9CE6AD336AEE83004C223F5D
F27EF6D65E7F2DD8A464F1CEF74969C7
99A1031B0A817925DB7124E62CFAB49C
AC83148080AE55F55DA2D50BD52A2A1B
07D94B3D71C1906DE0911D924B8C9C18
DD63368C889B7068EFF6A787ED6CE0DF
A1AA07CA74A70691B4B03932406C2BAF
3BD0EC4D41997E40EBA3D49673B5C759
9FFB1C2D3FA9383FF9E37F67E1FABC58
7116D90866E6401CE8764424BBBDE23F
227AE3AB23A0EB77BFBCF64F6EE69D14
192D14419CFCA894969572F82EC620C2
8F49AAEB0152CB7820A87933605CA1E7
114CF527A8FE0081901FB2AFE031D591
C0320557A899A8AC5E791322D958D0BF
9A3E797E96068425927527CF9F4A77F3
70DF7C02FDD5B14F7344DB45453A7DEF
F4BFA11B295546670D077FDD58AA9494
3BA88766D514718FF03A2D465154A875
F41551F535C15252588F4264CA483BC4
622ED951688AE931EE6EB281FD9FCC02
F320BD3FD0EE02E6A3496690FE9624F7
D3A098078306882403AF77DB9E426BF8
7A3D8178369005E5FCCB670B80E3A958
6A0830D71AF6E4F46963F05ED5D3763F
BBB3DD74903FE0B5040A6FF002E58D5E
3558D33F565B1CD8947B82597D5EBAE1
4D730A101C38EB29D6E5B43A5FDD01C3
8E627B408B9D1EBDCE16273537DE61ED
7BBE94C62AC5574BB981456876E60D0F
1FF7AB04138E98D9B2679ECF468DA3D6
FDC2B137840C666C9455CB2B0689BFF5
8887F7A30AA5C2994650964C69EA42A6
E6083E7D009539D9E5419A776B840F15
FF6E7CD18EF93CCDE0D186BBB3418336
1D902D3FDE2F7D12EE887D49C8EC0006
950AB2FA349A7C0176D562B97700E85F
61DA3B5E14B1B490332C1B7681D6807E
832B9D71EA1D03037A2D88090443BF67
18A0229C180B6808195C3A60E2ED6F97
63782746F14B9613610D09123E893461
46ABBD12959126086DD7469375FD92D5
3E9C93468D0E5F3A02E2FDD9D1AD84F3
B4D6BC6521FAF538FD7B821BB818D8E9
BD4FE6B4E4DBEF9D6E8C691AD410F7C8
9841F7594227E6233828610C37F9F460
3E6EC9A799F23B59E0856935DCE23223
7A3B61D05071AAF7D1F629132418AC77
82A0FC7837BEBEDDE4996BAED92E8B74
0DC7DAB253489605C1B992943D602CEB
777D97C9485A5FB0F9E7E6C99076653A
91C115468D7048F42CD3D1A3D795AA00
DB7B6227A9D2C4AD3287F933CF28DCFE
1FFE2C52ADE11BDB8A498A7A1995203D
31B994409D5B314E90A5536D25EAAA30
15938DBC3A35B56B2036CC103A3D5C69
E0166B057877E6FA09779E62660AB945
757FB18F52D6DA6F8EBFB2284B4E081F
0AEE4C93F3C1DDC177F39DA18A69D66B
63EF8748682C29C07A252F162D792A9A
B84657D53C5BB06E916E6B11842CB243
FCC690FE336CBE1F81E1950CE92C99E4
6A78386EBA56561696B0874C174D02EE
1A3F5A324D79B0DC269C617CD1BB5D48
307D790EA91CF02271DBE2BC33CD22C6
2DA3B80D12803F70E7549E844BD74162
920F4D73CF55EABF542BB1241B3EEEFF
33A7A2DD34C9F642B5BA2D9C06D9A3D9
B83BEBA93FEC9CE6807D95ED79A3EDD4
FDB0FE6C1439EED9FB24E76E274C7CEB
957D5291071AA4CEF3337929BA3F4871
D0FBB8598026A75C7F80EE702818349A
A480712855E7DEBECF66AA88FB61CD02
0F5FDDB12EC422EDEE924234864A1955
8EA45DC7827F8B66AA8CEED06A661FF8
33EA5AE6072E9CFCE631E5934BC22710
79F221120C0819A08DCDC1CE1E9D64D9
17B2EA0186CF1D79D76E406E2CD72EA2
28476ADDEDBCAF96BF61FDEB1354B823
392C7C0B91248F65E00BFB6AD76CB86B
10D80EBFA92B3AE12705449D6E9C1E05
9699B4805749762648AADC270D5B5DEE
29E7B696DB422528CDAB28EFD6FA72A1
7CE801D7A006BDC45F83ACCC2F511C71
336AAC0DFD5CF8D0CEAB120AA82E075E
A6A9E09C081C5FA294F1ED1DD18F5066
1083328DE283B3B3C3420286A1FB7ADB
68B169449C9C928EBD92DD2795968720
4ABDD937683F468D98A8A1CD52D7CFEE
FAC845FC916227EA28E06B4DEF41D5BC
147E97C3DE077E5517FFE7AD5B2F10B4
68ABB91F2A73FEE4CEEC3FC92334CBE2
A4B791A45F39363C3BAE6778BB29CF0D
B31EE682324DF4D3B841F1BFB683869F
A43FA054150739257AB552A1F5158033
623A5C43F0302C05D99EF00C98FCF3F5
9596456651D4B23BBAE5902015077F61
B0725753F66A562D3F7D6111F5B6CBC7
B2938BA01788E757A99E57E6A334BD8D
3461998EED85F90D75A0109B061BC3CF
8AD8457347D295C4352853C959E77979
873E5C628CB5C595B41F2B8E688E29D2
EE1181F8B727954AD2AA4D5AEB912734
D28B1A10573870B377268EC292DBB057
B329939E9882F29A0240502A5D0967C8
765B94B71BB6A3EC0C23B6C20D7FB224
1EC65FDE1D6BC06E35057B1E423977B4
3C5813BBA22429D2C1F577978BFC73DC
78E6530CC2E62510EBD88E97CBCC11CB
32777BE3CDE11CF7EB9126D0C9AB5E2C
C87315C3F7906E43DF1DE2C237A47F60
0BC681BC09EE7750D04AC1D22E9214C0
94A2B947BD61EDFCF0E877C63D6944CA
36A25225D10B33EF493CE631E5841752
19808C9E24AEA0E6F4950DEFCF5D06F6
6CAE2341637A95349699D0A7B015D503
CEF5E262398EB43480CF2E6BC01E2734
904B3EC16884E4C285D8C022AA75C4A3
DA7648EA0194F5D4B006DCE75249B15F
CCA4E59C88997837428834022DA5C6DD
7D5C0B7ADD07F6191B9AB6D32D788228
4A1BF4387F53F83BD93A48E462AD6FEE
D9C350F21CC90B80843B7A923D11C140
7F875896C62B9862D4453454D2244C1C
D4A52D8458576656C6DBDCE2D0BEEFAC
3987A0F4E11EC064FF2CAE32A021D6B0
B4F366E3CD0B69AAF0B40F8D3823BA60
9B752EEE818D3F10AC5EF0975F7A5205
427C42E4A2C7241DF182BEDD366A03C6
1C89B073EF6663CA9E1CDD89F8E6F3A4
1841ACDB1215A75A8C957777D53028A0
A06041E9ACF4398F6C53AB8AF0524D6B
9C53B840F071AA2E60BCC20EC5862779
42C350D9E7297F127E85D9D9AA2FF7E4
4BD7CB150A5CCCF997DD69B5EE6A64B3
48B4783B66A0D9452D65DBA3BC9E65EB
57CEC467F4A2390160A7CACC3D4077A2
A4A1F6873662E891E6C5CC8D688F970C
FE83A2201B5F57F07D0B7212B1E66420
F22EDF0755D1E56F775FDABC8151B17C
A5084B1573DD2788ADB1DE845F7C1ED1
74A3647B4BBFB18F5DDDDD9DCB3A28B2
28FACCC5B7E2584692745F66C138B4A2
DC342A52C185869BA73235BD5AC282E0
3FB60129BE01BD749F10191456537119
9B55A2EA4140490A7BDCB6E814286491
6C9D72337F442E385A4B9DFEA771AC42
1745A4488E03AD33C771965A341A19F5
E825CB8B7AECC56678EBCB373D8AA64B
06E5A70D23A0C97FA0744A0DF10211F6
E1F91A8DF629275F17B442B30F46D1A7
ED5B748741F4D72D5D57485909494085
FB3002B5FBAB87DA72F32A8529E2120E
B606D1B3DBFEE3D2B8B5040E04ABFF0A
1CAE651510CB1CDC45E9DB1D795E2E50
9E076D54F795E4782FE73A728952F960
FC9072220E7263F5111FB2A88D6083A9
56830957525A278A4E4B91C9A62B18D0
36AB7CDB39EBC3976A695483A65447B5
D1C994674668260EA5A3F9BFFFE7FD9B
1434BCBE06395D8BF7BC1F6D9447AC80
8EC76D3D7DE8772EB5557482B0FC8295
70806EAA3C948D80E9982E49054BCB06
BB0D7414D07CC52AE0CC436F66A544A6
A42859CD448727073837FA9D4DCBD2B1
724BC81DDD6D842A1D09D1DCB7B6749E
E5EB02F4D88DEB093F80D9658EE8D539
BE1D899CF35217E534A566383D50ED22
8164191931338793DA4BE191479D4276
F67C283EC7459D1824D76E5D6D3B1D9C
510A825E0A8E24ADF93A874DEE548AB5
A4EF40695569F862092CCACF8E2B93F4
3A435F22741AA83DB75371EA7125B226
AF51E724D15B8572C61414CEC9A35FA1
640FBC0B0AC0FF089E97DD04E11C85B6
D874DA6E65FD6C6CA8A0AC47EAB992EB
381802D847A3BF47DAB4FB2B7CBE4784
0BBF87FF292FEB54AFAE7577DC5C1FE5
0EBB2DEE9D319FB3FE0DDB990E1D7B42
DA971ED44F9EE14737F6FB6C017EB806
41DC4D25240B9C12A8D3DA687DF428EF
C2A6578FFE1BBB49B5115CE173DBA2FC
E2514B239C6421BDA9582FA4217E1772
0BA02256339AF9C14FDF1DB99B1F9B05
D27B23B62B3AB2759FF52B71D85C6808
9469CDBDC21EA3E86C62E9822A8BEA6E
72E4CF4FD3D2CF6C60ED4F974D06C1A8
ABDB3DCB76B153B8E2951D9240517C98
B904575422A0B3D331AF92ACFC4E91F3
2F8219200699D3EAAEC4DF4A2B374CD1
A9C2CB7BEF23A0A7A50F5F8ECFAA02B3
2A11ECFA09371DEB29E7C176220B309E
EFB4566451D880A529D874E5FA99C260
3602336C8E6DB3A5CD5450082F4D611D
9111C5999FAAFBADFCF37D175F21F330
9FD8F1B7B5A42ADB06F94C4F51B1EB9E
EE92E8EFBE12442110C5A0203B3AF4D7
A49980C5A13B3EE0C8F6B08F4438CB1E
433BE18EEC2991AD541BFC54AC8DD107
D5E51578827B16741A6BDB96AF96A331
D79B3144D9C9ACAFF956700756B3FC2B
D61A38D986DF17220481595D0A91F9E9
D08F275F973863E7C9854202EE09E148
5F784B6E28C0868ED75570EB2A617CC2
E0B5BBFDEE91694B47BB8FD395909C94
E9E783A2783A6D9AA1863349AA1D6969
0D64CFAF123A76A2A82D5E26A5EC5D85
181B1753E3B4888CAB78794F105685C8
779E3CF53B9B20A86C34566890FB339D
98F2C9025596C3D04FA24F178B2BB5BB
B91793A1B230849371CB47DA2D6B8AE5
7C2392880B8F90AED0CAA0173CA25CA1
20F46697C8EFA090D8C9E9DBC1D09DF7
E3D203337E84E9B8C72060B430C5CC6D
211F629FF2A6B8AA453F21D798AB98A2
2FB7B357946094C841CBC2FAE825A46D
24E684995685DA4B6C0E37BADD818FE9
152C25AE6467FB9EC8FC86D0D8E25717
51F84464E058D97C6BE3E5115D9F8FF1
F280F908F528200273AE41A2941D42D1
CE7A80873961ADB49D8E489B2040A89B
90C437B1884AD3A9D8710246C6F76A17
A4CECEC862DEADAEAA27C555FCF1596A
C282A8C480F4B9447A57FFD0B3F32105
F7ADC4B4AF2874AAFDCAAFA33BB25419
389C82D8D050240D83B66FF68FE0CC24
698849F1245E978B0D135BAC936E48E3
D284F69648C9AAF1AD323860D48AB89E
F322A4C1AD968457D838D69161491D01
2B915A7BD502594D130BA40086AA6B5E
FFA0CBC04C01860293F68EE1AD9D39D0
19CAFCA9D56193C26910E2F7FDC9C55F
D45C3B64DCEC0ED4EDC0554185C43D5A
CF851894EBD1F6D325A9DEC308D062BE
731C87291EB7B8B5C7B64C68DC596313
A5E1FF8F4E93F72944D5AD7A25673D3F
FE4AC7CB6DC0FAACF2344DEF8E313BFE
B25D602D56DEA277045E93E2ADA54833
7A357FD2BF6AF79CC564D7BCAA723C69
2C6C181EE0424F1FAFE5A6503C58A220
07405BDE2231672AEF7A1A393D934D56
061D15D7E3851E27D17CB0F39DE3AE4D
737B27E50B1FA928164D8330E7460E50
0390C78CD7934AF31691D2DE3496D65A
F617EEB02925CFA0DC1A802E8193B6B9
63B7B9191DE7A81EA2C8E151991BC884
84CF3DD99AE92DB6B55DC2F124D695A7
841D46777DDFAEB4C5B96E2A10F1F0BF
DB1AEA5F9A490751E5E306103540EB30
0C09D03DE68701A340C0F092F70BE702
D9079238583E1508C261198F663697F7
1206C24C87CADADD3C12A3C3A0A01B82
54B50089C9EFF7AD90EEA2C0A780AB2F
1E0261B4332C9F742750A7B022C05BDD
58CE264F2EA5522622185E6D5BB38642
1BD0046B63A82BFB4B1B3E1B85D28E9C
652813E831989E5722AB758A3547CCCB
CACEDF0816B952D7D0E0506778A6E88E
B8F80439AF4B73D4D1FF9ECD10A078C8
A7E566F161A045884FEBAA7C54B3066C
39D07BE4E733AE4275D752BAC3D3E1FD
5B7FC77EAD042D77027C0C954EB256F0
F91581469DF3AF5749DD1DA1F5AFBDC6
4BA6C66E78504B847C18BBE2CC1465C3
9CC6E4299BA2BBD86719006CB29CE72A
DFAA7E95B08B6B7588B5660D5AA7D07C
0B7BA62C62453D6CF861FDA03756CD3F
8B4C61E02DA152B519A730D14984823C
8542E16126DB19E706533FFD348F2CF8
D5CE446B99339B0D16186C0BC1911399
2FA7DA53D3469A9B31D9B556B1092239
73723F0A46314FE3BAC4698B2531264F
49D88BFE0F335F41163B1B80C0318602
5F39BBCE8EE1E1402AF2553825306097
37C3A4291E6E7DAC2B0CC29B668E0236
2AED471E8CBAC90515DC9E2E3FD8316B
DDC144E08491FFB4EED995D7F82289B9
5DBA9875BB59EF3EDBC4E2E3682E42A8
ECBCE728D8248527A2680DA50DD52D3D
11EC1CC60D06C5304262C946F858DED4
329868C4124A03014FA9C4AE75556F37
1C8403A4623A85DE7CA25082D5432634
A5D37E12DACA1494E34E3E17B44C68C4
C55841EDCE870340B6DB22A6A379528A
B18D6250CA3CB24C1BB626AB204BB40E
04347898F33708EC19B658B702157FE8
38432601F7CC8885DE64B92346E63E5A
75763299B8D5260DD7C37040A5DCB0DB
A7AF0E2E3B22FCB0FB385C6AD1524BBF
CE3359100790DD6DECF4D87B9ECBED5C
139A3CC93D2E5F2023F7D8BACF215D3C
7F4BE67D86AA557C39D6AFB77500AC1E
A24182511765BF44149335B665E0C274
814767B260A50A612F96CDAFFFF3D848
E3409DF84473DEF4A4AEC4829994F35D
A4185130CCF25E71D0C92C167E35214C
F5EB8AE5A47F67F3BCAAB283A891B8E6
64EB32F76C4855E44CC79C899992348F
5A5F4F87A8311C70AC425CE5E9C0861B
660ABCFCF1B07BDB5E828A4F7008D443
E9E9A699421411CD131F6BFD4CCC287D
524E30570FB52205AC052EE5DC61C32E
14026B9FC52ED40CE5B7DAAEF46DEE11
50A3BD9057DF370A8EC9102E8FE41B13
B24A19FCB33F7625BFDED0D2C57FBF9D
34207EE670CF0DF51AC5E87F2B967681
0CA17F939D50326D8BCF33A3EBA4588B
0B2B231485FCC76505EB68497AD87867
FB8C391EF0CA9A434427BA2EF271FE4A
5E79F918EA7DE0DBBE2408DD5800D7C2
FC1E96A80B358B9E8DD45DE43A347EEC
24D51E8802B87F801FCA837601273AFB
5FDCFC1FC8B11D43E144823B5EFF4BBF
576DBD76D5513EA8E8431D8B5E6EAEEC
51BCAC03DB9AC41FF431A40CD2745ED9
EA93563E7C9D19F116307E3DC7F20731
295194C8774B9B46F3BE9EE035364541
E20240940CA26C5ACD2A3D30861F5399
761818F6C1143B99A3D2D12033179BF7
79B2B2900467CBFB7C086CD3EF99997D
3463DBF5E9F95D6B350C5D8144B5905E
140E98D483780BE1294B4C89A17D244B
7CF2F3A1DDE5F34BBA68233013BE6A3C
2017186CDA3D043D85EBB74609268781
4B16F3F611C1CD59219C9BDE8369A379
DD0C0D244BDDE7926784C3F9061AFC3C
6D5D9B245316A261E0DB940327B7E463
271BED627FDE96839EEE4862E75C9A68
D2EE813169952D980519C9051C881CC1
095342C7A7DC21AE7CDAF012D3396783
BF3C6B64E732834CF3D31E0E1CC4B628
E49D8754A5F6DFA5D63C33A1BE2380F5
50BEDA39EAFC2E3374CA1833C8FBB985
4862F8A749AEA4CABD8B3C689211AFC5
DF8391081221742ED8EE9D9C99E1F77D
2B574A7B39FAD232BE1EC792A2079BDD
D11FDECC6288E3E1A7B142FDB06FDCC2
3E85206570291B766282374337539E27
1CD12DF794DF3AC3DC1A2195B7EB2D2A
4D09F805CD98D8944CB0703EDA70F8D5
90B50E7978E68E1BFF607BBBAC639359
ADDF8CC9E702048E3AD595AEEC208B14
3F78C9714413D7C990690DB0BE18FDA9
EC65D44FFF10BC0311966606D48917D3
95BCC53CF566F46A6BF8D3199106AC59
391A0E8CCBFBA8347CE98FF601B6D296
9D6A21881C37251BB2CB9E1BC4A91B83
3F131AD58D2F2C0744DC384E265BF828
A423E290764ECCDB6EE16B547FC59DF1
84BED1D64764E9543B8F353AFC1DE4C0
77A21A79B3422585E7BA8905025DB2F8
0E1A5D4A1B7C5BA8A2C6E9B854196DAE
8460BD4F71B239A90E19D93ED8474DDF
5B179B18933C641F86CA692CA446CFBB
9B9AD9FCAF03A7CA2EA2076338F2BC16
F436BEE503CDCE90E930BC36266BA22C
C22655E6763C57A990D111A2F8683C6A
C11E58E99279B32834853F11E2D66B91
67DA0EAE83092F0BE9AB15388751C5D3
0740E68CEA459209010DEA7F0EAE23C3
DBB4E40435737D38C8B437D30C9CBC14
1C72C3052986CD04EF6DCD5C04076A08
70F0B52687044662AB2BA0C7CD1BCC60
C8B20AAFF07D4B11B0CC5CE0A615986B
ABAA1AA0F60C42252B7E3876124C6145
FFC31373FEA7C4D154373BAA1EE472B2
B06AE7F9819E8414AA2C63B4AC4EE58A
E0904AC7F2CE7EAEA99336559E666866
8D1FD2DB8A94ECBD15BE876AFB97BE71
D305378EF6A930750E1B579A8CF2C5C0
AB0823634A8FCE5FE3E88952B1B9098B
C9BCDC4D88E57CE87D5931162228192E
623116366BA646D079207D60CCE9E216
84B1B74B13AA281E2394E7FFF5C84C63
EE65B667362C2833685ECF162FC04A13
94D2DF26FB9D9188F46F6DBBADDA9E42
1E2D44DB57AD023F8136F415BA9B7D49
15C34798C8F9C6899B446CEBCC9AA882
C77346A9A79BDC8B4FA5CFE7EA2006A6
1CFCE2F1F9840BF9A03CAFC70F71EC47
AFC91C54191C9926AB1A0EE69201F3AD
7A5F7AD6574747D82EA0DFABF96DA0B4
FF741BECFF5BD06EF8B236592FA7D740
428B46729782F5E9BD0CCCE7597987B4
8F2FCA125B881A314FDF42E3091679A6
4B5C2162529299033813DA7A203EA483
6CD6E5380E01CBFAC976DAFC508FFBF8
BB1C63048E45B9CAB42035333A1AB723
021F5B1F6AB19DE73B64C27F08E2AD3B
55E94E3A296133DFBC87C95C1066E367
C92D564D686A83A6BDC10BDA7E4A7826
DD320A34A056A63F6164D408415DFA41
82E75CADD7EB68B95F3AE252BD6375B5
A47C8ABFBACF23807ADBD600F43853D7
910B5A963E25B963F0D41FC63DBEEFCD
D35A17C9D06C41323A3ED50705C86690
C69C57D662EF6EE3B3821C86EE5CD978
FD0F3BA0EBFCE23D7D94BB611B1A00BD
ACC0F906DD5185A98D596417E0642EF2
98174E6F1D6300DC5B4073C12D4B16DB
FD81D94146FEEDE61B5280FA3B1B548B
72D4F55DE378BBF870FA9A8865A7A967
00B2754A8072FEF02ECB9A49747BFFB8
E6230D5D691EDCECB1E4AE0736BE2A99
A1724311EDDBE4D62E45498141BFD4D7
FF91EBFB9C63C8E63EBDBFF545A55DA4
26CC834523389984FF881592D491CD7F
0A657E1838D9D88316FFC0E36AE0CDB0
6D0CA812DD9660DEE70A905C0257D3CD
36CF1159A81C662CC4EB95275E5D2DC5
24172FBE62A96B651E7B71FBB7FD9E86
182E5A925DD3C067011B0E03CFD0A483
FB35433F260741C6884926011ED84703
19595033C358840B42BCB098146BB5BB
AEF29C1809C29BDCBD13FCB9E78E9A95
E745D8AA1B4D4C908BDB2851B88EC3CA
07A210115D8FC037C1DD476DBA90E5C6
FBDE55FD652E5A8B649A28A53A6388EC
631D104F3FBFCBA7473C186A8597557E
207F6EBF2925225CECF51F879E719ECE
4624E889BEC57157F079DF046CAFE734
015DDE2D9FF50B17ED1532537A0CB344
F9E80CBB4D1F4C0B8BB1CBB79478CB8C
C4579CDB9A91763CDC383872A49D8B00
FE7D8D2F03AAEF08658CF47BD4C872F2
6351CCDA075EFC3D213F13EC163A6F01
60DFE9B8B46D01A0E2E0F964B051A0AB
1552E286C4072F7B7C8A11947B68B2F7
9F86ACB17AC94C9193043605FE84629F
424757823DC6B73C5DFBC7CA0946EA72
C0A61D73E6768F59EBBEF920B1D28F16
3272F1D03D41EC87009BE7C0CE0EA288
9F720D6E89ECE4B8731D84F03C67E901
69F62AE0AEF40CC66EF45A3B21660E6D
3F3E80F86B3B8DEF4DCE2FB4B9AF213E
1DC7699F4CF0AAAB070F8B57F1F8A7C5
2C57759AA02D6901177B912EAFC8DE64
1046A0BBB4441274675E6DC0E81DC2AF
3F76E649F4C7F18642C3582BB75308BF
B7765673E4401C62CDDE3AD17AD1D2A7
1A34B84804F1AD34044D350CCC9FB46C
1E7505CB557AD0F051A1571CF9905037
49ABFEDB42BA7A0A4D761950248D1104
391138BD3EE6B6A7CCE981D98ADDF92A
49581C419462606857FFF4F3B577A2C2
67EB9058F30FA98B1078D4F17DC09292
5CB372963F6202A1D6B3AC5C32E74B58
930B56A4339C4F34FEAA5C57BD2C7776
942F72F433DC6CABF26327B7EE281589
54AF8F6C4C6BB1949339669A5BC58A8D
8F88388CCEE8AEC2B9E69C76B2A0FB0F
7C7BF7C152CCE511A39B79AACCA8C78B
FDD740614BCD43CE2F0B1AB4BDB88D38
E82CDFF9B6699C57EA43119E2A96A472
9504DAD9AECC4571A38CAEA806F5FFC7
0F5FF352D39E03EA18B71F900025EDCB
AF32D2AB77961711F8D9181AE02C105D
54B76BAC10792F192DC73302D36831DB
F55ADBA56E23E5C5770EA69703CBC4BD
9C34CB55E173E3FB7C7C22264C27C995
688FE19B2944C7B7F73198AA50622D57
9E64C9257DF88E77880392094887B26D
CD51189BD7D724059173F83A8B479394
44FC88333BB931ECA3519EEDFD965A4D
783F04F9EC00D2B3841535CEE40DB5A8
2BEB40C4678E7EA5248DFB656F549EA3
6150DAAC4385A19473C5BD4CEAF53CE1
D4E5CC2D3B565BCC406CC558BF0F08EF
09064443B5215A1F350EFFA7C01EA55A
D542B01474388D6FD16C19C5B1135933
01167B02CFD34C2B35924CE2F13BBEA5
89156700E611AAA904AE12ABC35B2D15
4C9C0A5FF1A5CC92DEA50CE211A22660
DAAE87E034012D048E981BBFBBEA5429
8A51DA534882820100DA18FA155A3ABA
CD0A3F9C6D08BC92EC7FD9351DE133A0
C7A5403CA5EDBC120E85B8E92BFD8DF3
94AD877457DE8B9BF76F0638613D70F8
C619B0AB9D2B102244939FE3936FA0DA
E1BA20B3091A297B6684BDFE8DC0C09B
9ACA19F667BD30820281A6D4F574F29E
7C49941C43813DC6D745FD950435C907
8B9DC86A77AAE74BCEAE798341871771
D732E9FD8960E03B619C60AEBA5C8D19
48BAB043091C5B070853961DF4E2F4F0
348A14E0922B896E782452991CC8D96E
9583080B3617C3E92ED9A6F928062530
2EEA26B9AE51D12A154469A10B130537
FBBE9E0CB1CE71F08E67B4DF170A4113
4EF11865C9F0AF773B09A0C5AA8EAA43
1EEF0AD85D5925F3F96249B6F6527300
568E255DD59ED69D9BD855030AD7E41F
00155D585E183F59D85DE56494A4D91D
86D2591C1955E1E8F4240B2777100C40
41A83C66A7500A3065B64ABC221FA965
7FA8C457BCDBA3E723205A59379A50CB
B4C8222F3D6C7FC9E3D7EB6B0871C333
CD6AA16C58C498BF7A9148416E196D88
762C927FB52CAA8321F74BB7817FA508
164AF6D1FCB3EE97788F4AAA752B5D66
A0B39648F3CAF4E0F4EE6578B482E425
491C1BF8F604F7465965566362B51BC4
5CD15252D42DC3B05094F2EB8F785F1B
4831B9A560C7B932372DD0F4D00FA1DB
F50F49005EEBC51B6EBD7C08119FD8EE
2F21A313DFE1FC300D18F263289372BA
ABF9A4F8F7AE4F24951E6ECC8309A61F
9A51A5716614A05AE0427F2DDB189AB2
3CE0FADD52AC12D2852D837057BF05F1
FC2EE7190202E82BC3BFA4CCAEB18670
E22C76FD1BA79A5C34DD10C8721B7D41
14511902550FE729A01296A235EF67EA
B0C84D19FCF76D7B21CC283A7989B078
942FAA105D7BA952225882C5678EAC83
5CE3F20A2B18A4F80D165785BABD4775
55608D6CE31E7645302FED00701005DA
A30DECB4807935F8EE292C0FFECC5252
2486F6A34DCBE86828DAF784C2837772
7AEBFAF00A2C2D943F36303D646AE61A
435A7A5815C51C7D15252E0FF831C01C
68D688FFB0BB5360344FCAF82F151E3F
5EBF27DC5C8CE0CC43D64CD71CBE22BD
8F75240A485523A4EA155224CC35EEAD
AAE565759301AA146A65D2407B72CCD7
FFC3EE8E5D7BE120D3E09044552DC3FA
98DA691FEB95A5DF8E57F2E307CB053E
2AD79C3A3FE9B32576D9280012E4EDC1
BD8262DF777D440857A147C0916DF510
4D9A837770610AD8E788B3B73A839880
8E9F9C0F5D4499FAB6FDFA5C68B86187
517C1DB0A43E8899B5EA43E5789B3477
A945F9ED0FB2770B12C006C60F246B59
8850185DB7D00627755E4A3B7FF5545D
A3B1E5604F31DD76D0552C324CA21ED4
3BB445B43681ACD73420ACC50170CE03
76F938DADB75BA96DC45B5AC4C0D272C
82B39F8DA33225A70E174B21A8BF11C1
924F2A9B645E94612325346B2C726C3E
65E2903E0277E96944B956A51E32BB31
4188650835234C493B84CBBDFEA186E8
57ED565C2FA242FCB8188D6E2453A0EF
5CA4B08325A6EA7B9C9DBC3B5A8FACCE
F1E89D58B56A17330EAEEE1A1268294D
46BF8421A9F62EB9E7049FD5E1E4A57C
61EB9E96E6B4FFCCC6D7B1F7ECCBA27F
11544D2971A23471B2E4A5B0118DE545
0ED370814F0A28A55C15A04F146E48D9
DFB615726911D3389558E100D00FEC47
5EB49F63DC0DB888A38B4D4C081BC5BE
919E02D3DCE5C232D8C6E160C959C865
0AC5F5C230B86CD8B7CFCB98710251C4
43B7548C8BA09C8491BF0C5C08CAEEE7
83CB62B77386928CBE9624CE5647DE97
16E3291150B13BAFDDC4D9D3E1074694
FF0CC25843ACD77DF0A980F5E4BDDEE4
B8BE62AB45AA4C790760CCCCC958DB0C
D193F2CA4BE38EBBA2DA94D712504084
19E80BC2080851CC7AD8A5311DBFD358
93AC7AFED0B016A00B311CD11026029D
DD2E2D857B0D8100E618AD1B566B2A7F
730BCB6CAB2BE1523BC4DEDA024CB3C5
218C22AE6CE887086FCCE4D352B2A0E1
79D144313DFC8E4C828561A48E5B59A8
0C19C9005217917800B8A75DDC8ECC53
F61422EFF2DA2A7F63E6959E361ED73B
BDA07EBD3CD9FDD4BCED080DE2021694
D856380031BB75BE5AB81FC23B899A9B
AFF1DB00582530FD175D007C17398B1B
6D5DDFD4CE299B8C8D473391FBCCEA5D
C2A0BFF53D1066F35FF05DEC0E5A779C
BD9F375BB564B83991521C02666012B8
020E730C7AB4D4B136D0097C2D17140B
7DBE130D0026C54E122B2EA77B201C9B
76A9B3F367C3E55A4A49B655988D5CCD
FB355F519DE82ED9D01CBF9150635582
255E8808DAC8B0CE9DD0DECA642E86FF
DD08C87F1087E26FFD3B44566DE20A37
5C25FDB679015B513E9B5AE00A950BE9
439395F8BE4A414511E00D16FC01B9C1
B374627CF57BCBD695591EE4156679EC
6E66D385A606F6E8232649656A5CC202
8273C76048372D31E6DBBE975D9955AA
4F2A3F63FA9086383BEB9F7B6F43999C
E83841ECBA8745BE6EE73FBB78941AAE
378403BD163AAC805BEEA0171FE03C7C
F8D4FC6833FDE58E7FBAA8C2C2F20139
9BC408C14BBAD1D61B49E54BA6859BA0
A8E60B29D5FA9CF73997493465A39FCD
A17BA6D6C8CC22AB9A4AE3A8A6611BE9
4FD49B812FBED187AC0D9EBF92215CAE
5CEEA77713262ECEA2E6A032F849185A
7359D9E0B62AD25F3B4BC0003E129970
22B8A62514B023B51D6F940C3CF249BE
03C45EFC196376296BECD3DDC184F584
2FADF33DAAD28F37350A942D000B93C4
CFFF738D7D208D1F5FF1586D6445DE15
39A009A28532DE5441FC8D9A4CB4B34E
E26B3A68270148C920DAB2316AFD7CD6
9B3471E01BD022AE0400886F45E968C5
3DA987D2D16D78A9A286CAB8975E9BBF
C936CFBD099723EA19474EEAB4A91280
BCD21736C9DA5D0507971311AB9A8183
3F359A847299141979776F46A1B5F5ED
AE688143F118B26268E41D2F5BA7A71E
7867F527190AEDA4D930EC7D34583F83
804BAB20D8F4221CB087750E69C292B3
735E0882B37F82DCB6D7AF5FD2DC6768
BB8AF2A9A846E230FC739C057AC1BB7D
A18F185E3E050FB27804D4CF6E50C324
BF98116A7545EF845CF36D2C9B296205
0CAC6028857AC20F6BCE51E65EF96615
4B23B98FA327EECDBB3009289C4C98DE
9CA3EE083468DA6681276D26F3929BB3
84DC540FB7013B3A2C062592AE2D5AE0
16D98CF2506018F6E67FBD0914DC7A33
13B9FC4B45CD6AE1F60D818384E1FD29
19DC64EFABF2FA2B3C5D87E958A8AA2D
89FC7225963B25F57DF85928F998A71B
B159E6D0C610EE38ADF9CF275F31C48F
05974237A3DA3C3B1B16EC9AEE592F20
7B02852B9822E77D88D7E2680E699861
3AF683426EA247CF004A963C3CBE2426
C134C91BB282432089F380CF78434D14
B8AFAF500D0AB9FE50C43AF3DF9CA4B9
5FA0F4D0C08BFEAF10D02EA005477B4A
91F7099CB08548BBC1D4B9DCD3107CF3
79A46F73C7751E82BA7D9F2C8A5CCCC3
7ABE8257BEE026CC27D104615F919CFD
79938BE1F4F098A3C2B394161046D39F
C1248A331CE365AFE22FCAC8DFF7C26D
39AB5F3971551C9F834F38674611C733
92EABDBC33EA9380D9ECAC0B51096CD3
44BF97F2929F8E0539EA453E7C36A74B
785FCC94AC43BE6E8E1B6235EF19D18D
D612279CD7C145F05726AFE59AEA49E2
F306D05719D12D01C49B2A85FCEF8E26
E328A668B78D821D3B6C4422F0928F86
42B8EDC90E61D014A3DF0464B539CD35
773FD74B40433E93A217CC5C16347751
B3D6BD038792BEF15E8D7B5CEA115618
93465CAD6FC20752751DCED861386DB4
0307FDC4337247B7C49ABF678CC45D3F
00B118EFEE4A359B76899F8337B99ED6
12D9BE73B9DC7724517467D11A6CE63C
BE93565A6647BE2EC2A0B920BB740720
92C5650BD1DA04394D3FA2CFDA5AAA97
ACE8C03C5B9A06317B0A89865C8D7E99
A40630346307EDCBCDBECAACDD0C1A83
CB72FA27DBC95811F1DE2C6F2A3C5A92
43D02478887CDB59C9A42FED0389C2CC
49FEB4509A09B6AC8A1B59AB65773786
0B8D768A1FC582316F552B1E29499B70
2E4C5AD1784E861C13E28CDF55CF856A
2DD3F48E4D5D97C5AE6E57E4670123AC
F8650D584F4C406C06ACC172A16991CF
AAD7F993647B13AA4770740A555AC63E
EF0C0768380A344E5B4BD89475534B29
F26DD1BFB5DCBB1147908471897BFF14
D3B6C98EF131A6A1DB58E481F43EE07D
8620A5D2D99B43F06C90F32FC16FCA21
42419B69B570D7D44477529A7B742B2B
992875DC015046EAF22D0DC5DA847400
A4180676D6E9EA4A49B38A7CAF273D06
5DB00D5A54DAA1247E698CAB98D5DBCA
BA77A7E2F5A189B288CF1D784BFEEC05
7C180EE21EF4963E1B9E95CA8FAA9A6B
F018926320A2E1372CC708E2CE2CA4E0
E7E31915A7A4CF975F5C656F0D55C4A2
AB69368D9CDF986BFA6E563E8BE9E219
34CB241DFB30BA81D76C21CBAC327D49
0FF13632379D7EC8B318CE3C7ED35E75
DE11AFB824AA1ECAE9AF03FAF53F9C0A
CE7D8AF73A617B98EA6C9A99CD95D449
38232BD55967022954053DC05E618EC0
30ED51FC7D0A11F55B63A1BC94E090EC
6562903649BAFF5001998DF9C301DFEB
82B869694744FAD030BE21635C4D75D5
8E84266E1FA6CD5A3CBA12114087AF37
04045F1F7D7E770220ED0BAAEE722E62
AB9E01E3508F93814059F91B7B1DE4D3
7C84B66590E72ACD94E9170513790AA2
030A030191DC61DCF61BF0E33E0D5E53
4E3B43AE6D4DA1002AFCA3BE7CB45459
4E3969B4717E6E34047411360115546F
9F392E374C3CB6A8427F8A0EFB12E9C1
FD0BEC0945AD774ED05E90ED296B8C38
D35D2BBC11C127AC73AC11B291137C37
26E7E5F52981F47E9F5A349EEDE87E4A
5E3897A9DA9D72E24C4594B730AD5B4E
E68ED6661DBCB16F39DAE01EE1D3FA73
9189ED5EA582D59694BA6D8B3514C7FA
87B9EA760BBE17B4BE7D4792E7DEAC93
3463811791539D7B713D4D7DB1DCDEB1
AA02C4DFB7B3A9AA2EC228C4A583D562
93087AA4DC7A42D24AB3AE9C0B71C658
11927E1120B9A30F5817E376B1567382
C01BBD0AE8E3B4B3800619EADEC128DE
0D74D8F2EA2364D959542A8005A3B9BE
7BEA752541089834362AA1EA8C5523D2
DFCFB2E33DAC20FABE4F7885EB563423
62EC4565C1B230EBCDEE6FCDCF650502
B0E0096AB5BF962BE4788971D00C72FB
E4E0B6B0C7460B751A77164B683C77EF
AD775A88A62FE957C471A4EB6C3AEE24
2C4BEDAFAF85F08DC834D1D6CCB6F82E
B720CDC56EC3D2200AE062156106B78B
F680183873A28DFA3AA82E20B9C248A3
ADF803B9073F00EEEE0FDA42D8406ED7
8AAE8AE6A67083BCAFDF800B707828EF
7F95ADED7B8BEBC49CAB56939A93B37F
563F0D3606CEEA3455D0C95DE1930464
33EF40FABD711B79FD4D1BD54EC34B26
49E8D9B3DB0A1A0B92CBBB51709D8A89
99156B53E1F741B5DF994A4F72821799
75EC952311F260BC86B6D8B7617A28F5
22B8EA4CDAAF02B0B3AD3D0376150916
951F31B382AD1806A1AF9540F8462429
6D95A571C7E204356DEE1DDBD21065A4
B39310EB5C34FC47E25E774AE23F9F63
C4B97FFE60381925ACDFF9069E2F12FE
CA304F68E767AD79287DF76BA3A94B18
AD11DF224A1488647E5D2F6579A6528A
1D4666B9C211A8BAFBA85B76B0FDF753
25354C31CACDAB69AE1A4FB81DDE7F0B
75E5B2B8D0C31C8DF94A8F3CBB57D2B9
466D2AE456309B3E1F36CB4029CEF0D1
533227337759DA105DBA58F3F8D452DA
CF8DD432734F9B87A33579AB9A07F086
61F4D1BDDECBA7CE0F0527CBDFB1D771
4587BB8B36FF245E8ABB81033B5B0E4D
7BEA0F0EF850E53E01B22D5D4C821F62
AAB09E8558BF4F1183DF726ACA5878DA
3D86A7145D5B3C44EBC54E6ACB1F1E0E
46CE50EB5BC2BFB1FE0A39723A63AFF5
017BBF5D7E5993B07AE90698ECCB8DF9
22101D72BD59761EB19E667E91667716
B6FB4F8D7938A2F2BE34220D9F5DECF3
39058461B7BC2EBA148F0299DFF4B345
D05FB56EA2751586A7F966A1C5C8B98F
7E5C8A1A444952F08E8D80C19EB29BB1
1EE8E32C0E650C39FE4FA0C048A6B364
872ACAAD441F82E1BDD2579CF5154761
70C75A5B196FA70C2D988EE235752751
C3935482EBA854B197BF650B801019DE
F841C3F248ED1A7A85127BCFE67682F4
4471D076218D444FB848C22AFA412C86
FF4506A4FCBE21D65B9B6137132F78C7
F58A0CEA05847BFC0DD10BE677396C39
0666AD5CF87F9528C89E0394F56DE5D7
D9302F7AAEAA94A518BE6CCFFD5B19FA
5343B3E9DCA3391225CF471D65A9CC9F
14AC67A69E958ABCF11663E4E51563FF
2633BC0B3B159C0EAC9A6114E5F56B38
6C0A7831327339FFDE1C3957A861B912
0081C7E5273042EC5F46F74938B4FC0E
87ECD13DCB5458223372AF1F8451BC6A
1BAB9B937BDBBDDFDB019998B7FA1DBB
B94884A63FA72B4565FBC03FEB6ECACC
A71315B816C7B9BAAF25FBD5EF4A321F
7A9152C81F397E8BAA7FA3EA89D87BFA
8612F0746BA52B30858ED93207585F7A
3602951C82FF451997AE4B5578AFAE8F
D5278418778A2934CFB985369A81A19F
61E62B4DF89C7CE38EAFCECDFE0150D7
7A228802897AC52AE10575F316E394F5
9FB8860ED9E6438C918CD2DCD2A0E663
289B408989F0777A889437F6137E7EFE
9A3C2F4A1BCCB662152B1B41D78AF2EF
957254607BCAE3D30EA94977A81682AA
420BFD1A223034CD4BD43AE457C279EF
05F37B7B19AFE7A9F48518D37FCB3508
DE5F8C3C8F0333775D437862E2B6D415
A33B8E90C8BBB38FFE69C4A697E31C1B
0B34F29EC58A9352C530C7E4A92A1CED
343EFE3CF1068EA2A2EE157365D20DA8
6F7A6D3A50AEB077FDE53761613875A7
13B69675F1BE51C3E28B2E4FFDF249A7
723064DFA8542DF003C174635F49C21E
2DE90F6E9AC5D58F77F518BCB9F17E5B
EA79372A9C242CCB8D8C438EE6DD7662
418D2327697CFD71DB63A05B9C018CCF
0CB82B25B9E7AC17A21F89FD0B2FCC94
E987080AD21748D34AB050C033F61D21
8FAE178E029A89630962F2FA76676089
C0A6BA910C9A9B6E9FBCCC5341043720
F4191C00513FC2E94B2840FD2ACB12E2
949DF20B5E411EE09F7BE5202C87CE56
317F5342B7C4DA5545DD870321E49820
6F37F55E6394DC0A7F5A0CFBEB8D643D
56B0C1F6E8D209C8036CA073008908E7
83FE6BA6AFD15518250C7A6DACDFF457
0F6EF62406D8D3DD8626D4EC85CA7A06
3DE3BFA7ABD6E3E62AAFD04F4A62AA20
2B9FD8E9DB678929A6575739FE3AC1DC
67AA004FA33174DBEDB88AA15F4A5AF3
0F7FE45140A7570603CB2D589F0BC857
FCE46078BB93DF29425C7834E49C71E4
7CD6B6147071596848B5875BC1595B85
824DE195D11488666D2C754A57FE99E1
33B39765A8B3926240DD1D6FE0EDF5E4
2D6BE9A63A070C3F94D9B20A221A40EB
A1760FEAFEB40EF52F695A8F95A9FD92
BBE3BCE6A6D5A1F0AC8654C606FBB7A1
59E71326E2DE0391723F7BA5F01B8BD2
CB36216FB7FBA3495DA26BBC1C3281EC
E70A491D2E32F46ECF4D1C121500AD87
0D58E496E0F7FB21943A83799B7FC2E3
DAD7DFA799A7B56E671E3F438C7DCDD1
A8E449898579C902DB2641EFA0985A88
982EF4D676CB049D598445FDB79502C0
D6C91E6CC02B0B6295DBAE043A03A4C6
D66E6D8C51E87BE8C03A3BE9C45395A4
29DE15EEF6CB2801E81753197803A140
482A64322E19401CA0B2937196B7D092
31EA33130E4B66F0F2418599010F3D13
9240C73CEBF9E1F06CCB95DB37718C2A
66398BDA22F3C92AAE2430948DAAE84E
FA567B6A9A0F15D1EB22CD5903F2F20B
29C7BC22E49802EE94BD51B29123A60A
28AD67939EAD24A6288C75274AE48F42
92A5DD0810A442C9EA738990F78BBA5A
05489A0A0BD91A3802413DFA5D2BA6B6
9C114D845C11150303864166283D4B4B
7AEC24C8830B51DD28B19373D1276AF6
4A8591AD39A9DC703C0E9EA5A7291F99
4498C37A2A2DAEB377624E29A828421C
0CFBD38D1355960039B994BA88D4427A
788A2514644EAB915806B23ACC8460A4
A534329B46A9B07D91356B093A7D9983
305B23B3D5D4F1579F603A4CDAB47F6A
1AC31DA9CBDE8951F00F6C65A554F518
A5316F723B9F45C4A3EAC6DA940A0BB8
BB844C68740E1DFC58B23D8CF00A4C4A
16414168D368C2F35B0C1CD1B585FEE4
8F62E9B5307F01D6180163B73B7DC4D4
22220084B2F99685FC63B99FD60784CA
C5DDBE7D2B8CCC255A058437A054AB19
A68715E1C850FB841145E667C54795A2
CED5F6674921737473EB0204F1A3E1DC
40BD671A355126A54EFF1208897247CE
F334D8EC81FF00E9D58A5F189C17D58F
A44FD63A3E237ECD25FE2F6576AF1843
75ABDA93A4F37DB6A2B46484D814AF82
5DF0DA6ABCBE087C8BD33A063F1D1775
0830087612BCDEA19578DD5D69277498
CF2292DE1645DC4D7C2D51A99DD2D0DB
7A1CD93F1B821F04A0B0D3142F70FB99
0BCF59BDD55A492DB40E508155BC76DD
FBB6A1D2654ECFF12EF5335585FD1B1C
FD3A5CFC21425981AC40B827CF56E696
1DDD89C508406E039ECB8F76A2939F06
3610402B3C581086322462CC88E76F45
39680762C49CC1FC7341473BCBFA1CF4
4C84773AEDFFCC13A0388C44AE458E9C
BB34CA48FD0BB2122813BF8765490E31
2A255C6E9EFFC3350884FB42BC4C77AF
5B5444B5D0D623D0743705363FDB6E84
B03B85CC4F5E8C7C7476E01D8DFDB2EF
80EC1CB52E9BD3F91023B1101E86E9C5
800195B96AE0583162162A4C31527C87
36224D4C1CF55FEDB3003B9AA7CD4847
E482F5258EAD93DD179623E4EEF70F19
13CFD05DB0819F06AB7574C56D2ECD68
D62AE67DD353BC5586DFE4581D4643FA
49EF1906DFF88FF344340AAB4E9614F0
FC7084DD7B881191100CD18FEC440657
747975A72DA487268030736CBDE06D94
0B98F31E5EC7BED94E94EBE5F8EAE0DC
3A26BDBE71DACD356030E64BE7A2204C
F3BB701D17C86055E50D3EBB7B378BCA
D2B97226E5E04EE687F7C933EDF93662
A9F5B47C04BD3F6DCB3FDD6C209A0CC8
7031ADAC38926C3B1A24564316A460E9
202FB5123D7C7B2C8D4185CBDF38D565
A97EA688EB1E6769E31A8919DF9B6CBE
8402CB0599B17161B8485D5458051377
F7313CCCE1026E441C63C75AB532B58B
388E54C5F1E6B77CB45047CCEA69A9C4
8A1E7B242228CC46487A30BA2AA8B217
E64A7B891602F95ACD09B3EE8ECBCD18
011F50FD75520D3B9CFBB0C02DA70C68
DBE792352EA4F4F5C5917B3855615E75
1F3B8F74D2D2D9E472196317F1177E2D
5C6EF5764B13F04E4C2EC1FA157B2D28
4379ADA2F101347418CAFB4FFC8BFDD1
F567CC8CD6E03E15B58A5CB62A341D4E
B180316D8D4668B1E158BE558C88D424
42AA415145E14D4FF7A029101E9BBE86
7FA65DF921DAAACB7A35DF79F4EE0955
D274B2E692F9B33BD279611989DD53DC
D12FF371E00EFBB54F6CC8434CDD90F9
F0B97CF6EBAE5D5BC9B7EEB0A6919CFC
0A8E29AE9E0FF2FBA91A33BB170BAD51
642769BE44C1A0DF45702B0E59D7B5C4
6D4BEEC21EC2683F96359CBB6B7EA6E4
B76DEA19B823173444C9968B204AA18A
0FC3FADC2E0862C26C985AF237EF87D9
D5625BCD106CDC91A50442C31543D996
CB46589F9FBE5C75151BA62647133815
05F4ACA914008E78AAB0251379FEA864
EA5F4EB119A63E29F6E0C803F56BD3F6
6FE058A0AFDD7B9CF6EBE854E9167969
C0B416E8584C6A6F93022091ACFBAB7A
5B96F5253F01F6F6AF8D23487A117C8D
8369B50F0A5C7F1B0AD3DAFB69470304
2AAAD79F37267C2C56575432343D3907
BE9CF2124B4DA116C5C90251280CD2E2
E71348F901A1FDBB564D50CDB4ADD354
3AC33281FE1E6976B15211BD6823E4E5
063FB1ABEA605F07865DDB408EEEA08E
8ECA8A4CBB930D72E40EC2221E6ED00C
DE782FC20DA2BDA280DC83AFC06864B3
42DC1BCDA707C43189C008C5F48081DA
32D5ECAB884597AECE090E5A987F1200
29361F3CBA73119D1944700EA2663039
C3B31CE59A1786607653C269E068A4C7
44AF17C52467FF9E1F938033E5FF9CE1
DBC3E8F7AAFAAC8A2C6D65B461C50D91
DDF0FEC8CA4E0A8831CB18B5181BB8E2
79C38902EDA18EDD06C08C7788627A14
155FF1180B31DFA585D6D13D6EF3B01D
755A9B93A9CBD892D7DD78181C7CA1CB
5E8929844D01250CACAD5C2D54C2D48F
E9FC80469F5F2EB50FD30DEA6C5AD413
F111DC9E99F02DF2455798D00390A927
0A15F398A795FD99EC862652AD562A95
481D67779E178F31132C8F65F271D801
D695E365A48D67EB2360E4682F330698
57C88AF53CF94564822BE747881FBEF3
F30019911CAE2A4E3FF9465F72E99824
304B665387E90BE03B172C05D95F8F38
A0E1F16C163011D5770AFACF28A08D36
17716551B4195F5EEAE081957BCA5E42
5442F77494B9CFDD785884CF5DA1C3BD
97D82F81EE6A2665C3284FF03DC7CE58
92440E6A51AB7E98E78E2695CC0514D9
2F5750F677B77E2D413CD6D406D598DF
6E8DCFD1932A41F2FFBE406D00EB1949
10BEF41F06A23E55DC096BC35CBB05D3
4F5F277DFE7B9D9613AB83E48ADA4A93
C1BCBE4BA4A8F16DF4F8672485FF9F36
A6917ED818E2567F98A5BF629EB68429
050EEF771532BDF45CB9436B756F4514
FD7470C28842D727425E174F0A65DEA4
160857A4E05E2200A6953CA533608F21
7989FD576B00771CB7CE9E9C98800EB2
DA6816348E44FF04108A193D83FEF60E
60DF0B9B972B4D29F3B07762264B7302
BFF35CF001E7EEF59A364B1F34D97145
A6E9329C7AAC277DDB0D4C6AEDBB097A
5D1047E4221054727AD9AD2A951CA8B0
B532E3122A47614CC896C6D9FD803F9D
D0D8B080758B6A97CF355158231CB30E
9EAC77DC8F145DBB51C1E741B6F35673
3AB8517D39F6F4DC690210E0CD2F19A8
E47B37D869699AA0B0A0AA163F2EDAFC
2335821E473E8768DDF24814B6097AE8
E596ADDCB64D7EC6585FF299991503D1
95907921694A61465821FEC62086E229
8FAC96BAF5DBCB67E7F973BA857BB0CB
7F5CC36FD21C8BC943AE21C8EF9326FE
6BBDD5D2B5BA1539CEC3F006117AC558
DB6ACBBB1055F329BB7AD7039079A6E1
DBF86D99A8D5FE23716F195B27379E85
0507D33478D8D48025D4EC81523F2462
9A95793FBE4B810C4724B95379876BC6
D09371F50D96DC08BB44DDBFC472C045
22A68B9C8A53E88185E9C9D9D307B743
FDD529FCA104236B84BF3DA61ED61D06
207E48195B83BC4232D50083192BA496
4C8FC948757E5B1ECCF7B39E1B089673
055E7596E95C51DD04DCA6B9D0DC232E
63BBD0C4DA63386835FF6EE28ED206EC
638772752660E0EC44A763CF869E875A
F826556FC060EF93ADCE549A7F68BC49
5F7D19E6C890707F13AD3CD6E82AB242
558694FC211B450820D95CA7F2C92EAA
ED35D4F3FC0A121611C7252F20392A22
04C04B04DA74252F43EF692BB4313FC9
26362947C6C879AADC7F6B90E1A39994
011A3FE4E90FFD88CF56EF26EFAC59D6
BC3ED3C159BCDCF5D11EBF6898BBB59A
D952D893B7EFD55D9A0064711A9A7E9B
B99A96F8BDAD5F7E8AD5538EB1525F3A
13301E0D8928FCC11896F16B80A7F500
FE1EBF2EB09DDF7C7F1E68E81E4F49E5
601C4D28920D495DA1B79A5FCC072BB1
624CF7DA1F295951C08952B4379D4645
85ACA28CC6322FC7807C8C3009588422
BF4324F42DA45F3BBEB59A4D87AC9515
914773CBECE04E7BA19790C4317F67B0
EF505DB93DE92B147F17943C8A83489F
94C5BB5453797C63C425B0ADD01F1D9F
9E2473F386C1E0C66EC6DC352FD0CF86
7E4127FEB671785B2DB6DC73E708EB78
4EC01C2057BFD6ADCEA3EBCCE256E4DE
B7DC2B1A274D6B2FD5EE7A75B849EF28
63A1826E874131DC97E7022AF1C8207B
79F1B4DD6D8841E66BDBBD01CB90426F
83E0F820571C7D3B4D6CA3D372C8E2D2
73659C8EE8C37EF53E7A690C2F4F55FD
F4969F8300896A57855FC67B680397F6
59AA430F7A6FF9167C0D4F81D6424E88
FC5A97977D42F903BF764A5D73FE2D44
F51BE9C1234FA4C42ABF5CA6C7070213
568226341323E125123DA560CF90E0DF
1F4B2A3575C04EC1851A480BCC85DF0E
D5E759D8BA22173FE51D48661634DC3C
B0BB8DE5CB12ACFCA69279AE1CB37283
B38AB1671A2ACF08ABA4358C90DC8625
DEE6460227860307C56D9EFA0FDE225C
8FB890DBD2FFCA8B81C4F54773227D39
E1CE480FA854664C34D8FA4BE8700B1E
C44A67E714EC517E3E2FF94333412397
BE41F13869FE483E2562D74C2123193E
5D0741ED886751AEF4E54D467A550140
FC1DC44FD6FDD020B44FC85C240221FE
33B7BCB750F8A6A91D1DF1ABF8A56715
E7FB8B99A8A3BB2732AFF2BC83FD361E
C145143556F0A6F1B60F24804D7A599F
375AC89707881B5FC776FBEED6470DC1
00D48C0A8E56BD145B7B78C36CD9454A
73CFE5A9AA71418E2B7D7C20BED26079
878626AC93044F5EFE92F60DEF6BB6C5
06B5BD28C73B4312CF4EC31454985CE6
AD13B574BE17CE63B8F94228A66E2F6A
A94888C0E1C3448FB5F3697FC62DF1A9
00FC2CBC0EB6AFBC62EC639B4A4E46C2
B1D39D46A586809CFE2CAAC6D1D4AB8E
D6AA67EC7D3B2ECB0F008DEA752632BC
54E720E28A2233F97B942A9209D31322
041737D536AF4C2732E4CC51538463D9
830DC5EBDF5E28E4256BCEE30CF41E7B
40D291F2B68FFDFAB9A287AA8B7A0664
9B7B570FB5F8E63BDAB875044FBE0565
64A1B809478534E9909C80B1EBA90E39
1CD8B31D2B2A7F51043722E3E36B6333
9AAC690A38FBEB9DC54F6C243C694902
5923A7848074F24AF04D90D1C758977D
95839A365F20BE4CEC921D55ED790898
3669E3EA25FB911488786CC11B7DC939
4C1C9F919AEE37CC0064E99D176BAAA3
A9C621510B4F8F812C52CBED3A765DD6
B84930DB46548F7B4D5C34B0953E5BC1
6D4A5B1C05D8ED85B4516D307ED07019
D6EE255F2C702796E5890F061BF5E449
0E3C3EC601831DB0083483A61EE1ED94
63172F998F577CB153692FD66102471A
1746206D0A5A7FC49213B75DFD32B1B8
FA3EFF2B3EDFDFB6FE697D5187BD8D93
3E50D9770173EFF54A8AC724A284EBEA
281FF2057CFCD0658A192267721A2114
0FF17DF7F28E12E18479309B7C7EF4B3
BAC7FD282DD91AA3960FF23B955CB6E3
57A2C2D8D62657A6D2F24C862F820574
D6A4D13580FDD8599EC96519291971D8
C604B75FDC353598E24B218DAA08C67E
C956CC52385A9F73CC7241D749ECE655
99AE19C8985D698545E08F97F52BD0DE
AEAB87FDAE249A8AE0FEBDC1BBEDCB13
BBA54B3AE42C239179F4EF240F6A2735
443F38915DB0A46CA822A1486768DFF6
07FA792FFD527080B0F6FE70B7241FE8
5A9318FD8F145A624D3A927C1EF585D4
37C4E222433B2488A37DDBA23B1829A3
19B733D40EF1EB37E0CE8F6B20669B86
73E4E4A9F0E1A0F21FB6EBC826CCE0D6
AE79B1A8C33A77BE640EE762395E5F4B
ADB151AD45A2D72CB700FB5DBB17D6BB
D20A847069B89D36C6EC7D6B9A9032AE
FC5967E34764F6EB86A70D017D3FD9D3
61FF58A193F98F9BE79DA540D1B36719
5E3A140AD3734DC3BBFE21ED720373B7
E5CDF86F5808EC84CA397A93C47368B8
482281DDFE86CC1DBC0BB5F9C347E59C
EB93D3CF1D2AC1DB7E4794B38633D1D5
289A013BD334FE210DA26699F1911BB7
138C6A2CF653950A0072ACA2715B5154
A4D0E5C79299B936F33253B865D50567
37D79280DA0FD5F4162AED4BCE8C3CDE
0F21F91B5A35DFC8D5534976E8756095
8955C36C5B90831FA67136592BB04096
C2B3AEBE52B6C774CA504E2474D2DED3
0C0DE2F0375EE131D2FB42611AA4BFF6
EE552DF0957A70ACC43A06C9B31FEF07
773018F8B8B663C1A5EBBE68DB5E13CD
A8607FEC273E67765CA47372390557DA
F9F4DFEFAE1CAE37EE7CB0A6865ECCC8
090E290258333A22F51FDDE5196FA904
409921751A2581396449C8C7445FD032
01A1C5408AB79FC55A32EBA4D8A9188B
35B32FAF0A84866BBFD6BFAC09B4BBFA
ABB8EED7E3BD71B27E42507737CCE626
86F37A5664D2CD71EBD3EFAE1823C12C
85852125BE0EA8BBFE355E2A865C7C10
0B3944FD7EE79DD06F51875F15D00306
EDC94265F9A98D256D20F240BB2A382E
80E20DFAB07E9AFF70F915F43DAF05E0
C54F60D0A7D18B75AC3A5985C20B8211
9B400038B8F3175A94923BEB7A47C3D1
D5CDF403886AC75ECF5A22C89EE556F0
DDA062A58C237511C800585D63A9029F
46506ECD85F4A97B2811E37288E934D9
AE57CF5670A1B03AA9B374BB2E4342A4
AE5C6A5472D7ABD2BCA567A7DA6F0FB9
92C3343A527BD7194CDD6851B21D13EB
AC5B3CCA915BC8E31750005FB72BBC00
F04469AA9ADE75C64B83977B89EBBF71
FC54627CB72B613F66295945A26DA686
738DE80336BC96E86F7DEAF6E45ECC66
3FB2149120F367C0792F4FE0A87820D4
49BD1561EF0E7B5B2CCB8E8F775D6D39
121C8064234567D608CB9863530CF02D
3C9294F96FE3683D24D5D97EF8751A78
67ECFF4D98B648C93CA65F6C981C5C9B
64860C5FC3C4C5E15F1987127C1A2D77
3FB9FEA70B9B28E81A47A95D3928C390
7A5D7015DFDFBDFB1504FE80AEAFC760
EE6B922AF5CA1645EB8C50E88D562326
6F1E747F887E81DA505DA79B1EDCC9FB
DA76D089B9D07E82DBE741168A28BFE5
AB32E7A0B22A80A7D702FD801D581797
62E0E58E4E66CF861D023CCEF19D224D
65F7B16C3E9F9A69212237EB61CDC03A
7C572A1177783B80D8846BA1E1718C6F
9B4259C86B16206B82BE8E96F2DC443A
217E0316CB8D90233F1819660B29E475
09082BC22083158296E3F4C57B0F2263
337284CFB46496DDA09ED67B335EACEC
D453A5A040F62B469C6B3DDE2B02D034
EFC27A5FDD5315F837BD178ECFEC1BC3
7A6E5D1D04BB8D4E40B8F19AFB849F4B
1785D41A62B05BF7027E3230B1F9D11B
E9512AD3145A93DC97BA1383E41538F0
27B0EA2444F966B4940FDD7352304520
18E7F65BA497342A0F04D5C19947DAC6
7EAC191B40FC874A5677C11BAA469D1F
79806559F3C9D8303574CBF115F586F9
DCC476E767B4C8AF0CFEFD8C4C940ED2
FEFDE046CB2B68DA008BAE3379C13179
16E0DB91BBE15B2F3C4D658316E81790
DDA5734921C9DFB6B624144B287AE741
844EE2105DA90C3D9F892101CA4585B5
B93E8EC69D55B46BDAA412CDE865B9B8
67D80C536A0FAAC1A7CA6570D07E89A7
B7066A1A126AC2DEC55851B49BA2F69A
7A66B76732D6F43560C8F9C7DE82CE9F
16F98E345A81833EFA63D825B7129255
162E9EA2E8F649B7F79172D917C31B6D
C8A0EB7B62D644FC3F0219FC405EDE15
E695033B68FE4606CB734A4B7AF77683
24F707593CFC3B553526A3696182EA5D
4F7C75B589065B370401DA4DD1B9971A
67B45E2B144B9FA512E3C39470D73405
90C7FAB5C8AF85A5DF17F27171863472
673DEC24977AEB676EC100EB00D16DE8
1934E3909883CE2D79057F56B40A31DC
B2AB619066074C5D9F8E9AC94764DC47
DB4B9678E212CDA2B2BF74189C262B06
53F2509E9948F4073F3B4F76DC974C37
B1DF103F3DCDC292076CE97008EA0432
09CE8E31223455FA45EDC7275D444B56
A26200D6E690EFD9D52B551D79DE77D1
6F22E08A07F028D025F4A28751104192
3F4FE95A0EE0EAB7AA9F681AFC7C00FA
9C6E901A6D7638A1767571EB95A3FE25
084540A5E97DE6A62EF6C0834CFA5651
49B6311088626708259C0F715B1C5FC4
6B62BAD7881EEFC2A38004F4F84CC33E
92DCE51B328AD6CD64B444440D568255
0FD8508C9039CF43C62C418A59C94E4E
D44EF6BD71B34BE89FD47EBEA1F7BC4E
9E3A4AEF8B577B5CFC06936650547F7C
9335186A26E10D2077AA516F03568929
DCFD96C14F2D126FEC674E822F5268DE
E6DF4EAFA40F703381783D64B02A2DEF
D631787D95F0F6736972B6CE1DC4CD3F
29472A017E23593A271F3EB7C4DE88BC
F53CB8B0D55EBD202699FA7E0427581A
