70ba
dc3f
7ad3
f332
b15a
97c8
b657
938e
84e9
2938
849b
b4b6
2978
d6ba
b025
12e5
ccfe
fb74
bd61
44e4
6218
628d
b0e6
b587
6909
aba2
7e27
8fc7
a1d8
d648
e3a7
0820
0a14
aae4
3e23
32a0
236f
04ba
04cd
9b66
aace
dead
135e
aefd
ba04
be39
14f1
eb30
cd6f
c0e9
1e75
310d
c25f
0dce
1f34
4fe1
9258
da56
50e2
1d74
6a89
430d
52b8
5a6d
108a
f0c7
261b
f565
b3da
0597
db78
2e1b
b7d7
1f92
4a6a
2896
3497
fbc5
cac4
32c1
b999
d0a9
d5f6
ac93
fc5c
9ed0
5bc7
3caf
0a2a
7bde
9dbc
8e6f
1bb8
71aa
6680
e137
a313
7043
e93d
0a01
4e01
a84d
c95d
39bf
f56f
5e41
f789
f48a
7cbf
4771
6f1c
affd
e317
ba67
feb8
f2c7
e160
1d62
2334
5121
ea4f
5ef3
e6fe
db14
03f3
4c09
0b3d
8e50
e2fe
226a
45da
57af
1a39
fc71
fcad
0859
5bc1
ea40
cfe3
d5b7
399b
57a5
d6e5
ba10
6674
bfc8
e9e4
a79a
cd03
fd6b
2299
cc96
5412
5bce
15a5
bf78
a2ac
98f1
756b
3cb3
7489
607c
cb5d
f513
f984
f8da
70c0
6a8f
316c
ddc0
5560
e76f
3d48
8829
cb5f
8031
f1d1
1c54
825c
abbb
fc07
406e
717b
3008
e8f0
547c
3d0b
e715
63a6
63ff
e648
cabf
6030
8840
efc0
58db
5261
9b69
84e3
528e
0639
5f5b
a98b
040d
a437
2eee
77c0
26d0
bbb5
168f
5158
406d
2e12
0827
21d7
4f03
51bf
fd9a
5a8f
a06f
7821
3798
f414
74e4
f425
2b84
9da3
f867
4d3d
c0f1
2517
0291
b0ab
ffb1
873f
f970
51f5
7ccd
2c58
3079
5a22
d1ea
a852
13b0
94b0
7a8a
8a3f
59b4
26e1
81fe
c178
fb07
d816
502e
53a4
d8ff
70af
ad48
82f3
0057
d976
9c0e
736a
1711
a1dc
2275
7ae4
c537
eb18
0c83
6647
4d9f
f8f1
c344
5801
decd
9241
a51d
fbea
a43e
a1e3
6af0
5fda
d9da
b721
b0ae
0a0c
b975
2b22
4dfd
5510
9a76
091e
d424
0ed0
2cea
8bc9
e27e
f350
4b06
6edb
c3ac
ea45
ce29
0250
9203
70ba
f043
2470
bee9
5f9c
433d
3d72
060f
9020
b5f0
029b
ff8c
72a3
ccf8
f7a8
c23a
65ac
7cae
52d8
cc20
ed18
8341
f22d
d70d
e7cc
5b2e
5d54
fa1d
fae8
0456
7d4a
2f36
3150
3895
756a
4097
e686
caea
a619
0f8b
3dd7
19e0
2c85
ce83
624d
4262
51c2
4a6b
d2bb
74a6
9398
5d28
5310
c106
cdec
cee8
b3e4
b867
9358
0043
a7ab
46be
e8a4
3fa3
3ce2
a3dd
bac7
827e
1142
a6f7
ea74
86a0
ff0b
e052
38f6
7a32
40c0
57b1
f5d8
e7cd
5320
be59
0afb
235f
aa68
2b4e
753f
9c8b
a8c0
5b17
494e
50ff
ba37
23d5
9192
2a68
bffa
86b5
38c2
2205
ffc9
b0f6
06fe
20aa
d7d7
5321
6b95
9016
05de
7c79
2146
bd4f
2e17
42e8
8779
82fe
502f
4d25
ea82
05f0
a65a
1926
06e8
620f
5f77
ed2f
7f2c
1d34
6a1e
ff60
7b13
d898
bfbd
b4e6
0e8f
6c44
969e
47c9
968a
6973
a241
b85a
ee08
a0b7
33b0
f6f2
2ab3
436f
16d2
f8e3
62aa
3c6d
a965
c0c3
d285
f645
100e
faf4
5c66
b55b
cf93
ffe8
02d1
a216
5ae1
d3dc
fa27
6aa7
a1fc
144e
a2fb
7130
9d5c
cd39
8b30
8112
eaa1
21ad
df8b
f34c
4f45
117c
f455
ad54
cb1b
26b3
d129
c1e0
9fb8
ea6f
8d86
826d
0743
c5f3
08f4
2094
f113
58b9
c93c
f4a2
c6f5
9f58
53a8
4178
fffe
e5ae
3219
5e74
6b5e
19ce
0289
4c55
5bba
f613
9e33
5c7c
ac68
8c6e
ecb1
7cf9
c712
a09d
0b43
2171
a2c9
05e9
a785
6b46
87b4
cc60
8e84
d00c
fb81
86f6
5e27
27b0
c5b9
874d
0a48
b137
2f3d
c70d
771d
9bd1
6689
ce5b
6da1
ddc8
91f1
7e54
40d7
c02c
e657
f6a9
188e
f1f0
bfe9
4d7e
355f
ea28
2aa7
2713
d6d4
58bc
3366
8556
fea3
bba2
ce73
23a3
02b7
fe2f
5b39
882a
a543
629f
6a2f
d20a
f711
c6d8
bdaf
ec25
db74
e27b
92d8
e926
a6e4
5010
e26d
381a
a604
fd38
0a77
e8e4
31b6
2302
80d3
7169
3ab0
7cb6
884e
934c
00a4
9a3b
cf8a
6a78
6813
d476
d592
88cf
b2cf
7f34
a1d3
ae97
0c39
ae62
b418
f488
ecb1
b991
e751
dbac
11b1
9109
4989
e398
e56f
0935
e9e7
ee2a
4ac3
059c
fdb0
676a
098b
e93c
7112
10ae
0697
a804
a68d
517f
87f6
19f1
aad8
9c08
2d2a
ec4b
2459
b9d7
9e23
fe78
aae8
9bb4
9d2c
b5a1
4666
c1f3
2517
4a7a
e121
473d
9182
e099
a05c
b8f6
0061
5335
8908
f01d
9cef
7be2
46bb
b4ad
1e85
756a
a992
90b4
f50a
9729
4f1c
1cf5
ba0d
ea3e
cd72
6096
133c
3236
916c
61f5
231e
349e
c2f9
a13b
b27e
8d8a
05b5
49ab
2005
607f
244b
832a
d906
b3c0
8482
894f
0475
2c6f
fd30
31f4
6561
5968
dfd7
a3c1
e284
ca88
b643
30b9
7931
d382
47d6
2a8b
5098
1f6b
26eb
b37c
6773
dd46
de67
0ae7
6bb5
0df5
a5e9
4b9c
7c5e
af2d
bec1
a0d0
34dd
9063
c34e
3eb9
7b24
f5ad
b740
56e8
6a45
48bf
c2fd
f1b9
e5fb
4618
6810
4c71
6b91
10f1
4428
5c5d
e5b0
7b6c
7cbc
ac3e
a3d1
40f9
0d5b
7013
6733
6104
f20a
de3e
d7db
8d49
9617
5fe4
2acb
d722
c71b
167f
2699
cce5
c024
a618
2825
3a35
9e71
3ecf
02d6
30a5
90c9
101b
f42a
f9fe
3fdf
09d9
5d5b
2028
05ad
2443
b0bb
d09d
efaf
4622
2ef1
9a54
38a8
cbb5
0097
e77b
d1bf
cdd7
ff08
0fa5
51f1
d93a
783c
f1f3
cae3
dce6
d388
4430
f361
2b57
66b2
f586
f4a1
b112
4c9b
a60d
e67d
764a
2bfb
71cd
25fa
f27a
939b
0579
992f
508e
5967
8cfc
2f82
ee59
bacc
efbe
d9cd
1262
1499
cdd5
5514
cc9b
f03b
6e9d
35be
cfd4
c897
1733
3575
d74b
c715
a506
53f5
a40b
34e8
1324
84fa
6bf3
68b2
49d9
a023
83dd
c8ef
05c0
b62f
1cb2
bb79
00ee
47c1
1d65
fb99
26b3
3bfc
fa09
79cb
ef25
4112
3a62
fa65
0b3c
e5c2
6e98
c955
e4a0
5345
a331
b96d
438a
f665
c5e8
9067
c758
4b9c
18e1
ddab
e208
7d40
8134
a63f
11e2
ce51
a007
7b01
efd6
1dba
61dd
23f6
1045
3d2a
169c
74f7
1a06
77fd
0e63
3759
84d8
2e3b
dd99
7a78
72b6
f1f2
9199
5a8d
ebc2
aa7c
cf79
d36f
6ce2
91ca
f4ff
17c5
5463
d1a6
f27d
c079
c2c3
6607
3429
5896
b0c3
05d4
d4d0
5d48
6581
cdf3
b1c3
0f03
5935
6667
532f
93ff
dff5
16d4
275d
4d7f
d2a3
5a49
1989
0319
91a7
b5bd
feda
15a6
59af
7da7
7216
4e7e
8fcc
194b
2d4a
d744
ff6d
7252
ad9c
e494
86f4
1695
1b36
cb78
bd52
3b39
0f49
36dd
73bb
cf41
4009
5e36
19d2
56a8
e0cc
457e
6dca
f0e5
5a4d
34f7
3e8a
25af
d2e9
88e2
7c25
27ec
b69d
fc49
7f37
11b6
d366
ee23
6e60
e5a2
d588
ffe9
2622
a717
0c06
f2d0
cc61
48e8
ab40
2875
b0b7
385b
502d
5bb4
f6b2
fd75
19cf
6dc0
ca2c
f5f5
3f5e
bcb5
6601
ea06
15f6
47ca
4b0f
46ee
93fa
4fb3
7c9a
a8f4
9366
6cba
819c
9535
8647
a600
95d0
9b5e
f77b
9628
61ce
5520
6b71
4dc4
b781
76fd
d010
7a04
4caf
13a9
5183
adfd
854e
0599
caf4
8e22
2466
36ac
9a15
f1e8
d8c5
0ffd
d8a4
c2e9
3c25
0c42
dc6c
8612
3ba5
6506
2834
a2aa
2a94
fac8
d9da
bc1d
faca
0501
436b
15d7
cf04
1155
0b43
349e
3842
6237
e238
9aea
0b1c
ba51
b735
043e
4cf2
5868
a9ca
7ce9
0f1c
0c67
ae40
3201
36ee
714b
8c3a
db8b
f153
2b24
3289
c6ee
ffa3
c873
545b
da3c
3c7a
8fe9
50a4
3582
8347
e5f5
0518
8d53
cfa2
e749
4f75
a0b7
4eb6
57ba
69d2
f57e
6b2b
03ab
d98f
c2c9
fe61
f16c
5d26
ac18
85c1
25da
58a6
51bc
2061
16a7
df1b
979f
0e92
bed9
952c
a448
02e0
f86b
10ed
dc2f
1562
f993
f6e3
18e4
6753
0236
485c
b527
5d69
5fb4
ec7d
f739
1d99
9e0c
ed69
5645
66fe
1223
47eb
a359
c37e
6663
eed3
d52c
ebdb
def0
8a37
7f27
cfe4
5224
d896
3b61
71a7
aaef
40b2
7135
ec81
9043
4376
f7fb
42e9
5847
e23d
d13e
0355
1042
e33d
630f
5784
a334
d990
3a6e
6150
7b3b
dbd3
cecc
f117
e598
3699
0621
73cf
e8ba
8c77
3b61
2056
fe52
f6d7
0a48
04aa
b880
1960
5270
47cd
b4e0
398e
87f4
175c
a0a0
b925
4f6a
fd52
6dfc
0176
8eb6
9a31
3e6f
ac14
2af2
2ef4
4914
6243
f805
e03d
8839
af11
369a
6f0b
b250
e6e4
f557
01c9
1b85
c034
ee1e
0bc5
aa18
f793
4b3f
de09
8d86
cf61
e0a3
50b8
2ba7
5139
bf96
8307
a87a
3a1e
7088
23c9
46aa
450a
925f
44f0
561f
89be
648c
fb4d
104e
cc27
29b7
8fc9
b9ab
cf84
b197
b8d2
003d
f9c5
c3f6
59ea
df0f
ed72
00e5
8358
bec4
2065
cd1c
e698
4925
59b1
1069
e2e8
d172
2673
908d
469b
8f3f
90f3
1aa4
9083
35d8
eabb
b508
3465
9480
9b07
59a5
7b3d
0d1c
8698
c359
65a8
4f3b
317d
42f6
dd05
aa77
b105
0ad2
83a0
45e6
5e74
7987
56ae
d3cd
b6ef
349b
8a41
68c5
65c4
6d5f
48b2
5319
34e5
f127
3f15
f28d
5f62
757a
2513
3d20
8609
9e53
5412
3b0d
0c67
7fbf
a563
419b
ebc4
f4db
2d8d
dc39
8a27
81a4
313d
a8d6
953e
f523
1344
461f
8ae8
3904
9854
47df
348a
f8c1
578b
eda7
0e2d
42a4
a841
f7bb
a1dc
3baf
0c04
1ddc
08cb
13ed
7110
a467
1e3b
64b6
9002
e330
8578
2fc2
288e
e542
7bc2
0b10
a2e1
7183
2d14
ad29
2a5d
ccc0
5e8d
19d9
e7ca
8354
03d3
2fef
8882
101f
64c6
8f2c
104b
4a10
ef93
bf9e
c89f
a43a
5431
1f32
6892
4301
f5ea
b352
85e4
0141
5e7b
387c
c805
6f68
1e46
d1c9
14ff
ff73
6b88
d491
86bf
0c79
b86d
a572
8cd4
414b
405d
aba4
f802
a405
9baf
8cc9
fc19
0006
77b9
fc4d
2621
b3a4
9f4b
4b8a
5426
ae8e
6ece
c61f
0b7d
3801
4c7a
46e3
72f2
d593
a1a7
cf4d
ada1
da30
c0c7
5fff
7914
51a3
4cc5
3762
bea6
9b45
e826
54f3
263d
cfd5
e426
16dd
f83b
4458
b5f7
c799
cfcd
d44d
7d5f
ec55
7592
6189
6452
39a8
faea
0ef2
94ee
a3a3
5ac3
349b
cb74
4d33
4229
8d95
146f
89ac
5d33
0d6a
94c5
14a1
4334
4182
dd92
3787
3b14
5ee0
6463
7d26
53ec
74b4
f53b
7f28
7e8b
fc48
df0d
1ea0
3779
0629
e239
cb14
3337
659e
4492
d53d
307f
bfa2
0739
2df7
59f8
7246
44a0
57aa
cc8a
e237
1c27
5974
1010
4e06
2087
ee1d
6fa5
2666
3d8c
4eaf
5f51
fef7
c165
9ad4
08c2
da68
4e30
e751
e0aa
09d2
aeed
9ab3
efef
76da
5f90
7016
d395
e5ba
da05
749c
58da
6233
aa21
12db
56bb
19d7
7e83
615e
4eeb
6296
cb54
0591
b13f
504c
d8de
1e64
5dee
7847
b883
b764
c106
a85e
1307
0f85
11c8
cc08
3886
2945
ae87
b350
137b
0bd2
6a8e
ee0d
bed4
38c7
0637
ac0b
b8ec
9a6f
25cf
21d0
0664
a450
9c65
298f
1e88
a799
65f1
62b2
fea6
2eb6
41b2
d095
1478
83e2
dde9
756f
629f
663d
0015
8216
a7e8
ef83
58ae
069b
abb4
68ce
4eb0
abd8
7e19
8a60
3312
43b8
c753
479f
8e02
28e5
2c79
7b36
5ac9
34ef
df58
ef2e
25a9
5757
061b
3c97
af0e
b28c
dec7
fab5
9dcc
0e53
9683
0574
4815
a17a
dbb4
7fcf
433f
a2e5
87c7
f9b1
af2d
8530
c92d
e66b
bcfc
5bbe
2fc0
43c2
ad3c
0997
4742
e7f8
e10b
20f3
fda4
5d71
0071
0141
a254
baa1
af6b
2c8a
80be
a138
3c97
4c79
6c06
5e7c
dc43
5321
f873
339d
664d
698e
d549
b463
509e
8b3b
aff3
10ed
b619
869e
3df8
4a69
712c
117d
cad2
c6ef
cf5c
a144
8376
55b4
a491
d6c6
ad27
66fc
0627
851f
457f
366c
ad58
e401
1333
26ec
211d
968b
6182
b02d
adae
cd56
9964
4c3d
d7f8
fa2e
718e
4d88
0940
d47c
fe44
a87c
b184
de7c
3eae
c22f
e455
1549
a7f9
7350
0ac5
05d7
6a1c
6055
cde4
997c
1d66
46b3
1d43
5414
78eb
17a6
3646
bc8f
0455
5267
05ca
2f53
76f4
9999
ccd4
7ee9
a65b
a49a
e1ba
e176
99b0
4e9b
59d6
0bbd
201b
2c25
2f0d
6f65
e103
33fc
ce45
2726
3e45
3306
8d3d
090a
dfa6
86e1
3ae9
216d
0b98
76a1
1b69
c3d8
f3ca
f8ad
fff1
09c4
b33c
77a2
d064
1eb9
b5a6
942f
7d97
55c1
a80e
8ef2
6e1d
0824
1e46
0ef9
9859
98bf
6f72
bffa
0c29
654c
28d8
bd12
72de
9b28
a540
6b19
4f8d
a549
1381
0b93
dc6c
de51
6e61
abaf
5e27
d138
fdf2
b20e
fc14
1ad5
feb2
857b
164e
61be
7d96
ee8b
4082
24af
071c
ed1c
2cfe
8ea4
1a66
803c
9ae5
0c0d
74e9
9cb0
aaaa
e778
5865
0a30
0b79
4714
ff10
6528
4c2e
52a8
d175
ac63
e59e
3e7b
0c8c
264b
24a5
0ed4
17ee
b109
4c24
2f29
b658
c5e3
40e4
faf0
8ac8
cf2e
85df
9f69
401f
b51a
2ec6
8d23
7cac
a50b
ee20
c7f3
968a
d65d
c3eb
9e12
90c0
5ab0
c68d
ca3c
12bc
066b
756c
af12
8359
ea89
d1b4
7f96
6a28
adba
0de5
a661
9dd8
abec
8c2a
84e5
cea8
340e
a90e
1475
01bd
d9b5
8ca7
26c1
869f
be8b
6264
a8c8
1fbc
6bd8
df27
57ad
22aa
1383
3a54
407a
9657
2deb
60ec
bdec
8446
af65
10c1
577d
f4d0
ed38
705c
42e4
110b
ce33
62d8
dc57
bfbf
3eea
0690
edaf
15a4
72cf
3dd4
52bd
5a46
9608
5167
c9af
2284
d185
553b
5614
5bcc
3941
cc31
9c07
f6d9
dedd
cc57
e1fa
8778
4d1c
4ee6
d61d
73fc
128d
54cf
97a5
f52a
d9df
5f47
dcf6
8079
5805
c2ea
3f78
a811
7464
fad6
62de
04ff
77c4
ae9f
e84c
5aec
d5d9
c0b5
e41b
de23
3ed8
72df
fb5f
c58e
150b
4b9d
8b62
50dc
788b
e955
871f
b1bf
94de
8c94
9f9b
34cc
d5dc
fade
4e2a
d669
e126
ff8e
1bc4
972e
6651
753d
ab0c
504d
9ee5
89aa
1f7f
ab92
99f4
d033
540d
21df
999a
760c
ae94
92ef
e3dc
1a22
6340
4c14
4cb7
4066
ed1f
0941
40dc
aa17
507b
674d
32ba
5fb2
7f0c
5601
c378
241a
7bab
abf9
8636
4ccb
006a
eee0
e03f
98f5
4de8
22cb
a88b
dfd7
5c00
f5b2
56d3
acf9
4cee
f17a
380e
6a6a
7ffb
6239
2f71
a027
b517
3d02
b9da
48dc
5a8b
acf8
a854
8f23
348e
1353
2e9f
43ab
c8ec
d095
ff4b
038d
becb
fc4c
aeb0
58b0
7920
6264
a884
a2aa
4f9a
1b4f
f704
2777
680e
273a
ba2f
0f96
167c
1a5e
dde1
bfa8
b799
ebc8
d7c9
64cd
c07e
dd03
e64e
a270
7d50
d322
8f07
8ab3
a8d2
3225
d9df
dddb
cafb
64e3
48cf
e5a2
84d5
13b3
4385
5447
b193
1755
38b9
2ad7
a652
22b4
c6a8
e85f
3964
ac23
1a74
4007
e90e
b878
b9ba
dc60
74a3
3476
a367
aad2
c9ad
efe3
121b
4e46
f4f9
d9fb
290d
1d14
e55d
0b08
b0a6
4190
48c2
8802
d2c1
9bdd
f0fa
523c
57ad
e541
2be7
25a3
3bf5
6478
c32d
af37
fc58
ef4c
b03d
a760
d4af
2810
478e
4852
66c9
c925
6023
6446
f454
ce9e
55df
9d7e
9659
81a4
5b1b
d17a
0db7
b379
99a0
961e
4c63
d764
c6ab
8ef7
7a6d
1285
45b1
3372
06ba
a39a
5539
1baa
5204
9e32
6b81
269d
78b7
4572
c2d4
322e
f73e
4083
01db
2245
5152
1bb9
7f56
d1e7
af59
ee9b
057e
ea12
363d
a3df
2c9f
c5ec
0be9
fb34
f74f
80a6
2e86
fac1
1968
432b
956f
b745
e953
ee74
1b03
4cbb
4562
f34d
3116
c380
95f2
42b8
c59a
395e
889e
4ddd
743f
fd3a
3a98
3b7c
b97f
aa5c
bff6
2a11
8b99
c4ac
cce5
56a4
0a14
bdaf
a1a3
eec3
2576
9039
e054
cd2d
a95e
6b86
2c53
76b7
4e50
1c62
c9ee
013e
8180
0f30
de2b
a83a
1efd
0939
4136
b5ec
0c4b
5149
b5cf
e017
e6f6
146c
5355
4bee
8542
8d5f
b41a
4ade
92ab
03bc
6ad5
6ef0
1184
d18c
480e
9f6e
5e09
ea64
c73e
fa3d
7104
4d4a
0133
cfa0
5552
9990
a9ba
5ab4
0d1d
587b
988e
c8e4
fad8
2877
1487
ee04
7287
bc45
fa72
491b
d0d3
6e58
df78
1798
f66a
674a
ca8b
11d6
eb75
b5e1
b08e
9f05
aae0
fe2e
5d25
38a2
30f0
1b45
4465
ed80
a07a
a90e
50de
9b75
4d7a
34a2
a96c
731e
f7ec
dea6
7c66
ff8b
4631
8984
7804
be0e
187d
25fa
2944
dadf
4b90
d9eb
ffcf
5589
5a35
dacc
6836
e1ec
75e2
069e
d8f6
e7fa
1d0e
969a
50d9
f90c
f9f1
86eb
1b97
f097
1912
02a0
2bff
5e4e
ab17
5c32
48fa
ad90
a58a
ccca
804c
458c
6f01
085d
de67
546b
04a5
0391
9614
c23b
b9cb
0a60
c4ec
3fd4
2496
ad37
57c4
b9a0
cdeb
5809
ed1a
c0d4
6d24
7316
3ca7
f4c6
882b
d2f4
87da
2238
4f31
b2ce
a7ca
1955
c140
53da
43a6
8d38
7cf3
36b0
2a6a
91f2
9516
b087
9958
21a0
3bcd
1019
8c9f
aa07
9b26
28dd
3d02
7b25
5b40
d3b9
9c9c
e631
fb84
e9ec
fe3d
2dc1
1fcf
85e3
e49e
ddd4
7127
a0b1
c7b2
1024
58de
b3e8
3eac
2677
dd9c
e6b6
389c
94a0
eb2f
eaea
001f
9599
c723
8bd7
af6e
1778
8fbb
e295
d690
535f
cedb
a7d0
1f4f
c482
da21
22f3
6810
adbf
98fb
fb36
62e4
9033
036e
00f7
d5d9
3dbe
8911
3bb7
2e4b
7239
3edf
30be
0f61
7489
c5f9
d879
174b
8154
088f
3a1b
8225
06c0
e7a2
5a70
3366
0bed
d038
351c
171c
e92f
b9ac
377a
396f
acbd
8851
71c5
76f9
ac3d
a2e7
f973
0e60
b8e3
41aa
5fec
a554
1695
2d01
a45e
4b74
9518
1f87
c869
62e9
fba8
cdaa
66d5
520f
0b90
f79d
16b5
3f6b
8afc
4e55
9462
330f
800b
5b3e
07a0
43ba
3d46
5eaa
24c7
df83
0d50
22a3
23aa
8459
6edc
f556
e116
cc7d
5b1a
e2e3
0463
b824
7828
9ea8
c658
1381
0bc5
9e9e
51ca
27e3
dc9b
8562
e17a
4daa
c410
7746
3ba4
d431
96dd
561a
c49f
4a8d
4f4c
10ad
7ced
edf1
2825
dde0
8216
86e3
6574
a3b6
bebc
59d0
4a4f
d6d6
c13c
cbab
cccf
2c92
4852
7106
d27c
9c55
5916
cd17
00ac
bea3
b357
d301
e74a
59e4
c12f
2e16
2d68
2b99
6339
5736
12bd
dc40
aa0d
bc86
e538
2aca
de69
4269
7b1e
a769
0e5d
225b
d77d
d4f5
48f0
c8d9
a3e3
284c
9bb7
12ed
3994
0fd8
b9c8
ef13
b44f
8d63
2f58
0705
f7f4
a32b
d871
7e13
318d
655a
6dde
a294
7d8e
886c
fbd2
4e3b
010e
4570
bf25
af21
422a
f968
66d2
dbe6
cd4d
2e32
f60d
14af
fd8f
b2a5
9f42
4060
8742
207d
5006
4c06
4c5a
d35d
49bd
f771
09a9
d691
6196
9164
3381
9643
14cf
8423
0ff8
c0fd
f442
6791
7921
4caf
87c6
d01a
1509
de18
8c0f
a34c
16fd
20aa
e72c
9693
4881
9cda
1a01
2415
d15a
918c
b75d
a2ac
ecde
a00c
55a2
3a51
d0b2
0c32
04c5
6e30
8142
2582
d320
2ed3
0e35
d3a9
200a
a508
59f7
0769
8591
f4f6
4c87
e953
2731
c56b
ca12
8ac7
fd94
5fc2
a7be
c34d
d891
9f87
dfd0
fa5d
3642
740f
5ecf
05c0
03d7
6fd9
e1d1
a75a
afd2
ea4f
9388
ecbe
d16d
8702
36ed
ac32
bdf0
aa92
1688
2e66
5dee
77eb
26d5
a431
686e
271c
c83e
ed54
9fb6
5643
deb8
88c9
cff0
05f6
bcbd
7182
f987
b904
779e
679a
67cc
ab45
d106
1347
ac8a
79ce
6ed8
3f7b
c6c1
f7f6
7068
3318
9756
05bd
3d16
84e1
6fc5
3571
c8b8
469b
1623
2156
9b22
ef71
6e9c
cfce
1513
757d
acb2
1362
d201
7205
243e
4247
16fd
61fe
3806
5c2e
19ee
7785
9474
b5b4
1aae
d349
e0cd
9606
d6ae
74f0
b51d
3d51
1294
0407
71a7
72cf
586b
7164
7bdb
7754
3126
8315
7286
b6d3
c83d
4820
021e
fab0
c467
9e04
fad4
ef24
18bc
c480
f260
955f
6bae
25ac
474c
a38a
0e81
a10a
5513
e4b4
b883
f430
c841
e484
af7e
e6b3
0cbe
b5ac
e5bf
da83
ef49
b94a
3280
19a7
3aef
4c7c
d2f8
d7c6
9646
96fe
5773
af3e
408d
d4ec
6354
ad55
1f26
1ec8
a81e
d0be
8025
145f
65b6
216a
5baa
1b6a
1b2d
7b48
ac9a
72c4
c39c
8f5b
312a
e7c1
6ab7
51b3
f946
9782
5494
6df1
f368
b442
39ce
7cd4
f469
31bb
aee7
1c12
2ad4
d9d6
d21f
22f3
fd0f
1168
89ef
b889
825b
87ff
16f1
13f3
b0c9
60b8
d58b
8e45
0d3c
c3f7
1915
14cd
deff
a708
9398
9a4b
1b53
31d6
8d97
d743
2a3e
eeaa
2ce1
427a
a927
bff3
c15f
43c8
ce5d
2d1f
3616
152b
4a20
ce42
3125
10cb
10f3
b7c4
701d
894e
a7e1
7103
c215
ca9b
8a98
107a
e6e2
9bf9
c5fb
fd13
66a8
32a6
d7b0
3c07
ccad
4cfb
7755
f734
2e2f
ef22
b0fb
3eec
e81a
5a31
c111
253a
0942
66ef
968b
ff3d
8f4e
f436
614f
2255
8921
fc44
2872
84a9
c3be
edf2
dec4
e159
d453
6353
5fe6
e056
847f
c909
f0cd
c1ed
a857
245b
3846
fbce
1947
7bf0
3393
cab8
5358
0f8f
5b93
7c1a
01d5
10c9
43f0
5f33
0f61
1c3b
a755
99d3
08b5
d0a6
39ea
134b
01a1
acac
a922
e202
50af
7a62
971b
d1af
a5a9
eeb2
c14d
ded7
2e35
48bb
2a27
55a5
41b7
ffd1
9021
6905
c500
15d4
4a0e
39d3
7420
b431
bc1f
7070
0b21
4018
a8a3
c53e
be83
9423
400e
efe8
c0ff
7b8c
3218
bd7e
c9d0
3bb3
1df4
ebe7
2654
99f9
199d
0f46
c18f
c5f6
a26f
a39e
37a7
beb5
d87a
7974
eb25
451b
1695
d0e2
e665
a516
1d63
4b3d
0ee1
592c
043c
7233
4ea4
888a
6f52
5a2e
f482
5c12
4e7f
b524
8b34
d6a6
3399
abf8
c8a2
5cad
a3a5
f915
aaf3
7fff
7b26
e17b
e688
acec
d575
c143
d86e
921c
5c74
d6c4
828f
a6a5
d964
4c7b
b8c9
63f9
d538
e280
24d9
8a74
4a8a
4616
53bd
7939
5cba
a34c
12cb
05d7
2d2c
d409
2f82
9668
0612
8de0
9c14
ce7a
7b4f
eeb2
c7f4
70d5
a20e
dce3
28be
848e
9775
bfcc
7689
36d1
343c
8d22
0b57
ddf8
4528
5989
06e7
0af4
3c66
e833
a4f8
dd31
252e
4627
de5c
e08b
c71f
0b09
6b40
422f
c79c
e5d8
9c95
1f04
d401
3eb7
fe85
e483
6300
8f70
77cf
83e6
5931
179e
18e7
dbbe
0805
bcfb
d4aa
6d1b
2255
ec52
e5de
4125
5454
2a67
4f2b
2dab
23af
0ce6
f8a5
73ca
a8ee
f3da
aa99
9032
f400
8ac9
6cbe
03cc
35ba
2936
8695
10f1
0e1d
409f
a1b1
e22f
14f0
d61b
0c5e
fb4e
3758
2c0a
0a56
ff08
61f5
cd3f
5ca9
e7e8
4ace
ff61
5845
87ba
d949
6a3f
00bd
e511
eac1
d1c8
50b0
2ff9
10f0
e607
7511
e5ab
7330
3609
1b42
c359
2aa8
be56
50ca
6496
5238
2a48
6ae6
d4b8
1833
47c5
fa90
8b91
eddb
072d
cbb8
7700
5fff
d01c
6ced
5a64
282f
3608
036e
fe0e
08d1
bdb9
b560
323a
c3b8
ed56
28d3
6af2
ece7
a048
e48e
481c
ec19
13e5
2797
945e
6804
82b4
f6d5
2f4e
41b9
3ace
036f
6c62
b07d
79b9
072c
438a
1b68
a181
b374
637b
5268
037c
5bce
70e2
8ee1
8681
eba7
1f19
a129
eb68
ac5f
fa7e
3171
90b2
7f9a
5119
9072
212f
9819
7576
ab14
9e0a
be43
f6f9
88b6
56eb
5b51
222b
ebc8
e01e
c8ea
d82f
3ffd
cc52
5312
a8dc
1a44
03ba
e90f
bdc1
df7e
1e75
ce26
ebb6
2ca2
c06a
f0ac
0e4f
9e1e
90de
8582
a148
64de
7703
6f62
5a96
16c2
6616
e45b
917b
595d
95dd
00c7
5bc2
d170
63d1
3ced
b0b9
61e6
e676
3800
0921
38b1
03f4
10fc
2233
3f25
46d6
8ec7
0ca6
ab77
c28c
d0cc
ef28
dc20
b921
292f
e974
c650
7ece
1e90
08ea
3a44
0a12
910d
052b
ad4f
b8a6
b5a5
01f6
50c7
36e8
bab4
2535
bdc2
553b
8e7e
feca
7f17
b4f3
54b6
6ca1
0413
b67d
2b08
9026
c0d8
b2fc
30dc
4e12
1bab
e530
7459
c112
bf45
f4b4
c938
dc89
2b64
d071
db2b
8cc5
b09c
e1e5
58dd
66dc
da8c
6cac
40a3
db6d
2f87
2d77
e0f7
ace7
f329
9499
b76c
c3f3
8162
0c80
d874
ed3b
2205
dac9
7079
fad6
f437
ceab
2799
e98e
1ad8
53c2
b18f
7190
a506
f71f
334a
a506
4f8b
37cf
2fe0
0dec
b548
a8ae
7611
c833
dc05
7374
4d47
7d57
8112
08e4
3a8c
a0e3
ae7b
3680
98d2
5a10
786c
b8b7
51a9
0ab7
97de
3fce
2c1c
e668
bdc2
3b25
f5f8
8674
35bb
c53f
7aae
eaa7
a5df
af2f
d912
d7b6
cb91
9aaf
ab0e
a056
b7cf
a310
200e
9e43
5cdb
49c2
520d
8829
7540
fae3
2bbd
91c1
fbd0
72f6
df59
9425
5fe7
a2e9
bd80
7d9d
159f
4db1
7061
02a4
fcc5
3780
e118
d588
06c6
c458
84f8
5d08
716c
3da5
d45e
7d03
9d03
5f0a
a59a
a273
1491
216a
7baf
583f
02ba
c1e5
c858
2769
75e8
d0da
03c1
e407
e549
bb9e
8e1c
47db
2155
f185
f3f0
eb20
e614
db41
8eb5
18fe
47ce
d523
1f64
4733
9297
cafb
e9c1
3459
19bf
7225
dc0c
adb8
d61c
7331
2cdb
872d
ccbd
36c6
a9d7
a6d5
f207
a104
6e64
fc63
afe9
3c27
8278
0371
8f9f
f95e
356d
f06e
70d9
ed15
c26b
128d
49ba
f7b8
4334
84dc
cf8e
f052
6963
7207
f6ae
919e
4a7d
e0dc
e5c8
3d4a
9cb7
bc48
3e57
88ce
20b2
38ee
8bb6
6f6b
a55b
dbd2
53fa
1516
62bd
bf68
dac2
cef7
ed78
3720
9357
bfb3
e68e
56db
edc9
3f31
dfb8
6464
99c4
dfb8
fe16
2707
fcce
4638
2b4c
cea5
815b
cf00
316f
09cc
4cf0
6bfc
18d7
2149
0577
8a89
79f7
e452
8b8d
4b4c
5c34
870d
f5f9
f34c
00ea
ba5e
a469
8570
4dc6
0264
e56d
48c1
1817
9e6e
6d26
2bcc
f56e
8514
5d4b
d0dc
1bb1
18ba
5807
e6ea
2394
8de9
a480
548b
38c9
a4f4
535d
0061
3f58
2813
ff9d
e2cb
825d
ca8e
0aa7
a65f
66f4
727e
2a9c
216c
d55e
ab52
43d1
360d
5db4
759e
6854
0afa
a441
3937
0123
bbd4
7668
4da4
d88c
efe7
24ef
1644
4a43
92c6
346f
b102
c076
3d21
93a4
fbe9
6dbf
317d
87aa
8d9b
123d
eca3
fb81
283a
df51
8ec7
ba73
8b6a
7379
28c0
ec1e
b1e4
64cf
6a4a
f24e
c26d
abb6
67c7
d058
a5ec
f2cf
3a20
bea4
5084
697c
730d
c64d
aca7
2dd8
e20a
3788
d9f8
2359
1f02
5c13
77c9
4fbd
69fd
9901
2f2a
4023
8ddc
9c44
3cd8
2726
4379
30a2
aa7f
8581
d471
9a11
ae62
dd1a
6a45
637e
65f2
cefa
1d64
fc31
feda
ddc5
910d
4e6c
1ab0
1326
df39
773b
9341
83c9
6ed6
48a2
c716
1e5d
1689
8e98
b96b
0119
cd86
a08d
63ab
c39a
5ae4
e231
62a6
a814
40a4
ac37
38f2
1601
b2da
6722
6baa
a6c1
f7bf
a1c8
314b
c0f0
0663
fb43
7c18
1a98
b771
9948
d2b2
7f4a
0cd6
0429
b448
4870
eb33
6a50
d3c6
609e
0e84
8986
d035
b223
b431
b3c2
e85c
916d
49e2
e794
f0d5
7336
d3f7
98f7
bbdd
5ad3
033d
bd5f
bd0e
3489
6420
ba1e
c0c5
7162
d84c
0e87
611f
6d23
5101
1522
adfc
3fb6
fb7d
4fa4
73c8
47d7
6221
de29
775d
827a
19e8
fa5d
0bce
0534
b834
57f3
560b
535d
1448
afea
1f1a
5aa5
fba7
bcea
ab9b
8a10
50bb
1729
2274
243b
6a63
0aa1
cf02
90f4
b7e6
6e1d
0ec4
603d
1c63
294c
c2f8
22c6
30a5
9449
1446
106e
5ff7
cf12
16a1
d107
75a9
6aeb
1b00
b343
6ac2
e373
5ec2
01ff
db8b
dce5
641c
5298
d86e
2522
7253
9d06
0428
4a23
5d84
0a6c
ab2e
bd31
6515
aabc
4bae
aa66
ce38
0c05
8a94
1661
ef90
6963
0126
c213
9be0
7de0
67f6
2e1d
e755
efcc
2078
eb0a
dc06
5682
1b8d
91f9
48ba
2a5b
e9f0
4fac
264c
21c1
337c
9eee
1e51
a511
ad5a
1796
972c
6fce
6a0a
e8b9
acdc
38c3
b4ae
cacf
1b6d
d55c
c897
9dbb
196f
2e99
7e4b
29d1
df37
1403
874e
bbc2
d708
3336
3d05
0841
5fe2
34fd
6ae2
b2a7
ad65
fcf9
ed86
4a18
8760
c25b
1a10
85f0
43e0
f213
63e6
3251
f1b9
7ec8
fd18
50a1
b765
cc7a
4b4d
cc3d
949b
73d5
66b6
c202
2270
9eb6
80c0
b99d
1670
91d1
a616
49a0
d2bd
aa49
79d1
7770
b3ad
b6df
8dda
6013
bd9e
6289
44d5
0396
0e0c
728b
9592
f5e2
aac8
fa80
1f79
1805
264d
4ce2
b9d9
d0cd
4897
124d
4b2d
fb13
c089
3234
64f3
4d5a
3ffe
96a5
675b
ffb9
8182
d192
b453
9d42
268b
5de1
b0ab
5320
0499
20c1
812d
dbc0
e846
50d9
b921
18e9
8b15
1372
a6c2
198d
8be9
8f40
640a
a674
c287
956b
6fe5
7e35
b064
9b31
2613
4e66
6508
36bc
1af0
cf86
428e
7749
d699
0c67
9da4
de20
eedc
7a87
435e
a051
a701
a8c7
8a5f
675b
7ef3
d573
adcd
361a
a56c
3385
7807
7abb
1ec6
079a
f022
a439
ad81
4afb
326f
31ca
000a
bf41
e821
f6e2
96cc
b690
7534
c970
0207
4f98
80c1
8975
2584
129f
6b5b
8b53
2bc0
54bf
d844
30b3
effe
80c8
2e6c
feaa
6d83
ae4d
a4f1
4556
7125
5ce4
c9ec
f612
5920
b7c1
aad8
6fd3
9091
4f63
bedb
c724
dc9e
f03a
382e
a9d1
245f
fd76
8cd8
75f1
196c
ee41
be70
6a3c
eaea
33e3
c762
919c
f92c
9d55
15fb
bfad
8dcb
5544
c2d9
342b
c292
4ccb
4519
d326
f675
63a5
7b00
456b
53d5
61c1
aacd
f308
2e3e
0042
5e5f
ec8a
d572
ff80
1070
adae
3411
2592
e16a
b95d
5a6a
b336
9124
85b9
b194
0fb0
7e97
9d60
30c6
cae4
83f9
de5c
f503
2790
2c0d
a970
d3c5
7579
3217
b040
ff77
89d0
f5b1
635d
3a51
f578
a500
2f48
e62e
5896
a7fe
2985
b620
8841
0f56
b89a
b159
083b
9698
3902
03b7
1ec8
7011
e465
45b9
bf22
3517
d84c
100d
518f
e85b
12c9
7fa3
6492
4b5e
44c9
2e10
5d04
d23a
46d5
e926
22aa
eee4
030c
d518
f8d7
1afe
a2e8
0847
5c38
efd0
08c8
a1e9
2211
f430
f494
b133
164b
60e7
cd1f
144d
6999
3c13
126e
a9bc
9862
15e6
994f
c79e
fbe6
fdc8
86d0
8277
9d44
3500
d5fb
8695
4ccb
061c
2208
7155
9cfe
0643
f945
eef7
36fe
59f5
f12e
f7c4
fcad
f04d
7769
851b
5b20
3aaf
63f8
a870
9afa
7b7d
6d79
4954
b03a
779f
e110
93d7
3b0e
4153
3970
928c
6049
419d
f101
4acd
02b2
3896
c109
ad34
8108
ae6e
113a
0906
9b89
30be
eca2
a7e7
d732
9fb0
1955
6911
5205
c432
39a4
99a8
e8a4
f00d
0e57
112e
99bc
3840
fd8f
d557
4455
2e14
011b
64a3
2b85
fde5
07e8
b1fe
8c2b
6f81
6afc
7087
1f3c
08b9
7a1e
edb1
1be2
23e6
5a40
9c11
9a57
854d
6b5f
f878
0df1
229b
8fe5
38d2
faf0
b61b
facb
cb0f
1999
6f17
b446
09ea
474e
5202
62b8
cb19
a048
d067
bcaa
b833
4f7b
783d
1c52
12c2
7fc4
2c55
ec07
bb82
878a
4173
ea29
e694
475a
e9d2
ac4f
1800
48fe
0ed1
76be
aea8
313c
f32f
9634
be71
452b
9907
8de3
4ba6
2edf
1195
8d7c
1c05
cd04
3608
2025
099e
cf47
887c
24dc
5665
fcf6
597f
7c46
9a1c
2351
0bee
559a
81bc
bad2
9655
d33e
f83d
a790
1c00
de5d
23ee
8015
ee85
4ac5
9526
ca25
6360
a537
8851
df0f
6201
a322
41c3
b4c9
8854
ae3d
9719
30e0
f169
e4c1
54ef
a159
ea5a
e475
af12
c2f4
a7db
e753
3ce8
b421
3167
d83c
c862
e761
a06b
31a9
7a24
2bbd
e8c6
c9f0
c18b
ee2b
7b34
98ed
ce04
621f
0cfc
a9d3
a680
dce0
bed9
5eaf
ad2e
8e64
c65d
8b40
45f0
096a
567c
c3b5
be90
1626
bae5
3fa3
1462
a83c
b796
7e00
1c8a
68a0
7b16
f051
267b
0350
9e0b
e79b
691c
3204
2db3
8b7d
ff2f
831d
b572
dfb7
c017
186f
fdf7
dbc9
d6dd
59bd
daf8
503e
28f0
ca03
0d57
5419
1535
a531
7636
03f9
e77a
37cd
c9c9
fa0d
4cdb
1551
cd6a
8890
ed64
d1c3
0940
3ccf
04a5
cac0
5530
5002
60c4
23dd
a90c
ee3d
8f9e
e2a7
933c
52c4
a9c3
288b
5865
951c
3e22
7a27
a164
8d20
0bbd
279e
5ca0
b9d5
b956
9fd3
c9a3
464c
b45e
0e8e
a81b
a32c
8952
8f59
2712
145b
fd68
53c5
0c1c
6453
7c60
3d5b
343f
f83f
3f26
bad0
dd0e
7230
d3f8
6801
d07e
da6c
940e
1bfa
ce2d
6c01
4a2e
072e
f5de
b0af
65da
78ad
a248
fc58
7724
c378
3c54
e9f3
8250
d3fb
d1d0
8e4e
0023
efb6
793e
00e9
1620
c621
d6d0
5246
4494
64c5
6657
d850
6fd7
ab38
1649
7301
8528
5745
5e38
63d6
2759
9836
856b
55a2
c182
bd90
ef50
d953
4ee2
b92e
7ecf
2006
a669
d4e0
a7a4
28cc
103a
8a4f
9db0
1adc
0d66
32a6
65a2
4fde
a1d6
e151
07c3
887f
2d35
fdbf
202e
67f9
4a6e
454f
289b
83bf
7933
ae28
c9c8
de2f
3831
41fb
51d8
9fd3
e09a
ca2c
b710
a779
7c60
a721
0656
0496
89b4
233d
fc37
10db
17c5
07ff
e5ef
525a
715c
9afb
1159
1040
86fa
f877
4c96
55cf
b0ee
f040
aaaa
c802
26ec
6ad4
587f
f75f
a626
0c96
28a5
0ef5
7d8d
e07a
9bb3
c370
a4da
c2d7
c471
b6e0
62b3
f42c
a1a5
6c50
5652
777a
d6af
0021
dbc0
03a9
e5b5
3a3d
f8cf
1fc9
476d
718f
f7b1
ecae
6e7b
ad78
a272
023f
145d
5567
2de3
d25f
1e28
75dc
a615
e331
0929
9086
4142
43e5
c30e
7858
7444
0289
8c64
8b10
04ab
3408
b0b5
8f76
cb9d
8701
f3c8
f4fd
5662
12bd
1825
4180
817b
2c0c
d875
d3d2
3343
6944
23a1
015d
c0d3
6617
48d6
d893
c809
66cd
49a1
165a
5e43
7d3f
1c80
c12e
6932
d5fc
d1a8
bbde
8035
9557
2b6a
9a3b
f299
43a0
6edc
1276
f0c3
0477
b0dd
6056
5a2b
e819
1f83
8cc4
61bc
411b
6e58
b547
c57a
ed2a
6c04
1cf5
4d2e
b988
7465
990e
fe0e
7f16
c7a8
b239
4a3f
d036
4ca9
165a
043d
1a72
5e7f
3923
6325
0f5f
211c
b429
8b0d
49a7
ccf8
71b6
478d
fe4f
276a
773d
96f6
c297
38f2
e965
19a2
9c76
985f
1274
32fb
5e54
ca6a
9e8f
3766
17d5
f91f
de7e
31ab
29f7
daad
9a7d
eea9
1230
9e7f
5fbe
5f23
0f73
940d
6dd7
d4bc
d997
452e
fd4e
8e8c
efab
bfdc
b5d4
fad9
60b3
f434
c5d7
199d
be17
8c94
e7b6
66ff
ded3
d6a3
7707
acb1
413c
18c0
aa8d
60d3
4924
ff5a
2e4e
2642
849f
af75
ac03
24b0
48c0
793a
91eb
230c
355c
9f48
d1a3
9eb3
2acb
390d
36aa
c0f8
e55a
b4df
04ba
96fe
bb22
f2a3
3d22
5425
a00c
91bd
ed3a
f6fa
823f
2c41
cd06
6216
228e
e70e
e4d8
7c3f
1739
808d
b018
aa79
3d8f
2c27
a53b
ec91
f7bd
21b7
6d27
2b8b
06d6
75d3
65ba
c3b4
354c
1a58
6bcd
a2b3
4499
227e
fbe0
a0de
ae18
a8b3
51ad
6f42
f13b
1436
83b5
97cf
2f14
10b3
16d7
a179
92d7
3090
ca5f
7be4
db50
beed
590e
aaa4
3944
430c
8124
5f22
fecc
1543
f572
cb1e
a350
8787
7bab
61ab
be22
7680
c1e5
67be
cd62
7581
4f8d
2d17
3fcd
3d3a
cd41
d4fc
af2a
70e5
e40f
4089
2f5b
73de
aa73
06bd
d7b4
339c
2804
12e4
6df5
6950
50c5
f3a7
bffe
80ad
2ed4
61ff
e75c
e569
37ae
5bde
cd4a
bb8a
5e3d
20ce
d156
7481
8f8f
74b0
5f0d
7994
f8d5
8481
4bbf
6a13
e1ba
6408
7021
b997
4025
ab93
8f6c
c088
a9de
3ee4
b38b
e5ef
3e17
e594
12de
f1ef
ee44
4345
5523
e31a
d0af
ee5e
e5cb
2bd7
70b7
36b1
9fb4
b2d0
5429
6c76
c10e
60b7
d9e1
7757
808a
9d1b
58c9
f58e
a796
48aa
88eb
f42e
9fa7
364d
93b9
6091
998b
ef54
2e0e
a8c3
60cf
dc17
e215
377c
9c9c
21ee
3807
1e04
87c6
bbc1
be49
8df6
f050
9909
f8c3
8e24
c9cf
fbac
730e
16a2
7104
5f80
3834
4df8
b781
de06
28e9
45f6
c4a6
5e00
1506
62a4
053a
b43d
da31
e66c
4b3c
7628
ebd9
e50e
869e
39ed
cba5
cc92
46aa
721d
8733
2c0c
5ebf
e964
1a44
691d
7bcd
973e
5565
061d
2d93
2617
f61a
6035
9883
4ac7
2368
e2bc
e049
933b
a7c2
69ed
e44c
a01a
3782
dc91
f3f6
f78e
2947
9aaa
9689
5f55
1850
74b2
212c
4940
86fe
170a
66de
0783
c9d0
c9ef
2d49
0483
00b2
da61
538a
8a55
05dd
820e
4332
ece2
c15c
34b7
b88c
6097
9e35
0678
fdc5
19a0
ca90
98f1
c2b4
aea0
356b
abed
b9a6
cfc5
71e3
7362
4d8f
4592
9b8d
ff72
b60a
4acd
f4eb
35df
7936
248f
e07f
d934
abd8
d728
f24b
4b4a
79ad
6490
0c2e
3952
ef73
f469
675d
7b8f
e316
8367
59d3
b229
f36c
9002
3a1e
443a
b491
99c6
7bda
1710
a190
9b46
b31c
82f1
5d06
b3f3
2059
d976
272e
43bc
0375
7aeb
eec3
6ada
c70a
4efb
ef56
3773
e2bd
ab4a
6a90
4ed5
4eb2
6152
86aa
6552
e5b4
69f9
4566
65b2
2a9b
ecf3
d460
f1f9
e807
4453
298f
d674
aa2c
938f
7907
3c31
b437
25f5
9ec6
d4cc
65ba
0b2e
9434
b266
d772
7caa
c9ef
5cc4
5a60
89d0
7b5a
226e
ea45
caf4
de9e
7737
37e4
13fe
1b8d
6110
78fb
54d0
18cc
23bb
ff0a
f05b
7d21
7b35
3e2e
346b
f356
3d65
385a
921c
bb62
d0e7
04a6
9497
70b0
3bcd
f8f2
f8b1
51e3
2272
c6bd
912a
65a0
65eb
1cf0
4113
09a0
de71
9f4b
6b7f
1115
6ddd
2324
0e26
6b0f
a810
7f75
3cc1
c141
13af
65af
d817
0ba2
1900
5eb8
d855
d8a1
b67a
35ed
7bfc
15b6
3358
bfbd
3440
ffb2
85cd
71ec
7b15
49f5
1936
ea59
34ff
5c72
f01a
7168
a302
48f6
ebb6
e591
2138
41ed
6a8f
8a69
8870
0a5c
fc9c
1df7
bd69
0a47
e8d5
4bf3
9981
a899
8650
8666
f205
80d0
0daf
786e
5908
000f
30e8
fec1
9d37
f866
c615
b635
4bad
90f6
9bc8
834f
d40e
8f66
7af8
3dcf
acfe
54dd
56af
b4ca
9c9e
64fd
ed0a
bd00
237f
fb17
e638
0f94
2501
b1c4
5ce4
e74b
4ac7
5d39
b534
00c5
d428
cc1c
b46a
90c8
112d
20a2
f7dc
af46
735b
af5f
4e17
7e59
0fa6
3433
9a0a
83f9
687b
9ed0
dcf5
d936
c54b
66e3
81b5
fe82
9aeb
ff41
4700
9d6e
86cd
4565
306d
341d
f43c
52d1
dc40
e47d
bf57
00c9
4bd4
892f
a13c
dd4e
c131
b8a3
7d8d
1645
7dff
853c
f189
2b70
92d7
31dc
1ace
b64a
eb73
db61
8203
dc7c
b463
ead8
c3dd
c1a7
390e
038a
bc31
2c6c
2a67
8ef4
99a5
b6ce
7f29
498d
c241
f466
8e58
d423
aa4f
d836
35b1
5cfc
6463
6678
95d5
74ef
9c59
ef3d
de14
b9cb
3f16
6ba2
744c
6eed
8304
bf0f
b26b
58af
6c41
1eb8
c82d
9553
2636
ed3f
b360
99a8
87b3
314a
7c3c
ef03
e9bb
264c
5ed0
15eb
78de
3e9c
2616
b767
0b5c
02b4
8324
e6bf
4d0b
67f0
7aa0
9f3e
4d18
b857
bb39
0108
8881
aa46
1582
2b12
1f88
2410
191f
6e96
6736
b1f7
a704
fbb8
8cfa
a7e5
1287
c0b4
ed01
a85a
7644
c318
60a4
12e8
a8e5
160e
1e1f
7726
4abc
01cf
53e9
83f1
cdca
4bcb
34c1
7801
4319
f054
38cc
1477
b001
56f5
2be5
065a
4e2a
2d7a
9733
3ab5
9685
1b35
7067
9e66
bb9f
df2b
55b4
d588
5940
9bc9
5267
24ee
ba5c
6876
ea9b
afd0
9860
b63b
2012
d44b
7c0a
4c72
924e
6645
0a94
728a
bb11
3863
ee02
39b2
23b4
5442
1c21
9481
2f9a
58b2
e880
c999
8a43
0047
84b0
2b62
bad6
10df
fc0d
5806
8c6c
0478
286e
d0a3
bf76
b472
3a94
df60
4b6b
b3ca
742e
d7b1
2b85
81a3
1cce
8c79
469a
7eb0
1c22
f14b
1a5f
bbb8
9f1c
5b03
ba61
119d
af75
ed9a
d7d6
cbed
0b68
bbcf
5946
7b15
a56c
97bc
b184
a0a4
ff74
9a25
9be7
a905
f980
bfe2
1b49
c112
315b
cacb
f2f3
c1dc
0c34
b7de
a472
65ba
0c19
2561
fffc
310f
8996
57e7
242d
27ce
4497
3bbc
9c89
9800
3832
1234
3256
2d3e
4cc5
c839
ac0c
1da9
3646
a4aa
076f
2632
c9ae
c003
0f61
75d5
99b4
34f8
1a3c
2bd5
bf1a
83b1
5671
4304
fb5a
d847
2164
6478
8122
a6ce
1e23
be40
d483
79cd
7ff1
cab7
0e48
be48
b19f
2b8e
6bcc
4d44
3154
1213
d627
f80b
40ed
18ee
6359
b64f
8943
c48c
89ee
24dd
a33c
bf84
b733
def9
9018
50d2
de96
5be6
1120
2edb
e9a7
9bec
f148
cb8f
f12c
3b2a
bd22
3371
11a4
290b
9585
45df
43c0
f171
8228
66a1
3a32
e077
b7e0
9115
6f49
85ab
8218
5fe0
8161
57b0
c18d
3f39
0709
d9d5
4480
18ba
a38a
acf0
b302
e459
beb0
6829
328c
e9ec
d3a1
405c
6893
32db
eb5b
2c91
4bca
1916
9d2c
5d0f
f7ce
8dfe
0429
aa42
f38a
ceec
d36d
501b
6bde
ac6a
e483
03fd
270a
01dd
f65c
0a23
394a
9f32
8646
a89f
14d8
d4de
2342
e8fc
f8da
ed8d
db51
2cb0
dd5c
939c
9c5c
166c
b2df
f280
bdff
f3d6
fae7
9b6e
db71
f6c4
0da7
c884
1875
1649
9324
4caa
510b
348d
b240
8ca8
e226
1a70
936d
77f5
32a9
69cf
9707
9d34
0e99
2a1c
f4b1
9223
ce64
8ad3
3b0c
32b3
0d75
f8aa
9f3c
854c
f313
97a6
9829
38f8
e298
c7d0
d629
9178
bd1f
efc5
24a6
70b7
37ea
6954
1b2b
fe79
ed80
f4f7
010c
5b43
820d
755a
d960
943e
85dd
5192
e1f0
1a2e
47b9
f4a4
dfbe
705c
ac62
7b68
61ec
60c8
1687
cef6
c754
8986
4379
4061
8b5a
b7ed
ef18
ad34
b890
df0a
ac59
74de
e4c8
c787
b662
2e1c
c772
cf9f
456d
ba89
9e72
a5d3
bee2
bb5b
74ca
7d58
af4b
1b14
4c1d
e15c
2fbf
d7b0
0708
34e6
b40a
3a00
5a29
c224
5210
5012
eb7d
7e40
ce65
36c1
f5e3
326d
0716
8846
0b61
48cd
0aeb
533e
a8a8
5e2d
7028
da47
51e7
8dc6
6178
25c1
78b1
c092
999b
5bb6
6f1a
5acf
424f
9d82
03fd
704b
e1d3
154b
3dbf
a2cc
97a4
da44
2175
0418
55aa
8395
c538
d582
6c47
e0a2
70ac
351c
8bab
411a
6686
a510
9a95
d19b
a7ca
dcf2
cc6c
96e8
1919
43fd
a27f
6e3d
fc73
15b7
6acf
b463
ec24
eedd
47b4
9c82
dbdc
4261
596c
0227
b114
6a58
fc6f
6245
db30
c1f6
e893
028a
c65f
52d5
bb46
c93a
7b6b
9ad2
2f50
0700
8466
e4b3
a9a8
9193
a103
5658
02a7
e1b9
5ac1
3af0
c000
5261
d0b8
a989
88eb
4e7d
0175
0365
edf9
92f1
140a
a130
1539
9485
bdcc
191c
6763
d48b
5b93
9d3d
ca60
ef47
2f38
ed28
a343
48b7
6d58
db1c
8d68
7097
6a22
a6a8
a0c1
05a5
696b
e665
e5b9
0f1f
3e95
5c6c
c6c2
7562
aecb
e060
fc5b
2c20
7d0e
cc02
3fd5
3451
c840
5c1d
132f
f2d0
ad4d
fe88
3f47
2672
5801
dff8
3c8e
0c89
987a
a628
0874
f1c0
f17c
2163
72fc
84fc
1de5
c672
4e1e
ac1e
a3a9
0c1c
d8df
e83c
24cd
f6be
8e3e
32ba
4e3f
1e11
7db8
5ac2
45fe
53e3
199f
2ff5
9501
c270
5af4
d8c3
9e65
3b27
aad2
7eab
61c5
46e5
7ea7
220a
5a79
d1b0
e847
af8b
c09d
265b
df67
6b9b
c4ce
ef7d
2357
9754
cfe6
4dea
d8ce
5ac6
d454
4421
1e8a
6e1a
9f1b
1fb5
9eb5
3066
64a0
1288
4763
96c9
5876
88d7
7dcc
6d33
d000
ce24
1aa7
6a1e
d4de
ad06
8367
6f3c
77d3
d6b6
fa79
c50b
1e92
2eaa
b2ea
6f3e
03db
ff0c
d375
59f6
6e8e
48b8
d0e1
4002
f2f0
3106
0bdb
a47e
3cc1
4c00
13b5
18c8
54f5
ba7f
d3c3
be9e
2268
3dd6
6d56
8faa
61dc
a599
d51e
d356
e297
87a7
148d
570d
0883
f5b0
7218
6f08
9bf0
9174
ca98
0cad
1909
5631
9866
2b65
8cd6
c0fc
a0f9
e5d1
ea1f
0a25
def4
f908
d943
4b2c
afda
96e1
f553
3b82
dac1
7bfe
0811
03ce
d16b
79c1
b23e
eaa1
f2bc
d2e7
175f
5906
9c15
ce23
263c
9732
d769
0a70
815d
c8fd
b2e4
6810
09e6
3e68
5e0b
6600
ec0c
fbeb
a6d2
67ef
7dfa
10bf
8e36
4d4f
3fd4
cf73
57ff
5de4
64e5
e6ee
8c05
a5ba
4c9a
e67f
3e49
831e
c4fe
40df
91ae
f034
12cf
64e2
dc27
de1e
ad88
2178
3036
e2b0
df94
dd4c
b640
abe7
8156
c329
f2b4
3cb5
45a8
f9e7
9b42
405e
a8e2
a58e
3aee
efa6
6a05
9554
036a
79a9
2fb1
912f
3fba
c0f2
8587
da85
8516
f8a6
8f58
0255
38a2
74d6
e5d9
3cb0
62b0
83ce
c019
9187
a43e
5ec3
7259
fac1
3225
1ee7
8a27
c9bf
abfb
696f
e5e5
ba94
bf37
bcbd
5186
f0e1
c890
972f
aeda
847d
9b29
c39a
20d2
0aac
496e
762d
4570
095f
e353
1736
89c1
581f
410d
c118
3f8b
d903
3c4f
fda4
9e11
e99b
1d68
1c5e
d342
9ba8
5e11
82d1
8f73
1ac3
c95d
1722
ce63
891e
3e74
07ce
1f99
c7e5
baca
030e
3b28
6f52
de2d
4a56
f63e
3236
adc8
5c56
7180
c05e
2ad4
4f6b
8270
9e75
0129
8a5b
d2ee
d68d
f4a1
62b9
dfde
e8f1
298f
8537
f45a
996d
ac4b
8476
3932
9b35
ef6e
fa2d
0ec5
accf
880a
c493
180d
4d5c
6c1c
989d
ed0b
93fa
6882
94e8
c3a1
48bb
7166
fe93
893f
1f61
3a58
8c8a
e442
86fe
c86c
9d02
ba8a
0198
8dc9
58c6
c32f
6f7f
fbf3
10ca
be36
a4c6
cb2a
a565
0a02
deaf
b5b1
daf9
e91b
dcfb
6ef9
3646
0d68
16f1
33f0
7e3c
fc44
f0eb
574a
8a63
0e61
a32f
1786
8e64
a5c2
31f8
31b9
07f0
a28e
d7e8
6b7b
c7d2
c165
21b6
81c3
5249
6686
77ec
a1dc
b8b4
5e56
853d
69dd
8162
5712
539a
24e7
e60f
d534
06ca
636b
fccf
e64d
36e5
c54a
1c21
6d7f
af0e
c87c
93b7
b9f8
1e80
2c50
9890
f609
cfd2
2ac0
969b
aefa
68e1
2d2d
a5b9
4441
d8d4
ce71
07aa
7da4
4b19
85ad
729a
915e
8ce5
662d
8b3e
9321
3588
cc6f
670b
5f02
3ed5
9632
b706
7098
2700
0cea
9d3d
f35e
b0cd
5baf
b58f
234d
d3c4
81cc
bdc3
b545
ff63
cbcd
5771
f834
e3c5
b34c
b3d6
0304
85cc
0e29
34f3
0e6d
bd90
2bce
65fc
5f70
f751
07c8
e90d
c841
4cf2
32b4
3230
855c
fc60
fa94
11ff
6a12
855f
73f8
df5b
7f88
e7b5
a3dc
361f
02b6
4dd5
30ad
50d7
bae2
bfa5
8b3d
5fee
19c3
c3c0
43a8
fe3a
2106
2efd
016d
892e
a096
04ad
772e
2135
c6ce
6262
a375
ef68
2ebe
7b4a
f26b
5739
94af
5f05
030c
fd9f
3535
7802
bc4d
c438
b91c
16fd
d9ac
5d99
2e6d
cf7c
3f4f
513f
a341
df49
ecfa
1547
066c
bd4f
8242
4762
ae68
d2f0
c49e
c460
ac75
cf98
1128
e940
4201
07bf
5f51
19da
c620
cfbf
9e04
4d88
810b
d533
2cbd
4019
4552
486a
692f
659a
49c7
051b
79ce
ee32
95e3
4ffc
f600
8256
ec40
f3ce
f683
f9e2
cbc0
1a08
88f3
8a83
5896
cf8f
a0f2
1a4a
94f8
35a0
e037
a5ee
8037
58de
e8a5
aee0
75fe
c966
5080
4587
2c11
fc8c
5200
86e7
812e
9a1f
7f8a
0814
ea5f
8646
4eef
b122
1421
d25e
834f
a471
dbf9
e10f
10b8
e8da
dbfd
eecc
046f
40f2
0762
34cc
19a7
b270
12db
9ea0
d356
24b3
a31e
6484
1316
249f
6ed7
755f
7ca7
a2ea
6bc8
2f76
acee
1d7a
04c6
5cb7
94d7
9857
c940
d155
0c89
70b0
5de5
4516
5966
856b
51fe
3f5d
efe9
717e
41a4
ffb8
6e8c
cc36
f025
63b2
2e84
051d
37fb
fbdf
7002
470a
585e
f08e
6cd4
5869
ac27
f9b4
8beb
d30f
231d
2951
ad1a
405e
20e3
169c
5d57
3a35
cdea
37ef
fab0
4ddd
2b1b
af1a
ffbe
814b
c8a7
4777
7f4a
9d54
6e9f
f95d
de2a
82c4
62ae
8e0e
3470
325c
607b
e2b1
5bcd
fa01
797a
ade5
ea10
cb4c
50a8
5d6b
3a9b
fc82
cf2e
7336
9537
2b15
4a13
dfa2
e889
8e9c
1fa7
7eef
89fc
0074
611a
7a08
8f2f
44f0
7a99
51ee
b75f
9394
4ba8
53d2
419a
6360
246e
a73a
88b7
0f0f
9b5a
ffb0
7915
fb42
7967
2f75
ad73
f972
79f0
6947
9d9e
95d3
3bea
04e8
c71e
4c3e
4ede
e0d7
dd67
ff5d
f7d0
dcda
a213
6b16
006c
2d17
5a37
52be
8b32
d0b7
3bbe
0081
ac17
2699
cad7
3104
fa62
ea22
1bb5
08f4
fe1c
120c
f503
d201
0739
950e
caa6
4938
167d
b499
6bea
d9fa
2087
2c37
957f
5573
cfce
6e6f
e76f
4b02
711f
d900
ca05
0bd2
c11c
fbb2
58c9
1bc8
fd52
68ec
da0a
1541
fb60
db6e
7dad
2412
b624
04a5
8420
f4e9
a837
f10b
bba0
cd87
4bda
c0ae
d4ea
6ca6
c19b
df1c
df40
1e10
24b8
c4d7
17b0
9d77
d82e
e432
6741
a766
f374
30ee
7d2e
bfcd
5d6a
2feb
5e89
1a93
838a
2a8f
1911
987c
153a
e30d
9160
9e85
759b
19b9
5551
2bbe
9e5e
b596
9fda
1370
86f5
dc73
cef3
d332
b17b
b262
9921
55ba
6371
125c
860d
6acb
51ff
0ab7
6fda
2094
f79c
5a67
461a
7041
3e05
b4c7
19d4
1357
889a
f69d
9f8c
0af5
cefd
8cb6
bc62
4c00
1450
4675
51b2
8af3
d30b
4584
1886
0ab2
041f
bf0f
7d0f
0f09
d03b
4dda
2ea0
f339
63a7
169b
309f
a46c
0595
afd5
f58e
4e25
209f
c44b
3fee
1415
5d98
55c4
daf5
54a7
b58b
f18f
44df
db8a
825a
da94
7665
cc65
57ee
cc4d
4038
d085
1feb
2f4d
6ebd
e84e
a44d
a80c
d1ec
a45f
2e4c
002d
af92
df77
0c30
2358
9cca
10e2
1856
c20b
cc26
1e27
cb39
649c
9fcc
6fe6
2702
0435
ab82
a9f6
8ca9
4fc4
21ef
36ac
f2a8
3e61
772b
d09d
346a
fcef
2e06
9a9d
5af1
bbbf
e784
4f83
d792
3b9c
085e
8303
7221
f445
d432
700a
ee01
9255
1f2a
edf4
eec2
ee83
3c46
0163
1d5f
2799
1d8b
0c87
e834
e3df
49d8
3ad9
750d
4850
32a9
6a36
d7d9
4ffd
3e92
8260
53b3
ebf8
5210
89d3
4fcd
59e5
adfa
67b6
6f80
2527
e19e
93b5
29aa
dcc6
bec6
04f3
0aaa
c418
dbca
468b
dc19
082d
6504
26f8
68ef
9092
e5f6
356b
d489
7fe6
ae00
7104
9072
3856
e99c
6fb3
7439
e169
b303
1ce8
836b
afbc
4e06
e745
e325
0034
1cfb
6dad
adc0
38e1
55bf
102d
5001
1b47
a0cc
bfe9
31c6
6569
c3c4
bed7
b0fe
d395
a601
80a9
d394
72cc
e70d
eac7
f45f
9782
870d
437d
b9d0
93f3
6003
734d
e332
2042
1d72
6c44
539e
0715
0f0d
c3d1
d690
94f6
dcbf
3b6d
66d3
7137
5e3b
d5af
984f
605e
3a98
5fb3
e88e
ec9f
a789
0636
5414
ac7c
7cd5
b334
47e7
9685
9978
487e
d682
7f9b
a88f
524c
9741
5ac2
289c
6a09
792d
de0b
842c
e55a
3933
b6f1
0ee8
7df9
abb3
9e56
45f3
aeef
1afc
dff9
c96b
f11d
92fe
9793
142f
7fb3
46fb
4adf
4092
7b02
d9bf
66ba
50f8
4a51
6269
6128
2680
1b50
ca01
3cc2
b940
c075
433e
3c2d
1105
3243
d7c1
6018
1b8e
ffb5
c2f2
e749
2362
e1e1
9592
4f2e
2c39
dcf9
79bc
0b93
3b9e
ec99
e387
cf3d
b190
9060
b8aa
7286
1a26
839b
b0b7
4517
5d10
26d7
bcca
5728
a653
d820
516c
c152
93f6
c2b7
2c24
9cb9
fee1
ed09
0cf8
d3d4
087b
ba50
14fe
5ea7
bcba
8d53
5b03
1766
4882
3d48
49b6
ce7b
64e2
07d8
8405
8793
5bc3
94fc
f1db
776b
6f8a
435c
e924
7697
3da5
ca2e
b4e4
9984
514b
b3ee
5e4d
0043
0b66
0356
24f8
bd5f
7b9d
f206
086f
627d
9dec
7951
b69a
9b14
7d20
e694
1b71
1b56
d3b7
3391
f042
21d1
4224
a6cf
d2a5
5534
aa9d
33b2
bd6e
7d1e
d710
578b
454e
da00
be4d
4fc6
5b1a
1e37
b6c7
bf15
1df0
02de
feaa
a29e
1d39
aeba
6c0f
4920
a303
0cb2
efaa
c235
461d
3c1c
eb17
f2a5
657b
2ff6
7cde
d3d1
885a
b364
adf8
e950
b5ce
929f
530b
0e40
7d98
59ed
f54a
269f
df41
59f9
1aea
f587
8b30
ba89
ce14
860a
2a11
a4d9
74f8
4291
0f35
3412
0417
6b8a
2328
158a
f92b
d0ae
2849
574a
d823
e98d
9f01
0851
2df3
6a6e
de3c
003b
e04f
ce4a
bc78
e11f
52a9
d9e0
27ba
216b
57a5
2dac
7bb5
c189
d558
3d73
e7b8
85e6
f7f2
9f2b
769d
49bb
d1cf
807a
d193
9b90
268a
3c85
696a
cbe9
b704
193a
7a3d
225f
3716
e9e9
2d03
83b8
d27f
da4c
be16
2bc5
57c3
8ace
0724
d4b0
08fb
1a37
2831
46be
ae67
357e
efb1
890e
3808
9e0d
b7c0
47cb
89a6
3f73
1c8b
5621
3753
9e4f
b54a
c17d
bd9c
8086
c8b9
b3ed
ac92
5a01
36a1
0500
4b38
12e1
bf72
a5ec
fca8
5306
c67e
bc57
c46b
ca18
cf83
6b3b
84e4
8163
3dd3
0343
75bc
cf86
aa94
fa26
013e
6506
48f8
fcbc
b9b1
9f2b
b17d
df58
b96a
a347
8924
ae9f
0d79
9319
4675
624e
88ae
52cc
3d78
695a
770e
f675
5aba
a925
c68a
57d3
df28
c413
6adb
62f5
c8ec
3cc0
8dee
77ff
dc9c
009f
911f
0969
a3da
52b8
2d0e
71d0
7981
719c
ad60
d0af
c597
6a0e
b0c9
9f7f
d77d
f732
6820
5470
2529
32e0
3aaa
a3ba
f835
391a
e54e
65ff
9acb
7ebb
a629
1caa
9c7b
4a7f
1a9a
63b8
8fbf
5fd3
c556
3d04
b681
0ae6
dc8d
2e5c
bdc7
30c5
9806
259f
132e
e4ee
8d07
22c4
150a
f7ea
9e8d
fc2d
c93c
e50c
386f
b38e
0266
0df6
4395
923e
0fc2
1fe0
25c4
be47
9f0c
85ce
fcf2
02c9
5d41
d588
a031
1ffa
dbb8
01dc
4cc3
4e68
f4cd
1b4b
fe3c
621f
d307
8967
7e5f
fb3c
dceb
467b
eb07
be75
a829
3869
0dda
7a73
cd7b
22af
1773
fb27
ca1a
4165
232a
4792
06ca
55bb
f3e3
2865
6b86
1e9a
5bd6
6a43
3113
d5c9
4075
5c80
4179
3cf2
d56c
0388
27d4
4193
e26d
0595
ca7f
0629
12bb
e490
f761
bf22
b0be
258f
18cd
0939
6226
2e46
bf84
4646
854a
b7b2
0ca0
533c
780d
1676
d45d
042f
96e3
9fb6
971a
e507
4993
4720
9f02
9a89
1e09
c001
ea1d
087f
ec13
1c8e
bae7
8928
b551
6394
9a65
a3bd
39ef
e82e
8932
e5ee
185a
a45b
5043
88f6
e46e
f1ad
b87d
7d85
feb6
4dcb
4f3a
34dc
b225
79eb
2961
f29d
187b
ab73
2241
8794
6fe1
242c
0df0
596b
8c9f
4652
52cc
1436
7252
1272
1f84
2404
8ee0
621d
e1fd
39d1
ab15
c0fa
6f2c
6d8f
9e1a
a2a1
46bc
0bd5
8801
53f1
c3b4
1c12
afe0
4caa
e68a
e5de
2d65
8858
c4f4
ff87
de31
12ae
8727
3e7e
936c
480d
1c15
0c30
b665
b40d
9833
cbf6
da0d
0ca9
4132
f6c0
92f4
9f52
7f9f
7415
d6d5
2165
8896
96c6
ca4a
0621
5636
65a3
8123
ad4c
41b7
e16c
713c
3716
1e07
237e
7941
d074
148f
b358
9e73
932e
d791
e854
db9e
5183
0d4c
8a49
ae30
83c4
836b
32e4
420e
5e0a
2d2a
6262
ef73
6a6a
85b5
0c6c
c385
fb13
2098
71d5
3f48
2738
d013
82e0
c147
e7f3
cc3f
1e08
f5a8
681e
5413
e12e
de53
dde9
cc95
4844
cbda
650d
7f36
6e50
276a
c50a
f3a9
7e78
d687
9ea2
8068
6ea4
629d
8134
3a32
2430
26e2
4035
8b62
3136
039f
a4b8
11e1
601f
8b0f
de6f
5479
eaf5
d57b
4f06
0824
9b6c
db94
6e09
bac6
fe64
ab57
eccf
d5e5
6828
a475
a692
1bdc
5ef8
4283
7f65
086d
cb47
0bf4
2f09
efec
dfdc
c133
3a98
9a48
291e
0787
d18a
7f4c
3656
0c35
3556
d7e8
ff3e
1ba4
3fea
a09e
ba0b
556d
5070
7cc7
ef7a
2793
d1af
b38f
c54a
b7b5
42e1
8c1e
9b8d
3ce6
0f65
9ab0
c058
6071
a007
a999
411d
e7dc
241c
f3bf
e4b6
13b0
069d
6a00
dc8c
4f15
a7ab
902d
5b67
f9ed
a666
63a2
8fc7
88af
3091
7baa
26d8
bbc9
3cd7
b4c2
2c41
843c
fe3f
9d3b
c272
98b8
a7ef
2aa9
390f
b97f
afbf
1ff1
416f
d817
4842
db99
21f4
2513
bc97
c0ec
2d73
8278
2254
0ed1
f0b4
37ad
b344
fca0
31cd
bf3b
8dbd
9d40
afb6
f671
b5a9
ad51
8afa
bf3c
473a
1012
d8e5
28b8
daf6
ec69
1be5
4da6
49a6
3d4c
2a87
68d0
c0ce
fe70
09e8
f872
1fbe
863f
9ca0
b999
0037
8765
5a45
dbb7
c46e
4c30
3bd7
5e18
0441
f453
5662
070b
befe
ff02
d2c7
fe99
3480
0b97
4fef
38b3
b701
0860
7f87
3a41
b160
77fd
faf8
2200
2380
c93d
b0f1
9290
70a7
cde2
ccc5
c5cd
7ea8
b64e
2241
d743
466c
0713
8b53
cb7d
8d39
24e3
ec37
7358
3108
7268
8187
787e
fe4e
a0b1
5e7d
2afd
3c55
d738
37dc
a0f7
03b6
dc9a
4a10
8079
c599
91fe
5785
1d85
6a71
9ff8
2de1
ebc0
74c3
af02
4af9
7936
f6d0
cc3b
353c
e2af
9650
808d
05cf
e984
2ac4
6593
471d
f45b
69b5
814f
eb8e
fcb0
97a2
53b0
7fe6
790d
03db
9252
2aee
0ae7
0c96
0be3
8e15
f9eb
d274
5f77
6280
e33e
319b
7b25
34b6
95fa
2e3a
c331
7796
92d4
2910
3646
ae63
e167
b000
12c6
444c
7326
5693
bdf5
f845
98df
1550
3a18
aa1c
1106
7edb
24d5
886c
1fc1
5856
1b66
44b7
2264
265e
446e
2d05
9a90
253f
3dfa
4685
fc12
5f74
1d27
902e
8eb4
b4f5
1cc6
ba7c
0ed8
c77c
0b8c
6987
b6ce
942c
14f5
4724
57f6
606d
0097
8ce4
22f9
8b17
3509
95a5
a1d3
19c2
7c44
cfec
cd08
69ba
3183
09f7
7cb9
7bb6
fc05
0e8e
029d
3578
23fb
5c4b
82a8
326b
391a
83f7
8b28
fe49
6ccd
e91a
1a1e
0bdc
5b29
d6eb
88cc
b44d
1430
4cdd
88e7
6aba
821d
0612
790b
6642
7fa2
3405
023a
82f5
c1b0
a414
6d0a
bbbb
fe0f
fada
072d
63f0
2af9
23b8
5554
eb12
bd14
aaa1
22ea
6b74
569a
81a1
fa05
0a6b
4a24
270e
b6b3
bf9e
d976
1970
0ee1
8f58
3a40
cc92
a127
84a8
9bfb
974e
61fb
3177
f1ed
e782
3d3a
2ce5
e4c2
b8d8
c32d
8f26
0e83
d570
401d
c0ad
816a
6ef4
dfe9
5805
f2f3
f4c8
7fd9
166d
6f71
51de
cee6
9cb0
e302
cd5c
6f23
bd98
3689
ea0c
588c
be8d
15ed
66ba
80dc
538d
3cd9
f6c0
b3dd
8631
aea2
21ea
02c4
d015
261a
4395
7437
7e9b
0b69
3a29
9bf7
1573
8236
9440
b277
3c8e
c59c
d37b
84a3
3983
e8b1
489c
69da
4ee0
c8fe
5325
599f
0e6a
ee1e
658b
dfe8
f504
eee9
cff2
bbcd
dd02
fe1b
fada
8ddc
b828
eed4
c0b2
2b26
ab35
7a2a
111f
7201
ce58
7143
74cc
11a8
44f5
4821
c57a
5563
8af9
8931
7622
2618
255d
7fe8
ba3f
2318
0aca
bca4
e9a7
30ee
1500
4043
15ee
45b2
42dd
5bc2
f462
9bd6
759d
1dcc
e744
0c27
0a98
3bdc
319a
3148
e4a4
fce1
5bbd
367d
c8ad
919f
5fdc
a044
6d6c
15d2
79a2
3260
59a9
04bd
bb4f
2fd6
3b3f
d6f1
a2e7
7ab3
7cb4
c214
c644
295a
5a0c
bffc
74a3
5354
80a7
69a7
05ae
3b61
fe60
e9d0
ad41
b9a3
d751
73f4
3703
956a
e37e
fc33
415f
4e6b
8c44
fbd4
6297
0e92
86d2
b9ff
0e33
e7cc
2d0a
3add
dfdb
9347
5bf2
0fd5
d15f
e016
ed22
de7d
4dc6
0f8a
db58
29af
af88
a565
6ea9
6b33
000a
be2f
2836
2866
2a02
a292
168c
faa6
44df
034c
d0ed
21f3
2d30
a2ba
b2ff
be25
89b8
071f
7a15
14fe
17fb
d136
5f74
ada1
3a06
0406
b58e
e6d3
04e8
2042
cb97
81c7
3bf6
0193
d8b8
3d17
36e6
e8d2
559a
5e05
b8f2
7237
3515
b3ee
9022
c667
d79c
9d4d
bc37
ecaf
e8fc
9cfa
3400
c11f
56ab
a27a
6820
fb79
06ca
80b6
7477
dba0
ca39
b556
4ee5
60c6
9ca6
57c2
aae4
c2de
1a55
2614
ca89
3d2a
a0b2
9587
a229
ee67
3687
d109
ceac
51c3
0790
2b69
ac10
7280
ffe9
0f9f
4e78
905b
126a
2836
ef81
780a
edbd
e873
c5fe
042a
a565
3da2
8d96
e4ab
9431
81dd
5eea
24dd
da13
5f35
03c1
223f
07df
1688
31c3
a13c
13e2
fd2d
cc81
19fc
c118
e8ab
8c62
f744
8c0e
75b8
1d9c
e600
58fb
bab0
ea57
53e3
03ed
4d24
a737
2abe
c8e2
7804
a4b0
aeb7
8f8c
a5c5
3200
8412
4099
f345
5077
9cf0
1f16
b882
7ce8
e0a1
dde2
b8ef
6fbf
c466
f8c2
294b
fbe2
f11a
4446
2618
4973
7c90
189e
e722
c7cc
ab71
4c60
2aa9
10be
7229
6da3
a627
b77a
73de
77d9
a4b7
6967
f8f2
869d
6e4d
4140
5e13
95f6
4f6c
bf74
60db
79fa
c3e6
2ac2
50b2
22e8
da59
5e65
174e
2e16
fa30
217f
3923
0a12
3d02
5cf3
5464
0529
3e70
9010
422f
148a
6b95
f6c1
b0af
18d4
5c54
c38d
cf00
eb58
fe61
dadc
e891
df32
10bb
1dea
ed3d
7408
16b0
9499
bab6
ecc2
f6f4
1e16
e279
c6dc
66de
0a56
1492
3577
c865
db3d
e81a
f29a
7330
691f
638f
81a5
6326
0051
f851
95ea
9f4d
2e83
a29f
f508
c0f3
8c4c
25ca
7682
f346
d743
9389
a54b
3cce
c66f
cabd
bf78
86bf
89eb
f3bf
a80a
e793
5491
c32e
0dfb
5224
97ed
5fdf
b520
a7ef
e2a8
7256
2b2d
b470
a990
bec8
7c69
f443
b763
9012
ac71
9603
ba35
c2ce
209b
c44d
96d3
cdaa
42be
1608
58da
0bc9
d849
e135
f059
22b8
6e41
9cb7
bdf7
b5d3
1584
024f
d585
f507
2a82
d6fb
fd32
9036
b299
c21c
fd2f
1b67
2c90
85a1
c498
7064
0b29
c99d
a985
4428
d516
16b7
b6c1
a2f3
b940
8390
d6b4
5f21
9bfa
aca5
bc4a
1a8e
599c
5367
7fd7
dba4
7e33
a542
fe1a
5639
6b79
444a
7ada
2539
58fd
3dfe
b43d
3464
33b8
347a
dd07
2632
fb0f
1d36
0765
197b
287c
3d91
4be8
5ffc
3c32
5dae
4d54
8b6e
dc33
b06c
3739
62f4
6bd7
d6a8
ffd2
9877
e840
acc9
54e7
e307
277d
ae28
449b
6223
616b
f6e1
81c5
d81d
7954
bbb2
5aab
9671
967a
7e48
be9a
4449
69c8
46aa
d572
8e24
9510
b7d8
6df9
8b11
4d83
1c7d
3223
82af
1ef9
532a
28bc
151e
1ca8
473c
b080
4e23
7d79
9445
c8d9
2dae
a264
dc64
f09d
1cf5
88d5
2466
81cb
2fba
774e
f9c4
5cbf
d98c
3ab1
5e34
b09e
0136
d317
840c
d4ba
4849
525b
61f4
e690
81b1
e77e
7894
8dfe
14d5
141d
600d
ca9a
22dd
c480
90c0
312f
e251
d8c2
bed2
590a
5af1
b800
7a94
9003
3826
568c
2fd8
2981
b467
c488
4d2e
3f0e
fdcf
f4bc
1c5f
8793
debe
9ee6
71b0
66d3
7581
a9bc
a555
8b5d
c078
90ec
73f3
b5b7
14e2
da11
a6a5
c79d
0aaa
1616
8262
d61e
2bc1
f764
83a1
f5e9
a793
62ec
c690
a6c9
bc97
cae1
398b
6b67
337c
1aff
cee3
b51b
8ce9
f81e
2a27
9d71
07e3
10ba
27c5
f97f
805b
7720
9718
0d6b
a488
896c
0cea
4e8c
0940
cfd1
3dd5
2bc4
9216
4cff
d9bc
171b
a011
3648
a5a3
53e2
6797
0ed5
9330
4241
97ab
2366
7dad
c863
ef44
917c
cc15
b634
f62f
a842
eab3
8247
1e61
8f4c
4557
c502
ee51
144a
450a
2d59
76fc
b238
693a
a853
a352
ba0c
58ae
a753
906c
d192
bbe6
45a5
3230
e44c
00e9
ab4d
2a73
5b8d
0916
fa43
ec04
54cb
b49b
d959
eaa7
6d92
5e08
ec4a
aee0
5d75
44cd
0510
7d93
368c
87c2
6ff4
1cfe
60c5
71d7
6c08
82cb
b364
4c05
eb83
915f
0cdc
6ee8
9b2e
9dad
4975
6a3e
e255
4cc6
57a6
47bf
6cf9
1271
de01
8ea3
9357
f228
84d9
a617
3560
705c
5896
b44e
e1b5
f293
1f81
abb7
b894
a547
37d8
2101
5705
d139
866e
4881
c695
198c
fde6
f7c4
6978
be86
b85f
07cd
c9f4
0bcb
a377
efe9
33ff
454d
4b0d
0728
7f19
64d9
70f2
7ac9
68b9
ba1d
c9ae
70c3
b178
ff46
c054
72e3
0d21
2386
f700
492f
a172
8970
9af8
e1d8
89ad
9698
a8e7
fdd1
102e
3250
be1a
943a
34c2
fe66
2272
527c
3cb4
d9d0
4a48
1620
9389
82ec
4fea
0c9d
1f1a
9041
6412
b151
a3c7
8ec2
20b8
804a
c92d
bd28
6271
d1a5
d5c3
268e
8268
8e60
c148
eeb8
ab96
b80b
d811
ce16
18e1
ce6f
42be
8970
09c9
c376
6aa4
bf13
b21c
2136
98f3
8687
0c95
9c83
7490
d6ef
f71d
c63a
23fd
7449
0db0
24ee
776a
e9a6
5002
73e5
4c3f
e396
9deb
92a5
e75e
5a85
fa89
5d12
6c8b
075e
91ac
fcbc
bcf1
f54e
73cb
293f
4f9e
90e6
7daf
92b8
74a6
f9fe
ee70
96bd
4d93
5d34
3031
dd50
4592
8a16
4ed4
35ca
f2d8
577b
47bd
07ad
8375
2c8d
b8d7
a6c5
04aa
85ea
ca7a
92e0
c020
f672
8ed1
c9b4
3621
b55d
e01b
2a9e
9412
83df
f972
f0e7
3e89
49f4
2f57
5a45
6739
deab
632e
66d5
dac4
80af
761c
8764
e72f
6c4d
f74a
c10f
b5e8
17b6
4d59
5414
9b2c
963d
74a0
a7d8
0695
2d8f
d697
2e70
8a44
9eb3
17b9
2ecc
a80a
293b
e89f
deb9
c1bc
4333
7d0e
07ea
9719
81f4
bcfa
bea7
0f6e
160b
7a46
86bf
71c1
83a9
0a6e
5763
ba10
c066
bc85
7da8
7f23
e9bf
2aa9
b96b
eb19
48e2
704a
33a1
514a
91e1
d938
d94b
ffb3
4e3c
4720
7e26
bece
13b4
a784
4f6e
3d05
2274
9421
6ea3
673d
8723
5292
4cb9
724e
cbcf
4e21
6966
452e
97a1
3c76
12b8
b328
abb1
2bef
608f
d591
afe8
ceff
9e55
d483
228d
fd70
83fb
7f2d
36da
a5cf
d0c6
156a
fb2c
1e1d
38ff
8c3c
132e
2110
1cbe
94fd
a926
9392
a4be
b30c
fbe9
d5fb
87c2
73e8
8727
87b5
b7ba
8cd2
e2c1
d1d2
2cf9
8607
1dae
f392
8758
e18b
96de
1934
6123
d477
fb5c
53aa
88a1
be46
2498
c5fa
de14
8dcf
8294
f5f9
b902
f918
7346
e5fb
7859
7be8
b4d4
d805
0468
3355
afda
1ba7
1ae5
36db
a3a5
beb3
8ee0
d914
74c8
4ca7
473e
fd63
1c99
f799
775b
cdd8
b531
01ae
ba1a
d6ee
dabd
e2f0
2039
2b02
dae9
09e2
c3c4
bdc7
f3db
7994
afa2
f577
0028
f4d8
4161
a8b6
ce35
db4c
4278
549c
405d
f48f
198d
ca39
ad8d
536c
3d73
b071
e8eb
203b
0700
2eee
0776
a448
ddfc
da37
ec0c
79ed
14fd
e337
90ca
0e49
a623
f76b
e85e
7969
04ed
c275
2e4c
db5c
47e7
1086
aa0c
c417
68df
fdbd
6c6c
07c3
1197
2e1a
bcf0
8313
3a89
fff8
9071
f15b
cf0c
560c
7486
ec38
5d53
f8eb
1f78
f768
dbeb
4dd6
1276
ce31
9cdc
df58
f710
6eda
78f3
f002
645a
b69e
4706
265f
bfc2
a4a2
39f2
110b
e175
d2fb
b47b
4398
e31e
db50
1c08
5cc2
13e9
af68
f067
da51
3f63
d2b1
9e31
8f6b
21ee
9c39
eb36
fe8d
8cc0
4ee6
daa2
13cc
cd2d
1f78
db52
af22
d912
01ff
0b33
f2f9
cba1
031c
b4c6
ad35
fe3f
e88a
53b9
a577
34d0
b705
a54d
61b0
bccd
1fbd
5d05
5d4c
9083
08bf
5799
d78e
babc
9de6
c54c
e899
e790
6f89
744b
4647
3c1f
1a23
286f
2d60
f7ee
52f7
57ac
e036
d944
5e53
66dd
0244
e7b4
b904
f8c9
d84c
1297
e5e2
8bc4
d700
8b52
bb8a
5621
2c68
bd29
3917
74e2
37ca
4ee5
b0a1
651c
dec0
bc81
82a7
f237
6f30
7bd1
6786
b1b1
07ad
3127
4f53
d7ce
1b21
161e
1147
e2e9
940f
f3a8
69ef
fcf0
f29e
64f0
3333
5328
4cbf
3b41
107b
94c7
1fa0
d8a4
2621
dbbc
e3d2
d487
13d9
3a35
e3ef
c4b7
fec4
23b9
2e47
c416
df18
0e03
1157
4dcc
a881
41ec
3bf0
f255
8bde
015b
cb0d
ed6b
2c8c
fd98
aeb3
1e72
7fc9
bb38
05a5
1f99
eab1
7716
a7d9
fa53
6b33
51dd
d18c
9b59
4263
08d3
04c3
cfc8
6917
4b8e
0c8a
992b
3c3b
9dc9
4a2f
a021
f1c9
5b78
0908
4bf0
e78c
f500
33ae
323a
3ae5
5772
e366
5fba
74ca
7124
493e
9ae7
33d4
24b4
d4cf
a231
9d24
9338
2c0d
e445
4c90
b3e6
c230
c856
0a0b
df2f
b25a
c6cc
4482
52bd
55fb
f5b0
56b8
d54c
ccb6
99ba
5c61
9d3b
923b
2978
c5c2
0458
8003
9488
20e4
c3e3
231d
068d
2ec3
ad4b
f4d8
5e27
dda0
f950
e32b
f06e
d707
867a
98ba
d68d
335f
d84c
5244
27df
e1f2
481f
5b5f
717e
46fd
dd04
9a6d
2ed6
25a0
ec82
1de5
e866
fa21
69cb
07bb
f7fa
f950
0062
5532
798a
cb73
fe1d
6dc2
9ab9
c3ef
21a0
4659
5676
4c9b
7ee8
00ff
9b01
deed
1ba1
b527
0f4e
aff7
d42d
5d79
fd0a
0070
955a
4af4
37ac
de0a
c5e1
7957
03d5
44dc
1020
ab4b
dc95
a354
b4e0
6a13
225f
f123
9a3a
c0dc
bd9b
7019
5150
207e
ea55
1e1b
2e43
f5b6
8300
a6ff
2708
269c
d1c0
b0a3
eeed
b724
a811
7680
2cc0
4570
5782
a6cf
6634
5009
56b8
8d26
e794
7e8f
1baf
59b1
d9cf
1b93
f3d6
f52a
8835
59fe
b331
abd9
8e20
9e84
72c6
e636
4fc9
9c82
0bc6
2757
cedb
39c4
3c30
8b6a
6b4b
0c4d
1fb9
c09d
c787
1e16
a6a3
9025
2813
a2aa
d235
8762
1c40
18e2
f20a
a798
30d0
f388
99b5
b892
bb29
8c7f
1dd8
dd06
237d
73dd
167a
0b9a
73fe
b79a
f07a
b1de
9e4e
2324
bb47
7f84
4fff
239b
3e95
71cf
3d5c
01e3
2d4e
331f
398d
d437
534a
456f
b2da
e233
ce23
046e
f082
747c
bad5
74a3
338d
8c68
c91e
a43d
4412
c265
595a
55ec
8a08
1b79
7b9c
c528
b77a
548d
80df
42a7
0285
0d77
422a
3280
2979
2830
0166
839c
0172
906e
4ab7
b925
216c
502b
a63b
2e69
e32f
9ab7
2628
6865
d88b
0525
1491
6c63
8fdc
646f
071d
2a81
72f4
0fb9
6b2c
b1a0
6618
7eb6
0ead
3e36
5d71
fec9
6706
bac4
291b
6b11
d63a
9ed6
0e8c
b62e
c12e
c545
5e41
8a33
cf8a
dce7
a940
eead
0f13
fe8d
2096
b716
ef5a
fefe
d795
b5df
8d94
1304
a6de
a0f6
c750
fca4
ecbb
0507
ac29
2226
b530
0579
c6e2
fdc3
e92c
d0ed
44fc
6711
5631
fe6e
3d80
a6db
aa6b
c395
4bca
5e3a
ba7d
e460
18c1
4e29
fd7f
2e1d
b4e5
3465
a980
e7a2
1630
3a12
cccd
b824
a9e0
ab43
3959
86d5
8d9d
f2f8
ab30
d3c1
2a61
dcd2
990a
af44
5ebf
fb21
659c
5e5f
f11b
54a6
c0fb
2620
0f88
84fb
5b4a
a89f
079b
67c3
505c
c552
dbd0
5ffc
5b42
7a1a
d8c2
108d
1332
e47a
1089
6fde
d298
d320
3d2e
e0ae
09f8
c433
6c57
ba90
8181
720d
51ed
d2ad
4923
6ad4
19be
fb41
0e4a
bdb2
5d29
2f0b
42bb
32f1
70f7
19a3
c1f8
3d2b
9435
2140
3f7f
4e8c
2b0e
9474
db90
7370
4dc9
8ebc
af73
8303
eb61
a7d4
5bc6
667e
76d6
5a22
620b
af03
51db
687d
bd70
1b09
0361
3ff0
c4a5
6750
2301
d253
9eb1
1d3f
7160
154c
0724
357b
604b
7dfb
16b6
c5e6
8d71
6b82
ed83
8dd4
bfdb
2910
bf3d
56cc
13d4
5e68
63da
19e9
a9c8
356b
7c96
597a
f8e8
1017
8f24
dfee
2f68
f8cf
e2a9
7f51
5bc6
61d1
df89
c620
f2d4
889f
1422
997c
18a8
728e
f9a5
6994
1ab3
eac3
01bc
f89b
c11a
6642
7b1f
ec50
9616
bdcb
cc36
e2ae
3cc2
22b1
ff3f
f87a
f166
2395
f83c
3bfa
e789
88b3
3c66
2dba
9689
b8dd
7142
1599
6526
100c
1009
44cc
3d10
3f90
ce8d
f4e4
6041
b7e0
175d
6a6b
f81c
99cc
3d6c
a75a
ced4
84fe
1de6
743d
0d31
a77e
bc6a
009c
d272
05ec
310b
4568
2837
dbaa
4677
28a4
f287
b5d7
a580
a957
f23b
05fe
ccf5
6a84
414f
328a
dfcc
1c9a
a292
cb5b
eecd
6bec
5b91
54bf
660d
6497
dfe8
edfc
725a
2bf5
772d
9951
b0cf
96ca
8453
93e7
2a21
5f3e
44b3
e153
14de
9181
bcd2
1f8d
b75f
6c0e
f87c
180a
a566
5a26
e1da
29a7
d577
68ec
2c5b
4906
b03c
4e6f
1eaa
0f78
1a00
3cf2
0d9f
a349
292e
fb40
4512
d9ef
a585
6ca9
88ad
e152
b6a0
1880
4fee
3d0b
47a4
ef54
d232
1188
0bac
c712
795e
a65b
2685
5801
b522
77a7
c09c
fd36
cb0e
52ae
5770
fcdd
bbc1
445e
51df
0fb6
e1eb
459d
4317
c5e3
907a
a883
0453
7677
b2e5
9cf7
2bfc
a33c
90e1
74ed
6ef2
f772
a23a
dacd
a405
f744
ada3
fdd9
49d6
1460
ee26
30d8
6755
dc35
5d51
5d82
1952
0ecb
1ac3
6f64
4a71
5892
9890
7c16
44c7
b2c7
5794
b596
11f4
4f96
7d48
e222
7960
c450
ea6d
4e1f
f0ba
ca56
9b97
cbf7
c207
8190
57b2
928a
d2d6
570c
c224
db94
8f9d
4d5e
31fa
789b
dad1
f9f3
db12
68fd
d3e9
4fd7
c440
5d95
3850
0543
e2a8
cff5
cf94
edfa
162f
c0a9
c47e
6b74
6b4e
17ff
39ca
282b
9556
420a
435c
736f
006d
92ae
e1d0
e363
13cf
05c6
9a00
4666
2148
e24e
6b6b
0b5b
b3c6
63fc
c20e
85a1
8a5c
c973
201d
6b88
eca4
286d
f31a
58d3
469f
60fe
1c24
edcd
e489
8184
8593
53e1
9579
49e0
aca2
5fd3
0d77
8f9b
03a0
4f42
6f5e
fd43
ba78
df75
c253
c147
b5d8
db65
d886
74cb
8ffc
7b9c
6c2d
ac98
8629
7069
2f0a
5901
b7bd
61ac
20a8
7930
2f38
8d51
e959
c8cb
0a3e
5dda
fc8b
0b8b
b3cb
5661
6a3c
c3b2
d2f8
d86f
08cd
c3ab
e396
5042
a029
05f2
9433
5d8b
8219
bfdb
15ab
26a2
46b4
79f7
a578
ccfb
5088
87b7
0990
d08f
bd0a
e484
76a4
ae73
2a8c
fb88
bc33
12d6
b4e5
7499
396a
76e0
f413
ad00
3846
e0b8
99a3
07bf
b925
4c53
69f8
7dd7
4464
1826
2e7a
763b
d626
6518
69cb
802c
84d6
2202
9741
2791
a867
444e
a798
6035
31f3
86af
2d7f
e762
a2ad
1302
b706
060e
a99a
e9da
7bed
77d0
b9b7
a32f
d60b
1e1c
a79b
2c13
8ac4
f8bf
2ade
03ef
3294
a8a4
9ca8
1c79
e92f
ff13
d9a1
7d83
ff75
d57d
ecaa
a1eb
f44a
39bd
11a3
697a
4c19
cea8
9b70
ce76
3bc1
e462
de5a
8f2e
e6ab
ff17
eaf0
9b8b
503e
f863
fe03
6192
3e19
1d60
433e
e371
65f2
0b30
a260
cd4f
d400
9af3
30d7
0325
1596
6d37
c00b
f34d
1b15
adb7
ce3b
9265
9226
8012
65ac
4004
1fa4
4af2
09d0
527a
36c8
8d6f
199b
bd30
f4aa
6136
49eb
1169
2d12
3d71
9851
48d5
a30d
cb12
3f0a
4e53
f9d2
72ca
fcd5
7000
b8a9
e09f
f080
010c
7b05
6a7c
43d5
ebf9
5652
3783
3b6b
4545
a801
c9d8
3d42
ad7b
c640
0204
a75d
1b2d
665e
a670
4081
d1c1
8ea7
af96
e160
656b
e911
b86a
600d
112f
189c
fdf8
9658
6f7a
43f9
a80f
05a9
4f79
65c4
d515
8e8b
167b
2f28
90cf
14e0
3982
5284
39fa
52db
220e
61b1
4792
e199
ead4
6b62
0b84
3575
c2a1
a8f4
108c
a506
7d43
4008
9a13
1d75
a385
750d
74e6
ad3f
a541
351f
0aa6
a087
bdb9
1102
4b86
0394
2bc4
0541
4fa5
c5b6
47f9
ec88
bb81
e4d6
aa5f
9b1f
ddcc
0651
e1a2
ca06
7ec1
ed6b
9554
6e23
96ee
1418
0890
064f
d988
c091
cb3c
cba7
b470
f887
013f
eb19
a65e
b884
fcf9
46e5
e89c
1c06
0d48
ebcf
f0e1
ef25
0007
80a8
a76c
c558
b138
944a
8d60
24ad
29f8
fb1b
2208
8ec1
e849
26f0
5f5f
a987
faeb
0bb4
8372
31f4
eb85
8e72
88ee
6d05
193b
9f5a
e7c7
c10f
e6db
1edd
3865
bb25
9713
59fa
2197
ab2a
0186
bf0d
1697
4dfe
6555
74bc
87ae
3107
a70d
f1aa
05cc
b76d
23eb
10c7
f306
ee6b
bc2a
7d28
19ea
271c
a5a6
9b42
7905
4aef
502b
f72a
18c9
b949
0ba7
6a66
df71
1d7d
ea4b
e173
2ef3
c447
a617
9dbc
7457
95e2
4d3f
6da7
a02c
7b1a
7ffb
d9f8
cec4
0ec1
4e79
fe1e
edad
7070
faee
1aba
beb6
4e8e
35b5
239a
59f9
53f0
50dc
b1a0
7f31
3354
f756
afd6
8e8f
2de6
82eb
252a
6872
d55a
4fe5
d3ac
e9b5
d502
a956
9767
48cd
351a
2b33
d0a9
4124
2048
1492
753e
3349
2018
0b56
c602
f7bf
7398
1d49
4790
42bf
40be
d671
996f
efb2
276f
980b
148e
962b
1025
4a68
dcb5
3b05
ec8b
2390
f895
0d9a
a988
d348
b1f6
2b72
4429
b701
e665
a55f
6935
03af
aff9
d9bb
ac74
2110
dfbb
a061
30c3
b83e
c2fc
1919
0ed2
1ae0
41dd
e563
f50d
da31
223a
3504
ebe1
5736
aaf4
8219
e255
94bc
1070
ab07
7af5
972f
30dc
e405
8ba4
208e
0a54
d6bc
60e3
060f
b3ad
3989
5554
dbbe
6260
8f00
8c5d
5622
efbf
e918
555e
a84a
a8aa
fc0d
00eb
54d7
1828
7140
354c
006e
37ec
8f75
9091
9046
c69a
13c4
adac
dfb0
23ea
b7ed
bfe5
4c6c
1694
fec5
b0ad
a865
87c6
cc8a
821d
b957
0437
e85e
6dd3
90fb
7045
ab30
eecd
8329
a038
f9cb
cd45
272f
7617
c672
97e6
c7cd
24e4
d8c9
db65
23a6
f8b4
d6e7
6dd6
23b6
0b0a
9b6c
2e57
d294
e26e
adcd
4720
9e01
05c8
d97c
4f8e
7d72
8f14
799d
d705
195c
29ef
e263
062e
5b35
3cd7
4584
0a80
1bfd
ab06
585e
c990
f463
c27a
8518
4e66
6da4
f586
ffbb
42f5
ff91
2814
acec
ae95
1c9e
176d
4062
38e0
eb6a
94ee
04f8
e448
4c67
d5bd
fe64
0471
75fc
64cd
7c18
4f8a
c851
adcf
33ec
297d
0084
b00d
429b
7c91
47ad
52e2
a3ba
27fc
315a
89d6
17f6
cf81
c7b9
78e1
e8da
8ded
86fe
902b
d83c
7c3d
0575
4bef
13f6
1d33
a588
53db
5d7f
1aa0
2348
7bbc
0e87
4472
00ab
1b4c
1190
921c
6bd9
fe71
df03
435b
7c80
9db1
beb7
bba6
3807
5021
1458
1ae6
3a1c
c412
bb5b
12ff
69e5
4929
2263
d098
db62
c7ca
2ffa
1dc3
e907
afc4
9dd7
bb58
09c6
4b77
e411
6f51
60d3
6dfc
2093
488d
0263
35eb
88a6
35b0
9b45
f321
25f5
f130
f08e
e999
6ebb
2f8b
f1af
1661
4470
f230
7b28
eafa
6d94
18fc
7969
df9c
0996
34da
41e0
b8e9
362d
355f
ecdd
954f
42da
fe8d
75e3
a1a7
0d75
da1f
44fb
d520
6f86
6d82
9db1
9547
b8f5
bc77
4844
1b15
2196
a115
e7c5
f099
8846
e58e
3037
6f2d
dd00
7a50
8087
7193
22aa
fe96
5413
b7a6
d898
801b
8e0e
ae20
278f
3c86
6221
b935
488e
6c94
3554
b185
5b5e
9db1
1726
5b63
5cf8
97c5
813b
55e6
bdbc
bd12
2932
e121
a6a4
f2cd
37da
cf88
bbec
faf2
2487
8ac4
f4ee
aae5
39bf
b5cb
beac
7c6c
2884
4110
af8b
75e5
2dd7
f0b3
6f6a
c9c8
598e
1a3e
e5e6
bbbf
31a4
a954
b693
1210
6293
121c
162a
806d
b7f3
defa
b91f
6d73
4a89
8b3a
3644
9888
a48c
c89c
711c
2208
db37
f157
c46b
7c62
95df
fe88
2254
2110
b5f5
cdd6
7217
7f58
05ad
3f80
fd15
c2cb
496c
18aa
d797
49ce
6262
5fb4
3754
608f
996e
e871
d88c
dfa5
fbdf
dce0
380f
8b53
0e07
eb46
3377
16ed
4081
a080
671e
a1ae
9689
ed76
95ef
f9e6
7acd
3d42
3cc6
a488
b500
772f
3b4d
dcd9
1752
e56e
9363
a05b
611c
b8f6
ece8
8520
499c
5ee6
0b9e
58ea
7830
f3d4
ec17
cbd9
1129
a178
34d7
ad36
2637
1a0f
c0c2
41d5
4cfc
c655
7957
29fc
626d
f154
4727
abc9
1a62
dcd8
a40f
56ee
158b
cea2
4cc3
cb9c
417d
c306
c48f
8a1e
1a33
ad36
5d97
44fa
4b32
cc1f
6801
f1c8
125d
52bf
7f94
2bf7
8436
3a2f
9014
4eda
cfad
6153
c7d6
0d55
2a65
cf11
b9c8
15ec
a911
ab75
f756
5f2a
0e47
aef1
fdac
af72
54c6
2f21
01ce
3ff2
5a23
fccb
9450
b20e
cfb3
a7a5
28a1
7d8d
5566
548e
599a
e7ce
b989
f91b
eaac
d634
37d3
2ef8
6848
2fdb
c3f8
b435
cc1f
6405
3962
bacf
31ef
b04f
e1bc
e452
c39b
d306
72ec
9edc
071e
cdb8
e68f
bcf7
804b
9421
e342
4660
9ca5
aa6b
330d
6ef4
e50a
d4f8
0342
d7df
fc0b
1267
3fab
c2b7
f271
fb9a
7f96
3d0f
38ff
1340
d133
60df
5d8d
abbd
d1ac
678e
2e46
3227
231f
93db
773b
36f2
1d84
d860
1d24
9d40
aa46
5433
917f
dd04
4940
c6a0
02d6
8296
41fe
a8e4
724a
9303
0b16
94bb
e464
e163
0919
3d20
7606
9f36
ad08
6297
749a
1c60
c9f4
3c20
f9b0
56d4
1d45
9235
93df
e081
b610
d467
32a7
db25
814a
3962
1824
9efb
100d
347f
0b3e
79b3
119d
32f4
63a9
77c4
06d4
5080
8af0
2e63
2a8d
824f
ad3d
e350
2003
29ff
9147
623d
db4a
0790
8227
f957
3285
74f2
27f3
1519
2239
f3b1
de75
579f
40e1
9099
4438
2522
92c8
a736
7156
4894
34bb
fc89
1a1c
1881
7b2c
6944
52b3
13d4
f60a
e7cd
435c
16c9
de07
bcef
9886
3762
5e52
22bc
7ad5
45c9
34a9
0743
df34
7caf
2ae5
573f
c2c4
f682
888d
c7c0
e5e9
3057
4365
83e8
aa1d
08f6
af39
b846
c019
8ba6
2059
13bf
35e9
8e83
5452
87d1
119d
51dc
29db
24ec
75f6
051e
7112
025c
b5e6
eace
e2d7
a8de
ef32
159c
a417
8ac8
c7d5
8b12
b402
71af
585a
ee08
609b
4b49
20a4
dd08
5b37
f070
8fb9
2ec6
c3da
4e6c
d591
9f46
02ea
11a5
1451
c588
14cd
c371
757e
e80a
6413
2f55
7554
6513
bf8a
59dd
3b81
c2f6
fe35
f62e
4ad7
d158
592f
d75a
fd93
46d7
e66e
ad0f
c0b9
cb89
f4f2
1def
acb4
780d
2dca
116b
38e1
4ee3
978e
5abb
6d6e
b136
ac4f
05e1
4794
278e
3074
3e16
d953
c559
306c
f6cd
9cc8
0cb6
3c78
1ed7
4cca
097d
f0b1
549f
5a62
da1b
22e4
691a
6d57
c764
f0d2
506f
aec4
7162
0e1d
325d
f59b
4a3a
87cc
4f99
6269
25aa
448f
e99a
bc21
a6e4
9c7b
3888
3a6b
d977
1242
7bb3
32fb
2f09
c87c
8f4c
a211
a1ac
987d
f160
5122
0c4e
ee4d
39aa
f46e
42df
a658
5b5b
a41b
c097
982f
24a9
4ce5
aadc
3706
ec88
4c8d
a850
f03b
bba8
1d8a
6de6
7a58
1bdd
08df
abc2
fcec
1cb8
03a3
3c3d
3ed5
3436
1424
8479
f815
8474
0488
2d78
cbcb
83f2
91f9
7e8c
a3e4
6b94
7dc5
83f6
24d4
e592
d857
8a33
1cd1
901c
43e4
af71
c3fe
4486
9a3c
ccf8
90f3
24a7
2847
8f38
a2f6
0593
38c8
d820
ef68
ac28
5b97
7ecb
4ec5
b3bc
5a51
c083
15d3
a091
080e
fc19
ca0f
87dc
34bf
ed60
1de6
093f
3284
e417
b7eb
a3b3
e0a2
d7bb
0059
d99d
e69c
4eb1
146f
f728
0133
1a5b
8e42
be7d
3ae2
b9eb
a234
a814
92bb
309a
24f7
266b
7c72
8d56
820a
d4ad
14c3
c505
d3e1
d851
aec6
6e7b
d826
2ae2
8ed9
570c
d5e0
290a
143f
0d51
5f38
a865
324d
07a5
673c
2bff
c554
d881
7b80
db09
607f
40b3
5b08
ba7b
f423
6dfb
6afd
8962
2bd2
27a6
d124
879a
6d52
b240
7bac
08e6
6121
152a
635b
c5c5
7568
4f40
8a69
fd16
5b6b
81ad
9e7d
c488
27cf
f1a4
9631
c29b
4d79
b269
c98f
0675
860a
dcbc
0c15
92a6
8d74
15bc
2264
c312
54ce
b80c
5be5
82f8
d32a
211e
23e0
7477
acf5
4e70
fbf6
dfbf
f61a
02f9
7f87
13fb
87d0
0e16
c09c
a449
4dcc
74a5
7cfb
c6d9
208b
e7ed
59fb
a2f6
1396
d7d1
f192
8e65
4bbc
2d6a
2f90
7d66
5b3d
c9e2
c005
a7f6
2ac1
c031
bc65
d003
3462
68e0
67d0
2295
58be
d5cc
a0b4
56fc
b8bb
f32f
2aa2
066d
ad4b
0fe8
5dba
e0d9
65ae
5471
5b1c
ff0d
1a16
cf6c
d69e
f84a
aea2
6904
99f5
67df
1d3a
db18
7740
1d49
ae11
7e11
5481
98f6
529c
186a
33f7
3b46
129d
0cda
68fc
4cf9
f732
d075
0184
fad7
d48d
b58d
4ca9
8d8f
89a9
b34e
841a
adf0
c221
1250
e2c7
0bcc
2085
536d
7cd8
89bf
ca4e
9e43
1538
9f31
618b
e1b1
e428
c110
b885
0a2a
1b27
a9a6
9578
4b97
0d31
73ff
88b9
937f
d82b
b7d0
57cb
9618
2bff
4a20
0af5
d77b
c5d9
033e
0715
249b
c1c7
90c9
9c8a
c298
013e
5408
c74f
0d8e
c367
6c00
c242
9153
a8d8
e820
1055
6f85
678c
9295
2724
832d
2671
49df
b71f
8d7b
d665
e3be
63c8
fc7a
790f
e50b
9bf0
0edc
921c
e345
0f82
d045
ec11
850d
6b40
c0a3
3663
5b35
1ea1
33e3
3877
1f2c
6c24
cfce
6b3e
e252
4a34
ab15
f13a
5c33
f14b
9b0a
f109
0af4
d5c5
8316
afc3
ec3b
7205
c2a3
cb4f
5132
e764
a6ea
770f
d85c
1e40
07c8
5575
f55c
100e
ed90
f063
f836
ac82
c0fa
7038
f6e0
6891
71f0
9511
7cf3
5053
5e6a
4f9b
29ad
a4ff
784e
4d46
0fb6
6530
e32e
de61
1e29
8460
dbe3
9a7b
7605
fd59
9eea
bcc8
196f
11b1
e71f
ba1c
3e04
7b0b
70cb
ccee
0051
997d
b3c0
57d3
d636
2dc2
c02b
57a5
ddec
6a54
428b
079a
73e9
e5f5
4cdf
8766
eead
a887
961c
2a41
bae4
faf1
9ffa
671e
bd0f
e1b8
09c1
96ae
a1c8
dc22
82d9
6d2f
e24e
2380
5db5
3e9e
93a5
770a
053f
34f9
6d72
c654
32a7
c81b
47e1
c1a4
f6df
66e5
b9f4
ba9b
d8a9
2ee9
8dd2
785e
3d64
94a6
da4b
eef7
9f7b
1640
e774
ae55
7a48
7e4b
f512
eedb
ef97
a5a9
b1ee
a602
625e
bb6f
a56b
4657
c6e0
ea98
2c40
29d2
b00c
a5c3
29eb
5ba7
9516
caa6
e366
9c83
5db7
9f3c
eb63
50e4
71c5
8d55
3002
12af
63ec
36e4
d0e1
4d24
85b9
dca0
fa50
6f63
c9bd
b684
2f9c
1efc
4031
83d7
ab63
7306
5d31
c9b0
3858
be61
7409
096d
5501
1ec0
3085
449b
17ed
e9ca
3f6f
baee
315b
00ef
b8d3
60b8
e89f
2aff
8b82
01ab
801b
0153
5b6b
2b9f
c437
cf96
ad18
da70
0f58
3e21
c52d
844a
5b9b
fd94
0ca6
ead8
e9c7
6e89
1b6b
2a04
1117
bbd7
681a
bb3a
fb94
3db4
081a
460a
3fbb
3fea
f0b9
602e
2555
f069
55c0
a63e
fb88
b9f4
3f4c
0e7f
45ba
4c11
693f
0196
9f48
e81e
9756
6e83
d689
9b88
e1e0
41e4
3e53
3c0e
3a1b
8281
e586
ee6f
19da
50c7
8de3
a1f2
7083
cba9
6d63
5823
709a
d397
0c4f
b1ce
9139
4556
bb29
9005
e252
5685
4479
70d9
36bd
5cc0
4850
518e
c90f
f78a
d938
f62d
3767
cf01
8e63
b29b
9a8c
5bee
cac8
c00d
1dbc
a073
4285
f2c7
ce5b
c9f5
2d92
4963
b990
fe87
cd09
51c2
da9e
95ed
3a50
ce35
7291
10e0
1f74
75a6
c37a
5e9d
0e6c
121e
86f5
cad0
c1f1
4619
0ac4
116e
b8a5
151e
dc0a
55a5
edc3
0aeb
d458
e79f
73d9
c2c3
1bd3
1973
4b5d
c141
160e
da57
191d
1dc4
24cf
07f0
b1b3
8a13
d73e
02e0
8abc
1d98
56ab
bf70
7f85
815d
b57c
b9cb
3249
fda7
40a4
fe56
a275
ca48
51a8
8db2
9a0c
17fc
603a
41bd
2183
1b3c
98bb
7a3e
aa84
e2ca
9284
b6c8
f910
075e
93e4
0eaa
11e3
f158
efc4
102a
6fd0
baf0
c5f0
71b2
2b8e
0d6c
e096
bfab
25c8
7241
46f4
9b00
f6b2
1b13
763d
9d7d
d902
a70c
4409
b38f
8c9d
39a1
4983
244b
1bfe
342c
ae10
e836
432f
31d9
e25a
69eb
85da
d1e1
d865
0986
e2fd
1d2f
4e7c
5321
b094
5b66
128b
0f1c
2589
0d1d
4a65
117a
279b
532c
301d
b591
384a
f538
cc47
61f6
bdec
5f0e
30b4
55fd
6362
9cf6
c2fd
32ac
2f08
5411
293f
7823
9e7e
388a
37da
bf78
897b
f755
81e5
8c3a
12f5
6971
b2b8
14e3
e9db
ebaa
711f
e50b
5b5e
d027
dc92
6ef9
14f8
a2ef
806a
73de
1a71
2e1e
b579
9178
4884
7483
36dc
cc99
010f
fa00
c86f
a5d6
3619
13b5
d9bc
2a4e
2d2e
aebe
5ca4
64a0
e6a9
ef75
28dc
7928
e9a2
661b
16ef
1f1d
654d
aca3
bc09
71b9
5afa
852d
6c95
7642
0cc8
da97
e651
f9b3
4e43
4a41
1790
69f1
0d09
f5f1
542e
f4a2
a4ac
dac0
8da1
af40
7076
e1ca
3a6e
2508
b37e
3f36
acde
bae2
d79d
212d
3174
4fc6
40d2
9215
64c4
7cac
55a2
a681
96a4
03bb
5f53
002b
7ff2
e707
383b
7e04
7407
9ee9
d43e
c916
7db9
7db1
26b5
276f
cb0f
31d4
820e
3894
66fd
0179
4c88
85b9
7b0f
ac78
6d0d
8680
3119
d7fd
6ce7
98b9
fde2
3518
a844
cbd8
8cf8
7023
e7fb
0125
6496
f07e
2055
6810
1d21
57d9
f828
835c
ce94
bdaf
5256
500d
6ef2
4274
9eb9
a227
2cfb
ec84
71ee
22e8
2d53
12d7
b27e
3404
7355
7a16
bac0
921b
037e
aedb
494e
54ca
f8c9
23e4
8d22
737e
0dfd
5426
cdf7
7679
d9d6
a89c
cec3
704c
eaa3
0802
5d17
2270
af54
12d8
e244
0209
a91f
c45e
01b4
ae22
36fc
33ef
e838
8417
a348
eda4
a5bf
23b9
f9b4
dd43
56d6
4a19
9e13
7e09
6333
787e
c373
b921
22ce
517f
62e2
d81d
e8aa
5a45
bfae
3dc1
9dd3
657f
1b50
70a8
0637
d420
4a03
c7b6
6be4
2ba3
fa47
b073
bbab
644a
87bb
3366
d50b
ffb2
6ff7
6f4f
1861
be58
7fc3
e86f
0cff
a724
785b
36a7
8f28
4bab
8155
a059
103a
0927
f6f2
5e60
8e85
2ffb
2807
2197
5f97
9700
0214
6b71
1ec0
ace8
1fea
5db1
cd31
f157
daf7
a38e
4d69
017c
e17b
4da9
8100
434d
dd4f
7199
4b52
7314
0830
30ef
6a80
5790
5a36
931b
485d
9e2f
635f
af0e
c549
e33b
7b29
06bc
4b52
e688
3776
dbb3
fe97
2f87
de4d
2db0
2644
1c45
761f
b069
29d8
d18d
4ef5
66b4
45ba
a0f5
3e31
3868
e2b4
0abc
e8cf
0b64
47d2
f377
ec74
3568
40bd
098c
afcc
0d60
2a1a
ed74
2e2c
1136
1791
40b9
6ffc
9f2d
d69a
4850
ecaa
a447
7afd
ad99
cacd
874e
c550
99e2
5a93
9175
a294
80d4
b2d1
bc66
b083
de5e
6057
5f31
ef33
7bc4
e25f
d99b
857f
a8d6
3fb3
74c8
31ac
58b2
95a5
34b5
85de
a30c
102f
97e3
31ec
8b95
c374
d389
b13f
7530
8ee3
d20e
d314
4098
86bd
c37f
2561
4816
ed76
0c15
67dd
5a64
5a58
9922
ca38
ab10
aad3
b8c2
3787
122a
df24
018a
36a3
09bf
c9e0
3560
37cc
f732
06be
9956
7fc5
c40f
df3b
81da
9353
5471
d04e
3a00
5298
4dcc
c759
2d3c
2f41
c73a
81bf
bfd9
5fe6
099d
0e1a
9200
957d
78ca
feff
8b0d
eae0
d50d
524d
5da7
9b53
b437
19fa
758a
9232
9ec7
53a1
d356
2097
e850
4f42
f0d5
3d43
16f8
2ef5
60f1
6c9c
a871
f2be
e2db
7db9
93f0
7fab
c00f
4675
48e9
e0a7
2148
afbe
3a48
7d69
fea6
2dc5
fef2
cd4a
28ed
c810
cd9c
fd60
2e12
5621
9885
1a72
b20b
61f0
739d
782c
577b
9242
2a60
051d
416b
317e
2776
8cb7
b09a
ec8a
3ed1
723a
7806
3f3c
0244
645e
3652
674e
9b80
1c0a
e61a
c8ea
7f42
a43b
7a46
63fe
a23f
f13e
b623
571a
eba3
4976
ca71
5adc
babc
ee20
eb1c
b53d
6179
e37b
7323
109d
7e57
84b6
4062
9ac5
64e8
68ee
d262
a94c
47ec
453a
844d
f3a8
bd5b
e12d
d54b
a218
70ef
cdc8
d23c
3394
dd22
3821
3b86
b24a
23ea
87c3
8832
9ddd
707b
a092
7ccc
150c
00c3
67f8
321d
5d3a
06df
ed59
eec3
a81a
68a2
710d
935f
7147
47c5
4b2a
9f3a
b204
552c
7fb3
d6de
65d7
18ad
0f4e
2734
0169
ed09
cf63
f1bf
5c88
0146
a953
16e2
0e16
1bfc
3310
310f
a2f4
a40a
cbd5
748c
3139
96af
d4fa
f873
af54
baf8
66fc
8fe7
5db7
57d0
f2e3
9b57
a2ca
09ab
f5ac
a813
8893
d6bc
0fd7
df93
d3e9
8faa
f876
4d6c
386b
c134
cfbb
5c35
b86e
174b
782c
d000
d9ae
ee65
905e
b007
b561
0bea
af49
94f8
816e
41f7
bd84
04ad
439e
8c2a
04b8
8258
c641
a203
1345
999a
8d3f
31e6
29f5
3c51
0be5
aae9
adb5
ee64
df18
4c2c
18d1
4c6d
5532
3a71
94e5
f66f
2692
85cb
13b5
3bad
c887
c098
573e
101f
6845
9cae
81aa
9b83
d338
6f4a
b310
7454
e6cf
0e5e
a8b6
ceac
2bb1
53aa
f0e4
a260
8470
5139
d628
072c
e3f0
9d22
2ea8
3332
55db
2ff8
6c20
f510
e42f
cc55
f142
8659
088f
2969
6cf5
91cd
5f58
5e2f
e024
9cda
4ccd
78f7
656f
c076
46c4
0eb8
ab86
8e1c
26e2
ce4b
0a53
6999
3ed0
6bfc
af9b
0f1a
f540
951a
2002
57d0
7860
4e49
6dab
a255
0c6e
0df9
ab40
8838
6bf5
9880
7fd1
1558
abe7
03b8
77b0
c2f4
940e
ac3a
aef1
69c5
a488
de03
ddc2
52a3
3ad7
ac3a
bfde
09ac
0885
0ce0
35c7
94c5
3d69
48e5
d8b4
035b
e7e4
fa24
74a8
2654
30b4
76dd
f00b
0287
efa5
ca7f
7fe9
2ad2
6721
1054
3c4c
b473
c621
dfe1
8ed2
64b4
2189
caaa
0b0a
3fdb
c746
1575
27c9
8476
76e6
95d4
cc3e
0b0a
737d
6e86
715a
3c70
0061
640d
35ee
26d7
09e9
2a60
68ea
0fe4
bd30
60d6
04b9
e3e8
82b1
8d75
e506
98e1
4332
cbd1
a0aa
1aa9
3a18
c8de
25f6
784a
dc3d
158d
6132
d5c5
895e
3429
4ee7
e107
ace3
549a
e0ef
94ac
0fc7
d286
cb90
70f1
28c0
6cb5
2e7e
e53e
f249
4670
0f72
fc35
455f
0bd3
4c94
b148
f33a
bcf5
3d1d
0c9d
7af5
7bdc
5544
a400
515e
9856
0b0a
d3d9
434b
d651
05b7
2462
479b
b84e
3626
07f5
e6eb
9750
520f
be3a
8929
a782
3cd0
11df
20ca
32ba
0918
1d51
948c
79ad
e67e
de01
5c17
0cf2
93c3
607c
bf73
37d8
e156
9277
353a
7a14
abdc
e781
b8fa
86e5
6d83
ab7d
e4e2
3ae5
3b2e
98e4
36a0
f9de
cd3d
8268
0ee7
45a6
c99d
ab4f
8b02
c9f0
cedc
6766
6e71
6935
c899
53bc
ef22
050b
6d44
7746
0db3
8c25
05b1
ea15
3935
22d5
7e20
cbe2
b792
ba49
d2a6
8e93
f20b
9eac
f8e7
b86a
3e48
3e0e
4ec6
3b32
7959
07de
23bb
aea2
68f3
6933
0489
56ab
9756
b053
d3d6
cfd1
5164
6028
f111
6458
e049
b055
5229
285e
fc94
d44b
2851
0abc
3eec
fe56
267e
1c96
660b
7ea3
c34f
53eb
d1fd
edaf
d5a5
33b0
0da7
4e9c
6f58
befd
e19b
0082
bdc9
8100
5e91
cbde
e581
5c59
5be1
1e62
b369
2a5e
fb34
ff33
3858
00c7
45a1
6c76
3898
8d55
00a2
65de
3689
c1fd
36d9
b8c8
9eef
8bb2
3d2b
1946
0dab
3730
f000
4a9b
7e51
27af
cdd5
d539
72e1
4c87
d685
299b
9722
f711
06ef
9148
23af
901a
a1b6
ee4a
e426
9239
b16d
a1f2
d0e0
e4dd
f6ee
08f7
be12
d49d
ed4f
cda1
b43b
8364
7399
836c
debc
efe9
399c
b006
9028
73aa
4b3a
0d51
f7c1
0948
d0a0
030a
3ae7
649f
48e5
450e
8fec
5641
2a5b
fe97
31f1
1195
3d3b
920f
6aff
7367
ffcb
284a
e905
ac3c
20c0
d339
757a
c9f7
b58a
acad
a9a8
d30d
a0e7
e863
37a5
f038
518f
502d
0c5b
6b33
c0eb
332e
2788
e30e
4a68
70b1
2387
b7c9
7736
a8d3
e319
083f
35de
e945
f86f
d4a1
7be9
e90a
3173
95e2
ae88
a2a1
a869
aa4d
f375
a201
971a
d673
6624
8f4f
9ff1
548b
79d4
6fa3
5205
1abc
d7f0
3057
0900
f263
c8f6
cdcb
bd93
3e6b
12d8
e893
fdce
120b
9f7c
8927
c0cf
5b7c
915a
79d0
cf18
10e5
b80f
53ef
4b45
4e3f
3682
c848
c056
429c
046a
cfa6
10ee
8c97
5532
69fa
8fdc
82e2
dd2f
f9cc
4d4e
ed3b
bbaf
f814
445f
36f1
049b
2703
ec4e
6890
9821
f80c
42ba
4de2
5534
fc25
8001
211c
716f
5702
025a
94de
19e4
f68d
d53b
9437
49ea
da29
43a9
c309
7595
ea7e
acfa
c0b2
21f1
57bc
ba38
0190
0591
7bae
4d59
79a9
db77
5d06
141a
2362
ff86
565b
dfb8
bee0
2047
aa67
687b
4ad7
4613
a6ca
d26d
13a8
3fce
46d5
2c9a
d6de
063a
dc27
c4f0
8c40
b741
52ba
0eb2
d7c0
5d23
d531
e313
a387
33d0
e3c4
3a20
f079
35a9
6689
1d33
3411
fd84
af1f
8218
f5c3
9fd4
4f95
3db5
4250
a544
e9b2
0c2c
2455
55d4
2c41
6bce
4822
79a2
4c45
6287
a333
ad47
3eb2
f574
006b
d782
3046
0d44
4953
716f
bf16
d780
934b
796b
ec05
6235
f66a
4012
7a79
c984
a641
1f46
a0b1
672b
033f
da1f
874b
c05b
600e
c4e8
68c9
19a2
3a1e
d790
34e1
072a
6a1b
db20
7d1d
dde9
6bf0
dba0
48e5
476a
5b4e
3f97
216c
399e
80af
b88d
e859
4fd3
072f
82f2
1e16
dbc5
1ab2
0eff
bfac
c376
e0fd
29c0
01ac
1e10
9701
896a
d945
70c0
71e8
ce57
5e11
39d1
1da0
c1cf
d0bd
9347
259f
81ed
82f7
a139
508b
ec84
d8c3
0d39
2762
d089
f3bb
2787
c379
f29d
dc89
a57f
eba0
2b09
89e9
f57b
93c2
2c1d
fc11
e4f8
f538
8622
4774
05d4
f518
c0be
5912
847b
0cbb
5d2e
333d
2e77
99da
15d8
5cf1
afba
4f80
c9d5
2658
2522
0511
ecc0
daf2
556f
fa04
e3c0
8283
a375
8140
df12
c354
26b8
0f05
37dd
5048
c87f
671c
f3ea
0ec1
4cd1
0823
ffc3
f579
6f39
3639
816a
59a8
f951
d8d8
b342
0a20
5733
262c
05ce
e9a5
9584
cc14
a379
a16e
ba49
dc28
3136
de7b
a422
c615
1c76
4c8d
6082
8541
6bb9
d25b
aafb
4688
42b1
0ee9
ef00
35b9
b3a3
ed24
2616
a609
c868
533c
3671
c79f
f81f
dc40
0a61
0f18
3c68
aad1
6a80
dd59
2e82
6996
4b18
b878
82d2
2936
adf4
785e
a48f
dd53
b025
cf08
eba7
d171
eee8
5a30
7aaf
f003
f43f
74f8
77ca
5cab
d14a
40f2
1720
07c8
7fcb
e312
71e0
37dc
0399
a172
cc63
7f89
f75c
c61d
1560
8884
4010
755f
fad0
9119
01eb
bd6f
b619
b342
afef
fe8f
4cb5
93f8
e71d
39dc
aa69
b7f2
b07a
b4a5
3b33
14dd
3901
fa77
6556
c52c
7fba
6352
574e
d06f
9bcb
051b
4900
ebfb
696c
a33b
b8d3
5969
8bdb
ce67
4741
74bf
24df
2e52
bb3e
9513
d38e
041f
4a39
11e4
f980
2e46
27cd
0d04
a997
6a80
70fe
bc62
94fa
b9ab
ffa4
ec1d
c1e6
ccca
ec71
944f
9abf
9dcc
8d8d
c8fb
3aa9
65ac
faa2
06d9
8b26
0317
9488
46db
8de6
b7c9
8f6d
575f
1117
0508
3195
e148
d896
e40d
dd98
ef2c
4b79
44ff
1a96
de26
b646
f03c
907c
072e
48f0
7cf0
1132
a16a
5b65
c693
51a6
cfcb
3bd9
f819
9918
9a14
5e23
eac0
1bca
2696
0473
43f7
8e16
37eb
e2af
e98a
b72d
ec5f
b752
f7b4
760e
8524
2b34
4e0d
aed5
7215
b05c
d892
0b0f
cdaf
b1db
eeb2
48cb
77fc
6250
4891
ba9b
5f52
27bb
d4a6
bb3a
b287
6091
068f
fbd9
8d4f
c593
1e69
03f3
5b2f
049f
aa08
f5e3
ba52
605c
2099
2321
315d
f8ae
b137
5a53
da77
7e54
11ba
6780
d550
958e
a45d
c5f6
524f
30c2
96e7
f117
53bf
27e0
4b76
9d70
8218
1cb2
9456
1fa2
be4e
0695
26a1
89cd
c980
ee16
9c89
7eb2
9bb0
ea51
0902
23b4
e072
e46f
d281
b739
119b
7d4c
2931
884f
5f2a
1852
7ff1
edeb
da62
756d
99e7
42e6
37de
8a81
4015
8fa6
ae0a
a9be
9a2f
e5c5
7ce2
ffd6
9265
32fc
fc54
14d6
e14e
c8d3
d79c
174c
6745
0844
2bb2
56ff
44a3
3a89
ae59
e179
3da9
57b1
e1ac
d618
84ea
4ded
1843
d20d
742a
b269
f442
b2d5
63c4
e6ab
1888
82db
a620
b341
4905
c9ad
f625
6213
eb2b
6906
5647
e118
c8cc
2ba6
7b49
3591
7a56
f18e
5f79
2e33
49d7
68f4
efbb
0ee3
c3ae
d95e
7889
88e5
d57c
3561
6b2b
2835
78f2
be0f
fd0e
68e4
797a
ca61
63c0
aa1d
498f
d912
ffc9
42b7
7634
572c
0faa
25d6
3978
aeae
0956
dd59
4ff6
d06c
9d38
0b43
fde8
dab7
9e51
784c
c85d
65eb
1358
3f74
3534
14ce
835b
c1f6
75be
c3d4
e224
24cf
529e
b4a2
e015
6074
040b
fd6e
b17a
d380
9306
84a4
8958
0294
7cbe
60bd
c6aa
e0d6
95ea
b36e
cb81
96cd
33c1
d579
b65c
36d0
e19c
d665
ff5b
6348
67e8
c446
4b11
33ce
4be0
5dcc
5513
c463
5dee
da74
524a
1252
e952
3190
8378
be19
68be
ab36
23c2
3c9f
96b4
1d95
612d
484b
1a4e
15ce
a440
3e48
a0b4
1ed1
32b9
bbea
388e
7bc4
5c7d
3fd3
b137
e040
442a
9310
021a
76f6
fffc
d7fc
74e8
c08d
4571
552c
c04b
2f92
c887
a4b0
2570
3484
5d3a
e9c4
af9d
633f
7014
59cf
bfef
5c21
2152
3758
fd48
a7cb
2513
0189
384c
d029
943e
e6ba
1370
95fe
826e
0be2
b5cf
6a7c
12f1
eb8f
0639
eb06
9b39
6c93
7e0c
8628
f87e
05d9
5d43
a3de
e873
fe4e
de69
de51
cf5a
2249
7575
22e0
deb4
3049
a501
31b2
58da
b595
5032
b096
05bf
e075
087a
55a8
25e9
0056
01ac
6fca
d683
81d2
95be
1e1f
8217
6681
578b
71a1
f25e
bb4b
35cc
f898
af55
1949
8650
8fa8
e18e
8b6a
6f06
8850
465d
80e9
275c
0ec6
798e
3637
c395
ce07
cf24
3809
daf7
984f
b780
18d9
f5ed
b523
4ece
24bd
010a
d820
f84b
898f
9b52
66ab
2705
ee46
0d6b
d026
ea16
0458
fbd0
d571
04c6
6975
0f88
352d
f057
3f3e
11c7
125b
ed72
d577
1312
04ba
3ef9
6a12
a352
de04
c541
879c
c857
9e51
39c6
104f
8bf4
8fd4
dbcf
ca12
15d5
8252
b778
1b52
5168
8ff4
2d18
cd1a
743b
32fe
82ea
8b1f
fadf
dab2
edca
1793
3363
f595
a1dd
ede7
8a2f
b509
9fe7
1449
0787
ca0b
3c66
5e71
8c40
703d
e330
4506
e059
c763
c7e1
3e5a
88b2
dc94
8a18
bab7
4c8b
d7fc
f836
157f
5684
de7c
9631
b55b
4028
b01f
15d3
1563
de8e
f998
8c7f
87f6
57bd
b399
85c1
0e68
e40c
55bc
ede8
4d16
918c
9664
1cb2
a381
85f3
9cbe
684c
c763
62ff
8e5d
40b0
14cc
b050
afc0
fc62
ca9f
bcbb
095f
9ab2
f76f
64ac
6169
72fa
f3e3
d286
412f
ab3a
f509
13a2
8239
3c27
f300
90bc
bc28
28a2
7eab
dea9
b05e
1d59
9d40
5298
3615
fb8b
32a7
2c3d
43cc
a990
0f44
2fc8
6430
42f6
5760
5176
352d
d45a
5573
38ad
8fe0
0071
16f7
741e
5ccf
dedc
9f10
4d26
b420
2519
bc4f
c5b5
c121
38aa
3fcb
490a
436d
f967
ed16
0b08
92b7
18aa
ce20
9388
7e67
d99f
b306
9d3d
64f3
becd
057e
f2bf
6105
1009
f860
1bc2
3035
7f27
2a25
b3fd
3fea
4eb5
28d7
b033
1cfa
ed8c
7b97
5056
a14a
460d
b75a
155f
8dc1
0bfe
7fbe
afe0
3063
295e
208c
8e4a
adc0
dc41
df45
e2df
6c74
774e
608a
cabc
7775
3fec
fa3c
9644
1843
497c
cec6
8277
54a8
619e
20ba
d004
be2c
4449
90d6
b4ba
ab2d
9a07
76c5
4b6b
4907
5a08
72bb
15c2
2bea
60c6
13b6
6f2f
4369
543e
3dde
faa3
5833
6372
9a44
01d8
7191
f4b8
d9a5
b300
02d9
004e
3872
2a44
ad34
23a1
139f
452f
311c
bc58
4722
41ca
804c
f976
bf24
834d
5791
f92b
bbab
f00e
c7e1
6831
50e7
c462
4447
2116
2051
5072
3478
a245
f150
415a
cd17
1f11
977d
4f13
0ec0
519f
8f24
5ebc
166b
fa15
b07b
6437
d4b1
6ffd
4c6e
701d
9f24
e7d4
0741
8326
b464
95f0
acc6
4de1
3811
cc25
d3a7
2079
6dd6
4199
cc04
9537
02eb
c3c2
6778
c898
5710
d974
8e96
ea6e
9d52
3302
de6c
ba3f
9e5e
10a4
7505
5dfc
5e5b
0212
007a
5ee8
8640
37ea
98f7
3089
5385
6bbc
7719
1e86
e3ba
8da2
57e5
0870
f9df
54be
3563
0488
15f4
3420
40eb
4367
8865
d54c
45d3
cab4
76a7
7dea
f50e
d305
90b3
db5c
41cd
777a
31c5
7856
8d9e
52b6
d010
990c
7137
b35c
1516
56fb
4cba
3820
38af
08fb
e047
3869
b099
265a
fa86
e074
b89c
559f
35fb
db92
f5c3
48df
8770
c201
68a0
2bf6
4ffb
2bd3
2ade
50c4
3ac8
c721
e9e2
9bee
701b
21ce
317f
87a5
4fcd
dbd7
a110
d7ab
8292
c054
787a
95b2
6d73
0103
9713
8a92
83be
1bea
aece
e5ad
fc05
91b9
44ea
1e8f
3f0f
4de6
4fed
ed5b
7c7e
5f90
fb96
a7cb
cd28
d5b3
a2a6
7037
c616
a2cb
9b2f
4cee
ba57
43bb
a2e5
a14f
4c80
0aca
4bdc
ab00
2c12
bdb4
6ea4
bb26
2219
41d7
aa28
8be9
bca5
f467
926f
20ad
64ca
3bc7
4118
c3e1
36a5
7977
d768
d356
2b29
d199
ae06
953a
7c24
f7a1
5a14
44ed
be81
b2a5
864e
5d1f
c59e
d9e7
03ff
08f6
b31d
fb93
9548
a5f1
361b
9c24
6296
5e0b
be26
1cab
6355
8988
919b
e254
f3a8
d88d
a7ba
a320
b726
c85d
2391
e6a9
2834
622b
dd70
46b2
4623
d549
511a
7177
1bd6
3f8f
2579
c1ef
77d6
3b19
a25d
000d
24e3
daff
98aa
2113
c33b
c209
7216
9c7d
eecd
063f
c186
aaba
23bd
a54c
2ef0
65ca
49f9
9f68
505b
dfa3
9389
a8ec
e238
3b60
2843
85f7
cde7
434f
82fa
5c83
6e7f
8ebb
9a9b
70e2
c5f9
6fe3
58a8
85ec
b65c
607a
5ad6
1c87
f85c
9b79
506d
df99
1e0d
8f67
45c3
9948
c829
0b3d
5a7e
b817
ae47
323a
ab04
5a2e
0f65
25d4
42f0
c023
2170
4cd1
0d9b
865e
a86e
9cca
0c79
359c
bf7a
63ce
f8b1
1a3c
0c24
35af
ee25
0e00
4965
4d66
ea61
c294
3af3
ebaa
ac02
7ebf
3d68
5ec9
a72d
8ebc
338f
bd07
6d26
c71b
a255
1703
9273
1b50
bafc
2b7b
e166
31aa
0b8e
aa0f
68e2
c245
6c7a
0147
a00f
9478
195b
4199
5197
6a12
dba0
73de
4a1e
21da
56ed
4510
b5bd
bfd5
e978
51fc
14fa
6aeb
f987
d089
712e
81b0
84e2
02ff
4885
1dd4
15a4
b940
c3b1
136f
9116
79a9
d0f9
ceb8
ca83
8af3
41bb
a6e1
3f57
7c55
a2bb
20dd
48d8
c000
f2a5
8ba2
fb38
d22a
4b59
2ecf
e1d1
cc50
ee0d
288d
22ae
c039
9e37
d308
ed70
bfe5
04c6
d65c
0d4b
f38d
4476
ea44
2c8d
19a7
ca4c
112e
30e6
c447
4493
fd4f
1fd2
a9f6
bf4f
0662
832f
4080
c474
cdf1
3dde
b90f
fa01
2732
ad2e
b8d8
3d97
7caa
0201
7bdc
6dd3
72c5
2223
f911
e91a
248b
a10c
dab3
2bcb
5375
06a8
4502
ff60
b629
cf93
40c6
f378
dc53
55f0
8ea0
cd93
7e7b
78e5
dc6b
ca2b
13d1
2c45
2f3d
0d53
7c36
e7e4
5d0b
6968
8eca
4302
e022
fd41
42ad
b42e
27e8
fd23
4250
f805
a855
98b8
6893
f508
0c60
d96b
641e
6c7d
23ce
796a
80b6
fadd
6499
f3df
d6ed
344d
c25c
3f73
4dbd
93f6
e304
2de1
7056
22c1
51f3
be24
9d89
eb6c
c45b
05c9
039f
7e16
5283
e426
7ead
89d4
b910
437e
6fdf
7e2c
31de
9a00
8348
edb7
392b
7ea5
168b
eaaf
b265
1bb1
df89
166e
26dd
a00f
463f
abda
d145
5994
d243
2bc7
ab45
4b9b
05fe
f181
3d47
01a8
953a
2918
cf8b
6f71
f185
a24b
5013
bc80
a3ef
5a74
bb88
8ce7
fab9
f13c
c1e4
0953
e0ed
9cab
a755
6809
365e
76cf
93b1
d5ff
a97e
a0b7
86d2
1b58
22c8
78f1
ad5f
9ff6
93e9
7226
b5d1
8934
c55d
5176
3756
85d0
2de1
e0a9
8583
c08d
5ad3
b6a4
9e6f
9519
4281
a2b1
639d
3dc0
11a9
701d
088e
e9c3
f1ca
e7c7
3e72
c00a
d136
debc
9f31
a61f
005c
4b67
1fe7
d8f7
74a4
daba
1741
135b
3665
3e16
7de9
8f5d
d56b
2e8f
897a
44a2
0570
b8e5
1cab
1786
90f1
a306
d222
c040
dbd0
4f57
f383
17ac
3c14
27b2
2bab
670f
a063
d64f
f2b7
61fc
2c53
9279
2789
3dba
e943
5fa1
8480
6f9f
699b
0857
a043
d0ee
cae7
d16b
ec06
2f0b
d1a3
4443
87cc
67d3
de51
4a79
21de
78e1
d972
2d12
4898
2a6a
c779
8a41
a007
4b42
5257
5bd8
50d0
0042
cd6f
df76
5061
50b0
76ee
fb14
8827
f1ca
d1a1
482c
fa35
00d3
11c6
7db2
bdb4
3951
8800
c4fe
2d8d
9b29
5463
aeaf
e973
31fb
e577
0daf
42df
e3f1
cbd3
418b
a060
7518
6e9a
a77f
0efc
4891
30b7
f889
a8f4
7379
6b7d
11db
ab97
410e
a5f2
638b
1214
1a7e
1b7e
7090
c153
f947
0ca0
cf1f
4225
2b78
bbe0
aaad
0f4b
1427
67b0
951c
2756
c155
c87a
14fa
cc69
d435
e343
9752
ccc1
16e7
d0d9
2950
6030
4f41
58a3
1eb5
f35a
1e6b
b1d3
6798
f813
54be
45cf
10e3
6d0b
f5e7
47dc
7223
8dda
3ccd
24d5
30d0
97f1
23df
10be
7b25
01f3
bb3d
5322
c9a6
febd
e908
a6e1
a4ed
4403
e2df
230f
dd93
7705
3da3
8907
683d
5ae6
b28d
1f36
585e
7c9b
937b
e7b1
0b37
8864
21a9
f9fa
daba
9bf6
8b19
7a98
f58c
1f0e
39e5
33e8
592d
beba
3b26
0d3f
4237
fc4e
915e
4c48
a6e8
b0ae
e9b4
3c4a
a6f9
dc3d
76a2
9c23
64b2
f1cc
49c4
bc66
69f5
31c3
8161
d3e3
b0cd
3264
0165
8370
7862
1aa8
a558
3940
7b5e
becc
f141
94d7
b530
aad8
104a
d3a3
f7cf
9d8d
8050
03f4
e6a2
62d6
2afb
f26f
d59a
d694
d970
af70
790c
2f3d
d0ea
5a1f
4a9c
0151
7601
cdaa
1852
3bdc
b7a2
a263
a0d1
ed87
35ee
2fe9
83c1
6706
be81
a8c9
f81f
dae9
06e0
7285
2593
562f
1436
eed3
3d71
0375
0c2d
c81e
3531
534d
d671
e33f
26d7
5ae0
9147
bd1e
5b01
dc38
8e6b
36d0
d9f5
2e2e
3e15
f451
f28f
fa3b
91a0
0273
01df
8c1f
6376
0e9d
25be
7a96
f896
ef3e
11dd
e6b9
9428
95d9
8e01
e564
27ec
34e5
9adf
593e
9523
0cf2
16e1
2141
80f8
8348
ed88
2b1a
eae1
e0e6
9c0b
ac0d
196e
4373
c1e4
dc3e
60dd
5e52
50b2
f22a
c899
467e
3c82
daba
ef7d
1828
7c61
a594
0aa8
807f
8b55
5a2e
a708
d4cd
d0e4
1213
48fa
6c71
90fb
8e7d
aae7
2853
35cb
5c14
c957
5003
6b94
394a
27c1
4ebe
f212
1b05
532e
0704
cf4c
c082
ad2b
12bd
d414
a792
26e0
da76
b0ca
4340
3a5e
efaa
c8f3
1ad6
afdd
73db
fd50
23bd
ea07
ff9a
3e60
ccfd
9940
719b
1e80
301b
6652
94e7
a365
1fc8
2983
a586
52dc
336b
bda5
612f
c691
3fe8
23dc
b491
5b31
74a9
ea3f
65d1
6679
5d3e
ad82
14e8
eed6
2f68
862a
64b0
4223
5ab6
30f9
9151
f360
7abf
c48d
5171
5332
aa1c
0de5
7692
bd94
90b6
6a9a
eba7
dca6
0181
5bcd
8556
87a5
6269
80d2
fecc
fa90
e734
efda
899e
d53e
8a03
13c7
47f7
93ea
fa1a
55ae
628a
a33e
dfb1
9b97
826f
7539
d08e
13de
764c
be6f
7573
02f1
0878
56d6
e39a
f12e
d4b6
5e85
dc6b
bb9e
7876
950a
98bb
8679
a6bb
0361
ef58
b3f7
4a51
6c7b
1a14
20f3
c34e
2a51
9e99
ecb5
a2d7
4aca
0925
827b
cf8b
06d3
8ed7
eb36
18d5
dc56
a268
af85
5fc3
5d7e
998b
991d
e98d
6bd0
55d3
5e97
bd9f
509a
ef6e
6b41
00a0
bc64
e09d
da98
755d
3856
75fd
441b
ebd6
32a4
a587
5d1a
7c3f
bb6b
07e9
9530
53f4
f9f6
4ec3
0a06
90d7
085c
eabd
b5d9
e9b2
73ff
857d
8119
769a
e10a
6863
7f8b
5d91
ca18
13c7
bee1
7e69
a269
c912
f472
6138
b3e5
20db
d94c
c655
7ba8
6788
7366
12a0
f77e
5b33
a60e
e90b
b6be
1788
a0a8
b2fc
8d86
162b
1cf0
c05e
da9f
1d88
5279
bb6e
27f0
3a28
59a3
13e5
2a17
05a3
e253
d555
7119
e88a
5419
22a2
a555
a52c
939b
a92b
f5cf
3888
4146
554b
59d4
69a5
4ea7
f561
a0b6
8abe
e5a9
ddcd
2285
de5a
84b8
9ce0
932c
199d
8824
01c0
746f
6286
3d9c
0aa2
0824
25aa
1446
e5d5
2561
3707
ac0f
3aa7
7e66
fb81
b68f
2801
ffed
f391
c168
bb42
0aac
7b35
7862
5fd2
bda9
a1e1
2eab
2fbf
5e0c
3ce7
a25f
80df
f23f
6208
8188
6ceb
b619
1f48
3f2f
b9f0
aa86
de85
f171
13a7
f376
2b54
e910
c12a
03fd
5946
9e13
a095
ec51
cbd0
d367
46f7
aef1
dc5a
e401
979d
4ed5
4c25
7b75
1f1b
5dc4
4437
195a
5a9b
7ce8
01a7
63ee
97a1
a545
e173
8917
d2f1
1595
55df
7529
de4d
c440
ac92
4252
afbf
7f5f
36eb
5b59
2c21
6620
3c35
2882
2880
6bab
342f
f926
22dc
977d
c78d
6c14
11ae
2a90
0d31
d22d
9afa
10d2
9367
c23f
65ee
86e3
66dc
4581
089a
8059
c8f3
d02c
ee21
325f
e60d
20ec
fd6d
4ce0
abcd
6865
5d10
7a29
493d
0918
d976
0684
c822
9fec
2b39
5ddf
cd25
34cb
eb0b
8acd
67f9
8ed8
4515
5334
504a
0510
606f
0624
5e73
aabe
395b
a368
a509
ab71
1e8c
0844
030f
f929
d20c
a6ec
9f1a
56b5
fec3
37ae
685b
4856
48c4
45b6
7e43
67ad
a51b
2e2c
a336
35ec
3296
1406
c4ee
6686
4b42
b37a
e259
2064
9c97
f9ae
387c
2cd9
20b4
ed87
671a
165b
667f
25a2
ebac
a1e7
a625
ec0c
946a
b905
fa69
22e7
d450
e632
a028
a7e2
7f73
1e12
0318
7304
d00f
f9c9
2486
189a
17d5
1e21
1d43
7228
692c
f7a1
fce0
d432
8f94
2dba
0819
9fce
de8e
b78d
b149
e34f
e335
854e
652e
6db5
4f64
bc42
de05
8739
8865
ccb0
2886
bb0a
9071
72f6
8c97
f3a3
3403
361a
0a1b
27f4
0fc8
cfcd
8cfa
e412
7cd2
b6f1
6e45
c2bb
34c2
38b3
97de
b4dc
33b7
911b
b1a3
12f3
a0be
2487
52a0
7278
c04d
23c9
a817
39e8
fe1a
14eb
47a1
8378
3719
be0c
fdb6
49f6
18af
6fb6
624e
7bba
4a1c
5aca
78c3
1bd7
726c
cc0a
9452
b8c0
dff9
f010
2df9
67e8
bf14
8197
436f
3328
5cad
12a8
8698
f867
a925
cf01
5ff5
8659
eafd
46ed
7ac7
a735
fc4c
829a
d8c7
5a39
e612
09d5
905a
c216
1a9d
006a
7cc4
3689
2ffe
dd84
0917
5da6
1d03
aefc
f190
8c99
72a8
7a0e
6008
c71b
bf3f
082e
65a7
f544
2547
1b11
99e4
8582
537f
c724
08c6
ffc3
d292
7297
805e
f68b
26b1
79c5
6c38
e45d
3a36
227d
83fa
d416
7530
4c78
9350
edb6
f569
d061
a219
4d3a
18ea
a9f8
591e
da7e
9cc4
0c03
860a
1b05
91ae
315f
4469
ee52
d06c
99f2
2a0c
3900
ad6f
470e
a5b4
b238
ffb1
f75d
db7a
b72b
f1df
84fb
307d
9db1
0d1a
e954
e850
e4a5
e51c
e8fb
21dc
895e
0d30
bf8e
ae44
6bf3
a7f2
f4e8
7504
710c
eefc
e79d
9512
c655
9dfc
d702
727c
c763
212c
2593
9625
3679
37ed
4d48
b664
26ea
dbc7
0a42
f55e
98c5
35d5
2a13
3749
dfeb
e298
c8e8
702e
cf0e
3f75
850a
c217
17a2
21a4
10bc
c56c
6966
1b7b
16fd
ca46
4985
3c20
f22c
52f6
b1f2
2cbb
a5dd
1f5e
07df
daf9
adf1
23df
f497
79d9
94a3
8b6b
4204
aa61
c669
a8da
1c0d
8d6a
7c45
9e6c
f985
92de
09a9
d976
246f
c5e9
2d1a
47b4
d503
44db
ef26
e8c7
201d
b3ab
57e3
9f6d
a00e
87c2
0c1c
2ba7
fdde
811b
98dd
b453
d0bf
bf2e
9261
c65c
efbe
cc69
79bb
bac9
a192
737e
d5c0
9c0f
52c3
b375
b1ed
cea4
d353
4d4d
1474
f14f
7fd5
410d
7f04
eb69
98e1
bc1b
542c
c979
fdb1
c3af
b734
2e64
45cb
4bc0
18f1
6337
9c7c
1df3
2c8c
148a
460d
1e49
fed6
59c4
19d4
2828
2832
fca4
3b50
737d
2a2f
0c48
461e
40f3
2c62
0ced
6b48
4c6c
d989
e45d
50bd
0ee0
80b0
36ee
6b29
4ec8
26b5
4ca6
5d07
451e
bc5b
e40b
af2e
2405
2096
66e4
2038
1ea9
6aef
72c5
1b81
a52f
7d8e
6896
56f3
5361
66c9
9f68
5211
7b1b
a916
f631
cb80
3ee8
eb7e
c2e1
5cec
ed7a
792b
8493
3c03
6f25
09d2
9e6d
7499
2fe5
2b30
31b0
3920
acc8
989f
96db
53cb
a089
3188
6d00
52d7
f1dc
3202
87ca
197e
85d7
f9b2
a571
6778
6ffd
41ee
1c58
4025
7e15
6463
d982
7c85
38e5
79da
9224
8064
51b5
b87a
bcba
0a5c
d3c8
66e1
94d4
0ed0
44bf
bde7
3fd7
793c
4251
d84f
053d
6ed2
e2f3
c941
0588
ccfe
0ea3
2d64
2ef3
9531
aca8
d1b6
8a58
2fe0
320e
41c4
c264
0f51
ed14
91b5
2199
6f46
7c32
bce8
aa16
3468
1417
44b5
5304
dcc6
7ada
be22
def8
8f67
da21
c02b
e0c2
1e18
01c1
7f1c
e7a8
f255
53b4
6bbf
24b1
0f25
5dcc
5c83
b6e1
3d6e
d42f
ac44
094b
75d8
cdd0
6bca
16ca
beff
5691
5e89
c815
b87d
50ab
8d58
3116
1e4c
7c32
b607
52b0
7e59
d297
dffa
b33a
245f
6d90
c7ac
979f
ccdf
2cb7
f0da
a385
ead4
2172
fd15
4a86
5dcb
5f76
7612
1878
9cf2
e457
3a3e
7803
a4c5
3125
189e
4bf0
22f3
f760
89a0
8cb4
b1f5
38fb
a6d9
844f
da93
4412
49c4
79f3
c778
4f75
a507
6ca7
9f9d
2f1e
ee33
fe78
4a07
0898
00d8
d642
24c0
1868
5d0a
af78
b860
30cf
e024
73c8
ed3e
ce3a
6c3d
e7b0
9381
a7a4
ff96
cfdb
2bbd
dc31
9ae5
8b7f
8794
32e9
8b17
0b04
d3e4
d2b3
d8c3
9304
20e0
b58f
cb6f
7cfe
4c2d
56d5
81c9
a274
ad5f
9e91
d6f5
e210
6f3f
ef71
5da2
c762
8f4e
ce04
1a87
0ac1
b333
b6b4
cd93
e380
14f7
1703
fd8f
8b75
dfb9
fcfa
b0e2
b304
c1f5
9546
5417
3c14
c886
8619
c968
72c7
cc61
e409
da82
d718
0d7e
c96b
b959
f8be
87f4
6381
0cd2
bdcb
98bf
9627
2b75
4f1c
169e
0022
66cf
918e
6305
99a8
56d2
dc7b
b818
496f
05f4
c535
311b
cf75
138f
0ed8
8d23
6041
0487
27b9
3c1e
09a6
bbfc
8be2
a4b8
2d16
ebde
ead4
a006
fa56
3a0c
5e6d
2545
6935
d6e0
18a8
8421
e1f0
f71c
239d
f5e7
9477
ca6e
bf74
431b
c93f
9514
2be3
baad
72b1
6563
4e04
88ef
6daf
51da
7820
2d4c
0297
d079
a972
0d20
d97d
ba94
6363
ce22
42e1
f425
4725
828f
3c61
e6b8
acdc
23f1
5a54
0456
4d26
01c3
7162
ba10
0a01
a339
b947
87a7
7726
b63d
8f40
fc03
886c
042d
3811
367c
bb6f
1b12
9ce6
be92
7be4
44bf
7d11
deff
2f49
bc33
2cc1
741f
407e
c99f
817e
68d1
6313
1019
986a
12ea
b354
8286
4882
7462
e898
c74c
7f77
dfa0
c3a2
8eb1
7b49
d00f
89f4
62e3
45e1
3461
732c
020b
9c54
f6c5
79b3
1203
4de4
22d9
8b59
b853
ad90
ac54
165e
fa76
9a35
d876
7864
0e37
b81c
a6a5
2e0e
6369
6b17
e775
8b2f
167d
f725
8ef9
0947
e95c
fa07
9f7f
6b36
fc0d
e4f9
7394
7987
081e
1068
cf26
ff74
c0fd
7a87
1269
26e3
91ae
f128
e988
73af
baf1
2a5e
29ed
a565
5e2c
29f6
6cef
e440
3a08
d90f
879f
a7eb
d3e5
528b
681f
a841
72e9
f8bd
28a1
7a93
4ed6
b590
ca0d
549f
d140
569e
f797
e1cc
4a7b
2f9f
adc0
81af
287a
dad2
ba55
61a1
3e5a
d7e0
d97f
944f
b60c
dff3
2f39
c7f1
c327
8e29
51e1
aec7
a4fb
c17e
2f60
eb88
3dbb
1170
65bf
1079
2bce
a6d6
0c1c
2f9d
98ce
63d7
82cc
049d
4b02
28f4
0626
0712
3877
c06d
e407
1f41
bcb5
69c4
e7d7
9717
08d6
bac2
d1ec
92dd
00de
d45c
8e9e
0c94
178b
a541
4178
0eea
7cce
a1d1
9410
73c6
b928
7cc0
0392
3116
7397
6248
8141
0276
bf74
5d35
8882
fee2
b8f9
fe1d
feb1
6b7f
bf29
2947
6c28
1205
93d2
d5ba
3636
7a18
1d6d
9d3b
6ba8
d4ac
4760
9fb3
4f84
b9fe
6427
5f58
38d2
7103
b17b
4b94
00c7
9cb7
b9ce
3dc7
719a
79f5
f759
b18c
3259
3eaa
560e
ed98
ea42
31a9
2c14
300e
d683
0ba1
1d45
3778
ba75
2cbf
c2b9
02d8
b553
5d86
20d6
51e9
8d0a
9999
ea9e
a635
965b
b02c
2335
92be
7bd0
215b
e7c1
4e6e
cf79
d40f
c22f
6342
4a7d
4757
5a04
8cdf
6265
0436
9455
a652
662b
a1a4
e7cf
e5fc
7c0e
164f
1487
31ad
894b
eb23
2d22
ee22
0c42
f97a
7953
785a
6d40
7d31
1c0e
3663
006a
0091
1d38
54dd
a0cf
b61a
6970
d4f8
c336
0a30
db9f
9b81
7e6e
d862
1117
abc7
fbde
4fa0
84dc
5be1
6d9c
c8b7
4098
4b00
4f13
29fa
1f23
7f7b
009a
21c9
22cc
3d33
78ad
f43c
4ab4
3d52
7107
bd9c
3279
25f8
7b3e
ab57
032a
6277
05d2
c75d
9349
f354
42e9
2111
fb6d
252f
d768
a7be
a100
6b34
f0ca
d7c6
9abc
4cc3
85cb
3167
8491
fb92
30de
6af9
498d
9302
43cb
7171
494b
5624
9400
5be2
81e3
d785
cf00
6864
cb02
8dc1
fd2e
7224
956a
558e
f845
e90e
128a
5a29
024e
ff4f
df11
0339
fb97
a03b
4d26
9b9e
e228
8889
e646
db2f
6496
709d
cc65
1b73
15de
115c
0a02
99fc
eda8
56ea
2ce0
aa36
2334
9bc4
f47c
9919
be17
8cf9
926d
499e
04de
7d8c
44de
4085
baf5
deab
27a4
78a7
21d6
c32d
6357
c43e
1a33
2c93
239e
02d9
9799
aa7f
0b10
0460
7d08
210a
91a9
0a42
8851
b3e8
bf35
02d4
4fbc
8283
4ba1
70f1
bafb
c480
e7d5
76a2
4f7a
dee9
46f6
35ab
bb67
e419
ba12
bad7
b935
a173
510f
5157
38da
e272
8656
fff4
fc46
fc6e
11d9
8d38
4173
c41e
f6c4
854b
8338
c97a
a102
6424
a56c
9db1
19c4
4f27
b538
043a
b8f3
f51d
6018
23e6
ace7
8138
b4d3
dc32
0190
060b
0502
3614
74b2
7777
9a29
2767
1493
3cb0
f32e
140f
d971
b468
9081
c247
5228
bb3e
c131
f92f
55f3
ef8b
5960
4633
66ba
e1b9
2873
3111
875b
2d3c
6355
3474
1be3
1803
6262
b7b8
15a4
ec1f
22a5
1fe9
4d63
6fe0
b855
dece
6e9d
c737
d929
c4ad
11d1
d143
19ed
9d6c
fd5e
5016
93b5
17f5
7026
b3d5
0295
a89c
39fe
f3c0
d935
b580
fd46
93e6
3403
ec02
bbf9
f2eb
55de
bad9
b4bf
9847
271e
59b1
9e26
310d
16dc
b1a1
98b8
1d56
f1a5
41c8
2d51
35d1
778b
978d
9982
6cd9
8a10
b03f
1aa6
d34e
2f1b
192b
2540
55d7
26b2
14a1
4584
2e23
b4af
70bf
1073
67fa
100d
0e60
0c74
657e
a9a0
dae3
1730
eec5
7a18
3d6e
a716
8834
56ac
a120
2211
ecb9
eafb
d61c
a6e3
7267
68be
1872
2fdd
e71b
68e3
9b20
20d1
a198
4934
005b
b843
7471
4087
89b6
d5ac
469c
b4c3
4c7f
ac45
1b87
c5dc
a7fc
efdd
cd8f
cf55
a84b
7efb
d37e
f588
514f
6b58
a913
b0f3
70d8
72ba
2c37
a02a
8c07
52d7
9667
8ffa
5431
708d
dbb6
e678
2e69
f074
3f03
8aa3
a69a
a6a2
6363
9c71
df9a
4e7e
b7be
a95c
612e
cbcd
6206
8159
5552
b622
b2d0
e14b
8f40
671b
058c
ce61
bfdf
5d29
85a4
2ec5
1eff
329b
fd3f
ce08
acf1
090a
6971
3a3a
8281
97a5
5875
8132
2b5a
47f2
945f
d849
878e
e1a9
fdbf
b9f6
247f
0265
001c
8188
9192
d220
f378
1423
3bb7
3d00
d00a
1f24
7725
07de
0abb
22ea
f976
672a
fb29
e4d3
bb99
be6e
e5d8
0904
9ee4
dff3
4273
bcdf
1be0
4954
cc30
dbc8
2bb6
f2b0
b531
cdd8
b539
2e47
397a
2397
a53d
6f5b
94fc
3258
3e41
bdda
2776
017d
7bbe
4188
a513
d4c6
e670
49d3
2c19
748c
51e3
067c
7d07
3bd4
8833
4825
68f4
ae20
2f74
7e36
e5ee
1895
383e
2b55
d523
b650
fac4
13c4
eed5
0b69
2b17
cbd0
a20c
917c
2000
6e01
54ee
0c4d
66bf
f2bb
0b80
5e5c
9222
f22e
1223
e1f7
46e4
1dac
f625
570f
1124
fb5d
655d
b722
24c3
9fc7
b078
626b
e87e
907c
f220
85ea
97c5
4909
98b8
5888
e3a2
c1ef
6edb
12ad
fa17
8345
b12d
7738
754b
8964
1923
31a3
27e1
860c
b155
7ad8
9b16
bafa
b61d
7cc2
e6b9
1568
df4f
866f
394d
2bcc
2891
4e8f
69b0
8938
bbac
a9f2
078b
18ff
fda0
922d
a968
a720
285f
a284
353d
3afb
c3cf
9c11
a6bd
d6da
fbd9
12ff
3d68
9e55
dc82
41d7
25ff
9f2c
2510
c64a
a18e
d0bd
bb6c
e84b
2fd7
268f
89fb
cd49
5c40
5096
5e82
2e65
507d
f448
f5a9
f101
5ccf
13a2
7e49
7bf6
f333
4ae6
e0fa
8466
7c72
3e65
d76a
09a4
36fb
019e
8954
c779
0e22
f54b
398b
376e
efcc
bd5f
1d86
c990
34aa
9a02
a550
fc48
52e4
1c00
f827
0c87
7fbf
239f
658a
de24
c5f8
3a8a
3338
1750
830a
b737
345c
03a1
a6fd
dc46
214a
be1a
518a
c15c
fe60
444d
b86e
a35e
68ea
5adb
b367
9123
1222
5e31
ca97
7bf0
7752
b0f5
ab85
06ca
ba1c
8626
6251
c9f5
9d51
9849
cc49
476c
1fdd
94cb
ed11
ea95
49ea
bda0
09d8
a9fa
1515
166d
2524
fcf3
cfcc
21ae
163a
3d92
1954
7f3b
4062
7c10
5405
0095
8505
1c99
2343
0611
e797
7204
7477
008e
ff92
28dd
2823
0148
a4c6
c47d
6ba2
c86a
9db6
beb4
a389
718f
8d24
eb68
5182
c850
c5c5
e093
b81a
8695
6ef1
d167
0428
4209
aa74
7a96
4fe6
d3b9
7e28
55a1
0919
26de
964b
082e
8418
16aa
d916
fccf
b25b
140e
a2a6
6ea7
75a6
78ec
de6f
b90d
dcaf
7183
35d5
847b
45a0
a5aa
aac9
d433
5093
42ba
89c6
098f
4e85
515d
bde5
140c
02d2
f7f2
3594
c515
d8b4
ce5a
d15c
adec
2291
2a54
368b
5315
28a6
c0b6
9da0
f725
fef9
799a
214c
6b14
6398
d895
1419
d45e
29e6
10e3
e894
64bc
5a09
d2c8
ea15
9fe7
e09e
6a43
c181
1258
7f30
ed25
d1f2
69bd
9ddb
a077
62fd
d10e
1533
77e0
ad97
a0df
4a5d
d85e
6686
efea
b5e2
430c
bc95
6c86
a8e4
56b5
7a37
b0d8
fb3a
2bdf
f9b9
5b68
6591
20a8
2d62
066d
1d37
d19a
f387
ea18
d292
1062
228e
2bef
5816
9f50
27c8
0d8e
87f3
42f3
9b02
5895
7028
578e
25f6
964e
228d
2d67
7a3a
b14a
2be5
9409
58ce
8a60
3ef7
2bf7
3a80
f679
7595
1314
5c34
28f7
8be0
0e5e
b960
0f8f
351f
82d5
f2fc
b5a9
b4cb
a843
eee8
c677
1d5f
562a
4f5b
b382
0e13
0401
c26d
b197
74a3
cfae
8250
b3e7
1fda
35af
e811
38ca
3dba
d3eb
3a71
d308
13a0
c135
f922
d80b
a018
65c3
eb26
006e
4a14
dbc3
3367
1a98
1108
1d3f
e1e1
09ee
2fdb
2f8b
8ae2
dfb2
8c98
117f
7ad6
46bb
2acb
c381
60ea
0154
f478
63fd
7699
ea8b
5c38
e491
432d
2293
4b4c
54ea
b947
9c7c
8ac3
30ab
a0d8
9b15
0f7a
2f82
612f
1200
fac6
ac25
ee04
eb1f
4d57
34b5
229d
38f9
3b65
9321
25a1
9f6d
2372
f2b3
6d55
dce6
a27d
0de4
8db1
fc8e
2850
1d1f
d8b8
bb57
71df
a136
1eac
55b1
c2ce
14fa
cf83
cf64
a76f
7248
2c41
6835
e5a1
3895
e14a
48fc
9221
487c
0409
a28e
5c37
1cc9
f2ed
c135
357c
12e3
666a
960e
a413
f212
66d9
45bc
fa89
ec25
3688
4f6a
31a5
4d44
2311
da15
0919
785e
3233
1463
596d
3aeb
5407
07c8
4bdd
d794
d7d3
bb20
c33a
eae4
7f08
4d23
b426
fb43
232f
edf0
30ab
4922
3afa
fee3
42b0
1ba9
489a
d97e
70a8
a4e5
dba1
7d3c
3558
11f8
85e9
b371
8a2a
8985
a233
b274
61ed
8977
d9ce
e43f
5a14
8439
a353
ef0e
7977
cbfa
75d4
a23f
e484
efc8
4ce7
14bc
2434
3e2a
6936
2994
e422
9d29
18ba
7e02
cb16
a952
7e3c
9075
ad5b
9150
c677
02d5
7fc4
3327
400f
cd7a
eb73
dc85
b045
3870
71b2
7c75
ab28
6b88
4bff
73a6
86b6
4765
03f0
24ea
3b58
3639
3641
f127
ed2d
349e
e962
1610
1847
dfea
a651
57d4
65eb
23a9
b419
c2b6
ea31
2d90
4b11
107e
f86a
7b68
bf02
549a
f345
c73c
31cf
4e19
3929
104a
7d3a
547d
78a3
222c
efaa
f9c8
2c51
81ae
5c6d
0238
5c82
2459
ea32
9dac
ff64
cc18
c684
7f99
f32c
7961
59ba
86cf
e5de
cc1d
91f8
15b1
8653
681f
b0fc
efc3
045a
8834
46e7
78a9
a4c3
d5c2
293e
c055
a8e5
8c9b
3a05
dba2
deb3
42dd
5ab5
6b9a
5968
8cde
323b
d83b
29f5
abf5
6228
ea60
0e0c
8e76
2385
b5bb
5604
2b0e
5b2c
38f7
641f
ec55
3e9b
d5a8
51bf
5cea
0eb8
9b2e
aa40
b421
cc6d
21f9
9c00
805e
7a41
9049
11b4
5274
dcf6
0e08
2513
a5aa
2544
cafe
9775
d836
29b5
3efa
a98f
a2b0
f466
cebb
7565
ce29
7eda
08e2
1fab
6020
c155
839a
bdca
a730
ac01
131a
2aae
903a
aff2
da26
879a
2fdd
5847
7aec
05a4
9a42
477d
3371
afb0
d6c2
d884
71a8
425e
a3fe
251d
243c
e87e
5de8
6b69
f9f4
dbdb
e09b
31c8
95dc
6c1d
9a0c
fbda
60db
4312
76d4
ea11
5e62
aa97
42eb
77ee
7f0b
fd21
32dd
09dd
621b
8598
af82
a8e5
eb37
64bc
45bb
226d
69a5
919d
24fa
f5e1
1f58
d650
e26a
0c0f
07fb
f960
8b19
8df6
120f
4177
69cb
b2d0
6cb9
b127
5e3b
3061
a586
ee77
f05b
55ac
1cc8
3ace
11c3
fbc5
0884
f9ce
f156
45a9
f58b
cf0e
61b4
8823
b6e7
b566
a65b
1c15
d113
4b6a
b9a2
be24
231b
a7cb
dca1
9339
8dd0
525c
8c88
bca7
7fe8
c5dc
debd
ba62
fd7d
cd32
e834
477c
4ec2
a6d3
7b3e
3cbd
b21f
1ebe
2f39
1bb3
ce0c
0278
2348
3b83
89f6
fcd5
80ae
1cef
9742
79e2
fcda
dc5d
b772
f21f
7076
ddd6
8f03
5ede
efae
e406
9a79
1b5b
9d66
6383
9049
bc91
b9c4
7197
38c4
0fa3
8135
1614
27d6
05d8
1c7d
6a1a
2d08
2f78
8a29
1b04
a68e
39cc
afbc
545b
735b
168c
97bd
cc81
616f
0f5d
46a5
525c
b5b3
9ee7
5fd5
ad7b
362d
15c8
68c0
b4a9
f2c2
35df
b08e
e67e
3a40
74a0
37b8
ebb3
59d8
e825
8a48
4f41
6a5b
5e89
d512
0906
6056
c4ba
d780
e9a9
dfce
942a
d8cf
10b4
588c
028a
b5f7
f665
ee24
099e
65a4
60c1
a81c
3b6c
5b0a
9250
b556
06ae
8678
3650
ef81
1990
8864
d0a9
66a2
9eae
f41a
5223
e9b2
c583
dfdf
1619
1c6b
454a
c4dd
a380
0fff
8ad2
3cbb
9adb
2e52
1152
f042
9133
5e0a
57ec
87e4
3de7
4a4a
05e2
5700
1f01
bb8a
594f
9724
8711
9513
e463
f5e7
fa11
dfe8
97fd
5a5f
7741
3bd6
abe0
f3cf
ca69
eec1
ef30
03ab
3395
0d9b
84e2
e7af
fd7a
a296
9e2e
ab78
d858
2bb0
a4ad
d8bd
0bda
422d
33be
fd14
049e
54aa
5c72
cf5c
fd78
a7be
9ab8
a894
40e0
3277
feb7
957e
cb30
41e9
bc19
74e1
cba1
de9d
f77c
1cef
e02e
eeac
4256
ebbb
1626
0c92
47d6
86a0
7def
7bd5
474d
1f92
5b06
11e5
881b
a1f6
4a59
c83c
fd5d
fa74
31de
04d4
7b28
dbf3
4a00
1872
5859
ec76
e30d
ce5f
0966
b2a5
b9a2
9518
f4a6
a04b
f703
54b8
2ae2
746e
b497
fed0
5a31
cdf4
b9e1
2c84
ddca
3fd2
269a
ff3f
a584
daa3
d63e
d322
05f2
6c5d
6559
a684
d24a
1ab3
38b4
6842
f20f
4680
9ded
fed3
7ca5
1952
be7d
7bb2
2b66
e8e8
dee7
4fca
39b3
1d45
099e
6752
6426
dc33
b927
946d
f2f5
b240
21d4
81c9
2bcf
8555
a350
25f7
a209
d98e
cfbd
5c6e
3457
bf06
b824
23cf
f47e
30be
0fa1
a865
ddc4
a898
307c
7b50
0b44
f697
d2ad
d266
fb63
863b
113c
db3d
2428
8d0c
c072
b95d
813d
5531
92b9
dbdc
a5d6
fdd5
9a4a
1167
35ec
95dd
7521
ce30
7bf7
fe62
0880
592c
9488
4229
4b96
c5ab
d623
bca6
b645
1134
9e39
986b
5ca7
9cca
7536
ae0c
e5e7
4b26
9085
2efa
a34a
8dd4
c49b
7c38
496d
c676
4c40
d771
126d
e16a
23aa
6499
df58
87dc
43f2
f30a
9e79
dcbc
2f04
ffd0
62c3
9b3d
67e1
fe1d
19a2
a63a
6b8f
8283
3d31
6027
832a
f0a0
4ca7
8c0a
020c
6015
2de5
ac52
5422
aaf6
8a79
d657
3b5b
eb85
e601
30b5
ce04
2869
eacb
96f6
6c1e
12dc
ec56
9565
1066
5a19
1188
cb7f
df22
8d82
6155
e16e
ef89
b81a
a263
a18a
bde1
ada5
afc0
9cb3
c11d
db25
88aa
8095
cb11
d108
4845
24b7
d196
d041
9a7a
83f2
8109
268c
7731
0949
81ea
4ce0
9389
1356
71e8
d5f3
d512
cf62
ebda
d0c7
35b9
c00a
fefe
8517
a265
6299
f589
9011
c3d2
1a8d
7270
b51b
a857
3cc6
3bfe
6b35
ddb6
b2a9
f7fd
c4f2
4f3b
7dea
610d
2f9c
7f90
b11e
0b57
e262
6bc3
0201
ac09
148d
60b1
c26d
3c6f
8dc6
5b87
3f94
b33f
c13a
b159
cac9
8dc3
3d3f
049e
3175
32b6
4fff
05dc
3505
b8f9
099b
dc55
93b8
53dc
44ff
81fc
b366
f8c3
e4fb
2101
63d3
55d1
da27
dc61
bf67
9ebb
ea10
b0e7
7f8c
ca0a
11b8
b057
6c56
7e3a
5116
2fbc
42db
98e9
5787
383d
0098
f04d
cf9d
2907
71a6
ddc6
8338
3f72
cda3
08ee
adae
40a7
0951
4df5
3bfa
191b
93ee
cf1c
54a6
4bee
98ef
3b56
f44d
c226
8a99
f75a
d815
52a1
a0dd
85ca
73a7
6d65
d5d2
fb9a
76f8
0fb2
8905
5efc
671a
36e4
3f0f
3230
78a8
9278
92be
7e87
8181
988f
a55e
6e97
aaa9
3f28
5e36
24cc
75c1
346d
3241
4344
3995
bd1b
c719
5b91
0a34
f44a
f837
2eeb
6de7
414b
0402
4e42
f87c
2ca6
3f45
073b
4a86
1710
eae4
2029
141f
2eac
f8c2
420c
df01
605a
e826
e660
684d
5001
1ead
8dba
8824
3dca
7fbc
3fa9
7d70
527b
9a4b
9f3d
4ae1
cd33
570e
673c
9569
e986
8b51
6ba5
3573
d286
c564
6e97
9423
20ca
1ecf
036f
655b
e5cb
f063
1ab1
9ef3
1ff2
e7b2
f043
df95
24d2
8af2
9a3b
8160
9016
ed5c
1933
5d50
951e
1f66
e7d5
43d7
8dce
2739
2f3d
6e49
a6ad
13a3
b4bb
b0d1
b11e
fb8b
a97e
6657
fe1a
0bb0
2b77
64a3
9fdb
71c4
f312
6758
6fd3
ea0b
178f
299d
b680
9839
e38f
d838
9511
ac5d
516b
d114
dd02
66be
e256
3317
4c81
a91f
d5d8
9791
22b9
1c33
5497
7e72
3bf5
4358
e275
6450
bf95
4ee0
2a1c
b475
3357
c22e
d290
e619
9471
1415
a524
0d8c
389e
9d08
a98e
34ba
8455
3042
585e
c6a0
dfbd
cf6d
ad00
d2b2
11c0
6ea6
ab99
57cf
f1ea
ed12
e0d3
446b
cf53
d7cc
eebc
b330
34eb
5ad9
9d2c
07ed
399d
0a31
4b53
aa56
22ed
6e6c
a767
1ee3
7845
7263
df61
b11d
8645
2cbd
4115
5f7c
486d
33be
53e2
50a0
5b2f
d41f
76ea
7226
c017
6f41
2dae
2881
f950
7fd0
94cf
2865
e12e
22c9
69cd
b6e1
838e
6c77
5fff
d9e5
0d07
05cf
e44e
da92
5490
f682
1ba4
4b3c
2cb2
49aa
bc45
e14a
0132
575d
9d4c
c17e
d3a8
a8eb
845b
29ec
1a74
e725
d908
117f
6ea8
7771
afd5
f094
bc5a
0d8b
d80b
30bd
b895
5caf
bcf0
73f6
70c7
022f
d9c9
bc1d
1d4a
0baf
58de
30c4
c9f6
bff7
5478
bbf5
0dd4
37f6
b949
8fcc
7de3
4afa
cd93
a95c
7425
cd81
fb2d
9a2e
8a48
93d9
da47
d7ad
d8e4
84f7
d482
684f
e16e
7b2d
a9cb
fa85
9073
a3c1
5af9
8304
9d08
6917
6b5c
216e
b084
a039
62eb
172e
e655
adc2
eb17
973a
a23c
764b
dd05
ecdf
3800
90fe
9671
f657
d439
ad94
77d0
bf8a
fe8e
8326
53ad
d3ba
7df2
6558
7a4e
ce69
e388
6c0f
ca5d
e8f8
89a2
2a72
116e
c939
5bfd
6742
f896
ffda
b9f5
550f
79a0
9f25
f1b3
7860
f706
1e7e
7634
dbf7
51f3
096a
f288
22f2
dd7d
87f7
e0f6
9316
eded
a737
0656
774f
262c
8209
511b
5f7d
120d
17da
2955
1620
ad52
6f00
0ab9
9faf
ee32
bf9b
8192
1f1d
7099
deb4
047b
0e96
25ac
b5f2
f156
3d34
8c49
4528
c8b0
e91d
1037
7bbf
262c
9509
7f8c
3bba
a9ba
c864
4bc3
0cdd
ee64
6924
dd57
c646
e71d
91c1
f2aa
c38f
66ab
ae16
8038
fd63
44dc
6869
9b67
a791
c1d6
03c6
168c
e24a
0a70
0080
009e
4d5d
6d4b
0afe
7682
5a47
265f
51fc
6346
fb23
752c
bcdf
8e8c
ded9
33a5
73a3
473e
a35a
1bf0
9741
d90d
d72f
6956
109f
94e4
57e9
9688
b96a
86f0
1cc3
3306
c1a5
50e1
638e
e123
fb14
3134
69c9
76e1
7e62
9d32
ec28
afc5
fbed
3294
42e4
3b69
9743
9566
743e
85ea
d163
81dc
6784
824f
8cf1
c78e
9466
9b52
16fd
ff8c
0667
2df4
1be0
ce92
5d91
c949
a03b
54c0
c4f4
72bc
a1d1
cc93
d150
baa3
7827
fefb
6607
9aa2
cd88
2b71
2603
163d
43df
81c0
36c5
25bc
347a
a5ba
455f
9a59
cbd0
e07f
96cf
3730
cfd8
7a44
45c4
9a4c
152d
7c94
66b0
2400
28dd
304e
8070
ee39
fa5f
e45b
9458
f5bd
3ba6
3b79
a73a
d8eb
6979
a951
75ee
d8b1
68db
01a2
3a79
4442
e8b0
cc67
aca0
41d0
ea27
557d
366c
0b9b
6385
6b43
6509
4c4f
068b
ba9e
a17b
0358
0a4f
5650
14b4
5635
20be
6571
1663
fe90
74f4
e7a4
c994
d539
9996
e146
8829
291a
b8f9
fa5e
349a
6fa2
0384
b486
33a3
173e
0ffa
4acb
0296
3665
eb5f
be3a
fe15
94fd
dc1b
0edf
d70a
baea
f2c5
2b20
56b4
7a48
74fd
4dfe
32d6
7843
ee03
d9c5
2d5d
1c7a
ae66
9f9f
e725
8d54
ed42
423b
7067
6714
9c47
0831
ddaf
d88f
2908
426e
50d6
34a1
4357
1d50
b440
71ec
9a3f
8157
cdd5
3790
202c
e4c7
5872
f5f6
21b6
ff6c
4dd0
f5f5
1ec3
a0b4
65a9
4766
718d
40d4
730e
1c58
6190
80dc
6d5a
b6a6
d654
eaaa
b7c1
c504
a4e3
f4e9
14a7
81db
1e78
d904
8fb1
9dac
eabe
1486
b4c8
56ea
e131
5dcd
c2d5
7519
6f87
0063
e482
e008
f99a
b9f0
8b3d
07f7
08ef
452d
8a66
e0e9
9781
999d
bcfe
f6f1
7a5a
229e
4914
0ca4
1ab3
18a7
2365
bc97
2d50
7604
90ec
396b
de62
e4a7
2f42
f0b5
a3ec
3bd1
3802
b7ca
872a
4eb0
b088
a9ac
8d2b
c77f
bac0
f774
d007
3014
05c3
29e9
c546
98c1
6e69
1392
e7aa
973b
784f
f3eb
532f
0d2f
22a4
c8b9
45c3
c039
8be2
ffa0
bca2
eb83
5f38
5f2a
7141
aa05
1e25
05fb
194e
017a
20ac
f6ca
470e
d7e7
a182
4edc
cf6b
5f17
cf61
dbd6
85fe
4fd8
ede5
ba70
7362
b659
ba90
88de
24a5
27b0
6050
7d64
e3c1
e255
9b4c
886e
63b2
8bbc
8268
5136
73d9
7822
32e8
ded2
bd78
7804
0b53
fe17
95d9
2038
3284
b22e
351d
ab96
00b7
77dc
5cbd
9836
f60e
f66e
9d1e
c12a
a360
c5f2
eeaf
db27
bf69
a81f
bb69
5aa4
d7ff
ff08
291b
99f7
0c5e
b758
2411
f11e
486d
2e86
6bb0
7bb3
250f
fe1a
f3f9
2bd2
c08f
2bae
f98f
fa25
a2d2
45e7
d172
41c1
3738
ca03
0d12
9ffb
4712
34d9
5943
4d5e
bb84
a35d
49ea
380d
b6a2
0d63
fa8b
8c24
b70b
2470
6396
6917
56a2
8739
64eb
8149
3390
006b
186c
52a1
e3c5
cbb5
7abb
fd47
6645
816f
d7b7
286b
3c29
3f09
50f5
67d5
8a98
bcb3
2922
18e6
6534
fbe1
f068
385b
256e
76c9
8998
b0b6
322c
ca77
8f4f
020f
f3a1
0d6d
8bda
0301
2a5d
f5df
5e2e
9fb2
a372
585a
bc76
9460
b236
89a1
d36d
15ee
1937
dfec
b8f1
2077
e66a
e580
9ef4
525c
19bb
877f
dda0
293c
19b3
1a79
dc75
29dd
2799
297f
754e
b4d5
5910
7fb3
6ead
f684
524f
6fb3
9876
b0c8
2cb3
00b3
a4e2
7c08
a41d
d8a0
edba
3b9e
0900
6664
ac56
8378
1a18
4b1b
b11b
b137
1114
8477
050d
ed33
b9b4
7bbb
2760
cef6
592a
587c
9791
a878
93ac
b381
7ac7
6974
1ebd
0ffd
33e5
f0d0
ced7
e1ef
f49e
742b
046f
f982
abf3
f272
f970
ada8
ae0f
d6ad
3033
1ebf
85c1
0f7b
afcd
a790
8049
dba8
5ef0
d24b
73af
b27d
319f
b162
2b4a
4717
bffb
9fcf
d188
02cb
caed
9ba0
9413
0832
ab1b
e2dd
e986
bfc7
26ca
db22
bd5a
1081
b6a3
3820
7ac9
e242
ef14
75fa
4287
075b
86a6
bb87
3d10
413e
c8b8
4ec5
c2de
f364
d491
aa49
c14d
29e4
5f16
7c4c
ec8b
cf29
9df9
eff2
080e
0de7
7fc2
ca7b
a8b3
35c6
6c5e
f23e
16a9
3e3a
762a
060e
5892
372c
5f9c
cf9e
ce44
5f8d
4629
4ae2
6347
7434
3247
632b
76c3
1486
08bf
9083
1015
b285
24e3
a795
fa55
283b
68ce
7b13
dc3b
757a
0a24
6517
eae3
98ed
7dcb
85a3
53da
80ff
0339
131c
66bf
f0f6
a289
1cea
1eea
c6da
6e90
68bc
9d4e
74e3
02cc
d4df
ce89
dde7
33d0
1ac6
fa3d
9515
e4a8
17a2
975f
c156
ef74
cfd9
1b30
7094
b89e
4d03
4d1b
6100
f9c7
09a5
0a10
c18d
b61b
d00a
104b
964b
49b8
854b
46df
f9bb
6a04
5802
c78d
7133
a38a
9502
5ac6
05bf
f0f9
464f
fa00
c07f
ed64
c40e
570a
dfb4
e665
7ead
5ead
7592
9b41
560d
a0d9
c4a0
dd3b
b497
6a99
d419
8f4b
8530
8ad6
3408
7d4d
5f28
d140
a8b6
6c31
072f
f445
893d
9ef6
d190
6376
104b
90bf
8a6d
cd9d
9bb3
e96e
3561
6eb1
fb98
f231
578f
837b
612d
4d62
0610
f1ec
a310
9ddf
01c4
c306
c827
d682
4a04
359c
30e5
77d9
87c9
979d
9348
2b00
19e6
9ded
9098
a59b
6c08
f95e
784c
07d3
bdd6
55bf
864a
4560
9f74
97ad
9dc5
b053
28e1
96e7
4079
4612
4c33
37b7
9e85
a724
fd0d
b468
7b68
0fb6
2099
95a3
3730
fc57
aaa6
70ff
e438
5b25
0541
15ae
4034
7d4c
3759
01f3
7abd
63ec
69a9
8bfd
4b95
4340
271d
d980
1e63
bf83
588c
b5a1
8cc5
0d4d
1820
2223
6054
2ce7
c832
bcdc
f050
7000
cfcd
88a3
597c
6d87
f4aa
a99b
d38c
dfc2
cd50
71a0
362d
f828
54f4
e72c
feff
750b
b0c3
6e00
e1ca
d854
97d4
5dc1
f601
2cbd
5e7a
8f45
6f06
4729
b63f
be70
e8d5
9268
540a
d8d2
1093
8ba7
8968
2765
aaf0
e982
9a1b
b4fe
423f
1b02
b0e4
9d3d
4e4d
ad64
5a9f
d5db
a755
5420
eeb8
7fcd
4748
a09b
0619
78d5
38c8
c2eb
167d
9a6e
baf7
400c
9469
51ac
aa2a
213f
ad66
730f
d975
7544
db89
ce25
e976
8930
de3b
8561
4aab
3643
c9e7
1cf8
8404
4145
da1d
ba80
d566
6c69
d672
aa5c
5ccc
83c7
8fc3
a621
20e5
889c
e1ee
eda8
ea14
f7f8
30f1
aa58
d003
4d37
9fe0
3408
14f3
cef2
f4e5
beb8
7605
5ea5
e9e6
ca74
8cde
e8b5
136f
52b3
1eb4
ec5e
00d1
9023
203e
bae3
a9b4
2c6e
2fef
bfbf
3409
3d78
0cf8
dbaa
4ec1
04d1
8148
db9b
e217
a21b
7a69
2799
e601
b4af
6d83
316a
8388
435e
0c86
7559
b9f5
44a2
14dc
ad77
f733
c53b
4c1f
e089
6d4f
1880
c4de
bd2a
f93d
0eea
9251
1039
4b9f
736b
c22c
b648
6796
ff82
b946
40d3
bde3
4833
c272
f0d7
5ed1
8563
8c21
5463
e942
35bd
8b58
e782
93bd
74ec
72c4
3e60
571d
8688
6470
c06f
47f5
3969
606b
8855
dc35
eb59
061a
cec8
ea30
83fd
87e3
f946
a096
7b81
2b74
1049
c3fd
ed56
d1d4
723b
26bc
050a
5e4f
b929
cc87
967e
0e53
c0d3
07bb
0b21
fc83
421f
254a
d8a9
43bf
fd67
1080
ad55
5849
e847
232c
a2b8
ff13
94c2
8d10
687d
9c38
cb57
e7bb
2682
7135
ecbf
d360
e4f7
f810
a3f8
0124
c2d9
214a
b804
79d9
ef05
5556
77ac
ed95
175a
6645
f51d
6ba2
465e
24b8
79d1
ae59
b2af
1e9f
49cc
6404
ff81
1180
c08b
0d98
0fe7
0432
aeb5
3841
a50e
ab82
0143
4a8d
96e1
1df5
193e
5cf9
1591
35dd
6b37
8705
0955
0f65
a284
3626
5544
8b5f
56e5
92ea
9e07
39cc
bc79
9660
9fe6
c874
e326
ec31
0556
36d4
9eea
5f66
a786
0206
63b3
8040
5e90
796e
60b4
37ed
75b7
b086
6d8a
3b88
a0bb
60ae
29d1
75d0
575b
3bd4
3089
f8c7
dd49
64c4
c7ae
7e77
59cc
cfcc
df3f
7bb3
c417
1030
b8db
0f6b
2c53
1e40
f8e4
a25c
6f61
aeb7
9bb2
f04a
26ca
2540
3841
1bc6
b90f
e9d4
6159
b81b
ddb7
9ba6
0a39
0181
bd12
975c
5948
2e98
0b89
4374
5f25
e786
dd74
86e3
7598
e239
19ce
5d4c
c845
7726
2d33
9dfa
edc6
777f
7e2d
cc86
161f
4254
61f4
88bc
da6e
01b5
45e6
4a3a
1d80
74b3
c45e
d012
5568
a7d7
6b23
9bc1
83e3
feaa
2777
829a
1f3e
9bf3
07ab
7d7d
22ca
34e2
99e2
5938
d3e5
f60e
bdb6
09d6
3574
e551
a292
0a57
a2b5
163b
f612
634a
dd3c
91b6
4c9b
575b
b2e3
a96e
3955
0e6b
4c64
aaad
24af
0384
8509
22d5
4956
7160
0f82
e0dd
6923
ba29
2c6c
a463
43a4
f790
7b45
2fc3
20b7
bf83
d281
8029
f9f1
2170
e841
8b19
83e8
67f4
3bb9
91c8
42ca
3740
f774
dd5d
9dd2
ce76
522b
f115
2aea
2ce4
1e99
ffd4
4ae2
06c4
d2e4
c35e
2de4
0e4c
1aba
05cc
e210
96a3
2db1
4c02
6127
9bd5
14bb
f911
c6e7
27b4
ea9f
b04e
97fc
ef64
8cc1
416a
248d
ae31
2df3
8c96
6c3d
3a82
8d13
4bc0
3861
e946
61ef
1f9a
14b0
a7a5
4909
62fd
bd87
3011
cae2
c353
4fc8
b53d
7502
c003
a703
ddf3
a5d6
412f
aaa4
32bb
4a40
724c
87d2
a638
fe89
aec0
76c9
bb06
1c99
7e76
e89d
b04c
b783
260d
b67d
9cfc
b6c9
9668
f0bb
512f
875b
54e6
dc64
e25c
3bc6
88f1
cd13
9efd
8765
7489
d91a
f3ef
4f73
bba3
2cdc
c654
a763
7f8e
8802
0e89
8e03
925d
16a2
8460
56e6
b6db
1c72
9883
0b2b
5ee6
df40
966c
039a
7e81
88ca
7ed1
44db
3e78
3026
4b36
f6d0
9884
2be6
9699
1b2e
9988
1efb
0b7e
de85
37df
b53a
fc16
2407
161e
681e
5573
a12f
5c55
c01c
8fa0
49f9
4be5
03ee
5719
bedb
38bd
519c
2649
b339
6379
e45f
356a
5cfe
46d0
e3ad
eda9
8f16
3ba0
734f
d786
43cd
50ce
2fc9
2ce8
31d2
58f0
bed0
6eec
108e
f5b3
dd46
d2bc
38f7
dfd5
fea1
d4ea
119a
0272
6d4b
8fdb
6712
85a9
2b99
1c57
e134
fe17
b2f9
ade6
0ff8
def1
24a6
b7c1
ceac
56e3
02a3
8f5f
18e8
d9a5
c28c
6593
8b77
b81e
a086
a29b
2633
3e70
2200
8f55
12e7
f90f
975f
77c2
788e
04bb
3cef
b48e
1e1e
d888
725c
9b64
d6e2
4264
e12f
ec19
f456
9ff3
5c70
34d2
034d
3a3a
5db3
ee59
3186
56ef
0525
39fb
edff
aea9
ea56
4f44
52b6
ed57
2b0a
d8a5
7166
6554
3004
3ab6
81aa
3bec
7504
7d58
42fb
b9ee
0cb3
61c3
450f
189d
e9e5
78e0
02a8
c093
1a56
0821
bad8
dbc0
4a97
9105
e8e2
fe16
a463
8ef9
4400
d44b
d1e4
0e03
86b9
bc0b
edcc
e074
3fc3
768c
ed12
c33d
3f9c
7348
0417
b7be
fc2b
3121
1d13
678d
5d2c
1a49
9261
baa9
11ee
2a41
2dd2
66f2
7ddc
5c5c
a877
0f3d
174b
c05a
bc43
87d8
d2a3
c55a
e411
97f6
7e65
be05
dc2a
5efb
20cd
9803
e936
f343
f4fb
086c
59a2
1e2c
bc49
f11c
36ab
5d8e
8cc8
54af
ea84
6ec0
e3ee
45d7
9bc3
f308
c5b7
6fa0
232c
c4c6
e1a1
3521
2c22
0e8d
bf19
ed71
5b20
43e3
b13f
7b1a
0216
2613
67ef
a944
d691
6f76
4c80
a5a2
f8f2
9dcb
4bc5
da8c
42d2
fe7d
4f34
d362
a476
66b5
7a7c
06a9
7188
2e96
1d49
c954
f8b9
b1f0
028c
5e9d
6abc
22cc
0065
e0d6
d9ed
1486
ae31
1e49
075c
e0d0
d974
a247
f50b
92ff
8720
2003
38d6
68c0
5587
b473
e4b0
46c8
928d
9a39
aefb
744c
3df8
a2a6
953c
b896
e0db
2920
d64b
bbde
4e81
dc15
4cdf
4b57
d83c
51c6
29f2
7b8b
0fc5
8479
2c72
6403
97a5
6872
4aa4
c07f
de10
beb6
81f2
0c3d
7ab8
5d92
8ae5
abfd
185d
f0dd
eccb
ec6f
8d86
9952
3879
32f7
374f
a67c
aca0
670d
4f60
0b3f
6091
1ea5
49d5
2fe8
3b14
1c4d
5304
fc8d
80f0
aaea
e75b
44a1
3951
16a5
737b
1945
0093
fb54
f1ec
c68d
0faa
c58d
b26b
6945
0bcc
76ad
7b90
dd5e
25f4
4018
8aa7
8531
dbcb
af64
1e22
f353
2c90
0480
3cca
47e2
bdc5
1b8c
b45f
ebb2
2c9d
0999
3d7a
61e6
a3a8
43ac
5897
4ced
8b47
72f0
1aa9
bd8c
e5aa
2e9e
5928
1c32
858b
b87b
11c2
64dc
3103
29de
68f5
08eb
d942
12f2
de45
2404
b66d
bfb8
020f
b15d
42e8
01fc
2cec
f15e
087a
cc77
fcaa
58f4
a6a3
f560
8122
d05a
4388
d690
64f3
6ecf
dc3b
582e
91da
8cac
68c0
79eb
d408
475b
e73e
bf09
7a6b
6e7d
b8ca
a4ac
ae9c
10f3
ea38
2ab0
7af5
1251
cbf3
468f
4a85
273f
24f0
a8e8
f88d
d6ae
a199
06be
0b22
0ee4
0d66
4f3a
7410
6e83
5826
7dcb
6f98
6737
96cc
a918
0907
75c1
afa7
95fd
d1c8
8013
a4ba
fe6b
461f
30a9
feb0
8c71
818a
09c5
3824
95a5
476b
cc17
a672
acb0
eb7c
c10a
824f
9355
43d0
7f17
3726
0967
c37b
6e93
4059
b29f
88d2
baf4
89e9
7b76
518d
445b
d0f2
53f3
b068
afd7
3a0e
91b4
c2c4
38c0
83cb
4396
f117
ed35
07a3
fbd6
c391
f915
ca15
74e8
1c4e
ed9a
430f
f327
8e92
d957
7ffc
7b40
1315
859a
3129
30f4
f6e1
f7b5
7b10
9065
0e50
4ddb
baf0
4e5f
09ab
5102
c3b2
6233
c5a9
785d
71cb
c8e2
353b
e9df
cfc1
a7df
e197
6c69
d4d0
dc4d
b3c9
3ab0
b68d
a8a6
7533
a25a
7be0
5c87
52ff
2ec2
87f1
1af1
a35f
8daf
61d1
bded
1a4b
4414
c469
4c7c
9466
f9d5
7821
a437
fdd5
9483
75b6
62a5
72e9
3d9e
84ce
505a
0a2c
d979
e0bc
e05c
9dad
dd53
f941
b985
0cb5
f1b3
8196
c0b1
103d
1d89
6664
9eab
1b05
12bb
d7c5
c6e0
4e10
12ec
5566
41ce
c16d
250d
f653
d87c
682a
da32
678d
6a5f
ffd2
b417
3024
d6fd
ee5f
deff
d707
dc32
a97f
fd46
7410
95c6
9a7f
2a9b
1f8c
0d0e
b6e1
e68a
cd0c
551e
2e2b
44d2
d60a
b469
5fb8
b906
1238
6ba8
c8f9
8c71
fd49
754d
5dac
9661
ccdc
9f27
b00e
6d78
862c
573f
1e5f
7bdf
98ac
5e70
340f
e025
b8fe
f002
0d26
a0b7
f9e1
edfe
3a2e
6800
02af
116a
dd7f
e511
f384
0656
53fc
0eb9
b442
2881
9bba
9b6f
281a
0d95
faa4
d1fe
6850
06df
6cc4
3550
b769
1cad
5876
3dbc
8bda
06f4
1954
03f6
39e6
30b5
2da4
6eb1
f435
fac6
3fec
c4a9
bfef
d9ac
8328
ecf2
9c54
c612
9522
5c02
e8ae
44b4
9b4b
db7b
e81d
af2e
d1e0
db5b
e91c
1b03
e4f4
8720
e3fa
d13d
e3ba
f354
22a0
1de9
ce38
f22f
bc53
bf8b
c130
69dc
57e6
798f
7366
4d12
3569
cccd
0f8c
bf18
6407
d6f7
928f
1ec3
a49c
07e6
c302
1c3d
4513
bbb6
f427
72fb
2d31
0807
3c4a
4a43
9973
338c
40b7
acbb
fb4d
34f0
4f42
d294
7cc9
9daa
013b
0a10
2228
aec7
c2d7
0fd6
1192
1bab
2556
853c
6be6
0f71
53b2
8db0
1956
8d58
4c48
09cc
faaf
6c18
124f
66d9
443e
8af1
2af7
2713
35fd
51e9
ff39
ca05
43f0
e3ed
284b
e953
a0d3
ebe1
6526
223b
1e9e
aa73
9eef
5266
8cc2
33d5
80cc
467e
793b
0969
0835
b0c0
7718
ff81
8655
4282
e684
ea8c
536c
82ec
0a92
3266
3aa7
c3bc
9f52
7be5
9a6c
b70a
0459
c9ea
59c3
e60f
9f33
d1b6
f8f8
e984
7446
4152
1c5f
83da
1788
8256
96d0
ca3a
73aa
4580
219c
e202
6e06
7f41
e2fb
3158
45f3
421a
a0c0
e4bb
84c3
73d5
9556
eb0e
a218
c3eb
03f7
ecc9
0bfc
8816
0653
6957
9138
80bf
17c8
3934
f295
2939
0f23
51da
9054
f4aa
790e
f61c
571c
4533
2f3c
25fc
09ce
6ceb
f2ef
519a
2266
c22f
c93a
9045
52f8
de1f
371a
1ab3
10ef
b919
4756
5325
fc35
3fa0
998a
cb96
44fe
fa1a
7697
f04c
b681
fb00
8982
be1d
facb
2ea6
8f77
8d83
1508
3cfa
61b8
b77a
c48b
7316
3d9d
e5ee
f991
781d
f8a8
eb9a
7548
584e
0e0e
e263
da6f
3c64
d8bf
ccbc
2d79
7523
6205
bbf1
04a6
a498
6370
7479
8bd0
b8cb
84f4
238c
f161
0760
539b
1e8d
c215
5a6c
c40f
4142
c6e0
9e41
4a48
7b12
1c04
8a5c
2ce1
0607
7b6f
839c
2a6c
c16d
7c77
553a
a28d
078d
2ce4
7fb1
561f
fa59
a5e4
f50d
e078
13f1
c466
093f
d730
70ec
c6e0
9ed7
6281
07d9
3084
943c
e571
98bd
4963
9d81
f572
2c8f
b19b
f5eb
ab59
ffd4
de1f
da37
41d1
ed58
5713
5b71
b982
1630
7c94
da27
b392
7f03
5e25
3230
8700
707d
b328
db20
dcb5
9a76
3705
7f1c
b335
ce69
c4a0
07db
20e9
0a40
5d23
508b
78ed
6bc6
460d
5a1f
2b94
4112
5306
b9a1
3047
d07b
e279
e941
85ac
acf9
72bc
9921
d665
2d1c
f757
e29b
c48d
9fee
2772
4f39
091b
05a2
43bd
b15d
8692
c773
dde4
7e49
b4d5
6a52
2151
557b
89f0
8111
21db
4a7a
84ce
e0f7
fe7d
f1d8
4390
302b
6636
10bb
f87c
08ec
408e
1f75
063c
faf6
c8e0
6a31
879d
76fe
8997
8d1b
5419
cf61
0909
d73e
af1b
a219
d6f1
88c9
9358
5a9e
096c
56c2
f54f
2b63
8f1e
4d05
50dc
043a
0cdc
c540
6826
ae8c
4ebc
95e2
7733
e232
0f0f
86fa
bfca
8119
96ac
4034
96d1
657d
9893
24ca
f0d8
970a
d1ae
6745
8a2d
0b2b
9176
b555
0d16
5d77
9c19
143d
56c8
c06e
7aac
9931
e9ee
19f1
9f9d
4152
94a0
2788
9ec1
7621
cab8
29c9
a844
a476
4497
2bcb
c2ba
b0e8
0f97
95d7
5dab
dc2f
4de9
d401
c88a
7289
a70a
369f
57ea
76d2
1010
c5be
4809
447a
2bb2
1d59
30d2
dc6f
122e
76ef
8eeb
7953
4bf8
6f5b
0a46
e863
b9da
0943
8429
1e33
a21a
6852
e77e
ec47
a2d7
9fc6
573e
c9f2
7cec
6545
f524
dae8
86c2
9230
49c6
bdb9
16a3
a5a2
2623
ec8c
c585
9f01
e0f2
377c
62cc
d0a0
8963
1e71
8b76
a7f9
2555
825a
4b23
5e80
c4b7
55db
390e
d75e
b445
dd7c
bb08
d2d9
e530
b822
b8fe
fa3e
428a
af4e
2e2f
38f8
58c4
7985
cff1
8291
9cdf
40c1
19e1
fc68
c0da
98f7
7ed6
1542
a9d0
3c38
b9c0
c564
bc0c
bc2f
5e66
ceed
d8ef
5756
5ef5
6a16
0cd2
e068
a11c
1ee4
fa28
4bee
d95b
e5d0
61e2
2cd8
b7cc
b69a
2f25
efca
072f
4174
b3e5
3c8c
0768
fd03
4c74
b9bf
7b27
19ad
e255
ab29
820e
c628
c382
5e9b
c666
4025
68c7
81bb
41cf
03c3
967e
c326
0fdf
96a2
4e75
fd02
77b6
e8f3
4ea2
53f1
9b9e
0a45
03ed
c12d
26a9
da22
5377
605f
2d43
436f
89bf
035e
d767
fd16
8bbd
db8b
7ef9
5e17
627e
ea30
ea62
f9ae
6a59
2133
16b6
2a4a
ab8e
f8b8
2a2e
487b
7141
8c5e
c4d7
13f9
eea6
3bd8
5f40
47d3
362e
5878
a71e
0b81
6796
54ff
b607
4b1e
136e
b4eb
ffa3
57ee
150b
338e
0de7
7cc0
969e
84dd
8079
cce9
73d7
3be2
d3d0
fa89
435e
2b6b
4925
e026
07c6
b421
5cf4
f136
0273
98c0
85b9
7813
6448
8bb8
ad09
2ce8
cfeb
0715
b2b8
488a
28ef
f4d7
97f4
8c7b
d0d9
ccba
af62
3891
1918
209a
e0fc
a46f
86ae
f202
e776
95be
4d26
5c3e
2fbf
5392
1aa6
1b7e
dd92
e7f1
33ac
062e
6475
53fe
1888
07e3
a673
1b7f
6b9a
8648
4c2a
7f3c
005b
bbff
1d12
3e28
eb0f
47c5
e0eb
f13b
6463
455c
3537
cc94
fac6
3c77
7335
3430
ef1e
0ddc
1ea9
175c
85a9
43df
caed
a87b
d0cd
4062
dd2d
f4bd
5cef
0cdd
6da3
a5cf
33d6
3697
ac8e
9911
63d8
2f8c
3ffe
048a
821e
cbdb
b988
2b0e
9040
748f
73ae
f779
6f2a
59bc
9244
f343
e280
75e4
46cc
dbaa
e0a3
4836
b9b4
54fa
c059
d3d3
1eba
f5f0
7e18
58b9
33bd
caf4
9ba7
4186
fcda
ef4f
304d
6dd4
dbff
7dfd
ac2d
3af7
1568
f1e9
c0ba
3841
618a
f390
ef3a
8ab6
55b1
a349
1dd3
f034
4687
b18c
bf17
6622
5645
7ce0
39d0
7512
2613
db5a
1568
9eef
d90e
d056
6598
5d87
ff5e
f533
ddb0
7ca4
e271
b197
81cf
cbe8
d895
036b
6ce6
a83b
8d9f
60ee
5775
4f6b
5dc1
c936
793a
4300
98db
ae60
6c06
f537
3066
497f
7b9c
3fb9
f67a
f673
e418
880e
ecff
81c6
d779
becc
c775
9872
c3a2
2204
dea9
1bcb
05ac
832f
9500
39f7
50f2
9885
e6c6
2fbe
9bf6
2d98
8ffc
e87e
1e4f
1c83
ffa5
9fea
d614
9e59
7c45
a7c2
e422
e3ac
b935
a05b
a743
7485
e76e
ca25
f86f
26fa
3acc
a838
8f8c
935a
f904
ed23
5b12
a100
06fa
d04c
05ec
1d04
ec33
dadd
1745
9622
b827
c163
2e4d
e197
8b47
fb3a
bf25
0175
7c24
6d8f
09cf
af1c
02d3
be2b
a4ef
87d3
b440
e7ff
123b
c860
c8ff
1992
c991
bb89
17f5
654f
1356
a3be
21aa
09c2
5611
1480
2f56
ad89
b232
2573
fa2c
3b72
c290
481a
32c0
fc42
fb85
3a76
4d7f
177f
f63a
8cb1
0f22
c971
2fa8
db79
d4d1
1e1a
676d
78ce
df9b
9331
725e
40ea
990f
b21b
dcb1
4a1e
151e
ff1b
62c8
fb0b
8746
a0be
40cd
50a3
8e01
cec4
0891
4cd4
1923
fa94
46c7
2b46
0111
9cd0
6a84
728e
5cf7
aa53
0919
e8fa
7a4e
c99c
08a2
52e8
85ae
cb83
241e
8d0b
fe0e
5b05
3630
deab
df60
78e7
e65d
db2b
9179
b883
a2d1
39b9
1dff
025d
a821
eb68
6cd9
0ff9
b12e
88ff
5819
15ce
ee0d
c3c5
096a
aab1
2e67
7b2e
7bc1
ea37
4745
4d80
8110
e52a
22f4
54f9
3823
2a4d
19b7
d3b4
268a
9ce5
d970
7f7f
ec3d
7743
c5f8
f1f9
4732
054f
a429
aee6
1ada
d973
2d1c
4795
8f10
3c0a
4346
7a7f
ddc0
1234
a1e7
97e1
de30
45f6
610c
5e35
e6a2
ed5d
b1d9
2e74
4c51
9a5a
5421
419a
eb80
c644
e3d3
b746
a704
0ee5
9d3d
e52b
8192
5f63
4e81
dfb0
bd72
a64d
0ff7
3ec0
7329
50da
2561
960f
4b9f
2d89
6c37
cda6
6de3
c17f
0a8b
efd8
761d
c1df
7161
af55
165b
6b4c
0042
4ee0
dedf
89f8
21d5
8ce8
dee2
c99f
b964
21e0
1bec
f46e
209e
ded5
3136
acb3
91c7
723e
f9bd
de1e
9bb0
727a
403b
d4ec
e8e2
ef3d
97f7
3316
3942
3f54
113a
f470
f1bf
b2f4
90f5
934b
9c94
c0c0
b834
958f
593a
dbd0
dbb0
d3ce
e020
a2d6
161d
befa
2a44
bdee
984e
a3cc
ff88
137a
8e91
3499
914d
3805
ed1e
f195
8518
0642
c6bf
d9a6
b3ae
f3dc
3af9
3fd4
e0f1
3019
8176
e55c
5012
fd31
9d8c
bb73
358e
9c2d
593e
aa76
4d61
da88
c2f3
1afb
3bae
ec98
1abc
d29a
4cf9
1fd0
9a5f
aec3
fc0d
3863
a5ae
7f42
5378
92bd
d43a
2978
be3b
5900
b365
6fe9
ad57
58b7
13e5
a1fc
c298
6521
5ba5
9cd1
9eb7
5786
cfc1
cdda
8303
5a6a
561d
4d53
934f
d679
5731
5987
1d15
03db
b422
1e2c
9dc8
7962
f244
98c4
235d
db7c
662f
95da
21b8
e381
4bd3
1228
4f98
3e20
7698
ac33
23dd
0b75
1764
d26d
8900
a23b
b3b7
ff02
ea64
2686
e032
70ab
0ef8
c65f
32d7
5b51
eb35
4733
ac01
61fa
6f73
45ed
a657
6a67
ca25
9ce2
dd58
e949
79a4
ba2d
a0bd
f427
0d9d
1773
2a69
7fd6
4e75
58f3
6243
4afd
d4d4
4e2f
1a4c
38c8
229a
f780
b547
b314
b9de
7112
9e9c
3025
e613
2ea9
af27
b75b
001c
7330
3154
ccd7
79ec
0025
a3b6
9210
1b49
f8e7
ce24
8a1c
8621
6b34
caad
22e1
3aec
af3a
9bb8
731f
22b6
b758
90fd
ae45
650c
733c
69d3
81e0
2fd1
81d9
ded8
6f5f
74ba
53ef
e850
4d11
7caf
d2ad
4e3f
00a2
6d33
9487
0ee7
3f6d
cd2d
aaee
c892
0ed7
38f9
8849
7a4b
a9ff
8a42
8d08
15d1
4243
f55b
709c
c0f6
d745
205d
7f84
0b8a
8353
9da0
9b24
edd2
0a19
ff82
6246
c66d
5dcd
a470
e09c
cf7f
192a
8123
fe0a
5ab1
bb8c
1dc1
04c6
09e8
4074
faa7
4336
39b4
f63d
ac64
b0bd
f3dc
7780
df8d
226f
e9e4
a6c7
5588
3756
551f
537a
dbb3
a004
fc65
1cba
b12d
399c
a5b2
35c9
8e44
77ea
3aee
a93e
2240
100a
21ec
78a1
aa8f
6d1e
0953
017d
a3ec
09fe
5ae4
5e4d
be57
0013
6724
1201
a096
d99d
77c0
1156
f78d
11e9
f714
7914
8851
1fa8
29b1
dbb1
d990
9219
d0d3
dc9d
b1fe
18ec
94c6
055b
7458
1312
dcdd
9d42
b525
9fdb
80f9
18f8
a3f0
10a6
c2dc
41ad
cdca
5ab3
0624
12ff
77e6
0752
8adf
64d9
4644
1409
51f8
b620
9273
9617
df07
0221
812d
8303
c43f
8c14
04a4
36f7
de2f
49f3
1e9f
3713
c10f
8952
c534
ba32
1ae8
bc1f
7c0c
107b
d112
8500
5ac3
4767
57db
203f
cf88
d6fd
98a0
de92
fd5a
a938
8bd9
b71a
8127
b267
dccb
0ccc
e91e
a000
eb26
3d3b
b238
e8f1
796f
b681
e43d
9fc1
656f
ae0a
2ff2
5158
f8d9
7340
1284
f419
d552
1d6c
cce9
2941
0f26
2c48
1989
fe41
548b
8370
b39c
b213
670a
cb79
42c4
9901
63de
a67b
db48
1c22
37ee
e45c
951b
f178
d3ed
50c3
c9c2
1655
36d2
f20b
ebc1
fdca
6e6a
f97d
1929
566d
fed2
3b8d
8027
804d
5202
4106
957b
d4b2
9fd2
7c07
f8a9
9d7f
7723
dbd8
9c02
32ab
272d
7e8c
25f7
d784
fa0a
6e79
5407
ba23
8d22
da17
addc
6cbd
e4bb
88ce
2f1f
887e
622f
7d9c
3540
1bce
6197
ac53
d90e
c1b0
d2cc
b449
63a1
3ac2
0542
e10d
4832
fb19
96cf
9686
6cab
ae96
c984
efed
e8c6
66c0
a6a1
53c8
e414
3157
6752
8962
8b37
bdf8
01e8
f0ac
4c24
e2af
6dee
ae42
0a84
fd9d
9b34
9fd6
fdda
fa01
bddf
f5f6
985b
37fa
5a19
58c0
eb76
f138
dde6
0b2e
f8c7
249f
abfe
eadf
e5b3
965b
7d81
d941
282f
678f
aa8d
1920
33ce
9b75
757c
623f
0254
6f12
f482
19d7
6a55
3d65
aaf6
58ce
66c4
b353
c5aa
5da3
792c
c558
9034
a503
1a85
3d64
50c8
a09b
c726
a38d
4e71
3cf7
c852
c412
667b
df26
95e6
5eee
9104
36b8
744d
7cd4
9465
c9e2
283f
ba7c
cc40
fcbd
4c82
2b6a
9425
3514
f98a
49d9
593a
f49a
3fe9
c287
c564
e5a0
d851
4b4c
4447
a2c3
c3ec
d498
4e81
5184
7b39
fb1e
919f
1321
c1e6
a583
42ca
a7f0
6140
6ad7
1477
8f2d
680e
d8fe
c2d9
b996
9307
3b45
f40f
a064
8a7b
70ac
7721
03f4
ff23
a172
9184
a5fb
43a6
73f5
d5c0
c7ed
8a11
dea3
02ee
484f
889f
fe79
3b5b
9231
d698
e16d
82ab
9e46
6eae
456b
2d84
5625
58c8
2ee1
cb74
7c71
5a82
606c
0012
7aae
015f
45a4
c342
bde5
8a83
7abf
1d17
9f90
d3c6
a6c4
b046
6561
0dcb
0f6f
e7f1
552c
7757
6d45
dc86
9c2e
5dd1
578e
1fb0
1651
01b0
7e29
ab06
bf35
a4ae
a37f
ff3d
87cc
f024
6b71
4f57
7c93
2907
b2ba
179e
0a89
52ed
b1b0
dbfb
acae
c57c
4a43
c1e9
4806
4004
8303
e0fa
16a2
3358
3e48
0c37
745a
e417
eab9
23ff
d840
441d
27cc
21ba
ddaf
55f9
11b5
c13c
8f55
52c2
2bb6
bcfb
e3ed
fb1e
9c5e
4117
2070
d1b1
b5eb
5b8a
3687
2343
0329
47fa
d94f
2a39
e769
b450
e82d
cd91
00e9
1635
c984
3424
fe04
e757
7db1
5752
1049
118d
b2a2
b96e
20b3
1f7c
ff43
6fcc
2e4f
5159
627f
d49e
50a6
9432
6595
7719
bdde
79af
52d5
cf31
5f52
cb3f
060e
f488
a1bd
7510
4a1b
fde9
8444
4d02
c24b
6bde
ed0a
4676
7b85
d350
deb9
9bba
4f80
fb76
ab46
8562
e6e4
9284
2258
b509
0a9b
8dbe
3c36
1be5
d8d3
2e56
70a6
4c85
4617
71bb
f5a2
284e
7288
8298
ced3
4bf7
6e4b
ced6
f327
150d
b368
e07e
41a5
a9da
222f
84e4
7dbd
6bc0
f6df
939d
6031
7a50
a45f
4c4d
4f33
a777
efb3
4be1
6eb0
1136
2d93
84d6
95fd
2b50
c531
bbb5
5652
8d7a
49a2
b142
4b61
a340
330f
5e8b
725e
3d02
a712
95ae
ca50
cd61
f0bd
41cf
39fd
61f2
8f5a
b9cb
97ea
eb22
880a
7a52
7547
b053
6efc
8b0c
f39e
f60b
dc67
38c5
340d
ff6e
9541
8c84
9fbe
aa53
cd9d
f40e
7553
d0ba
0140
d10b
c5ba
b72d
2a79
5685
2638
6d9b
e66c
b997
378b
8a44
cbf9
d057
d877
6d97
ddb0
1f29
5926
0926
4ff2
57be
4d93
c1ca
fe2e
e203
7dbb
128f
c7c9
2f74
f40d
3025
504a
0f33
528b
c532
ec7b
53ba
7752
d924
f0fc
f719
65b3
7209
2670
fa22
753a
e36c
a010
f788
e41d
67b7
a9fa
dfd9
27a2
26d9
0803
8abf
6fc0
aa94
6612
59fe
1cca
321e
de7c
5d5d
28f9
6dd8
3f09
03eb
1f29
1db4
f9f7
8cee
204b
af57
dbb2
2c64
3f61
2295
5b91
25c7
38aa
941a
1a8e
8d2f
40d4
3e88
163a
8901
e619
1fe7
e73f
a81f
d2ea
9bae
abd7
d292
5694
7ec2
c840
488e
3e45
da0e
d2ce
8798
45b7
76e8
15ae
752d
815a
dbc3
ccd6
70ed
6482
a53d
be33
e0a8
adab
9793
e688
a4db
3272
73c6
215c
5288
9ae6
f7a1
4784
dc6b
2850
bb0b
9e5e
16ee
7c6e
f400
718f
b9b6
03c4
e524
39be
13d0
5a1c
b229
5924
0134
fa04
e298
afbf
1ab0
a32b
3a4f
aae4
51f9
8b3b
c9e5
f3df
dce9
519e
6500
f189
82c4
3ca0
a667
6576
b669
03ed
948a
3a20
77b7
6b70
77c8
50ef
bc81
e800
f1e5
6984
2ec0
7fe0
6f69
bbbd
e873
f669
bc29
1b47
c471
1733
82d6
76c4
f612
62f9
8554
a261
be41
2ee7
b409
74f3
d5ac
7d84
ea5e
becc
dd1d
7a65
a46d
4d18
89ef
1eec
cd31
3fca
4aae
9ada
ca78
f5d7
8909
38cd
5974
23c9
3841
39af
fa7b
41bb
a48e
a00c
d361
8a54
b968
1008
9c45
f7ca
a15f
484a
7590
dfa0
b27d
478e
6700
9c47
8a5f
bd63
4397
9ef6
1fff
890f
8f60
6e27
aadd
6ade
c875
90e1
5b52
2115
040f
fe53
2828
000a
bf4b
1d16
af78
6517
7b4d
b77b
a173
3020
6c8c
c208
322f
e10d
2b99
bcde
c6f7
a4ee
6de6
42b7
3d1c
352a
36af
1cbf
5abc
7984
b9ed
a880
46ba
23ed
ea43
154b
5360
bc9e
0569
98e1
0dad
7f12
1e5a
af71
0afa
bf88
6314
c292
8af5
7919
d31f
4d60
9d34
44ef
ac38
7eb0
8ee2
91f9
7b0d
279e
ff0a
bf61
959f
0ed2
7e6c
3ee1
51b5
9b8f
2aa9
120b
b31d
73d9
6ac4
5fd3
731c
488e
1a3f
91be
8df1
e288
f2c7
e984
dbe9
8498
d6aa
dba6
b92f
77ff
e142
ddf5
2ab5
db38
545d
90b8
38ea
2b7c
f180
eb05
6a54
3e61
b6ab
61b3
73b1
6b65
a8f9
cd20
8ec5
f90a
2126
efdb
56d2
12b8
4a45
9c88
db34
5c0e
cc71
13fa
d4e8
4924
e137
3396
8a42
31f9
9d08
89f8
4677
fe1e
2789
1f0e
9cf2
4d6a
5066
8c4d
326a
af15
d17b
2487
12b2
5d73
60fe
dfbf
1210
d683
5a88
7728
1079
3625
44d0
db25
ff01
2e5a
ad38
411d
f9b5
0207
6acf
91ad
155c
2ea4
8f8c
25e7
c076
61a1
82e4
782d
af70
1df2
2efc
de8c
c572
0258
6dcf
422c
80c3
ccb3
6cb3
f48b
6575
cd94
35f0
d72c
bd7f
71a3
10a5
c096
bc22
b0b2
7b9e
ec99
99a2
02bf
c523
d63e
8774
811d
95ec
32b8
c281
1f88
64ce
47f6
5fe2
bebd
0e96
9241
15cf
bb3d
0d08
b019
c75a
1b6f
7bdc
197d
a147
edc0
0891
5dbd
f466
e3b2
d1f2
abc5
25d8
7e87
af81
dcf0
8091
98a7
a21d
b5cb
27ad
4942
3950
67e4
614f
155d
0946
75ca
7a05
1936
421e
5a40
f081
7ec0
8f8f
4342
0891
c04a
6e58
1217
d79f
13fa
7228
f1a7
ae25
469e
9255
cfbc
55fb
888f
2be5
e96d
6ac8
cb1c
3ac7
bd23
9c34
369a
61d6
4d4c
cd07
a5d0
1e37
6daf
3f4c
8e70
dd29
465b
ac05
38c5
48dd
6c67
d487
b8ee
8409
c2c5
6ae4
813b
9d7a
7b6f
fe5c
cece
fa6c
ac7a
a9c8
e69c
59a7
556a
4c33
e5a8
18cf
8b16
3c67
cebc
256e
29a7
3679
50a9
1682
6e17
106b
081c
3889
33e6
9ef9
4c6b
2fcf
ea85
3410
5dd2
4cfb
1251
f73b
7c7b
79c3
03fe
917c
268c
16f9
4ff6
84d2
862a
1b5d
8282
4e90
b106
eb8a
713b
1571
675a
ca7c
bf03
f628
3a18
9b7c
abb1
2b37
bee0
f5fb
75ba
dd93
d387
cbc9
3bb0
871b
278b
0e50
da2b
bd42
5821
427e
e233
0368
c6d3
d283
ce25
178a
425f
10be
a328
24c0
b3af
4da3
894d
3be0
31a6
7982
b1bc
036c
cb77
c6b8
20be
1ed6
ed7c
7500
e47d
5ba4
b95b
e617
3c22
b281
4ab2
9ea0
4cac
37ea
547f
0fd0
78b0
364d
d877
f1bd
c77d
597e
c2be
0e08
aedb
1b4c
06ed
225b
29fb
a0ad
816d
bffe
2752
39b3
f0d4
f49e
b77d
40fc
ac53
c65d
145a
f748
3652
5c9f
0d54
8427
2da2
fa0a
6697
8a85
0830
4a17
b063
9185
1d36
b9b3
4b94
0919
7a0e
4699
e4bd
25b7
3380
08cb
0bcf
e2a7
6f4b
8450
e67f
0030
868d
1388
742b
b2e0
3d26
3bfc
8243
cc6a
c09a
6ada
e2f7
3416
678a
cb3b
d130
09b7
6c72
0b18
b79f
b5b3
c8d1
4889
4a4f
87a3
75bf
a4af
163c
f1d0
9dab
f860
ec2c
9906
7456
ff8e
0487
8c58
7ecb
a356
6c03
6c8d
63c0
f447
eaf8
00b2
01ff
0170
9acd
9896
727c
7d5c
886e
16e5
159d
d473
c280
9df2
3dbc
b77b
6a12
521a
45ba
6e04
a8bf
876c
0326
5931
98da
cfb0
6fa6
aa8b
0e74
abd2
5361
5ab5
69ea
adb8
3fb4
81c0
dc97
2e29
8582
65e3
bfcb
b07b
19a6
e935
ba16
f666
d6ce
dac1
8b4d
28c5
83ed
d524
76cd
574f
81d0
4086
1dc4
0766
2072
3e65
f75a
c4d6
decf
7bee
ca4b
ed07
2eea
344a
bffb
2a47
c0f5
87c0
3053
2b5f
cf26
ab69
9ecc
a550
dcf0
fea2
4ea7
44e8
c85c
6d2c
7ac1
5f21
fae1
2568
a7e8
e51e
8f9b
e3ce
05cc
bd38
e1c4
04a6
0bf7
23dd
3edc
2e12
7f94
1bd4
204f
3273
e165
daa6
e7b7
f1d7
711e
4836
4297
80be
c426
9e85
6d17
7259
84df
5e9b
c823
efda
3ca3
312d
96b0
b7ee
1c2e
f333
b510
6326
5f2a
cfbb
d1c5
af7b
8dc5
90d3
a3be
8085
d8ac
59d4
2130
3e6e
eb8d
2678
ea44
2255
58c4
188c
a856
163b
e783
f5dc
a1e2
03d0
8d3e
e000
91e4
eaf4
0259
3b88
e34e
0e90
3ad5
ec7a
6125
8b74
f76a
e9b8
8107
b6fa
99f7
e63a
efde
fdfd
4193
69dd
eb86
9fd8
d9b2
dcb0
04af
30fa
a1e9
341c
4973
ed31
d06c
7301
4977
bd0a
63cb
abcf
28e4
0aa4
4545
e761
819c
ec01
d354
2d52
e619
1b57
86c2
cc8c
f8a3
1c26
51c4
8720
c1f5
a777
ace9
78e1
1895
ff6f
6f48
3a5a
3906
319c
a021
4df4
f318
c8c3
e9f5
d7ac
f4de
fab1
04ba
481a
c9c7
72db
7029
11cb
c0cb
9a21
949e
647b
7de0
eca8
6fba
795f
0b21
983c
1f6a
fb4d
3b18
6c2e
4e82
0e47
62b5
06e7
939e
86da
47c0
9c38
ddc5
7358
7b80
6ab2
d999
7556
c00b
a481
d65a
bc78
2981
dbb5
f459
f8b1
417a
3bb5
c015
14d3
722d
6a56
9a1e
553a
76b7
e09d
4709
9343
d51c
052d
3e4b
1c59
ba80
a06e
2d38
ce78
a01e
d358
2d0b
65af
29b5
d595
93f7
a73b
70fd
3f47
c44c
a1e5
bf3b
385d
d8cb
faa7
c49c
3598
b40d
2123
5e3d
58b5
9634
5e2a
8903
de7e
6d26
f08f
b90e
38d8
6193
bfc2
c8a3
c306
e2c8
9ab7
df4a
95a6
219d
8bf2
4a6b
c1c0
8868
914c
4998
ce8c
4d86
8f56
47d0
4de4
a4a0
c418
42c0
90db
0f91
5600
81a3
2937
ed85
cf83
bcdb
0aad
12de
a3cc
2083
dfed
114f
dc4d
d935
2037
fc22
ec7a
1c9a
37f4
0560
346b
9bec
3cbf
6e82
cc7d
e644
e72e
56f8
690c
b559
d9cf
8a6a
d382
c9ac
e16c
1246
ed71
dc7d
153e
159a
11f2
123e
2aea
c68a
637b
8c61
1d5a
a44b
3746
17d0
5312
0168
ff75
a499
b44d
23e7
b9d4
f0e1
02ca
dece
dbec
7314
d934
5561
b968
5a38
45b6
cd23
978b
3aa1
aad4
2ac7
7ad3
a324
62ca
bed6
79be
d56a
7c24
7e29
9c60
880a
3256
ca48
e155
6327
b36c
e6b6
c6fb
4c0e
12b3
0107
d55f
0e6c
02a8
dd1d
1aca
2e2c
44d5
d57b
5dc1
24c0
ab16
4650
78b2
b91e
1ea3
5b43
73e1
439b
a3e9
a533
1fc4
97de
ac09
9a0f
8b05
fcba
8403
981b
5f75
ceab
fef3
cb8d
54d8
7979
5daa
86b2
0397
c05f
91b8
5890
a2a6
4637
f6f8
9bdd
9f7d
6087
0331
f555
3a6f
13a4
4e77
922d
2242
a0e9
4f96
4ca6
ba6a
1abb
d663
9d36
b2cb
53a8
54e5
016d
0c13
815f
1d76
74fc
fa6b
678f
5c8d
60c3
0e63
1fa6
fc7a
5b03
b574
7e8b
6770
a839
2f71
fde5
eb0d
7486
13fc
5f5f
3f66
5022
c03d
abee
d4fd
ddbb
8ad3
6f7b
6db9
cd85
eed3
ab28
ec38
5ad4
f364
74b1
02b7
3e6b
7365
d0d5
5303
305b
e8d8
0d96
9e7e
8241
de5f
01f5
ffae
bf11
ec09
d2dc
07d6
a8d1
b4ee
0bdf
a089
303b
ebb4
6b2b
4d42
3290
7df0
847a
6d30
8fc5
41e3
92f4
9b6d
422f
48f2
ff36
2442
72c2
c758
1867
8de3
7059
611d
6eb2
edeb
2916
009c
d868
ecc6
d69f
d85c
2f2d
eb3f
ff20
02e6
c135
b3ee
3191
ff3a
8ee4
88c9
aa86
2bb8
8e20
f8b3
d1d1
1200
a11d
3862
210f
0f77
38e0
516f
085f
7113
6dbe
2527
8346
a90c
0be4
c94e
e72e
d0b0
d242
8d49
3e36
e14d
7413
eec8
4abc
9b48
f851
5733
3049
0cf7
d15e
0142
bd47
63a1
c92c
5989
1115
56be
4cf2
c585
b095
c6eb
387d
ef1f
be67
5403
dbfc
3d86
0113
ea3d
46d3
d13a
6058
c53d
46c0
3a86
9ce7
c587
a52a
fb87
1c3f
e496
bae5
cb96
df92
0e44
0a4f
ac55
9678
9dde
e2bd
f02d
5882
3b57
8563
f617
3dd7
036f
748c
a216
f266
8b9e
985d
426a
6e48
31e8
c555
41b6
2146
ba8f
c32a
ae71
823a
e739
75e5
e734
459e
33cc
e560
18b0
8fdc
b539
9618
0265
a2e5
6703
b687
8271
d989
3570
26ba
ba6f
9608
663b
df3c
f398
d593
0994
2f62
0e13
c939
99de
71c3
190d
1991
400a
47b5
a930
ebfb
540b
ef98
6f6f
dd8f
785c
2541
e8a3
c235
fccf
3981
1ae0
e62c
1df0
7bda
6d3c
b7de
e4c9
cc04
70eb
005b
844e
30f1
eaf7
5d47
ebcd
e0ca
8367
e139
27ab
d71b
ed5f
a807
34e0
60e3
bcf1
8706
bb77
02d8
1254
f8ed
df5c
2a97
3ab5
cd5e
91f9
25ec
f5ff
045e
406b
ba7a
8b8b
6589
aed3
589c
4071
900d
2dc3
8b02
e997
7137
8200
5343
87c5
cacf
d3f1
f5c9
59d9
f14c
2d52
ad5a
9024
0929
8258
16d9
89c1
ea7b
5d57
e904
d23c
ed60
8030
04a9
301c
6cd1
62d9
fbeb
d462
66ba
976c
8470
804f
c835
4611
717d
610c
9f5c
3d58
210b
e2f8
1139
db2f
614b
751d
ed2f
6ee9
8a89
c348
d6cc
aa9b
6919
37c6
52c5
49ea
ebba
6d8c
9443
9fb1
81d2
13d8
84be
f80f
9f83
bd59
09e5
2211
2929
7ce3
f330
2dba
f445
becb
9b76
d8fc
de49
3fc1
49c4
f381
64b4
9951
ca7a
a7d7
851b
ff6a
9bab
d683
9268
2894
7962
88bf
352a
5cf4
cc9f
8a0d
a45d
f903
bf07
56d2
0bb4
a601
c177
09df
6c47
71fc
90b5
cfeb
9253
f9d9
3103
01fe
23e2
b910
302d
1612
ff6d
7f74
8b65
17e6
f72e
49fd
22ac
dab0
e933
db1d
5bda
0fc1
92fe
4cdb
7a4b
5fbb
dbd9
696d
eb0a
85bd
3cd3
5b84
4792
63a3
de0e
1756
f278
573e
cb9f
6315
6c38
ff3b
af79
19bf
fb3e
c0c9
8e44
5acf
13de
4d7f
d76c
c397
00bd
5701
3584
54df
029b
1a53
8c0e
ce8f
6e34
80fc
318e
5367
f328
8593
3774
1e20
1c54
ad47
b85f
3b0a
3923
c89a
8fe2
4a98
9863
3d87
01b1
3192
5fa5
b509
8fa8
9545
217e
b5a1
fd6c
9c1f
4adc
3d51
f283
c57d
f7fd
7065
64eb
b3ac
d2cd
ce49
912f
71b6
351b
c6f2
ffba
2f14
b3c4
b363
e5c5
08e6
acfe
606d
a2a2
3168
45f9
cf4f
1efe
dcb9
a4e8
89f0
1e48
a696
a3cd
1db6
7e64
3947
be3b
500f
4350
a249
4b2c
30bb
96d1
f623
90c9
d9cc
9520
0e7d
014b
0731
d5d2
a794
4c2a
d9f5
dd23
40dc
8845
e13e
b3e7
0ceb
76fd
65c7
f481
f93e
963c
ce39
59bf
801a
cb34
3b83
d9cb
3c79
3857
635a
be93
644b
4f5c
3c39
304b
9ad7
2429
f0a5
4b75
2d79
4e8d
8bbf
d19a
1e8c
4dbd
50d8
f984
a7a6
b2c5
69fc
231f
6d46
c417
79f9
0dab
fa3a
21e3
19bd
329a
a59f
4e3a
1681
8263
b963
ff63
f2fa
c8f6
1c53
437f
2aec
ab67
72ba
27cf
36a9
9a59
44ee
28cf
999c
7a1f
009e
7c3e
d53d
194d
2db7
fb9a
8caf
4019
2da0
342f
cda0
012c
94f5
6e6c
1d89
a6c6
54b9
0b1f
b2ab
53d2
5f7a
8ac5
7991
6259
a1cc
937e
9723
39fd
6c40
88f3
f022
1541
304f
c395
8353
7272
88a4
80a3
ae6a
78c3
d315
3eff
a69e
b6d7
2c64
1d15
0ef9
bc81
be3f
5165
b23c
d01a
07a0
7025
b7f1
284c
31c8
1489
ef60
69e5
b069
e904
4895
11b7
bf45
e003
24fd
9162
8f18
d1c9
c817
9254
1c56
da6d
6aa6
a1bd
b59b
18b4
df90
9ec8
e293
41d0
665b
45c6
5805
475a
f613
c87c
eb47
0f5b
b134
9a6d
e9f2
6df7
d6fc
edae
14d8
d869
a552
6003
3a4b
33bd
8902
9611
3385
9cc6
02b2
8d72
58e0
32bb
6861
4f61
c992
8cd2
584c
dcd1
9622
ed2a
97bb
a72b
cb16
c9c7
e135
f88a
611a
7aba
4ddf
df21
9c93
ccc0
2b7f
4f10
0f25
fcb4
8067
b388
dd44
a4a1
a80f
9823
1af7
912d
c592
9310
9331
b832
b685
ef6e
6487
e5f3
c0a0
7cc7
754d
6650
bce0
446c
d785
5441
29e3
bff2
b2df
4ebe
070c
7974
2d66
2a92
386e
44fb
eab8
69a7
bbe6
c520
0e6d
cae8
c4e9
11a5
2f42
528a
28f6
5484
ac74
013a
9dff
baaf
81a5
5ecd
a38f
9300
abda
fc2a
d47e
7771
0f09
5a68
23ba
825e
9350
5345
80ec
5d18
44f5
1b9b
9239
22c0
ed3e
7a71
28f7
529c
dd95
cb4d
d2da
51a6
499b
15b6
455d
8976
5de1
33fc
191e
1c5a
abfd
559e
d128
6e8f
b16d
bcd2
8a14
ae1b
a573
de09
086d
3575
c50a
e481
5b8c
7aec
21a3
0123
56e0
f828
f4ed
6726
7264
add2
372c
a2bb
31a2
9f45
34e9
e0ae
97bf
8194
a6be
ca8c
09f3
023f
6c8c
bf03
af11
95a8
40a8
0e8a
50f6
aa5e
1d8c
9b7f
9850
4541
1544
c8cf
1233
9f5c
fe9c
5429
a9c6
3237
578a
d198
6214
d5c2
215f
ac19
8278
20df
96b2
b060
6f32
55d7
9ffb
25dc
266d
7821
31e6
f552
668d
d274
7fe8
cada
0cea
3cfd
2d01
32a8
3cac
cd9c
861c
71c4
4ee2
5536
70df
d5e3
e0df
5ae6
04ee
3214
462d
12ac
bb69
168f
b676
0c06
219a
d674
2f94
32af
5149
43e7
eab6
53c0
9f95
9829
f9d9
482b
5025
0324
4dea
3410
b154
bcaa
c3a9
1181
8991
3a09
1af4
1c9a
21e2
b4a9
57a2
1346
4155
f99e
6618
58a2
52fc
75f3
6352
5333
61ee
d7ab
8a2c
e562
e6e3
d537
2576
72d1
a3d9
79a2
e246
d42c
0ff6
d581
601f
edd1
65cb
f68b
6b9d
fdf9
f3d2
9976
bd2f
fb7a
c90a
0fd9
c137
e425
6510
303d
97b5
76ef
26e4
df4c
8f2e
80a9
7b13
8d18
e411
73c3
256e
feed
d3a0
6762
211f
42d5
0a37
498d
5561
4c61
2ac0
baaf
7678
5ea7
9e71
3faf
217e
3626
37da
d096
96d4
7b2e
bdda
210e
1899
0fc9
e99b
74bf
0c9a
496c
19ed
2e04
3269
2870
3fea
88bc
d47d
afcf
2eeb
45ef
132a
e8b4
459c
4708
7424
c706
558c
9c64
a639
daac
c934
6cea
24c7
66e7
9b7d
7e1b
cf9e
e623
5140
43ef
b42d
232c
42cc
7eb2
06c5
4c64
b6cc
043d
d750
cf46
943c
5777
2a50
4783
ac92
8399
34ce
9b9c
96ee
a967
a258
f751
3f66
9b66
fbda
9826
7ab6
d42d
d509
27a5
7549
53ba
16fc
87f6
7d01
0949
ffe3
b170
37eb
1646
aaf3
142c
006e
5faf
d8f9
1466
a0ca
815e
ff3e
6876
33cd
5050
f972
8934
e4a0
4394
ead4
ea20
8dff
f133
73b2
33d6
d5c3
98d2
52cf
aa9a
f025
05a8
3312
ab87
8a8d
6940
0983
f482
5425
405f
8a88
803e
e07e
b3b5
7418
4934
0681
b5dc
c22d
f465
bf94
f6df
c0a3
a3dd
317d
72a9
7e08
878e
dc70
601e
81e1
3145
4337
7293
bf6b
3d7f
2b9d
1509
3ab4
1a5c
0d2f
f5da
210c
a3fd
14aa
7e4b
ff3b
573d
d4cf
3c92
ec0e
8d7b
c2b5
d7c0
f0ef
ba40
40eb
4bd4
8f45
cd02
88e9
72fd
55dd
cd15
31d6
b5e7
cb1e
802b
6d62
6719
38bc
feff
35b2
2de5
d649
c35b
d76e
8117
88ec
937b
5157
4144
0447
2052
865d
debe
801b
c8ca
37f3
bcf9
dfad
1ee8
64fb
0213
4de2
e20a
d279
ddb1
6d39
5dc9
f04d
f4b6
a6d9
4062
59ff
715c
8f76
8251
0f1f
2c72
7562
1ab7
15a7
d475
6a00
8fef
1987
4a17
f195
0cac
fa54
d1f2
823d
5595
4f9f
4c5d
6143
d1ff
a498
ace4
dc74
2e78
092e
1aa4
2463
93fd
7588
18ef
45d7
585f
ed59
7a3d
d88f
e1bb
35d1
e1ab
f830
1808
d557
999c
0011
0d65
6662
a61f
9062
6a04
3f88
0648
0faf
1f8b
c57b
a368
1830
4f6f
1f93
cafd
5dae
8e9c
85af
1c57
54b2
d6a6
5d0c
6f59
fbfd
d3ca
e4c3
478a
97a3
ad6d
1967
dcc5
44e7
629a
4648
72db
73d6
a038
377f
2457
2615
0299
631e
f02d
47d9
09dd
6118
054b
d4e1
507e
1656
98a1
0b18
a035
be60
7204
6a2c
08ed
7265
12f2
bb5d
6b36
09fe
6fdd
7aa7
1550
515a
91cc
fe94
29e1
b1a8
843e
09e3
cd59
5f1d
d423
3804
2cb4
9a2a
4d18
d6c5
dff4
5e14
73a1
c5a9
f0d9
d60b
d5e6
d1c5
89e5
cfbf
afa9
8c85
5a75
624e
0709
394f
493d
807c
5fbf
bbb9
6e40
e747
64fd
8c08
a200
2782
880b
f2ad
f1da
1794
a87a
4918
813c
016b
10cc
e88a
d6c0
e539
6461
073e
634d
032c
16d1
0cfa
1b8f
32a9
707c
8b3a
b0e2
be77
b677
920a
c302
f51c
b790
3a1e
9571
d109
df5a
ea08
8394
5648
bc5a
2f35
fdd4
bcb6
1f80
64d8
a24b
a8ab
4697
9faf
2278
0db1
4396
6018
9110
8fe3
9ed8
84c0
951f
074a
78bd
8270
b3c3
c120
4196
929e
4aa5
3fc0
22f8
a2ad
3c72
a303
fd2a
e3c5
a682
f105
0dac
1293
3bf3
074e
7081
8247
f235
b0eb
ea7e
1d9a
3125
7df9
04a4
e0f3
adab
5c83
1b20
da7b
52ea
30b4
4299
a2ac
d52a
3328
b152
1d2e
5239
6643
c1e4
da6c
eef3
0e3c
06b4
1173
309a
ed61
7120
3f39
95e3
0720
f08d
350e
3536
7df8
c97d
bac6
663b
7d1c
908b
9dcc
4746
9c99
5dd7
e530
2167
bcee
30f4
71af
1eed
c49d
9e69
a6e3
e94a
aa58
1de9
b627
b894
78fd
fcf2
5aeb
f1e6
b1f9
98a5
6b03
6ace
4a32
aeee
c2d2
538d
ad98
538a
2b9c
bf14
3907
53ed
ed43
427b
fd4e
bc93
3a19
e808
eeee
13b3
b30f
3cf1
7f3e
b8df
88da
aa83
2825
0d59
cb9b
9ce2
6a14
1e46
2644
6b24
0efd
c718
dde0
1bc5
873d
13e5
b81a
bd1b
cd40
d921
32ee
57b5
2c5c
e1a2
e0a6
4423
4f0e
a932
d4eb
19be
cd2c
4bfc
5f81
c9ee
3488
fe5c
059b
be94
30e2
3bfb
c552
7d21
e347
1ab0
96cf
a765
e476
5938
9a35
6815
fca5
a488
1d53
601d
71b3
787f
5d9d
3b3e
0ed1
e140
8e3c
2576
8e67
23dc
86bf
8e9f
890f
aafa
6445
d498
0fe7
613f
cd16
aea3
2bae
b8ae
1079
5bde
64f3
8a4b
53c7
855b
49c4
bd0c
2105
dbea
f161
b1ea
26d1
924d
1c8a
765a
bd04
20a7
853f
7420
576c
0ed6
dce8
2a50
f460
e2e9
f67e
8976
52b0
88b9
872f
a4e2
df34
9f32
bfa6
4445
db01
0484
7fc0
118c
4ddc
8e82
e574
4d87
8d30
0888
2a1e
7690
e212
bbbb
ebef
e671
9f87
e37f
9558
28bd
22d8
ec3b
a527
73aa
0a7a
cfc7
ab7f
d962
4ee3
9e91
d36b
2d3b
2192
1f03
5705
94d3
9f36
bac6
4735
97b2
12c5
90ef
bf72
6c72
3884
4869
76ff
7cd9
1dbb
20f5
1c67
6dbe
27f3
a5f4
5a99
9d72
1b55
1f5b
99ff
1191
e36d
95ac
97b0
9b70
2b46
f2b3
d6a6
7d1e
c946
edd0
83cd
478d
f685
7825
aaef
1087
0be4
e7cf
81bf
4532
faa3
8c59
c9e2
b702
9673
08fd
0ec4
774f
8ce0
b863
03d9
5ed2
f5bc
8941
b329
954d
ad09
dad5
ed19
c62e
399e
9d55
a183
e9e6
6c69
39b7
3655
8a63
8a18
c1fc
4ea6
3b93
8e1d
7c4b
de9e
df7d
847c
bd15
f51e
9b26
cb4a
5e15
4976
e6ea
5878
7415
dda6
a68d
3c03
f886
48c3
0d4c
30e4
fc63
7f9b
5976
6ceb
0179
ab4e
5221
e3f1
1754
ece0
1e9a
a9d4
73c8
8c0f
4f6a
eee9
7b01
d2f2
6be3
89a7
5d83
1a8a
653e
9da7
a8dc
cd51
0acf
5564
9dd0
9f4f
543d
8d1b
4b75
f84c
6012
7062
529a
2383
2675
1f62
06c3
26f1
b0bb
5ce4
40a4
b459
45bc
4f65
96ee
6f6e
9020
b28b
5222
bb64
bb3b
3b44
44c8
fc87
a8f5
ccf1
50ad
b634
aacc
ca80
64f9
caa9
ab56
f4a3
3c56
7b5c
e668
2a8c
8c66
0b06
f8ed
7563
88f9
c808
a640
5772
654a
4994
bb17
8da0
643a
cfb6
e6e8
d78d
8878
29ef
dca8
d812
70e8
0df2
6216
b3fb
9c47
409a
dc5b
0b79
1088
59a6
e071
a6b0
c750
29a8
eaaf
9a49
9b03
2c22
a4d6
8030
de1d
70bc
2abc
85cd
bff4
d0c4
7b9e
2999
075c
6e91
f945
13c3
1507
97e0
8ee0
d58e
4dc4
b351
ed1a
84f9
352a
3266
a020
c037
e0ea
7863
3884
fb4b
e5a2
a52c
31a2
9598
3759
e1cc
5b69
57cf
cb50
bdcf
7475
182f
c49e
1851
a261
2ec9
9710
aa65
d503
6ce7
ff89
f6d4
7766
a2e1
c9c3
3731
a6cf
154b
8e06
7ec0
fd7d
a845
07eb
c7e4
b7bb
f094
5f92
3b34
9903
72de
c0c7
91c1
5b65
014d
7df8
06cf
a1c6
7ce4
d3ad
d470
b871
b115
5d3a
9c66
7726
5c8d
8468
96fd
8cf1
dcd4
07f9
ea4b
f7e5
0110
5a94
b992
2ecc
b7e3
7055
4faf
61de
be46
d8e6
df80
8713
9fd6
af01
c4ec
a65b
b70a
7cbc
d3fb
88c5
e84c
c188
d9dc
74a6
7736
a189
8e61
ce7d
7c43
a99b
72d7
89b2
6af9
4c4c
06ac
00d1
9a09
6b95
370f
4e2f
ece2
f11a
bd47
e424
5746
5066
ecd9
0f15
075d
db97
4991
7359
fe0b
b31f
f7b2
0e17
6f7e
4103
3f28
eedc
2c4b
f5b5
109b
3c69
a642
752e
b58e
532a
c4ed
3eea
7a52
186b
4d45
60f2
2957
fe90
705d
0962
ac47
b4c9
4e40
998c
7fe6
cfc7
a302
901a
abf5
936c
bdb7
c980
53c8
d4bf
6395
e026
be13
d36d
7a5c
5b5f
7155
b1ce
d5df
5efc
0b65
1740
6086
b0ec
5720
da15
68bf
b61b
3baa
0a63
c3a5
c09e
b6b1
e803
fa9a
5cd4
3c45
ca0d
e1df
3469
c2ff
11cf
afb6
4fe2
0fd7
6205
c523
4df5
5223
9d10
da6d
3bc2
e508
5c2a
970a
a372
e1e9
af1e
d87d
6fed
6d8c
a8b0
89c8
e083
1616
ba8c
dd30
1c05
3804
935a
2b92
89b4
6e15
f275
31ed
301f
165d
fdd7
08b6
ea3a
1816
0e7c
e2b7
b029
711c
9fa0
7fe8
109b
06da
5303
091a
2c98
5b24
8382
1c9a
dd0b
d330
a756
27ae
1852
e9a0
98c7
87da
39dc
fb89
e1ec
a69e
da25
7e8a
db35
0b23
509b
2191
4998
c07c
52ae
aac0
698e
d63d
5a65
1cdc
2884
12af
771f
20aa
1b64
c018
5f71
f3f3
347a
1c9d
6668
77e4
963a
9ec4
7910
7449
7fab
2e46
8d5a
7060
782d
3682
c31d
2c26
8879
4f8a
ce3f
e057
552e
3bf7
079e
9d5f
f844
533a
0078
eb03
5b71
8b67
d5f4
19d5
5b95
93b0
acba
1e7d
c151
df7e
69bf
1663
b522
284b
82c4
be6d
64a5
1cec
53f5
9313
7186
2feb
bb4d
b9bc
2ed2
257e
7200
1f6a
4d78
4ce9
fc97
91c3
10a5
6a5e
60f5
3f56
9db3
8a50
ba4a
62c0
dac2
cd77
9d4a
970e
c5fd
5297
c7e4
d4c3
e2ad
e12d
8190
1be2
4770
9ad0
1799
fde6
c18a
7a7b
868f
5d0b
7481
044e
d7f2
9481
145d
aab7
bd27
1e9f
9a85
6c14
99b1
8189
6ffd
499b
d48a
5f12
8f5a
109d
7b14
0f0a
2c36
0c9d
a6c8
de44
5c1b
b8bb
6215
1c2a
2528
4047
b604
e374
f681
e130
51cb
bf55
cf96
7de1
b02e
9583
9e26
8f8f
0388
81cc
1d13
635e
ed5b
da4c
d12f
c9ab
efbb
763d
ea74
15e6
eb8e
002b
70e0
e7f7
50da
9b94
8d69
840a
1bb1
1f4b
e8af
80c3
58eb
cd74
db8c
0ad9
35ff
bf15
5b02
b709
ec74
d05c
ca9e
390a
efec
9637
5b73
f269
531d
a89d
2316
61db
4767
75de
ccf4
c429
cd17
be83
c6e7
29b0
d163
59b3
ce32
160a
4353
544e
7fba
e9e8
c7cb
c805
4b60
8dba
9ab2
e9f3
1767
590e
91ba
9923
1f75
fc55
030f
480e
eacc
1f10
197e
2743
8bae
69a6
2872
a123
f59b
962d
19f6
499e
5fd4
601a
3738
323a
0550
82d0
47e7
d3b0
c83f
6335
bb79
1b36
f8d2
32c3
6d92
8797
5ae3
68bf
231a
51b5
0a5f
d119
a01b
d040
e854
0b1b
708a
3327
57ac
17dc
28fd
566b
da4d
664f
8616
91e5
ccdb
d49e
0904
3067
14f5
f416
6e77
ff8e
b09a
a780
9249
b0cf
b540
17ad
e2f9
2cdf
f108
c14b
9230
d6d6
5c7c
928e
068c
df24
9989
d2db
5c97
8b53
7407
28c6
bbdc
9b27
4bc7
5fa6
72ae
2ef4
a6b3
b951
e51c
bbcb
745e
1242
8510
43c8
cdba
78a6
fbc2
0fcf
e61a
da4f
570b
6be2
defa
61f1
1ebd
db5c
53ed
a8ce
5a77
3738
026e
7d7e
3785
1bd1
9238
2b9e
29d4
dca9
ab98
40af
9685
f255
ab46
d798
2db4
f687
2d26
a73d
a90f
083c
babf
6377
5d62
ce82
04bf
4fba
4aa5
933e
9da7
fd6b
7eed
f660
05ea
8198
e466
f788
44ff
77fa
0fec
4c5d
2642
9e3b
c08e
d3d7
6b3d
3688
fc7a
533b
b166
edbf
443d
1b27
b59a
3a22
fc6d
f3d1
dd98
a7bd
0d23
b925
5818
5bcd
718c
2be9
2e1b
79e0
57e4
b74c
4766
b922
2b4f
a598
a3e3
f286
1b9d
24fd
645d
6fe0
c213
5e0e
70d8
d22e
d27a
d232
0208
110b
0c13
3fb0
1ee5
51bc
9531
3012
bbd5
4c2c
202a
22ea
b92c
da9a
64b9
383b
055d
3fcb
5a00
7ef8
e5fa
dc83
9f3f
c9a3
c22d
47e3
e35a
a2e9
76a6
f9ab
1ac0
e78f
d967
555e
cf79
bdb2
a12b
c06f
8f54
9c98
aa12
356a
4666
ea75
1384
5a1d
9e18
397b
d24d
b55d
bc55
9964
44da
1539
cd0d
a9cf
6350
490f
f79a
eef5
7b06
946d
74f2
1062
4083
80cc
7662
cdcf
8f7f
913c
b857
c4c7
52f7
c6be
d16f
b358
34b0
065a
b869
a090
5fe5
ca7b
d381
a6b3
67b9
6305
e886
0cf3
4ca1
ffe2
520a
3a49
9069
3943
9330
219b
7978
4c66
e6e4
b2f4
e755
33ff
afdf
f928
554a
2bed
f7ea
dafb
d80e
61b0
e5e3
2ee7
2bf2
44df
f962
7324
4fd9
ba8d
3329
012e
81e7
617b
4598
b3f6
85d9
9111
4e28
3f02
4686
8d36
7ded
2333
1645
7296
77d5
97a2
1102
00a2
d0b3
8377
5bd0
39b8
6070
8b27
c2af
68ed
a602
d65a
4da5
0bca
2619
26a4
d0d8
1745
fe2a
5d0e
9332
cb82
6b80
e858
eb00
7170
da36
9469
7664
fcd6
6337
0365
e943
0678
ca42
6ede
03cc
a662
504a
5521
7bd3
8a60
04c4
efe8
5d0a
e9ac
8505
0a62
d7c6
e339
d96b
d6f4
1cb0
37c5
6203
3c1d
ff33
6a23
a6c5
195d
e991
dcbd
dc9e
9248
21e6
44e6
291a
2f59
e884
e656
45bb
cc46
3b24
22ff
41d2
8170
86f7
2ad4
1704
401f
e46e
a6f9
0991
1631
5133
3f7c
6494
4303
a0d7
1726
7a75
62fb
d770
8965
4194
b5e8
bc35
947e
10f1
1695
7907
3321
3273
6ba1
0799
a0d6
f00d
128f
5487
9d37
3521
36d1
5ad4
b28c
8740
5b28
4f3a
b507
3eee
ebe0
c25b
4115
71f7
0d9f
826c
2959
2129
fdb1
c8f8
678d
2834
14e7
9e82
b39d
2afa
9d33
0c05
c858
7c5c
e8a1
b97b
7876
b142
539a
10bb
0522
fe28
42d9
6dc4
05e9
0706
eebb
c9ac
7633
f573
48d6
31bc
5e28
97b3
baa5
0c85
a510
36db
3244
71f7
6a08
7a5d
5e4a
ea32
4224
61a2
d4f6
1e49
10ee
bad1
5a85
31ea
b3de
1658
4e91
5d87
4ab2
14f0
f48a
e84f
81be
91ef
a843
9696
ad2f
c7fd
e6f9
e4c0
9975
ecd2
881f
4b69
07d6
17a2
903f
77fe
d4af
88fd
c442
de58
5bac
2c13
f6bc
7b4f
2504
550b
0bd0
5614
0134
5b95
22d4
f2fc
8559
1b78
57fa
4db6
1c27
7d20
4d46
ec81
74a1
a45e
a091
d011
fe1e
fc8e
83af
8cf0
fc0e
254e
a33f
115f
c783
9aa1
c058
4af5
aa61
42fb
1a64
48b1
e2d5
8767
f893
8463
c4f6
6bb3
6f26
18da
abcc
f255
3be2
bfb8
6d1e
65d1
4d6e
0c47
731c
fd8c
347e
6475
e17a
975f
3a72
a909
48ad
67fc
0c33
be41
6b52
d0ea
4724
4424
369b
d71b
9ecf
71b5
d724
b988
32b9
7b9d
a8cb
b425
56dc
4afe
6e05
0c7a
7055
2a96
e38d
e402
0f20
0726
fe2f
e3fd
e376
99bc
ab88
9925
1884
1a84
a877
c165
1083
29f9
e654
f173
7083
860b
6b09
8ba9
d1f6
f1eb
428a
13ec
d2a1
d5b5
5ca0
c39e
cd3b
6476
c692
a10c
1d1c
9722
239d
b9ef
142b
77b9
2ffa
3ac8
319d
690f
bd1c
9b87
7075
0d31
b5d1
521e
331e
e5f7
d338
aaa4
ad76
cf0a
b790
cd5f
4b90
9eb3
7670
858c
acea
32a4
c703
7257
2793
4304
218b
8f9b
5996
88bf
ff72
5699
b3c1
fc00
b3f6
00aa
3d2f
f98a
1971
8ce1
e18e
b71c
92b8
3bfd
3b73
a501
ba1a
3dae
6ee7
9e32
0efc
0fa7
823b
5870
8982
7a01
7c7f
ac1d
9715
3b47
59d7
54bf
5d28
2a9b
823c
1175
7cb3
3281
1899
792e
de83
d185
74ea
62a7
32ef
0e57
b3b6
cc49
41b9
3609
bb70
d827
b2fe
c4d5
747d
861c
f036
c9d4
2df3
c350
83f9
11d1
5939
d995
1988
509a
603f
63ac
8d82
3f02
9b5e
3321
b949
504b
9197
dbbc
03b4
dcb2
1e57
affb
bb59
0a1a
9ddc
6217
9647
da6d
ef91
92ad
50b1
3eb4
946f
f149
cf32
639a
164a
da42
73d5
4795
3045
2162
6b2a
50d7
9527
3ae6
95c7
4f52
4496
3c94
7eba
7cf7
4741
83ad
50fe
71a8
cf1d
5d2a
fa57
7eba
b874
0ee3
3b5f
8744
5159
9a8b
2ebc
638b
882e
c611
5ac2
b332
8fb4
5c45
2d0c
ddcf
24ab
c2c9
0468
9cd2
592f
f5bd
b67b
692c
7808
fc5c
81d0
138b
ee57
fb28
b863
2bae
9f7d
edc0
f84d
9a0b
686e
831b
a31b
0400
4166
c7dd
f103
9f25
4978
8479
0ce5
dec9
094c
5c94
e1a7
8420
a971
805c
0d2c
2a25
f3c3
e83b
6d3c
8fcf
d3f0
175e
a008
c867
315d
b11d
7d75
4480
57e8
0ad9
f309
498c
1b9d
897f
2ec9
89d2
4c23
51ec
0eba
c0f2
5d0a
6f56
852e
2886
521e
e328
3322
f708
74ee
883e
4c38
9eaf
fc98
b1a4
1103
2f4b
06df
b0d4
47ea
72b6
c668
426f
f958
9237
798a
5c5c
f7f9
7d5e
541e
afe5
a60d
f2ce
6904
804a
e543
2f3c
f65a
6765
d720
334b
878f
4ff9
ca75
01a4
4f00
26e5
eb49
593a
c1ba
7156
a954
e913
3c6b
df00
b589
5b0e
5ece
6bf1
6060
c0ca
4428
8336
1d26
1a53
ed72
2b44
4f49
265e
89e1
2755
3d97
96fc
64b9
96f1
b79e
b20e
4946
fdff
f589
fa1b
312a
273a
cc02
f5e4
332d
b909
960b
4c4a
a7ba
11d8
7442
b45a
0b5e
bdf1
7751
02e8
4f67
b528
a627
ec74
5c72
93d2
00b3
58b5
6c75
a3a5
65e8
4b5a
9ac3
7323
547e
f79b
f2b5
401c
34f8
ebcd
141f
a87b
4060
b33d
8b2f
439c
316f
3b19
8d2d
ae94
fdc5
8cde
69b5
1d6b
cbc3
89bd
037f
d435
9b35
0ddc
231e
b0b0
783d
c815
651d
4e8c
f50d
192e
cf94
aa9e
dd6d
7811
a51f
f3b8
9a79
798f
5608
f3ba
f738
fbe9
43e9
5bb8
3651
c6fa
ac59
0f0b
5317
affc
ea13
5d28
1b62
03bf
4418
1ef5
2161
a5cf
c10f
4189
271f
c709
4b6c
8b29
0c9e
8d6c
d278
22bd
35fb
ea1b
32fe
92eb
5a86
3e2f
d4f6
8e42
15ea
ee8a
972c
b92f
2607
0b3d
22fe
d44c
ecd0
6e26
b535
288e
2e60
4d30
888d
ee68
86fe
8126
76ac
bb03
2761
b229
b6d9
695b
c612
b304
8080
f479
6379
15b8
4134
de1c
6385
74fd
fb68
cfe0
2186
a946
81a6
9809
3a9f
332c
9740
4c48
84bf
97da
aadc
32ae
b4e2
b886
ecaf
95bd
ae98
7389
731d
d35c
30bc
013d
3236
89bd
45bc
e1e7
43c8
8a8b
c0d9
f7cf
9621
232e
992a
13c1
b57c
95f8
ec01
e164
5586
44db
0367
9418
3f0b
c1a8
6642
de9c
2af1
2ac3
0703
06cc
3dc5
0f8c
f3c3
559d
1cc5
67e0
a700
65ca
e336
a8e7
cdf8
6df7
3bc0
7ad4
553a
7ca0
6a7d
4d51
7ac7
48ed
51d6
ac4c
5f92
9f8a
2e97
818c
d4e4
101f
296b
4cb1
36f6
5c62
5f11
b349
15f1
b219
f0ac
a296
619b
c2ed
233d
d220
d1c1
7f57
7b75
f69c
4e1e
f6ce
39b1
d4af
42fc
ad42
fcfb
87cb
1b67
653b
82d0
b616
0157
3b56
12e3
9ec1
545d
297e
cfe0
b294
3961
31c7
5740
78ad
ce04
da44
291b
c8c4
0dc9
8002
c074
0071
b001
df49
4419
fe24
8176
5547
8da0
7654
3ddd
7a23
ca21
0483
f8d1
fb60
2f12
7570
6f17
f76f
f5f1
c9a6
1a88
b22c
8993
7e4b
5035
767e
e47a
207b
e652
9637
f890
957d
34d0
8a66
0f7a
aba0
acd0
d958
dab3
4265
019d
8689
c688
dbcc
f36c
d30c
4872
f167
173e
f0da
cd83
7cb4
401a
c5b2
00a6
70d0
d880
73b8
28c4
e5b2
692d
c2ae
d522
3410
93ca
6569
dfa0
2f11
ea89
b55a
9270
7932
0905
b6e7
ed46
f371
571c
a500
c757
c0ad
7d1b
7339
fc6e
6362
e68c
0b8b
33ae
a694
3adc
22e8
2fe1
8398
d8d1
796b
c23d
a6f2
37a8
b06f
51a2
63b6
4186
5b9b
9dbe
7cd8
feb9
889f
80fb
dd20
4ea8
1b13
ccb4
ef84
f219
46f0
206f
520f
bba8
9684
8f80
fa25
b601
2e01
75f2
e46c
d881
8851
6798
0801
e091
76b8
5bfe
6771
ec53
8d93
c6c8
b8b7
c87f
9cb4
9ec6
6d61
74a1
a937
9d01
8b13
e91e
7226
513d
afcb
c278
2c66
3625
4523
7950
d7bf
1c43
cad8
5dd9
5db4
0fb3
0039
6e31
cae7
3776
4a66
3aa4
e391
b3c9
6d37
9004
98cc
0088
1d12
9a99
6b05
90d5
8821
cc25
36b0
c6e2
a468
e5fa
f94c
7337
1089
b858
0110
0f4c
9db2
e72f
7460
6ac4
6b34
6110
93a7
9a58
447a
e372
1a4b
ed58
56c9
a053
4edd
e6aa
8a60
ad35
3b72
25ef
3cf7
5f96
f600
69c2
9636
50ad
411f
7594
2b51
6396
7264
78e3
872f
15f8
7d12
362e
b3fd
d854
0444
2341
7205
a725
e572
de93
3b06
d4a5
a35c
7cf0
d219
55bd
3f34
8f1f
ed63
7a94
4411
f753
7bae
9a92
dd32
e30a
a4d4
d617
13ba
5d11
85bc
cc02
d19b
2629
a6d1
5d8d
0924
f1b4
bcc7
e2ea
02f7
2276
4fc8
b27a
372e
cb93
95e9
7307
2cb3
2d3a
ea65
2d54
5944
c946
e739
8a9c
b708
9e48
f5a9
3cd1
6c6f
0ee8
b0af
e51c
0f99
ab81
d2d4
c975
d91b
38e5
15cc
0d79
cd85
49f8
03d2
c55f
ba9a
f46d
3cc8
def4
3fcf
ea9b
cf77
008b
cd88
ea5f
2939
dc19
88e9
2a7c
a0b6
c4b6
635d
31a5
4993
a523
88db
0db5
8e3a
3fbc
628f
94b5
95cb
da73
8ee8
c750
cb71
97ea
face
99b9
7277
f19e
6557
b9b9
da61
c194
2480
45ec
1221
820a
011b
6038
d987
729c
ef56
5136
3fd7
1e28
5d14
9072
dce0
a62c
2499
61da
1525
9783
fa84
3223
4e58
d116
0134
fa0c
8073
15b9
8206
86fd
c551
bf73
c3a1
271e
f22c
592a
8ae5
cb4f
3488
c433
6831
a3d2
ea96
40bf
7f4f
8d6c
4191
bdbe
60a3
5a8a
54c7
ca85
8c8f
efd1
0f8a
01fa
a3ee
3b04
d325
20b9
0215
e5c7
f3d8
68bf
11e9
10fd
a004
1568
cfdf
9f82
0ca3
8a91
6f20
ab2f
4286
0926
6c5b
cc46
06e7
ccc1
a855
2b3e
8640
d7cc
fdd8
4c67
8e1e
dcb0
ed22
e344
2e8d
056a
7bae
0d6a
1794
888b
364f
1f73
1101
c7c1
cabb
ec68
4c56
352d
e368
46af
753d
38a0
5caa
f356
3554
e5cd
a39b
b636
1ba7
ee6d
b4b3
cf02
7aeb
ac8c
9ed3
dedb
aeb4
ed03
485d
1dcd
7aa5
933e
f46d
5836
ed22
27ac
cc35
df50
53a6
28f1
5772
bee3
f844
0e34
efa6
e748
a5e2
c964
80d5
bd6d
55e3
3272
f288
fc46
33be
37ce
760c
6c43
0c23
a209
8cc8
ddda
bc62
9579
7cbe
4bef
aee7
bac5
0c1a
7431
5445
e7d8
82b9
d99a
5f07
6baf
8d77
6dae
d703
b11d
9b51
69a4
6bdf
7721
da24
d923
8fed
d575
69fc
e159
b76a
bc50
61ee
8fe3
9e1f
2c57
b5ce
c189
596f
593a
2891
a57c
1a24
97d2
21a2
ec7a
d035
c9c5
b913
0b1f
05c0
ba12
5186
30c3
bfd0
576e
a39e
627f
e284
1f68
36a0
af73
51bd
1cbc
7e87
7048
ffee
9ea4
68e5
78bb
ef7a
a731
4040
c0f4
67dc
21b4
9208
9fef
9403
761c
fa23
198c
95ed
29bf
e9ad
4dd2
fc3f
f053
1035
c7d3
6936
3d76
56ac
439b
0192
22d6
49f1
3b3b
ae74
5acf
c1a9
b3a6
3619
dcd4
4a85
6f2f
b217
db64
3800
2f0f
0dad
2428
0dd3
da97
d2bd
28f7
147d
0dc8
eebc
aa09
a688
49f8
1812
b460
ebe2
db82
a4b2
886f
fa96
0d74
e01c
209f
2716
e8b9
9109
e014
04c4
c159
d401
d354
7fc2
98a7
f2c2
2460
7ed8
4ab6
7890
5a6e
3a0f
ec2d
b855
5f1c
7962
ba67
b48b
7814
33cd
0a86
1905
03b8
d874
3b8d
8983
d983
af09
d333
0ecf
fc7c
1700
6894
5853
ca55
bd7f
9646
63f6
26e1
a9c8
bb0c
a726
9e5d
16dd
329d
8e2b
1cc7
e6b0
9027
c357
332e
e9ee
cd30
a812
bec7
fbcc
e5de
27cc
955a
75d6
baaa
e10d
08f5
9dac
01ae
05a1
7f91
fa3a
c6e3
633e
9795
550b
11cd
affc
ad41
d46e
57a5
8f72
54e3
5997
79b2
fa95
4a5f
0d9a
7b0c
364a
7570
39e3
cae6
3e43
bb26
911d
0893
2c2f
bd2e
bfb6
8e94
c68f
f22a
191c
cfc9
101d
fd81
644c
1bbb
c353
3d86
9d35
5065
d614
9791
d416
384e
5a7f
c8b2
ae8c
12d6
142d
8190
928b
86b0
e3cf
60d9
8ff6
cce9
f7fe
e745
cf63
02b9
e354
3cab
53ce
c232
bb08
6fc9
c814
50eb
1276
046f
b56d
53a5
330b
f346
86e5
0e1b
cbc9
68f3
d533
fdae
0da3
8c10
2834
66e8
5359
9c02
bf9d
db4f
4f79
0284
8734
913c
0aff
b73b
67e1
65c0
ea3c
1b6f
979d
ebff
b844
810d
7733
e72f
92dd
be3f
654a
a7fc
e32e
f425
4f85
a1e8
53f3
d36f
ab16
d161
e89c
3a1d
6c74
2343
1ce1
3202
dfe5
3821
97c1
b4e5
68bf
fd3e
3beb
2be6
6c28
a305
f379
4a24
3cf1
69d4
bedb
2294
afb9
acec
2890
7e0c
c74f
197f
eb2c
96cf
18a1
2be8
c1ae
983c
f227
ebd6
38c8
0a7b
f51d
d351
eb13
7059
b93d
0040
0010
0040
ff00
0008
0064
0060
8000
ff01
7fff
0028
0002
0004
0100
0040
00ff
ff00
7fff
ff01
0001
0064
ffff
8000
0100
ff00
0040
7fff
0008
ffff
ffff
0064
ff00
00ff
0100
0001
0030
0010
ff01
0101
0001
012c
8000
0101
fffe
0030
0008
ff00
0002
0100
012c
0038
0040
0028
ffff
0101
0010
fffe
0101
0002
0004
0030
0030
ff01
ff01
00ff
0060
0101
012c
ff00
ff01
0030
0101
0060
0038
ffff
0002
fffe
0008
0004
00ff
8000
0030
0060
0038
0010
0004
0010
0030
0064
0008
0030
0001
012c
0038
0010
fffe
0002
012c
0010
8000
0060
0040
ffff
0064
ffff
0100
00ff
0004
ffff
0038
0101
7fff
ff00
0060
0038
0004
00ff
0010
0100
0040
ffff
0010
012c
0002
fffe
0100
0064
0001
0030
0060
00ff
012c
ff00
0002
ff00
0060
0030
0010
00ff
0001
ffff
0064
0038
0064
fffe
0030
fffe
0028
0101
0100
ffff
ff01
0028
00ff
0028
012c
0038
0008
0101
0100
0038
0008
0010
0008
0008
0002
0100
ffff
0064
0030
0008
0100
7fff
fffe
ff00
0004
0064
0002
0004
ff00
0060
0028
0004
0028
fffe
0100
7fff
0030
0040
ff01
0004
0002
0008
0060
0064
00ff
7fff
ffff
0101
0028
0100
0100
0100
0100
ff00
012c
0008
0030
ff01
0008
ffff
ff01
7fff
7fff
0038
7fff
0002
00ff
8000
ffff
7fff
0010
0001
0064
0028
0028
0002
0002
0064
0002
ff00
fffe
0060
fffe
fffe
ffff
0040
0001
0004
0028
012c
ffff
0002
0101
0060
ff01
fffe
0101
0100
fffe
ff00
0040
0010
ff01
0101
0040
0002
0004
0060
0002
0101
0101
0040
0030
00ff
0028
fffe
0010
0101
ffff
fffe
0030
0060
0010
0008
0040
0064
fffe
00ff
0001
8000
0040
0100
0060
7fff
0038
0038
0100
8000
0004
7fff
0004
0060
0101
0060
012c
0001
0010
ff01
0040
0010
0001
0038
0008
ffff
ffff
0101
0040
0064
0040
012c
ffff
0038
0008
0101
8000
0040
ff01
0001
00ff
0038
0064
ff01
0038
ff01
0004
0101
0001
0060
ffff
00ff
00ff
7fff
8000
0040
0100
00ff
7fff
0002
0100
fffe
0064
7fff
0030
0101
0100
8000
ff00
0064
ff00
0028
0001
0004
7fff
00ff
0100
0008
00ff
0001
0064
0001
012c
0100
00ff
0028
8000
8000
8000
0038
0100
00ff
0038
7fff
0100
0101
00ff
fffe
0010
0010
0060
0002
012c
0030
0064
0028
fffe
ff00
0038
0028
ff00
0038
ff01
00ff
ff00
0004
00ff
0002
0100
ff01
0101
0001
ff00
0004
0028
0100
0028
0010
8000
0064
0028
0038
0040
012c
8000
0028
7fff
0064
0064
0004
0008
0064
0004
0040
0008
0101
ff01
0004
0004
0004
0064
0004
0008
00ff
ff01
0002
00ff
012c
0038
0038
0038
0038
7fff
0002
ff01
0060
0060
7fff
0060
fffe
ffff
ffff
0001
0028
fffe
00ff
0100
ff00
0030
0001
00ff
0004
0010
0060
012c
0028
0101
0002
00ff
0001
7fff
8000
7fff
fffe
0038
0004
ff00
0064
0064
0038
0100
0101
0040
0002
00ff
0064
7fff
ff01
00ff
0002
0030
0004
ff00
0002
0002
7fff
ff01
0008
0001
012c
0100
0030
0038
0064
0030
0008
8000
0002
0064
0002
0030
0004
0101
0028
0030
7fff
0004
fffe
0038
0010
8000
0040
8000
0004
0001
ffff
0001
0040
0008
00ff
012c
0060
fffe
0004
0028
8000
0064
8000
8000
ff01
ff01
00ff
0008
0002
0028
ff01
0038
0038
0030
0038
0060
fffe
0001
0101
8000
0101
0101
fffe
0064
0040
fffe
ff01
00ff
0004
0001
0040
012c
ffff
0001
0101
0040
0100
0100
0004
00ff
0008
0001
0001
0060
0040
0038
0002
00ff
8000
0008
0008
ffff
00ff
0060
0002
0008
0002
012c
ff00
0060
0064
0002
0008
ff00
0040
0040
0030
0030
0030
0064
ffff
fffe
8000
0101
00ff
0060
0040
7fff
0002
ff00
8000
0010
0002
fffe
0064
ff01
ff00
0010
012c
ffff
0028
0101
ff00
ff01
0030
0008
ff01
0100
fffe
0001
0028
fffe
ffff
0100
0030
0040
0004
7fff
ff01
0064
ff00
0100
0100
0101
0010
0008
0030
0064
ffff
fffe
012c
0038
0008
ff00
ff00
0064
0040
0101
8000
0064
0002
ff01
0100
00ff
0028
8000
0028
ff01
0040
ff01
0008
0038
ff01
8000
0002
0008
0008
0001
0038
7fff
0008
00ff
0101
ff00
ffff
0010
0004
0060
00ff
8000
0060
0010
ffff
0028
0038
0030
fffe
0028
8000
0101
8000
7fff
0040
012c
0030
0001
0001
00ff
0101
7fff
ff01
0030
0100
0004
7fff
8000
ff01
0008
0002
0101
0030
fffe
0001
0008
0008
0040
0064
8000
ff01
fffe
fffe
0038
ff00
0060
8000
00ff
0010
0010
012c
0008
0001
0030
8000
8000
0001
0030
00ff
0060
0028
0040
0002
0028
0004
012c
ffff
0060
0030
0040
0038
0030
0001
7fff
012c
ff01
7fff
0030
ff01
0060
0004
0002
8000
012c
00ff
0030
0004
0060
0010
0064
0002
0004
0040
ffff
7fff
0100
0038
0004
00ff
ff00
00ff
8000
0008
ff00
0038
0064
ffff
0001
ffff
0064
0101
0040
0001
012c
0004
0002
0100
0064
0060
ff01
ffff
0002
0038
0060
0004
00ff
0101
ff01
ff00
0008
0040
0028
fffe
00ff
0060
0030
0010
0001
0060
fffe
0008
7fff
0064
0010
0038
012c
8000
012c
0010
0064
0038
00ff
0010
0004
0008
0100
ffff
0001
7fff
0100
ff00
0064
0002
0001
7fff
0028
0030
ffff
0008
0101
0038
ffff
0038
0101
0010
0040
0040
0001
7fff
0101
8000
fffe
ff01
0001
0064
ffff
ff01
0001
0010
0100
00ff
0064
0038
7fff
ff01
ffff
0028
fffe
ff01
0060
0028
0100
0040
0038
0040
0040
0101
012c
0001
012c
0100
0038
0100
012c
0040
7fff
012c
0040
0100
ff00
00ff
0008
0002
0064
012c
0030
0001
ff00
0038
00ff
fffe
fffe
0100
0008
0008
0004
00ff
0038
0010
0008
0002
0064
0100
0101
0004
8000
0030
0001
ff01
012c
0004
ffff
0040
ff01
0101
ff00
0040
0038
0100
fffe
0001
0101
0100
0008
012c
ffff
0064
ffff
0008
0004
0060
0004
8000
0001
ffff
fffe
0038
ffff
0101
ff01
0040
012c
0038
0060
0064
0001
0001
0002
fffe
0101
0004
0101
0100
7fff
00ff
0101
0030
0064
0100
0060
0038
0008
0101
0028
ff00
ffff
0010
0001
0038
00ff
0101
0064
00ff
8000
0064
0040
0060
0040
0038
0004
0004
0008
0040
0004
0030
ff00
fffe
012c
0038
fffe
0010
0100
0002
8000
0030
0008
ff00
0101
0064
0038
0101
0038
7fff
7fff
0060
0030
8000
0038
012c
fffe
ffff
fffe
0064
0008
0064
7fff
ff00
0030
0064
7fff
0030
0101
ff00
0101
0004
0001
0002
0101
fffe
fffe
0004
0030
0002
8000
0028
fffe
0001
0028
ffff
0060
0038
ff00
8000
0001
0010
0040
0008
0064
ff00
0002
00ff
0028
0060
8000
ffff
0004
0001
ff00
0028
0002
0002
0028
0060
012c
ffff
0101
0060
0010
8000
fffe
00ff
0100
ff01
7fff
0001
0030
0004
0030
ff00
0040
ff00
00ff
0060
0002
ffff
00ff
0060
012c
00ff
0038
0008
0008
0040
0028
0101
0030
0008
ffff
fffe
0004
8000
ffff
0028
0038
fffe
0010
7fff
0002
ff00
0004
0030
0101
ff00
0028
fffe
ff01
0038
0101
ffff
0101
0038
0004
8000
0004
012c
7fff
00ff
00ff
0038
0010
0028
00ff
0010
7fff
0008
0100
0028
7fff
ff00
ff01
0101
0010
0038
fffe
0008
00ff
ffff
7fff
0001
ffff
fffe
ff00
0002
00ff
0010
00ff
0028
0101
0002
012c
0060
0010
ffff
0001
0028
fffe
ffff
0064
0100
0060
0004
0001
fffe
0001
0004
0100
7fff
ff00
0002
0002
ff01
ff01
0008
ff00
0030
ff01
0008
7fff
012c
0004
0100
0002
0008
0038
0030
0028
0100
fffe
fffe
0064
0004
0001
7fff
8000
00ff
0040
fffe
7fff
0008
0030
ff00
0010
ff00
0001
0028
ff01
0060
0002
012c
8000
0064
0010
00ff
0030
0008
ffff
0100
0001
7fff
8000
fffe
0060
ff01
0100
0001
7fff
0001
0001
0038
fffe
00ff
0028
ff01
0028
ffff
fffe
ff01
0101
0038
0101
012c
ff01
0002
0008
ff00
0064
0064
0001
0100
ffff
0040
0060
0040
ff01
ff01
0004
ff01
0004
0060
0008
0008
0030
ff01
0064
0040
0064
fffe
7fff
0002
0064
0004
00ff
0038
0010
0101
0100
0028
0040
0101
8000
012c
0002
0064
ff00
8000
0040
0060
012c
0010
7fff
0008
0040
0008
ffff
0010
0010
7fff
0038
ff00
00ff
012c
0004
ff00
0064
8000
0038
0040
7fff
0060
012c
0101
ff01
0030
0040
7fff
0060
0028
0101
0028
ff01
012c
0038
0060
0001
0010
0030
0001
0004
012c
0028
0028
0038
ff00
0100
7fff
0002
ff01
0101
0001
0010
0100
ffff
0038
0038
ffff
0028
0001
0100
0060
0040
0010
ff01
0001
0010
ff00
012c
00ff
fffe
ff00
0038
7fff
0008
012c
8000
0010
0030
0028
0001
0010
0040
7fff
0040
00ff
0100
0028
00ff
0030
0038
0060
fffe
0101
ffff
0060
0004
0004
0004
8000
0010
8000
8000
0028
0040
0008
0030
0001
0008
8000
0038
0004
0010
0064
fffe
7fff
fffe
0040
0028
ff01
ff01
0064
012c
0030
0004
7fff
0002
fffe
7fff
012c
7fff
ffff
0100
0004
fffe
0001
0004
0010
0060
0060
ff01
0100
0008
0060
ff00
0038
0004
7fff
0064
0064
012c
0008
ff00
0040
00ff
0060
ff00
012c
ff01
0064
0064
0064
00ff
ffff
ff01
0064
0040
ffff
0008
0030
0002
0001
0040
0001
0060
0101
7fff
0002
0004
0001
00ff
0100
0100
0060
0101
fffe
0001
0038
ff00
ff00
012c
ff01
0101
7fff
0002
012c
0001
0010
0040
0002
0004
0064
0060
ff00
7fff
0060
8000
0002
ffff
0001
0038
0030
0064
0101
0004
0101
0038
0001
0100
ff01
8000
012c
8000
00ff
0101
00ff
0008
ffff
0028
0038
012c
0101
0030
0038
0002
0060
0002
0001
0030
0030
0038
0038
0030
7fff
0010
0002
0038
0010
fffe
0064
8000
8000
0001
0038
0100
0101
ffff
0040
8000
ff00
ff00
ffff
0064
ff01
ffff
0001
0030
0040
fffe
0030
ffff
0008
0004
7fff
0101
00ff
00ff
0001
0002
ffff
0040
0001
0002
ff00
0101
7fff
0040
0008
0040
012c
ff01
0010
8000
7fff
0060
0100
0101
fffe
0002
ff01
8000
0100
ffff
ffff
0101
00ff
0001
fffe
0004
0004
00ff
fffe
0010
0008
ffff
0040
fffe
ff01
0100
0101
0101
0101
0004
ffff
0030
0040
0028
0010
7fff
0038
0040
7fff
ff00
0002
0010
0101
0002
0002
0001
fffe
0064
0008
ff01
7fff
0004
0064
0008
0101
0030
ff00
0038
0040
0101
0101
0040
0101
ff00
ff00
7fff
0002
0064
0008
0038
012c
0030
0060
0064
0101
fffe
0010
8000
ff01
7fff
ffff
0002
0038
0101
fffe
0030
7fff
0100
fffe
0001
0038
0001
0001
012c
0002
0100
0010
0064
0002
012c
ff00
0038
0030
0064
0001
0100
0101
012c
ff00
012c
0030
0004
0101
0001
0028
ff01
0060
ff00
0001
fffe
fffe
0028
8000
8000
0008
fffe
012c
0004
0004
0040
0100
ff01
0001
0101
0064
0010
0060
7fff
0004
ff01
0100
fffe
0064
0004
0060
0002
0100
0028
0100
0100
0064
0100
fffe
0028
0001
8000
0010
0030
0004
0004
0101
0001
0002
0028
ff00
0002
fffe
0038
7fff
8000
0030
0100
0064
ff01
8000
0101
0060
0100
0100
0010
0030
ff00
0101
ffff
ffff
00ff
0060
0100
0002
0028
7fff
ffff
ffff
0101
0040
0101
fffe
0001
00ff
0100
0100
0008
fffe
0030
fffe
0100
0028
00ff
0038
0028
ffff
0030
00ff
ffff
0100
7fff
0028
ff00
0008
8000
0008
0010
fffe
0030
0008
0030
0064
0001
fffe
ff01
0008
0038
ffff
0040
0010
0010
8000
fffe
0038
0010
0010
fffe
ff00
8000
ff01
0001
0028
ff01
ff01
7fff
0064
fffe
fffe
0101
0002
ff01
0002
fffe
ff01
0060
ffff
0010
8000
0060
0038
0101
7fff
0030
0060
ffff
0030
fffe
0060
012c
7fff
00ff
0001
0064
0010
0001
0101
0004
0002
0038
0010
0064
0038
ffff
0038
0008
0002
ffff
8000
0010
fffe
0060
0008
0064
7fff
0001
0064
0001
0040
0010
0038
8000
ffff
0002
00ff
ff00
8000
0001
0028
0100
0101
ff01
00ff
0028
0004
0028
0101
012c
0004
0060
0060
8000
0064
0040
0064
0028
ff00
ff01
0060
0030
ff00
0040
0064
0030
8000
ff01
ff00
0008
ff00
fffe
ffff
0101
0028
7fff
0001
0101
0004
0038
0038
0030
ff00
8000
0001
0008
0002
00ff
8000
012c
7fff
0038
0001
0101
7fff
00ff
0064
7fff
0038
012c
0008
ffff
0030
0010
8000
8000
0030
ff01
ff00
fffe
0010
fffe
0010
8000
ffff
0060
0100
ff00
0004
ffff
7fff
012c
fffe
0004
ffff
0038
0101
012c
0040
0030
0038
7fff
0038
0101
0002
ff00
0060
0100
0001
012c
0001
ff01
00ff
0040
8000
8000
7fff
0030
0064
00ff
0010
ff01
00ff
0100
fffe
0064
0028
0010
00ff
012c
0008
0060
0001
0060
8000
0064
0004
0001
00ff
0100
0038
0002
0008
00ff
0004
0040
ff01
ffff
0064
0038
0064
0100
0028
fffe
ff00
7fff
012c
0008
0001
0010
0040
7fff
7fff
0010
0040
012c
0038
7fff
00ff
012c
0030
0008
8000
0008
012c
00ff
fffe
0060
0010
0038
ff00
ff00
ff00
fffe
00ff
0001
fffe
012c
0008
00ff
0010
0004
00ff
0100
00ff
fffe
8000
7fff
012c
0101
0100
8000
0010
ffff
ff01
7fff
0038
0064
ff00
0028
0064
fffe
0010
0028
0040
0064
0040
0001
0040
012c
0002
0038
ff01
0064
0064
0038
ff01
7fff
012c
0008
0038
0008
0002
0004
00ff
0038
fffe
0008
7fff
012c
0002
0038
8000
0038
0038
0028
0040
0040
7fff
0038
0002
0060
0040
0010
fffe
ff01
0038
0060
7fff
0030
ff01
0028
0010
0038
0001
0030
0030
ffff
0028
ff00
ff00
8000
0010
0004
ff01
0064
0028
ff00
00ff
0064
fffe
0002
ffff
0064
012c
0101
7fff
0028
0030
0008
0010
0030
0002
0030
0008
0100
0101
0040
0002
0010
0101
012c
0064
0004
0001
0101
0101
ffff
8000
0060
ff01
ff00
0030
0008
ffff
ffff
8000
0028
0004
00ff
012c
0060
00ff
00ff
0040
7fff
ffff
0038
00ff
0040
0010
0060
0028
0028
0060
0004
ffff
fffe
fffe
ffff
0010
7fff
8000
ffff
012c
0010
0100
0004
0060
ffff
0038
00ff
0008
0004
ff01
8000
0030
0060
0100
ffff
0064
ffff
0001
0001
0028
012c
ff01
00ff
fffe
0008
0060
ff01
012c
0001
0040
8000
0001
0010
0004
0038
0028
ffff
0064
0001
0038
8000
0040
00ff
0064
0008
00ff
0040
ff00
00ff
7fff
0038
0008
0008
0001
00ff
00ff
0101
0100
0004
0030
7fff
0100
0040
8000
ff00
0040
0038
0028
0101
0001
fffe
0040
ff01
0064
0100
0040
ffff
0001
0004
012c
0010
0004
0010
0100
00ff
ff00
0100
012c
00ff
ff00
fffe
0008
0100
00ff
0040
00ff
0002
0004
0008
fffe
0028
0040
012c
0030
8000
0100
0101
7fff
fffe
0030
8000
ffff
ff00
8000
0060
0010
ff00
0101
0004
0100
012c
8000
012c
ffff
012c
fffe
0030
0010
ff01
0001
ff01
00ff
7fff
0101
0028
0040
0030
ffff
0030
0004
0004
7fff
0100
ff01
0030
fffe
0008
0004
fffe
8000
ff00
0101
012c
0002
012c
8000
8000
0040
fffe
7fff
0030
0038
0002
8000
0008
00ff
0004
ff01
0030
fffe
7fff
ff00
ffff
ff01
012c
8000
fffe
0101
0030
0004
0001
0004
012c
ffff
0028
8000
0004
0008
0101
0001
00ff
0008
ff01
0040
0002
fffe
0101
012c
fffe
0060
0028
ffff
00ff
ff00
0100
0038
0004
012c
0038
00ff
7fff
0064
0038
0060
ff01
0028
0101
fffe
0040
00ff
0028
0008
0038
0038
0001
0002
0028
0008
ff01
0030
7fff
fffe
00ff
0064
ff01
00ff
0101
7fff
0040
0028
0060
0004
ff01
ffff
0028
ffff
8000
0008
0028
0002
0002
0100
0101
0064
fffe
0040
0030
8000
0101
0040
8000
0060
00ff
0002
0010
0010
0002
0100
0028
0028
00ff
fffe
ff00
ff01
0100
0038
0100
0040
7fff
0028
0028
0028
ff00
0004
0001
7fff
ffff
0060
0040
0002
00ff
0004
0002
0028
8000
0010
fffe
0100
0028
0101
7fff
0008
0001
0004
7fff
012c
0101
0060
ffff
fffe
0101
ffff
0030
012c
0101
0100
0100
012c
0008
0060
ff00
ff01
0010
ff00
0028
0040
0028
0101
0028
7fff
0038
0010
0004
0028
fffe
0038
ffff
0028
0030
00ff
0002
0028
0101
0040
ff00
0004
0101
0064
7fff
012c
0001
ff00
fffe
0002
0001
8000
ffff
0010
0100
0030
00ff
0008
ffff
0064
012c
0060
0004
ff01
0038
fffe
0030
0028
0001
ff01
ff01
fffe
ff01
ffff
0008
0002
0010
00ff
0100
0002
ff01
0040
0038
0101
0038
0010
ffff
0064
00ff
ff00
7fff
0002
0030
0101
0060
0002
0004
0028
0040
0004
0060
0064
0064
ff01
0038
0001
0100
fffe
0060
0001
0101
0028
0040
ffff
0010
0038
0038
0060
ff01
00ff
0008
0001
0028
0064
0060
0004
0028
8000
0040
ffff
7fff
fffe
0028
ff01
0008
0060
012c
8000
0030
0002
ffff
0008
0010
00ff
7fff
0002
0038
0004
0010
ff01
012c
7fff
7fff
ff01
0002
ff01
012c
0064
0010
0030
0100
0001
0028
0060
012c
ff00
0001
0038
0040
0001
0030
0008
0030
7fff
8000
7fff
7fff
00ff
ffff
ffff
0030
8000
0008
0004
0030
ffff
0040
ffff
012c
ffff
ff00
0010
0040
0040
00ff
7fff
0001
0002
0040
012c
8000
0038
0064
0008
00ff
8000
0064
7fff
0101
0010
ff00
0008
0002
7fff
ffff
0064
0064
0028
fffe
0038
0001
00ff
0028
00ff
8000
0100
0040
0064
0028
fffe
0100
0040
0004
0002
0028
ff01
0038
7fff
012c
ff01
0060
0040
7fff
fffe
0030
ffff
0060
8000
fffe
0002
fffe
00ff
8000
0040
0030
012c
0060
ff01
ff00
0030
0002
0001
012c
0060
ff00
0028
0028
0064
0002
012c
0100
7fff
0030
8000
0040
0030
ff01
0004
0040
0010
0060
0064
0030
0040
0010
0001
0064
0100
0030
8000
0064
fffe
ff01
fffe
00ff
0038
ffff
0028
0060
ff01
0001
0064
0028
8000
0004
0101
0001
0064
0002
ff01
0002
ff01
0100
0002
ffff
0008
ff01
00ff
7fff
0028
0008
0004
ffff
012c
0004
0004
0010
0008
ff01
0040
012c
0030
ff01
0100
8000
012c
0002
0060
ff01
0028
0028
ffff
ff00
ff00
7fff
ff00
0004
7fff
0101
0038
0038
0010
0060
0008
0038
0100
ff01
0001
0002
8000
0038
0001
012c
0028
ffff
0060
012c
0064
0001
ff00
ff00
0008
0010
0008
ff01
0030
012c
0028
0100
0064
0030
0040
0040
0028
ff00
ffff
0004
0002
0101
0008
0064
0040
0100
ff00
ff01
7fff
0008
0001
012c
0030
0030
0060
ff00
0028
0030
ff00
0010
0038
7fff
0101
0008
0101
0028
0101
0010
0064
012c
0101
8000
00ff
00ff
0008
0010
ff01
0038
ff00
0030
0004
0064
ff01
0004
0038
00ff
ff01
0101
ffff
8000
0060
7fff
8000
ff00
0008
0040
ffff
fffe
0040
0060
ff00
0010
0040
0008
0038
00ff
8000
0060
0028
0030
0030
0040
0064
0010
0010
0038
0064
ff01
0010
00ff
fffe
0010
fffe
0038
0004
ffff
0002
0001
0004
ff01
0038
7fff
00ff
ffff
ff00
ff00
0100
0064
0001
8000
012c
0101
012c
0100
0008
0101
ff00
0038
ffff
ffff
ff00
0008
0040
7fff
0004
0064
0001
0010
0030
0038
0030
0064
0101
0101
ffff
012c
ff00
0101
0028
8000
0100
0100
ff01
0001
0100
7fff
00ff
7fff
0001
0101
0030
0004
00ff
0004
ff00
0101
0030
ff00
012c
8000
0101
0004
00ff
0101
8000
0004
8000
0001
0010
8000
0101
0100
0002
0030
0001
012c
0002
0038
0100
ffff
0002
0030
00ff
ff01
fffe
ff01
0001
ffff
ff00
0002
0008
0038
00ff
0028
00ff
0002
012c
0040
8000
fffe
0010
ffff
0001
0030
0002
0030
0010
0038
0028
0060
0030
ffff
fffe
0008
0030
ff01
0100
0100
0002
0008
0001
0040
0001
0010
fffe
0060
0038
0040
ff00
7fff
012c
0010
7fff
0010
ffff
0060
7fff
0001
0100
0040
7fff
0028
012c
012c
7fff
0040
0060
ffff
ff01
8000
ff00
00ff
ffff
0101
ff00
0004
0010
ffff
0038
0038
012c
8000
0060
0004
0040
0060
0002
fffe
0002
0028
ffff
00ff
fffe
0001
0040
0038
012c
0064
0001
0010
0038
8000
0004
0028
0038
0038
0101
0008
0060
0004
0064
fffe
0001
0030
0010
0030
0064
0101
0101
0040
0030
fffe
ffff
0060
0101
0101
8000
ff00
0040
0030
0010
0038
ffff
0001
0001
00ff
0028
ff01
0030
0038
0028
0038
0060
00ff
0004
7fff
00ff
0002
0004
0010
0008
0060
0038
0040
0101
0101
012c
00ff
0028
ff01
012c
012c
0064
0028
ff01
7fff
ffff
0060
0010
ff01
0060
012c
fffe
0060
0001
0002
0038
ff01
0038
8000
ffff
ff00
0002
0028
0002
0064
ff01
0040
0040
0028
0064
0060
0030
ff01
0001
0004
0038
0004
0030
0002
0040
7fff
0001
ff00
0030
0030
ffff
0008
0040
7fff
0064
0064
0001
00ff
0010
0060
0001
fffe
012c
0040
ff01
8000
0060
0004
0038
0101
00ff
ff01
ff01
012c
0028
0040
0001
0004
ffff
0001
0010
0060
0010
0060
7fff
0040
0004
0010
0064
0030
00ff
0100
ffff
ffff
0040
0064
8000
8000
0001
ffff
ff00
00ff
0008
ff01
0010
0100
0008
ff00
00ff
0001
8000
ffff
0038
ff01
0030
0004
7fff
00ff
ffff
0040
ff01
ff01
0100
0010
0100
0101
0064
0004
0100
8000
0002
ff01
0064
ff01
0004
0028
fffe
00ff
0028
00ff
ff00
ffff
0010
0040
0001
0030
00ff
0101
ff00
0002
0004
ff01
0064
0008
ff01
ff01
0030
0060
0001
0030
8000
0028
0028
ff00
0008
ffff
0001
0028
0100
0002
0010
0010
0010
0028
0004
0010
8000
0040
0030
0010
ffff
0008
0100
0002
ff00
0064
fffe
012c
0001
0064
0001
0010
ff01
0100
0064
fffe
012c
0008
0028
0060
0002
7fff
ffff
fffe
fffe
0064
7fff
0002
0001
0030
0001
0060
0002
0030
0100
0064
fffe
0100
0030
8000
0038
0008
7fff
ff00
0008
ffff
ff00
8000
0008
0001
0040
00ff
ff01
0001
0038
0030
0101
0002
0040
012c
8000
0001
0100
0010
0008
7fff
0028
0008
0101
0060
0060
0002
0030
7fff
7fff
fffe
0010
0060
0060
fffe
0064
0038
0028
0100
0060
0002
ff01
0064
012c
0030
0064
0038
0010
ff00
0100
0028
0040
8000
0060
8000
00ff
0060
0040
0028
0064
0028
0001
0004
fffe
0002
0010
8000
012c
0060
ff00
ff00
012c
0008
ff01
0004
0040
0064
ff00
0001
0100
0002
0002
0001
0001
0101
7fff
0064
0010
0008
0038
0064
ffff
0038
012c
ffff
0101
ff01
0028
0010
fffe
8000
0028
ff00
0064
012c
0064
0038
8000
0038
0101
0060
0008
0060
0030
ff01
0004
0064
0100
0028
00ff
ff01
0002
fffe
fffe
0100
ff00
0030
fffe
0004
0060
0030
0010
ff00
0004
0040
0030
0064
0004
0002
ff00
0028
8000
0040
ff01
ffff
fffe
0010
8000
ffff
0010
7fff
0030
0028
0008
0040
0004
0038
0028
012c
0028
0004
0038
ff01
8000
0060
ff01
0101
0038
0004
0001
0028
0008
012c
0001
0004
7fff
0028
7fff
0101
0008
0100
0001
0001
0001
0010
0010
0001
0064
0038
0064
0028
0038
7fff
0001
ff00
012c
0004
ffff
0038
ff00
0040
0010
ffff
0004
ff00
fffe
fffe
ff01
0001
00ff
0008
fffe
0101
012c
0038
ff00
0060
00ff
0010
0040
0008
8000
8000
fffe
ff00
fffe
0008
0030
0064
ff00
7fff
ff00
0100
ffff
0040
0002
ff00
ff01
0040
fffe
8000
0028
7fff
0004
0064
ff00
0038
0064
ffff
0038
0001
0010
ffff
0030
ff00
fffe
0028
ffff
0010
7fff
0100
7fff
00ff
7fff
0038
7fff
012c
ff00
ff01
fffe
0040
ffff
0030
0028
0040
0030
0028
0001
0028
0002
0008
0010
0101
0064
0101
ffff
ff01
0008
0060
0060
ff00
012c
0030
fffe
0004
0100
0038
0001
0008
00ff
0001
012c
0040
0028
8000
0008
0060
ff00
0060
7fff
0101
0060
0101
0100
0008
8000
0040
0002
0060
0030
0040
fffe
0100
ff01
ff00
0010
012c
0028
0040
0064
0004
fffe
012c
0060
0008
8000
fffe
0038
0002
0028
8000
0028
ff00
ffff
ff01
ff00
ffff
00ff
ff00
fffe
8000
0064
0038
0001
0004
0001
0040
0064
0064
0030
0001
0040
ff00
0002
012c
0060
0040
0004
0010
0100
ff00
8000
0008
0038
0030
7fff
0040
0028
012c
0040
012c
ff00
0001
ffff
ff01
0101
0002
0001
0064
7fff
0060
0004
ff01
0064
0038
00ff
0002
ff01
0010
ff00
fffe
0002
0060
ff01
fffe
0010
0010
0038
0004
012c
0064
012c
8000
0008
ff00
012c
0100
0060
0004
7fff
0101
0064
012c
ff00
012c
0064
0004
ff00
ffff
012c
0030
012c
ffff
ffff
ffff
0008
00ff
00ff
0100
00ff
0028
0101
0008
ffff
ff00
0060
012c
0064
ff01
0008
ff01
0101
ff00
0008
0064
fffe
0040
0040
0064
00ff
0060
ff01
0008
0060
ff00
0040
0060
00ff
0040
8000
0002
0002
8000
8000
0010
0101
0030
0001
0008
0030
0101
0038
0001
ff01
0040
0004
0064
0060
ffff
012c
ff00
0002
ff00
ffff
0001
0064
0030
7fff
ff00
012c
0060
00ff
ff01
ff00
012c
0002
00ff
fffe
8000
0101
ffff
ffff
ffff
0101
00ff
0002
0064
0040
fffe
fffe
0002
012c
fffe
0060
00ff
8000
012c
0010
0060
0008
ffff
fffe
0100
0008
0001
0004
7fff
0028
ff01
0100
ffff
0030
0002
ff00
00ff
012c
0060
0028
012c
ff01
0100
0010
ffff
0040
0038
0001
8000
0040
0008
7fff
ff01
0002
0064
00ff
ff01
7fff
0004
0101
0064
0100
ff01
0038
ff01
ff01
ff01
0064
012c
0064
8000
0028
0001
00ff
ffff
ff00
0040
7fff
0101
0060
ff01
0040
ff01
0101
0100
0040
ffff
0004
0001
0100
8000
012c
0030
ffff
0040
00ff
ff01
0004
8000
0040
0028
0100
0028
ff00
ffff
0002
7fff
fffe
0008
0100
0002
0064
0010
0100
0064
0040
0100
0100
0008
ffff
0060
0004
0030
0002
ff00
0008
ff00
0002
0004
7fff
0100
ff01
0060
0100
0064
0101
0030
0001
0030
012c
7fff
7fff
0030
0002
00ff
0008
0030
0010
0060
0001
0100
0008
ff00
7fff
ffff
7fff
0101
0040
012c
0002
0040
7fff
0002
ff00
ff00
0030
0001
0004
0028
0101
0030
0060
0064
0028
0010
0100
0100
00ff
0030
0030
7fff
0038
0038
0060
0100
0101
0002
012c
0101
0008
0038
ff00
0060
012c
0004
7fff
ff00
0060
0100
0001
0030
0038
0010
8000
0010
0030
0008
7fff
0060
0038
0101
012c
8000
012c
8000
0101
0101
8000
0008
0038
0001
0100
ff01
0028
0004
0064
0038
0004
ff00
0002
0002
0030
7fff
0004
012c
8000
00ff
0038
7fff
0038
8000
fffe
0002
0030
0038
012c
fffe
ff00
0064
0002
0010
8000
00ff
0064
0060
ff00
ff01
0030
0028
ff01
0060
0100
0101
ffff
0064
0100
ffff
0038
00ff
ff00
0030
0064
fffe
0101
0040
ff01
0004
ff00
012c
0008
00ff
00ff
0100
0001
0040
0028
012c
0008
0030
0101
0060
0002
0008
012c
7fff
ff00
0101
0008
0010
0040
012c
8000
0040
0101
0040
0002
ffff
0030
8000
8000
8000
0101
ff00
7fff
0010
fffe
0038
ffff
ff00
0038
0004
0002
0010
0002
0010
ff00
00ff
0064
0001
0100
ffff
0004
0040
0010
0040
0100
0030
0101
0028
00ff
0100
0101
0001
fffe
0008
0010
7fff
ffff
0040
ffff
0100
0010
ffff
ff00
0030
0004
0001
0030
ffff
ff01
0040
0064
0060
0030
fffe
0101
0030
012c
ff00
0004
8000
0060
0002
00ff
0060
fffe
00ff
0010
00ff
0004
0010
0100
ff01
7fff
0004
012c
0038
0100
0008
7fff
8000
0008
0100
0100
7fff
012c
7fff
ff00
0028
0001
fffe
8000
0028
0100
7fff
0010
0101
fffe
8000
0040
7fff
0030
8000
0010
0008
0040
0028
0100
0008
7fff
ff01
0008
0001
ffff
00ff
fffe
00ff
0004
8000
fffe
ff00
0101
0004
0028
0008
0030
0030
0008
0040
0004
0001
0002
ff00
0060
0038
ff00
0002
00ff
0004
0030
7fff
0100
0004
7fff
012c
ff00
ff01
0008
0004
ff01
0101
0001
ffff
0002
0010
0002
8000
0060
00ff
0028
012c
ffff
8000
ffff
8000
0004
ff00
ff01
ff01
0002
012c
8000
0038
0002
00ff
ff01
0028
0010
0010
7fff
0002
0002
0030
0060
0028
7fff
8000
0028
012c
ff00
0038
0028
ff00
8000
0001
fffe
8000
00ff
0008
ffff
0028
012c
0002
00ff
00ff
0010
0004
ffff
8000
0064
0100
0002
ffff
0028
0100
0100
ff00
0038
7fff
00ff
0008
0002
0002
0100
0040
0010
00ff
0064
ff00
8000
0001
00ff
00ff
fffe
ff00
0101
0001
0064
0010
ff01
0010
0060
0038
7fff
0001
00ff
012c
0030
012c
0060
0002
ff00
0060
ffff
0001
0040
0064
7fff
0028
7fff
0060
0030
fffe
ff00
0101
00ff
0010
7fff
0001
0060
0060
00ff
ffff
7fff
0101
0008
0010
0040
ffff
0101
ff01
0038
ff01
0038
0060
0100
0100
0001
0101
8000
ff01
0030
8000
0064
ffff
0010
0004
0010
0010
0010
ff00
8000
7fff
8000
0010
0101
ff01
7fff
0004
0030
0100
0002
0010
012c
ff00
7fff
8000
0040
ff01
0010
0001
0064
ffff
fffe
0038
012c
0064
012c
fffe
0004
0004
8000
0001
0038
0008
0101
0004
0060
ffff
0028
0008
0008
012c
ff01
ff01
0064
0002
0040
0060
8000
0030
7fff
012c
0038
0040
0001
0028
ff01
fffe
0008
0004
ff01
0040
ff00
0004
0060
0030
012c
0100
0064
0038
fffe
0002
7fff
0028
fffe
ff00
0008
0060
0060
ff01
0060
0038
00ff
0064
0004
0004
ff00
0038
0101
0101
0060
012c
00ff
0004
0040
0008
0064
00ff
0101
0030
0030
0004
0064
0060
00ff
0028
0028
0004
0030
8000
0064
0100
0010
0008
0101
0004
ff01
0038
ffff
0040
012c
0001
0038
0064
0038
8000
0060
0030
ff01
0064
012c
0004
ffff
0030
0100
0060
0002
8000
ff00
8000
0004
ffff
0004
ff00
ffff
0040
0100
0008
7fff
ff01
0008
ff01
fffe
0060
fffe
0008
0001
0028
012c
0064
0028
0060
0002
ff01
ff00
0060
0002
0040
0030
fffe
7fff
0038
012c
ffff
0001
ff01
ff01
ffff
ffff
0101
0010
0008
0100
0038
0001
0030
0040
7fff
ffff
7fff
ffff
0028
7fff
8000
7fff
0004
0028
8000
0101
ffff
0064
0002
0001
0101
0010
0030
0010
00ff
0010
0040
012c
0101
0101
0038
ff01
00ff
ffff
0028
0038
0060
012c
ff01
0040
ffff
012c
0040
ff01
ff01
0004
0040
0060
012c
0010
0004
ffff
0030
0040
00ff
0001
0002
0004
0064
0004
ffff
0101
0028
0040
0002
0028
0004
0010
ffff
0030
0004
0060
8000
012c
0030
0008
ff00
0100
7fff
0028
0001
0010
0010
0040
0064
0008
ff00
0100
ff00
0040
0008
ff01
0040
0038
012c
0040
0030
012c
00ff
0002
ff00
0008
ff01
0060
ff00
0030
fffe
ff01
0101
00ff
0030
0004
0010
0101
0028
0008
8000
ff00
ff01
012c
0030
0002
0028
0001
0038
0030
0038
0064
0100
0030
7fff
0064
0101
0004
0008
0101
7fff
0064
0101
fffe
0038
0008
0028
ff01
0101
0060
0060
0064
0028
0008
fffe
0101
0008
0001
0060
0001
0040
00ff
fffe
7fff
00ff
0004
0001
8000
8000
0004
0040
fffe
0010
0101
0028
0028
0060
0001
0002
0101
0004
0040
fffe
8000
fffe
0002
0004
0101
0038
8000
0002
0008
0001
0008
012c
0101
7fff
0060
0008
012c
0010
7fff
ff01
0028
0001
012c
0100
0101
0101
0100
0028
0030
fffe
0002
012c
0008
0064
8000
0060
0060
0001
ffff
0038
0030
0001
ff00
ff00
0002
0101
0002
0002
0038
0004
0040
ff00
0028
0010
00ff
00ff
0010
ff01
0101
7fff
0002
0004
0100
8000
0028
00ff
0040
ff00
ff00
0060
0100
00ff
0100
0064
0060
0001
ffff
0101
0004
0008
ff00
0001
0064
fffe
7fff
0040
0030
0060
0038
0028
0064
012c
0040
0010
0030
0002
0008
0064
fffe
0064
ff00
fffe
00ff
0028
0010
ff01
0010
0004
0028
ff00
0002
ffff
7fff
0038
8000
0004
0002
0064
0008
7fff
0038
0002
fffe
7fff
0001
0004
7fff
0002
0064
0004
0002
8000
012c
0064
ffff
0010
0030
8000
0064
0004
012c
0002
fffe
0028
0028
0064
0038
0028
7fff
0002
0030
012c
ffff
0038
0008
00ff
fffe
ffff
0028
8000
0010
012c
0064
fffe
0101
0101
0101
00ff
8000
0064
8000
0004
ff01
012c
0040
0040
0060
fffe
0064
0060
7fff
0002
0028
ff01
fffe
00ff
7fff
ff01
ffff
0030
0008
8000
00ff
012c
ff00
ff01
0004
fffe
0064
0060
0030
8000
7fff
012c
0101
ff01
0002
00ff
ff00
0008
0002
8000
0004
012c
0064
0008
00ff
0004
0002
ff00
ffff
ffff
0004
012c
0100
ff00
0010
ff00
0040
0001
fffe
0040
7fff
ff00
0038
0008
0008
00ff
0010
7fff
0038
7fff
0004
8000
fffe
0101
00ff
0101
7fff
fffe
0040
ff01
0060
00ff
ff00
0001
0038
0008
0028
0008
0004
0030
7fff
0028
ffff
0010
0038
0064
7fff
0002
0101
0040
0100
ff00
0010
8000
0064
0038
0038
0038
0100
0001
8000
0060
0008
ff01
012c
8000
0002
ff00
0101
ff01
0038
0038
0101
0060
7fff
00ff
fffe
ff00
0002
012c
ffff
0004
fffe
0008
0101
0030
0030
8000
0040
0060
0004
8000
0002
0004
0004
7fff
fffe
0060
0101
0060
0001
0010
0001
7fff
ff00
0101
00ff
0004
fffe
0001
ff01
ffff
ff01
0002
0008
fffe
ffff
00ff
0010
0028
0038
fffe
0040
0064
0064
0001
0060
0010
012c
0010
0028
ff01
8000
0008
0028
0101
0100
0101
0040
0004
7fff
0002
0040
ff00
ff01
0100
7fff
00ff
0028
0008
0001
ff01
0010
ff01
0040
8000
ffff
0008
0004
0004
0008
0038
0004
0028
0002
0060
8000
0064
0064
0060
0004
0060
0101
0010
fffe
0100
0038
0038
0100
0004
7fff
0008
0004
0010
0064
ffff
0040
0064
ff00
ff01
0010
0064
ff00
0002
fffe
fffe
0010
012c
7fff
0038
0060
ff01
0004
ff00
ff00
012c
0038
0060
0004
0064
0004
012c
8000
0100
012c
ffff
0028
0064
0100
8000
0001
00ff
0038
fffe
8000
fffe
ff01
0100
fffe
7fff
0001
0004
7fff
0004
0028
00ff
0060
ff00
fffe
0004
0002
0038
0001
0064
ffff
7fff
00ff
0004
0060
ff01
0004
0030
ff01
0008
0064
0100
ff01
0004
ff00
0064
0040
0101
ffff
0101
8000
0064
8000
0040
ff00
ff01
012c
ff00
00ff
012c
012c
fffe
0028
00ff
0040
0008
0001
0001
0008
7fff
00ff
0100
0100
0028
0008
0030
ff01
0008
0028
0064
0030
ff00
0101
ffff
8000
8000
0100
0028
0001
0101
00ff
0101
0001
0060
0101
0001
0038
ff00
0028
0030
0004
fffe
fffe
ffff
012c
ff01
0100
7fff
0001
0030
fffe
0002
8000
fffe
0038
0028
8000
0028
0008
fffe
8000
0008
0040
0101
ff00
0010
0040
0064
0001
0040
ff00
ff01
012c
0028
7fff
ff00
0028
0040
00ff
ff01
0010
0040
ffff
012c
0100
8000
0101
00ff
0040
0008
7fff
0001
0100
ffff
0038
ff00
0004
00ff
0101
0010
0002
0002
0028
012c
0101
0002
0008
0040
0064
ff01
0101
0008
00ff
ff00
0060
0002
0101
ff00
0101
0100
0101
0101
0060
012c
0101
0038
0010
7fff
8000
0002
00ff
0101
0101
0010
ffff
00ff
00ff
0001
0100
ff01
00ff
0010
7fff
0008
0008
012c
012c
0101
0004
0040
0060
0028
ffff
0040
0038
0008
ffff
0001
8000
00ff
ff00
ff00
0004
fffe
ffff
0100
0010
0002
0010
0101
0100
0010
0004
0004
ff00
0060
00ff
0038
0101
0040
7fff
0101
ffff
ff01
0002
012c
0004
0030
ff01
0101
0030
0100
0002
0101
0028
0001
ffff
ffff
0060
00ff
ffff
7fff
0101
ff00
0100
0002
0100
0064
00ff
8000
0002
0100
0101
0060
0101
0002
0030
012c
ff00
0100
0028
0060
0028
00ff
0038
0008
0028
00ff
7fff
8000
0064
0101
0008
ff00
00ff
0040
0064
0030
0060
7fff
0008
0060
0100
7fff
0038
0028
ff00
ff01
0060
0040
0064
0030
ff01
0001
0028
0040
0004
0064
7fff
fffe
0002
0010
0004
0060
0030
8000
0064
fffe
fffe
ff01
0040
0002
ff00
0001
0060
0064
012c
0002
0040
0010
012c
0101
ffff
0028
0002
0030
7fff
0030
012c
8000
0100
ff00
7fff
0040
0038
0008
0064
ffff
ff00
8000
0060
8000
0030
0030
0060
ff01
00ff
00ff
0064
0060
0001
0060
8000
ff01
7fff
8000
00ff
0001
0101
0028
0030
0101
0040
fffe
0101
0002
0100
0101
0010
ff01
8000
0010
0028
0030
ff01
0038
00ff
0028
0100
8000
ff01
0010
0100
0028
0001
0030
ff01
012c
ff01
0040
00ff
0101
0010
0028
ffff
0010
0060
0101
0030
fffe
0030
0008
0038
0010
0008
ffff
0038
0008
0101
0010
0030
0004
0060
0060
00ff
0004
012c
00ff
ff01
8000
0060
0004
0028
0030
0100
0004
00ff
0001
0008
0064
0038
ffff
ff00
7fff
012c
0002
012c
0060
7fff
0030
0060
ffff
0002
0040
0040
00ff
012c
0064
0030
ff01
0008
0064
ff00
0010
0100
0038
0001
0001
0004
00ff
ff01
ffff
0001
0002
0004
00ff
0038
ffff
fffe
0008
7fff
0030
0002
0038
0040
ffff
0028
7fff
0038
0028
0038
00ff
fffe
00ff
ff01
0001
0004
ff01
0064
0101
0001
fffe
ff00
ff01
fffe
0002
0040
0001
012c
0010
0038
012c
0030
00ff
00ff
0008
0001
0040
0002
ff00
ffff
0064
ff01
8000
0008
ff00
0008
00ff
ff00
0010
012c
0060
ff01
0038
0064
0100
ffff
0064
0064
012c
fffe
8000
fffe
0060
0001
0030
ff00
fffe
ffff
00ff
0038
012c
0101
0008
0004
8000
00ff
0100
0038
0040
0030
0064
0001
7fff
0001
00ff
fffe
0064
00ff
0100
0064
0060
ffff
0030
fffe
7fff
0060
0001
0060
ffff
ffff
0101
0030
ffff
0028
0010
0038
00ff
0100
0060
0004
0040
0004
00ff
ff00
0004
0001
0038
0101
0100
ffff
0040
fffe
7fff
0008
ffff
00ff
0001
0010
0064
00ff
0001
0008
0038
0028
012c
ffff
7fff
ff01
0010
0030
ff00
0002
0040
0028
0001
8000
0100
0101
0028
ff00
fffe
ff01
0001
0064
0030
0040
0060
012c
fffe
0002
ffff
0008
7fff
0008
0004
0002
00ff
00ff
ff01
0010
7fff
0030
ff01
0028
0028
0001
0101
0040
0010
0064
0004
ff00
0001
0060
0008
ff01
7fff
012c
0002
0030
0064
0002
ffff
0060
7fff
0028
7fff
012c
ffff
0028
ff01
00ff
0030
0030
0100
0064
fffe
0010
7fff
0002
0010
00ff
ff00
0060
ff00
0010
ffff
0028
0010
0002
0010
0004
0008
0064
0101
00ff
0030
0064
0100
0010
00ff
0028
0028
0030
0001
012c
0030
fffe
0040
0040
0040
0008
0038
00ff
0100
00ff
0002
fffe
012c
ffff
012c
0060
ff00
ff01
0038
0101
0008
0008
ff00
0008
0040
8000
0010
0010
8000
0010
ff00
ff01
0038
8000
0030
ff00
0002
0064
0101
0040
0028
0040
0002
0002
ff01
0060
00ff
0040
0010
8000
ff01
0060
0064
ff00
ff01
ff00
8000
0004
ffff
0038
0030
0028
fffe
0038
0002
012c
00ff
0002
0040
0004
0064
0010
ff01
ffff
0010
0030
8000
0038
8000
8000
0010
ff01
0001
ff01
ff00
0038
0002
fffe
0001
0060
012c
00ff
ff00
0028
7fff
0038
0028
0030
ff00
0101
0004
0040
0040
8000
0100
ffff
0004
0001
0001
0038
fffe
0040
0004
8000
0002
0038
0004
0002
0002
0001
ff01
0008
fffe
0001
0064
0064
ff00
ffff
7fff
0030
012c
0064
0101
0101
0101
0004
ff01
0028
012c
0060
0001
012c
ffff
0040
8000
0040
ff00
ffff
0101
0101
0101
7fff
0060
8000
0028
00ff
0038
7fff
0028
0030
0028
8000
00ff
0038
0010
7fff
00ff
0002
0101
0001
0001
0010
0060
0038
0008
fffe
8000
0001
ff01
0008
ff00
0040
ff00
0064
0030
0001
0004
8000
0004
0101
fffe
ffff
0038
0004
0010
ff00
0101
0101
7fff
0100
00ff
012c
ff00
0040
00ff
8000
7fff
ff00
0040
0100
7fff
0008
012c
0010
7fff
7fff
0004
ffff
ff01
0040
8000
8000
ff01
0010
fffe
0064
0101
7fff
00ff
0028
0064
0040
8000
0028
0100
0038
ff01
7fff
0060
8000
7fff
0002
ff00
0100
ff01
0002
0028
0100
0038
fffe
0004
0010
0100
0008
0060
0002
0028
0008
0028
00ff
8000
0060
0060
ffff
0028
0028
8000
ff01
0038
0060
0060
00ff
00ff
0002
8000
ffff
0001
0100
0060
0040
0030
8000
0001
0008
7fff
ff01
0060
0101
0004
ffff
0040
8000
0010
0038
0001
00ff
0010
0030
0004
ff01
0004
0002
0001
0008
0030
0002
0040
fffe
8000
fffe
0004
012c
0030
0002
0028
8000
00ff
0010
8000
0010
fffe
0101
fffe
0100
0100
0002
012c
0001
fffe
0030
7fff
0002
0038
0028
8000
8000
ffff
ffff
0100
0010
0038
7fff
0008
0100
ff00
0060
012c
fffe
0008
7fff
012c
0001
0100
0038
fffe
0010
0030
ff00
ffff
0002
ffff
0001
0030
0030
012c
012c
0064
8000
7fff
7fff
0100
7fff
0001
012c
0100
0010
0030
0030
ff00
012c
0040
fffe
0001
0002
0101
0060
0010
fffe
0028
0038
0038
7fff
0030
ffff
0002
0038
ffff
00ff
0028
0040
0004
ff00
ff01
ffff
0038
012c
0002
0030
0010
0030
012c
0060
0060
0064
0002
0002
00ff
ff01
ff00
0028
0010
0040
0002
7fff
012c
0101
0101
0064
0100
0101
0002
0038
ff00
0010
012c
0038
0010
0010
012c
0060
0002
0101
0040
0002
0060
8000
0002
0060
0060
8000
0001
fffe
8000
0004
0030
0028
0010
0038
0038
ffff
0100
0004
0064
0060
0028
0101
0101
012c
0040
00ff
0030
0002
0060
7fff
012c
012c
012c
012c
0064
ff01
7fff
0030
0008
0060
0060
ffff
ffff
0100
0100
0004
0101
0038
ff00
0100
00ff
fffe
00ff
0040
0100
00ff
0030
0100
7fff
0100
012c
0001
0010
8000
0064
8000
8000
fffe
0008
fffe
7fff
0001
00ff
0060
ff00
0001
0064
0028
ff01
7fff
ffff
0100
0101
0100
0001
ffff
0010
0101
0101
ff01
012c
0008
0100
ffff
0010
ff00
0008
7fff
ffff
0101
0028
ff01
ff00
0028
0030
0004
0101
0101
fffe
fffe
0101
ffff
00ff
0030
0100
0010
0001
ffff
0001
fffe
0028
0040
fffe
0002
0002
0064
0040
0060
012c
ff01
0004
7fff
0030
0064
0001
8000
0004
0001
0030
ffff
0002
0001
7fff
0060
0100
fffe
0010
0028
8000
0101
fffe
0100
ff00
0100
0002
0008
012c
0060
0038
012c
ff00
0100
0001
0064
7fff
0030
0008
0008
0028
ff01
0040
0002
0002
0040
0040
0101
0002
0040
0040
ff00
0010
7fff
0030
fffe
fffe
ff00
0028
0038
0030
0064
0002
ff00
0028
012c
00ff
0060
0064
0101
7fff
ffff
012c
0064
0028
0040
012c
0010
0010
0038
0002
0101
0064
0004
0100
0001
0008
ffff
0001
0064
0038
0004
7fff
ffff
ff00
0100
0028
ff01
0040
0100
0004
0002
0004
0028
00ff
7fff
0040
0010
0040
012c
0100
7fff
fffe
0010
0040
8000
0064
ffff
0060
ffff
012c
fffe
0040
7fff
00ff
0010
012c
0038
ffff
0038
0004
0008
0010
0030
ffff
0028
7fff
ffff
8000
0028
7fff
0038
0004
0040
8000
0001
0010
0004
0100
ff01
0040
012c
0010
0030
0028
0101
0028
0030
00ff
ff01
ff00
0004
0008
0060
8000
0008
0030
0010
0028
0008
0030
0064
8000
012c
8000
ff01
7fff
ff01
0040
0040
00ff
7fff
fffe
8000
0028
0060
00ff
0060
0004
00ff
00ff
7fff
00ff
0028
fffe
ffff
0064
ffff
ffff
0100
7fff
ffff
ffff
0040
0101
0101
fffe
0001
0028
ffff
0101
00ff
0028
0030
0008
fffe
0008
0100
0100
0038
0030
ffff
fffe
7fff
0040
0040
0038
0010
0010
0028
ff01
0028
0101
0001
0038
fffe
0100
ff00
0064
0028
0028
0038
012c
00ff
0004
0101
0060
7fff
00ff
0060
ffff
0100
ff00
0008
0004
0001
0004
8000
0010
fffe
ff01
7fff
0101
0028
0002
0064
0060
0060
ffff
0060
0060
0040
0060
0028
fffe
0010
0004
0001
0028
0100
ffff
012c
0010
ffff
0008
0002
0030
00ff
fffe
00ff
0040
0064
7fff
0064
0060
0030
0038
0002
ffff
0004
0101
0010
0001
0002
0010
0010
fffe
0030
0064
0002
0064
0002
0038
fffe
0001
fffe
ff01
0100
0002
0028
ff00
0101
0064
8000
ff01
0004
0038
0101
0030
fffe
0101
fffe
8000
0101
0030
0030
0030
0030
0010
0040
ffff
fffe
0028
0101
ffff
0038
ff00
7fff
7fff
0040
0038
0040
0100
ff00
0028
0008
0004
ff01
0030
0001
0060
0008
0004
7fff
0040
0038
0001
0101
ff00
fffe
0060
0004
0101
0010
0040
ffff
0004
012c
0040
0060
ff01
0002
0002
0008
0030
0001
0010
0002
0028
ff01
8000
ff01
ffff
8000
0064
0040
fffe
ff01
0008
0004
0028
00ff
012c
fffe
0030
0008
fffe
7fff
0100
ff00
0064
0002
0004
0060
012c
0100
0010
ff00
0100
0040
0100
0060
0100
0002
0004
0064
0100
0002
0028
0060
0010
0028
ff01
0030
0001
0100
8000
8000
ff00
0010
0100
00ff
0030
0001
fffe
0010
7fff
0030
ff01
012c
0040
0001
ffff
0040
0001
0008
ffff
0100
0101
ff00
ff00
0001
0040
ff01
00ff
0001
ffff
0101
0038
7fff
ff01
0002
0030
0101
012c
0008
0064
0064
0100
fffe
0008
ffff
0064
fffe
012c
0064
ff01
0064
0040
0004
0001
ff00
0064
ffff
00ff
fffe
0010
0008
0004
0040
fffe
0002
8000
0040
7fff
0004
0030
012c
ff00
0001
0008
0100
7fff
0064
0010
0101
0004
0004
0028
00ff
00ff
0004
0064
fffe
8000
0008
0028
0002
0002
012c
0030
0002
0101
fffe
0010
00ff
0040
ffff
0028
00ff
012c
0064
0001
0010
0040
ffff
0060
0101
ffff
0004
ff01
0064
fffe
7fff
0002
0008
8000
0030
ffff
ffff
0100
ff00
012c
8000
0010
0004
0001
0101
0001
012c
0038
ff01
0004
012c
ff00
ff01
0008
0001
0001
0008
0008
0010
ffff
0010
012c
ffff
ff01
ffff
ff01
0064
8000
ff00
0040
7fff
0100
8000
0002
0101
ffff
0010
0038
0100
0064
7fff
012c
0101
0040
0004
ff00
0030
fffe
fffe
7fff
0030
012c
fffe
0028
0028
0100
0101
fffe
0001
0028
8000
0100
ffff
0002
ffff
0060
0028
0001
0100
0101
7fff
ff00
0038
ffff
00ff
0008
7fff
0001
0030
0040
8000
00ff
fffe
00ff
0028
0101
0001
7fff
8000
8000
8000
ff01
ffff
012c
0008
0064
fffe
0038
fffe
0101
0100
7fff
8000
0008
00ff
fffe
ffff
0002
7fff
fffe
0038
ffff
0028
0010
0100
0060
0040
fffe
fffe
00ff
7fff
0040
0030
0030
0064
0010
ff00
0002
ff00
ffff
0001
0040
0064
8000
0101
0100
0038
8000
0064
fffe
0002
0002
0028
0100
0002
0002
7fff
7fff
ffff
00ff
fffe
0008
012c
ff01
0004
0064
0038
0060
0101
7fff
fffe
0004
0030
0101
8000
0060
012c
00ff
7fff
0038
0038
0028
0038
00ff
0040
0028
012c
0001
0060
7fff
0101
0101
00ff
8000
012c
0038
0040
0030
0060
00ff
0010
0030
0101
012c
0064
0030
8000
0101
ff01
0001
0028
0010
ff01
00ff
0064
0028
ff01
8000
0010
8000
7fff
012c
8000
0008
0100
0008
0028
ffff
7fff
00ff
0064
0001
00ff
8000
0101
0101
0100
8000
00ff
0038
00ff
00ff
0002
0028
0038
0004
0100
7fff
0100
0002
012c
ff01
0028
0064
0038
0101
0001
0004
fffe
ffff
0030
00ff
0064
8000
0004
0028
fffe
7fff
0030
0038
0101
0101
0038
0040
00ff
0060
0064
0101
0010
0100
7fff
0030
0028
7fff
0064
0060
0038
ff00
fffe
0038
0040
00ff
ff00
0004
0064
0040
0100
0101
0100
0001
7fff
7fff
fffe
0100
0008
0028
0060
8000
ff00
0101
8000
0060
0040
0030
00ff
0001
0008
0040
0100
0101
0040
0040
ff01
012c
ff00
0028
0010
ff01
0064
0038
fffe
0004
012c
ffff
0008
012c
0030
0064
0002
0010
012c
0008
0100
0004
0001
0001
0002
0101
0028
ff01
0038
0002
7fff
0001
0060
0001
0101
0001
00ff
012c
ffff
0060
0028
0001
0004
012c
0101
00ff
8000
0060
8000
0100
0030
8000
0002
0008
8000
0038
0028
0004
0004
0028
8000
0100
ff00
012c
012c
0030
0010
0038
0100
00ff
0064
fffe
00ff
fffe
7fff
0030
7fff
0040
0101
0002
00ff
0040
fffe
7fff
fffe
0002
ff00
0004
0038
0038
012c
ff00
0002
0030
ff01
0028
012c
8000
7fff
ffff
7fff
0004
0060
fffe
0030
ff00
0008
8000
8000
0064
0028
7fff
0002
0038
0064
0101
0008
00ff
0100
0030
012c
0002
0064
0010
0038
8000
0038
0008
0030
0001
0004
00ff
ff01
7fff
0040
0004
0064
0064
0002
0064
00ff
7fff
0002
0028
ff01
fffe
0060
7fff
00ff
0008
ff00
ff00
0038
ffff
ff01
0101
0064
0004
ff01
fffe
0028
0008
0040
012c
8000
0060
ff01
0004
0100
0101
0038
00ff
0064
ff01
7fff
ffff
0010
0101
8000
012c
0064
fffe
0001
0008
8000
8000
7fff
fffe
0004
0010
8000
00ff
0100
fffe
0002
0060
0038
ff01
0010
7fff
ff01
0100
0028
7fff
0060
0101
0038
0008
0064
0040
0060
0001
0004
0064
ff00
0008
00ff
fffe
0038
0030
0002
0101
0064
0060
0101
ffff
0028
0038
8000
0030
0040
0004
0100
0060
0064
0004
0002
00ff
ff00
0060
0100
ff00
0004
0008
00ff
8000
0040
ffff
00ff
0002
ff00
0008
ffff
012c
012c
ff01
0040
0101
0101
ffff
0060
7fff
0038
0040
0101
7fff
8000
0001
0038
ffff
0030
0008
0010
0001
0040
ff01
0004
0060
0004
ff00
0001
0030
0028
fffe
0002
0060
fffe
0001
ffff
0004
0040
ff00
7fff
0010
ff01
0101
0010
7fff
ffff
0001
0030
0101
012c
0008
ff01
7fff
0010
0100
ff01
ff01
fffe
0008
0001
ff01
0100
00ff
0038
8000
0040
ff00
0028
fffe
0004
0040
0001
7fff
0040
0038
0028
8000
012c
0060
012c
0010
ff00
0060
0002
8000
0064
012c
0030
7fff
ff00
0010
0010
0030
0060
00ff
0030
00ff
0064
0100
0060
0028
0028
0038
0038
0060
ff01
0008
fffe
00ff
0002
0030
0004
0008
0010
0064
0040
ffff
7fff
0038
ffff
ff01
0010
0008
0008
0060
0040
7fff
0008
fffe
0004
8000
0004
ffff
0038
0010
7fff
00ff
0004
0004
0100
0040
ffff
ff01
0004
0028
0060
0001
0101
ff01
8000
fffe
ffff
0064
0010
0101
0001
0060
0038
00ff
0040
0030
fffe
012c
8000
012c
0101
0064
0008
0064
7fff
0030
0008
fffe
0004
0101
0008
8000
0038
ffff
0004
8000
0040
ff01
0040
0004
ff00
7fff
0004
0060
012c
ffff
0001
0028
0038
7fff
ffff
0030
8000
00ff
012c
ff01
7fff
0038
ff01
012c
0100
0030
ff01
012c
0002
7fff
0064
0010
8000
8000
0028
0100
0100
0101
ffff
0060
012c
ff00
0030
7fff
00ff
0028
0001
0002
0101
0100
0004
0100
00ff
0004
ff01
0100
ff01
ffff
0100
fffe
0028
0038
0038
0002
0010
0010
012c
0064
ff01
ff00
0101
0101
0100
0064
0040
0008
fffe
fffe
0064
0100
0010
0100
0100
00ff
0004
0040
fffe
0100
00ff
ff01
0002
7fff
00ff
0101
0064
ff00
0028
0028
0100
0101
0002
0040
0101
0101
0028
0100
0038
0064
fffe
0008
0008
0028
0064
0004
0008
00ff
ff00
0010
ff01
7fff
0002
7fff
0010
ff01
0101
0008
0001
0008
0001
0030
00ff
012c
0004
0004
7fff
0101
0030
0008
0101
0030
0030
7fff
0028
0028
ff00
012c
ff00
00ff
0038
8000
0002
0040
7fff
0060
ff01
0040
0064
012c
ff00
7fff
0002
0028
0010
012c
00ff
0028
0002
0038
0060
7fff
0101
0038
fffe
00ff
012c
0002
0004
0028
fffe
012c
0038
0040
7fff
8000
00ff
0002
0008
0038
8000
0002
0001
ff01
012c
012c
ff00
0038
0004
0064
00ff
7fff
0060
0038
0002
012c
0100
0100
012c
00ff
ff00
0060
0001
ffff
ff00
0038
0100
0060
0002
0038
ff00
0040
00ff
8000
0038
0040
0001
0002
0010
0030
fffe
0040
0100
7fff
0008
0001
ff00
0004
0008
0008
0100
0004
0100
0010
0101
0010
8000
0064
0040
7fff
8000
8000
0002
0010
0060
ff00
0040
8000
0004
0008
0008
ff00
ff00
0028
0030
8000
0002
0004
ff00
0001
7fff
012c
0101
0038
ff00
ff00
0101
ff00
ffff
0040
7fff
0002
7fff
ff01
0100
0030
0040
7fff
ff00
0030
0028
7fff
0064
0038
00ff
0101
0064
fffe
0028
fffe
0001
0010
8000
0064
8000
012c
00ff
0010
0030
ffff
0010
012c
0101
7fff
0008
0002
0060
0001
0028
0002
0038
0010
0030
0002
8000
0002
0064
00ff
0002
0002
7fff
7fff
fffe
0101
ff00
0008
0008
ff01
8000
ff00
0028
0008
0064
0030
0100
ff00
0004
0101
0040
7fff
ff01
8000
ff01
0060
0008
ff01
7fff
0008
0004
ffff
0028
0028
00ff
8000
0030
0100
0030
0038
0038
0002
fffe
0100
0060
ffff
0060
0038
0008
0064
0028
0040
0004
0030
0040
00ff
ffff
0101
0004
8000
0038
0100
0101
fffe
0030
0100
0001
ffff
0064
0001
0001
ff00
8000
0030
0008
0040
012c
ff00
ff01
7fff
0064
0100
0040
0002
0002
012c
0001
0008
0038
0100
012c
ff00
0038
ffff
0028
012c
0030
ff01
0038
ff01
0008
0004
fffe
0008
0030
0002
ff00
0002
012c
0030
0060
0008
012c
8000
0038
0028
fffe
8000
0101
ffff
0002
0030
0040
0004
8000
012c
0060
ffff
ff00
0060
0040
ff00
00ff
0004
0028
0064
012c
0060
fffe
0064
0101
0030
0064
0028
0038
0064
0028
0030
0008
0008
ffff
0002
0002
012c
0028
0008
0040
0030
0038
0001
0008
0010
ff00
0002
0038
0064
ff01
0064
0101
0004
00ff
0002
0038
0100
ff00
0038
0010
ffff
0100
0002
0030
0010
0002
ff00
fffe
fffe
0040
0060
7fff
0040
0004
ff00
0040
0030
0038
ff01
0001
0101
0008
ff01
ff00
012c
0010
0002
fffe
00ff
ffff
0060
0064
0028
fffe
0060
0004
012c
0028
0008
0101
ff00
0038
0060
ff01
00ff
fffe
0010
fffe
0028
0001
0004
0028
ff01
0060
8000
0100
0038
0002
ffff
8000
0001
7fff
0002
0101
0030
8000
0038
0010
0040
ff01
7fff
0060
0101
0001
0040
0040
0010
0001
0038
ff00
0060
7fff
7fff
ff01
0028
0101
fffe
012c
8000
ff01
0060
ff01
0040
0038
0010
0100
0010
8000
fffe
fffe
0001
0008
0060
0101
ffff
0001
ff01
0030
0028
ffff
012c
0040
0040
7fff
ff01
ff00
ff01
0038
00ff
7fff
8000
ff01
0002
0004
0004
0002
ffff
8000
0008
0002
0100
0040
0040
0002
012c
012c
ffff
7fff
fffe
0100
0060
0100
0010
0100
0001
0002
0028
0004
012c
0002
0038
ff00
0100
ff01
0040
ff01
0040
0028
0030
fffe
0038
0060
0064
ff01
0010
8000
0101
0001
0010
0040
0028
00ff
00ff
0100
00ff
0010
fffe
012c
0064
0101
8000
0101
fffe
0030
ffff
7fff
0008
0004
ff00
ffff
0060
0008
00ff
0060
ff01
ffff
fffe
0038
0038
0101
0028
0064
8000
0040
0010
0040
8000
ffff
8000
0008
0040
0101
012c
0002
00ff
ff00
ff01
0038
0101
0010
fffe
0064
0060
0038
0040
0030
ff00
7fff
0004
fffe
0030
0064
0010
ff00
0038
ff01
fffe
0101
00ff
ffff
0038
8000
fffe
0008
0060
0008
fffe
0030
0028
00ff
fffe
00ff
00ff
0030
ff01
0008
0060
012c
8000
0002
0004
0028
0040
0001
012c
0040
0008
ff01
0001
0064
fffe
ffff
0004
fffe
0030
ff01
ff00
0010
fffe
0010
0001
0002
00ff
0040
0038
8000
7fff
0001
0001
0064
7fff
0008
fffe
0060
0001
ffff
8000
ff01
fffe
012c
0004
012c
0060
ff01
0040
0064
0060
0028
0028
0028
0028
00ff
0008
0001
0060
0002
0010
0028
00ff
0030
8000
0001
0030
00ff
0004
0101
0100
0002
00ff
0001
8000
7fff
0002
0040
0038
0101
7fff
0100
0060
7fff
0001
ff01
ffff
7fff
0064
0010
fffe
0030
0101
8000
0010
00ff
0040
0038
8000
0028
0001
00ff
fffe
7fff
7fff
012c
0004
0100
0001
7fff
0030
00ff
0030
0101
0001
ff00
8000
ffff
0028
0038
012c
fffe
0010
0004
0030
00ff
0064
fffe
012c
0002
0101
0010
0100
0004
0001
0040
012c
0101
0004
0010
0060
0010
fffe
0028
ff00
0038
0038
0004
0060
0101
0002
012c
00ff
0100
0040
ff01
0001
ff01
0004
ffff
012c
0001
0064
ff00
0028
fffe
0028
ff01
0040
0028
0038
0060
8000
0060
0101
ff00
0038
0060
0010
0001
0028
0100
0038
0004
0010
0101
0002
0100
0001
0030
8000
00ff
00ff
fffe
0004
0004
0028
0010
0028
0001
0060
0040
fffe
ff00
fffe
ffff
0064
0028
0038
0060
7fff
0038
ff01
7fff
0101
ffff
7fff
0100
012c
0008
0004
0100
0060
0064
ff00
0100
0004
0064
0040
0100
0001
0101
0040
0002
0040
0040
ff01
0040
0040
fffe
0010
0004
0002
ff01
0040
0002
0030
0030
ff01
ff01
8000
0030
0060
0002
0001
fffe
0002
012c
012c
0010
0028
0100
0060
0064
0038
0040
fffe
0028
ffff
7fff
0010
0010
0002
012c
0028
0060
ff00
0008
0004
0010
0060
0010
0038
fffe
0038
7fff
ff01
7fff
8000
ffff
0001
ff00
0030
ff01
0004
0002
0002
0028
7fff
0038
0100
0001
0001
0040
0100
00ff
0038
0101
0060
00ff
0064
0002
0001
0101
ff01
00ff
fffe
0060
0001
ffff
0060
012c
0100
0038
0100
0001
00ff
ff00
0030
0101
0030
0028
0060
0008
00ff
0028
ffff
0002
ff00
0064
ffff
0040
ff00
0030
ffff
00ff
0030
0064
0001
0060
0002
0030
0060
0008
0101
0004
012c
0040
0060
8000
fffe
0101
0002
0030
00ff
0060
0038
0028
fffe
0040
0028
0028
0028
ffff
0101
ff00
0028
8000
0060
0101
fffe
0028
0004
ff01
0002
0008
0010
00ff
0100
0060
00ff
0038
0101
0010
ff01
0004
0038
0038
0028
0008
0010
0040
0010
0028
0064
ff01
00ff
0064
0030
7fff
8000
0001
0008
00ff
0028
00ff
0101
0008
0064
0040
ff00
0030
ff01
00ff
0101
012c
8000
ff00
0100
0038
ff00
0100
7fff
7fff
00ff
ffff
012c
ff00
0001
0038
fffe
0028
0008
0002
0060
7fff
0030
0060
0028
012c
0010
00ff
ffff
8000
0040
fffe
fffe
0030
0008
00ff
0064
8000
0001
fffe
0004
7fff
00ff
0002
0001
012c
0100
0030
0001
ff00
0100
8000
ff01
0028
8000
ff01
fffe
0030
0008
8000
0064
fffe
fffe
012c
012c
0040
7fff
0060
ff01
0002
ff00
0100
0008
ffff
0001
7fff
8000
0030
0028
8000
0038
8000
ff00
0060
0100
ffff
0100
0028
0002
0030
7fff
0010
0001
0040
0002
ff00
ff01
0060
ff00
0100
fffe
0002
7fff
ff01
012c
0100
0010
00ff
ffff
ff01
0060
0064
0028
00ff
0030
8000
7fff
0040
7fff
fffe
0028
0004
0038
8000
0028
012c
0100
0002
8000
0004
0004
0008
ff00
0028
0004
0038
0002
0010
00ff
0040
0002
0008
ff01
0001
0060
fffe
00ff
0101
0060
0008
ff00
fffe
0100
0038
fffe
0010
0030
0030
0064
ff00
0008
0030
0030
0008
012c
0001
fffe
fffe
0028
8000
0064
0002
0040
ff01
0028
7fff
0060
0100
ff00
ff01
7fff
ffff
0004
0010
0004
7fff
0008
00ff
8000
0101
0100
fffe
0101
0028
ff01
0060
ff00
fffe
012c
0101
0008
ff00
0028
0004
fffe
012c
00ff
ff00
0040
0001
0030
012c
0040
0030
ff00
ff01
0010
7fff
0028
0060
0064
0064
0060
8000
0064
7fff
8000
ffff
0064
012c
0100
ff00
012c
ff01
0101
0001
8000
0040
0001
0030
0004
7fff
0040
ff01
0010
012c
0004
0064
0008
012c
0001
0028
ff00
0028
0008
0028
0010
00ff
ff01
0064
0100
0064
0002
012c
0001
0040
0100
0002
0064
0002
012c
0001
ff01
8000
0101
0101
0038
00ff
7fff
0101
0010
ff00
0010
0100
8000
ff00
0030
0028
fffe
0028
ff00
ff00
0100
00ff
8000
0030
00ff
0064
ff01
7fff
00ff
7fff
0001
00ff
ff01
ff01
fffe
7fff
0010
8000
ff00
0030
0064
7fff
7fff
0030
ff00
012c
0040
0028
0100
fffe
7fff
0038
0002
0010
ffff
0100
0004
0030
0004
0010
0008
0001
0040
0030
0028
0010
0101
0008
0101
0008
0004
0100
0004
7fff
0038
0064
0010
00ff
0002
8000
ff01
8000
012c
0001
00ff
0002
0004
0064
7fff
ff01
fffe
0001
00ff
0101
fffe
8000
ffff
0010
0040
0060
00ff
fffe
0040
0060
ff01
0004
0030
ffff
ff01
0101
0064
0030
0060
0060
0002
0064
0040
0002
0010
0028
ff00
0028
0004
7fff
0064
012c
0030
0101
0040
0060
8000
ff01
0028
0038
00ff
012c
0040
0008
8000
0038
0001
0008
012c
0060
ff01
0008
0008
fffe
0001
0038
0008
0030
012c
0001
0002
0060
0008
0010
0002
0008
0028
ff00
0038
ff01
ffff
0030
0100
0001
ff00
012c
0001
0060
012c
0040
00ff
012c
0038
0100
ff00
0028
8000
ffff
0060
fffe
0004
0004
0008
0060
0030
0101
0010
0064
0038
0100
0060
8000
ffff
0100
0040
0100
0101
0001
0010
ff01
0002
00ff
0038
7fff
0028
ff00
0008
012c
fffe
0064
0008
0101
0100
0004
ff00
0010
0002
8000
0008
7fff
fffe
0002
ff01
fffe
7fff
0001
0100
0004
ff00
ff00
0060
0100
0064
8000
ff01
0060
7fff
00ff
0004
ffff
ffff
ff00
0001
0001
0008
0002
0028
0028
ffff
ff01
0008
00ff
0004
0064
0030
0040
0101
0028
00ff
ff01
ffff
ff01
fffe
0064
0100
0060
0002
0001
00ff
0002
0101
0100
012c
0010
0002
0004
0038
0028
8000
0030
ff01
012c
0038
0010
8000
012c
0101
0004
ff01
ff00
0010
ff00
0004
ffff
7fff
0010
fffe
ffff
0100
0008
0101
fffe
0008
0040
7fff
fffe
0001
0038
0010
00ff
0030
ff00
0100
0101
0038
ff01
00ff
8000
ffff
0008
8000
ff00
7fff
0008
0060
012c
0100
0040
0004
ff00
0100
0030
0064
ff00
8000
0008
0004
0060
8000
0101
0040
0001
0064
0028
0028
ff00
0040
ff01
0101
0010
0008
0004
ffff
00ff
0028
00ff
0002
0064
0030
00ff
012c
0060
0002
0030
0008
fffe
ffff
8000
0100
012c
0100
0001
0038
7fff
0064
00ff
ffff
0060
0101
0008
0030
0004
0028
0038
0004
0060
0100
8000
0064
012c
0002
0060
00ff
00ff
00ff
012c
0002
ff00
0002
fffe
0010
00ff
7fff
0002
00ff
0001
012c
0064
0038
fffe
ff00
0001
0038
0030
8000
0001
7fff
8000
0004
0002
ff00
0100
0064
0010
0004
0008
fffe
0064
8000
0038
0010
012c
0030
0008
0030
7fff
0008
0004
0060
fffe
8000
0001
0004
0028
0001
012c
012c
0100
8000
00ff
0008
ff01
ff01
00ff
0008
8000
ffff
0040
fffe
00ff
0101
ffff
0010
00ff
fffe
0060
012c
7fff
0028
ff00
7fff
00ff
0064
0030
0028
ffff
00ff
fffe
ff01
ff01
0040
ffff
0030
0010
0040
0040
7fff
ffff
fffe
0004
0064
0001
0001
ffff
fffe
7fff
0028
ff01
0064
ff01
0100
0064
0028
fffe
0028
0001
0040
0038
0038
7fff
ffff
0040
00ff
0004
0060
0030
00ff
012c
0064
0038
0100
0101
fffe
0064
0040
0100
0028
0008
0101
0101
0002
0101
0030
00ff
0038
0101
0002
7fff
0010
ff00
0101
0064
8000
0101
0008
0060
0008
0060
ff00
7fff
7fff
0004
00ff
0101
0101
ffff
0060
0064
7fff
8000
fffe
7fff
0064
012c
012c
ffff
0002
8000
0010
0038
00ff
0030
ff01
0060
0001
0004
0008
012c
0038
0002
0008
0064
ff00
0040
ff01
7fff
0064
8000
ffff
0038
0038
0008
0004
ffff
ffff
0004
fffe
7fff
0010
ff01
0004
0101
ff01
012c
7fff
0028
7fff
8000
0002
0028
0101
0101
0101
7fff
0028
8000
012c
012c
ff01
0040
0002
0008
ff01
0038
0064
ffff
0002
ff01
012c
8000
0064
012c
0060
012c
0030
fffe
0004
0040
00ff
0010
0101
0001
0008
8000
0038
0030
0040
7fff
0028
012c
fffe
0008
ffff
00ff
8000
0004
0100
0028
0010
0040
ffff
fffe
0010
ff01
ff00
012c
0040
ffff
0008
ff00
0100
0004
ff00
0010
fffe
00ff
0100
7fff
0040
0100
8000
0060
0004
0001
0101
ff00
0038
0040
00ff
0060
7fff
ff00
ff00
0060
0008
0010
ff01
0028
ff00
0004
0010
0008
0060
0001
0100
fffe
0028
0100
0064
0060
0004
7fff
0060
0002
0004
8000
012c
0100
8000
0002
0030
0038
0038
0064
0038
0030
8000
0030
0064
0101
012c
0040
0060
0038
0010
0008
ff00
7fff
0064
0001
0101
0030
0064
ff01
0008
0008
7fff
0008
0030
ff00
0064
0101
0010
0002
ffff
0030
012c
0100
ffff
00ff
ffff
ffff
ffff
0040
0038
0040
0101
012c
0028
0030
012c
0001
0008
ff00
0060
8000
00ff
fffe
0060
0038
0008
7fff
0008
0030
8000
0040
012c
0064
0008
0038
0001
ffff
fffe
0038
0002
0101
012c
0038
ff01
ff00
ffff
00ff
0040
ff00
0028
0100
012c
0001
0060
012c
8000
ff01
00ff
0010
0038
ff01
7fff
0101
ff00
0060
ff00
ff01
0008
ffff
0040
ff01
ff00
0002
0008
0040
8000
0100
7fff
ff00
0040
0010
0004
0004
0038
0004
8000
0040
fffe
0060
ffff
0002
0038
0001
0010
0060
0038
0101
00ff
0008
0004
0004
7fff
0100
0001
0002
012c
00ff
8000
012c
0002
7fff
fffe
0028
0004
0060
8000
0060
0040
0100
0064
0001
0001
0010
0060
ff00
0008
ff01
7fff
00ff
0064
0008
ff00
7fff
0038
0030
7fff
0060
8000
0001
fffe
0040
ff00
fffe
0038
0004
8000
fffe
0001
fffe
012c
0100
ff01
ff01
0001
0038
ff01
0008
0028
fffe
0040
0030
fffe
0004
0028
0028
0101
0064
ffff
0064
ff00
7fff
8000
0064
0038
ffff
ff01
7fff
0064
0038
0060
fffe
012c
ff00
ff01
0038
012c
0060
0100
0008
ff01
fffe
0030
0030
0004
ff01
0001
ff01
7fff
ffff
00ff
0101
0028
0040
7fff
ff00
fffe
0060
ff00
0001
ff00
8000
0001
0100
0001
0060
00ff
fffe
0010
0060
0064
ffff
ff00
0060
0002
0008
0060
0028
0064
0040
00ff
0038
0100
0100
0064
0008
0028
0002
8000
ff00
8000
0060
0004
0040
0030
fffe
0002
0038
0008
0008
00ff
0002
0008
ff00
0038
00ff
0002
0004
012c
0101
0028
ff01
0028
0008
0002
0001
012c
0038
0101
0100
0038
0038
0001
0101
0028
0101
0060
fffe
0064
7fff
0060
7fff
0002
ff00
0001
0060
0028
0064
0038
ff00
0004
00ff
ff01
ffff
ff01
00ff
0001
00ff
0002
0040
0040
8000
0010
8000
0010
0040
7fff
0030
0030
0001
0001
0002
0028
0002
fffe
0038
0010
0101
7fff
0008
0028
0030
0001
0040
ffff
0101
ff01
0028
0010
ff00
0001
0060
0028
0004
00ff
ff00
0040
ff01
0100
0100
8000
0038
ff00
7fff
0028
ff01
0060
0060
0060
ffff
0008
ff01
0064
0040
012c
8000
0010
0101
ffff
0002
0100
8000
fffe
8000
0060
0002
0030
0001
0038
ff01
0004
ff00
0064
0002
0100
ff01
0004
0101
0008
0002
0064
0040
0060
ffff
0028
0038
0064
0010
0001
ffff
0064
0004
0004
0060
ff00
0002
0038
0002
0010
0060
8000
0028
8000
012c
0101
0100
012c
0064
ff01
0004
0064
7fff
0028
0002
0030
7fff
0008
0002
0060
0038
012c
0028
0002
0028
ffff
0001
7fff
0100
0030
0010
ff00
012c
ff00
ff01
0002
fffe
0101
0060
0010
0001
00ff
0038
fffe
0002
0060
0038
ffff
0010
0008
fffe
0101
ff01
ffff
012c
0064
0101
0010
fffe
0030
ffff
0002
0060
0001
0064
0002
0010
ffff
0100
0038
0040
0010
00ff
012c
0038
0030
0060
ffff
ffff
00ff
ffff
0038
8000
0028
0060
0064
ffff
fffe
012c
0040
0004
0064
0060
0101
ff01
0030
ff00
8000
ff00
0002
0060
0002
0010
0064
0101
0008
0038
0028
ff00
ffff
7fff
7fff
fffe
0064
ffff
0101
0100
0060
0040
ffff
0040
0002
0002
ffff
0001
0038
0010
0064
0004
0004
0004
00ff
fffe
0030
0008
0060
fffe
0002
0001
0064
0028
ff01
0040
0038
ff01
8000
0100
012c
0030
0101
0002
0038
0002
00ff
0028
0002
0004
0004
0030
0038
0001
012c
8000
0100
0001
ff00
ffff
0010
0008
fffe
00ff
0040
0030
0100
0008
0004
0010
ffff
0064
0001
7fff
0008
ffff
ff01
0010
0100
7fff
0060
7fff
0004
0030
0038
8000
0040
0004
012c
ff00
0040
0004
0008
0028
0064
0010
fffe
0028
0008
8000
0010
0040
0002
012c
fffe
7fff
00ff
0004
0030
0010
0040
0030
ff00
0100
0101
8000
0002
0040
0028
0064
0008
0030
0040
0101
fffe
0038
0008
fffe
0010
ffff
0060
0028
0101
0030
0100
7fff
ff01
ffff
0038
ff00
0030
ffff
ffff
0064
ff01
0008
0060
0010
0008
ffff
00ff
0004
0040
0030
012c
0064
fffe
0030
8000
fffe
0008
0010
0101
0028
0060
0028
0040
0101
7fff
0028
0100
0064
0010
0008
0038
7fff
0004
00ff
0001
0101
0101
7fff
0100
0060
0002
0038
7fff
0064
fffe
0060
0030
ff00
0100
00ff
012c
012c
fffe
0030
0030
012c
0064
00ff
0100
0038
8000
00ff
0028
0040
0030
0064
ff00
0101
fffe
0002
ffff
ff01
0038
0030
0030
0008
0002
0101
0101
0001
0028
0004
00ff
0001
ffff
012c
0010
0004
ffff
ff00
ffff
0064
0101
ffff
012c
0064
0100
0100
0040
0100
0060
0010
00ff
0100
0060
fffe
ff01
0038
0001
0030
0100
fffe
00ff
8000
7fff
7fff
0004
0010
ff00
ffff
0030
8000
0001
0038
fffe
0100
0040
00ff
0008
0002
0100
ff00
0038
7fff
0002
ff00
0002
7fff
ffff
0040
8000
7fff
0028
0028
0002
0060
0008
ffff
0028
7fff
0004
8000
0101
7fff
0038
0040
ffff
0002
ff00
ff01
0010
0030
0010
0002
0040
ffff
0040
0064
0004
8000
012c
0040
0004
0001
0028
012c
0101
0060
7fff
0100
fffe
00ff
00ff
fffe
0100
0101
ffff
012c
0040
0060
0001
0028
0030
00ff
0001
0030
ff00
0008
0064
0030
fffe
8000
0001
0001
ff01
0010
0060
0038
0008
fffe
00ff
0008
0101
0101
0028
0002
0010
7fff
00ff
0040
ff00
0101
012c
0028
0101
7fff
ff01
012c
012c
0064
00ff
ff01
00ff
0030
0008
ff01
0028
ff01
0030
7fff
0060
fffe
ff00
ffff
0002
0040
0030
012c
0001
0038
0010
0028
00ff
0001
ffff
ffff
0040
0001
0008
0040
7fff
00ff
0101
012c
fffe
ff01
8000
0028
fffe
7fff
7fff
00ff
0010
0001
8000
0064
0100
fffe
0001
fffe
0060
0001
ffff
0101
fffe
8000
0040
ff01
7fff
ff00
0030
0040
fffe
012c
8000
0010
0004
0100
0002
fffe
012c
0038
0028
ffff
012c
8000
0030
0004
fffe
8000
0040
0101
ff01
0064
ff01
0008
0040
0010
0100
0030
0040
0002
0008
fffe
0030
0028
0008
0100
0101
0038
0028
0002
0001
0001
ffff
7fff
ff01
0060
0010
ff01
0060
0100
012c
0030
012c
0010
0040
0028
8000
7fff
ff01
fffe
0008
ff01
0028
fffe
0001
fffe
0101
fffe
8000
0038
0101
0002
0038
0001
0030
0064
0008
8000
ff00
0060
0008
0060
7fff
0028
0040
8000
7fff
0030
0002
0010
0010
ff01
0030
012c
0100
8000
0038
fffe
0004
0004
0064
012c
0101
0030
0001
8000
00ff
0001
ff01
ff00
0008
7fff
0100
0060
00ff
0038
0101
00ff
ff00
0004
0064
ff00
0008
0100
00ff
00ff
0100
ffff
0028
0038
0028
012c
0008
ff01
0001
00ff
0101
8000
0001
0028
0038
0001
0100
7fff
0028
0010
0064
ffff
0002
ff00
8000
0038
7fff
0008
0002
ffff
0008
ffff
0010
0028
fffe
0064
0002
fffe
0002
0101
ffff
ffff
ff01
0001
0001
0060
ff01
0008
0008
0001
0038
0010
8000
0028
0060
012c
fffe
0100
0002
fffe
0040
0064
0100
00ff
0064
7fff
0040
0064
ff00
0008
ffff
0101
0002
0101
0008
ff00
0040
ffff
0002
ff01
0010
0004
0040
7fff
0001
ff00
0101
0040
0038
0004
ffff
0001
0001
0060
0028
00ff
0010
ff00
0030
00ff
0028
0004
00ff
0002
0060
ff01
0008
0002
0101
0028
0064
0001
ffff
012c
7fff
0010
0101
0002
ffff
0038
7fff
0001
0028
00ff
0008
0028
0030
0001
fffe
0004
0010
ffff
0010
ff00
fffe
0004
0040
0101
00ff
ff00
7fff
ffff
0038
0064
0030
00ff
ff00
0040
012c
00ff
00ff
00ff
ffff
0060
ff00
0008
8000
0010
0028
0038
0030
0004
0038
012c
0002
0064
0060
0028
0008
0008
0060
7fff
012c
7fff
0028
0064
ff00
0010
0010
0008
0038
0001
0038
012c
0101
ff00
0008
fffe
012c
7fff
ffff
00ff
0030
0001
0038
0060
0060
ffff
fffe
0008
0008
8000
0002
0004
0001
0030
0010
0064
ff01
7fff
0100
7fff
fffe
0030
ff01
0008
00ff
0100
0030
fffe
0008
0028
0030
ffff
ff01
0002
ff01
0060
0030
7fff
0004
ffff
0001
ff01
0030
0060
ffff
ff00
0030
0100
012c
0004
0004
0064
8000
0064
0001
012c
0060
0008
ff01
0030
0064
0004
0040
012c
0010
0064
ffff
0001
0064
ff00
fffe
ffff
0101
ff01
0101
0030
0040
0060
0038
0004
ff01
0040
0040
8000
0004
0004
ff01
7fff
0101
7fff
0010
0028
0030
0002
0101
7fff
ff01
0100
fffe
8000
0038
0064
0101
0100
fffe
0028
0064
0002
0060
8000
0001
0030
0101
012c
0100
0010
ff00
0001
7fff
0038
0010
0100
0001
0010
0040
0030
ffff
fffe
ff00
0004
0028
0100
fffe
0004
ff01
0002
0064
0008
0004
ff01
0030
ff01
00ff
012c
0101
fffe
ff01
0060
0008
0038
0060
0028
0030
012c
ff00
fffe
0060
012c
0101
0001
ff01
0040
ff00
0100
0002
012c
0030
0040
0060
0040
0100
0010
0002
ff01
0030
ff00
8000
0101
0004
8000
012c
ff00
0001
0010
00ff
012c
ff01
0002
ff00
0028
fffe
0004
0008
ff01
fffe
0101
fffe
0002
0004
ffff
ff01
0002
0038
ff01
ff01
0002
012c
0004
0028
0008
012c
0010
0001
ff00
00ff
0038
0040
0038
ff00
ff00
7fff
0028
ffff
8000
00ff
7fff
0028
ff01
0101
0010
0008
fffe
ffff
0101
ff00
fffe
7fff
0100
0004
0010
0100
012c
0030
0028
0028
0002
ffff
0060
00ff
00ff
0064
ff00
0001
00ff
0064
00ff
012c
ff01
0060
0038
ff01
0004
0008
012c
ff01
0038
00ff
0101
ffff
0010
0030
0028
0100
0010
0060
0008
0040
0010
0004
fffe
ff00
ff00
0060
0101
0101
ff01
012c
0030
0038
ff00
0001
0101
012c
7fff
0038
0008
0060
012c
ffff
0100
0060
8000
0004
0101
0030
0004
0028
012c
ffff
0008
0010
0064
7fff
0004
0064
0038
ff01
8000
fffe
0001
ff00
0004
ff00
0040
0002
0100
0001
0008
0101
ff01
0101
0028
ff01
ff00
0001
ffff
012c
0064
ffff
0008
0001
0101
fffe
0064
ff01
ff01
ff00
012c
0030
0001
0100
0008
0060
0064
ffff
0004
0030
0002
0100
8000
7fff
0040
00ff
ff01
0101
00ff
ffff
fffe
0060
8000
0028
0008
0101
ffff
0040
00ff
ffff
0004
0038
0010
0008
00ff
0010
8000
0040
ffff
0030
0040
0004
7fff
0030
0004
0038
ff00
012c
8000
8000
ff01
8000
8000
0028
0100
8000
0060
00ff
0010
0064
0008
0038
0002
8000
0060
00ff
0040
0008
fffe
00ff
ff01
7fff
0038
8000
0028
0001
7fff
00ff
7fff
0030
0064
0002
0064
0004
0064
0100
0028
0004
0030
00ff
ffff
0040
012c
0010
ff00
0040
fffe
0038
0001
0004
fffe
0002
8000
0030
ff00
012c
00ff
ff00
0038
ffff
0010
0101
0060
012c
00ff
ff01
0008
0064
0101
0004
0001
0101
0001
0010
0030
0030
0030
0101
ff00
ff00
0008
0002
0001
0001
0040
0064
8000
0100
0064
ff00
00ff
8000
8000
0100
ff01
0028
fffe
ffff
0101
012c
fffe
0030
0064
7fff
0040
0002
0030
0002
0100
0030
0002
0008
0100
012c
ff00
8000
0004
012c
0064
0030
0004
012c
0060
ff00
0001
00ff
7fff
00ff
0028
0001
0100
0004
0030
0040
0100
0064
ffff
8000
fffe
0010
ff00
ff01
0100
0040
0100
00ff
0101
012c
0008
ffff
0010
0040
fffe
fffe
7fff
0100
ffff
0008
0100
fffe
0010
0040
0002
00ff
ff01
8000
0040
8000
0004
0001
0028
0038
0004
8000
ffff
012c
0004
ff00
0030
012c
0002
0030
0008
0030
0001
0002
0001
0100
8000
0001
00ff
ff01
7fff
0004
0001
0038
0100
0002
012c
7fff
7fff
00ff
ff01
fffe
0040
fffe
0001
0064
0038
7fff
ff00
0040
ffff
8000
0001
0038
7fff
fffe
7fff
0002
0008
ffff
0001
0038
7fff
0010
0101
7fff
0064
0100
0030
0004
0030
00ff
0100
8000
0001
ffff
ff00
0001
0100
012c
0028
0028
012c
0004
0008
ff00
0030
7fff
ff01
012c
0060
0064
ff00
0010
0064
0008
0100
0064
0028
012c
0004
0060
0100
0001
ff01
7fff
ff00
ffff
7fff
8000
ff01
0030
0002
0060
ff01
00ff
0040
ff01
0010
ffff
012c
0028
0004
7fff
0001
0100
0010
012c
0001
0040
0002
0001
ffff
0010
ffff
ffff
0064
ff00
0064
ff01
012c
8000
0004
0038
0101
ff01
ff01
0060
0028
0030
0001
ff00
fffe
012c
0038
7fff
0028
0100
012c
fffe
0100
0028
0001
0100
0040
0028
00ff
012c
0064
0040
fffe
0004
7fff
8000
0064
0001
0100
0002
00ff
0040
012c
0101
0028
0101
0100
ffff
0064
ff00
0064
fffe
0004
0002
0101
0100
0040
0001
8000
0001
0028
0002
8000
0028
0040
00ff
7fff
ff00
0100
0028
0064
0010
0064
fffe
ffff
8000
00ff
7fff
ffff
0040
0008
ff01
0038
0010
0001
ff00
0101
fffe
0001
012c
0100
0008
7fff
0001
0001
0010
0038
ffff
0008
fffe
0010
ff00
0002
fffe
0064
ff01
0001
0100
0038
7fff
0040
0038
0060
0060
ff01
0028
00ff
0030
0101
0038
0002
ff00
0002
ffff
0004
0101
0008
012c
8000
00ff
7fff
012c
012c
0038
0030
8000
0010
0040
0038
0100
0040
0008
0030
0004
0008
0001
ff01
7fff
0101
0004
8000
0028
00ff
7fff
0001
012c
012c
0008
0028
8000
ff00
0001
0101
012c
0010
0101
012c
0028
0040
0008
8000
0038
0028
0101
0001
7fff
ff01
0004
0008
ff01
0010
0101
8000
ff01
00ff
ffff
012c
7fff
ff01
0028
7fff
8000
ff00
0100
0002
0002
0004
0060
0030
0100
0100
012c
0040
0008
ffff
fffe
0040
0038
0001
0060
0008
0004
0100
0100
ffff
0010
0040
0004
00ff
0101
8000
0008
0010
0010
7fff
0100
0010
0004
0002
0030
0101
0004
0060
fffe
00ff
ff00
0040
00ff
ff01
0001
0038
0060
0001
0060
ff01
ff01
fffe
00ff
0030
012c
0064
0101
0100
0060
0100
0038
0064
0101
0002
0001
012c
0060
0038
0002
0001
0008
fffe
0002
ff00
0002
0060
0060
fffe
7fff
0040
012c
0004
0060
0030
0028
0064
0004
0008
012c
ff01
0038
0038
0008
0064
0002
0038
0028
0100
0028
0004
0101
ff01
8000
0010
00ff
fffe
0100
0010
012c
0101
ff01
fffe
0010
0030
0101
0101
0028
fffe
0064
fffe
0030
0010
0038
0060
fffe
0030
0100
012c
ff00
0002
00ff
8000
7fff
8000
0060
8000
00ff
0004
8000
0008
fffe
0002
8000
0038
0001
0028
012c
fffe
8000
0100
0060
0010
0101
0101
0010
0028
0064
0100
0004
0001
0060
8000
0028
ff01
0001
0060
0040
0002
00ff
0028
0038
00ff
0064
0028
ff01
0040
8000
ffff
0004
7fff
012c
0008
0004
0028
8000
7fff
0002
0010
0004
0008
ff00
ff01
0101
7fff
ff00
0038
012c
8000
00ff
00ff
0038
0001
0101
0100
0101
0040
0030
0030
ff01
ff00
0001
ff00
0028
ffff
00ff
0064
7fff
0100
7fff
8000
ff01
0060
ff01
0038
00ff
0038
fffe
0064
00ff
0002
0060
0008
ff00
fffe
0038
0038
ff00
012c
0030
012c
00ff
7fff
0038
ff00
0101
0001
8000
00ff
ff00
0038
ffff
0040
0002
012c
0028
0100
0040
0101
8000
0010
0038
7fff
0002
7fff
0101
0010
ffff
0002
0004
00ff
0002
0001
ffff
0064
0040
0040
0100
8000
0008
0038
0100
0004
0040
0040
8000
ff00
0100
0028
0101
ffff
0101
0064
0030
0030
ff01
0060
0030
0064
7fff
0001
0002
00ff
8000
0004
0004
012c
ffff
0101
0002
ffff
0010
0040
0038
0001
ff00
0060
0001
0008
00ff
0101
0001
0064
0001
0101
0008
0060
0004
0040
7fff
0100
0040
7fff
0001
0040
fffe
8000
ff00
0064
00ff
012c
00ff
0028
7fff
0040
0101
7fff
0004
0001
0100
0100
0038
0008
0001
0028
fffe
0010
0060
0001
7fff
ffff
fffe
0010
0040
0008
ff00
00ff
0010
fffe
0038
0060
fffe
0030
012c
ff00
012c
012c
0101
0040
0008
0010
ff00
0038
ff00
0030
00ff
00ff
7fff
7fff
0002
0030
ff01
0101
0060
ffff
ff01
ffff
0060
ffff
0002
00ff
0060
0002
0004
ff00
0060
00ff
8000
0008
0004
8000
0038
0064
00ff
0060
ff00
0064
0004
0004
0064
0030
012c
0101
0001
0101
7fff
0064
0001
012c
012c
0100
0028
0100
0038
ff00
0010
0001
0038
0030
fffe
0101
0008
ff01
8000
0008
7fff
0038
0038
7fff
0004
8000
0040
ff01
8000
0010
0064
0002
ff00
0004
0010
0004
fffe
0030
0010
0008
ff00
0001
fffe
00ff
ffff
00ff
0002
00ff
0001
0038
0030
0064
0030
0010
0008
ffff
0010
ffff
0030
0002
8000
012c
0060
0030
0028
012c
0002
ff01
0004
0030
0060
0028
0010
ffff
0030
0030
0030
7fff
00ff
0100
00ff
0064
0010
ff00
0030
0002
0010
fffe
0101
0030
0040
0008
0008
fffe
0040
0038
7fff
0030
ffff
ff00
ff00
ff00
0064
ff00
012c
0101
0101
0040
0038
0004
0030
7fff
0038
ff00
0001
0100
0004
0060
0008
012c
012c
0004
8000
ffff
0060
0064
0008
0008
0100
012c
0100
0101
0001
ffff
0060
0010
0004
00ff
00ff
fffe
0064
00ff
0060
ff01
8000
0038
0028
0060
7fff
0060
0010
0040
0038
0008
012c
0028
fffe
0002
ffff
00ff
ff01
0001
0101
0040
0004
00ff
ff00
ff01
ff00
ffff
0064
0038
0001
fffe
0010
0008
8000
fffe
0038
00ff
ff01
ffff
0001
0008
0100
0030
0002
7fff
0040
00ff
0038
fffe
0004
0100
fffe
0004
0008
0101
7fff
00ff
0008
0040
8000
0064
012c
ffff
ff01
0064
ff01
0004
0030
0028
0030
0038
0060
0040
8000
0030
ff00
8000
0008
0004
0060
fffe
0038
0060
8000
0101
fffe
0028
0001
0028
0064
0001
0060
7fff
0028
0010
0040
00ff
00ff
0101
ffff
0008
00ff
ff00
0004
7fff
ff00
0030
fffe
0038
ffff
0002
0038
0010
7fff
0008
0028
0010
0101
ff01
0028
8000
0064
0002
0002
ff01
0001
0064
fffe
fffe
0028
fffe
0004
ffff
7fff
00ff
8000
0040
ffff
0060
7fff
ff01
0010
00ff
0004
0001
0004
0004
0008
0101
7fff
012c
0002
0030
0030
0030
0101
ff01
7fff
00ff
0040
0100
0028
0101
012c
00ff
0060
0004
0101
0010
0100
0004
ffff
0010
0002
0028
0064
0060
0038
0002
8000
0040
0100
00ff
0064
0100
fffe
ff00
0030
8000
0064
8000
00ff
ff01
ffff
0064
00ff
00ff
0028
0100
0040
0101
ffff
0100
0030
0040
8000
0010
0028
0064
0064
00ff
0002
0002
0101
0060
0008
0060
0002
0060
0064
0101
0008
0101
0028
0100
0008
0030
0101
0002
012c
8000
fffe
0008
012c
ff01
0004
0060
012c
0028
0064
0010
012c
0040
0010
0028
7fff
0064
0064
fffe
0038
fffe
00ff
0101
0030
0028
ffff
012c
fffe
0004
0008
012c
0001
0064
0001
fffe
0002
0038
0038
0028
0030
0030
0028
0002
0001
ff00
0038
0008
0060
0101
0038
8000
0038
0002
0100
0064
0028
0010
0038
fffe
0101
ffff
0008
00ff
ffff
0004
00ff
8000
0060
0010
0101
0010
0101
0064
0100
0060
0030
00ff
ffff
7fff
0030
0038
0040
0038
0004
ff00
fffe
0100
0060
0060
0101
012c
0101
7fff
fffe
00ff
0008
0040
0001
0060
0028
0001
012c
ff01
0101
0101
0040
012c
0040
8000
0064
fffe
0028
00ff
0008
0064
0010
0038
012c
012c
ff01
0101
fffe
0064
0101
0030
0064
ff00
012c
012c
0100
0101
0028
0010
7fff
012c
ffff
0008
0001
00ff
0101
0010
0004
fffe
ff00
7fff
0010
0101
0028
0002
0101
ff00
0010
0101
0101
0038
ff00
0010
0064
0038
ff00
012c
7fff
0064
00ff
0004
0100
0030
ffff
ff00
0002
ffff
0001
7fff
ff00
0038
012c
0100
8000
0040
0060
ff01
012c
0002
0100
0010
0060
ff00
0028
012c
0100
0002
0030
8000
ff00
ff00
ff01
0004
0008
ff00
0030
0040
0010
0100
ff00
0008
0101
012c
ffff
0100
fffe
7fff
ff01
0002
fffe
fffe
012c
7fff
0002
0064
0038
0060
fffe
0030
0038
0008
0040
0030
0028
0060
0010
0040
0101
0038
0064
00ff
ff01
ff01
012c
8000
012c
0028
0030
0060
ff01
012c
0001
0030
8000
0060
0001
0002
0010
0060
012c
0030
0101
8000
7fff
0004
fffe
fffe
7fff
0100
0004
0010
00ff
012c
ff00
0002
0010
ffff
00ff
0030
0064
7fff
0010
0064
0028
fffe
00ff
00ff
0038
0002
0064
0010
0064
0060
0010
ffff
0010
0064
8000
0028
ff00
0004
0028
0040
0101
0101
0001
012c
0002
0001
0100
ff01
7fff
012c
fffe
fffe
012c
012c
0008
ff00
0004
8000
0008
0008
0038
7fff
012c
0101
00ff
0030
8000
0028
0064
ff01
ffff
0001
0030
00ff
0060
7fff
0038
0100
0038
0002
0101
00ff
0004
0028
7fff
0010
ffff
0040
0060
0008
0010
8000
00ff
0004
ff00
ff01
ffff
00ff
0038
ff00
ffff
0101
7fff
0101
00ff
7fff
7fff
0101
7fff
8000
ffff
012c
012c
0030
7fff
0010
ff00
0060
0101
0010
0028
ffff
ffff
0101
0030
0010
0038
0004
0002
ff00
0030
ff00
ff01
012c
0030
0004
0002
0030
0010
0004
fffe
ffff
8000
8000
ffff
7fff
0101
ff00
0100
0002
ffff
ffff
7fff
0008
0002
0004
0030
ffff
012c
0101
0001
0001
0004
0038
ff01
0010
0064
0004
0060
012c
00ff
0101
7fff
ff01
0001
00ff
8000
012c
0101
0060
0064
8000
0064
ff01
0100
0002
0040
0008
0008
ff01
0038
ff00
0060
0038
0040
ff00
0100
00ff
0001
0038
8000
ff01
fffe
0004
0038
ff01
0100
0064
0010
0038
00ff
ffff
012c
fffe
0010
0040
7fff
0004
ff01
0004
0040
0038
0030
fffe
8000
0100
0030
0030
0038
0100
012c
0001
0064
0030
012c
0101
0040
0028
ff01
ff01
0100
012c
ff01
ff00
0101
ff00
00ff
0038
ff01
ff01
0100
0008
ff01
ffff
0028
0001
8000
ffff
7fff
012c
fffe
0040
ff01
0064
0040
00ff
0064
0060
0001
0100
fffe
ff00
8000
0028
0060
0002
0028
0100
ff01
0101
0064
00ff
0101
0028
0064
0100
0010
7fff
ff00
0030
0064
0028
00ff
0001
0004
0100
0008
0060
0008
0038
fffe
7fff
0002
ffff
0100
0001
ffff
ff00
00ff
ff00
ff01
0001
0028
00ff
0004
0002
00ff
ffff
0040
0002
ff01
0028
0002
00ff
8000
0002
0030
00ff
0004
0100
0040
7fff
0100
fffe
ff00
0038
8000
0004
0064
0040
0004
0004
0028
0002
0030
fffe
0064
012c
0010
0038
ffff
0001
0101
0060
0030
fffe
ff00
0004
8000
ff01
0101
0004
0030
0060
00ff
0001
0004
0008
0040
ff00
00ff
0004
0101
0038
0030
0101
00ff
0002
00ff
00ff
0060
0028
0101
7fff
0040
0101
0028
ffff
0004
0101
0064
0101
0030
0010
0064
0060
ff00
0001
0002
0064
00ff
0002
0100
0101
0101
0100
0001
ffff
8000
0008
8000
0040
8000
0060
7fff
0101
0030
0060
ffff
00ff
ffff
0008
0101
0004
0028
0030
0038
0101
7fff
0101
00ff
00ff
0030
0030
0030
0008
fffe
fffe
ff00
0010
0008
0004
0004
0030
0040
0008
0060
0004
0040
00ff
fffe
0064
0002
0101
ff01
0008
0101
0064
0030
ff00
0008
0008
0010
7fff
0101
0002
0002
0064
0030
00ff
0002
0010
00ff
0101
0002
ff00
0064
ffff
0040
0040
0001
0002
0004
0004
0060
00ff
0008
012c
0030
0100
ffff
0040
0030
0001
0101
0002
0064
8000
7fff
0038
0100
ffff
ff01
0040
0028
0002
ffff
0064
ff00
fffe
00ff
0060
0101
ff00
0038
0060
0038
0028
8000
0040
0001
7fff
0002
0060
ff00
0040
8000
fffe
0064
0040
ff01
0008
ff00
0008
00ff
ffff
ffff
0002
0100
0008
00ff
0064
8000
0028
012c
fffe
0100
ff01
ffff
0028
ff00
ffff
0010
0030
00ff
0002
0038
012c
0030
0060
ff00
0001
012c
0028
0001
0010
0028
ff00
0060
0101
0004
0028
0001
ff01
0100
0002
fffe
ffff
0060
0064
0004
0030
0064
00ff
fffe
ffff
ff01
0040
0030
0101
0100
0028
ffff
0060
8000
0001
0008
0040
ff01
ff00
0001
0060
012c
ff00
0040
fffe
0004
0001
0010
fffe
fffe
0030
012c
0040
012c
ffff
0002
0004
8000
0060
00ff
0030
0004
0064
0038
ffff
0040
0060
0002
0064
0010
fffe
0038
0040
0030
0100
ffff
fffe
012c
00ff
7fff
012c
0100
0060
0001
7fff
012c
0028
ff00
8000
ff01
0038
0040
012c
0064
0101
0002
0038
0064
7fff
ff01
ffff
012c
0100
ffff
fffe
0004
0101
0038
0010
ff01
012c
ff00
0064
ffff
0100
0008
0002
8000
0100
fffe
0004
0064
0008
0001
7fff
0001
0004
0001
7fff
ffff
0004
0038
0038
0004
0038
0040
8000
ff00
7fff
0001
012c
0004
ff00
0010
0060
7fff
7fff
0028
0038
0064
7fff
ff00
0028
0004
0010
0060
0002
7fff
0100
012c
012c
0002
0028
0001
fffe
0038
0004
ffff
0101
0101
0008
0038
0064
8000
0030
0001
012c
ff00
8000
00ff
ffff
ff00
0038
0008
012c
00ff
0030
0001
0038
00ff
7fff
0100
0100
00ff
0002
00ff
0040
0030
fffe
0001
012c
fffe
ff00
0001
0060
8000
0008
ffff
0040
0100
0038
0040
ff01
ff01
0038
0064
0040
ff01
fffe
0100
fffe
0064
8000
7fff
0028
0030
ffff
8000
012c
0038
0008
0030
0004
00ff
0060
0100
ff00
00ff
0064
00ff
8000
ff00
00ff
0060
0001
0040
ff01
ffff
0101
fffe
ffff
0038
0038
0004
0004
0100
0040
0002
ff00
0001
00ff
fffe
0064
012c
0002
8000
0030
0064
00ff
0038
0028
0030
0100
ff01
0030
0008
fffe
0030
0040
0038
0002
0010
00ff
0040
0040
0008
0038
ff01
0002
7fff
0004
0064
0028
0002
0100
0010
0028
0101
012c
ff01
0008
0008
ff01
012c
0002
ffff
0064
ff01
0001
0060
0002
00ff
0040
0038
0010
7fff
00ff
0030
0064
0040
8000
fffe
0060
fffe
ff01
0060
0100
0064
0010
0040
0100
7fff
012c
012c
ffff
0040
8000
0002
0040
0001
0001
0028
fffe
0038
012c
8000
0010
0002
fffe
fffe
0038
0004
ffff
0040
0030
ff01
0010
012c
ff01
fffe
0100
ffff
0002
012c
0060
7fff
0028
00ff
fffe
00ff
0060
ff01
00ff
0001
8000
0060
7fff
0040
0001
0028
0101
0038
0100
0038
0060
0040
012c
0060
ffff
0064
0028
0060
7fff
7fff
0028
0028
0101
ff00
fffe
ff00
0010
ffff
0008
0040
0002
0001
8000
0002
0001
ffff
0060
0010
0064
0008
00ff
ff01
0002
0101
0001
8000
ff01
8000
ffff
ff00
0101
012c
0001
0040
fffe
0064
0010
0008
0028
0060
0100
0040
0100
0004
fffe
00ff
ff01
0101
0004
0030
8000
0030
0064
0030
0064
ff00
0030
0010
8000
0028
8000
ff01
00ff
0010
ff01
0100
0008
ff00
0001
00ff
0001
0064
0040
0028
fffe
ff01
0004
0028
00ff
0101
0030
ff00
7fff
0028
0100
00ff
8000
7fff
0010
0064
0010
0100
0060
ffff
8000
ff00
0100
ff01
0010
8000
0038
0002
ff01
0100
ff00
0064
00ff
0030
0008
8000
fffe
ff00
0028
0040
0064
00ff
0010
0040
0060
0101
0002
0008
0101
fffe
012c
0008
ff00
ff00
0060
ff01
0008
ff01
ffff
0040
ff00
0008
00ff
012c
0001
8000
ff01
7fff
0002
8000
012c
012c
ffff
0101
0030
0028
0060
0028
0004
ffff
0030
00ff
012c
0030
ffff
0064
00ff
0038
ff01
00ff
fffe
7fff
ff00
0010
0002
0040
0010
0040
ff01
0008
00ff
8000
0060
0040
0060
0001
ffff
0060
ff01
0040
0002
0028
ff01
012c
0101
7fff
0028
0038
012c
00ff
ff00
7fff
ffff
0100
0100
fffe
0030
ff00
0030
0064
0100
ff00
0028
ff01
00ff
0060
ff01
7fff
8000
0004
0004
012c
ff01
ffff
0004
0004
0008
00ff
0038
fffe
0008
0001
7fff
0030
00ff
0060
0040
0060
0002
0010
0038
ffff
0028
0064
7fff
fffe
012c
0004
0038
ff00
0060
0064
0101
ffff
0030
fffe
0030
ff01
0040
0001
ff00
ff00
0030
0064
7fff
0101
0040
0100
0004
0028
0060
0002
ff01
00ff
0008
0064
ffff
0100
8000
0060
8000
0040
ff01
ff00
7fff
0004
0008
0040
ffff
8000
0064
00ff
ffff
0008
0064
0100
8000
0030
0001
fffe
7fff
8000
0001
7fff
00ff
0010
0008
0028
0008
0008
00ff
0038
0060
0040
0004
0004
ff01
7fff
0028
012c
8000
0008
0010
0060
00ff
0038
0028
0101
0004
0064
0010
00ff
0001
0010
0101
fffe
8000
8000
0002
012c
fffe
0038
0008
8000
0038
0001
0100
0008
0001
0100
0028
ff01
0038
0030
0060
0064
00ff
0100
0002
00ff
0002
0040
00ff
0060
0010
0010
0001
0002
fffe
0028
7fff
ff00
0100
ff00
0038
012c
0060
ffff
0100
0028
0010
ffff
ff01
0060
ff00
0002
012c
012c
0060
0038
00ff
0038
0008
8000
0002
ff00
0028
00ff
ffff
0002
0100
0004
0002
0100
0001
0101
00ff
0040
0028
0040
0060
0100
0028
0028
0101
00ff
0030
fffe
0001
8000
0040
0028
ffff
fffe
ffff
0038
0001
ff00
0010
ff00
0001
0001
0008
ff01
ff01
0100
012c
ffff
8000
0028
fffe
ffff
0008
fffe
0101
0030
ff01
0101
0001
0008
0064
0038
0008
8000
00ff
0010
ff01
00ff
0064
0001
00ff
0028
0028
7fff
0030
ffff
0028
0060
0008
fffe
ffff
0002
ff01
0004
0001
0100
7fff
0002
0001
0040
ff00
7fff
012c
0040
00ff
0028
00ff
0100
ffff
0001
0064
0060
0001
0100
0040
ffff
012c
0101
0002
ffff
0060
ff01
0101
0040
012c
0101
0008
fffe
0040
012c
0008
ff00
0100
0010
0010
0064
0100
0064
0004
0004
0010
0030
0002
0060
ff00
0008
00ff
0040
0010
7fff
0060
0001
0101
8000
0100
fffe
ff00
012c
00ff
0030
0008
ff00
ff00
ffff
ff00
0038
0001
0002
00ff
7fff
0038
0101
ff00
7fff
fffe
0028
0038
ffff
fffe
fffe
0010
ff01
0060
fffe
ff00
00ff
ff00
ff00
7fff
0101
8000
0002
7fff
0008
0030
0028
0004
0008
0030
0040
0002
0100
ffff
0038
0002
0004
7fff
8000
00ff
ff00
0064
ff01
8000
0002
8000
ff01
00ff
00ff
0030
0064
0002
fffe
0040
0038
8000
0100
ff01
ff01
012c
0064
8000
0040
00ff
fffe
7fff
ff01
0038
00ff
ff01
0101
0004
ff01
ffff
0101
7fff
8000
fffe
0101
0101
0030
8000
00ff
0100
0004
012c
0060
fffe
0004
0002
0101
7fff
0004
ffff
ffff
0100
7fff
0004
0040
7fff
0038
0004
ff01
0101
0008
7fff
8000
0064
0030
0064
0028
7fff
ff01
0004
8000
8000
ff00
0060
00ff
0001
ff00
0038
012c
ff01
0064
0100
0030
0028
0101
0001
0038
ff00
0038
ffff
0008
ff00
0038
0008
fffe
00ff
0100
ff01
0064
ffff
0101
0040
0100
0060
0040
0004
8000
0064
fffe
0101
0030
0010
0064
ff01
8000
012c
0028
8000
0100
0008
ff01
fffe
0002
0002
fffe
0028
ff01
8000
fffe
0002
8000
00ff
ff00
012c
0060
0060
0028
0038
0002
0101
0004
ff01
0002
0004
0100
fffe
fffe
0004
0028
00ff
0064
0100
ff00
7fff
0008
0101
0002
8000
ff01
ff00
8000
00ff
0030
ff00
0002
0100
8000
ff01
0101
0101
fffe
0038
ffff
8000
0060
0030
00ff
00ff
0038
0001
ffff
0040
0038
8000
0002
0002
0010
012c
00ff
ff00
0101
0001
8000
012c
0028
8000
00ff
0002
0008
00ff
0064
0010
0100
0038
0002
0004
ff00
0028
fffe
0002
fffe
0001
0028
0010
ffff
0030
0040
012c
0004
ff01
0060
0040
0010
0008
0002
7fff
0038
ff01
0060
0001
0030
0101
0004
0101
0100
ff00
ffff
0028
8000
0002
0060
fffe
0040
0030
012c
0038
0010
0038
0064
ff01
0064
00ff
0038
ff00
0010
0030
0010
fffe
ff00
ffff
0064
0002
0001
0060
0060
fffe
0100
ff00
0004
7fff
0004
7fff
0008
0064
0010
0040
0004
0060
0038
0010
0040
0101
00ff
0008
0101
fffe
0004
ffff
0004
00ff
fffe
0101
0002
0008
8000
0008
0001
0040
0001
0064
0064
0004
0060
0101
00ff
0001
0040
0030
0100
0028
ff01
0008
ff01
0040
0028
0001
0038
fffe
0100
0064
7fff
0060
7fff
fffe
ff00
0100
0030
0001
0001
0101
0010
ff01
0008
0002
00ff
0060
0001
0060
0060
ff01
0008
0001
fffe
0002
0064
0001
0038
0004
8000
0064
0002
8000
012c
0010
0028
7fff
ffff
0038
fffe
0060
0008
0100
0030
0001
8000
0004
0064
8000
0002
0001
0002
ff00
ffff
ff00
0008
0038
0060
0008
0001
7fff
0040
0028
0038
fffe
0010
0028
0001
012c
0030
8000
0101
0002
012c
ffff
0008
0010
7fff
0038
0038
0060
0030
0008
0028
0004
0040
0001
0002
7fff
8000
0030
0101
fffe
8000
ffff
8000
0001
0101
8000
0030
0001
0038
0008
0060
ff00
0101
0101
0004
0038
0064
0004
0040
012c
ff00
0002
fffe
00ff
ff00
ffff
fffe
0060
0001
0101
fffe
0030
0002
0001
0001
ff01
00ff
0060
0008
0060
0010
0064
0001
0008
0010
0038
ffff
8000
0100
0060
ff00
00ff
fffe
0008
0030
0038
0008
0004
fffe
00ff
0001
0040
0064
0001
0100
fffe
0028
0004
0004
7fff
0040
00ff
0064
0010
8000
0100
0100
0064
0030
0101
0002
0004
0008
ffff
0101
8000
0008
0001
0064
0060
0001
fffe
0028
0064
0060
fffe
0101
0038
0002
0040
0010
ff00
0100
0004
0028
ffff
0040
0064
0030
0064
ff01
ff00
7fff
0060
0040
0030
0060
0038
ff01
0038
0002
fffe
0004
fffe
0040
0010
0010
0028
fffe
0064
ff00
0010
0040
012c
0001
0060
0064
ff01
0064
0001
ffff
0101
fffe
ffff
00ff
0064
00ff
0028
0004
ffff
7fff
ffff
fffe
0040
ff00
ff00
0038
012c
fffe
00ff
0002
0001
0060
0064
0002
fffe
0064
ff01
0100
012c
0008
0001
7fff
0001
ff01
00ff
0101
0030
ff01
012c
0030
0010
0040
0040
0030
0101
8000
0100
0004
ff01
00ff
012c
ff01
0101
ffff
ff00
0100
fffe
7fff
00ff
ff00
7fff
fffe
ffff
0040
0038
0038
012c
00ff
ff01
0008
fffe
0100
0004
ffff
7fff
7fff
7fff
ff01
0008
ff01
0101
0028
0008
00ff
0008
0101
0002
ffff
0060
ff01
ff00
0002
ff00
0100
012c
0064
ff00
8000
012c
0030
0040
0040
7fff
0004
0060
ff01
0064
0030
7fff
ffff
0038
0001
0030
8000
0040
0001
0001
0002
0028
ff00
0038
0101
7fff
ff00
00ff
0002
0010
0060
8000
0010
0101
0040
0101
fffe
fffe
0100
ff00
0060
0001
fffe
ff01
0030
ff01
ff01
0010
0100
0101
ff00
7fff
0100
0030
fffe
ffff
0002
8000
0030
012c
ffff
fffe
7fff
0100
0001
fffe
0030
ff01
0002
012c
0001
ff00
0028
0008
ffff
7fff
0030
012c
0001
0010
0002
ffff
0004
ff00
0028
fffe
0038
7fff
0038
0028
0001
ff00
0101
8000
ffff
0010
0001
ff01
0060
00ff
ffff
0100
8000
0100
0010
0038
0038
0038
0101
fffe
0028
0030
0010
fffe
0030
ff01
0004
0010
0010
0010
0101
ff01
0010
ff01
00ff
0064
0002
0008
012c
ff01
ff00
8000
0101
00ff
fffe
ff00
0060
0100
ff00
0030
0040
0004
0038
0040
0010
ff01
0001
ff00
0030
0064
0101
ffff
7fff
0060
0101
ff00
0064
0004
0060
0001
ffff
0002
0060
0060
0004
012c
0028
0004
012c
012c
0001
0030
0004
0008
0100
ff01
0001
0028
0040
fffe
012c
ff01
0001
0028
0010
0002
0060
0064
0064
7fff
fffe
0030
0040
8000
0010
0001
0010
0064
0101
0010
0038
0100
0008
0060
012c
0101
0030
012c
0038
012c
fffe
8000
0040
012c
012c
0060
00ff
012c
0064
0001
0010
0030
0100
0001
012c
0010
00ff
ff01
0100
012c
0028
0040
0002
ff01
0010
00ff
0101
fffe
0002
0004
0002
7fff
fffe
0030
0002
0038
0040
0001
ff00
0030
0002
0060
ffff
0004
fffe
7fff
012c
0038
012c
0001
8000
0101
7fff
0010
7fff
0101
00ff
ff01
0101
0060
ff01
0008
0008
0030
0002
0001
ff00
7fff
0002
012c
0030
0001
0030
0100
012c
012c
0004
0004
0008
0100
ffff
0028
0002
ff00
0040
0002
0030
0008
00ff
0001
7fff
0101
0008
0010
0030
ffff
0002
ffff
0040
0004
0002
ff01
0100
0001
012c
0101
8000
ff01
ff00
0030
0030
00ff
0030
ffff
0010
0008
0001
7fff
0040
012c
0004
0040
012c
0008
0064
ffff
0040
ff01
ffff
ff01
0040
0008
0008
0100
0028
0004
0008
0100
ff00
ff01
0064
7fff
ff01
7fff
0100
0064
012c
ffff
ff00
ff00
0064
8000
0004
fffe
0064
ffff
fffe
0001
00ff
ffff
0001
ffff
0028
012c
012c
0100
0100
8000
0038
0038
0028
0040
ffff
0001
00ff
0100
8000
0040
0030
012c
0101
0010
0038
fffe
ffff
0100
0101
7fff
0101
ff01
7fff
0008
0030
0064
0028
012c
012c
8000
0008
7fff
012c
00ff
fffe
8000
012c
0010
ffff
0060
00ff
0030
ff00
fffe
8000
0008
0001
0028
0008
012c
8000
0030
0038
8000
0001
0064
012c
00ff
012c
0008
00ff
0010
0038
0002
ff00
0101
0060
0001
0001
00ff
0028
8000
fffe
fffe
8000
ff00
ff00
0100
ff00
0028
0101
0010
0030
00ff
0030
ffff
0064
00ff
ff00
fffe
0040
ff01
0002
0004
ffff
0002
0101
0038
00ff
00ff
0001
7fff
ffff
0002
0040
0008
0030
0030
ff01
0028
ff01
0064
8000
0028
0028
ff00
012c
8000
0010
0060
0002
7fff
0040
0002
fffe
ff01
ff00
fffe
012c
0100
012c
0004
0101
8000
0010
ff00
012c
0001
0060
ff00
0060
0101
0001
0002
0010
0064
ff00
012c
0060
0060
0002
0038
0040
0028
8000
7fff
0008
0001
8000
8000
ffff
7fff
0060
8000
0038
0040
0060
0010
00ff
ff01
012c
0040
0001
0030
0008
0064
012c
8000
0004
0004
0040
fffe
00ff
0060
00ff
0030
fffe
0064
fffe
8000
0060
0008
00ff
0001
0004
0030
0060
0002
0001
0028
0064
fffe
8000
0060
00ff
0008
0064
0028
ffff
0001
ff00
0004
00ff
0004
0064
012c
0002
7fff
0040
0028
0101
0060
0030
0001
0100
0004
7fff
012c
0008
7fff
0002
8000
0064
0010
0101
ffff
ff01
ff00
fffe
0004
ffff
0064
0101
0101
0001
0064
0101
00ff
8000
0030
ff00
8000
00ff
012c
fffe
ff01
ff01
0008
0060
0008
fffe
0064
0001
0101
0060
fffe
ff00
0100
8000
0030
0004
ff00
fffe
fffe
0001
00ff
0040
012c
8000
7fff
0004
00ff
8000
0101
ff00
0100
ff01
0010
0002
7fff
7fff
0060
0100
ff01
0002
0101
0038
012c
00ff
8000
0030
7fff
0040
0038
0008
0004
8000
ffff
0040
0030
0010
ff01
0038
0010
00ff
0101
00ff
0060
0100
ff01
0001
0008
0040
ff01
0100
0064
0038
0004
ff00
8000
0100
0004
0001
0001
0101
0030
0004
0040
ffff
ff00
0004
0101
0028
0030
0101
0004
0064
0028
8000
0004
0010
0100
7fff
0040
0060
fffe
0010
0002
00ff
0030
ff00
0040
0064
0101
0002
0010
0064
fffe
0001
0040
0060
0064
0064
0101
fffe
fffe
0101
fffe
0030
0040
0002
0101
0100
ffff
fffe
0101
0004
fffe
0010
0038
ff00
012c
0030
0101
0028
0002
00ff
fffe
012c
0001
0028
ff01
0001
0030
00ff
0064
012c
0008
ff01
0004
ff01
8000
ff01
ffff
0060
0002
0010
00ff
012c
0008
0010
0008
0038
7fff
0064
8000
0010
ff01
0028
0030
0030
0040
ff01
0100
012c
0001
012c
0001
0010
00ff
ffff
0008
fffe
0064
0038
ff00
ff01
0038
0004
0101
0002
ff00
ff00
0030
ffff
012c
0002
0002
0004
0010
0028
0060
ffff
0010
ff01
0002
ffff
0008
0008
0101
012c
0101
ff00
00ff
0060
0100
0004
0008
0038
0060
0060
012c
7fff
0064
fffe
8000
0002
ffff
00ff
7fff
012c
0040
0010
0060
ff00
ffff
0028
0100
0010
0060
0100
ff00
0064
0100
0030
0004
ff00
0028
0002
00ff
ff01
0010
00ff
0038
ff00
0101
0004
0060
0040
0010
0064
0060
012c
8000
0064
0002
0004
0010
00ff
ffff
00ff
8000
0030
8000
0030
0004
ff00
0040
0038
0040
0038
8000
0001
0001
0004
ffff
0008
0064
0028
0060
0100
0002
0010
0101
0030
ff00
ff00
0064
8000
0001
0060
0010
0040
0060
0040
00ff
0028
fffe
0030
0010
0060
0060
0100
0010
012c
ff00
0004
0008
0002
0001
ff01
00ff
0101
00ff
0040
0101
0002
0004
0101
0064
0010
0002
0010
7fff
ff01
0002
fffe
0030
fffe
0060
012c
0040
0101
0060
0030
8000
0001
0008
7fff
0028
0060
0060
ffff
0101
0064
0038
0060
7fff
0008
fffe
0028
0064
ff01
00ff
0060
0008
0002
0064
8000
0004
0010
8000
012c
ff00
ffff
00ff
012c
7fff
00ff
ff00
0008
0040
0001
0002
0030
0101
0060
0002
0001
fffe
7fff
0001
0038
0010
0064
0040
012c
ff00
0064
0060
ffff
0008
0060
00ff
0100
00ff
7fff
0004
ff01
0028
0060
0008
0038
0060
0002
0064
0060
0040
0038
0060
0001
0010
0100
ffff
0101
7fff
0060
0100
00ff
8000
0060
0001
ff01
0008
0064
0030
0001
ff00
0030
0028
0100
ff01
0008
0004
0004
0064
0100
ff00
0002
0001
0100
0060
0008
ffff
0010
0030
0002
012c
0038
0004
0064
0001
0028
0010
0001
7fff
012c
0101
00ff
7fff
0001
0101
0010
0030
0030
012c
8000
fffe
0040
0001
0008
0030
0100
8000
ff00
ffff
0038
ffff
0008
0064
0004
0060
7fff
0004
0008
0100
0064
00ff
7fff
0008
0064
0060
0002
0040
0101
0008
0030
0028
0064
0008
00ff
012c
0010
0008
0101
0101
0100
0040
0028
ff00
0040
ff01
0004
012c
0028
0060
00ff
012c
ff00
ff00
0030
0038
0101
0100
0008
0004
0002
0064
0001
0064
0101
0064
0002
0004
8000
0040
0040
0028
0008
0030
0038
0100
0004
0010
ff01
0002
0101
7fff
0040
0004
0010
7fff
00ff
0038
0040
00ff
ffff
0101
7fff
0008
0060
8000
0001
0064
0001
7fff
0100
ff01
0004
8000
ff00
8000
0064
0010
0002
ff01
7fff
fffe
0060
0060
0004
0038
0010
0028
0038
012c
0064
7fff
0030
0008
0060
0002
ff01
8000
0004
0002
0038
ffff
0008
0004
0064
ff01
00ff
0038
0010
00ff
8000
0001
ffff
0002
012c
0010
0010
ffff
ffff
0028
7fff
0008
7fff
0100
0001
0101
0002
0002
0101
0004
0002
00ff
fffe
0064
ff01
8000
0004
0060
ffff
0008
8000
0008
0060
0010
0100
0038
0028
0101
0038
0010
7fff
0008
0060
0040
ff00
0010
ff00
7fff
0002
0008
0028
0100
0100
0040
0004
0008
ff01
0004
0002
0002
ff01
7fff
fffe
012c
0001
0100
0060
0101
0010
0002
0100
0064
0028
0060
0100
0101
0030
0030
0060
0060
0004
0060
0064
ff01
ff00
0030
0010
0101
00ff
0040
8000
00ff
ffff
fffe
8000
0040
0010
8000
0030
012c
0100
fffe
7fff
0038
7fff
0064
0038
0004
00ff
0004
00ff
0064
0101
0060
0064
7fff
0008
0030
0002
0010
0030
0030
00ff
0028
0004
ff01
0010
0100
fffe
ff01
0030
0008
0008
0038
ff00
0002
0002
012c
0101
ffff
ff00
00ff
0038
0038
0002
0002
0100
0008
0060
0001
0010
0002
0008
0010
0101
8000
ff01
0101
fffe
ff01
0030
0064
8000
0030
0028
0060
8000
0040
0100
8000
fffe
0040
fffe
fffe
fffe
0010
0038
fffe
0028
7fff
00ff
ffff
0030
00ff
0010
fffe
0101
0008
0004
0064
ffff
0030
0060
fffe
8000
ff00
0010
0028
0030
ffff
0101
012c
0010
0100
0030
ff00
8000
0001
8000
0040
ffff
0060
0010
00ff
0028
0100
0004
8000
ffff
0030
012c
0010
0101
0008
0060
0008
00ff
fffe
0060
7fff
0101
0010
0100
0004
7fff
0040
ff00
0030
ff01
7fff
0038
0002
00ff
0030
ff01
0030
ff01
fffe
7fff
012c
0100
ff01
0040
0010
0060
0004
7fff
0004
0010
012c
0030
ffff
0040
7fff
0030
00ff
00ff
0008
0004
8000
0002
7fff
0100
00ff
0060
0060
0064
0001
0040
0060
0100
0002
fffe
0038
0038
0100
0038
0008
0064
00ff
012c
0064
0038
0064
7fff
0002
0004
0030
0060
0060
012c
0030
0101
0100
0004
0060
0008
ff00
0001
0038
0008
8000
012c
0002
0004
ffff
ffff
0010
fffe
ff01
7fff
0040
0001
8000
8000
fffe
012c
ff01
ffff
7fff
0030
0002
0100
0030
00ff
0060
0010
0028
fffe
0030
0010
0040
0028
00ff
00ff
8000
ffff
012c
ff01
0028
0010
ff01
0101
0101
0038
0002
0064
0064
ff01
0030
ff00
0004
0060
ff00
0001
0001
0060
012c
ffff
0008
0002
0101
0064
fffe
0010
7fff
0008
0004
0038
0008
0100
ffff
ff00
0064
0100
0038
8000
0001
0040
7fff
0028
0060
ffff
012c
ffff
7fff
ffff
0100
0101
0060
0010
ffff
0040
0101
0008
0008
0100
0060
7fff
0038
0002
0064
0002
0004
0004
0010
ff00
0002
0028
00ff
0040
ff00
00ff
0100
0030
0038
0010
0010
0040
0004
00ff
0101
0100
012c
7fff
ff00
0038
00ff
00ff
0001
00ff
0010
ffff
0010
fffe
7fff
00ff
7fff
0001
ff00
0101
0001
0038
012c
0010
0028
0004
0101
0004
ff00
0004
00ff
00ff
8000
0101
8000
0100
0002
0101
0004
0001
0004
ff00
0001
0002
0040
7fff
0030
0040
012c
00ff
0100
ff01
0004
ff01
0004
0040
8000
0030
8000
0008
0100
0064
0002
0004
7fff
0060
0038
ff00
00ff
0002
0002
0040
ff01
0008
012c
0004
0030
0101
ff00
0008
fffe
0040
ff01
0008
ffff
0030
00ff
0040
0064
8000
0028
0001
0004
0002
0008
8000
fffe
0038
0002
ffff
fffe
ff00
0060
8000
0101
0101
012c
0100
0008
0001
0040
ffff
ff00
ffff
ffff
ff01
0038
0064
0010
0040
0008
012c
7fff
ffff
0060
0038
0064
0038
0004
0064
ff01
0038
0100
0008
ffff
00ff
fffe
0002
0060
7fff
ffff
0001
0101
012c
0030
0040
012c
0008
ff00
0100
0004
0101
ff01
0064
012c
0001
0064
0040
0030
0100
0008
00ff
ff00
0028
ff00
ffff
ff01
fffe
0064
0001
0030
0010
fffe
0038
0060
fffe
8000
0001
0028
0060
ffff
0002
0010
0100
00ff
0002
0030
0101
0038
0064
8000
7fff
8000
0101
0030
ff01
8000
0001
ff00
0064
0004
0010
8000
ff00
012c
012c
0101
8000
0008
ffff
00ff
0010
8000
fffe
0004
0064
fffe
0028
7fff
ff01
0028
0101
7fff
012c
0004
7fff
0064
8000
0004
ff01
0101
0038
8000
0004
0004
0002
0028
0060
0038
0028
0101
0101
0100
0030
0100
ff00
7fff
0028
fffe
ffff
fffe
0040
7fff
0060
0028
012c
0002
0001
fffe
8000
0040
00ff
ffff
00ff
ffff
fffe
0101
ff01
0040
0001
0064
fffe
0028
0064
7fff
7fff
ff00
ff00
0008
0030
0002
0028
012c
ff01
0038
0030
fffe
0002
0010
0040
ff00
fffe
8000
7fff
0101
0060
0001
0040
00ff
0028
0040
00ff
ff00
0064
0002
0040
0060
ff00
ffff
0030
0028
0030
0101
0001
0030
0100
0100
012c
0028
0040
0030
0028
0008
ffff
7fff
7fff
0100
0010
0002
0101
0002
0030
fffe
0028
8000
0040
ff01
ffff
0004
012c
fffe
0004
ff00
0100
0038
fffe
7fff
0028
012c
012c
00ff
0001
0038
ffff
ffff
0004
0010
fffe
7fff
00ff
ff01
0004
0060
0008
0064
00ff
ff01
0004
012c
0010
0064
0100
0040
0101
0030
0064
ff00
0028
7fff
0064
0040
0100
0008
0001
ff01
012c
0001
0028
0004
8000
0002
0030
fffe
fffe
0028
ff00
0064
0004
0030
0001
ffff
0002
012c
0038
0030
ffff
0002
0060
0101
0010
8000
7fff
0008
7fff
0008
012c
0040
0060
0038
0008
0010
0008
0040
0008
7fff
fffe
0101
ffff
0064
0002
0004
0060
0028
8000
0028
0030
0010
0002
00ff
7fff
ff00
00ff
0060
0001
ffff
0040
0060
ff01
ff00
0030
0004
0060
0101
00ff
8000
7fff
012c
0010
0100
0008
ff01
7fff
0010
0030
7fff
0004
fffe
0001
00ff
0101
8000
8000
ffff
fffe
ffff
0030
ff01
0100
0030
0002
0002
7fff
0040
0010
0008
0060
fffe
0064
0008
0101
0040
ff01
012c
0101
0040
0060
0038
7fff
00ff
0101
012c
00ff
7fff
8000
ffff
0030
0002
7fff
00ff
0060
0100
8000
0060
ff00
7fff
0004
8000
0064
0100
00ff
0030
ffff
7fff
0101
ff00
fffe
0040
ffff
0101
0040
0004
0038
0040
7fff
fffe
00ff
0030
0002
0002
0028
0030
0004
012c
012c
fffe
00ff
0040
7fff
8000
0028
0028
0100
0040
ffff
ffff
0008
0030
0038
fffe
0040
0008
0038
0101
ff00
012c
0040
0060
0004
8000
7fff
00ff
0060
0101
ff00
0004
0004
0001
8000
0008
ff01
ff01
0010
0038
0008
ffff
0038
0040
0010
ff00
00ff
0030
0100
0038
0064
ff00
ff01
7fff
7fff
012c
0008
0010
ffff
0008
8000
ffff
0002
0001
0030
00ff
0008
7fff
0064
8000
ff00
ff00
0101
0100
ff01
8000
ff00
0001
0002
0038
7fff
0064
0001
8000
0040
ff01
0002
0001
0040
00ff
7fff
ff00
0010
7fff
ff00
0010
0040
012c
00ff
0002
ffff
0030
8000
0002
0030
ffff
0028
0064
8000
0038
0002
7fff
0008
0100
0060
0064
0040
012c
0028
0040
00ff
0064
0030
7fff
0038
0101
ff00
012c
0001
0001
8000
0060
0064
00ff
00ff
0028
0001
ff00
0038
0004
0008
0064
0064
ff01
0040
012c
0101
0008
8000
ffff
0100
0002
0030
0030
0008
0064
0101
0064
0001
0001
ff00
8000
0004
0004
0040
0008
0010
00ff
00ff
ffff
0060
fffe
0030
0060
fffe
0101
0101
7fff
fffe
ffff
0038
0010
ff00
0040
0010
0040
00ff
0008
0038
0010
0060
0028
7fff
00ff
0060
0101
0010
0004
0064
012c
ff01
00ff
7fff
0001
0064
0100
0040
0064
0040
0040
ffff
ff00
0008
0004
0004
7fff
012c
00ff
8000
0060
0100
0004
0101
0060
0001
0100
0010
ffff
ff00
0101
0060
0064
ffff
012c
0038
012c
0008
0040
ff00
ffff
ff01
7fff
ff01
0028
ff01
0101
0100
ff00
0010
0038
ff00
7fff
0028
0010
0010
ff01
0101
0030
ff01
0064
0101
7fff
ff00
0028
ffff
0002
ff01
8000
0101
0038
fffe
0101
ff01
8000
ffff
0001
0004
0028
0004
0040
0064
0002
fffe
ffff
0008
ffff
8000
ffff
0064
0004
0008
ff00
8000
0001
0008
8000
0100
ff00
fffe
0030
0008
8000
00ff
0010
0064
0008
ff00
0038
0002
0004
8000
0101
0004
0060
012c
0038
0002
0060
0060
0004
0064
fffe
0040
8000
0064
0038
00ff
0040
ff00
0038
0100
0060
8000
0100
00ff
0028
ffff
0060
0030
0028
012c
0002
0028
0002
0030
7fff
ff01
ffff
ff01
fffe
7fff
0064
0100
ffff
fffe
fffe
0001
012c
7fff
00ff
ff01
0100
0008
0040
0001
0038
0060
ffff
0100
0030
0004
fffe
0001
0030
012c
0030
0060
0004
0002
0060
7fff
7fff
0010
0008
0004
0028
0064
0004
012c
012c
ff00
0002
00ff
0010
00ff
0010
0028
0100
0008
0010
0002
0028
ffff
0008
0040
0101
0004
0004
012c
ff00
0001
ffff
0064
8000
012c
0101
0010
8000
0002
00ff
ff01
0060
0064
0030
8000
0028
8000
7fff
0004
8000
0040
ff00
0030
0100
0064
012c
0030
ff01
ff01
ff00
7fff
0064
00ff
0100
0040
7fff
0040
0064
7fff
ff00
012c
0028
0100
0001
0028
fffe
7fff
ffff
0040
0064
0064
00ff
ff00
0028
ff00
0100
0100
00ff
0101
0002
00ff
0038
0064
00ff
0004
0002
ffff
ff01
012c
8000
012c
0010
7fff
ffff
0028
7fff
7fff
0008
0004
8000
012c
0008
0060
0101
0064
0100
0040
8000
0064
0004
0030
0030
00ff
0002
0002
fffe
0010
0010
8000
0060
7fff
0040
0038
012c
0002
0064
7fff
ff00
00ff
ff00
8000
0028
ffff
0038
0030
0001
0064
0008
0010
0064
0100
012c
0004
0010
ff00
0028
0010
0010
ff01
fffe
ff01
0004
0064
8000
0030
0030
0028
0040
0028
ff01
fffe
0060
0001
8000
0101
0100
8000
012c
012c
0064
ffff
fffe
0100
ff00
fffe
ff00
00ff
0010
7fff
0002
0040
0004
0038
ff00
0030
012c
0064
ff00
7fff
0064
fffe
0010
0038
0101
0002
7fff
0008
0030
0008
fffe
7fff
0100
0008
0100
7fff
7fff
ffff
0038
0040
0038
ff01
ffff
0100
0060
0040
ff00
00ff
0010
ff00
0004
0060
0010
0004
0030
ff01
0008
0004
0040
0038
0004
0064
8000
0064
0001
0060
ff00
0004
0060
00ff
012c
0028
0010
0038
0008
0001
0100
0001
ffff
0010
0040
0001
0001
0028
ff01
0040
0064
0030
ffff
0008
0060
ff01
0008
0001
ff00
0010
0040
7fff
00ff
0101
012c
00ff
0002
0001
0002
0030
012c
ff01
0100
0101
ff01
0010
0101
0002
ff01
0060
8000
0060
0064
0004
0100
0004
0030
0038
ff01
0101
ff01
0038
fffe
0100
0004
0008
0028
0030
00ff
ff00
0008
0030
0100
0008
0100
0064
0064
ff00
012c
012c
ffff
8000
0038
0001
012c
ff00
ffff
ff01
ff01
0002
0010
0060
00ff
fffe
ff01
ff01
7fff
ffff
ff01
0038
fffe
0060
0040
0028
ff00
0028
0038
00ff
0100
0060
ff00
8000
0038
0040
0040
7fff
ffff
ffff
0004
0008
0001
0008
012c
0010
0064
ff00
0008
0040
0064
0010
8000
00ff
7fff
ff01
0064
ffff
012c
0030
0028
0038
00ff
0060
0060
0002
00ff
012c
0030
0028
7fff
0030
0064
8000
0038
0028
0010
0064
0040
8000
0060
ffff
ff01
0101
0038
00ff
7fff
0002
0100
0028
012c
7fff
fffe
0038
0064
0010
0101
7fff
0001
00ff
ff00
0010
0101
0101
0060
ffff
fffe
0008
0100
ff00
0100
ffff
0004
0004
8000
0010
0064
012c
0040
fffe
7fff
0060
0038
8000
0001
0001
0008
0064
7fff
ffff
012c
7fff
0100
0030
012c
0010
0001
ff00
ff00
0040
0040
0038
0100
0060
012c
ff01
0028
0040
8000
0028
0004
00ff
7fff
ff01
00ff
012c
0028
0008
0101
8000
012c
0030
0038
0064
0100
0001
00ff
0028
0028
0001
0028
0030
0004
ff01
012c
0060
7fff
00ff
0030
0040
0001
0002
0100
ffff
ff01
0008
0064
7fff
0100
0008
8000
ffff
ff00
0100
ff01
0002
fffe
0064
012c
0001
00ff
fffe
0001
0001
0040
0100
8000
0064
0010
0002
0060
8000
00ff
012c
0002
0002
7fff
ffff
ff00
0002
0010
0030
0064
0038
00ff
7fff
8000
7fff
012c
00ff
0002
0002
0101
fffe
0060
ff01
ff01
0010
0100
0064
0004
0100
0010
0001
0001
ffff
0038
0008
012c
0064
0038
7fff
0004
0100
0040
0101
00ff
0038
0001
012c
0040
00ff
0060
0038
fffe
0100
012c
0028
0030
0010
0002
0001
ff00
0101
0028
0004
0101
7fff
0064
0004
0008
0040
0060
012c
8000
8000
7fff
ff01
0040
ff01
0064
0010
0040
0010
0100
0008
0030
012c
0008
00ff
ff00
0038
ffff
fffe
0010
7fff
ff01
012c
0030
ff01
0001
0002
0030
0038
0060
0101
0004
ffff
0010
0008
0001
8000
0001
0001
012c
0010
0008
0040
0064
0004
0038
fffe
0060
0028
0004
8000
fffe
0040
0064
8000
ff00
fffe
8000
0060
0040
ff00
0030
012c
0010
0008
012c
0030
00ff
0002
0060
fffe
ff01
8000
ff00
0100
7fff
ff01
0010
0004
0040
fffe
0001
00ff
0064
012c
0064
0010
ff01
ff01
012c
fffe
0028
8000
0030
00ff
0004
7fff
012c
ff01
ff00
0008
ffff
0100
0002
8000
0060
0038
ff01
00ff
0030
0100
ff01
0060
ff01
fffe
0038
0038
012c
ffff
ff00
0004
0038
0060
ff01
0004
0100
ff01
ff00
0028
0010
ffff
00ff
ff01
ffff
ffff
0028
0028
0038
0038
fffe
0060
0030
ffff
00ff
0100
0040
0030
7fff
7fff
0060
0001
ff01
fffe
0101
0064
0008
0060
0064
0038
0001
0038
0001
0064
00ff
0002
0001
0101
fffe
0060
0040
7fff
ffff
0001
0064
0038
8000
fffe
8000
0060
012c
0028
00ff
ff01
ff00
0100
0008
0100
0030
0038
012c
0002
0040
0010
0001
0040
ff01
00ff
7fff
0008
8000
7fff
ffff
012c
0060
0060
0060
00ff
0100
0001
ff01
ff00
0001
ff01
0010
012c
0101
0064
0001
0100
ffff
0040
00ff
ff00
00ff
012c
0101
0101
0100
0038
0008
0038
8000
ff00
00ff
0101
0101
0101
0028
0002
0100
ffff
0038
0040
7fff
0040
00ff
ff01
0008
0040
0004
0004
fffe
0101
8000
0004
0038
0040
ff01
8000
0010
0010
ff00
ffff
00ff
0008
0030
0004
ffff
0001
0040
0064
0002
0008
0002
0004
0004
0038
0002
fffe
0100
0002
0030
0060
7fff
0060
fffe
0002
0030
0101
0002
0030
0002
ff01
0010
0010
0060
0002
ff01
0004
0038
0060
8000
0010
fffe
0030
0028
0004
0030
0060
0001
ff01
012c
0064
0030
012c
0028
8000
0101
7fff
00ff
0101
0064
0030
00ff
0038
0060
0040
0101
0060
0004
0060
0064
0101
0101
0002
0008
0040
0100
0002
0060
0028
0004
0038
012c
ff01
0008
ff01
0030
0101
ff01
fffe
012c
00ff
0064
0060
fffe
0001
0030
0010
ff00
0101
0040
0040
fffe
0001
0002
0002
0060
0008
0101
00ff
0038
0100
0064
00ff
0038
0001
0010
0030
fffe
ff00
0038
0100
fffe
fffe
00ff
7fff
ffff
0001
0038
0001
8000
7fff
0008
00ff
7fff
ffff
00ff
0100
0001
ffff
0001
0002
0010
0060
0040
8000
0002
0060
0008
0028
0010
0008
012c
0038
8000
fffe
0038
8000
ffff
0030
0001
012c
ff00
0001
0060
7fff
0028
0100
8000
0002
0002
0001
00ff
0030
0101
012c
ffff
0060
0101
ff01
8000
0101
fffe
ffff
ffff
8000
0101
0040
012c
012c
0100
ffff
0060
ff01
00ff
0040
0101
0010
00ff
ff00
0040
0064
0030
8000
0010
0010
0038
00ff
0010
0100
0038
0040
012c
7fff
0040
00ff
0100
0010
0028
0001
0030
0100
0040
0028
0040
ffff
7fff
0030
ff01
0010
0101
0001
0101
0038
0004
8000
0002
0002
0008
0008
0010
7fff
00ff
ff01
ff00
fffe
0004
00ff
ff00
012c
fffe
ff01
0028
0060
00ff
8000
0004
0004
0064
0001
ff00
7fff
0010
0101
ff00
0004
0100
fffe
ff00
00ff
0100
0010
0101
0008
0040
0004
0001
0008
8000
012c
0040
8000
ff00
0002
0038
ffff
0001
0038
0028
ff01
ff01
0064
fffe
0060
0030
00ff
0010
0060
0030
0040
0038
ff01
ff00
0002
8000
0030
0060
0008
0060
ff00
0002
0101
fffe
ff01
0010
7fff
0001
ff00
0010
0004
00ff
00ff
fffe
0060
0010
0008
0004
0010
0008
fffe
0064
0064
0004
0038
0030
0028
0008
00ff
ff01
00ff
0038
0064
ff01
ff00
0060
ffff
0010
ffff
0038
0008
fffe
0002
0008
ffff
0101
ffff
0101
0010
ff01
0010
8000
ffff
ffff
0008
fffe
0100
fffe
0001
0060
0040
0038
ffff
012c
ff00
0101
0060
7fff
0101
0028
00ff
0064
0001
0038
0040
0100
0030
0064
0038
0002
0101
0030
0004
0060
0038
0004
0001
0101
00ff
00ff
00ff
ff01
0040
8000
ff01
0100
7fff
0028
0040
0060
ff00
0060
7fff
00ff
0060
0030
0064
ffff
0100
0101
0064
0064
8000
ff00
0038
012c
0002
0060
ff01
0010
0002
00ff
00ff
0100
0040
0038
ffff
ffff
00ff
ffff
0004
0004
ff01
8000
0101
0010
0038
0038
ff01
0060
0064
0060
8000
8000
0100
0030
0101
0101
0008
ff00
0002
0060
0001
0101
ff00
ff01
0004
0030
0060
0060
0004
0064
0064
0100
0004
0038
0028
0028
0008
0101
fffe
0004
0010
0030
fffe
00ff
0001
ff01
0040
0040
0008
0002
0064
fffe
0100
0060
8000
ff01
8000
0064
0010
0040
0101
0028
0008
0101
012c
ff01
ffff
0004
0060
0101
7fff
ff01
0101
0008
0030
012c
0010
7fff
0004
0100
0008
0004
fffe
fffe
0064
0001
0040
ff00
00ff
ff01
ffff
0004
0060
7fff
0001
fffe
0040
0002
ff01
0008
0100
0064
0064
0028
ffff
ff01
0010
0040
0010
0030
0010
00ff
7fff
0060
0001
ff01
ff01
0038
0101
0060
7fff
0028
0001
0100
ff00
ffff
0008
ff00
0040
0100
0038
0101
ff00
0060
8000
00ff
fffe
8000
fffe
0001
0038
0060
0008
0030
0060
0030
0060
8000
0100
0030
012c
0064
0030
0008
ff01
00ff
0001
ff00
0100
0010
00ff
8000
0008
0040
0060
0040
012c
0040
ffff
ff01
0010
ff01
0100
ffff
8000
ff00
fffe
0010
8000
0030
0010
0002
ffff
0100
fffe
0010
0010
0100
0060
0002
0030
0040
0008
ff01
0040
0028
0064
0001
0064
8000
0030
0008
8000
0001
0038
0008
7fff
0100
0101
0064
0004
0101
8000
7fff
0101
00ff
0030
ff00
0004
ffff
00ff
8000
0008
012c
0064
0030
0028
0008
8000
0038
0002
0004
0028
ffff
0010
0060
ff00
fffe
0101
0064
fffe
7fff
0004
0010
0004
0100
0060
0028
0010
0101
ff00
8000
0064
ffff
0001
0002
00ff
0008
0060
fffe
ffff
0030
0002
012c
7fff
0030
0060
ff00
0010
0064
0030
0040
0002
0010
ffff
0101
012c
0004
0040
fffe
0030
7fff
0064
0030
0038
ff01
ff01
00ff
ffff
0002
0100
0004
0030
fffe
0001
7fff
0100
0028
8000
0060
ff00
0002
0010
0040
0001
00ff
ff01
0064
0064
0101
0064
0002
0060
00ff
8000
0038
0001
0008
0028
0030
0100
0001
0010
ffff
0038
0004
0064
00ff
ff00
fffe
0060
0064
0060
0028
0100
012c
7fff
0028
ffff
0040
0010
0100
ffff
0100
0100
0040
0008
ff01
0004
8000
0028
0008
ffff
7fff
0008
ffff
0040
0040
ff00
0064
0040
0008
0060
0008
0028
7fff
0030
7fff
0030
0010
0030
0100
0001
ff00
00ff
0004
012c
ff01
0030
fffe
012c
0008
fffe
7fff
0028
00ff
00ff
0060
0064
0060
ff00
0040
0064
0001
0101
ff00
ff00
0101
012c
fffe
ffff
8000
7fff
0040
ff00
0001
0064
0040
00ff
0030
0064
00ff
ff00
0100
ffff
0002
0064
012c
ffff
0008
00ff
0101
00ff
012c
0060
0038
ffff
0101
0001
0101
0010
0004
0100
0101
0100
0100
0001
8000
0002
0064
0002
ffff
0002
fffe
0064
0060
8000
ff01
0060
0038
0100
8000
0064
0030
ff01
0001
0028
012c
012c
0008
0008
ff00
00ff
fffe
0010
0040
0064
00ff
0008
0028
012c
fffe
0028
0060
ff00
0028
fffe
ff01
0064
0038
0002
8000
0002
ff00
0060
8000
0040
0100
0004
ff01
0010
0001
0101
00ff
0010
ff01
0028
0008
fffe
0002
0060
0060
012c
ff01
0010
0002
0004
0038
0004
ffff
ffff
00ff
7fff
0008
0040
ff00
fffe
fffe
00ff
7fff
0002
0100
0002
0002
0101
0008
ff00
0040
0100
ffff
0010
0002
0040
0010
0008
0001
0028
0008
0001
fffe
0040
7fff
0001
0064
0010
0004
0064
0002
7fff
fffe
0002
0001
ffff
00ff
fffe
0010
0028
ffff
0002
0008
ff00
fffe
0030
0008
0064
ff01
0001
0030
0040
0028
0100
0038
00ff
7fff
ff01
ff01
0040
0101
0101
0004
ff01
0028
0038
0008
0030
012c
0002
0100
0010
0060
0010
0004
0008
0101
ff00
ff01
0008
0040
7fff
0030
7fff
0010
0001
012c
0001
0010
fffe
012c
0100
0040
0101
7fff
0060
0038
0030
0008
0038
0040
fffe
0064
0064
ffff
ffff
0060
0060
ffff
0004
0001
ff00
012c
8000
0060
7fff
0004
ff01
0100
0101
0028
ff01
0008
0030
0030
0001
0002
fffe
0100
0002
0001
ffff
8000
0040
0100
0004
0002
0004
0040
0101
0101
012c
ff01
0010
ffff
ff01
012c
0028
0030
0101
0040
0060
8000
0002
ffff
0101
0060
ffff
0064
ff00
0040
012c
0038
fffe
ffff
7fff
0038
0010
012c
0060
0101
0004
fffe
00ff
0064
012c
0101
7fff
ffff
fffe
0060
012c
0030
0010
00ff
0030
fffe
ff01
00ff
0064
ffff
8000
8000
012c
fffe
0002
0060
0064
0101
0002
012c
ff01
ff00
0040
0010
0064
0030
0060
0028
0028
8000
ff00
7fff
0004
0101
0064
0030
0064
0010
0060
0064
8000
0030
0004
0038
0060
0030
8000
0004
0100
012c
ffff
ff01
0100
0060
fffe
7fff
012c
0002
7fff
0101
0004
8000
8000
0064
8000
0004
fffe
7fff
0008
8000
0100
ff01
0001
0008
0030
0101
00ff
00ff
0008
0028
0030
8000
0038
fffe
00ff
012c
0038
ff00
8000
0001
0004
ff00
8000
8000
fffe
0008
0060
0008
0101
0040
012c
0064
0028
0060
0038
0028
ff01
0040
012c
00ff
0010
0064
0064
012c
0010
0001
7fff
0028
0064
0038
0030
7fff
0064
7fff
0040
0008
0060
0002
0040
7fff
00ff
ffff
0001
0030
0028
0038
0004
8000
0038
0064
7fff
0060
0001
0002
ff01
0002
012c
0060
0100
0008
0038
ff01
0060
0100
0064
00ff
0001
0002
00ff
0010
0002
0060
012c
8000
0030
0004
fffe
0040
0060
0101
0004
0101
ff01
0002
012c
0004
8000
0040
0064
ff01
00ff
012c
0008
0064
0008
0010
0010
0008
ff01
ff00
00ff
8000
0010
ff01
ff00
0040
00ff
7fff
ff00
0001
0060
7fff
0004
ff01
0008
ff01
012c
0060
0100
00ff
00ff
0064
0064
0010
0004
ffff
8000
0002
0100
0060
ff00
ff01
0002
ffff
0060
0038
0100
8000
0030
0040
0038
0038
0100
0010
ffff
ffff
0002
8000
00ff
8000
0038
0064
0038
ff00
ff01
012c
0028
0028
fffe
8000
0038
0010
0038
0040
00ff
0030
0001
0008
0101
0100
0060
0038
0010
00ff
0040
0064
0040
00ff
7fff
7fff
0001
0064
ff01
fffe
012c
0030
0004
ffff
0008
0101
0008
012c
0100
0060
0002
0101
0010
fffe
0038
ffff
ff01
7fff
fffe
012c
0010
0060
012c
7fff
0040
0008
ff00
8000
8000
0060
00ff
0060
0040
0004
7fff
0001
0028
0030
0060
0101
ff00
0030
0008
0101
0010
ff00
0060
0030
0038
0002
0030
0038
012c
7fff
0028
0038
0010
0001
0101
0040
0040
0001
ffff
ffff
7fff
0002
8000
0010
012c
0030
00ff
0038
0030
ffff
0064
012c
012c
fffe
0060
0010
ffff
0001
0038
ffff
0004
ff00
0004
0060
0002
0002
0008
0040
0101
0002
0038
00ff
0100
7fff
8000
0040
0064
0038
0038
012c
7fff
0060
0064
0001
8000
012c
0101
00ff
0060
fffe
0060
0001
0101
0030
0008
ff01
0001
0008
fffe
0040
012c
0030
0008
0004
0030
0064
0040
0101
0028
0060
0038
0064
0101
0030
0028
0064
0004
012c
012c
0060
8000
0100
00ff
0008
0038
0040
0028
0008
0030
0010
0040
0060
ffff
0004
0038
0060
0064
7fff
ffff
ff01
0038
ff01
0010
7fff
0002
0028
0064
012c
0064
0030
0060
0101
ff01
00ff
0060
0002
0004
0060
0030
00ff
7fff
0010
00ff
0064
8000
0002
fffe
0028
0040
fffe
0040
0064
0002
ffff
0004
0004
0028
0001
0064
8000
0002
ffff
0040
0038
0100
ffff
ff01
0060
0100
0010
0010
8000
0008
ff00
ff01
0064
0100
0060
ff01
0001
0004
0040
8000
ffff
0010
0028
0101
0010
0030
0101
0008
0101
0004
0100
0040
ff00
0060
fffe
ff00
0008
7fff
ff01
012c
0064
0100
ff00
ff00
012c
0030
0101
0004
ff01
0010
00ff
0101
0038
012c
7fff
7fff
0001
ffff
00ff
0028
00ff
ff00
fffe
0008
012c
ffff
0038
ff00
fffe
0010
0064
ff00
00ff
00ff
0060
0100
0001
0028
ff00
ff01
0060
012c
0001
fffe
7fff
8000
0038
0004
0004
7fff
0028
0040
ff01
ffff
7fff
0101
ff00
0100
0064
ff01
8000
0028
0004
00ff
00ff
ff01
fffe
0100
7fff
0060
012c
0010
0040
0004
0004
fffe
0038
fffe
0001
0101
0064
0101
fffe
8000
012c
fffe
0040
0001
8000
0101
0100
0008
ffff
0002
7fff
0004
0010
0010
fffe
00ff
ffff
ffff
0008
ff01
00ff
0028
0010
7fff
ff01
0064
0100
7fff
0060
0002
8000
0028
0064
ff00
ff00
ffff
8000
0101
0004
0001
7fff
0101
0004
0064
0002
012c
fffe
0038
0100
0030
00ff
0101
0030
0004
ffff
0008
ff01
ff01
fffe
0100
ff00
0030
012c
ffff
0100
0038
0100
ff00
0004
7fff
0064
0101
0038
8000
ff00
0100
ff01
ff00
0030
0030
0001
0060
0060
00ff
0028
0010
ff01
0101
7fff
8000
fffe
8000
fffe
0010
0064
ff00
8000
012c
0010
0008
0002
ffff
0030
0028
0004
0101
ffff
0004
0004
ffff
ffff
00ff
0038
0001
0004
012c
012c
0004
fffe
fffe
0001
0060
8000
0040
0002
ff00
0001
0030
ff00
0004
ff00
0038
00ff
0040
0008
0004
ff00
fffe
0010
00ff
0038
0028
0008
012c
0100
0030
0002
7fff
8000
0038
0030
0100
7fff
0001
0064
0004
00ff
fffe
0001
0028
012c
0060
fffe
0008
ffff
fffe
0101
0002
ff01
8000
0010
fffe
0100
0004
ff00
0040
7fff
00ff
00ff
fffe
0064
0101
ff00
00ff
0004
00ff
ff00
0010
8000
0060
ff01
8000
0001
ff00
012c
0004
0100
0100
7fff
0040
0008
0038
0100
8000
ff01
0028
ff01
0100
ffff
7fff
0002
ffff
0040
0101
0001
0004
0030
7fff
ffff
012c
0001
ff01
0010
0064
ff00
00ff
ffff
0060
0010
fffe
7fff
0004
0030
8000
0030
ffff
0030
fffe
0002
0004
0004
0004
0100
0100
0030
7fff
7fff
0060
0100
0001
ff00
0008
8000
0101
0002
8000
0040
0008
0001
0002
0030
0060
0001
0002
0028
0008
0008
0001
0010
fffe
0101
0060
0008
ffff
ff01
0040
0064
8000
0040
7fff
8000
0040
ff01
0010
0040
0101
0064
fffe
0064
0010
0038
0100
0040
0101
0004
00ff
0008
0004
0001
0010
0001
0004
0100
00ff
0101
0064
0030
0101
ff00
fffe
0100
ff01
0040
ff01
0038
0040
0038
ff01
0064
ff01
0100
ff00
0101
012c
00ff
0028
0008
ff01
0030
0028
0002
0001
fffe
00ff
fffe
7fff
7fff
0038
7fff
fffe
ff00
0004
0040
7fff
00ff
00ff
ffff
0100
0004
012c
0064
7fff
0040
012c
0064
ff00
0008
0010
0100
ff00
0028
0001
0028
0001
0001
0030
0004
7fff
7fff
8000
0030
fffe
0004
0004
0064
7fff
012c
0040
ffff
0001
0001
0001
0100
0038
0030
0028
0010
0100
7fff
ffff
0038
0002
8000
0028
00ff
0028
0008
0040
0064
0010
0100
0001
0004
ffff
0101
7fff
8000
fffe
ff00
0040
012c
0030
0040
0064
0100
0001
0028
0008
0008
0028
0008
0010
0101
ffff
0001
0060
0030
0030
0010
ff01
0100
fffe
0010
0101
0064
0001
0100
0030
0008
7fff
0030
7fff
ff01
ff01
0001
ff01
ff00
0028
0064
ffff
fffe
8000
7fff
8000
ffff
0030
7fff
0101
0004
7fff
0064
0038
0028
0028
0038
0008
0101
fffe
7fff
0001
ff01
0002
0038
0010
0060
0038
fffe
0038
0064
0030
012c
012c
0064
0028
7fff
00ff
0001
0004
0100
8000
0060
0008
ff01
00ff
0038
0064
012c
0101
00ff
0010
8000
012c
0008
0010
00ff
0030
012c
0001
ff00
0002
0064
0002
0038
0008
fffe
ff01
7fff
7fff
0001
ffff
0028
0060
0030
ffff
0008
ffff
0101
0064
00ff
0064
0001
012c
0060
0064
0004
ffff
8000
012c
ffff
0004
8000
0101
0064
0008
7fff
0028
ff00
0030
0001
8000
0004
00ff
0101
0064
0038
ffff
fffe
ff00
0004
0040
012c
012c
0064
0038
0001
0060
0002
ffff
7fff
0004
8000
ff00
ff01
0008
0008
0040
0040
ff00
0101
fffe
0001
0030
0001
0101
0002
0008
0100
0001
0010
012c
0101
0004
00ff
0002
ffff
012c
0060
0028
0010
fffe
0008
0008
0001
0001
012c
8000
ff01
0038
0040
0004
7fff
0030
0040
0004
fffe
7fff
8000
0064
8000
0040
0010
00ff
ff01
0028
0030
0010
0064
0101
0028
0060
0004
0064
ff01
ff00
0101
8000
00ff
0008
ff00
0010
0040
0030
0100
0060
0008
012c
0010
ff00
00ff
0028
0060
0004
012c
ffff
0004
fffe
0002
0038
8000
ffff
0060
7fff
8000
0002
0008
0002
0004
0101
0060
0030
0101
0060
7fff
00ff
fffe
0028
0040
0101
fffe
ffff
00ff
00ff
0040
ff01
ffff
0030
0030
0060
0010
ff00
ff01
012c
0030
8000
0040
0004
0038
0040
0008
0001
0028
ffff
ff01
ffff
0010
fffe
ff00
0100
00ff
8000
00ff
0038
0101
0101
0064
0064
012c
8000
0101
012c
0004
0002
012c
0008
0064
0060
0001
0060
0040
0008
0028
ffff
ff00
0004
ff00
0038
8000
0038
0001
0100
8000
012c
0038
0008
0060
0008
0004
0008
ffff
0028
0040
8000
012c
012c
0064
0002
012c
7fff
0004
ff00
0008
ff00
ff00
fffe
0030
fffe
0060
0028
8000
0040
7fff
ffff
0060
ff01
ff00
0101
0010
0001
0004
0030
012c
0004
0038
012c
0001
0010
0060
0002
ff01
ff01
0100
0101
0001
0010
0004
0038
0001
0064
ffff
0028
0100
fffe
0010
0004
00ff
0001
8000
7fff
0028
00ff
0008
0101
00ff
8000
0010
012c
0028
0100
0100
ff00
0064
012c
ff01
ff01
0040
0100
012c
8000
ffff
0060
0028
00ff
0010
0038
ffff
0004
0010
7fff
0004
fffe
0060
0030
0004
0038
ff01
012c
ff00
0008
012c
ff00
fffe
8000
0100
ffff
0004
0001
0001
0010
ffff
0028
0060
00ff
ffff
0038
0064
ff01
00ff
ffff
ffff
0064
0101
0008
fffe
0064
ffff
ff01
0038
0038
012c
ffff
ffff
0064
0001
0010
0100
ffff
0002
0040
0028
0028
0064
0001
00ff
00ff
0038
012c
0060
00ff
ff00
0101
8000
0030
8000
0008
ff01
0028
ff00
ffff
012c
0008
0001
0004
fffe
0030
fffe
0030
ffff
0004
0038
00ff
012c
0100
0060
ff01
0010
fffe
ff01
8000
ffff
012c
0001
0001
7fff
fffe
0008
00ff
0038
0038
0040
00ff
00ff
0001
0008
00ff
fffe
0028
012c
0010
012c
0101
00ff
012c
fffe
0101
0038
ff00
ff01
0010
0030
0002
0101
0101
0040
00ff
ff00
0100
fffe
0101
0010
0064
0100
0030
0038
8000
0100
0002
ff01
0008
0101
00ff
fffe
0060
0038
0008
ffff
0004
0064
0101
ff00
0030
0040
0040
ffff
0038
0060
0101
0010
0028
8000
00ff
0002
0101
8000
0010
0008
00ff
0040
7fff
0040
ff00
0101
0030
ffff
0028
ff00
ff00
ff00
00ff
0001
fffe
0028
0100
0101
0010
fffe
0008
0101
012c
0008
ff00
0030
012c
fffe
0038
0100
0030
0038
0064
ffff
ffff
0004
012c
0060
0008
0010
ff01
7fff
7fff
0028
0008
fffe
ff01
0004
0001
0010
fffe
0004
7fff
00ff
7fff
ffff
0010
7fff
012c
fffe
0028
fffe
fffe
0100
7fff
0101
00ff
8000
0064
ff00
0010
0100
0038
0002
7fff
0038
0060
0100
7fff
0038
0002
0101
0010
012c
0038
012c
00ff
0004
7fff
7fff
0002
0004
ffff
0004
0002
0010
0101
0040
0038
0010
0030
ff00
0030
ff01
0008
0001
0038
7fff
0004
ff00
ffff
0060
0010
0028
0100
0060
00ff
ff01
0002
0100
ff01
012c
0030
00ff
ff00
ff01
7fff
ff00
8000
0040
0001
0030
0001
8000
0030
0100
ff00
7fff
ff01
0060
0001
0060
ff01
fffe
0060
0010
0008
0038
ffff
0060
0038
0064
7fff
ffff
fffe
0001
0100
fffe
0038
0010
0030
fffe
0008
0008
7fff
0030
0004
0060
0060
0001
0040
0008
0101
012c
0002
0002
0038
0100
ffff
00ff
0028
0010
0030
0040
0064
0038
ff00
fffe
0064
0002
00ff
0101
ff00
0008
0060
0002
8000
0008
0100
0060
00ff
0002
ff00
ffff
012c
ff00
0100
0100
ffff
0001
0100
0028
0040
0028
ffff
0008
0030
0100
0030
0101
012c
0008
0040
0064
7fff
ffff
0064
0064
0004
0001
0064
0038
0101
00ff
0001
0060
0038
0030
0002
0002
0010
0064
0008
0101
7fff
0101
0030
fffe
0038
ffff
0010
0030
ffff
0030
0028
0040
ff01
0004
0030
0038
00ff
0060
8000
0101
0064
0101
fffe
0101
0028
0002
0040
0100
0040
0001
ffff
0101
0008
8000
0010
0064
ffff
0001
ff01
00ff
0101
0004
0028
00ff
fffe
0040
8000
0101
0064
0100
0040
0030
012c
012c
0028
8000
0100
00ff
ff01
ff01
0030
0004
ffff
0040
0004
8000
8000
0008
0028
0060
0038
0002
0008
ff00
ff01
0064
fffe
0028
ff01
0064
7fff
0010
7fff
ff00
0028
0040
ffff
0060
fffe
7fff
0030
0008
7fff
0010
0100
0030
0064
0040
7fff
0060
8000
0010
00ff
0008
0028
ff01
0101
0001
0100
0004
0001
0010
0002
0064
0064
8000
0060
ff01
ff01
0028
0038
0028
ff01
8000
0002
0040
0001
0008
0002
0010
0038
fffe
0030
ffff
0010
0001
7fff
012c
ff00
0038
0101
0038
fffe
0028
00ff
0010
0004
0028
0060
012c
0008
0010
8000
0064
0004
0004
0004
0030
0028
fffe
8000
0004
0008
0028
7fff
0028
0030
0001
0001
00ff
00ff
ff00
ff00
0101
0028
0008
0010
0100
0010
ff01
0060
0010
0100
012c
0004
012c
0038
0002
7fff
ff00
0008
0002
0010
0030
0010
ff01
fffe
0028
0101
0010
0060
ff00
0101
0030
ff00
0040
0030
0064
0101
ff01
0030
0100
fffe
0064
0002
0001
8000
ffff
8000
0002
0002
0010
fffe
0100
0038
0004
0010
0040
0002
0008
0040
0060
ff01
0064
ff01
0001
0060
ff01
0001
0001
ffff
012c
0028
8000
012c
0100
0008
0010
012c
0040
0001
00ff
0038
ff01
0002
00ff
012c
ff00
0100
0030
8000
8000
0064
0008
012c
0004
00ff
0038
0008
0002
0030
0004
0030
0038
fffe
ff01
fffe
7fff
0060
7fff
ff01
0064
0040
00ff
0100
0101
00ff
0008
fffe
0060
0101
0002
ff00
0001
00ff
0100
ffff
8000
7fff
0040
0064
0030
0064
0030
0028
8000
0038
0008
0064
0010
ff00
8000
ff00
012c
0008
7fff
0002
ff01
0002
0001
0100
fffe
0008
8000
7fff
0064
0002
8000
0040
0038
fffe
0008
0064
0001
0004
0004
ff01
ff01
ff00
0038
0028
0100
0008
ff00
0028
0040
ff00
012c
8000
ffff
7fff
0001
0100
0002
0004
0028
ffff
ff00
0030
0064
0101
012c
0100
0040
0001
0101
fffe
0030
0100
0028
fffe
0004
7fff
0100
0001
ff00
0064
0060
012c
0008
012c
ff01
ff01
0028
0060
0002
0038
0060
fffe
0001
8000
0001
0038
8000
0038
0038
0101
0038
8000
0030
0060
0064
0010
00ff
ff00
00ff
0101
ff01
0010
0060
0030
0060
8000
0060
012c
0060
0008
0030
0004
0038
7fff
0038
0030
ff00
0001
0064
0028
0004
ff01
0060
0038
0008
0100
ff01
0004
0064
ff01
0060
00ff
0040
0010
012c
0001
0100
0001
012c
0008
ff01
ffff
ff00
0004
0028
012c
fffe
0030
0004
7fff
ff01
0001
ff00
0008
0060
ff00
0001
0001
0100
8000
0101
0002
ffff
0040
0040
0002
0002
8000
012c
7fff
0038
0064
0101
0028
0030
8000
0064
ff00
0064
0064
0038
0064
ff00
0038
fffe
ffff
0100
0100
0100
00ff
0008
ff00
fffe
0001
ffff
0002
0060
0028
0060
8000
0100
0100
0030
ff01
0100
0060
0101
7fff
0100
00ff
ff00
0100
0002
00ff
8000
0010
0040
0002
012c
7fff
ff00
0028
0004
8000
8000
0004
0040
0028
ff00
0001
0010
7fff
012c
fffe
0004
0100
0001
0001
0100
0060
0004
ff00
ffff
ff01
0028
0002
0101
0002
0004
0030
0030
0040
0040
0040
0028
ff00
0064
7fff
ff00
0100
0040
00ff
0030
0060
7fff
ffff
ffff
0064
0060
0030
0040
012c
ff01
0100
00ff
00ff
0004
ff00
0008
7fff
ff00
0002
fffe
00ff
8000
0040
0100
0010
0002
0008
0030
0008
ffff
fffe
0002
0100
0002
ffff
0038
0038
0004
012c
0028
ff01
0008
ffff
0100
7fff
0030
0002
0010
7fff
0100
0008
8000
ffff
0028
0002
ff00
0038
0064
0010
0040
0100
0008
0028
0100
8000
7fff
00ff
0028
0060
012c
0004
012c
ff00
0002
7fff
00ff
012c
ff01
0010
012c
0002
0028
0101
0038
0008
0064
0030
ff00
0008
ff01
0002
012c
0101
0060
fffe
0100
0001
ffff
0064
ff01
0010
012c
0038
0028
0028
ff01
0004
0040
0064
0008
0004
0004
0101
fffe
0038
0004
ff01
7fff
0064
0100
0064
0040
7fff
0040
7fff
0010
0030
0064
0004
00ff
fffe
0064
0002
00ff
ff01
0001
0028
0100
0001
0100
0002
ff01
ffff
012c
0028
ffff
0101
00ff
0030
8000
0008
ff00
0038
0060
ffff
ff00
0030
012c
0060
0028
0004
7fff
0064
0030
0101
7fff
0030
0008
0060
ff01
012c
0010
0101
0028
0028
ffff
fffe
fffe
0064
0028
0040
0008
0002
0002
0030
ff00
fffe
0038
0100
8000
0010
0060
ff01
ff00
0004
7fff
0040
0001
012c
ff00
0101
0100
0008
8000
0030
0038
0004
8000
0004
0004
0060
0030
012c
0030
0004
0028
0064
0028
ff01
0004
0040
0028
ff00
0100
0002
ff00
0100
0010
0004
0004
0004
ff00
012c
ffff
012c
0001
00ff
0001
0060
0030
0040
0028
0064
0028
0001
0001
012c
0100
ff00
0030
ffff
00ff
0060
012c
0060
0100
0004
012c
0008
ff01
ff00
0060
ffff
7fff
ffff
0100
0028
7fff
0004
ff00
fffe
0028
0001
0010
0100
0101
0064
ffff
0008
0064
0004
8000
012c
0028
ffff
012c
0008
ffff
0008
012c
012c
012c
0002
8000
ff00
0008
0101
ffff
0004
0002
0002
0038
0101
0028
0008
0100
0030
0002
0008
8000
0028
0030
012c
0040
0001
7fff
0028
ff01
0060
7fff
0028
0060
0004
012c
0008
0040
0064
0028
8000
ff01
0001
00ff
0030
ff00
0028
0010
0001
ff00
ff00
0040
0040
ff01
00ff
ffff
7fff
8000
012c
0004
0010
0040
0004
0030
fffe
0002
0064
0060
8000
0004
7fff
0030
0001
0008
7fff
0010
8000
0001
0030
0038
00ff
0008
0030
0030
8000
012c
0101
0030
8000
ff01
0100
0001
0004
0028
00ff
0100
00ff
0101
0040
ff01
0064
fffe
0064
ff00
00ff
0060
0060
0100
012c
0001
fffe
0101
0004
8000
ff01
0038
0038
012c
00ff
0004
0030
00ff
0060
0060
0010
8000
012c
0028
0008
fffe
8000
7fff
0040
012c
ffff
00ff
8000
0101
0010
0064
0038
0001
ffff
fffe
0064
0010
0100
fffe
0004
0004
0064
ffff
ff01
0008
012c
0030
fffe
0101
0100
ffff
0100
0004
0001
0010
7fff
0040
0028
fffe
0064
0010
8000
7fff
0060
0030
0008
0040
00ff
00ff
7fff
ffff
ffff
0064
0038
ff00
0028
0004
0038
0100
012c
0030
0060
0030
0038
0060
ff00
ff01
00ff
00ff
0001
0064
0001
ff01
0028
0001
0001
0101
ff00
0028
0030
0010
0002
8000
0002
ff01
00ff
0030
0001
0040
0100
7fff
0060
0008
0030
0060
0040
0101
0064
0028
0028
0030
00ff
0004
8000
ff00
0030
012c
012c
8000
0038
0030
8000
8000
fffe
00ff
8000
0038
0100
7fff
8000
0101
0100
0001
0064
0064
0038
ff00
0030
0004
0004
012c
0010
0040
ff01
012c
ff00
0002
0010
012c
0002
0064
0028
0100
7fff
0100
0030
ff01
0001
0002
0004
0064
0040
012c
00ff
0100
0040
0004
0010
8000
0001
0064
0010
0008
ff00
7fff
fffe
0004
0064
0101
ffff
ff01
8000
ff01
0010
0010
0001
8000
7fff
012c
0038
8000
0010
012c
0002
fffe
ff01
0038
0002
ff01
0002
ff01
0038
00ff
012c
0038
0100
0010
ffff
ff00
0040
ff00
8000
fffe
0040
0100
ff01
ff01
8000
ff00
7fff
0101
0010
7fff
0064
0040
0010
0001
0001
0064
00ff
0060
0002
7fff
012c
7fff
0004
0040
7fff
fffe
012c
0001
00ff
0028
0040
0038
ff01
ffff
0028
ffff
8000
0008
0030
0028
8000
fffe
7fff
7fff
00ff
0064
012c
0100
0002
012c
0060
0002
00ff
0040
0030
0008
ff01
012c
0040
00ff
0001
fffe
ff01
7fff
00ff
0040
0004
8000
0028
0010
0030
ffff
0100
ffff
0008
0008
7fff
012c
0038
0100
0101
0028
012c
0101
0028
0064
0008
7fff
0060
0010
ff00
0060
ff00
ffff
fffe
7fff
0008
0010
012c
0040
ffff
0010
7fff
ff00
0001
0008
012c
00ff
8000
0030
0040
0028
0010
0064
ffff
0002
0028
0060
0008
0004
0030
0040
0004
0040
0010
0060
0001
0100
ff01
0038
0010
0004
0040
ffff
0100
012c
0038
0064
0064
ff00
0038
fffe
ff01
0028
0101
0001
0064
0101
0064
ff00
0060
ff00
fffe
0001
0008
8000
ff00
7fff
0030
0030
0064
0004
012c
fffe
0001
0060
0064
0064
0064
ffff
0100
0001
0002
ffff
ff01
0028
0004
8000
0038
00ff
fffe
ff00
7fff
fffe
0001
0040
ff00
ff01
0100
0064
8000
0004
0010
fffe
0002
ff00
0038
00ff
fffe
7fff
0040
ff01
ff00
0038
7fff
0002
0101
0002
fffe
0028
7fff
0004
ff00
012c
0038
00ff
0001
0064
ff00
0002
0030
ff00
0001
fffe
ffff
0010
8000
0004
0004
0040
0030
0100
0001
0040
ffff
0028
0064
012c
0038
ff01
ff00
0028
0004
0010
ff00
fffe
00ff
0060
00ff
ff01
0028
0038
0060
0100
0030
0010
0101
0004
0002
ff01
0002
0028
ff01
00ff
0064
0038
0001
7fff
0040
012c
ff01
0001
0001
0010
012c
0101
0030
0028
0040
7fff
0028
0030
0064
00ff
00ff
fffe
ff01
ff00
0002
0028
012c
ff01
0001
0004
0040
7fff
012c
0100
0002
00ff
0002
0010
0060
ff00
0002
0004
0038
012c
8000
7fff
ff01
0040
0038
ff01
0028
012c
0101
0008
0060
0010
0064
0010
fffe
012c
0101
012c
0100
0004
7fff
012c
0008
0004
8000
ffff
0100
0028
0002
0101
0004
ff01
0101
0028
ffff
0038
0030
0038
ffff
0040
ff00
0004
0008
7fff
0028
fffe
8000
7fff
0101
8000
00ff
fffe
ff00
0008
8000
ff01
0064
0040
012c
0028
0038
0100
0030
0004
0060
0040
0030
0008
0028
0101
0008
0004
fffe
7fff
8000
fffe
8000
012c
0060
0060
00ff
00ff
0004
8000
ffff
0004
0038
7fff
0040
012c
0028
fffe
0038
0038
ffff
0001
ff00
0038
ff01
0100
0038
ffff
012c
012c
0001
fffe
8000
8000
0002
012c
0064
0038
0004
0101
0030
0030
00ff
0001
0002
0010
0028
0101
0040
0038
0028
0040
0030
0030
0008
0060
0060
0060
0101
0001
0060
8000
00ff
0064
ffff
0004
0100
0008
fffe
ffff
ff00
0060
0100
0008
0030
0030
0004
0030
0060
0030
0004
0040
ffff
00ff
fffe
fffe
012c
0001
8000
0060
012c
0008
0101
fffe
0100
0010
0002
0100
0101
0040
0100
0064
ff01
ff00
0004
0100
0002
ff01
0064
ff01
012c
ffff
ff00
0028
0064
0002
0038
012c
0004
0040
fffe
8000
012c
ffff
0101
0001
0008
012c
0100
0008
0002
8000
ff01
0002
0040
0001
0010
ff01
0002
0101
0001
0002
0002
0004
0100
0010
00ff
ff01
0001
0064
0002
0038
7fff
00ff
0064
012c
0008
7fff
8000
0040
0030
ff00
0038
ff01
0010
0038
0028
0008
0038
0060
00ff
0001
0101
0028
0100
012c
0038
0004
0064
0064
0060
0028
ff01
ffff
0101
8000
0038
ff00
0064
8000
00ff
7fff
ff01
012c
0010
0028
00ff
0008
0008
0060
0064
0028
0008
fffe
0038
8000
ff00
0038
0040
0064
ff00
0100
0028
0038
fffe
ff01
0028
0004
0002
0064
0038
0038
0060
0040
ff00
00ff
8000
0001
fffe
0040
0060
0001
8000
00ff
0060
0101
012c
0030
0038
fffe
0010
ffff
0101
0028
0001
0010
0064
0028
0001
0060
0008
0004
0030
8000
ff01
0028
012c
0004
0030
0064
012c
0100
0038
012c
0008
0010
012c
0064
0060
0008
fffe
0064
ffff
fffe
0040
ffff
0028
0028
0038
0028
0028
0038
0002
012c
0100
012c
0008
0040
00ff
012c
0028
0002
0100
0004
ff00
fffe
ff00
7fff
0001
0101
0004
0001
0038
0101
0060
0101
ff00
0060
7fff
ffff
0040
ffff
ff00
0028
0002
0038
0101
0010
00ff
0001
ff00
ffff
0064
8000
0100
00ff
0001
0101
0010
0008
00ff
0040
8000
0010
0004
00ff
ffff
ff00
0060
ffff
012c
ffff
ff00
8000
0040
ff01
8000
0010
0001
ff00
ffff
0001
0064
00ff
0038
0002
0038
00ff
0001
0008
012c
00ff
0010
0028
0030
0010
0008
7fff
0030
ff01
0101
0001
0010
0001
fffe
0064
ffff
fffe
0101
0028
0060
012c
ffff
0060
ffff
0101
0100
012c
8000
8000
fffe
0002
ff01
0002
ff00
0010
0008
0100
0001
ff00
0004
00ff
0001
ff00
0004
012c
8000
ffff
012c
012c
8000
0030
0100
ffff
8000
00ff
fffe
8000
0004
0001
0008
fffe
0060
fffe
0004
0008
0008
0008
0004
0100
0028
ff00
00ff
8000
ff00
00ff
ffff
012c
0028
0028
0030
fffe
0060
0101
0008
0001
ff01
0064
0064
0100
00ff
0001
0010
0060
0004
0060
0038
0004
8000
0040
0101
0030
0038
fffe
0004
0030
012c
fffe
7fff
ff00
0064
0100
7fff
0030
0001
012c
0002
0101
0002
0001
0060
7fff
0004
8000
7fff
ff00
012c
012c
ff00
0030
0060
ffff
0028
7fff
0004
0064
7fff
0060
0101
0030
0001
ff00
ff01
0038
0060
0101
fffe
0001
fffe
ff00
0010
7fff
0040
0038
012c
fffe
ff01
00ff
ffff
0004
8000
0028
0002
fffe
00ff
0002
012c
0028
ffff
0002
0001
ffff
0030
0002
0008
ff01
00ff
0060
0004
ff01
0002
ff00
0004
ffff
0100
0008
00ff
ffff
0028
7fff
012c
0100
012c
0028
0002
7fff
ffff
8000
fffe
0030
0040
0030
7fff
ffff
012c
7fff
0010
012c
0028
0040
0060
0101
0028
0064
0010
0040
00ff
8000
0010
0008
0100
0008
0038
ff01
0100
0064
012c
0004
0028
0010
0101
8000
0100
0038
0001
0008
ffff
0030
0001
ff00
0040
0008
0064
00ff
00ff
0101
0008
0001
ff01
ff01
0028
0002
00ff
0060
0064
0064
0004
0101
0064
0038
ff00
0030
0002
0001
0100
0040
0101
ff01
ffff
0038
0028
00ff
0038
0038
0038
0004
ffff
0100
0028
0004
0010
0001
0001
0101
fffe
012c
0008
0100
012c
0001
0101
0064
7fff
0064
ff00
7fff
00ff
0008
0001
0001
0100
ff00
0002
0004
0008
0064
00ff
0001
fffe
0040
ffff
0064
0004
0030
00ff
0004
ff01
ff00
0002
0010
0101
0008
0008
0010
7fff
ff01
0040
0001
0010
0030
ff00
ffff
ff00
0040
0064
0028
0040
0004
ffff
0028
0008
00ff
0101
ff01
8000
0030
0040
0004
fffe
fffe
0028
0100
0100
0002
0101
7fff
8000
0100
8000
ff00
0002
0004
0101
0060
00ff
0038
0001
0004
00ff
0004
fffe
0060
0040
0001
0004
ff00
0008
0004
0101
0100
fffe
0004
0040
ff01
8000
0030
ffff
0064
fffe
0008
0101
0040
0008
0001
ffff
0038
0004
0038
00ff
0008
0030
0028
0030
0064
0028
0100
0100
0060
012c
0008
ff00
ffff
0040
8000
ff00
ff01
0038
7fff
0002
7fff
fffe
0028
0064
0038
8000
7fff
0028
00ff
0101
0100
ff00
7fff
0004
0101
0060
0028
0038
00ff
0038
0001
0030
012c
00ff
0064
0002
8000
0060
7fff
0060
8000
0001
ff00
ff01
0101
0040
012c
0038
0100
ff01
0002
7fff
ffff
ff01
fffe
0010
ffff
0001
012c
7fff
0010
0001
0030
ff00
ff00
0064
0001
7fff
ffff
ffff
0010
0100
0040
012c
0064
0064
0060
0038
fffe
0038
0060
ff00
0028
0002
0008
0010
0010
8000
ff00
ffff
ffff
ffff
0064
ff01
012c
0028
0028
0060
0040
7fff
0040
0040
0064
0038
0064
0001
8000
0028
0002
0004
ffff
8000
0038
00ff
ff01
0028
ffff
0038
0008
0101
0038
0001
0004
0002
ffff
ff00
ffff
0038
00ff
00ff
8000
0060
0010
fffe
7fff
00ff
0100
0004
0040
0101
0100
ff01
ffff
ff01
012c
0101
8000
0064
0008
00ff
0010
0040
0030
0001
0008
0064
0028
00ff
00ff
0030
0101
0008
0100
00ff
0030
0030
0004
0028
0060
0060
0038
ffff
0001
8000
0030
ff00
0030
0004
0028
7fff
00ff
0030
0060
0010
0038
0001
ff00
ff00
ff00
0004
0028
ff01
0010
0060
0030
0002
0038
ff00
012c
0001
0010
012c
0064
0038
fffe
0002
0030
7fff
0001
0038
0038
0030
0004
0064
0008
012c
0001
0064
8000
0010
0101
0008
0028
ff01
0002
0101
0001
0038
0101
0038
ffff
0001
0030
0038
ff00
0008
0038
0100
0064
0064
0028
0100
0028
0040
0060
ff01
0040
0010
0002
0001
ff01
0040
ff01
0028
0040
0040
fffe
0100
0004
0002
0060
00ff
0101
0040
0002
0002
ffff
0008
0028
8000
0038
0004
0040
ffff
0002
0040
7fff
0064
00ff
0030
00ff
012c
ffff
ffff
012c
0040
0030
7fff
0101
0064
0028
7fff
0040
ffff
ff01
012c
0030
8000
012c
0028
0028
0008
0010
0100
0060
012c
0100
0040
ff01
0010
8000
00ff
0038
ff01
8000
0002
012c
0038
012c
7fff
0040
7fff
fffe
ff01
ff01
012c
0010
0060
8000
0001
0038
0101
0100
0008
00ff
0010
0002
7fff
0101
00ff
ff00
0038
0060
fffe
fffe
ff00
0001
0008
0001
fffe
fffe
0060
0040
00ff
7fff
8000
0028
0002
fffe
012c
0101
0010
0008
0004
ffff
ff00
012c
ff00
00ff
0008
0030
fffe
0038
0001
0064
0004
fffe
ffff
0002
00ff
0002
ff00
0040
0038
0038
8000
0010
ff01
0008
0004
012c
8000
0101
0002
0002
00ff
0040
0040
fffe
0008
0004
0028
0060
0040
0030
0004
fffe
fffe
ffff
8000
0060
fffe
0060
0002
ff00
ffff
fffe
0028
0040
0001
012c
0004
fffe
0064
0040
0001
012c
0004
0002
ff00
0028
00ff
ffff
0030
ffff
0101
0040
ff01
ffff
0101
0001
0060
012c
7fff
0064
0030
012c
0038
0100
0028
0100
0101
0101
0038
0030
0101
0028
0008
0001
0002
0030
0038
0064
0004
7fff
0002
0101
0060
0002
8000
0028
0002
0060
0040
0101
0038
0040
ff01
ff01
8000
ffff
00ff
00ff
0028
0101
0008
0004
0064
ff01
fffe
0002
0008
0030
0008
0008
0001
fffe
fffe
0040
7fff
0030
012c
fffe
ff00
00ff
0060
0004
ff00
0064
0001
0100
0030
0038
00ff
0100
7fff
ff01
8000
ff00
0101
0100
0008
7fff
0100
0008
0010
012c
0001
0101
0028
8000
0001
0030
0100
7fff
0010
7fff
0040
ff00
0101
fffe
0040
0064
0002
fffe
0001
0028
0100
ff00
7fff
0040
0008
00ff
0060
012c
0010
0060
ff01
0002
0002
ffff
0004
ff01
ff01
8000
ff01
012c
0008
ffff
012c
0100
0008
0040
0040
0001
ffff
0028
0101
0038
0030
00ff
0060
8000
0101
012c
fffe
00ff
0100
0064
0010
fffe
ffff
0030
ff00
0030
0028
012c
0040
8000
ff01
fffe
012c
0030
8000
ffff
0028
ff00
0028
0060
0040
0060
0030
0001
ff00
0004
0028
ff00
0060
012c
8000
fffe
8000
0064
0002
0028
0100
012c
8000
ffff
0101
00ff
fffe
0040
0038
8000
0040
0002
7fff
0060
fffe
0002
0040
0004
ff00
8000
0064
8000
0030
00ff
0038
0064
fffe
0038
0064
00ff
0060
fffe
fffe
0100
0030
0001
ffff
0002
0030
8000
ff01
0100
0004
012c
00ff
00ff
0060
ffff
0028
7fff
0064
0028
00ff
8000
0030
0064
012c
0060
012c
0002
0001
0060
fffe
0028
0028
0040
0100
0008
0064
0064
0101
0008
0004
0038
0008
012c
0028
0100
0040
ff01
0100
0101
0028
0004
ff01
0010
0001
0060
0008
0010
8000
0010
0030
0100
0064
0030
7fff
0004
0010
0001
0010
0040
7fff
0060
0008
0060
0100
ff01
ff01
ffff
7fff
0002
0038
0001
0008
0001
0040
0028
0010
0004
0064
0064
0030
0002
0060
0004
ff01
0064
0064
ffff
7fff
0004
012c
0030
ffff
00ff
0100
0040
0101
0038
0008
0101
0064
0040
0010
0028
0004
7fff
fffe
00ff
0008
8000
0064
0060
0004
7fff
0040
0038
0038
ffff
0038
0030
0002
0038
8000
8000
00ff
0064
8000
7fff
0001
00ff
ff01
0002
0064
0028
8000
ffff
0004
0100
0002
012c
012c
0010
0010
fffe
0064
0040
0002
7fff
012c
0030
0001
ff01
0038
00ff
0008
ff01
0060
8000
ffff
0101
0030
0002
0028
00ff
0100
fffe
0038
0004
00ff
0064
ff00
0064
0028
0008
fffe
ff01
0040
0100
fffe
ff00
0038
0038
0100
8000
0030
0028
0038
0028
0060
7fff
012c
fffe
012c
fffe
0064
0030
0002
0004
0010
0101
ffff
0028
0004
8000
fffe
ff01
0001
0008
0100
ff00
0001
0008
8000
0028
ff00
ff01
0064
0030
0101
ff00
0001
0060
0010
0060
0038
0010
0010
7fff
0064
0001
0038
0010
0040
ffff
0040
fffe
0101
0028
012c
0060
0001
0101
0010
0060
00ff
0060
012c
0064
0101
fffe
0002
0004
7fff
ffff
0100
0038
012c
0060
0038
ff01
7fff
ff01
00ff
0040
0060
0064
0101
ffff
0060
8000
0064
ff00
ff00
00ff
012c
0040
ff00
fffe
0100
00ff
ff01
0002
8000
0028
012c
0060
7fff
0100
0064
00ff
8000
0101
012c
00ff
ff00
0004
ff00
0064
0060
ff00
7fff
0038
0038
0038
ff00
00ff
0002
7fff
0028
fffe
0002
ffff
0064
0060
0064
0060
fffe
0002
7fff
ff01
0064
0002
0010
012c
0008
fffe
8000
0002
0030
0030
0101
0030
012c
0030
fffe
0101
8000
0101
7fff
fffe
0001
0002
0100
0002
012c
ff00
fffe
0064
8000
0101
ff00
0004
0002
0028
ffff
0030
0010
0002
0004
8000
0064
0038
0001
0001
00ff
0008
7fff
0030
0008
0040
0010
0001
0060
0101
0008
0010
00ff
012c
fffe
0100
7fff
0038
0002
0002
0060
ffff
0101
0030
0010
0100
fffe
0100
0010
0008
fffe
0040
0010
0064
0100
0030
0101
0100
0101
0004
0060
0028
0004
7fff
0010
0028
0064
0002
0101
0002
0101
012c
0100
0030
0004
0030
ff00
0030
ff00
ff00
0038
0030
0001
0008
7fff
0100
0064
0030
012c
0004
0040
ffff
0040
012c
ff00
0028
ff01
012c
0030
0028
0001
ff00
0010
ffff
0038
0030
ffff
0010
0002
ff01
0038
0010
0004
0064
012c
0010
8000
0002
ff01
ff01
0004
0064
7fff
0100
0010
0008
ffff
0030
0100
8000
0028
00ff
0008
0001
0100
0028
0010
0100
0064
0008
0028
0038
00ff
7fff
0100
0002
0038
ff01
0001
0100
ff01
0100
0028
7fff
0008
0060
0028
0101
0010
ff01
8000
fffe
0040
0002
0028
0038
0002
0030
012c
ff01
0028
0040
ff01
012c
0001
00ff
0008
0060
0028
00ff
0028
0101
0064
0064
7fff
0064
0004
0008
ffff
0100
00ff
0040
0028
ffff
0038
0001
0064
ffff
0008
0101
0038
0064
0101
0030
8000
fffe
0101
8000
0040
0028
8000
0038
ffff
ff00
0004
0060
0008
0038
0060
0010
0001
0060
7fff
00ff
fffe
0064
0030
8000
012c
ffff
0002
fffe
0010
fffe
ff01
0030
0001
0010
00ff
0040
ffff
0008
0101
012c
0001
fffe
ff00
7fff
0101
0040
0002
0100
0001
0010
00ff
0101
0040
0030
0101
8000
0060
0010
0038
0004
0028
0010
0038
8000
0038
0004
ff01
0030
0028
0100
ff00
00ff
fffe
0004
0010
0038
ff01
0028
0002
00ff
0100
7fff
7fff
0004
0040
0002
0060
fffe
00ff
0008
fffe
0101
8000
0010
0040
0002
0030
0008
0002
fffe
012c
0010
0060
0008
ff01
ffff
0100
0002
012c
012c
00ff
0100
ffff
0008
0030
0040
00ff
0060
00ff
0040
0060
0004
0040
0064
fffe
0101
0100
012c
0040
fffe
0040
0038
0004
0038
fffe
0038
00ff
0100
fffe
0038
0008
ff00
0038
0004
0064
0064
0010
0030
0010
012c
0028
ff00
7fff
0060
0060
0100
0040
0100
0002
0028
00ff
7fff
ff01
0100
0004
0030
0038
0001
012c
0040
ff00
ff00
0001
0040
0060
0002
0030
0028
7fff
ffff
0064
0038
0038
00ff
0001
0030
0038
8000
ffff
012c
0060
8000
0008
0101
7fff
ffff
0030
0060
012c
0100
7fff
0101
8000
8000
0101
0101
0004
012c
0002
0004
0010
0038
0030
0010
0002
fffe
8000
012c
0040
012c
0004
0028
012c
0100
0028
ff01
0008
ff01
0060
0100
0002
0028
0038
0030
012c
0028
0008
ff00
0002
ff01
0030
0040
0064
012c
8000
fffe
0100
0100
012c
8000
0060
ff00
0004
ff00
0008
ff01
8000
0064
0002
0040
0004
0010
0004
0008
0038
0040
ff01
0008
fffe
7fff
7fff
0028
0010
0101
0100
0040
fffe
7fff
0060
0008
fffe
7fff
012c
0010
0001
0002
0060
0064
0010
8000
0010
0060
0040
ffff
ffff
0038
0060
0002
0002
8000
ff00
fffe
8000
00ff
0038
0100
fffe
0100
ff01
0004
fffe
0100
0064
0060
0008
0040
7fff
ff00
012c
fffe
0028
0028
0038
fffe
ff00
00ff
0008
0008
7fff
0002
0028
0030
0100
0064
0040
ff00
0028
0028
012c
0004
012c
0030
7fff
7fff
0004
0001
0008
0100
8000
8000
012c
0030
0040
0008
0040
0030
0064
012c
0008
0010
0008
0004
0010
0028
ffff
0038
0001
ff01
0010
ffff
0010
ffff
0010
0030
7fff
0010
ff00
0038
0101
0100
7fff
0038
012c
8000
ffff
012c
0028
0030
ff00
0002
0010
0040
012c
ff01
0038
ff00
fffe
0030
0064
ff01
ff00
8000
7fff
0001
0028
0028
00ff
0040
012c
0030
0030
fffe
8000
00ff
0064
012c
0040
0004
0100
7fff
0101
012c
ff01
0064
0040
ffff
0101
ff00
ff01
7fff
00ff
0004
0001
0038
0030
0100
0030
0100
0010
ff01
7fff
0001
fffe
00ff
0004
0008
0004
012c
ff00
0008
00ff
ffff
0040
0001
0030
ff00
0060
0030
ff01
0100
ffff
0030
0001
7fff
0008
0002
ff00
8000
0008
fffe
0038
0010
ffff
012c
0030
00ff
fffe
0038
0060
0038
0060
ff00
0030
0060
ffff
012c
0030
ff00
0008
0060
0001
0030
0100
0030
0004
0030
00ff
0030
0030
0004
0010
0100
0008
0008
012c
8000
ff01
0101
ffff
fffe
ff00
0008
0100
0004
0002
0030
0060
0100
0064
0060
0008
0101
0038
0008
ff00
0028
0008
012c
0060
fffe
ff00
0004
ffff
ffff
0040
8000
0002
0040
0100
0001
7fff
012c
8000
0001
0004
0100
0028
0028
0004
0030
0002
0038
0101
0030
0004
ff01
0060
0060
fffe
0028
fffe
00ff
00ff
8000
fffe
8000
ff00
0001
0001
fffe
0010
0002
0008
0060
ff01
0001
0001
0030
0001
0101
fffe
ff01
fffe
0004
0060
00ff
0038
ff00
0002
0040
0028
0101
fffe
0010
fffe
7fff
ff01
0008
0040
0008
0101
fffe
8000
fffe
0060
0028
fffe
fffe
ff00
0030
0001
0060
0010
0028
ffff
fffe
8000
0100
0028
0004
0064
0040
0002
0030
0040
0100
0028
ffff
0010
0030
00ff
0100
00ff
0101
ff00
0008
8000
0002
0008
0040
0060
0028
0060
0030
0064
ffff
ff01
0030
0002
0060
8000
7fff
0002
012c
0038
0008
0040
0002
7fff
ffff
0040
0004
8000
0101
ffff
fffe
ff01
0028
0008
0038
0064
012c
0030
fffe
0064
0101
ff00
0028
0100
00ff
ff00
0038
ff00
ffff
0101
7fff
ff00
0008
ffff
0002
fffe
0038
0002
8000
0002
0002
0008
0100
012c
0004
0060
0064
0060
012c
7fff
8000
ff00
00ff
8000
0030
7fff
0010
ff01
0030
0100
0100
0028
0038
0008
00ff
ffff
0010
0008
7fff
0010
ffff
0060
ff00
0030
0101
0060
0064
00ff
0030
8000
0038
0060
0040
012c
0060
0001
0001
ff01
0038
00ff
0002
0100
0001
0038
8000
0101
0060
0004
ff00
0060
0060
0038
0010
0060
8000
0040
0040
0002
0038
ffff
7fff
7fff
0040
0030
0101
7fff
0064
0008
0040
ff01
0010
00ff
8000
0028
0028
00ff
0064
00ff
0001
fffe
0038
fffe
0064
0064
8000
0100
ff00
ffff
012c
7fff
0064
8000
7fff
00ff
ffff
0030
0004
ff00
0002
0101
0040
0008
0004
0010
012c
0064
00ff
ffff
0030
0101
0002
0001
00ff
0060
ffff
ffff
0064
8000
0100
0038
012c
00ff
fffe
8000
ffff
ff01
ff00
0030
fffe
0028
00ff
00ff
0060
0040
8000
ff00
00ff
0008
0028
0100
0002
ffff
0038
fffe
8000
0100
0028
ff00
0064
ffff
7fff
ff00
ff01
fffe
0008
0028
0028
0001
0030
ff01
7fff
0028
0004
ff00
fffe
7fff
0001
8000
0038
fffe
0064
0028
0004
0101
ffff
ff01
7fff
ffff
0030
0004
0008
0030
0001
0038
012c
0038
012c
012c
0064
00ff
0040
ff00
0004
0100
0001
ff01
0060
0008
0038
0004
0028
0060
ffff
0004
0010
8000
0002
0002
0030
0008
012c
0004
0028
0040
0010
fffe
0064
7fff
0010
ff00
0002
0004
0028
00ff
0101
0030
0038
0002
0064
0101
0101
0038
7fff
fffe
0008
0004
0060
0040
0004
0002
0040
ff00
0004
0008
0030
7fff
012c
0001
0100
0028
012c
ff01
0060
8000
0004
ff01
0008
0010
ff00
ff01
fffe
0028
7fff
8000
0010
fffe
8000
0002
ffff
0008
8000
00ff
0004
fffe
00ff
0100
0040
0028
0040
8000
0030
7fff
0001
0030
0040
0028
0002
0004
0008
7fff
0030
fffe
0040
0040
0002
0010
012c
fffe
7fff
0100
fffe
0060
0001
0030
0040
00ff
0064
0010
ffff
0100
0060
ff01
00ff
8000
0064
00ff
ff01
0004
0001
ff00
0001
0028
012c
0030
0030
0030
00ff
7fff
0101
0101
0002
00ff
00ff
0010
8000
ff01
0002
fffe
0100
0040
0010
0002
0060
00ff
00ff
ff01
0040
0008
0038
8000
0030
ffff
0064
ffff
0004
0001
0030
0030
0060
fffe
ff01
8000
0001
ffff
0001
ff01
012c
0064
0001
ff01
0030
ff00
0038
0101
8000
ffff
0040
0002
0040
fffe
0010
0040
0002
0004
0001
8000
ff00
0008
8000
0064
0001
012c
0004
0101
0101
8000
00ff
ffff
0028
0004
0064
0038
0010
0002
ff01
0004
0100
0100
fffe
0060
0101
ff00
0101
8000
0060
0030
0010
0002
ff00
8000
012c
ffff
0004
0101
0004
ff01
0004
ff00
0040
8000
fffe
0100
ffff
ffff
0008
0001
0004
0100
fffe
ffff
ff00
0038
ffff
0002
0004
0004
0030
012c
ff01
0010
0008
012c
8000
0028
fffe
ff00
0101
0001
7fff
0100
ffff
0100
00ff
ff00
7fff
012c
012c
0040
0002
0008
0060
0100
0010
0028
0008
0101
ff01
0010
fffe
012c
0002
0004
0008
0100
0002
0100
7fff
0002
0001
8000
0100
ffff
0040
0030
8000
ff01
0001
0100
ffff
ffff
ff01
0040
ffff
ff01
0060
0100
0101
0060
ff00
0100
0064
0038
0008
0101
012c
7fff
0101
ff01
0008
0100
012c
0004
0002
0028
0002
0064
0010
ff01
0064
ffff
ffff
ff00
0064
0040
0002
0004
0028
ffff
0004
0010
ff01
0004
0008
0008
0038
0001
0060
0002
fffe
012c
ff01
7fff
7fff
0004
0002
0030
ff00
0064
0030
0100
0100
0030
7fff
ff00
0040
0010
0030
0030
0001
fffe
0038
0008
ff00
8000
0040
0064
0002
ff01
0010
ffff
0001
8000
012c
0030
012c
ffff
0060
ff01
7fff
0064
0030
fffe
7fff
0001
0030
012c
ffff
0040
0008
ffff
fffe
0101
0001
0008
0101
0060
7fff
0002
0004
ff01
00ff
0101
0100
ff00
0064
ff00
ff01
0010
0001
0010
7fff
0100
8000
0060
0001
0001
0040
0030
0040
fffe
0030
ff01
0010
8000
0030
0100
0004
0030
0030
0060
ff00
012c
0028
012c
0038
0060
ff01
0060
0001
0004
00ff
0001
fffe
0028
0004
8000
fffe
0028
0100
ff00
0030
fffe
0004
00ff
0100
fffe
0004
fffe
0002
ff00
0038
0008
0100
0064
0008
0100
fffe
0001
0100
0038
ffff
fffe
fffe
7fff
8000
8000
ff00
0040
0028
0001
0002
ff01
7fff
0101
0100
0038
ff00
00ff
0060
ffff
0002
ff00
0004
0101
0008
0028
7fff
00ff
fffe
fffe
fffe
0008
0030
0101
0064
0010
0030
ff01
7fff
0060
0002
0060
0038
ff00
0001
0101
0101
0064
0100
0008
0008
ff00
0030
7fff
0010
8000
012c
0040
0001
8000
ff01
7fff
8000
0038
0030
ff00
012c
0010
0101
0100
7fff
ff00
00ff
ffff
7fff
fffe
0038
0030
012c
0004
0038
0030
8000
0001
0008
ffff
0040
0030
012c
0028
0060
0002
ff01
0028
0028
0040
00ff
ff01
8000
7fff
0004
012c
0008
0001
0028
8000
0040
8000
0064
012c
0060
ffff
0100
ff00
8000
0028
0004
0040
ffff
ffff
0001
0100
0001
ff01
0064
0010
0028
0028
0038
7fff
7fff
8000
0028
0002
0028
0002
ff00
0004
0064
ff00
0030
0001
0004
7fff
0040
0004
0002
0064
7fff
7fff
ff00
0101
ff01
00ff
012c
012c
fffe
ff00
0030
ff00
0038
8000
ff01
fffe
0040
0064
8000
0004
8000
0002
0101
0002
0002
0038
0002
fffe
fffe
8000
0001
0030
0002
0040
0030
0010
ff00
0064
0008
0060
00ff
0001
012c
0100
0004
0010
7fff
0001
ffff
0040
0100
0001
ffff
00ff
0064
8000
012c
0010
0028
0002
0004
0001
0038
0064
0010
0030
0038
0028
0064
0100
ffff
0064
fffe
7fff
0010
ff01
0100
0028
0008
7fff
0040
00ff
0030
0030
0030
0030
0038
012c
0101
0100
0010
0100
0101
fffe
0002
ff01
fffe
8000
0100
0010
0028
ff01
0101
0101
0030
0004
0030
0030
ff00
0008
8000
fffe
00ff
0060
0030
0002
0008
0030
0040
0002
0010
0004
0008
0060
ff00
ffff
8000
0040
0002
00ff
0002
0002
8000
0028
ff00
ff00
ffff
00ff
0038
ffff
0038
00ff
ffff
0100
0028
0008
0008
0010
7fff
fffe
fffe
fffe
0038
ff00
0100
012c
0060
0008
0008
0002
8000
8000
0040
0101
0001
0101
0004
8000
0010
0030
8000
0040
0030
012c
fffe
0001
0008
ff01
8000
0030
00ff
0028
fffe
0028
00ff
0010
00ff
0030
fffe
00ff
0028
ff01
7fff
0060
fffe
0008
0001
ffff
8000
0010
8000
0010
0064
ffff
0028
0100
00ff
0100
0040
0101
0030
0100
0101
ffff
0064
0028
0002
0010
0100
0001
ff01
0030
00ff
0028
0004
ff00
fffe
ff00
0001
0038
0100
012c
8000
0008
0002
0040
0040
0101
fffe
0010
012c
ff00
ff00
0030
0101
0040
0028
0008
7fff
0030
7fff
ff01
0060
8000
8000
0001
0100
8000
fffe
0101
ff01
0100
00ff
0060
00ff
0004
ff00
ff01
0010
0004
0100
0060
0101
ff01
ff00
0060
ff00
0001
012c
0002
ffff
7fff
8000
fffe
0030
ffff
0028
ff01
0008
ffff
0001
0100
0038
0101
8000
fffe
0010
0100
0100
012c
7fff
ff01
0010
0100
0028
0004
00ff
0060
012c
0004
0004
0002
8000
0038
0040
012c
0064
0038
0100
0028
ff01
0100
00ff
0028
ffff
8000
0010
0060
0010
ff00
7fff
0010
012c
0010
0060
0101
0038
0100
0040
0002
fffe
ffff
ffff
fffe
0002
ff00
0010
0040
ff01
00ff
ffff
0060
00ff
0040
7fff
0010
0101
0101
ff00
0010
00ff
0038
0030
0028
0101
0004
0100
7fff
ffff
0010
ff01
0101
7fff
0008
0038
0010
ffff
0001
0028
fffe
0040
0064
7fff
0028
0002
fffe
0001
0004
0004
0100
0001
0002
0040
0010
0008
0064
0010
0030
0001
0038
0004
0040
fffe
00ff
0008
0002
0038
8000
0010
0101
ffff
0038
0030
0060
012c
0008
8000
0040
0008
00ff
7fff
0064
00ff
00ff
012c
0008
8000
0028
0002
0030
0002
0064
0028
0010
0008
0010
0002
0030
0008
0101
0100
0008
ff01
0060
0040
0038
00ff
0060
0008
0002
0100
0038
0004
0004
0028
ff00
ffff
012c
0008
ff01
0004
7fff
7fff
0101
0100
0008
0008
0060
0004
7fff
012c
0040
ff01
0010
0038
ffff
00ff
0100
0010
0101
0064
0064
0064
0010
0001
012c
0040
00ff
ff00
0030
ff01
0008
0004
0010
0028
0008
0100
8000
00ff
ff00
0010
0008
0064
7fff
fffe
0004
0030
0038
0100
0002
00ff
0064
ffff
0002
0040
0004
0030
0004
ffff
7fff
0002
0028
00ff
0002
0030
0010
ffff
0001
0040
0060
0030
ff00
0028
0100
0008
ff01
0038
012c
00ff
7fff
0010
0060
0004
ff01
ffff
ff00
ff01
0100
0060
ffff
ffff
fffe
0060
0008
0001
fffe
0004
ff01
0100
00ff
0028
0100
0064
0010
0100
0101
0010
0030
ffff
0004
8000
0038
0064
0064
0010
0008
7fff
0008
fffe
0010
0004
0010
0002
7fff
00ff
0010
0038
0010
0040
fffe
ff01
012c
ffff
0064
0040
0064
fffe
0004
00ff
0028
ff01
0064
fffe
0001
0040
7fff
0008
fffe
0010
0030
0040
0002
0040
0010
8000
0004
0040
8000
ffff
0028
0004
0010
0100
0101
0002
0030
0028
0038
ff01
012c
fffe
0028
0008
0100
0010
0101
00ff
fffe
00ff
fffe
8000
0004
0010
ffff
012c
0030
012c
7fff
0008
0038
ff01
ff01
0030
7fff
ff01
0064
0008
ffff
00ff
8000
0010
0038
0001
ffff
0028
00ff
0004
7fff
0100
ff00
ff01
0064
8000
0004
ff00
0064
0001
0060
0038
ffff
0100
ff01
00ff
0010
0008
ffff
ff01
0064
0030
012c
fffe
0101
0001
012c
0030
8000
0030
0038
0100
ff01
0008
0064
ff00
0004
ff01
0001
0060
0100
fffe
ff00
0030
0010
0100
0038
0100
0008
0030
0028
7fff
0064
0100
0001
0010
0030
ffff
0064
0028
0060
0038
0100
0064
ffff
8000
fffe
012c
fffe
7fff
ff01
ff00
0064
0004
8000
ff01
0008
ffff
0040
8000
0038
fffe
0004
0040
012c
012c
0100
0001
0028
0030
00ff
0028
0001
ff00
0030
ffff
0101
0030
0028
fffe
8000
7fff
0008
012c
fffe
ff01
0064
0002
ff01
fffe
00ff
ffff
0028
0028
0030
00ff
0060
0064
0008
8000
0060
0030
ffff
0010
0001
00ff
0004
0010
0001
0100
ff00
0064
012c
0064
0060
0100
0001
0002
0040
0060
0010
0004
ff00
ffff
0064
0040
0100
ff01
0064
0100
0004
0008
ffff
ff01
0064
0001
0101
0008
0028
0008
0040
fffe
0060
8000
ff00
0002
0040
8000
ff00
0038
0028
0010
0001
ffff
0064
ff00
0038
0008
0002
7fff
0040
0008
0064
fffe
0100
00ff
7fff
0010
fffe
ff00
ffff
ffff
ff00
0101
0001
0101
ffff
0064
0038
8000
0001
0030
0010
0010
0064
012c
0064
0001
0101
ff00
0038
0002
0101
ff01
0060
0028
0064
0010
0002
0101
ff01
0001
0028
00ff
0001
fffe
012c
fffe
0002
0002
0040
0038
8000
0040
0040
7fff
0010
ffff
00ff
0008
ff00
0030
7fff
00ff
fffe
8000
0060
0040
0008
fffe
0038
0028
0064
7fff
0030
0060
0040
00ff
0101
0100
ff01
fffe
0060
0004
8000
0010
0002
fffe
8000
0101
ffff
0030
0038
0038
7fff
0100
0004
ff00
7fff
0064
0030
0010
0030
7fff
0060
0038
0100
0002
012c
ff00
0038
0060
00ff
0064
012c
0038
ff00
fffe
0008
0010
0038
ff00
0008
0028
0040
0100
012c
0101
0028
0101
0004
0028
7fff
0028
0030
0030
ff00
0030
fffe
00ff
0064
ff00
0010
7fff
0030
0064
ff01
ff01
0064
0004
00ff
fffe
012c
0064
fffe
0002
0002
0008
0008
0064
0010
0040
8000
0100
ff00
ff01
ff01
7fff
0030
0028
8000
012c
ff00
0060
0100
0028
ffff
0010
0060
0008
0030
0038
0008
ffff
ffff
fffe
0060
012c
0038
fffe
0101
fffe
0004
8000
0004
0100
0038
ff00
8000
ff01
0038
fffe
0028
0060
0060
0040
0100
0100
0100
ff00
012c
0064
012c
7fff
0030
0002
8000
0040
7fff
0028
0030
0064
8000
ff01
0004
0064
0040
0064
00ff
0100
ff00
0010
ffff
ff01
0001
0028
00ff
ff01
0064
0001
0038
012c
0002
0028
0040
0001
0060
0028
0038
012c
0010
8000
0008
0038
ff00
7fff
fffe
fffe
0002
0064
0028
0002
0002
ff00
0064
0040
0100
0038
0064
ff00
0060
0008
0002
0004
0060
0100
0060
0001
0001
0064
00ff
0064
0100
0100
0008
0030
0101
0008
0002
0028
ff01
0008
0010
0064
8000
0028
ff00
0010
0001
8000
0060
fffe
0010
0038
0002
ff01
0060
7fff
0010
7fff
0001
00ff
0100
0001
012c
012c
0038
0038
00ff
0040
ff01
ff01
0100
012c
0001
0101
0064
ffff
0010
0010
0100
0002
7fff
0060
ffff
0002
ffff
fffe
8000
0030
0002
0060
0001
0101
00ff
0030
0101
0038
ffff
0030
00ff
0001
0004
0004
0101
fffe
7fff
0038
0040
0008
fffe
0001
0028
0060
012c
0060
0008
0001
7fff
0060
00ff
0101
0060
fffe
0028
0060
00ff
0010
0040
012c
0002
ff00
ffff
0001
ff00
0004
00ff
0040
0008
0064
ffff
fffe
0028
0008
8000
0100
0100
0028
ff01
00ff
0060
7fff
7fff
fffe
0060
0040
8000
0038
0101
0010
0038
0028
7fff
0001
0100
0004
0060
0038
0060
0030
fffe
0010
0100
012c
0040
0030
0004
00ff
00ff
fffe
0002
0004
00ff
0030
0101
0040
fffe
ff01
0060
0060
fffe
0002
0101
0028
0028
00ff
0101
0100
0030
0001
0060
0038
0101
0002
0040
ff01
0028
ff00
ffff
0100
8000
0008
0064
7fff
fffe
012c
ff00
ff01
0008
0001
ffff
ffff
0002
ffff
0028
ff00
ffff
0064
0038
0064
ff00
0064
0040
7fff
ff00
7fff
0028
0101
00ff
0101
8000
0101
ffff
0004
fffe
0008
0040
0060
0002
ffff
fffe
fffe
0101
0001
ffff
0028
7fff
ff01
0064
ff00
0064
7fff
00ff
fffe
fffe
ff00
0030
0001
7fff
0100
00ff
0100
0001
0060
8000
ff00
ff00
0028
0100
0002
00ff
8000
0028
012c
7fff
ff00
ff00
8000
0028
012c
0010
0040
0101
0028
0100
0002
ff01
0002
ff01
0038
0004
0040
0060
0100
ff01
7fff
0100
0028
0100
012c
0038
0004
0010
012c
012c
0008
0001
0004
0004
8000
7fff
0001
0028
8000
0038
012c
8000
0040
0101
ff00
7fff
ff00
0040
0038
0100
0004
0001
0038
0040
012c
0001
0038
0060
7fff
0002
8000
0040
0060
7fff
0010
00ff
fffe
0100
0038
0060
ffff
7fff
8000
012c
0038
8000
ff00
0002
0028
8000
0004
fffe
ffff
0008
0060
ff00
0101
0030
ff01
0101
7fff
0101
0038
0064
0028
0038
fffe
fffe
0038
0004
0008
0030
0060
0030
0008
00ff
0028
0010
0010
0001
0101
0030
ff00
0001
00ff
0010
0010
0038
0038
0100
ff01
0002
ff00
012c
012c
0040
0060
012c
0101
0010
00ff
0004
ffff
0010
0008
fffe
012c
0060
0028
00ff
0030
ff00
0040
0028
0004
0028
0004
8000
fffe
0030
0100
0100
0028
0040
ff01
0004
0010
0030
ff00
0030
8000
0040
0100
012c
0100
ff00
012c
0008
7fff
fffe
0064
0028
0040
0028
0064
0060
0101
ff01
012c
ff01
0004
7fff
8000
0028
0008
012c
7fff
0028
0028
0101
00ff
0002
00ff
0060
ffff
0008
7fff
0030
0038
0028
00ff
012c
0004
0101
7fff
0060
0001
ffff
0038
ff00
0030
0038
0060
0008
0101
ff01
0028
0001
ff00
0008
ffff
0008
0101
fffe
0101
0038
fffe
0101
00ff
00ff
0040
ff00
7fff
0008
0101
8000
0001
0040
fffe
0001
012c
0101
0040
0008
0101
00ff
ff01
0040
0030
fffe
0008
8000
0101
012c
0001
0010
7fff
0008
8000
0064
0028
0038
0010
0004
0002
00ff
0001
ff01
0064
0001
012c
0040
0100
0008
fffe
7fff
0101
ffff
0001
0004
012c
ffff
0028
0064
7fff
0064
fffe
0010
0060
0008
8000
0060
0060
0001
ffff
0010
012c
0010
0100
0004
0008
0001
0028
0004
0008
0038
0100
0030
8000
fffe
0030
012c
0040
ff00
0060
0004
012c
0040
0030
8000
7fff
0060
0060
0001
0004
012c
0028
00ff
fffe
ff00
012c
00ff
0004
012c
012c
0064
0028
0008
ff01
0028
0004
0101
0028
0040
0010
0010
0038
00ff
0030
0002
0101
00ff
0002
0064
0008
0030
0028
0101
0001
fffe
ff00
0101
0008
ff00
0064
7fff
0100
0038
00ff
ff00
0008
0002
0004
fffe
7fff
fffe
ff00
0030
0010
ffff
0008
0064
0004
0101
0030
0064
0001
012c
0028
0038
0008
ff01
fffe
8000
7fff
0001
0100
ffff
0060
ff00
0038
0001
0101
0002
0004
7fff
0100
0060
ff00
0060
ff00
0101
0002
0101
ff01
0001
0100
0008
0004
0028
0060
ffff
7fff
fffe
0101
0001
ff01
0008
0004
0064
fffe
0064
0004
ff01
00ff
ffff
0030
fffe
fffe
ff00
0064
7fff
012c
8000
7fff
0028
0040
0028
0004
ff00
ff00
0040
ffff
ffff
0060
0030
0028
ffff
0038
fffe
ffff
0038
0100
0030
0004
0010
0064
ffff
0008
0038
0002
0064
012c
0038
ffff
fffe
0100
0004
012c
ff01
012c
00ff
012c
0038
0001
7fff
0004
0040
00ff
0028
0064
0008
0001
00ff
0100
0002
0002
0101
0038
0030
8000
0002
00ff
0030
8000
0008
0028
0004
0040
7fff
ff00
0060
0060
012c
0064
0028
0010
0001
0040
0004
ff00
0030
0002
0060
0038
0038
0030
ffff
ffff
0001
ffff
0030
00ff
0001
7fff
0008
ff01
0040
00ff
0004
7fff
ff01
0038
0002
0028
0060
ff00
0010
0028
7fff
0060
0004
012c
012c
ff00
00ff
8000
0030
fffe
7fff
0064
0101
0001
8000
0101
fffe
0001
fffe
0028
0038
7fff
8000
0004
0028
0060
ff00
00ff
012c
0060
0064
0040
0001
0001
0001
0002
ff00
fffe
fffe
0060
0101
ff00
0040
ff00
0100
ff00
7fff
0064
ff01
0004
0008
ff00
0060
0038
0060
0038
0008
0101
0002
8000
0030
ff01
0010
8000
ffff
ff00
0001
0028
0004
0004
0030
fffe
0100
7fff
0101
0101
0101
0010
ff01
8000
0010
fffe
0004
0004
0030
8000
0038
00ff
0030
0038
0010
0060
0064
0004
fffe
ff00
0040
ffff
8000
0030
0038
0030
fffe
0001
0001
ff00
ff00
0101
0030
ffff
7fff
ff00
0010
0064
0004
7fff
fffe
ffff
7fff
0040
00ff
8000
0040
ff01
0028
0101
8000
0010
fffe
0038
0010
00ff
0060
8000
0100
0030
ff01
0028
0008
ff00
0004
0040
0101
0004
0040
ffff
ff00
0060
0030
0002
0040
0004
00ff
0030
0002
012c
ff00
0001
0038
0101
ff00
0040
0064
0060
0100
0010
0100
7fff
012c
7fff
ff00
ff00
fffe
0028
0008
0100
0064
0100
0040
fffe
0038
0101
0101
0064
0030
0038
ff01
0004
ff01
0060
0004
0064
fffe
ff01
0038
0004
0100
7fff
0028
0030
0101
7fff
0010
0001
0030
0040
0008
0038
00ff
ff01
0060
0028
0008
0001
0100
0004
0100
ffff
0008
0040
0038
ffff
8000
fffe
0008
012c
00ff
0060
0010
0038
0008
0038
0004
0004
0028
fffe
00ff
0038
0101
0064
0010
0060
0010
ff00
8000
0002
0064
0010
fffe
ff00
0010
ff00
0001
0001
0010
0008
ffff
0028
0010
fffe
0030
ff00
0060
0001
0040
0002
ff01
00ff
0004
0008
ff00
00ff
0100
0030
0100
0101
0010
ff01
0064
0064
7fff
0002
0100
0010
0001
ff01
0060
0038
fffe
0008
ffff
0030
0038
7fff
0100
7fff
0028
0100
0038
00ff
0038
0101
0064
0008
0060
00ff
0060
0010
0040
0004
0064
012c
0008
fffe
0028
0100
ff00
0002
012c
012c
0010
0064
012c
0001
00ff
8000
ffff
0100
fffe
0010
0040
0001
0001
ff01
0010
0001
00ff
0038
00ff
0100
fffe
012c
0001
fffe
ff01
0101
0101
0008
ffff
00ff
0008
0060
ff01
0010
7fff
0004
00ff
8000
ffff
0001
0002
ff01
0060
0028
ff01
0028
0028
7fff
ffff
0101
0001
8000
012c
012c
ff01
fffe
fffe
0101
0038
0038
0064
fffe
0008
0064
012c
8000
fffe
0040
8000
0038
0040
ff01
0064
0040
0030
0040
0030
0038
7fff
ff01
0004
0028
012c
0040
0060
00ff
0001
ff00
0004
0060
0060
0040
0040
0038
012c
ffff
0101
0010
0028
012c
0101
8000
0060
0030
0028
0064
8000
0008
ff00
fffe
0100
0004
0030
0040
0064
0028
0040
ff01
0002
0002
0101
0064
0008
ffff
fffe
ffff
0002
0100
0060
0001
012c
0010
7fff
0002
ff00
0060
7fff
0060
0010
0008
0060
0008
0008
0038
0010
8000
00ff
0002
00ff
0028
012c
ff00
7fff
0064
0030
00ff
7fff
0040
0001
7fff
ff00
0004
0060
0100
012c
00ff
0040
0064
0030
0038
0008
0001
0001
0100
0100
0040
0100
0038
0008
0028
8000
0100
0001
0064
012c
012c
00ff
7fff
0008
0038
ff01
0010
0010
0028
012c
0004
0008
0030
0038
0101
0030
0010
0100
012c
fffe
0002
012c
0100
0010
ff01
0004
0004
0100
0002
0030
ff01
ff01
00ff
0028
0060
0030
0004
ff00
00ff
0060
0101
8000
0001
0002
0060
0004
00ff
0004
0028
0100
012c
00ff
0010
0002
0030
ff00
0001
0008
0030
0038
ff00
0101
012c
0028
0001
0008
8000
0040
8000
012c
0001
0030
7fff
ff01
0028
0004
0038
fffe
ffff
0100
ffff
0060
0001
00ff
0064
8000
0038
0038
0010
0064
012c
0100
0038
0038
012c
0040
0001
ff00
ff00
0101
0002
ff01
0028
0010
8000
0002
ff01
0101
0064
012c
0040
8000
0008
00ff
0038
0008
7fff
0100
0010
012c
ff00
0002
0028
0001
fffe
ff00
0004
7fff
0002
0008
ff01
0001
8000
0038
012c
0002
7fff
0002
ff00
0008
ffff
0008
00ff
8000
0064
fffe
0101
012c
00ff
00ff
0028
0038
0040
7fff
ff00
0001
012c
ff00
0028
7fff
0004
0038
0030
0030
ff01
0040
0060
7fff
0060
0030
00ff
0030
0064
0064
ff01
fffe
7fff
8000
ff00
0060
012c
ffff
0038
0030
0040
0101
0001
0100
0100
012c
ff00
ffff
0004
00ff
0004
012c
0008
0038
0101
0064
0040
0008
ff00
7fff
0060
00ff
0010
8000
0001
0028
0004
0064
00ff
0004
0038
012c
ffff
0004
ff00
7fff
0001
0060
ff00
0030
0030
0028
fffe
0101
ff00
0060
0028
ffff
fffe
0040
ff00
ff00
0008
ffff
0001
0010
0064
0060
ffff
0064
0100
8000
0100
00ff
0038
0008
0101
0040
0064
fffe
0060
ff00
7fff
ff01
ff00
0030
7fff
0100
0010
ff01
ff00
0038
ff00
0002
0100
0038
0038
8000
ff00
0001
012c
0064
0101
0064
0038
8000
ffff
0010
0101
7fff
0028
0101
ffff
ffff
00ff
fffe
012c
fffe
00ff
00ff
0030
ff00
7fff
ff01
ffff
0038
0002
0038
7fff
ff01
0008
7fff
0038
0008
0002
0038
0028
0101
00ff
00ff
00ff
012c
0100
ff00
7fff
0101
00ff
0038
0001
0030
0101
7fff
ff00
0028
0101
0030
0008
0060
0028
0038
ffff
0010
0028
0030
ff00
ffff
ff01
0040
0101
8000
0060
0004
012c
0038
0040
0040
0028
0004
0038
0060
0064
0028
0060
0010
