7be4
717d
9e05
7b0a
7010
a844
bddd
88a9
d0a8
6410
4110
0fe9
beed
97c6
2d65
b7c1
0f53
91f2
0f7e
c202
4ebb
73b5
7485
a1b2
e99e
8914
8f36
15d8
e0dc
74bc
98d5
a73c
2800
a663
ed35
35c3
da40
bf46
f7aa
b768
c823
1f02
7bfe
6c9b
db8e
79d4
0f3b
b427
e512
2bac
887d
f162
0389
cb77
124a
564d
8ef6
19c6
5b4a
6686
58d3
f8b6
ece3
7eb6
bd75
5f95
915d
fb17
6299
6df9
0e9c
ea6b
d95d
a141
3f7b
064f
9bcc
f364
a15a
fd8b
f5d4
420f
45cf
f4b5
5ebb
a6ac
60ba
a198
36cd
66b6
5371
b72d
bef9
82dd
60e2
f38f
2d5b
7802
3186
d204
140c
f41b
c05a
c1ab
1ba7
2fda
4dfc
d91e
4a5b
39f2
acb2
723e
3781
af15
1a18
52bc
2f5f
56cb
4d93
2965
aaf5
6651
f7d4
2818
15b2
b1d0
23d9
f5c0
a9a6
f612
13ab
c7c4
01b9
c573
1720
3762
ec56
e196
b91d
2583
b2c8
eaeb
e251
9d2a
fe8c
521f
b9ec
54cd
738b
87e0
0d22
15ca
b221
7be2
6b3d
eaec
7eec
26e4
9334
08c1
3433
bc08
b677
439e
2f03
17b7
5020
ae2f
3997
ec9b
9eff
4a77
d1ee
6f71
8bab
0928
a2f1
5c52
127c
2111
d6b8
1b7b
d6a4
9164
6aa3
1f63
268f
8d77
6f0b
9cab
eacc
98e6
daad
a9ed
d529
241a
6f11
9dc1
bf50
7b50
a06a
e5e4
00bf
35cb
c665
5abc
fdf4
cd67
b5dc
7640
bc67
a20b
2de3
a97f
f90f
05b7
5c33
749e
24b3
5726
373a
8e2c
ce48
ed1e
76f4
058e
f25d
90fe
2921
1b50
c0c3
d5e1
71c1
6520
c1b5
55e3
d9a0
939b
a67b
c76a
bc1d
4c01
2c9f
b8a1
3f0f
8324
9631
b02f
7751
8d50
295c
9e04
dfbe
9543
90fa
d7ef
ac2f
c746
da53
9547
22e2
3689
3283
2754
03b2
7686
baaa
5408
cb2b
e4cc
b26e
43b6
fd0a
5ac4
38be
bff7
19ce
5935
74af
1c0a
6b3f
44aa
85bc
7d7e
b3be
8ea8
89f4
0e41
398c
141f
98b1
f051
1e93
73da
e22a
13cc
48ad
b53a
c28a
adbe
d9aa
fd26
adfa
f4ae
64ba
e180
71bf
f567
1715
6995
9fc3
83cf
f696
827f
e01b
15ee
7fa5
95b1
547e
cb6f
15fa
8e7a
6865
2e93
56aa
da26
6f04
8a63
bea4
a65f
563d
6e6d
d797
7ece
7e67
b9ca
8b81
c001
0165
4530
2b0b
1cd3
295e
662d
e1d6
59d9
a6a2
eacd
f684
86a7
ebd0
2af5
d923
3011
112f
4de5
4b5c
4c49
a37e
8a68
789c
2d61
6d06
1618
8928
f9d4
662f
cba4
cf3c
d711
e222
ec6d
1463
c427
ac86
6f0b
7585
651c
e9d2
b19b
a734
8ed7
233c
34c2
062a
c510
8153
b898
b288
ac5e
261e
156c
5951
57f9
0c07
1910
acc0
a43a
8f0c
128a
a4c6
2a35
1965
e574
bcd5
ab59
a0ce
ede8
4e68
c575
0556
a292
e6de
0e45
fb0c
12d4
7dd4
e606
6df5
c26b
3f8c
3328
6ebd
a4ac
5cad
58c8
a55a
7414
8de3
ba39
fd0b
71e5
b372
2caf
460b
ddae
da45
07fd
8a6e
dec7
303e
17cd
77a1
f38f
1a65
4223
ffaf
26fc
8f06
b176
40c6
0a37
a255
3d6a
69f5
78eb
7cb2
7a28
855d
1df4
a2d9
1add
7932
cb6d
23e9
b00a
03c2
0b93
b3f9
1720
7ab1
2ffa
6f9c
452b
84f4
d3ed
f0b0
d36f
c9c1
3bfb
f7b7
edbf
5d04
408c
7225
1311
e0a2
e520
5af4
4997
5c47
6988
1da8
18a2
1b69
3b24
cf43
5e0a
57f3
c2c2
881a
4c2e
4a47
f82e
2420
f127
1b57
2314
6814
804a
a6a3
ff12
df79
dba5
745f
ec4a
f424
c0ae
7d93
35ae
5366
1f8c
11dc
b481
4ae2
f2f3
4c94
cc3f
0737
40ee
40f7
7420
bb30
2a23
5cff
5dad
95f2
aeaf
2536
39fa
0bf2
91fa
9c47
bf90
7ff5
507d
000a
33e1
7db7
5f10
5d18
47b3
e803
9236
2045
5540
757a
5b52
1472
6cdc
1748
0a55
1c44
9645
5ee9
e389
0a69
05f6
faa0
68a5
bffe
02eb
80a1
392c
3a2e
1f09
4c6c
16e1
e0fa
a169
d1a2
f9fe
281e
9a9d
7c07
1822
6aaa
08b9
c449
a302
f54c
1b5c
ebd4
beb1
a699
994b
f604
c0e9
75bc
fc65
1be7
519e
b16f
fbbd
693d
f7f2
f9ab
64bd
a233
ae63
4836
7d66
71ef
3552
f128
ca19
9b06
aca5
3972
d4fc
cf4d
92f8
e16b
70af
ad14
5939
9f00
dfbb
1352
a428
5cfd
619b
6be4
71a2
8654
315d
3bed
bf0b
39f7
4406
44bd
f392
c3c1
1b73
e32e
0499
8bc0
959a
443a
8dd9
31d1
47c6
19e0
c8d4
833e
c30b
4579
2e6b
7225
3015
d8a1
f9e9
7bd4
8ad9
fff9
5f8c
ac12
51c0
6fff
a8d7
2b8a
1c2b
d661
90ab
eed6
09fb
6875
7fc2
d0be
93b7
04dd
7b25
0c09
12f4
b717
e450
bade
97c9
c172
b017
2d18
9912
f406
e427
2831
0620
3eaf
2ded
7feb
21f3
ae01
ba03
16f9
ce39
a99f
72f6
5f3d
3aa1
a471
9f3a
c6f4
d84d
85f4
0a9a
d934
701b
c430
fcb5
17b1
9bab
9550
9cd7
824e
e4b7
aef2
cf37
a76d
feec
8f39
3c39
baa9
39bb
d1d5
3863
9a71
6e4d
805a
91ed
85d4
26aa
6a2b
41c7
36b8
74e9
2e75
4cff
e939
62cb
f3b0
cd29
61dd
3029
0968
691e
c9e1
3b15
2bde
58c8
bb91
0dd4
da4c
d0ec
affd
2a82
93ea
0233
5771
df21
edc0
3e6c
6c7a
f59e
0b68
5fd7
4b35
f96d
ad06
5a47
fdd2
7cea
69a0
e9f2
08e4
507c
0b63
80c0
a08f
e902
26d7
33d6
c217
ef2f
9d61
e795
012a
889e
26b7
2eeb
4c88
894c
c191
e4f9
dd2c
bc38
fcc6
a038
6eb2
71b2
e476
6e5c
1e77
50a3
b440
88a6
0ea4
78bc
f2eb
564a
c1f9
38c4
cc4f
e188
a650
3842
9e71
e955
2c3d
dccc
35ca
d28f
b9eb
fcfe
f82c
fd2e
3182
df35
a310
5f08
7514
29a5
b247
c43f
47aa
b717
1931
6109
b157
fb15
cdfe
8eda
fabc
0ee4
8a57
8610
1b1d
74fe
147d
aeb6
bbde
c1d5
b709
ae59
2766
b4c7
aa95
ccbd
d547
beec
32a0
04af
cdd6
2e2b
5c5d
619f
5290
3625
8c62
2f15
125f
f4e2
9a60
a5c0
56ea
9d86
914f
dbdb
7508
de7d
5aee
85d3
51ee
cee8
3dfb
a429
8a4e
83d6
1a1d
3980
80a6
356a
d9d7
16f5
3efa
a741
fae4
9668
6c79
154e
b551
e505
dc57
2536
b6f0
2d05
f10d
7ec5
91e0
6160
3356
0d48
22da
3bf6
3dff
2346
3840
2aae
66a0
a2f2
c949
d980
a406
d83a
a8f8
67de
ba26
3889
2e82
b454
19a5
5cb8
92d5
872a
ce85
88ad
6148
e82f
ab8b
6514
ca51
79d3
6e4c
9e98
b49f
060f
8318
6164
274f
1ddf
6786
56b9
e240
1791
4ede
4fab
0ddd
20c8
026f
0611
fe57
a587
078e
a81e
142c
4ddd
fc98
14d3
14f8
ba90
fce9
57b5
26c8
f8cf
d701
b88d
88e2
5c33
d3cc
0676
575e
0f3e
a1f7
e54d
dfe2
8445
128a
8187
2a0f
3ca0
d4c3
6e1a
97dc
4a3a
1717
8363
a9ad
62d0
7394
dde1
8649
a5be
f4f8
3cbc
b811
4d35
6f4f
4bcb
2bdf
51df
a280
e7f4
5eb5
03b2
a4bf
225f
bc3d
291c
a11a
6878
7073
3e5a
9b4b
3bff
fb25
8aa4
7e23
3fe2
0b51
34ff
a304
2b5a
b6db
38c3
ec28
3302
4404
32ee
a4c3
6baf
f7fe
9efc
af8c
24e2
7a5a
c4a4
6b35
a406
d706
0708
4d1f
293a
8e67
0e02
4eb2
ed19
1805
8264
f463
49e7
d4c2
d5a7
4941
adfc
447e
a0af
1dce
b03b
c21c
dc5a
9a36
7867
46f6
1d60
3109
f2d7
7e71
6195
e3c0
b110
b72a
fe2c
8d49
dfb8
61bc
a78d
9e3b
4e25
765a
bfd8
0438
2973
d6de
6514
7add
65ce
1213
8c76
f26d
1f91
1b34
dd2e
c043
f135
7d92
232d
78df
5c70
94c0
4641
ad64
479a
0890
42ed
f3ba
e864
fbea
15cf
bd7c
0e29
cad7
5c6c
aa97
19c6
22ce
0e11
824a
0f5a
8e89
4711
ad95
5bbf
9b4c
b53f
fa21
5609
1d5d
a899
e8d8
9e33
2046
9355
d065
dc31
605b
7441
0bcb
cbd1
6e00
7250
bb85
9ca6
78ce
55c9
b371
3d5a
4be7
f5fe
5ab6
4b55
90f9
ef98
f353
d593
202f
9d02
c61e
c6ac
eaad
c31b
1bd5
39dc
8ec9
f419
bf6b
7eca
5385
cdbf
e460
0866
82cb
d8e1
221e
b001
9251
e89d
f630
ac08
2d06
c406
4ce5
77b7
1549
b91d
253c
690a
3846
1b41
a675
50c9
42df
4126
792c
6745
fb94
5b54
21cd
4e8a
fbf8
bba2
89bb
101f
25ca
1478
8625
b51d
2c7f
5b2c
3d8f
e0aa
ff67
0fd0
c9ad
5c5c
693b
0363
f724
c970
1b67
b9ea
e6fa
2edc
723f
56da
59b8
ce53
c34a
f6fd
fca6
decd
6894
0c78
68a1
af7d
1640
72c5
0cdb
052b
8d6e
7485
e797
f4d1
6f5e
b598
0e7f
9053
0612
36f4
d54d
d046
1970
b51f
8f3f
cc12
fad8
fa90
722b
8d2b
3e76
35d2
6440
0c15
790a
8ef8
5e10
b5ce
f0ea
58c4
eb9d
4e4c
8a58
0f2b
5cf9
392b
cc28
dbe2
fcca
504b
bf76
67e7
7ac6
198e
da08
148b
179d
46b4
51c6
ac3b
1b10
66ac
c3b0
6abd
717a
7ed3
4edd
95c1
412c
4199
755e
8962
c9f6
3c4d
f402
feae
4048
14ad
259c
5083
27e3
3026
6947
9234
c2f9
4ac6
df86
ee2e
03e3
f999
15cc
e23a
e892
5ab9
7e76
d51a
997e
8d35
cb8b
11f7
c8b0
2501
69d1
692a
9cd7
5681
4c19
3ea3
34a8
0ec2
04ba
6220
2108
5b4e
f03c
e0ad
3e43
4712
7f64
a850
9324
7d7d
12c8
585f
71b2
6715
0bb5
b2a4
331d
172e
d844
84a9
4f85
de86
d06e
1496
cf39
0a56
b1f1
91e2
89e8
bb83
5198
6d47
2a17
87e9
0e4f
f766
65d1
4688
9290
9eb3
bd02
1c03
4493
4645
85a3
eb5d
76e6
60c9
4414
114d
a3e2
25fc
a475
12fb
5776
aa35
0529
225f
0055
228c
c1a4
0fe8
e8b5
9785
9120
2c71
3305
50f6
8ec0
3008
76fd
0eed
c02d
e483
223e
74f4
1498
43bc
58f2
608a
273a
eb4a
897a
2873
1c44
cfd1
7a5f
c2dd
bb93
3177
1b2a
3ed2
48db
34ad
904f
a9ba
4182
fb90
b3c2
38fd
c2c5
5108
815e
e74c
31b2
ceb0
effe
0c84
2418
baa7
2f18
c94b
e2ff
3259
3d37
1e77
9db4
2a9e
5728
1458
6aa0
004d
de96
ce1c
39af
e48d
bf80
913a
a8fc
ea5a
49ca
a6c7
f0d1
1837
df55
53d8
d231
ca01
f8e4
7e8d
46b5
8480
7023
a143
4fdb
b26d
0db6
4aef
67e8
1633
2355
648e
f22d
082f
1ce9
8a65
e2f1
780c
cacb
bd93
8570
6c45
3ab8
dc09
06a2
437d
2c3a
7f96
ea37
fcb5
8516
d8fe
a428
f770
d24a
4533
298e
cc43
d30b
d34d
23dd
a5a4
26e2
4efd
8bd6
120e
db3e
2c98
620e
4370
0858
986a
d799
5e7a
9b96
41db
deaf
66fe
09a4
dedb
032b
2d46
a70c
1d7c
ae98
286f
df46
7813
379c
346c
6245
411f
945b
5ef4
b533
6e2e
eef0
0a47
aa6b
16b7
9827
d88b
2db3
ce6e
a711
567b
c615
4bc2
8799
f35e
24eb
73c9
452e
e428
c464
9a2b
5ee4
ad3c
ee0d
eeee
2f3e
8f7f
9d18
20aa
feed
100d
8bd2
af29
b984
7b9a
be54
4763
b2d5
efce
b9a9
57b7
cb54
c8fa
4220
de4b
e7b6
9b8b
1b5a
67e2
f335
4208
44e0
a317
a59e
4fb8
51e1
22cc
eb5c
58ae
1f37
72d7
34bf
2c6e
0abb
7b7a
a733
e67a
e72b
60b9
ebe7
4aec
7104
51c2
7b49
5921
6929
004a
e948
731d
fed9
3404
c9fd
22bb
0a21
bbcf
211e
57ef
9cc7
5b3f
bfc9
a299
79ba
5217
4a5b
d225
7f7e
79be
0a44
a7bd
4b94
cc2c
e302
089c
2426
3f4b
ae72
f01d
8390
eecb
add6
066a
5bc6
ad08
e889
025a
e8eb
c450
bd9f
fd43
9f17
3048
0edb
44f4
7bb7
1fbc
6a8a
ec94
9450
f56e
7f85
d238
2049
03f9
ae38
fcf7
72ba
f95d
6045
f9b4
1e1f
a3f0
0396
6b85
e567
9805
cf85
bc8a
643d
e577
4a7f
8ab2
228b
a1d6
8875
1f5e
17dc
1153
226e
cd59
8245
9c87
0332
6e7d
1b87
c128
2a39
bb0d
319e
a93d
2e6e
9110
d8c2
22d6
8daf
a1a1
d673
60d6
6093
5c91
3772
52c3
7161
785a
460e
6bcb
7f27
3a38
c0d4
6aca
1c64
7191
4ea0
6781
c73c
841f
c2d2
cd81
b6dc
e76c
74b1
0819
e49a
c131
ea6d
ff00
7173
6cc6
27b7
3150
3587
20ef
30dd
2977
68ad
b1a2
a891
8fab
ce5e
7e2b
dd9b
241c
c087
c15c
0812
9917
1fbc
a057
c89b
b27d
e14b
67c8
ae68
fabf
6ba5
94a1
a11d
a259
b66b
0719
7bd0
2fcf
7928
c118
b061
90be
9e66
3731
df93
1829
ea5f
e107
7c23
a432
a0db
85b6
9f9b
3bf8
4d53
d398
04d7
f760
6ed1
f9e7
4ba9
a781
a700
6efb
9e77
5655
32d5
f222
5f84
a787
e5b5
7eb7
4458
9266
3b6f
1fa2
8437
075d
6d30
f417
c106
6332
d9f2
fe7c
f5c4
7cb2
75eb
00da
2912
5389
e733
37d6
2ef6
ef77
2119
927b
1a17
e3d4
00cf
5d18
12c2
6e1e
772b
b194
8955
f5ea
3f20
183c
d90a
bca0
7fcf
bf21
773c
5a41
c0d3
b35e
e7c5
364a
fe35
1aa8
5daf
c731
57e3
3ed8
6d8f
c73b
e303
3809
22c6
4a88
6a2d
03db
13b1
3604
7b47
0a34
a896
a5b0
e130
2728
b71a
6c88
cd23
be69
14bc
7126
9849
cc16
476f
1b73
7c2e
b424
b181
e4da
e916
2396
9a9f
8db4
bd79
004a
137d
e677
ce81
561e
a842
842e
60ce
a076
3cb4
e85d
9897
9276
1dad
f500
b549
76cf
a3f9
48d5
00d1
3805
6701
b156
b711
eb13
cd81
1cbf
6930
6448
364c
6254
b86b
db90
402d
9652
4940
d196
6411
74e2
1f14
50b4
9bf4
ecd6
c5ba
eadb
25d7
2ebc
c0ec
d341
96cc
97f3
5478
57cf
7114
ad38
eca9
e18d
c07e
2af0
2f5b
9f03
96af
d9e2
f333
a33b
26f9
f724
a846
88cd
0e27
6181
5e69
c01b
21af
3134
eac2
cc7c
e3ba
e325
0a69
dbc6
708a
ad5d
e258
b7b9
b99f
677f
f104
c4b9
6ac1
adfc
29ce
fae8
1fad
ac93
dbff
36b5
6c1d
4056
db2c
dce3
e965
8df9
8f30
69f4
c135
a683
5795
9e5c
3d42
f709
b86f
858f
c877
d820
127a
4102
456c
7101
6ecc
911d
8c04
5e88
ba80
08d8
3db3
73ac
03e6
2e31
d089
1fba
aa41
4410
2c01
6733
700b
1421
4b6b
d911
3d4e
5eca
54d4
2a77
647c
c662
c619
079e
ac51
cc7e
f9e0
7e34
e0e2
656a
5c15
394c
5173
4262
fc97
2a2e
820d
4cce
643d
0f60
f96a
346a
a87b
0012
b63f
f984
cc6f
d482
301f
7d82
ed0f
ffc8
2909
a690
34dc
36a8
98fc
2890
62d7
2b2d
30cd
092b
070b
d31d
685c
e2f5
3c43
ef4d
1417
01cf
9790
0cd1
a115
e979
e390
a3c4
a8d0
dd94
0a09
27bf
f9bd
bd2b
91fd
4486
384d
1e02
79a4
0a7c
ba41
975c
d8e9
e007
5fe8
e6af
27de
81af
bafc
08d4
1d95
74a6
c4a8
ea2e
2076
9990
acbd
fb43
2b98
ae86
c387
0451
5826
e3bd
a6a6
57a4
634f
8a0f
201a
71ba
8bde
929d
2c00
a242
3a0c
eaf8
c1de
ec5b
2dee
9d16
a8c0
b5d6
507a
ddaf
5ffd
c48d
11d3
2422
80d1
ced5
5728
6269
2be7
81c0
2956
a3fd
dbbb
3694
f053
7123
61ff
65e5
23b3
77c0
118c
2d54
adb9
3d6f
224c
d2f8
cfc1
b3db
b93f
72f7
31de
f652
342d
b673
2814
5285
14ea
54ae
eda2
2976
0404
3e76
36ae
5fd3
559a
b20b
26f8
1701
6032
b3c3
8b20
0f74
50ec
ab55
c3c6
6d82
182b
1d30
a1b4
0f31
9ad2
6a92
f9d3
84b2
6540
d15a
1f7d
a2f7
375e
a444
0df7
44d4
ca24
8248
9836
4567
e6f4
b7f7
c5db
3f9e
c36a
b88b
59f1
e205
909c
a855
c3b1
0ce3
f426
c594
913c
8c99
4dcb
63b9
e6bc
3501
d65b
bc63
b8fa
0047
e753
b8cc
b45e
7ebd
e66d
bc4f
758f
1670
f661
4a94
2617
877f
31fb
13bf
1c05
cab7
3579
378a
1633
428e
0f6e
ae72
9d89
8d85
aef1
a46a
1114
03d8
4a1f
2219
092a
ac3a
50c0
d312
f1ed
f4eb
4460
fd96
0393
b890
45c2
10f1
0371
2137
614f
c2a2
9a65
f7b7
0fce
55d9
72f8
4736
04da
b840
aad5
beb2
80c8
5278
f369
34de
9ae9
5e3e
00de
5103
d14b
e0e3
1da4
e76c
f55e
dab9
9175
9d28
0c5e
a0b3
316d
d02b
2d90
c8b8
be6c
4e1c
abc6
85a0
293d
1053
eae6
d082
da0a
e889
2b1e
5ffd
5d37
c571
48c6
d674
8675
e76a
a363
b5ae
514d
f8d1
3965
4ddf
a38d
3a80
12af
7557
bed8
3540
9aeb
3e3b
77d5
a53d
7b5d
d2cd
de19
58b5
522f
be32
a4eb
dfe5
72c5
b057
728e
6cc1
e402
3c53
9519
b8eb
ff75
6e39
2334
6c05
89e3
47aa
18ac
c764
60bc
10d1
7322
85ab
3820
b141
5460
c9f1
b1e4
4106
5dcf
2d26
b1e9
8a5e
fa1e
49bc
9e34
4131
a007
dfcb
852e
c2ed
9a01
6d61
796f
d4fd
e83c
0146
0ba3
d4fb
cd0a
6ce5
4826
d53f
d984
d2d9
d2ec
bdfb
c2df
d62b
6014
a880
f638
bc88
e380
4f0e
87be
185e
a851
a7ba
5449
baa3
b9a3
7d5d
6877
5978
a047
d343
5859
041e
20c6
b1bd
9f38
887d
82b0
aa87
9d73
75f1
9f7c
32ec
08dd
1cc7
41e2
cd65
6983
2fbb
0d19
b433
1718
92cf
c959
e99b
33eb
dc4d
2650
82b2
05ee
894b
c977
35d2
3086
a614
3f88
9861
abb1
311c
ec34
b702
cce0
80ad
2677
9de4
be5c
93e2
92d2
2d66
6234
4a55
b275
4e62
4d4f
089a
ee01
ac47
619f
90d8
2b55
e761
2ee9
502a
43c4
64a3
84d0
aa02
18ff
dd82
66d0
fdd3
7f44
4915
eb27
96d6
bf8d
631d
f535
0787
37eb
b324
7fe3
9142
de3a
d76f
24d5
c56a
e81a
f502
da52
09a1
5861
f305
a8dd
2556
c195
eda7
258c
4908
5a81
bf75
bf4e
24df
5b6f
eb44
7997
8f75
d8e8
7f5d
96ce
b3ec
143b
c627
9694
18cf
54e0
9789
17c2
0b89
d1c0
fe01
5341
9213
bf7e
78f6
9ba0
cc35
30fa
134c
9745
cb03
9cbf
0845
112f
e827
1b3d
d3f4
6c22
cb74
a181
8ce2
62a0
000c
e8f9
4b65
c4bf
a0e6
5f6c
c869
7b39
5f97
3d2a
1833
1cda
f09b
385b
14df
0ee5
f319
9ce0
fe0e
a814
6ca3
d295
830f
9e8d
e7c2
4e43
4477
1038
b10a
ef3b
2091
0bd3
8dea
ee34
e137
486c
7dd5
6afa
53c0
5557
b481
87a8
69ff
d6ac
34f3
5631
a55f
3858
f5d0
ca91
00fb
e211
c9b6
0f53
c0d1
18a1
c4dd
fe98
b3ea
df22
625a
9e01
9c99
a04e
a0a1
426f
744d
91f5
e947
64a2
ee40
b802
32ae
1e05
3154
6bd6
4c56
f1ce
547a
5c5f
2aa9
7488
9f9c
f583
431a
65be
d7b9
ff74
622c
e75c
bb86
a512
90ed
6e05
3549
cb72
453e
c3a4
ef7d
5247
9ca1
af23
205f
05b2
cab8
d34c
5e75
c3c5
6696
a55a
2d82
ac89
e1ab
4271
c493
cc77
0446
9a1a
1add
d08d
9065
23da
20f0
c782
08d4
27f4
8dd9
3773
fdb3
3473
29d9
8ba6
cb50
1cd9
f49c
daf7
928f
34d9
efd3
6e95
763c
eeaa
06ec
e184
ff67
fb17
9a54
0ef2
ab07
18a0
bc84
6d02
a5e4
4291
1c91
7bb0
360c
2751
bc49
7551
755b
5783
9b7d
1441
f976
551c
0f52
a1d8
e3b4
0a4d
c8fd
968f
99e6
6771
cf00
e30b
2268
1e0f
5236
2464
917e
b3aa
8536
907d
8ba2
1920
6fd8
1c45
99c4
0e3b
4903
799c
5077
e807
f194
aa09
7a6b
aa0b
d160
8d36
4d95
83f7
0e62
09d8
5fed
d60a
4eea
0a2e
452b
fa01
8183
96ba
3a86
eb9d
a24c
8402
9939
a665
14b5
eb1c
c47b
ebca
e723
f673
3391
a108
3a00
4c98
d8e2
31ae
7456
24e1
152d
6cc0
2beb
d2fa
1d2a
4ae7
8ba0
e091
0796
c7b1
73e7
cbcf
435e
2cf3
5163
6573
3599
49a3
a54e
9ec2
b5f9
f30f
cdc3
1d74
cc27
c99b
6bbb
cab5
55ea
ccca
0903
823d
4fc4
17a3
7c1d
0268
9e93
0d0d
6444
ddbd
b858
d8c2
303e
0fff
3112
f7dc
7435
ba99
e6c0
1093
d3af
6fc7
3500
7262
1cd6
7b6d
0af1
b38c
d020
c5d6
1e45
ffc1
a4d1
3ef2
2d9c
54f4
718f
3c2b
dad7
cc92
ef95
93db
0f3b
7d1d
09cb
a5e4
9f3b
f1e3
b9c3
1f9d
a043
a753
77d9
61a1
e1c7
6e7f
6089
88e3
c55f
fe2f
eab6
8c2f
3637
0a7b
caca
2406
1852
4c62
b830
b6e6
afe1
75b3
1fb6
ee25
2934
d8de
e6c7
2849
c801
fb9a
84a3
a3c4
3b58
0fa3
5f14
1cb9
2d97
fea0
72c1
0506
7c61
8a4c
e706
bb25
9091
bb61
010e
1043
8eed
e0fa
77e2
5d4e
e1d6
5088
00c2
2b2e
5643
f854
4429
1130
db14
ea8b
74bb
e5e2
8f73
07e6
475d
f2ad
8d2e
26a8
7df6
6e53
8671
76c8
abd5
ede0
5a5d
bf71
f94f
99f5
4943
36f0
1ec3
3acb
1058
9881
d2d0
efef
e835
8ac8
e2c7
d5c8
c0eb
1a2a
56dc
f37c
addc
9725
3f70
b528
e310
da83
e2c1
d941
f493
1257
9e89
e106
7b2f
e7f3
fb1f
41c8
6d99
9144
1336
9343
b8f5
4f2a
e6c2
ec61
703d
a2ec
24d2
d76a
da43
63e2
edb5
f5ed
2052
5557
ccab
6882
4576
4401
acac
1849
d206
857d
f219
71de
84bb
f956
2278
0c16
e96f
aacf
1d75
99a3
7e90
1522
b8e1
6d52
534c
259c
8849
3811
345b
d6c5
e5ec
c594
e3ea
6f6b
368c
0708
4715
2b46
3f41
96cd
d499
381a
1405
f4ad
743b
b842
6be4
bbaf
75bf
cab5
eca1
2b09
4e09
ede1
f512
f3bb
fbe7
ea84
0a60
7fa9
4600
3320
ee8f
5908
6f38
cfa7
f86b
f7dc
9a03
58e9
79c8
52d0
eef8
fea9
987e
29f2
182f
da86
d2c6
6f4c
eea5
8c61
9e19
9169
40c1
7451
84a7
c5dc
ad17
357b
a854
5fe4
a55c
96cf
5476
938e
708b
421f
df56
879d
999a
46fd
d171
f6d8
87a1
507b
0019
ced8
f962
6465
7f01
af90
0561
70a7
14c7
cc73
56db
a57b
de60
d99d
0b5e
cba0
5657
bc28
afde
3b00
ca53
5c99
4520
df2e
8740
b2d0
3cb0
4a49
d112
2c5f
5ab2
6f3b
b239
dbcd
2b61
b4cb
694c
e04f
674d
8624
05c7
885f
9598
b32e
b79d
ba93
b16d
c1b1
6f66
ec20
1717
0038
91df
444b
8927
4c5e
0b6b
72f5
13d1
417b
43f3
4e38
d3e5
4790
831a
963f
ce1e
f5e9
b7d3
51e2
8328
074f
ebed
8762
a6c0
3284
c528
89cd
e891
87c3
4e31
0ade
5847
509c
c044
a036
e338
9885
343c
8c18
d400
abd0
3d63
74a1
9034
b797
f740
9995
fcc2
e6de
e498
9558
262c
65b0
0e86
c412
a849
046b
4547
3d5d
12a7
7a43
2359
24b2
e88a
4d2a
235d
3759
3720
227e
466c
7fca
8764
63b0
7814
acc1
c105
51a1
18d8
df67
e6b1
b168
dcbb
1836
437d
6fc0
bbcf
d752
ac3a
7b25
77bd
36e1
246e
c128
47fd
a851
e525
74cf
b43e
cfdf
35f7
b67e
e4be
530e
b75c
eb74
cc29
e9ac
26e5
caff
6709
6400
9db8
572d
4be4
dc09
fe61
f9af
c2d9
c958
3f22
b8c2
550f
97d7
b722
574f
2446
e13f
07af
01d3
5492
c4b1
989a
e7ab
7ebb
adfd
bcc5
bee8
0309
922a
e7c0
140b
4fe8
789c
0880
e236
d5e7
adf4
6ac6
678f
3def
f18c
96ef
dbb8
720e
4348
3861
876f
4eb6
cddf
b23b
9e86
b3d1
5ea5
a19f
34f7
7054
bde4
9b48
8623
b751
2c70
157e
9c44
c3a3
37e2
d038
9ff5
ac7e
11be
cf49
d4a9
03ee
5a03
ec20
3a09
dc35
4b43
0896
d405
4898
4f5d
1e24
384e
ac95
9b92
3c1a
91c0
c55e
af5a
26fc
8157
6176
5314
323f
11a6
3872
bf02
2f5f
1314
5eaa
5c06
f0a9
7a1d
2406
60e1
850c
f0b9
290b
99d0
0c21
ef48
5dec
41bd
ae2c
5232
99c7
48f2
0f54
f95a
48e2
840d
ac92
ff55
9a68
29e2
837b
a48f
3f6f
7690
e095
6765
e4de
c2ac
2aec
679d
2b97
6046
168a
e033
4687
9368
f06f
1a17
8301
a46b
2a2d
c43b
578c
491e
0b24
0893
078c
c0fd
a674
097d
5b36
9274
6d78
a191
fce9
55d2
94e8
38da
09e7
f73b
6472
353b
6933
f87f
848a
36f9
de5d
8f82
d83b
05c1
6d36
2a86
29a7
a164
1ff0
a079
b5b9
b0fe
2531
111c
6cb2
4c59
250b
604c
ef03
6f1c
5490
dacf
a48e
834e
4806
789b
3b10
811d
a5db
7eb1
2784
1ee4
7fc8
f909
8397
3f64
4d20
339d
96e1
cc38
699b
4c74
1dd5
5a46
8ae4
35c1
e2eb
af85
f998
b9ed
3216
079b
c6a7
acdc
4a7c
0368
bb10
d8ff
3ed9
2f62
93ec
6a50
2324
a1ee
078d
373d
fc0b
e268
f8f4
020e
9165
72c9
93da
b87b
a17e
ea1a
c690
eb41
4803
0372
c19d
9db6
9ecc
8c33
87d9
744b
50b6
e972
488a
b612
795d
5c10
27aa
0fe2
84de
3326
e801
57dc
314f
08dc
666f
8727
ad08
084e
8b97
cb42
a269
c235
2cc7
4876
5e6c
48cc
983d
4f42
d4ba
667a
4ab7
2318
5bec
476f
0471
b27b
c15d
42f6
19b3
402b
1c5f
5d4d
ffa4
fedb
6e70
4969
460c
50c5
f4d3
3748
75e6
a876
1ce9
6e33
3429
a67e
267e
89bb
2287
2c35
0bba
fda1
c427
2827
6a39
dd6c
7d41
29af
69e7
4922
8e9c
066d
0ca3
82f8
b5c5
a8af
9f2e
a825
c609
bd64
c30f
ca3f
1e11
a5c0
4cd9
6797
f97a
1c1e
ddf7
c234
b227
86a8
ffa1
bd74
f38e
24a1
5468
c62c
884d
a76e
19f7
e49b
ba63
6acd
74a4
59b4
ed00
717c
6d4a
f26d
ebb1
7514
8e05
bbed
19b7
377e
d3b8
1f60
eb60
a261
7480
95d7
04ee
25d4
6f47
ce9d
42f3
4804
e309
b153
5ff5
5e5b
cdcd
ab33
cdbd
8e29
eb43
da92
ca60
1337
a1c8
5a0b
d1a0
6ebf
ae71
2408
f04f
d9ee
9edd
d83d
58a1
dccc
311b
0abe
ec60
5b6f
2095
7e54
4044
477d
f83e
a624
5bc1
b514
67d2
db2d
11e0
4666
0695
af20
f328
ae64
b6b7
cd56
cf25
f8cf
f0bc
d19b
3bb1
4690
70a1
6360
6200
d748
dfb6
a81f
c71a
ed1a
6f16
9a55
cbd3
f0f1
7399
38ab
189d
e405
2923
6563
05c0
5c95
fb24
cd34
058e
af83
801f
baec
cd98
8ad2
2cb2
bc98
1ab5
0b43
3418
ad0b
286b
5c77
8655
d285
7b7c
cedb
5e58
afb7
04b6
f4a2
e03d
c46f
746e
da2b
4bf9
fca9
2342
4ff9
9134
7439
a64d
e6f6
f573
7996
066a
656a
169a
1162
8c82
5c45
1db5
539f
76ae
d51d
c0a0
80f9
a90c
9b68
530a
d596
8182
e57e
399d
5183
36dd
64d4
9dc3
8416
50c0
113d
aed7
9696
839d
face
0c1a
fd04
399d
273c
5616
11a4
674c
41c8
023d
4f49
8924
68a4
8f2d
40ce
b19a
759d
3f0f
600d
0fb4
e2e7
1275
445c
ff90
1ca1
a6e2
a755
60ea
0e01
e0cc
152b
c3dc
9455
219b
ae92
e31c
9e84
ddd0
1dee
00d2
c32d
3b29
0342
e5e9
dec7
8a78
b8f4
7d94
1af0
8893
4cda
ac54
1691
3ea2
f978
7691
3629
7feb
0759
fa9b
8fef
7a10
4dff
5908
23e3
78f2
a4bc
f9d9
6145
f0b8
029f
1a2a
0bf2
ebe8
ebd2
28cb
3fca
5586
fed9
8028
77b4
0928
8fea
edf6
3d57
e361
62e3
0e94
4d8f
9c49
d904
b5b5
41a2
fc27
bb0d
eaaa
6021
7e02
e4f5
770f
1a21
0189
be36
7f04
e56b
3606
a4e3
4780
de77
039a
d59c
bfed
6fb9
3c0d
cd97
fd0e
71bc
a9d2
158f
128d
621f
6f51
bbdc
0312
f028
c15b
a116
32a3
f5c5
1b3e
464c
2171
7816
fb1c
4558
3453
dd6b
6853
4e7f
ec1b
0a05
e16c
5a28
774e
afd4
5b7b
2567
45f2
c799
8a44
5c90
711b
1827
cfa2
4345
9c53
43bf
e8c7
da39
8821
3c0b
4505
f170
ff29
2911
1729
7c6e
a181
9ee2
6e6f
2ab0
7370
e96c
7a55
2614
cb99
e127
ea7e
f263
5bf8
e8a7
93ce
29e4
14ba
88f7
2c1a
89d0
100a
6696
2f83
4056
27e0
67ab
bf83
33bb
2722
2726
c0b1
6cf8
2e2d
6ec4
a66a
00cc
08c5
854b
cae8
932e
7e8a
b7b9
af0a
ee76
4a91
eb04
2957
e2ce
752f
bdf7
ed66
b8b2
5036
4d8b
d2ba
1b3e
a698
0a2a
aaa6
1ef4
0c73
5091
acd0
07e2
76e7
bef5
f462
f6df
e38d
a7d6
96fa
38d6
142b
f1af
6742
9554
160a
ab65
0d21
a21b
2a18
445c
4bbd
9bc9
ebed
8158
64b4
ad6f
ced1
c02b
44ba
0d24
254a
6fae
cb2a
fab3
0e15
4a3c
2437
3dc8
7e8f
0276
b521
d506
d9e6
6d1d
2e93
6d70
bb82
e213
896e
744c
b33d
1cf7
eb43
3510
5bd9
8791
a8ed
7721
0d69
0eb8
df2b
3f38
ad3c
ae9b
721e
aa87
6e5e
f9f2
f333
6090
692a
f493
7f26
72f8
d491
70dc
53e9
095d
9e9b
2c59
82fb
f8c0
36e3
1ebc
43db
c142
b959
6762
3d8e
c0ae
4db3
4e66
f581
4ed9
29e9
c8b6
12d6
ec3d
acfa
47b1
02ce
d774
4d67
f056
3638
d276
808b
de67
3ba8
577d
4d7b
80ff
fc5e
72bf
8f26
3d4f
ed58
8af6
dc2a
93ad
07d5
4aac
0d88
0332
0148
0792
b1be
b430
9c4d
a6b5
8369
3625
e857
2aff
d932
15bd
0bc8
b7c8
3c7d
c275
d94f
dabe
bc6b
dd70
1722
3dd1
4c3e
bde3
2b80
aa93
8ddf
3460
c28b
e666
b797
cb7b
51a9
2fbb
ae10
6fbd
c574
9d8e
0809
b27f
2f8d
5250
67b0
8636
4436
1ed7
4e6d
0a36
ded3
6eb5
21c6
3b9b
f97d
2ef4
6bcc
d71e
d1da
3dfc
c5fe
c149
39b5
f9a0
4f9c
02b8
ee4a
1fc3
cacb
2e1a
cbd5
cec5
d5ff
c1a6
a7d6
24d1
a6e9
c3e3
99eb
8073
1816
f3e6
944c
67e9
6df4
93df
86ee
50d5
8b2c
c85f
e6a6
faeb
874f
8ef8
bfbf
29cb
4dd9
28be
9001
b06c
1567
26af
7bd8
af05
9511
320b
fd79
4e60
2cea
4ab9
0d84
7ea8
e81a
44de
054e
ff90
b188
f7ce
54ba
2d21
b311
33bc
67b8
358d
aea8
284f
a938
5a20
5378
e4c2
5643
d183
5bf2
04c9
6f6f
e4df
1cea
9dbb
4822
4851
4bbe
1489
d4f6
fd73
c680
d2de
4bde
7e75
0652
815a
d022
b973
8cf8
b4a5
6089
7b8e
b2df
cd36
accc
c260
98f8
e2c5
70fb
8c0f
45e5
1e90
02cb
3ca0
394c
caed
1a8b
3505
ecac
5ef1
89a2
40ff
21cb
b031
1fe1
0f87
9f54
2a2e
82bd
e57c
ae51
a0cb
82cf
7bd9
5cfe
a1ed
dc83
4fbb
c974
3eea
7d5a
b116
3759
ef7e
7748
75e2
c713
6bba
d445
dc14
09a7
a255
295b
5533
68d0
5e47
0c46
dbf9
bca2
0360
16e8
41c3
5c84
c0ec
6ddd
1410
cb94
f594
c1cc
f476
b22c
ebb9
3b43
246e
45f6
683b
d8eb
c6ff
63bc
d56c
cf8e
26f9
cd6e
e729
c822
fb72
7144
dc75
c9d9
117e
e704
f99d
7faa
96cd
a087
b864
957b
8492
8e04
1ba5
ce44
e0f2
ed0c
cf37
d4dd
6f41
8361
9fa9
1523
2560
f012
f289
0f47
a705
6e02
0f93
4b67
0983
e019
6769
1252
91af
4291
c131
a25b
99f7
2f15
a660
2512
9cbc
3b5f
44ec
e3d4
32b5
ef62
6d70
914d
4229
850b
a59c
0d1f
370b
84ce
85d9
acbc
8e2a
718a
8ac8
2271
52f5
bf49
abe8
91ec
b595
cc6a
886b
af71
66d8
d37a
c411
cfa4
4347
ca24
22e4
8e78
b62f
f660
eff3
85b7
d3a5
a458
7fb8
db31
b1c7
eda1
1dc1
d48b
1945
53b4
eadb
15c6
a3d3
bcc8
7c2a
ce4b
0648
1b52
5633
bb81
6d28
ea18
9796
a862
7727
0eea
b822
11e4
2d2c
7dc2
3455
14a1
f3c1
2683
ad96
c23a
8618
5b84
1587
f384
39f1
0487
e2b6
2760
5934
6ea0
55cc
498b
a418
e6fb
8349
158a
322f
722d
fe98
adb7
3fdf
277e
648a
e020
66f3
e5b7
9775
897f
5241
c007
a00c
b3a5
5b39
e409
30a4
4571
9a94
9e9a
ad96
6492
f1fa
9c94
a295
831b
cd54
6243
e3d3
cd1b
1e74
7b76
bd47
d6df
21aa
b8d4
a3f3
18de
0bb4
a10b
0f95
5b69
2655
b94f
5e95
d8b1
0ded
fd7a
593e
d79f
dd10
a447
1b38
db6d
99c1
d726
1eca
a651
9a90
2c1f
3b2a
e98c
2d9b
39f0
b4d2
515a
57bc
00b0
4d37
976b
042b
5407
275d
fd35
a69b
9c8c
9187
6a08
38ca
76a3
60fd
80fd
4fd8
5758
e9ab
18e7
72ad
9fa3
f530
7d77
f17b
b5d8
2b08
5664
bf5a
a117
49a4
4190
7ad6
66ba
13e4
c656
ed8c
18ca
1939
fa8f
5394
a9d3
67a6
7719
0ca2
8d37
2569
776f
2214
0583
9fae
d00f
a7aa
5079
30c7
30e9
d35f
97e3
bec5
94c3
162e
a1d9
af9e
ed10
cf62
5966
018b
0c0a
36e4
daf4
cb24
7f8b
fe87
7b3f
467e
7540
22ae
3572
42c7
52f3
bf63
dcea
4dbf
6377
46f2
3ad8
3dda
4646
f1e6
a64e
ac7e
5033
5b3f
5ffb
b33a
265d
1c36
cc42
db98
a6d2
238d
2768
1c6d
f0be
30f2
a96e
78ba
a4cf
f446
4cba
72ea
c371
6e97
4c18
3cff
23d6
ded3
15c4
068f
9409
cde8
3dff
184e
2c35
3820
fa9c
3b91
e961
8739
53e7
f807
a62c
2310
75bf
3624
8cd2
e956
61f9
4de1
7fd4
edde
b4e9
a6fb
bba7
4a35
ad60
c34f
5ce7
554d
b162
6578
9ead
7897
8dc9
0674
871d
0e7a
bdfd
e17d
96b0
a136
bb66
99f0
11f0
c4c7
e6c0
4314
80c6
2e60
3927
b3b0
8af4
bced
b71f
9bac
60f5
06dd
5588
1552
8791
1154
5bfd
9aac
2006
d00d
05da
b9cb
9740
99e1
08d1
80dd
f6dc
9bb1
35d2
2c7c
f038
efcd
3e25
b5c3
e798
d8f6
cb5a
21da
0aa5
80a0
cfc5
ae49
33d4
5ae1
0e75
b83e
cb84
51a8
1164
68a6
e4ab
3519
4c74
8bbc
cceb
07ee
9c8f
1874
afbb
3d26
1326
2096
5a8c
cd01
a11a
cfc0
1685
b935
8474
852e
1a85
2cc0
0f54
92bc
dc94
528f
1491
1e79
1376
ee65
f9cf
ee2d
da92
565f
0907
f604
6df3
a061
0db7
8e4c
f8ff
245e
3582
46af
2692
c56b
f70a
5b0b
4422
9a0a
897b
843c
bda3
b9e2
4af5
d004
9727
ab14
37c0
3e86
b61d
4dcc
4fd2
6c7c
7e81
95b7
1de2
50f0
7eb8
7c04
fc98
3738
b6ec
c7e1
747f
dc0a
bc84
3a88
fc34
2964
26d8
a006
99a4
4cb6
8fd6
cc01
9d15
3d6b
ba98
a77a
b977
4da6
c5f5
b68d
36ee
6696
a199
e80a
46f3
75a2
32c6
d315
2cb1
7433
9e03
826a
4afe
afa6
d138
4e07
cd9a
5e70
65ea
3dee
9a85
5dba
a027
05cb
7e24
3174
2d87
7b04
b5df
52b5
c322
a5d4
fed4
3b54
8cb2
d1b4
573f
0c5d
0b2a
d99a
4670
ec4b
8425
c50f
f0a4
8259
8444
f6a1
d79c
83c9
d66f
0fb9
0ef2
fec0
8221
b790
5f27
62c1
2f81
9239
277d
bae7
6b86
7e05
e283
4feb
cd33
5950
c00e
8fdd
161f
c261
9966
d582
fa88
a8b0
c5b6
205c
fdbb
6d2a
af32
c72a
da79
d8f7
d0b6
83df
2284
f4ad
3a41
ac73
a478
6458
7256
26cb
d3fa
6b96
301f
fc0e
de2b
c0d4
6959
ceee
f95d
7fe9
830c
8a64
6728
c79d
8e56
9053
da76
476a
7db9
1330
2f73
a40c
a30b
4356
11af
85ae
022d
9991
3197
3061
89f3
0db5
fdde
7b9f
b4c8
fc08
58d6
e3c3
ef0b
ac62
d1bb
b4d5
431c
565a
d41c
22a0
a307
681a
ab3f
dcef
79a4
24b6
1789
346f
a02d
5f9c
c683
ab17
1446
0a5e
5377
34f2
bc7b
1b4d
9608
51f7
7bde
ab81
7676
9ee4
718e
e9d0
be94
e01f
ddcf
e6ce
d245
da6d
5e84
be82
dc34
0546
290a
590d
ca00
b3f8
1f21
c714
c25c
3112
449f
f0d2
3120
f2aa
98b1
62d3
dfaf
a537
6720
e702
5ec8
2e64
cc73
8bb5
18ab
f5f6
ddd6
60c3
2431
ab91
80ee
e6a8
dfd0
cf14
b768
8221
b1f0
7284
b900
a972
5a8a
2057
6ede
9b28
ea7a
a906
df07
cbe9
030c
cb7e
f695
bc31
8fca
932c
4ee7
52e9
6972
5ab1
f097
59d2
3072
1cee
73f1
66c8
cf0c
08b5
003e
2d56
8f97
34ba
8156
d8e7
86a4
0d9d
8680
a830
ee68
ba4a
bb23
5bb9
2f30
519a
c590
dd1c
f639
6546
bee2
709f
6219
99e2
fbb3
cda7
ea90
3ef1
2a43
01ea
a624
5e89
7769
7bcb
4bdf
d3bd
16a8
1b60
87f1
4618
b301
a696
bdc5
7200
1128
bbc4
b879
ea5e
77ab
425f
aebd
b03b
e582
2a5c
3023
cf70
409d
b99c
8ed2
e159
5845
6149
9ca8
e971
0f5b
3209
453e
9864
6e64
416b
1856
e62a
2872
3829
5320
b139
ccef
29bd
20d4
1109
e254
1b6e
def1
25a7
2399
8acc
53bd
26eb
7943
e8a9
9ea5
6de2
f4d9
600a
ff7c
80ff
e85f
c203
df76
d825
2169
b1fc
df69
d651
e0c7
2be8
c079
9edd
458e
2e4e
20b6
bcef
eea9
0e56
a8ef
fc01
c8fe
c6cd
1322
8408
5dae
f9ae
dd5c
198f
d892
dc54
b57d
073c
8b8f
bc50
2af0
7a6a
b4e6
f038
18b0
5b64
b7ad
4ac2
897e
6fd9
64b8
1369
eece
2e5c
47ba
e4e3
bfa7
dca2
5f79
cf3d
935c
26a5
6a9f
f8e7
ff7e
a23d
044a
aecb
3f7d
5636
e602
d31e
9a96
3156
3bec
3d64
7d09
abbf
6677
ce9f
9cc5
8e03
2980
62ce
66a0
9839
eba0
4318
7d61
a033
4259
e290
ccad
f6e7
7755
ec85
2c9f
bd3b
f264
ab32
5cbf
8234
4e3b
0490
6e94
23bb
05ed
85c3
94e2
8bff
27f1
07a9
d737
6e4a
5323
8ba5
04f6
d7ff
0cd6
8402
b8c2
a978
fffb
cfa1
4bfc
9610
4ad5
d3d4
084a
327d
e369
3d19
1f98
9a8b
ee31
8998
96f2
54bc
7d31
53b3
93a8
57e2
408b
ef42
521a
e37f
dbc2
0a5e
1009
090a
de07
9e77
a483
2d11
5873
41bc
1349
d04d
241f
71db
1a09
db0b
9a5b
b4de
566f
726e
5145
1be9
f343
a43d
8c82
7713
548b
8b18
9fc0
a7ac
9109
2e2b
dbbd
6f53
d690
482d
9833
c2f6
84a6
8e5a
baaf
1ad2
fede
54f2
58bd
68fd
6717
d9d3
094b
f799
2313
41a5
4ce5
2e08
3c62
b95b
5142
33b3
2f6e
deb1
b119
54ad
96da
2059
3ee6
d17a
5634
eaf2
9e30
7d86
0bb6
1401
c666
cd9d
1c90
59f5
0f20
c8d8
0a6f
69ab
c246
160f
493e
3727
5c20
0055
9f2a
fcd7
bc4c
33f7
8e5e
128b
af21
23ea
0eb1
e357
abb5
a9f4
17ab
4394
d77b
89a2
8e78
5d0d
6289
5eb4
6e58
a6b0
a9b4
c0f3
103c
202e
eb20
0ab6
4ad2
f020
e623
0cd4
a79d
1e9e
449c
42d7
2678
aad9
a7a7
f849
8829
c6e3
bf9d
145f
9992
4bc6
fad5
d1ad
f2ef
365f
73b0
cb15
937e
3692
ce64
8274
4c2a
d253
9d9f
23f6
03e2
e7de
79c3
1cb2
1866
a6d3
e3f7
6a43
21ce
adfb
9b45
f168
b8a8
b192
bab7
a342
48ff
e25e
7596
2364
f538
807f
efcf
f64e
2e2d
f3f2
1876
4282
3ceb
31c4
7e3b
4d95
37a5
21cb
d92b
64a2
7c5c
3863
fb52
b9c6
977d
e334
d14e
98b3
55ae
72c0
c1e0
8f80
2236
ab39
7daa
85b1
35e7
5d60
a5c2
bd39
dbea
2f2c
0e41
0d84
fd7d
7e9a
99ff
d4b3
9f0c
7c54
ee5a
5d17
66f8
ff9d
4a3c
c49d
23ba
8a37
4c7a
eba3
2a05
63a2
c997
4b89
96ec
1d7f
79a1
2879
413a
8601
643c
162e
f3b3
da19
71e9
53a3
d4e0
8437
5733
d579
a3e0
9129
77a5
a779
3231
c476
0c95
69a6
58e5
5778
923a
f364
8f04
4f1a
c2d7
81f9
a004
0b08
98ba
2ab0
55d9
d85f
2fca
ba5f
cff9
7a51
c8d0
2822
e302
f82d
21a6
ee93
48d1
8de0
8213
086e
de31
9a2a
bb9e
ab04
3d0e
0b80
4f14
7348
8321
809c
3a7e
43a7
b30c
0489
0679
35d0
a47c
6cef
d3f0
c977
bf71
022c
a29b
a429
fa37
3083
7ede
f661
c2eb
425a
f31e
2871
2687
d364
918c
d348
584d
6bd3
fd4f
b192
9df1
3b07
60d5
fd96
ae3e
e1c8
1aff
6948
8d98
ed7e
5891
076b
04ef
3042
a4b9
a4ea
c532
ff46
249b
eb8f
b63a
50d1
af30
eba0
391a
bc83
97bd
e092
720b
793c
4b81
70a0
6e23
1d07
6953
de07
e1ae
70f9
ba67
a6f9
8815
4a5b
ec57
3b61
79f0
3002
e40c
fd61
789b
383f
b735
593d
5f30
0d57
fdf8
104a
b060
7eee
b70c
3992
bd30
2dca
509b
abac
1764
82c1
7019
1d1e
9f52
1c20
192b
6f92
0df2
e87b
a8a5
5dc1
621a
9306
685f
cb12
76e2
dbe9
86a1
1121
ea0e
05ac
911b
c560
e306
dcef
0710
40ae
8639
5b66
a4ea
11e3
4db2
e9ec
6950
e6f4
7f15
f232
e1f2
20ea
7816
8b7f
2bcd
f692
4acd
9027
c9f0
e9ea
b274
0c6c
c0ac
13c6
eb0e
310f
cee9
5745
7247
8414
f2c5
0f85
669e
76d2
2875
0dc0
cf96
8327
ca64
2a9f
c20c
2a44
e391
a955
faa6
91ee
6dbd
3eb8
9cd7
4e0f
d972
95a9
8c4b
6948
26b3
243d
1d35
b306
ba0e
87a8
dfd6
5f78
1b0a
cb18
e86e
3a30
97d9
70ab
fc79
8539
b846
a4dd
cb24
feb7
49c4
d50f
48d2
7570
926a
6802
522d
453f
0c65
025e
69f9
c259
969d
87e3
cfd7
cea6
d937
8c60
f527
2005
78ef
4121
13ac
7ed8
e959
53d6
b63e
fcd3
20aa
40e7
9a3e
1d64
50ef
2c58
ccc0
cc35
29d2
ea7a
059c
fc02
a085
1f0b
58ad
4cf7
d7cb
ef0b
5850
eff1
d4bf
b2f2
fd46
eecf
86ea
766f
c842
80ff
c93c
ae0d
585a
ac17
0928
e4e7
b69d
b2ec
6cb4
a13b
e296
0101
08c4
9fe0
3324
3e2e
d7db
fdb9
7bf7
1054
590c
16e8
b9e5
c52d
7b43
ebe3
7694
95a5
148f
9848
5f5d
8718
0d7b
3c15
725e
a8a4
5ef1
30c0
324e
d59a
9d28
69a1
a34a
420f
06b2
06e8
f5e5
2533
e554
57be
8996
5aa9
4822
f544
e6ef
ef3e
3321
8f64
f0a6
c8bf
d71e
095c
d255
7199
0531
bf44
1e3b
f7f1
9a66
69ea
d6ad
a1d8
2c64
6ada
d94d
fc97
c25b
563a
4b6e
5993
a664
c76a
e730
5f79
6727
803e
b044
643e
06ae
c324
9013
e95d
80c5
9bf8
440b
800c
e484
8581
e84c
5291
8892
6889
77c4
8f08
48a6
49c5
d188
124c
5c60
6fa5
6816
88a1
056e
53e8
48ca
3351
4ad9
197c
d8c3
3ea8
7b62
476f
2de1
b058
4e0a
91ac
8500
c9a8
b5e7
f7e9
080f
2d79
aaad
7c13
7d79
3285
536d
cd1e
003a
f63f
33eb
d1fd
dd6c
10ef
ac65
d72e
49fc
c4c2
dd92
8b3c
09f3
18c3
5429
5c8a
7dbe
a7f5
2150
4a9a
8390
416c
8e95
e2b1
a88f
2980
45df
fa54
ac79
1104
10cd
080d
2ccc
72ad
84d3
2c5c
202e
d003
3935
7de6
1610
dd82
1596
5fcb
97fc
cc56
1cdc
9d7b
1062
24e6
2b68
f837
11b3
f145
0997
b1e2
f8ea
1329
6eab
bf7e
705d
2a15
58f2
7c6d
1456
3bbd
7a79
1e52
ea2e
69d2
b4d4
4af0
bf22
b20e
73f5
bc76
88ea
1dbc
515a
a2c6
6e08
d6ef
2a3f
dc9a
cc6e
bde7
4dde
6757
819a
5e04
27bb
efdb
22a2
2568
5ace
ab0b
7097
c2a2
4fe5
5b1f
edd7
9c82
517e
e965
d017
ced6
ee2a
d0ee
8f48
a00c
70ca
557e
9339
2f51
4a7a
8578
dfa7
3331
e195
fdb7
8b6f
6c01
f761
5194
577e
09c7
9ce0
7be2
1b06
697d
f6df
0759
e149
46f6
f554
b60b
8b4b
2a4a
8d99
a71f
ea68
9e57
02dd
dc9b
7f7a
fa9c
9291
9d0e
f934
4c88
67b0
f091
11f8
1bf8
0ae1
9d9d
a2ae
e40d
971a
f982
89b3
59b9
c3d2
9980
1712
b4ee
3496
a8c4
0e59
28c2
e9e1
ea69
6ae6
cc56
e694
22d4
9095
127c
beed
fe6a
7bb2
45be
582a
6106
07c8
68ff
e6a0
9916
029c
4d4e
baeb
db90
4e1a
3866
8343
b9c8
f1e3
988d
faf2
deed
533b
1f43
b778
df80
ccff
4ead
a917
f575
ae09
b811
e099
1f33
e66a
a260
b128
c556
396d
16fb
69a6
ddb1
2055
74ef
b52f
27ae
a0fe
446e
feae
1f95
4239
f436
0f3e
e43f
a631
06be
ad90
3b62
a672
a470
ff84
49b9
fd47
bc69
6a60
f805
2a6c
5244
9c79
9bc3
d1a3
118b
2e5a
c6c1
6a87
2156
ab15
dcf6
8f4b
eab7
641e
e38c
53ed
f7f1
a35c
4f39
fdb3
1a53
dcd4
1166
c1c0
a633
4a18
7ac8
d238
caeb
b787
6245
6af2
d0ab
ce6a
4a30
cd80
74d9
6846
cd1c
b40b
6a7f
5ded
3485
0af8
e28e
b914
b4a5
298b
bf17
138c
196b
c0b3
5f31
7461
34b6
9cd6
bd9c
8b00
ca0b
3c4b
7073
d955
2a79
d73e
96d6
5f9f
6f1b
c68d
6781
e432
17b5
5283
7945
b05e
1a60
d621
8e8b
8b02
69ee
dcf7
014c
e33e
da21
d703
5187
7d47
2c5c
f70b
cae1
bd55
898c
2ed3
45f8
0444
9021
be43
026e
634a
6e4e
023e
f312
db50
f1c7
cc68
51f1
721c
01e6
08aa
74da
75c9
83f9
51c7
c01c
fbe7
cb2b
1f4d
c987
66da
7682
47b3
f6b9
e451
a6ea
6ac5
022d
b12a
d355
55d4
64fb
f403
2af0
ccc0
3981
2f11
55b5
3140
10fb
6677
990e
dc49
e545
13b7
7804
85ff
2149
7bff
1662
4767
9b4a
153c
4312
4b89
0525
e90e
ed41
d165
45e4
052b
795e
08e5
6eca
9ba7
f9b6
0090
0c72
4b2d
6772
acf7
fd76
4e9f
4a71
aa46
ec3f
b402
dd8c
d568
2376
4835
3218
ed20
d68f
afec
7db8
f7a5
4692
9ed3
a3cc
03a1
cf11
f9de
a709
a9bc
75b7
66c6
d14f
a084
132d
ce0c
90de
82e7
6e8e
dc5a
8281
aea2
bb8c
02f6
568f
fb5b
b70c
c78b
36d1
eb2f
7bd4
3bdb
22a0
6204
b5c5
4a34
001e
08ab
aa35
2b0a
6954
e9d8
40d4
600b
d916
5e8d
ed5c
d8b8
b00a
f10b
35fe
145b
42b8
e958
409e
231f
ebbb
73b5
a01b
ac12
bb85
c27f
13de
b561
3cfb
9b80
0398
cbfe
a2e7
274c
a8a8
ab48
d0f1
b70b
5728
43da
3d18
f607
ad9d
77c4
f5f8
4ca3
5345
f884
8a1b
d447
3f7f
9430
be24
9f5e
e3c5
ef04
2dbe
19d7
6db9
6791
db2f
d6f6
f5ff
cc43
d69d
6f24
69cf
7910
cbce
4979
4d73
01ad
3b83
10d8
ebb9
5613
cf22
f18a
a65d
bd9c
1760
d4d9
3e54
af16
e1c9
144e
cd46
bf04
57b0
34b8
18fe
0686
8964
8605
e8a2
bf4b
4705
038f
3fc9
72cb
a272
cdc9
933e
cb8b
9bd1
c78e
1974
4f96
0724
c746
9581
10b1
eb13
1cf8
ffa0
ec43
9165
b589
17f3
d014
f615
2352
a271
5b96
a31d
6be1
b4a1
3ae8
db01
6dcf
fe9e
da33
7ee2
6b00
3e6c
62fa
78a7
a264
4de2
6f0a
818f
3dfb
c735
df9f
d048
d2ac
cb0d
de13
3e4b
0395
f895
9d29
0544
6ea5
f727
cced
e250
35eb
332c
3725
1cd7
a7a4
458d
b351
d25c
f408
fd78
92a0
3e5c
bd6c
c762
ac6f
8430
597c
f0bb
cb47
e711
72fa
c206
a650
1d4a
eea5
8a4f
b7cd
3b8e
e876
c604
7de4
ba22
68b8
fb86
d4b9
e3ce
91f0
de39
6819
a409
fd10
53b2
5a06
72dd
db99
04b9
1fa3
39dc
a120
1c22
0ea6
0f15
852d
8a13
2069
70e6
5ea7
4b57
13bb
155c
0e2a
b3d9
2fed
1a29
95a0
2f8f
b2bb
4d0e
9f16
894e
f393
2a41
b8fb
974b
71d9
66fe
5344
4eb2
6e83
f1a6
039b
608d
173d
b50b
f772
0c88
a27e
db40
c51e
a58d
5089
f4f2
489b
63d7
a37e
b1d6
302d
3bcc
de33
4731
873a
8626
9190
3d18
f950
8c0e
ddd9
ae70
adf7
fb84
27b4
7930
df98
cba1
905a
1c20
2c0a
e6a1
e221
8f75
5562
23f0
7655
5adc
ab7e
d860
4bb4
61e9
21a5
2a0d
68cf
c871
28c5
9f4d
a792
a557
345c
a599
c879
f22c
b600
b062
d694
654e
5e5a
b9a6
cecc
f81b
177c
4d1d
ba84
f75f
f335
b3ed
9b06
24c8
a6d6
7631
3b05
7ab6
cfa3
d151
1a60
9a44
db37
803d
e49d
64f1
7f85
02ed
fd40
6d73
de74
f47c
ccbf
83f1
426f
b79b
624d
d876
8f02
823b
4b37
b585
cbbc
3262
50a3
5490
22ff
8343
b0d5
7b00
6334
dc8d
2a9c
38c7
f990
cf3e
ddc9
b1dd
e021
da7a
d42c
b915
7eaf
aa06
97cb
14cd
bac8
5d10
4ba4
f0d4
79b2
9423
7467
b5ff
481e
8b37
5a85
4941
3b1e
0ca8
6582
a672
e224
d6d7
c669
7da0
4c02
5c7a
922d
c4f9
5040
bad4
385f
bffb
8fa9
3a00
7c5c
769a
c3cf
13a1
7150
1e7a
47fc
63ed
b5eb
a7ca
052a
604f
c04d
63d2
f258
9886
eb95
8eaf
8c1f
10ba
8801
1b7e
ff7c
0afc
869b
f6b7
bd4a
0bdc
634f
2a84
07f0
865d
249b
6045
c434
85f1
bc3a
f203
a89c
9d6c
94d0
b6b4
17dd
3d8f
60a7
a8d6
273e
0273
a3b9
e5b3
3b8d
0879
e42c
490d
7fe9
26f3
fdb1
910a
31d7
643c
4ca7
23c2
54a3
7ade
c6ad
f4d5
ed0e
9927
0232
f548
a486
1ca5
70a6
ccb6
2e9e
c7c7
a956
c9b3
f528
df1f
dca6
de90
6eaa
00a3
492a
90fd
a1cb
5e19
f952
6d92
ea5e
f4ec
1d1b
2e1c
29e6
c220
3419
15c3
a90b
e260
30f4
54b9
2a91
f1f4
64e0
1913
7eb7
377d
c055
4eeb
796b
b4a1
1cd4
dacc
c0db
0a40
cee2
06d0
d437
1ebc
db64
3021
7fbc
bf26
9dc7
a562
03d3
1b2f
ef6b
52dc
dedb
b3ca
83f1
975f
4010
39c7
7d9d
949b
6b2c
83ae
c863
8b2b
0c9a
a355
b491
27a1
515e
c9af
0dbb
0723
0f27
1959
c2d6
940b
f1b0
4db6
f99d
652c
f9b0
d3ec
dd72
49d5
bc35
0624
6534
ad95
90bf
acf5
eb72
8fab
7d94
7485
e966
5dc9
5091
e424
01a5
45f5
0113
6a74
43a7
c7f4
00e7
7390
0c90
62b0
3b73
7dc6
96d6
9347
00e3
cd57
57fc
2ffa
7c03
26b8
01be
f3d6
a741
273c
a26e
82fe
ad25
451b
6b09
16a7
76ca
09ff
8e03
96ad
5094
d9a9
1cd0
3f5c
917b
0281
3f4c
926b
5222
da2a
01d0
7819
57a2
6bcf
8a09
2e30
3c07
09b7
55e0
fea6
afcf
694c
dd16
ace7
1488
f83b
806a
89be
ba00
098e
4a3a
dc36
9b2f
7979
28b9
2ec9
5a71
b732
5435
403a
3c56
72fb
4a38
52e4
c1e5
67c5
3a0e
bff2
c19f
f6b5
cfbb
bbf7
e28f
babc
9822
f4f4
4473
be03
b2bf
01cd
18e5
2773
e7cb
b2d5
0c33
421e
f13f
700f
54a3
6784
94a4
54b3
0caa
f5fa
0d10
ac90
8f6f
bc34
a102
6e18
24bd
9e43
30b1
d53e
5620
d8dc
5683
0c8c
3498
01c0
8fbe
c219
e3b0
df48
74ec
b8ea
0bdd
ce9b
46c6
f1dc
88d9
3b46
ac5e
d325
37b3
1bcc
507a
baff
5e71
506c
9bce
8308
3a62
e590
7bef
d116
4cc8
5dcb
7a76
3f5c
bc31
e55b
6bbf
7dba
cb01
d64d
9ec4
b42f
99c8
b070
7b34
b722
a7c5
102e
bd9e
8b5d
409f
be54
fdb8
a76f
a551
b9ea
085d
8a58
eb5a
ef28
7825
5e4c
68d6
b65f
0108
20d2
7863
7fe4
2d1d
ed3d
eff8
8da7
4465
b0ce
63aa
be95
898c
359c
9702
dca2
0c0f
d392
5086
09c2
082f
ac18
2982
27da
9f2a
2108
03ae
7293
d395
ecf5
700f
d382
c0b4
a663
ad0c
e8a6
f265
fee1
58f4
8e74
b557
c75c
4ead
6537
1004
7a78
355d
c2bd
8234
f977
a09f
cf61
3661
3fc3
195b
0552
7703
7292
7586
81f1
9a99
8c08
60ad
65b0
769b
73e7
d1d7
b153
5e74
3a40
e897
c891
cd8e
2e31
8925
3681
0d60
a624
579a
d4e3
37ce
d9ca
07be
f5a8
7b32
169e
e19c
a4e7
7522
4d3d
c939
474c
3895
be94
be5e
bdbb
021a
ecab
b030
92e4
8631
c162
706a
514b
0ac8
f8d2
f144
0d1f
266c
e678
86b2
0c7c
ade9
8545
e76b
e2a7
d8c3
367a
d97e
9fe9
75d0
d7ae
9e1a
3b01
6054
49d2
1496
f3ec
d97b
be61
a0d9
2b4c
4729
af2d
fae0
8614
7167
6f18
0f18
f7e2
cb2f
3a3f
f60f
b26c
310f
168d
dde4
0138
1873
1533
38f8
cdca
6238
6553
22c6
c644
1165
9116
46bc
0156
6e79
f04d
a01d
3cf8
5d99
7645
da45
ef01
deca
3f31
c329
f6a1
9689
f4f6
861a
010a
021e
80dc
d6c7
efb1
6704
3819
afdb
2399
03f5
516f
c8c2
4d37
e043
363e
62f7
5cae
0133
c0bc
531a
bab2
d267
f85a
0a70
cc37
faca
4eea
ef13
7e13
79e1
ada1
d1d0
9e43
acce
3be3
c038
597d
13e1
6b3b
9872
e947
3b6e
2d3e
4ceb
0824
a0d0
6045
3b61
ce31
9e41
3b95
78aa
ea42
4ad5
7cb3
fa7a
a3a0
3eba
9fd9
0954
b997
feb9
dd1e
b163
e624
046c
84de
be3d
fb59
2927
6a17
5f03
59a4
fc38
4977
ed64
0845
34e1
e468
3330
296b
830b
c593
5150
92ea
e8dc
9a53
7981
6f24
ffa1
8b49
b42b
cfc3
dccc
f3d4
1e3c
b1e0
058f
ed83
52f0
0916
faca
f4ef
3fa9
e054
c94b
fc04
1683
0c4d
4d0d
c898
43a7
c41f
8ba5
2ddf
92cb
904d
6e0d
d652
5e88
1852
d2f8
6542
2c58
8aa2
0c7d
fd9a
99a7
5697
a969
6ed6
804c
9283
17c0
c11d
82f9
9cc9
518f
f922
2984
f019
232d
ad41
6c82
e712
84e3
f56b
7697
0a82
9634
4971
f19e
4252
ff03
20c4
c32b
f37d
f96a
083c
63c6
aee6
c5f1
288b
6af2
6cb8
693c
c368
8eb9
901b
58f5
75ea
37f1
4a82
91ce
7eb9
e1ed
49c1
acca
0b7c
165a
943d
f6df
7572
c52f
e9f0
4faf
bca1
a9ed
528f
98e3
5505
d926
5938
118e
8387
0db7
1324
fb4d
7868
c754
99cb
d22a
57ae
c879
2df1
48ae
af31
6950
b8ec
a7b0
93a8
01d7
a7b5
fc6b
5abf
5b80
bb38
0746
4e0f
4838
7649
f599
6df4
71fd
22fe
5568
bb58
2021
9e4c
6b20
7668
d4d1
34c9
2f50
d599
fd11
672b
fb2c
5ec1
63be
bc79
e23a
03ee
bc05
f21b
2e6e
7ae2
c871
c92b
23fa
6b1e
b360
9a31
d457
7882
a591
6e77
8dcf
16d0
c253
d8ea
20b2
badf
665c
cc09
aaad
a23b
f09f
0fa0
5d67
0b49
f854
870c
0e32
b80e
6093
e5e3
add8
62b4
2936
0bf8
a205
05e2
dbbf
5014
886e
2b97
0b06
77b8
5b66
63dd
a07d
dbc0
60de
0e44
c9bb
67fb
fff0
dd67
8efe
71a0
463a
bb0e
f3d0
d3ad
fecb
55d5
9ad6
d7fa
16b6
624d
3413
ed67
e4c5
5c8c
9e7a
d1d5
a7e6
f278
d357
fbda
a57e
e6f9
b679
4df3
7558
e322
39ec
12a9
fab2
6721
7b13
70c5
994e
4058
6cce
e199
7f42
78f8
41c8
6d1d
9494
f704
223b
3fe0
b2b4
8796
c652
cbfa
e221
402f
b7df
03c8
5cc4
1f8a
c4d1
03e3
66db
30bc
875d
eff7
2be0
7b6f
f2bd
0bd0
69fe
a822
3c53
7b26
bc8c
8949
7119
f341
296e
4efb
2db5
a1f4
f071
8236
6c28
030e
1826
dafb
7821
fca5
0f2d
5a6f
10ab
d72f
9c6f
df6f
e12b
d581
62f1
0e0d
a0c6
8662
c71b
18e1
7603
1b2c
2358
c3a4
3833
5cb3
62f1
69cd
9181
826c
3831
527b
677f
9fcc
9383
1577
9844
8ee8
bd62
a229
7d26
519d
ec69
250c
9862
97be
c874
66bc
fc12
c907
f231
e3c2
6eee
538e
0756
8099
406d
024b
b9da
9a40
d589
a6e1
0794
bbfc
cd7e
0495
2855
f6ec
2a34
a5c0
20a8
770c
a9ee
a5b0
bd3c
ef58
8728
8f5b
948c
79af
227a
13ef
1a6a
cea7
f749
2462
c111
dcc3
646e
9d58
138a
4250
a50c
b007
5476
d620
b794
d10f
f781
40a4
dce6
817f
792c
4e86
eea6
25fe
4807
2f28
b8e0
95f6
c4f4
5b79
ad41
2210
d161
813d
7df9
bdb3
cc2d
eb5e
230e
a83a
324f
0046
1207
aeb3
4790
3db8
abff
7dca
79df
0858
aedf
2779
97ad
90f5
bb4d
9fd9
2f70
2d48
a0a2
f1b2
b832
642a
7468
9673
17c2
cc62
eee6
f6b1
7cd0
ea07
d5a1
ae0c
a0ca
a774
460d
4343
cd19
9c12
6d6f
74d2
2661
9ac0
e33b
928c
3661
ff82
8211
56cd
1838
90c4
7429
fd29
18dd
264a
628b
d53d
dc37
00f2
5bb5
6e4f
a94d
7b6a
56a0
2862
9b81
6e5b
c98a
f154
746e
5c90
ddc7
8cbc
e875
7ea4
72c1
66ab
f096
8b55
9b45
2a00
abc6
b35a
8c63
eef0
338e
9e27
9ab1
d962
0d00
7999
6bbb
22e9
dffa
8913
c573
aeab
8791
da5e
6c6c
d364
098a
1e8d
03f1
0359
27de
f7d4
e51e
e670
882d
36c5
9d95
e064
ae6c
4eed
66ac
667c
43ce
9740
0c6a
b841
f55c
d76a
072f
9063
e0bf
47b3
5091
db02
86b9
6e84
f04c
c584
758a
12f0
940e
1c8f
4cb3
f03b
a4a3
9ca9
b908
85c9
d06f
04a1
0dc1
374e
f786
a183
65af
3a77
3e7c
a2f8
3054
dff6
91b3
3f1e
e56d
c9e3
57a0
38f6
8860
6c47
9566
3abd
49f6
1331
75e6
cddc
2a27
6fe5
d985
2093
79f2
98c8
b615
6ca8
42c5
fdf7
0ab4
e18e
c49d
e997
c774
fa20
d220
8364
79f6
b122
5b4a
4a6f
5690
5254
8a43
dbc3
4241
5f1d
dd6c
0dfd
4511
16b4
ff62
8dbd
c612
8413
5c1e
14b1
1463
4682
1424
1330
aec4
8bd2
f904
76a6
98aa
fe88
ebd6
e43b
cde0
d368
849f
661b
95e7
4146
d8ec
7e78
611b
98cb
ce73
d933
a28b
dcf6
19c1
7913
788a
c755
eda7
2c73
72c9
193c
336f
506f
3481
46cc
e0be
7fb1
8920
a66f
b55d
2756
e1d4
74e7
24c9
cf52
4dcf
c2f3
9a49
2801
99c5
33c8
7504
54e3
5f27
39f4
c2f0
2884
ab65
ea81
1096
11ec
9b58
50c4
960f
a488
1b78
8175
e9a3
3404
2cab
c957
385c
363f
9bf2
ddcb
1aef
d43d
2605
d826
6b98
dcb7
f9e3
7436
deea
d9c5
6a5f
a63e
f0a7
ae06
ed64
d76a
3ab6
1d8d
4f1e
2707
df70
ea11
280f
850c
0608
5fca
3669
f1ce
68a4
e78d
a8ac
5aa2
8e20
70bc
3175
24e5
3a61
a664
1f24
6271
b572
1aa5
8394
28f7
17ca
60e3
c44f
b1b1
6f33
6b93
2d31
9d17
3f37
4ce0
647e
3cbb
8a19
fcd0
65ef
df8c
8969
c0cd
3ef6
805b
5d13
8f59
1aad
987d
8fc5
2f7f
852c
4d43
f9ea
86f1
8b36
5b88
a61b
5319
41b8
a603
98e9
2661
5481
acf7
8422
c4ad
c174
f75e
8bed
4d8d
6324
025f
bb15
3bc1
bae7
d15d
186f
1ebb
30ba
fff7
0429
bb77
37bf
2122
1259
6e87
386a
6619
1d98
ead0
d12d
f038
539d
f593
7e51
5ffd
0ee5
9771
043b
9cdc
a570
8224
342e
fc76
2cf5
ea80
748d
2da5
edda
1cd1
cc39
a7bc
9653
8566
b875
441b
e084
22db
e88b
21cb
7a8b
fd3e
931f
9e9b
49a1
626e
e8b7
3b9f
9bf0
316a
54e1
6680
f00c
608b
9014
f717
58d6
e488
3b6c
a3b7
6169
b68d
4c53
ea85
43f9
bf13
7e6d
3340
6b29
62e0
f322
3e57
d63b
9370
a759
3cf0
c613
c8b3
8c9b
302a
24f1
f19f
e4a6
0d8a
d696
eff0
ed6a
3964
8f55
ff88
f1c4
133e
e6bd
e933
889f
8f06
44b6
33b9
ee65
7068
0a2b
43af
f952
cf3e
4ce2
732b
0be5
5928
8fde
ce1c
e5c2
1d32
ca24
ee98
8025
838e
e045
be20
79d2
d619
8a3e
640f
072a
fcc1
7b62
5095
23f6
b214
d375
9e32
d7c8
c74d
698b
ddfc
0e7b
e3fa
46ab
7d91
4562
674f
1feb
c0ea
3d7e
dea1
a450
bdd5
5121
4be6
acef
ba4a
478a
1d95
32c8
0fc5
f65b
a61a
5039
3591
e875
a054
5235
20a4
424c
8020
e652
e15f
f030
afc6
36f0
0000
7a00
3c1d
56d0
eaee
1806
3c02
dbfa
608a
e5cb
d45c
2b64
da2c
79ef
df19
a536
f0d3
1db0
68d5
245c
5bf8
66ac
848a
9603
dc9e
e04c
d6f1
77e6
2852
9717
3da9
f06c
8038
4c1c
e594
ac2f
1573
c5c5
3cdf
b338
2030
f69a
2735
26b9
6ffc
68c9
5738
a849
ea16
145e
1120
4609
6fb6
0fd0
51bc
d8b4
9238
eb80
9b56
3b44
cc66
a37f
777d
e618
ac68
f44f
035d
00d7
6697
0eb5
1792
169e
ff3f
c983
13be
89c2
b0a9
d047
9493
d161
d58e
405f
1d1d
f579
1937
2716
d196
7b77
a5d5
ef5c
0fe9
c6ff
a2fd
0e4d
8857
a0a6
a77e
492f
5c4a
16fe
ce9d
28e8
3c8d
f92e
026e
5a7b
2321
cc8c
9f69
53bf
ee4d
9b3a
1db2
fa9a
c23b
1cda
8aaa
84e0
6c53
f4f2
26ea
e717
be37
68a4
3e1d
1927
19bc
f3d5
4dcd
3178
4db3
f611
7c36
4633
52de
6505
3aa9
174a
23d7
e0a3
366e
819b
293b
7031
7ea5
76e4
7244
7f26
e209
b165
069a
676f
7e3a
f777
347a
da9e
8fe0
75d3
028b
724b
93f9
8af9
a4da
1e80
f648
cae5
a09d
cde5
8c82
802c
9aa2
64cf
1494
cffc
2d49
e2ea
67fb
0d05
79b7
7e77
f06a
2da2
c785
622c
8c3c
64fd
a4b8
9f45
0bf8
b72b
1aca
2942
c0c5
7e10
8804
ce34
fab0
5cf5
cb3b
a69e
5371
ab45
4c2f
2c24
247f
c2d1
c2f8
9494
d050
9dcd
6806
fc4c
fb4e
3ee1
201d
d3bd
eeb5
1932
6ed7
b073
4189
ed0b
15c5
b36f
a2ee
7e83
6856
51ea
b542
908d
9d4d
a3c6
d16f
ec80
71e8
e027
0f3c
b59b
acaa
925d
e055
5032
aeb2
f4c9
96c0
ca80
8e65
09be
e74e
ff1a
e4c1
c3f3
bc31
152e
f7a8
ee32
a5e9
5f3c
5dff
e195
4853
1f66
1401
f7e1
2c99
5fb1
3553
6c6e
9542
f048
d0bd
2cc7
8ed1
911b
74fd
8377
0408
c6a3
28b1
7144
fde8
ed2b
42c4
6706
190c
dd87
48f9
2dbc
65f1
6fb0
5ad2
6c80
74c9
8aeb
7232
3304
2b8e
0678
5db6
e907
f5d5
a1c6
9f95
8adf
2dac
610c
6c6d
3105
41f6
9d01
7b30
f3e6
fa4e
37ff
99a9
e04d
5067
935f
4615
a72c
4737
d941
a32d
e819
332e
f88d
243c
fd71
4276
d794
d60a
a10b
1f1f
5f6a
a4dd
6594
30bf
f7a0
f77e
de3a
3d17
209e
8313
3c23
5f44
d2c3
c3af
b386
1b46
1bcc
e562
4cd3
a6ef
86bb
7d62
621c
0a03
a530
0ab3
10a1
56ac
790a
c9b1
9fd6
03ab
8e0f
3461
54ad
1124
af88
0949
4a7e
7a50
4e77
08cd
92b1
c8e5
bc34
b731
965c
1b14
9674
a253
7ff2
117e
a6c1
286a
377b
7eee
24fc
c472
16f7
20f4
d294
c1ca
9915
9ea2
d907
2808
ca06
9597
ef60
14cf
8ee6
fd4f
fe40
ce8d
4dd1
041d
0a60
acc9
155c
856b
65d2
dd2a
7d45
569d
962d
0bac
2702
7c8b
bf5f
b1e8
6ef6
c93a
f255
1442
d73c
56cb
4a21
8f8e
6eec
39b6
e92d
3bb2
3ad4
1af0
0286
2e08
04fa
3717
8785
f5e6
84b4
83b7
b923
40e9
887a
7d7d
c605
83f2
5377
9116
10ef
e0ee
3f28
e8c8
207a
b00b
bb41
25a4
6812
8282
86fa
65e5
d8de
fbe0
3d54
5446
52e5
5ad4
4ee9
ce27
e0d4
1bd0
8740
45e3
f5e3
c5bb
07a6
c8a4
186e
e1b0
5efd
4bcb
bf3a
da23
69ca
59af
25e2
462a
5883
2166
a0b4
21c5
a907
cfd7
09d1
30fb
9ff0
c619
f818
4684
27a0
56fb
b388
d82f
1b66
cbab
172a
c1fc
3d74
d56c
30c8
7b99
bc00
77d2
3659
d161
5a74
13b7
7530
38b8
5282
b126
43fa
ccdb
7cd5
9481
953e
8516
014c
c52f
d7a4
178b
063b
c8a2
9365
fa69
460e
815a
c336
7d7f
0f8e
ef62
3b98
8b43
3e97
39dc
dc1f
8cdb
f94e
a894
7015
641e
5346
c991
3d7b
4fb3
d930
7c91
2890
08d2
371e
d27c
3a94
3ac3
95a2
554c
abef
a4af
ab63
706b
8390
d4f1
ae33
26e8
ba36
4753
3b2a
d749
288c
7052
dfde
2d80
0f0b
39eb
6d06
371e
a368
55b1
d333
3d1c
4a16
2bb4
fda7
41f7
7492
06e9
7335
9010
e211
b08d
829a
a871
1f7d
abe9
582f
98ec
3fba
d414
ffa0
1672
2784
4dbc
7b04
03ae
0dd1
f79b
06f1
43c5
4289
a0f1
9727
e61a
eb2a
bb11
bca0
3808
ff66
ef94
c4ef
87b9
ac11
1454
d388
8b5f
41ec
6834
450a
8019
3e55
095f
b697
b104
805f
30ab
1790
f828
59d1
cd5a
c76a
2aeb
995e
250a
76fe
d76a
2574
4e87
5378
243b
99ed
c401
0aa2
d311
759f
e912
991f
ac66
a61c
e999
40bd
6d79
c9d6
b48e
3564
b7d0
b51d
f14f
a757
1b78
f724
22bb
07f7
998c
bfb6
1ff1
c55d
6b60
d766
1391
a491
30be
8939
ae33
d73f
9f5f
45d2
dc92
af6d
b262
fa07
7156
c0e1
84f1
e1b6
dd93
9c48
e6ed
f940
ee4a
bb9e
8a38
f952
4df1
dfcf
a79f
02f0
075b
7257
41f8
5bec
aa22
a128
03e6
9f08
1fb0
eea4
ebfb
c620
10b4
5b5c
d744
5f10
3621
9e57
6d82
936f
961c
3ee2
d31e
d0d0
cb34
37d0
6c13
9575
909a
5641
9c5d
ad36
4667
1c7a
795b
1eb6
9e76
79bf
48e7
7c16
7725
5d73
9c0e
afea
477c
292d
a33d
48f6
cf23
1626
9190
545e
183a
f2ca
6f01
d2aa
710b
26e8
7211
d766
2d2e
f3e7
5a3e
c6e1
0a30
91fc
05c5
66d0
4d04
ab70
d979
349c
1f7e
e715
62cd
823f
adc1
4a23
2a09
c2dc
cfde
709e
c991
b769
4923
a19c
1c82
9c6f
5f50
4a00
f4a0
9d02
d303
87b3
4c00
0d11
5ee5
d3ce
e09a
68e1
7398
9aff
44ce
6ff0
07de
35ee
90b2
96ad
d6ea
840a
b95b
0451
947e
7be3
4a86
0a82
959b
4fdc
8fba
60da
5a91
2d2e
b452
c544
0751
1f76
1e35
367f
8c2a
9345
c6fb
020a
7df2
aa68
3b83
6248
9d3a
13f9
6dcb
8e53
e445
8995
7f7b
c455
37d4
5b87
fbbe
e78f
9b0b
4324
5201
29bf
c93e
84dd
a042
3b22
6290
e3bf
9bd3
3a0c
f8eb
4856
bbee
7fda
f461
ce78
bd93
e0fc
bb37
bfe0
a4e2
7d1e
0ed6
9afe
4363
bc84
e1df
e8e8
d9ec
5c68
2943
8d20
b802
baa4
3947
25dc
0646
d48f
88f6
ed31
fdf0
3883
3614
5d86
09d9
f58f
4566
2f7c
f817
53c4
5dbb
4ed8
2a26
5908
4a95
51d3
59f7
7ca2
59ed
cca9
e722
3e77
ffc2
2c01
524b
7dab
257c
d55e
6e04
2813
5ff6
a168
2e4b
4f9e
d7e0
6943
e4c6
8cc9
bba7
d449
bc46
8cc1
cdf4
0ef3
6bbd
f935
5db7
a195
099d
dac8
93f4
f1d3
5150
0080
f084
18e8
b55f
125a
6eb2
753e
7c3c
3382
4e5a
ef44
480e
ff5a
0bdf
eb40
e105
7a36
1322
796f
fe53
ce57
2319
7dd8
e3f1
a5fa
ccb1
7a0b
4790
7bd2
845e
69b6
3555
756e
e58f
6b28
e622
3b3b
d9bb
dbed
0815
a1d2
ac5b
f1b6
4e55
b5fb
ff22
6a84
83ed
bf60
e4e8
664d
936b
8c87
dff5
df7a
d4b2
2461
94cd
7f8e
8bcf
5d19
1710
54c2
673b
5ab5
db12
f579
94c7
52de
0f47
20e3
ecb3
3736
8971
d157
d7d1
c3ca
9b47
fcb1
6159
8141
b7c0
1f6f
5545
e919
c0b8
ff5f
518d
8fc4
f54d
b9a7
47f4
a560
0325
375b
4c9c
c8a9
c0b0
29c3
8e6d
fdf4
032a
4196
00cd
0f05
627f
d81a
f372
7241
9ba3
2c75
cb63
1a15
cf20
2fd1
d670
aafe
e571
a290
84fe
8aa6
8124
db30
13a7
48fa
6011
7892
00f6
354e
cf3c
edc0
9f4f
c13e
15e0
9441
e448
15f2
7066
779a
a4bf
a411
1750
5206
0c86
0ce2
d099
da1d
faef
722f
2652
058a
f0bb
4895
cc50
40a0
3199
5655
2ebd
db4a
ad55
2ac7
4dbf
b708
3c44
bcca
1f37
660a
e944
4975
b1e7
23d8
36f8
6dbc
4d54
0d0c
aac9
5a1d
9611
bb43
28e2
4d87
78f2
5313
ec7c
0a63
100f
4aa7
0c58
64c8
44e1
0a35
8534
04f2
0ecd
6a42
c4ed
6c69
5959
3d24
f5dc
a36d
23d8
e3b8
4f35
b798
14fb
2bf7
2d11
b2d7
2ef1
100b
738e
a482
2234
e15f
ab5b
5067
d1d3
3e9c
8cc8
8c7d
0077
c3c4
3169
24c5
13e2
f09e
f932
2156
53e9
d13b
866d
a86d
04e7
b59c
5bb7
7172
ed70
c371
033b
1582
b14e
c3a1
55e8
2286
5303
67c6
381a
7a96
e75c
df2f
ff9d
fbc5
8a67
3ffa
e24e
0429
81da
3479
150b
1c0b
e1f6
ad9d
cf39
c448
ba0f
5b21
7f60
ded9
01a8
9ec6
295f
47a5
b74f
da4e
f434
7f21
594d
55e4
4793
9085
c00b
84e5
b3c1
14ba
fcbb
1690
5321
f79b
b3ff
f7e9
aa82
2d73
6acf
936b
f8f1
a401
fcac
bf96
9f17
c9b6
a364
ee00
1c6a
de08
6750
2e8e
cbdf
e2b7
d3e0
91a9
90f5
ff6f
53e4
65fe
e027
2ea1
8c5a
cbba
b0a4
03c9
2472
425c
3655
fc2e
d5b8
b547
f71d
1409
7f26
edbf
5d2d
5f86
0250
0e58
b817
c160
81ee
eadb
0db9
7824
bde6
c744
d87e
65b2
98d0
f2ea
31b9
4bf3
5bc8
b875
22a1
d8ad
63c9
431c
6849
8344
401f
12b8
5fe1
3105
b81e
15cc
f83d
1bc8
0878
a6b9
5e66
8e0c
b384
81f0
b043
15a1
d9a1
e031
2618
2e23
7ec7
d059
7d2d
2fea
b2cd
7cc0
0eb8
0f8c
de3e
533f
0ca1
af69
2c6e
88e7
3dd8
4b98
d8e7
b8f3
b8a8
2e37
945f
04f8
006e
d0b4
5cad
e5ab
0d84
9966
b5c2
4a10
6a26
80cc
c919
4252
c59e
e779
45dc
aa25
4157
c5aa
fbac
1121
2233
d189
b501
6fc6
598e
74ab
59a7
c8e9
38c0
ed3d
d2ca
9abd
cf47
687c
8e08
d244
3c2f
ed48
7a6d
8bd4
4553
6bb3
a801
c26f
7b18
bfc8
b76e
2245
5985
e265
c3a1
38d1
d62c
ca0a
bcec
b75c
a9e2
b3c7
e1bf
142b
7f0d
beb3
a659
90cb
34d3
2e21
e4cd
53ef
3665
c197
36a6
f46b
844c
4a2d
725e
64a8
9e2c
22f8
4b70
54c6
4282
b98a
1d7a
a285
bf57
9a0a
c4de
f5f3
6304
920e
fad8
0678
e979
1d8a
e4be
ece7
6095
a0f1
50cd
fe99
ee08
4e05
d414
ce4f
1d74
9998
d323
0eb5
eca0
1acb
fb37
7124
9101
4158
1993
53d5
a9e9
42ff
99a7
1daf
093e
b868
f305
7e8d
f476
aac7
4e16
5a26
c781
a7fa
113d
7224
b8f5
7368
cccb
e770
72db
8092
fa34
2dd9
9f2d
b87e
216c
e9f4
c5f9
6b98
e94d
1bd2
2411
8cd5
692b
396f
c23e
4248
0c09
ea49
cd67
b853
5c79
4704
d6e7
7549
8e3a
99e4
27ec
793d
50d2
d248
dd17
937b
6a15
5eb2
d243
b0ca
c673
d77a
f183
5d40
6714
a18d
f070
2227
ff14
bda6
f2a8
4202
7f5e
e145
53a3
ddec
5b52
a2c4
5d9b
5cb6
6393
4670
7e64
9c72
d706
dfec
bb43
d77c
86c4
11f9
0712
933e
4c08
4f4c
bc30
2c5e
410b
0e52
fc4b
b0c3
cf49
8889
6741
758f
bbdf
445e
4657
ca79
4a51
9a71
3d2c
04d2
29da
a01f
7955
7d43
0f2d
1869
d94c
1209
c5a5
ed70
ca8e
5d6b
dbe9
8e78
2fa4
c21d
3b49
123d
7691
a980
0f39
4f48
5d15
9ce0
0fb9
69ae
9051
7cbc
6393
8546
8552
88a8
34ad
fe9d
6bf8
2b9f
b349
a9e7
e445
a69e
370b
3463
0f2d
ef76
82e8
e3ea
1514
c74d
0fa3
f926
0239
1bb7
b8d1
251c
f484
00e2
7177
bc9a
3b17
5288
5b6f
12c4
37a2
3cdb
2e21
df82
3ef1
d46a
5877
80fe
9aff
2358
bef5
8bbc
6898
8dd5
66fc
79b1
9613
fe24
15dd
4d47
91a9
64b2
f373
14a9
1bc4
2706
ef86
df7b
3168
a34f
7f8e
8218
e914
0ad7
561d
94ad
753c
9bc6
5c7f
44d3
8b7f
7fb6
5fa2
02d5
367b
7828
1131
41c7
e580
f54d
f06f
da0e
05a2
82d4
7ea7
94cc
aae4
1c18
7dce
16e9
2ce3
4b81
da3c
833a
f706
4bc9
82ce
ad76
0d74
44d0
9547
fadb
b4b8
b48a
3183
bfb7
ecf5
ece0
9a3f
258c
bbad
2a06
4394
71e0
c3e2
d180
f533
ff59
1c4b
2a11
868e
78f7
e95a
1f1c
b6e8
2196
9018
aaaf
2027
1380
4733
507c
9c47
23e6
fead
3012
0b6a
3cb6
8712
8d86
86a0
82ed
7416
09b0
725e
9f33
2f5a
25ab
d8b6
861a
8b0e
9da1
cd1b
673e
af46
2e25
8678
03d3
4763
26ba
608c
e248
dd8b
226b
36e1
0dd1
28ef
fb15
8f5e
7a7d
9c6e
8a83
c16a
6655
5641
e815
2b34
f450
8dfc
6d16
874c
315b
cb4d
0489
b06e
ef4c
1ecf
c47b
f720
a9b9
4b96
a0ca
2fac
9e0a
3bef
f529
c8fd
4c29
087f
e9de
f01e
24de
389a
9062
0d83
0089
48d1
c1c1
6157
ceac
5280
83bb
bbbd
8360
306f
4c0f
0e93
0af4
42dd
20c8
9ed5
45b5
93e7
a54c
b46b
e2ba
db09
52cf
cc21
d84e
0753
69e0
4eb6
1d25
02c9
3984
d46c
116a
73ae
202d
83e1
40b7
2876
6054
4c6e
1956
061a
fce9
4a55
a1a5
e09f
b3bd
5b54
e1b6
518a
bcdf
1074
c0ea
fa0c
32f7
3b9d
42cd
109d
aa0f
ba58
dc77
699f
a9f2
30bf
7f99
640f
0920
2ce0
b1bd
bb30
68c7
b79e
334a
3e20
6549
30a7
d78e
9f29
85c1
0d9b
c959
2fdd
2b62
67ad
29dd
0f80
e0b9
24ac
8512
e54a
9ae5
e4d1
637e
caed
5ff5
3cd0
7d67
9e89
9cc9
9183
3bf2
e22c
fab1
521b
f920
dd7b
2b97
30cd
31e6
2422
ecbd
53b7
e0c2
3088
6461
5cae
9ab8
4186
c707
f0d8
15e7
7e34
95fc
848f
ffdc
623e
5ff3
3f62
de2f
417e
880c
47ad
93ee
e355
38e3
9f0b
c685
7a1f
a16b
1cb0
e390
b65e
0ba2
a6a7
debe
6dd5
f875
bfa1
8b33
e52d
9e48
652c
fdf2
8af8
1fcd
caef
dd5a
afef
cb8c
9db2
6ef3
6a15
8ce1
bcb5
ecc2
822d
d619
ab92
fe9f
2d78
1efb
3ba9
b651
89eb
cb96
8a2e
8891
12ca
794a
4abe
428c
109e
7ea3
4ac8
2131
3210
d2e5
d0a9
8894
ea9a
aadf
d259
d3e7
2cad
cc21
de0d
771c
add9
6d78
5183
150c
c477
54c6
25bd
78f1
024d
da06
4885
5935
e9e6
3410
8233
ed4c
f307
5c56
efd2
8ffd
e362
cd52
25f1
4470
4aca
7d9b
2190
094d
f16b
c468
fd97
2f59
ef86
7859
defc
360b
b682
977d
85d9
fd15
a7bc
3b42
b8f5
3e79
d5f5
39a3
2a24
493b
6ff9
d966
3784
a1b0
e0b7
a31e
13fd
029d
7362
10d9
afb7
16b0
5bb0
2b73
71a5
e2cc
a963
b615
5dd5
f3fe
5669
5fbd
36b6
07d5
4ddf
b4fe
2e59
084a
bec5
0670
1e1b
26ca
2393
caa5
3607
e8d5
4927
bc90
10e3
42d4
e05d
d079
6273
b628
b187
e61f
e989
1e0f
c362
2bbe
e25b
0a68
d836
2d7d
c1bd
f35a
8c59
806e
c67b
bd8e
2b8f
224c
a885
1b17
e155
842b
23da
5b58
55bc
c458
af10
c7c0
e640
f88c
45a5
4663
a3bc
800c
6a0d
23d2
f8de
5b89
160d
4f8b
f686
dff9
c299
5834
34d1
ffac
5341
56e4
74fd
97e6
c0b4
f45e
cbe8
7410
a5a5
0f56
4417
6927
00cb
8b58
fdbb
d8a0
dc80
510e
f350
098e
ccf7
26d3
fce8
ed87
b4e5
3d15
db23
2b25
d18b
0e28
b058
d6af
89c3
c23c
85ef
29f4
90ac
7338
ec22
2a9f
56c9
0fd8
31e1
4612
2c8b
dd9b
45ff
1f5d
8f9f
6478
02db
aec4
97cb
c1c5
6f0e
4dfa
1bfc
5492
db28
8da0
a952
08cd
63e4
f62c
bbed
106f
86d7
3d84
1aa3
907e
c064
3edc
bab0
c4bf
9889
a636
600a
abb7
fd44
69a4
fa2b
31aa
5d33
25ed
7213
01c9
5230
e7d9
a32e
fb48
edb5
58d1
6dd2
73a3
fff9
1bc8
638d
16a1
98b4
3335
dbaf
0e52
acd8
461a
30aa
d2ad
a121
45f8
0c2f
3174
f92e
690b
dd26
d267
96b5
197d
f419
d4e0
33a3
7e25
07a8
d635
c912
fbee
352c
94bd
4b53
5dfb
04f5
156e
7342
16d8
e5fa
1434
8cd3
1f8e
0e9d
bd93
578d
fd5a
0f82
64c2
f7a5
b673
21e2
f47c
cb1e
f852
427c
a52a
ead2
074e
aa4d
9774
fc9e
b400
8b40
7454
ed39
cb06
89f0
dcfe
6065
59d1
2125
618f
97de
2bd0
6ec7
b68c
cfe1
5406
24f8
fe29
a10b
5669
a781
8a27
8777
2c1b
c083
b90a
3772
d9ae
2f33
fa05
9010
23cb
f200
0afa
e0c0
f3eb
347a
c631
9e90
e904
6152
ac83
27dd
e396
8d02
8c52
dba9
539b
04dd
58c1
b45b
57f1
5814
2638
2eb8
c66d
91c7
4781
647d
5c9f
8c82
b6e8
8ecf
76d8
15c1
bf64
1704
abb2
7e09
6934
2afb
f3ed
a547
8a3e
f03f
7d9b
e48c
bc9d
f4ef
52fe
d274
49a2
6ee7
2e2d
7255
c219
1e0c
e884
c3dc
05a8
6031
5c4e
456c
deb8
f522
b204
5126
1c29
a2c1
5ec0
878a
f922
ae79
7837
5716
a1a7
be6f
abfe
c82b
9984
95c6
434f
a8f2
a9f2
aa43
7e3f
a87f
623f
aebe
5991
59dd
cd80
9cf3
d917
4e55
ddde
bc7e
4b2c
ac74
587d
e8aa
fdf1
4614
d414
5095
3046
87ee
5579
a356
c979
5091
5be8
eda0
5341
3de2
9178
8a3d
9b53
a1af
52bf
837d
7056
db91
ec26
b5b5
314d
f022
04f2
ab88
4e99
7c35
52a8
4376
6dbb
99a0
e11c
6466
9f0a
5452
283f
b980
684d
7497
d3e6
e574
078a
7ea7
568b
0dd9
b583
9e38
da04
a7ad
665d
7df9
0bb8
e3a1
4712
2b92
9920
46df
5f2e
8b00
832a
9d91
30e1
d0e0
942d
cdaa
f6c7
1619
c5ef
34c5
b230
6aeb
584d
2001
f2e5
689c
e8f9
9e79
87b9
384e
38d9
969d
c9f9
e575
ab4b
f90a
b525
4177
76f9
5d53
0ea1
fb11
bfa2
d5ef
74e6
11fa
c068
e491
ed36
1591
d598
1d18
1a27
5185
db2a
a493
ab49
5175
46da
95f4
b336
5e40
204f
70d3
e7ff
0655
9267
0ef3
ef8b
b365
6234
093d
e4c9
60f1
b905
2002
9464
b19b
cd6b
d91f
d76b
93b4
4b53
96a5
93eb
d70f
2231
c1a2
623f
29b2
11be
bd54
8828
6013
c7f0
bd49
3d36
d657
f181
431e
e6ae
c175
55db
913f
4131
6850
d493
37fe
9270
0c2b
2282
82f6
ff01
d587
bfd8
9681
1bab
f3bd
82b6
2923
70af
7268
47c5
93e0
2d7e
ed2f
653f
2cd7
f6f2
23ff
29d1
f225
7532
3541
15a7
c450
3eed
5e81
4412
8f88
1963
666d
e7fb
732b
1bca
57e2
06e2
7e60
0137
d7fb
f1a0
0346
353f
b360
3b90
4056
34ff
e0e7
f3a9
0e34
0b19
eec3
e094
51e6
2872
e4f8
f74c
4dbc
6d3d
7ad9
c47d
330d
143a
d241
1352
bdfb
8cce
2489
5002
2f1d
0240
bc8b
0893
f466
7a73
fc42
de4c
0a17
9b8b
3488
9006
fd0f
d029
f3af
130f
2b53
4a3d
6138
39d4
e65f
905b
c75d
1e47
666d
f41b
90dc
2e9c
5589
8654
9cd0
8a25
21d0
adeb
51a2
f4f4
135d
cdb0
76f3
e27f
828a
2d28
a400
b66e
3823
6212
5411
268d
69ab
a026
b382
4d18
829e
e93c
b427
1e08
f04b
02ea
e66f
6285
9587
58d5
8724
b842
265e
ffda
78e6
e59e
0eab
192b
8ae9
705f
44f8
830b
3f3e
41ff
341a
a595
b707
4598
9e83
a028
b3ad
c2af
37d0
50f4
68ab
1075
23fa
b27e
6a53
6528
6f9f
475e
0fe4
123a
bfdd
86a3
5ba6
5580
d012
9562
ea36
10d5
97cd
a58b
0bf2
90e9
a6ee
8f68
3f5e
9679
97ce
16f1
1746
d932
6a61
9f76
afc1
c2bc
7a36
2cab
7084
26e5
ce29
ec8f
4783
3429
308b
c8d3
a3dd
38c6
726d
1b34
23c6
ef5c
7c84
fa30
07e6
30a9
106e
d7d3
d16f
6bc9
c059
afa7
a7cb
e472
c38d
5cef
8672
e6be
d81f
35a0
f24a
997c
41fd
6746
43db
c4e8
a36e
1204
4110
b882
982e
1d67
0e85
d65a
ba3d
6018
92fd
9e04
1f6b
dd69
129d
b351
b602
6b2c
a8cd
2181
4c0c
fc0f
95f8
d199
f0b4
7302
02fc
aa23
305f
a54e
6787
5052
1136
bfba
a45c
c57d
9ade
0ccc
caa8
7ccc
c55a
8845
1596
e60f
644d
daa2
09d7
56c2
2e4d
020f
d49a
f569
79ed
c260
0331
35ad
bc56
0370
fa49
b733
1e2e
302a
3815
dfc6
cad3
e5ad
9696
95c6
e156
7506
a5be
5be8
65d9
b948
ef36
0840
ab35
0762
6e85
2c86
93b9
6033
1241
d6f1
b162
8963
e689
a283
2a39
c9d3
ea67
8dc9
a7ca
040c
24c9
b8af
1f00
d0f7
be0c
bb3f
0f42
0a71
13de
3fb7
e1bd
040a
3b9a
1917
8797
9636
e69f
d214
5003
2161
4d3e
26f9
0424
b350
f17b
2133
b727
8163
d1e1
55f5
af00
4ae6
ec77
0813
6bfe
539e
568f
1430
df72
5e8c
7d50
6afe
2255
cdcd
aa0a
a250
5915
ce75
6d55
4d76
5486
e484
4a30
96ab
7fb0
9757
cc5d
c25f
68ac
8ccd
3101
b284
e884
c2b3
dff3
cb29
78d4
94a8
7b0b
71b4
c55f
2d15
caff
bc8f
7c14
c556
01d3
eec6
8a41
5665
a27c
8caa
dd8b
d01c
b0d4
0097
244f
5aa5
b34c
2296
3599
4833
2320
a801
0188
f6e8
f816
d9de
f843
3c3e
4aa6
9297
aaba
1f2c
ee52
8b54
39e3
b8b6
a59b
57c8
8a9a
3e2a
f4a0
e03e
de0f
001e
0075
50fe
adfb
7b10
2a88
15d8
6371
b28a
c412
f99a
786f
6301
bac1
38be
5763
0cf0
7339
cd32
d8e5
3360
f8f9
df92
a3d0
dd03
9c84
95d7
7d4f
4e71
09ae
ea9a
9942
5e2b
db62
6a74
22d2
1aa8
9179
721d
0996
34ef
07b7
94e3
2a61
ccd3
2c93
d3d5
56e3
f3c6
fdac
4777
93d6
24ca
2b9a
d2d5
e804
f083
e9bb
2ec3
8daf
f253
fc0a
5629
a4b1
0913
f912
8a15
82dc
5ac0
1728
8163
0639
ca3d
d651
6191
ce91
3b93
6c3d
59ca
a8ea
c72a
715b
a376
7e3b
5d65
e7f0
5bbc
b0a3
68e6
449e
0022
ee0b
43f6
40c6
d5b0
25db
bea1
4d61
3022
8267
f552
c183
0b25
dd9f
2774
07e8
4d8f
e489
4e8a
f127
f049
97ca
de37
3f5f
6633
da44
4940
c1fd
8fd1
0437
c3c6
fd2d
088f
b2e2
9a58
2056
1a92
97ee
c5d6
07ba
9f4d
df6d
6bd6
d6cc
be2c
4047
d4e8
f030
810e
c76d
f7c7
a812
b0fc
960d
8ec7
2f67
0f92
455b
cd46
bb94
7d1a
8f1f
dc62
1278
6aa0
0a21
8ac9
c6a6
88c3
5c06
ce63
9cb4
b88d
b8e7
a560
d311
c6c8
b4f8
e9e6
eaad
962d
1ec8
c589
ce90
034a
1259
75ed
953e
79d6
0209
f5c3
8437
e715
ff8b
1ce4
b662
e253
edcd
9089
b7a4
4a9f
4b75
f6c1
d0fc
565d
da49
de22
9187
2021
33a3
5e18
7338
a86d
26ff
56df
88d8
0e78
029c
bdaa
6261
14f6
3814
4467
880d
cbf0
2a9c
24dd
83a8
3984
7218
eacd
8ad4
406a
fc1b
10e0
2ef1
4964
4546
0b54
6a7c
e32a
7b4d
b574
de92
f11d
1a83
f361
4a8b
e37a
ef1c
9b7d
98e4
0447
59f6
130c
7c1e
1c14
1173
5e48
78df
2bd1
9e39
5606
987e
1c36
0759
4a0f
f351
cdaa
dc23
9961
be18
3b1b
8bcc
9505
ad5f
e55a
7639
57f2
f79c
7051
7c40
42ab
485e
5228
17be
e409
f1df
b251
9cfa
783c
4af1
da97
c065
ed14
85fd
8768
de9e
f4f8
0f5b
41aa
fa41
ca99
7fe3
43d6
a51f
54b4
521e
244e
697a
f577
e7db
7c52
677a
f579
bd7c
46d8
b0d7
7a5f
70ee
4e31
1d2b
1642
bb01
5def
f335
e286
fd2a
7c4c
968f
afa8
c210
da97
3d92
789e
f879
d795
fd3e
cd10
7d74
2073
6c03
734d
35fc
55fb
fbbd
5b51
dab3
f16e
d352
aea1
10e5
cc10
661c
34b1
283f
a92e
9db6
d3b6
d374
8bb8
c259
07be
e9d8
6641
676d
1804
945a
7cff
d874
5ae1
460a
f4ed
e656
c5b1
8bd9
154a
2419
1f54
16ea
9f88
7c06
ed6d
9b79
7107
19ff
15a2
1e72
b057
18d6
5a0c
bc77
e03a
c084
57fd
7482
d732
673b
defe
5391
c2a3
cfe6
5d9f
8fa9
9a0a
ee2a
9182
9afd
bf45
f227
e78b
3698
b035
0f5e
b53b
0f20
9a70
d433
c38b
a728
6cc0
e3d4
edec
44e3
4716
8f03
d4f0
df3e
7def
298f
a8f7
6908
efc2
fb25
5792
3ee8
6e2b
5065
b121
ac1b
7758
7d48
4509
45fe
abf2
e4f6
4e55
51e6
646b
2fdb
beb7
171d
8130
69ce
3697
150b
4ed3
db1d
c170
ede9
8cc9
1b98
b915
2fcb
a74d
29a7
7f7a
94b6
be9a
d850
8044
d970
115f
e5fa
823e
7434
e4fe
1090
876b
de4e
133b
e764
bf14
9e61
1637
c33e
2a73
fabb
b2e2
d348
a281
35ab
32b4
5e70
2a10
b7fb
8e7f
c48d
f009
8d1f
9ddf
ae46
a448
4003
8978
9ed0
ede5
cfea
053f
883d
3082
9fc3
ab35
1c25
7893
f708
3772
77d1
eabc
ab5d
9f9f
4e72
ca32
2ee4
6da4
f6b9
d85f
8e23
de9a
9c27
f0ae
d950
e042
5bb8
5e97
1017
955c
49e9
8f97
79f8
996c
c0ed
9793
3e1e
7be3
6d33
16e0
82e0
cf16
cc55
87d9
cdc2
0120
6de1
1c67
f927
87ff
0f6a
3cad
6d00
cc3e
84d2
7d62
6d05
5c8d
a2ac
1917
3c5e
029c
909a
e69c
41fd
adee
d269
08e7
c621
3422
f8bd
709c
d5c4
3909
35d5
1b48
f9ef
4d36
f23e
90ec
0090
e241
bd8c
d69f
c118
e275
d607
9b01
1e11
bf6f
ff1f
958c
feeb
4e48
777d
b4c1
2c60
7b8e
a040
2498
5d75
3516
1cf1
0c17
53e9
9df2
1cf0
e052
71e3
2c7e
0a69
0364
4e58
8ff1
57ad
34fe
5758
1558
dbc1
4901
eba4
06b8
345c
4097
dcd6
b95b
f526
813c
cf80
6676
d8db
55a1
f0da
2d7b
1fa6
f42f
5bd5
73d8
68ea
49d5
f0b1
25fb
aae6
6512
8010
0a68
b4bf
aa8b
17b2
1b94
1d3f
20d1
d13d
64ae
8865
0a26
5d06
abbc
6669
9058
59bc
0ba4
736a
06fb
ba39
e156
25fc
ced8
600e
8d1c
f429
d244
986b
e1d4
4f19
99e5
9001
74ff
97f3
b94b
74f9
c484
86ee
6213
3783
6ed8
704b
ffae
c7e8
af7c
50ce
faf1
6203
a371
5849
a4d7
00de
a81b
60db
606b
0f0b
dd69
36ce
5c02
3d30
1f90
8b07
4501
7ec0
ce30
0b45
b186
02b4
c296
2df4
e80b
2177
e1f8
eec3
af30
082a
2d0c
cb7f
b526
8097
9c2e
63c1
aa72
7a99
df22
f1a1
4d59
d22d
b689
6b73
b364
f167
3e82
5995
5413
650a
48e3
f419
823c
8f46
4cca
f406
3614
79a4
572f
b4be
b992
bbce
83ee
0b1c
cbaf
1543
4765
65e5
6bec
11a6
8032
c821
156f
dded
a9d1
0ff0
b16d
c935
2325
2fe1
8252
2b91
4ae4
65ea
0a26
2bde
a3d1
2176
d378
bb49
8b38
ed73
09ec
1adb
80c2
89c6
9fec
3bc4
83a5
3d73
9a97
5ef3
e60e
6df7
af42
662f
d531
d555
a07b
42be
90b1
6917
af51
79ae
6d23
6782
0177
7b5a
ecbb
0369
a585
2809
1377
a4a8
973d
d77b
6890
1406
32ea
9b59
2a86
fb92
e20d
b355
3b4a
8178
d155
1178
fbb2
ecf4
0968
88e5
32af
04d5
7dad
fc36
fbd3
7d2a
a4fb
aa34
381d
d46a
0c3f
b7b0
9291
ebea
2894
3d34
cae1
c291
dc8e
fd8c
d483
73d7
4739
3776
c4e7
e975
e1a5
fab3
6b83
93f7
b54e
a930
b76f
d816
f5f2
3e82
b65d
9d2c
9912
4b60
e37f
dfe5
9da7
5cab
ca57
dc42
c649
802f
547d
d07a
4888
c1d7
7897
9e82
7532
fb78
38f4
1e82
90e4
a873
67fe
d89e
c03b
ac82
63e1
d138
4f38
fd3f
fd53
4ecc
7881
a9eb
a112
9d70
6683
7fcb
12c8
1b37
475b
04ce
2853
38fc
0b12
ab1c
7ebe
b5e9
7427
3978
1fd2
c95d
16da
aadb
e293
93bf
e97d
0330
6ffe
3805
70a4
1099
fec6
0be3
c8c1
cac0
7b4a
4f25
b346
338b
9f7c
899d
a47e
c6b1
084d
648a
046f
d3d9
5c17
5874
1725
d319
05a4
bd5a
1beb
7dcd
24a9
286f
5101
5099
9236
7e59
ce50
9bc8
a0e1
1025
3f4f
2d45
2b20
c6d8
454c
cb0f
1652
a3ec
1955
0840
d80e
de78
3b6c
0363
044b
62a5
d9f4
e981
568c
ddcc
b956
b4c6
3880
5534
8876
5f1c
f51c
14c5
150e
2c1b
bef7
5778
5913
2977
8c2b
9fab
4e75
d529
483a
a4eb
1fe8
7d69
d79a
bba0
81ab
6f5d
11aa
a221
bb52
6658
67f2
e97c
571a
e59d
075a
e5f5
9ccc
aa43
52e5
8d44
34d2
3547
1b7f
2f19
58f4
3054
7d6e
c774
6745
32f2
70b8
6c30
3ef5
79e9
bea3
5057
c69a
3ee9
4953
927f
9be8
07bb
ce25
b480
b0ac
4fc8
976a
d3d2
216e
e716
45b8
6499
1b8e
d43d
30a5
276f
a7fa
af49
77ee
a90c
a277
1d00
87e1
60c6
fc50
e389
195c
67ac
1faa
9bbf
846b
c65e
c203
bfd2
2ef5
d00f
c35d
e32e
c986
8f18
a1f8
e106
b4af
43fc
a368
62ca
305e
4274
507b
effb
80da
d5ad
3f2b
8171
ce1b
7747
7d77
a099
6b9e
f212
849c
be1b
064d
be00
3aba
0c6d
e2d1
8cba
11c7
ce8d
e496
176e
0f65
4a83
0bd2
61f7
32d1
4247
e60b
352b
241d
72ae
c305
ac7e
c05a
64d6
f5ab
5b74
59d3
2e63
4a4b
ddab
8e6c
a1bf
bc85
e177
9360
2995
7854
31e2
3b45
d0c8
7e0b
6271
0e44
45e0
a2d4
b812
a173
6068
a317
d5a1
b4a4
221c
c8f1
df51
cef2
90ae
d09a
c007
410f
8838
3c8b
23aa
0e77
b224
95e3
0cc4
76cc
fc3b
31c0
777c
b249
93dc
f018
979c
fd5a
cb5e
6831
246f
2e79
ba4d
4b1c
309a
e90d
22ed
d034
8039
9d53
46c9
5812
180c
2015
86ef
df7d
5f25
5fce
f78a
c2ab
e680
5e7b
92da
d580
124e
aa23
734f
508b
4f40
0760
8bd8
77e2
c9a5
6b74
9576
0f8c
6bab
7df1
dae3
c110
3751
013f
661d
ce27
fbf9
31f1
3103
42e7
9c18
a805
ad2f
73d6
1f8e
3271
93c6
c668
9655
90bb
5094
f618
a867
cf3f
12d7
a37a
ed43
75c0
386b
d0b6
0a08
5d31
a332
25c7
3689
cf71
9021
300d
2b27
f662
38e7
8f1c
b1e3
50f7
79ee
5cc9
166d
50f7
e329
f009
7458
d5e3
0cd8
e6db
b1d7
3ec4
fcaf
bf1e
ac47
bea4
2c1c
37d9
7e99
e2fc
160e
f185
cc17
398c
f5e4
153e
fd3e
c564
fc9a
d231
5f67
e3d1
f825
afb1
56e7
62ea
ef37
b683
d488
e75b
721b
ba1b
5691
4026
eff0
c978
4860
8142
09b9
aa67
b4c0
274c
6633
1d1d
d8b4
49a9
2e8f
0788
861d
55c7
10fc
0ee3
b757
3c2a
af8b
e4e2
59fd
8a5d
9531
8393
8f18
5855
23c6
02dd
03d8
260b
b1dc
4b34
9847
0b5e
d917
bf7d
8307
ba17
d0f5
d369
2e82
b5ac
3843
a8d6
c139
0a2e
a376
c442
5f0e
bcdd
be82
8158
b9ff
1d55
eaeb
b281
0bf1
0380
40f0
673f
fb35
a808
b1c5
c19e
d6fa
3bbd
ab61
5c79
fce5
0587
70bc
50b4
0e85
6ea7
1eb9
b385
9ae6
1064
b79c
8f39
a072
2dfe
d896
e7d4
51ab
61a8
cd7c
5e8c
7a5a
5c78
7675
33ab
fa4a
2d22
69ff
ef17
fff5
9be1
8f1f
cc78
0583
8061
7dd7
eeb7
d929
a953
3040
e979
efe7
7c7e
3280
8a32
659a
46be
5614
a406
7c4b
ce22
ec13
4650
a5c5
ca0f
c632
ee10
065d
793d
1b6e
42d8
2651
12d7
db04
f502
90eb
41ec
f3a1
6108
27dc
ad9e
c721
84c1
cab5
dbab
fa4a
503c
bb44
7317
df4b
41ee
f712
8c28
463d
d863
0c20
fbf2
0349
84d9
d173
dd46
0615
680f
eb26
4765
51e4
76ed
54ab
c27e
1079
3008
f179
dda3
74ca
a8c6
5428
fc3e
6712
a6b1
45a8
0a5c
c5a4
673c
6ef3
4418
51b4
5510
3028
45bc
83f9
cc6f
3862
d328
20c1
92c5
90a4
aa07
638d
8dab
e71b
3cc5
1964
b9b2
bb34
5157
7f9f
db1b
8934
2efd
c16a
ffbe
101d
f3a3
d05d
b31f
e14c
8957
d279
80f1
ab51
747e
aaed
b54b
c50d
fd48
4978
3674
e894
5e19
0cb2
ad74
0122
4847
c9a0
140d
99bc
5b8b
aa01
0297
77db
9db6
30dc
19c4
61ce
bf61
6bf7
0e5e
bd73
4ab9
3c40
67b3
b387
94ac
fb39
0506
e2e4
b25f
4f4f
18a8
2adc
1faf
d07c
4df6
b189
8db4
023d
f0db
b6a3
d711
f527
5fe1
bbe6
7c8a
af57
17fa
f9b9
6cdb
81a3
e41d
1497
5c69
ef3e
5551
2a45
2889
42c7
2383
c0bf
cd49
2626
e58a
4b01
2c8e
9aa0
7b12
2558
64e5
a33b
6a01
99e2
7c60
32f4
c9de
6cf6
0a4c
eed8
dade
6a79
12bb
e214
57af
2273
91a1
8530
40eb
6352
1cd3
d1d0
aa18
1166
24eb
82f5
7cd7
3ad7
ec20
bc60
ddc6
050b
4ab4
6fbd
a1ab
da42
ffda
fd86
b5c7
b7d3
e76e
cf84
5d51
bed0
8028
53b4
a154
d3d9
5d3f
ef05
0e2c
dc04
4e36
385f
972f
eaab
c274
8464
c096
8d36
4c84
89e1
4dfa
8981
ca85
a285
de27
41e0
7c1d
a7fa
61fb
ec08
7ca9
be4c
2f10
f8a1
8b61
955d
d601
a35d
dbae
ef7a
f8f0
81f5
3fa4
13a1
dec9
3e06
02d6
e5b6
9e67
b971
2d48
8605
2dc7
40ae
86c0
1e2b
6621
3e46
1409
295a
c37d
9552
6a3a
7ee1
2ddd
a82a
3494
9b9f
9da5
6786
3f77
b999
ea3f
dafd
77ff
832e
3c22
e34e
2747
8841
57b4
84f3
7f1a
cb7d
d2a0
b884
5d0e
0a42
fadf
8ab7
a16b
0fbf
cb3d
5cc2
5efc
a67d
f3bc
48d0
d05e
ea77
e995
fea0
be1e
298c
fa8d
f3d8
a6fa
d992
f766
9037
9fee
ec2e
cf66
7726
069f
a5ee
34cb
afbd
b857
ed55
4f0e
efe8
a264
af71
4c44
c5d4
f2c1
2b14
4945
6b98
d63d
086b
a014
8c90
94ea
d1a4
e4f0
97ba
698c
f491
eb66
3718
d2aa
4754
2da1
686c
8d92
866c
3e9f
5e37
e036
b641
58a7
32b7
bea9
171e
4f49
7550
d187
f2a9
0864
6a16
019a
9542
245e
00d3
16c4
a228
2be3
7be0
5814
f67b
30a9
7c93
d8ca
f11e
49e6
695b
d29c
2d26
cb67
5a91
9630
8753
dd15
1ef5
eb33
3cea
29ee
cffc
ac6b
a4e2
d7ce
c418
1497
2a57
78dd
9f38
4b50
2186
8102
a06f
42aa
6de4
e64e
145f
25bf
206a
2a8d
c689
5491
fcaf
79e1
6351
13f5
0405
0920
3caf
de7c
4f1c
7284
195a
5024
b11a
32ef
e9a7
33c7
3fdb
bad0
7272
8142
4e30
4a4f
3e2a
048d
f03d
c7d4
3ad7
fb1a
a098
84a2
2f50
3eac
b422
de07
6111
17ee
b4b1
42b6
0706
f088
ecbd
dd08
4492
fd4e
f255
f8bc
1776
1ac2
091a
b9b4
e6dd
86f1
7cf1
d2d3
d61a
dbef
4d5d
e77d
5b90
264c
3ef2
3b24
57ba
f8e0
2614
e1bb
8053
c613
0089
6acf
0a78
028b
4c23
c425
cde3
5673
22b6
f268
8a9c
248e
d41d
3d26
8aa9
d2b6
fd29
b3ff
4f64
5924
761a
81e6
4686
e907
aa9a
4f73
a951
44c2
39b5
590f
73c7
62c5
a919
4cf6
ed53
042b
5ec5
7236
1422
15bd
f0df
12a3
7998
098b
4ba2
0e78
f46e
9b90
0d54
9344
679a
460d
0499
37a1
4cd4
bf52
9b15
4076
abe7
f10d
6a09
5c1b
20ee
e661
b577
38f6
1c9d
c2d1
26a4
87ff
697d
34cc
8396
34f2
56eb
76dd
fefa
50d8
eff0
21be
90c8
5ef8
bad3
5303
e6f8
f2f1
8ee3
2f80
1793
f8ed
890b
6920
83f5
7ffa
4621
e3af
69ba
1d88
7e7e
1ad7
e88d
a2d4
995f
af9f
b2de
4b9f
7e2f
a3c3
1ddf
89df
b086
9bb9
5a72
6ac1
b8c2
bd7f
4d64
90a8
0909
e5e1
1545
5d1d
f446
86a5
c1af
6224
049f
ef19
74d6
3d1d
e3e5
5ef3
afc5
6602
65c4
cede
afdd
727c
4ec9
7e7f
3f1d
9db9
a40d
b904
6343
9c96
c5db
cfa0
6461
7a4b
e4fe
df2d
25ac
572a
b632
4f34
ee2d
e960
30a6
c052
88f1
ac2c
35b3
63c2
f653
902e
46db
f97c
40f5
6591
5089
a4dc
c817
889a
85da
126f
5539
2589
bc2f
aeb6
09bc
26c9
98d6
8169
3ca9
836c
7182
7e76
e3ae
a72a
6121
bc3d
eef4
9a8f
287f
1683
2608
3c3b
d647
be17
e25e
27e5
da93
3308
7cfd
0fb4
1f49
439f
ffa9
4d4c
863e
c0c4
1876
14d8
d922
8550
0084
200c
d001
a808
13eb
649c
7cc0
2ba5
edd4
8b24
1cc4
0aa9
e050
f8de
b6d0
e9f0
9c55
e49c
7a88
97eb
9c02
7308
a2df
c11b
8c9c
9ef1
5350
e3e3
576e
1805
025e
db88
5af0
b68f
2755
e19c
a89c
90dd
f67b
c86d
a564
3c05
5c79
d3d6
af36
349d
0fda
a661
c95b
cf5c
4978
f0dc
2c17
5f24
a774
65e0
b1fe
a041
9df7
3ed3
d461
25ba
9703
a22c
ccf8
7666
503d
e4c1
890d
f1f6
863d
6d6c
cfd7
ffa6
0ca2
4e1f
5529
981b
b627
2a08
44d9
b47f
ef82
5d14
d95c
f4f1
814e
bc0c
8459
3857
f68f
9e6d
dd10
0596
36e4
3667
7a99
1a32
ccbf
a6d9
2c75
24fb
538a
7eea
7011
1610
0853
f691
02cf
77fd
a4bb
e0e5
0a9a
7d25
c7ea
e3c1
611b
437e
66c0
d8d5
dc0c
12fd
86ec
a699
178c
33a8
c508
0291
fd01
646e
3007
a58e
c3c8
c137
c29a
124d
b30d
8ebe
214e
dc72
cbdd
d724
4634
724c
4893
c43d
0672
eb07
eb3e
085e
a28f
07c8
c16b
2e90
f7c3
2b90
7c0f
3de7
cc65
d2f4
c957
5a57
9b11
1d9b
b04c
c7b9
41a6
902a
7205
372c
20cb
7bc6
513d
d4ff
46a0
5b1a
076a
c1c4
959c
6307
2969
4455
7238
3753
23d1
c9a9
c2c3
26bc
6c18
7bbe
3a31
d920
636b
9e9a
5484
a1fa
51f0
d7e3
c9bf
2c88
c58d
7669
c3bd
058d
4bf5
6773
bf3e
982d
da5c
588a
94bb
9e45
a322
4f07
ca8a
4426
9caf
b6bb
32a0
e7b2
1de8
dfed
d4e7
7521
1739
3078
e0ce
f20f
be00
d533
c5c5
2a86
392b
e421
57f5
173f
f730
7df2
d4a7
f43e
fcd1
d173
42b4
7647
d14a
c045
321b
49fb
7a9e
8b0d
950e
d5ab
ba39
3a8b
4918
14e3
45f5
c4f6
2ab8
8f89
60e9
14de
6ec9
8da0
c435
100f
f6c1
acdd
0a65
379c
7437
a822
b1e8
a3d3
377d
0450
a564
9514
813b
97f8
f9f1
087a
6ad2
84d4
64ec
8a15
c822
c0e6
404e
3d3c
df03
421c
665b
3a0c
eb37
96fa
edb8
860e
9f29
a816
e6fd
37fa
e936
08e2
01ca
843a
e3e7
7d03
1f80
025c
9032
59f1
b4bd
33c9
83c2
6624
5b4d
3a9b
19ee
5242
be3e
05a8
c270
9871
a012
88d2
24e3
cdb4
08d9
1880
bede
f766
610a
8f5e
78da
7ad7
8b09
a793
edd8
826c
2f37
71d2
6142
c7fe
a2b4
2e28
a8d7
8ec1
6db2
02f4
cae8
049f
716e
2e0a
557b
6eff
dbe2
454f
4a31
1680
0884
4b5a
469a
c858
289b
c8d5
1ce3
a62e
a130
2ed3
314c
f9f9
3a13
bd61
2841
2e44
7496
846b
f4d7
4f5c
aa91
0db8
d992
77f4
860b
dcb8
389f
38e4
fdb3
1821
5044
8f5a
c274
db61
d86a
86fe
4e5e
fd83
7a9a
51ad
6586
bc07
50e0
3448
e718
a619
36f5
dbc4
8173
edb5
0742
601f
2c79
f96b
ff43
d40f
5a0c
ff84
1abe
c377
6185
1e1f
c6c6
c825
9f00
ca61
783e
1fc2
ca76
27a3
a970
d056
c4cf
6f65
8879
d53b
0dad
c516
ed30
4d03
e1f3
8794
f0bd
06ac
ba10
6ab6
b184
0421
a2d9
d053
f365
640d
f38f
ee91
b04d
6434
0e20
f0c1
853b
8a7e
8e77
61ed
d793
0cf3
e5b3
e598
3dbf
6a71
1de2
abb8
0605
ab3b
49b2
0d4f
64f0
92b8
2231
4eb1
3d64
b270
3203
b00a
c83e
cd18
f0d4
2bd0
376b
0217
a69b
0306
531d
fd4c
a438
0ffb
7ba9
6453
8305
af2b
5d4e
bb8a
1b29
4b09
5a71
eb99
3fea
1023
4d5d
472d
9dce
c17c
42e6
db8a
8f14
c943
0f01
9209
78a7
9910
7966
d56c
235f
eb59
e2f1
93cc
10e7
3c09
09b2
ef62
b6ce
fbef
b859
f042
bc3f
f9b8
0b8b
28ed
fcdd
8a27
dfe2
2eca
555c
0190
f732
2055
e599
bec5
fec3
beb0
ff45
eb05
817f
74af
99e7
ede3
fd8e
c0b3
035c
ed71
4ca4
7414
dd0f
bc27
de43
62bf
df55
4f95
1778
9b6d
b357
fb0d
dde2
5ba5
5c4e
9470
0b39
4106
3f3b
e320
b8e3
89fc
0999
02f1
a214
fae0
fb2a
a460
0d86
27b7
1cee
925a
a5a9
d15a
a0df
934a
0caa
7c80
51cd
1953
f00b
607e
dbe1
c829
96cf
3da8
cb4a
26b0
5fb4
1ea9
686c
7e1c
b51f
43a7
1cff
6f43
b637
19e7
5677
af84
3a65
aaa6
689a
749f
6a85
e10e
0069
8112
4f29
27a2
52d9
73fc
945c
c398
2568
87fe
36fa
c4cc
1c8c
5eef
1a6f
228d
9b0d
c0ec
a7a3
8d2f
fa72
6d87
b01a
2057
b473
f857
4b82
d291
1370
a43e
5e2b
af84
21a3
8647
e80d
88da
4f12
b01a
11dd
26b4
b747
ed69
579c
a6ed
c015
8bd8
f838
4d4a
9edc
3ee6
1e44
fb7b
de20
60ad
5260
57df
a7cb
29c3
843c
3760
8521
8e02
3353
bb2f
aef2
4af1
c8c6
08cb
6867
2cb3
84ef
1899
2353
f5e5
f59b
ec2f
6da6
0e09
9838
9f05
0d50
7359
435f
0676
ad58
83ae
da39
f81a
24e1
a5a0
b62c
6ab4
2ad7
e703
2059
8237
e5e0
4e13
80f8
069f
2997
15ab
3377
85bc
3bf5
48fc
5d3f
3a44
2a77
be28
b666
da98
2daa
34f8
82d5
04b5
e34c
abdf
be15
0fa8
ea35
38c4
7061
7571
4892
b95f
d79a
4924
021f
6184
50b2
5649
5117
5c5c
f398
43e0
9ef1
e2eb
fc9b
52de
f96e
b413
4c0f
4648
af86
5d2d
bb81
c862
4ae4
e9fa
7acd
898c
02f2
0024
028d
d6f4
bf03
29c8
cab0
c105
f638
4cf7
6fe7
e523
4fcc
fcc6
95f0
f6bd
3315
6475
a255
7857
f231
2810
a5d9
db37
3327
ca3c
5431
b0d5
f22b
5186
427e
dca5
2bb8
eac6
14f8
0175
f7db
a7bc
01c9
2159
c4b2
80bb
f43e
1489
d562
4464
4c3e
5071
5f8f
7903
b69b
c977
d099
444a
a35f
32f7
bc1c
3c77
fb26
6a04
8167
28af
0a74
a18c
1fd5
ab88
3596
7ec0
1c79
ef0f
0ebf
28ac
d3d0
5999
6d14
20dc
bbd6
6b74
2326
37f7
f840
23cc
47e6
1e3a
5ab4
5762
ad1e
21d8
337a
07f3
9eac
3d58
4fd4
551a
6b99
31cf
71c6
50c2
34c2
048c
f285
1514
cc88
3a06
20a0
c42e
d166
d9c7
41a7
b730
0e98
7dda
7849
cbdb
3937
1e36
732c
a2ce
094a
a2b3
b011
7fa2
415f
8d4c
2922
f747
6a42
91fd
91f9
2458
90f0
b5a1
532a
760a
0096
d689
d4c4
0684
b5b9
5474
c82e
e77d
822d
033b
936e
f9da
fb1e
afda
0610
6b94
9b44
1db9
7975
7cce
4264
336f
713b
5c3e
7d75
b630
332d
7f78
1edf
5f3d
b98b
15a6
110f
b58a
918b
592c
9fe8
69ba
e2b5
9b11
f861
dc5d
3293
7b22
8179
6c7f
f005
cbf8
d383
95b4
4659
57e4
773d
3598
bf85
b7e3
b853
e4f6
65c1
e6e4
ad49
932d
b538
c4d4
ca8f
1fc3
51ea
52c4
2882
c50f
1b95
4afb
7b2a
45b7
d7c8
5569
8208
4912
8d0a
a9c1
f6c2
527c
1fc4
c509
2f10
0c76
3c87
6437
63a6
131c
d86e
9e8b
413f
2d14
dd7d
5e9e
6c5e
10dd
4790
6632
57b1
01fc
0836
d7d3
6377
b3ba
b53e
c3e2
ae3a
1b6c
f8aa
2d38
e87f
b751
80fb
2c6c
dca4
1f44
738b
89fe
ca61
975f
cce5
c8a7
798e
a6e8
a681
5a4b
283d
d450
f48b
6b5c
dff1
5777
34de
c84a
a3ff
58f4
2526
957c
8d5e
0a25
268e
d7ff
c043
485e
3db7
5829
a09a
5188
9481
78ff
ad02
800c
224e
3f25
9131
fa51
3c42
c847
4141
2a04
bf1b
4b99
ffd0
5f16
87de
64a1
da7a
b7de
040e
6662
a3da
9257
167f
11e2
57e0
e9e0
994b
cce7
bb65
3c9d
94f0
a9d9
b9a2
6e9c
2334
751d
29ec
2a1a
84f6
b09c
560e
6748
0689
9117
dca2
bfab
9ecd
c501
b786
707f
bbe7
3920
4e91
b6b6
a9b0
652c
e560
488e
d056
5935
b14f
863e
a8c1
16d6
9d9f
30ae
c52c
22f7
0863
bff1
07dd
a5cd
8d44
658e
02de
94f7
7bb1
1818
8fe0
c342
cbe7
1706
8acc
7034
36c4
7128
da54
d3ad
7b49
249b
f68c
46f2
939b
88dd
135f
a6ca
11e8
0e5f
dc80
7415
7c24
91a0
d56f
999d
5a43
b5c3
cc54
0629
1114
85f2
5f46
043e
4088
c82a
3b2c
fcb4
c0bd
e742
9451
b6ff
3de3
faa1
1333
81c5
da30
0735
9ece
008c
5cb7
b455
660f
d8b5
80ab
e4e2
d822
b2ed
8109
807f
8d52
22ec
452f
e120
0d94
23e3
405a
e9ee
c3a9
d019
f356
fb58
6858
777a
8ab5
3658
1eb4
3aab
90c6
8ce8
3fda
ab05
a124
fff5
2637
d9c0
9b76
d0dc
550a
68db
4504
d036
e3f1
226e
1af4
11ef
5c73
365a
5dc8
a64f
90e9
e928
cb23
f895
3854
e88a
e001
f21b
b62e
1f54
46ca
ab54
2ad1
db7a
0064
0008
0060
00ff
0002
0002
0040
0004
0040
ffff
0030
0100
ffff
0002
012c
7fff
0040
0101
0004
0004
0101
7fff
ff01
0101
7fff
0030
ff01
ff01
ff01
8000
0064
0002
0010
0001
7fff
0008
0101
7fff
0030
0002
012c
0064
012c
fffe
8000
0064
8000
8000
0060
0001
7fff
0040
0004
0008
0101
0010
012c
7fff
0030
012c
0030
ff00
8000
ffff
0008
0038
8000
0028
012c
7fff
0100
0060
0008
0002
0040
0030
0001
0028
0004
0002
0038
0100
0064
0028
0010
0100
0040
0002
0100
0002
00ff
012c
0001
ff00
0002
0030
012c
ff00
ff00
0101
ffff
0038
0004
0002
0064
0028
ff01
0028
0030
ff00
0064
0004
0040
012c
0028
0028
0028
00ff
0028
0038
8000
ffff
0038
ff01
0010
0040
0100
7fff
0002
7fff
7fff
0010
0001
0100
ff00
ff01
0064
0038
0004
0010
0101
0010
0010
8000
0028
0064
0060
0101
0040
0060
0001
012c
0030
0060
0030
012c
0100
ffff
0038
0064
0030
012c
0028
ffff
0030
8000
0010
0002
7fff
8000
0101
0040
0028
0002
8000
0030
0028
0040
0064
fffe
012c
0004
0101
0038
0002
0101
0002
0064
fffe
012c
8000
8000
0064
0060
0030
00ff
0040
0002
0001
0008
0030
0101
0038
7fff
0101
0001
7fff
0004
0040
0101
0100
0028
fffe
0040
0064
7fff
0010
0060
0030
0060
012c
0004
012c
0004
7fff
00ff
0040
8000
0038
ffff
0008
0030
ff01
ff01
0060
0001
0038
ff01
0008
0002
0001
0030
0008
0010
0030
0060
ff00
0028
0060
012c
ff00
7fff
012c
0040
0002
0040
0101
0038
0040
0038
0002
0100
0002
0002
7fff
7fff
00ff
ffff
0004
0002
7fff
fffe
fffe
012c
fffe
0010
0040
0064
0002
0028
0064
0060
0064
8000
0002
ff01
0001
0001
0060
ff01
0038
0010
0064
0060
012c
ff00
0038
ffff
ff01
8000
0010
0064
00ff
0001
0008
0010
fffe
ff00
0004
0008
8000
0028
fffe
0064
ff01
0030
00ff
0028
0008
0030
0040
00ff
7fff
ff00
0038
ff00
0038
fffe
0010
00ff
0064
0064
0101
0002
0040
0030
0038
0001
0100
7fff
0030
ff00
0028
012c
0028
0008
0040
0008
ff00
0060
0004
ff01
0100
00ff
0010
0040
0004
0101
ffff
00ff
0008
012c
0030
00ff
0060
0001
0064
fffe
ff00
0064
0101
0060
0030
00ff
0002
ffff
ff00
0030
00ff
012c
0010
fffe
0040
ff01
0038
ffff
0030
8000
0030
0064
ff01
ffff
00ff
0064
ff01
0008
0100
fffe
0010
0008
8000
0028
0002
0030
0101
0008
00ff
0001
00ff
0100
8000
0004
012c
0040
fffe
0100
0040
0004
7fff
7fff
ff01
0010
ffff
ff01
0040
ff01
0004
0028
0002
0002
0008
0008
8000
0040
00ff
0101
ffff
ff01
ff01
8000
ff00
7fff
fffe
ff01
0101
0040
0010
0101
0060
0064
0002
0008
8000
7fff
00ff
00ff
00ff
fffe
0038
0030
ff01
0002
0040
0030
0101
ff00
012c
0010
0008
fffe
ff00
0028
0008
fffe
0028
0040
0008
0100
8000
0064
fffe
ffff
00ff
0064
0100
ff01
ffff
0002
012c
0038
8000
ff01
00ff
ffff
fffe
012c
0001
0010
0002
0008
0004
0028
0002
0028
7fff
0010
0038
0010
0002
0064
0004
0010
0040
ffff
012c
0040
00ff
0064
0008
ffff
0030
0040
ff01
0001
0008
0010
0001
7fff
0004
8000
0060
0101
0040
0028
7fff
0028
0101
0004
fffe
ff01
0064
ffff
0100
0030
ff01
0004
0100
0008
0101
0004
ffff
0064
0101
0101
ff00
00ff
0040
0064
fffe
0001
8000
ff01
0100
0040
0028
0038
0008
fffe
fffe
ff00
8000
0064
0101
0028
0030
ff00
0028
0004
0028
ff00
00ff
ff00
ff00
8000
0002
00ff
ffff
0030
012c
8000
0010
0004
0002
012c
0030
0101
0001
7fff
7fff
0060
0101
ffff
0038
0040
ffff
0101
0030
012c
fffe
0060
0101
0030
ff00
8000
fffe
0030
8000
ff01
0060
012c
0004
0064
0038
0060
0001
0030
0030
0064
00ff
0040
0010
0038
0030
0030
0028
0060
0010
0040
fffe
0101
fffe
0002
0101
0030
0028
0001
0004
ff01
0064
fffe
0001
0101
0002
012c
0060
ff00
0101
0010
0100
ff00
0008
0008
012c
7fff
0040
8000
0010
0002
0101
0001
0030
0001
fffe
0028
ff01
7fff
0064
0010
0028
0101
ffff
ffff
0004
0040
0004
0060
0008
ffff
0040
0028
0004
0002
7fff
012c
ff00
ffff
ffff
00ff
0028
ff00
0100
0100
fffe
0028
00ff
0030
ff00
0100
0040
fffe
0001
0028
0100
0028
0002
0001
00ff
00ff
00ff
0004
0010
0002
0008
0030
ffff
0010
0040
00ff
0010
0038
0101
8000
ff00
0004
012c
8000
ff00
ffff
0002
0060
7fff
0002
0002
0028
0060
0101
ffff
0008
0100
012c
0101
0002
0060
0101
7fff
00ff
8000
0028
ffff
0060
00ff
0060
012c
ff01
0010
012c
0038
0101
0040
0028
ff00
00ff
ffff
8000
ffff
ffff
012c
0040
0064
0004
0100
00ff
0064
ffff
012c
ff01
0040
7fff
ff00
0004
0064
0030
ff00
0030
0028
0038
0060
ff00
0028
ff01
0101
0060
0100
0064
012c
0100
0030
8000
0100
0002
0010
0028
0100
0010
0064
0040
ff01
0101
00ff
0101
7fff
0060
ffff
0010
fffe
0101
0004
0101
0001
0008
ff00
0101
ff01
fffe
0001
00ff
0064
0028
012c
0064
ff01
8000
ff00
fffe
0002
0100
0064
0008
8000
00ff
012c
00ff
0101
0004
ffff
0002
ffff
ff00
ffff
ff01
0030
0038
0040
0064
012c
0030
0064
0028
0001
ffff
0030
0101
0030
8000
ffff
fffe
00ff
012c
0028
ff01
0010
0001
0028
0038
0100
8000
0002
012c
ffff
0040
ffff
8000
0028
0038
0004
0040
0001
012c
0002
ff00
0001
8000
0040
7fff
0002
0002
0064
012c
0001
ffff
0040
00ff
0004
00ff
7fff
0060
7fff
7fff
0008
0060
0002
ff00
0100
0060
0001
fffe
0038
ffff
0060
0030
00ff
ffff
0038
ff01
fffe
0040
fffe
fffe
8000
ff01
0101
ff00
7fff
0101
8000
00ff
00ff
0064
0008
ff00
ff01
fffe
0028
012c
0008
0028
0010
0002
0038
ff01
8000
0101
fffe
0101
0064
0038
0008
0004
0010
0040
0030
ffff
0004
0040
012c
0004
fffe
0001
0064
0064
0064
ffff
0010
7fff
00ff
0028
0008
0002
ff00
0008
ffff
0028
ff00
fffe
0010
012c
00ff
00ff
7fff
012c
0064
0010
0060
0101
0100
0040
0008
0038
ff00
0064
0060
0040
ff00
0101
0002
00ff
0040
00ff
0030
7fff
00ff
012c
ff01
ff00
00ff
00ff
0100
0004
0038
ff00
012c
0010
0040
0038
0040
0064
0008
ff00
ff01
0010
0038
ffff
0010
0038
00ff
7fff
7fff
0030
ff00
ffff
0008
ff01
00ff
0060
0004
00ff
0040
012c
7fff
0028
0100
7fff
012c
0010
0038
0060
0004
0064
ff01
00ff
ffff
00ff
0028
012c
0008
0040
0002
ffff
00ff
8000
00ff
012c
0008
0001
0010
ffff
0030
0038
0060
012c
ff00
0038
8000
0028
0001
0028
ffff
0100
ff00
0001
0028
ff01
0064
0030
ff00
fffe
0002
0010
fffe
ff00
012c
0028
fffe
012c
fffe
0038
012c
0002
ffff
00ff
0060
0038
0001
0028
0038
0010
0038
0001
0030
8000
0008
0030
0040
0040
ffff
7fff
012c
00ff
8000
0030
0028
0008
ffff
8000
012c
ffff
0100
ffff
ff00
00ff
0001
ffff
0038
0100
ff00
0100
0008
0038
0038
8000
0030
0101
8000
00ff
0030
0030
ff01
0002
0010
0064
0010
0008
8000
0060
fffe
0004
0002
fffe
7fff
0030
ff00
00ff
0028
0004
0004
0060
ff01
0010
00ff
ffff
0004
00ff
ff00
0028
0100
0004
0040
0060
0100
0100
0002
7fff
0060
0004
ff00
0028
7fff
ff00
012c
0002
0040
7fff
0101
7fff
ff01
0028
ffff
0040
0038
0008
0004
0064
fffe
0030
00ff
0030
0064
0040
ffff
0101
0002
012c
ff00
0001
0060
fffe
0101
0038
0028
8000
0004
0002
8000
0040
0002
0040
0028
0064
0001
0038
7fff
ff00
0030
0100
0060
ff01
0002
0101
0004
8000
012c
0060
0064
0002
fffe
0064
7fff
0004
ff00
0002
012c
0028
00ff
00ff
0060
0008
0030
ff01
7fff
ffff
0030
0010
0010
fffe
0004
0040
0002
0030
0060
ffff
0064
00ff
0010
ff00
0064
0060
0030
8000
012c
0100
fffe
0100
8000
0008
8000
0030
0028
7fff
0060
0038
ff01
012c
0004
0008
0028
012c
7fff
0010
0038
0060
0040
00ff
ff00
0028
ffff
0038
0100
0030
0040
0038
0030
ff01
0064
ff01
ff01
0008
fffe
ff01
0008
0028
0004
0060
0100
ffff
0060
012c
ffff
fffe
0100
ff01
0010
0002
8000
012c
0060
0010
0100
0038
0010
0004
fffe
012c
0030
0010
8000
8000
ff00
00ff
0060
0002
0010
8000
ff01
0064
0028
0060
fffe
0001
0060
0010
0028
0060
0101
ff01
012c
8000
0100
7fff
7fff
fffe
0008
ff01
8000
0060
0001
0002
ff00
0004
7fff
fffe
0100
00ff
0001
fffe
0038
0100
8000
ffff
ff00
ff00
0100
fffe
0010
7fff
0100
0010
ff01
0100
0064
0002
0002
0040
0002
0010
0100
0001
0038
0002
0004
00ff
0028
0004
ffff
fffe
0010
ff00
0002
0008
0028
ff01
0100
0101
012c
0002
0028
0002
ff01
0001
ff01
0004
0008
0030
012c
00ff
012c
0038
7fff
012c
0064
0040
0040
ff00
7fff
0004
0038
0028
0010
0040
fffe
0030
0101
0064
ff00
ff01
0002
0028
ffff
0002
0001
ff01
00ff
ffff
ff01
0004
0060
0010
0004
0030
fffe
0001
0001
0060
0100
0100
ffff
0030
012c
8000
0101
ff01
0060
7fff
012c
0010
0100
ff00
fffe
0100
ff00
0028
0064
0010
0038
0004
0004
0100
0008
0101
00ff
0064
8000
0040
ffff
8000
0101
0060
0101
0001
00ff
0002
0002
0002
0030
7fff
0008
0008
0064
0004
ff01
0008
0001
8000
0060
0030
0064
7fff
ff01
ff00
012c
0038
0004
0030
ff01
00ff
ff00
0001
0004
0101
0060
0030
0064
8000
fffe
0030
0064
0004
0028
0004
0008
7fff
0030
0001
0001
0038
ff00
7fff
0008
0004
0008
0028
ff01
00ff
0008
ff01
0001
0002
7fff
0038
8000
0040
fffe
ffff
8000
ff00
ffff
fffe
ffff
0030
0004
0004
7fff
7fff
7fff
0101
ffff
0002
ff00
0004
0008
0101
0002
0028
0040
0060
0100
0060
0100
8000
0002
0101
8000
0030
0002
00ff
0004
7fff
0040
012c
0004
0100
ff01
ffff
ff01
0010
0038
0038
0030
8000
8000
0100
0008
ff00
0028
0030
0008
0038
0038
0038
0010
fffe
ffff
0010
0008
0001
0100
0008
0101
0008
8000
00ff
ff01
0010
0028
ff01
7fff
0030
0100
0040
0008
8000
0004
0008
0008
0001
0040
0064
0028
0100
0001
0010
0008
0028
0002
0038
0101
0008
8000
8000
0060
0100
0064
0100
012c
ff01
0040
8000
0038
0008
0030
ffff
0030
0038
0010
0100
ffff
0010
0002
7fff
00ff
8000
0001
8000
ff00
0060
00ff
0064
0100
0060
0030
7fff
0030
ffff
0101
0002
0028
0040
0028
fffe
0002
ff00
ff00
0038
0101
0030
00ff
012c
0038
7fff
0064
0100
00ff
0064
0100
0002
0064
0060
0030
fffe
7fff
8000
0001
ffff
0064
0101
ffff
012c
0040
ff01
00ff
012c
0010
0060
0040
fffe
0008
0028
fffe
0008
ff01
012c
00ff
0028
0010
0004
ffff
ff01
00ff
ff01
0040
0060
ff00
0004
ffff
0004
0101
ff00
fffe
0008
0030
0040
8000
8000
0004
0100
0064
ff01
012c
ff01
0002
0008
0008
00ff
00ff
0030
0040
7fff
0030
0040
fffe
ff00
0010
00ff
0002
ff01
00ff
0101
0100
0040
0010
0008
0004
8000
012c
0001
0064
012c
ff00
0100
0101
00ff
0030
ff00
0040
0028
7fff
ff01
0060
8000
0040
ff01
0100
00ff
7fff
fffe
00ff
ff00
fffe
00ff
0100
0064
0008
0100
ffff
0028
0001
fffe
0060
ff00
0030
ffff
0040
0038
ff00
ff00
0010
8000
7fff
ffff
0028
0060
0064
0040
7fff
fffe
0001
0040
0038
012c
ffff
0101
ffff
012c
0100
0101
012c
fffe
00ff
0030
0040
0030
0030
0008
00ff
0040
0064
0008
012c
0010
0001
7fff
0100
0030
8000
fffe
0008
0060
0004
0010
00ff
0030
7fff
fffe
0064
0004
ff00
0002
0002
0100
0028
00ff
0030
0001
0030
ff00
0060
00ff
ffff
0040
0028
0101
0028
0038
7fff
fffe
0004
0040
8000
0008
0064
0002
8000
ff00
8000
fffe
0040
0038
0100
ff01
012c
8000
0040
7fff
0010
0100
0002
0040
0010
0030
0028
8000
0060
ff00
ff00
012c
ff00
012c
ff00
0004
0002
7fff
ff01
0010
012c
7fff
0040
ff01
0001
0001
00ff
0028
fffe
0040
0064
0100
0002
0001
ff00
0100
012c
0040
8000
0004
0004
0030
0101
0030
0008
0001
0100
0064
0002
00ff
0040
0008
0008
ffff
ff00
0038
0010
0010
0040
0008
0030
012c
0038
ff00
8000
0004
0004
0002
fffe
0040
0038
0028
ff00
0100
ff01
00ff
0002
0008
0028
0004
0101
fffe
0004
00ff
8000
0028
8000
0101
7fff
7fff
8000
ff01
0004
fffe
0002
0038
0060
0004
0040
0064
ff01
ffff
fffe
0004
7fff
012c
0064
0002
0001
fffe
8000
012c
ff00
00ff
0002
ff00
7fff
0060
0064
0002
0040
0040
0001
0064
00ff
012c
7fff
0010
012c
0101
0002
0040
8000
0028
7fff
0100
0100
0030
0038
8000
fffe
0001
7fff
0040
0101
0008
0001
0008
0001
00ff
0030
0001
0010
0040
0100
0040
0060
0001
0030
0001
fffe
0101
7fff
0028
ffff
0038
ff00
0040
fffe
00ff
0100
0008
0060
0064
0002
ff00
0008
0010
ffff
7fff
012c
0038
00ff
0002
ffff
0100
0004
ffff
7fff
0038
8000
0008
0030
0010
fffe
0100
0060
0004
0060
0100
ffff
0030
ff00
0064
0001
0010
8000
0010
012c
0001
0040
ff01
00ff
0064
012c
0028
0101
0001
0004
0001
7fff
7fff
0040
ff00
0101
0038
8000
0060
0040
7fff
0101
0040
0101
0038
7fff
0064
7fff
012c
0064
00ff
0038
ffff
7fff
ff01
ff00
0038
012c
7fff
7fff
0030
0100
012c
0010
00ff
0002
8000
00ff
0040
0060
0002
0030
0001
0002
7fff
8000
0100
0010
0040
00ff
0101
0010
8000
0060
fffe
0101
ffff
0064
0040
7fff
0064
00ff
0030
0064
0008
012c
0101
0004
0060
0030
0002
00ff
0038
ff01
0100
0028
fffe
fffe
012c
ff01
00ff
0028
0010
0100
0040
ff01
0064
0040
8000
0010
0040
0064
ffff
7fff
00ff
8000
ff01
0030
0060
fffe
00ff
012c
0101
8000
fffe
00ff
0101
0004
0028
0004
0008
ffff
8000
0004
0010
0010
0064
7fff
0040
ff01
012c
00ff
0004
0040
0038
0004
0030
8000
0040
0008
8000
ff00
ff01
0038
0038
0060
0060
0040
0064
00ff
ff00
00ff
0001
0060
8000
0010
0001
fffe
0001
0030
0030
0038
0101
ff00
012c
012c
0001
0040
00ff
0040
0101
0100
0002
fffe
0040
0060
ffff
0040
0064
0028
0064
8000
0100
8000
0040
8000
0030
7fff
8000
0100
ff00
0100
ffff
0060
0002
0008
0040
0060
0038
0001
0040
0030
012c
00ff
0004
0010
0100
0100
ffff
0030
0101
0008
0101
ff01
0101
0030
ff01
00ff
0010
8000
0010
0008
0028
0038
0060
0010
ffff
0030
0004
0060
0064
0100
012c
0010
0040
012c
0038
ff00
012c
0028
0028
00ff
7fff
0004
0038
0004
0004
fffe
0028
0060
0004
0040
0064
0101
0030
0004
0101
0100
7fff
00ff
ff00
0100
7fff
ff00
0002
ff00
00ff
0004
0028
8000
0040
0030
0040
0028
0060
ffff
0004
0064
fffe
0004
0030
0038
0004
0002
0040
0002
0028
0002
0030
0060
0028
0010
0030
0001
0064
fffe
7fff
0002
ff01
0004
0030
0008
012c
ff01
012c
012c
8000
0010
0038
7fff
012c
0002
0064
0002
0040
ff00
012c
0040
0010
0030
0064
0010
012c
0010
0040
0101
8000
fffe
ff00
0060
7fff
0030
0008
8000
8000
0101
ff01
0010
ffff
0010
00ff
0101
ff00
0040
ff01
0002
0064
0001
00ff
0010
0038
fffe
7fff
8000
0030
ff01
0038
0100
0100
0004
0040
8000
0100
0001
ffff
8000
fffe
7fff
ffff
00ff
0101
00ff
0101
0010
0101
0101
00ff
8000
00ff
00ff
012c
0030
0064
ffff
0038
0101
0010
8000
7fff
ffff
0001
0040
0038
0064
0060
0004
8000
0101
0100
ffff
ff01
0100
0040
fffe
00ff
0001
0004
fffe
8000
fffe
0038
0064
ff01
0030
0100
ff00
0001
ffff
8000
00ff
0060
0040
012c
0100
ff00
8000
8000
0064
0004
8000
ffff
0030
0101
8000
8000
0010
0001
0064
0008
0101
ff00
0038
0040
00ff
0038
ff00
0028
0060
7fff
ff01
8000
8000
0004
0002
0101
ff01
0010
ffff
0038
0028
0101
0100
0038
8000
0064
8000
fffe
0064
0064
0100
0038
ff00
0004
0100
0004
0004
0008
0004
0030
0040
ff01
0010
ff01
0030
00ff
fffe
7fff
0064
7fff
0002
0100
0064
0002
ff01
7fff
0101
0004
0101
00ff
0008
7fff
0008
0064
8000
00ff
0040
012c
012c
00ff
0004
0038
012c
8000
0040
0100
0040
0060
0030
ff00
ffff
0060
ff01
0100
ffff
fffe
0004
012c
0004
0100
8000
0100
0002
0038
0030
0101
0101
0030
0028
0101
0100
ff01
0064
012c
7fff
ff00
8000
7fff
7fff
0060
0064
012c
8000
0028
0030
0030
7fff
0040
0002
0100
8000
0030
ff01
ff01
012c
0008
0064
0001
0028
fffe
0008
0028
fffe
0004
0064
0038
0100
0028
0030
ff00
ffff
0002
0030
0001
0040
00ff
00ff
0004
ff00
0100
012c
0038
0028
0004
ff00
00ff
0008
0001
0030
0008
00ff
00ff
0001
0001
0101
0002
0064
0001
00ff
0064
0001
0001
00ff
0038
7fff
0040
ff01
ffff
ff01
0002
ffff
0028
0038
ffff
0001
0002
fffe
0004
0064
0002
00ff
012c
0060
7fff
ff01
00ff
00ff
0030
ffff
0060
0001
7fff
0101
fffe
0010
ff00
0040
0010
fffe
0004
0038
0010
0001
0030
0038
ffff
ffff
012c
ff01
ff00
ff01
0002
0030
ff00
0060
00ff
ff00
0030
0001
0002
7fff
ffff
0060
8000
0030
0010
7fff
0008
0004
0002
0064
0101
0008
ffff
0030
0064
012c
8000
fffe
0100
ff00
00ff
0060
0002
0040
012c
012c
0060
ffff
0100
0100
0028
fffe
0004
0028
ff00
0004
fffe
0038
0040
7fff
0028
ffff
0002
0030
ff01
ff01
8000
8000
0038
0100
0038
0004
0038
ff00
012c
0060
0004
ff01
7fff
0002
fffe
fffe
0064
ffff
0010
8000
8000
ff01
0028
0038
0002
0060
0001
ffff
0064
0001
ff01
0010
ff01
ff00
0038
0002
0064
0001
0101
0010
0028
0038
7fff
0010
0040
ffff
0100
0028
0001
0002
0028
0008
0010
0002
012c
ffff
0064
0028
0028
0004
0001
012c
0101
0010
0100
00ff
fffe
0010
ff01
0001
0001
ff00
fffe
0004
0060
ff00
0008
8000
7fff
7fff
7fff
0001
0064
0060
ff00
ff01
7fff
0064
0008
0038
fffe
ffff
0064
0002
0002
ffff
0004
0060
0100
0008
0064
0030
012c
ff00
0001
0100
00ff
8000
7fff
0008
012c
0028
0028
8000
0028
0064
0038
0030
0004
0004
0008
0038
0030
0064
fffe
0010
0030
0008
0060
0004
ff01
ffff
0064
fffe
0040
fffe
0060
00ff
0002
0010
ff00
ff00
0100
0040
0001
ff01
0060
0100
0028
7fff
0040
0038
fffe
0064
fffe
ffff
0064
fffe
7fff
ff00
0008
0030
0010
0002
ffff
ff00
0060
0004
ff00
7fff
0060
0004
0028
0008
7fff
ffff
0038
0008
012c
0038
fffe
0100
0101
8000
0101
ff00
ffff
ff01
ff01
0040
0008
0001
ff00
0010
0001
ffff
0004
ff00
0028
0030
0004
0060
00ff
ffff
0004
0010
0101
fffe
ffff
0101
0028
7fff
0010
0030
0060
ffff
0008
012c
0002
0064
0001
0010
0004
0002
0028
0028
00ff
0028
0004
0004
0004
0002
0001
0060
ff00
0002
00ff
00ff
ff01
0064
0008
0038
012c
ffff
fffe
0101
00ff
0064
0038
0028
ffff
0001
0001
ff00
0030
fffe
0100
0101
ff00
7fff
0028
0004
8000
0002
7fff
0028
0008
0100
0028
0028
0004
ff00
ffff
0040
012c
0028
7fff
00ff
0101
012c
0064
0010
0008
0100
8000
fffe
0002
0100
0004
0038
0001
fffe
0101
0038
fffe
fffe
0028
7fff
0060
ffff
00ff
8000
0002
0101
ff00
0100
8000
0008
0100
0100
0040
ff00
0001
0008
0001
0064
ffff
0038
0060
0040
012c
0030
0040
0010
ff01
0040
0028
0010
0010
0101
ff00
0001
ffff
0030
0060
00ff
0010
0060
0100
0064
0040
0008
0002
00ff
0028
00ff
0028
0038
ffff
0064
0001
0030
0002
fffe
0004
0001
7fff
0008
0030
0028
0002
0100
7fff
ff01
0040
012c
fffe
0001
0038
0038
0008
00ff
0064
0060
0064
012c
0038
0100
0004
0060
fffe
0101
0030
ff00
012c
ffff
ffff
0038
0064
fffe
8000
0002
0030
ff01
0101
00ff
00ff
0004
0010
0002
0030
0010
0060
0004
0064
0100
0100
0004
0004
012c
0001
0038
ff00
0038
0038
00ff
7fff
ffff
0010
0060
ff01
00ff
0001
0101
0004
ff01
0004
012c
7fff
0064
0101
012c
00ff
fffe
0010
7fff
0101
0060
0060
ff01
fffe
fffe
012c
ff00
0038
012c
00ff
ffff
0064
0060
0064
0008
fffe
0030
0038
ff01
0010
0064
0001
00ff
0064
012c
ff00
0101
0001
012c
0002
0004
0004
0030
012c
0101
0030
8000
ff00
0004
0010
0064
0101
0030
0002
7fff
0040
0008
0030
0060
0100
00ff
ff00
0060
0028
0064
0064
0100
0028
0060
0064
fffe
ff01
0028
ffff
0060
8000
0040
0101
7fff
012c
0038
0100
fffe
0001
ff01
0101
ff00
ff00
0001
0040
0040
fffe
0010
ff01
0010
00ff
ff01
7fff
0040
0100
8000
0101
00ff
ffff
7fff
0030
0060
012c
ff00
012c
0101
0028
ff00
0040
ffff
00ff
0008
012c
0028
0100
0004
0002
0001
0030
0060
0040
0100
00ff
00ff
0060
0040
0030
ff00
7fff
0101
ffff
0004
ff01
00ff
0060
8000
0008
0030
0001
0004
0001
0038
0001
012c
0001
0002
0030
00ff
012c
0001
fffe
0064
0004
0064
0040
8000
8000
0100
fffe
7fff
ff00
7fff
0004
0064
fffe
0064
0010
00ff
0040
00ff
012c
fffe
0001
ffff
0010
0010
0038
0004
0100
0040
0002
0100
0001
0064
0002
0030
0028
0030
0002
0002
0008
ff00
012c
0064
ff01
0004
012c
00ff
8000
0004
0064
0028
fffe
ff00
ff00
0064
00ff
ffff
0030
ff01
8000
0030
8000
fffe
0001
0040
0028
0040
ff01
0004
ff00
0001
0004
0101
0030
0100
0010
8000
0002
0028
0010
0010
0001
0028
0001
0004
0100
fffe
ff00
0010
0100
8000
8000
0002
0010
0001
0040
0030
0040
0008
0030
0064
00ff
fffe
7fff
8000
0008
0064
fffe
0008
00ff
0040
0010
00ff
0060
00ff
ff01
0038
ff00
0030
0060
0008
0008
ffff
0030
8000
0064
ff01
fffe
ffff
0008
0101
0038
8000
7fff
0002
0064
0002
0002
0002
0004
0038
ff00
0064
0030
0001
0004
012c
0101
012c
fffe
ff00
0028
ff00
0004
00ff
0008
0100
ffff
0002
fffe
0064
00ff
0101
ff01
7fff
00ff
0010
0038
0030
012c
0038
0030
0038
7fff
fffe
0028
0030
0028
0004
0038
ff01
ff01
ff00
0030
0101
0060
0064
0028
0004
0064
0064
0040
0002
0060
8000
0028
0008
012c
8000
ff00
0060
0040
ff00
00ff
0060
0028
0028
0030
7fff
0101
0001
0100
0040
0010
0001
0060
0100
7fff
ff01
ff00
0004
0064
0008
0060
0004
0001
0100
fffe
ff00
ff00
8000
8000
0010
fffe
00ff
fffe
8000
ff01
0060
012c
0002
0010
0101
0004
ff01
012c
00ff
0100
00ff
012c
0001
0001
0040
ffff
0028
0004
0060
0002
0064
ffff
8000
0040
0064
0064
ff01
fffe
0028
00ff
0060
0030
0002
00ff
0040
7fff
0001
0002
0028
8000
0010
ffff
ffff
00ff
ffff
0002
0038
0100
fffe
0040
0008
0064
8000
8000
0060
012c
0028
0100
0010
ffff
0030
0008
ffff
012c
8000
ff01
ff00
012c
0101
012c
0101
0038
0001
00ff
0002
fffe
ff01
8000
0100
0004
0030
ffff
0038
0010
0010
0001
0010
0100
ffff
ff00
fffe
0010
0002
0038
0040
0060
0002
ff00
fffe
ff01
0101
fffe
ff01
0101
7fff
0101
0010
0028
7fff
00ff
0030
0002
0002
00ff
0101
0064
0038
0001
0038
0030
0008
0101
0028
00ff
8000
fffe
8000
7fff
0038
0028
8000
0010
ff01
0001
ffff
00ff
0004
7fff
0040
ff00
ff00
0001
7fff
0038
ff00
0002
0001
8000
0064
0101
0028
0001
0100
fffe
0060
7fff
ff01
00ff
0040
0010
0010
0100
ffff
0064
012c
0002
00ff
012c
0060
ff01
0038
0002
ff00
0101
0038
0064
0010
0038
012c
0004
0008
0100
0010
0001
0038
ff00
0008
0028
0030
0004
0101
ff00
0010
012c
0030
0008
0060
0100
fffe
ffff
ff00
0001
0030
0002
ffff
012c
0064
7fff
ff01
0001
0010
fffe
0030
0002
ff00
0002
8000
0030
012c
0040
012c
0030
0001
0001
0004
ffff
0030
0028
fffe
0001
0030
0001
0030
ff00
7fff
0038
0004
ff00
0064
fffe
0002
0001
0004
012c
0101
fffe
0002
0101
0100
0030
ff00
0008
0030
0040
0028
0040
0030
0100
0040
0004
7fff
0004
ff00
0030
0064
0064
fffe
0004
0038
0101
0010
0100
ff01
0064
8000
012c
0028
ff00
fffe
0100
0064
0101
0010
0038
fffe
fffe
ff01
0060
0004
8000
0040
ffff
7fff
0010
ff01
fffe
0028
7fff
0002
0028
0028
0008
8000
0028
0038
0010
0030
00ff
00ff
0100
0064
0010
7fff
ff01
ff00
0010
0028
00ff
00ff
012c
0002
012c
0038
0002
0100
0002
0004
0002
ff01
ff00
fffe
0038
0040
0040
7fff
ffff
0010
0010
0038
0100
012c
00ff
0040
0002
00ff
ff01
0030
012c
0002
fffe
7fff
0100
ffff
0002
fffe
0008
0030
00ff
ff01
0060
0001
0008
ff01
0040
0001
ff01
0004
0100
0030
0004
0100
00ff
0101
ff01
ffff
0030
0060
ff01
8000
0038
0101
7fff
fffe
0010
ff01
0064
0101
012c
0001
0002
0060
0004
ff00
0002
ff01
012c
0038
7fff
ffff
0010
0101
0001
0100
0060
ff00
0028
012c
ffff
ffff
ff00
0028
0030
0028
fffe
0028
0001
ff00
ff00
ff01
0100
fffe
0028
ff01
0030
0064
7fff
0038
0008
ff00
7fff
0100
ff00
ffff
7fff
0100
8000
7fff
0001
fffe
0010
7fff
0101
0040
0030
0008
0028
0002
0008
8000
0030
7fff
ff00
7fff
ff01
00ff
8000
fffe
0028
8000
0038
0030
7fff
8000
0008
00ff
0040
0040
ff01
0100
0010
0028
ff01
0002
7fff
ff00
0040
0002
ff00
ff00
8000
0064
0100
00ff
0010
ff01
0101
0028
fffe
0008
0101
0001
012c
0010
0028
012c
8000
0008
fffe
fffe
0060
0030
0064
0008
0001
0100
8000
7fff
0028
0100
0004
0060
ff00
7fff
0008
0040
ff00
fffe
0004
0030
0038
0030
0038
0001
fffe
0002
0101
0004
0028
0004
7fff
0038
ff01
0040
7fff
ff01
8000
0030
ff00
0060
0040
0001
0060
0001
0030
0100
0100
7fff
fffe
0064
0028
ff01
0101
8000
012c
0030
ff01
0010
0028
8000
0040
fffe
0010
0008
00ff
0040
0100
ff00
0100
fffe
0008
ffff
00ff
0004
0100
0028
ff01
0100
0100
0100
0001
0010
0004
0101
0002
0100
fffe
0040
0064
0040
0101
7fff
0028
00ff
ffff
fffe
0030
0004
0040
8000
0038
0028
ff01
00ff
ffff
0030
0004
0030
012c
0004
0060
ff01
8000
0001
0002
ff00
7fff
0100
0030
012c
0002
0010
8000
0040
8000
8000
00ff
0101
0030
012c
0008
ff01
0101
0004
ff00
00ff
0028
fffe
ff01
8000
012c
7fff
fffe
012c
0064
0001
ff00
0008
0028
0008
0028
ffff
8000
00ff
00ff
0004
0008
0064
0040
8000
012c
0030
0100
00ff
0030
7fff
0060
0101
ff00
0002
ffff
0001
0060
0028
0004
0101
00ff
ff00
0028
0001
0101
00ff
ff00
ffff
0028
0001
0030
0038
0030
0004
0038
0028
0001
0040
0008
0002
0004
ff01
012c
8000
8000
8000
0100
ff00
0004
0100
0010
0040
fffe
fffe
0028
ff01
0001
0008
0064
0008
0001
0030
0008
0008
0101
0008
ffff
0038
0002
0030
0060
ff00
0002
0100
0001
0030
ff01
0064
0064
ff01
8000
0060
0001
0008
0040
0064
00ff
0008
012c
0001
0064
ff01
00ff
0060
0038
012c
0004
0040
0060
0030
0101
0028
0038
8000
0064
fffe
0004
0060
0100
0064
fffe
0030
8000
7fff
7fff
0040
0040
fffe
0038
0004
ff00
0064
0010
0101
ff00
8000
0064
ff01
0101
00ff
7fff
0064
0101
0008
0002
ffff
0010
00ff
ff01
0004
0100
0008
0010
ff00
0028
0002
0060
8000
ff01
0030
0008
0101
0002
0101
0100
0008
0060
7fff
0030
0002
0008
0004
0040
ff00
0060
7fff
0038
8000
0100
0001
fffe
0038
012c
0028
0030
0001
0002
0064
7fff
ffff
ff01
0040
0002
0060
0038
0038
0001
00ff
0040
0101
ff01
fffe
0038
0101
0002
0040
ffff
fffe
ffff
8000
8000
0008
012c
0030
0100
0060
0038
0040
0038
ff01
0030
0001
0100
0002
0064
8000
8000
0060
012c
012c
8000
00ff
fffe
0001
0038
0040
00ff
00ff
0030
0040
0001
7fff
00ff
00ff
0040
0030
0064
0001
0060
0028
7fff
0001
0001
0001
0008
fffe
fffe
0040
0040
fffe
00ff
0008
fffe
ffff
8000
0028
fffe
ffff
0030
0004
0040
0038
ffff
8000
00ff
0060
0004
7fff
0064
ff01
0002
012c
7fff
8000
012c
8000
0028
0064
0038
0008
0002
0040
0101
0101
0008
0010
0004
0101
0038
0030
0030
0030
8000
0004
fffe
ffff
012c
ffff
012c
0028
ff01
ff00
0002
0008
0030
0038
0040
0028
0030
0100
0100
0008
0010
7fff
0064
0028
fffe
8000
0100
0001
0038
0060
0002
ff01
0101
ffff
00ff
0008
0001
0060
0101
ff01
0100
0001
0002
fffe
0004
8000
0028
7fff
0040
0004
0028
0064
0001
0030
7fff
0060
0001
012c
0028
0040
0040
7fff
0100
0100
0004
0030
0038
0028
0030
7fff
0030
0008
ffff
0010
0030
0101
0002
0038
0040
0008
0100
0002
0040
0100
0040
0010
0008
8000
0004
7fff
ff01
00ff
0040
0008
0004
012c
ff01
0028
0002
7fff
00ff
0010
0040
012c
0010
012c
8000
0064
0060
0100
0010
ff00
0001
0030
0030
0002
00ff
0004
0100
ffff
0010
ff01
ff01
0010
0030
0010
0064
ff00
012c
ff01
0038
00ff
00ff
0100
ff00
0100
0101
0060
0002
7fff
0010
0010
0010
fffe
0002
ffff
0038
0008
8000
012c
0004
0101
0008
0101
0038
0101
0100
0004
fffe
0002
0001
0040
0038
0100
0028
fffe
0010
0002
7fff
0040
0002
0004
00ff
0002
00ff
0038
0008
7fff
0004
0100
0100
0101
0040
0001
8000
0002
0008
012c
012c
0064
0060
0028
0030
0001
fffe
7fff
0030
0040
0038
0100
0038
0101
0030
0002
0040
0001
8000
0004
0028
0001
ffff
7fff
ffff
0064
ff00
0028
012c
0040
0004
0001
0040
8000
fffe
ff00
0001
00ff
0100
0040
7fff
fffe
8000
ff00
0028
0028
0040
0038
0001
0028
0030
0060
0100
fffe
00ff
7fff
0064
fffe
0101
0010
0030
0064
0002
0100
0064
012c
0001
0064
0100
0060
8000
8000
0008
0028
0100
012c
012c
ff01
0028
00ff
0040
0010
0002
ff00
0010
0004
0038
0028
0030
0064
0060
0101
ffff
0010
0002
012c
0001
0038
0001
00ff
0030
fffe
7fff
7fff
ff01
8000
0001
ff01
ff00
7fff
0064
ff01
ff00
0002
0064
0010
0040
0064
0101
0001
0040
0064
0002
0101
0100
0010
0060
0040
0060
fffe
0004
ff01
fffe
0002
012c
0001
0010
012c
ff01
8000
ff00
0101
0060
0100
8000
0008
8000
0038
0040
ff01
ff00
0100
0002
0038
0100
0001
ff01
7fff
ff00
0008
0040
0008
0101
0010
0030
fffe
0064
0010
ff01
0002
ffff
0100
7fff
0028
0002
00ff
0100
fffe
0028
0008
ff01
0100
0002
0010
0001
7fff
0030
0008
0038
0100
ffff
0100
0030
0040
0028
0001
8000
8000
7fff
0060
ff01
0001
00ff
0001
012c
0028
0002
0002
0100
0001
ff01
0002
0008
ffff
0060
ff00
0030
0060
ff01
0100
ff00
0030
fffe
0008
0004
0064
0002
0001
8000
0008
ffff
ff01
0004
fffe
ffff
7fff
0010
ff01
0040
ff00
0030
fffe
0101
0101
0028
0064
0100
0060
ff00
0040
0040
ff00
0101
0001
7fff
ff01
0028
0001
0010
0002
0008
0008
0002
ffff
0064
012c
8000
ff00
0010
012c
0030
0060
0101
0100
ff01
0040
00ff
0001
0040
0030
0002
0101
0010
7fff
ff00
0040
0010
0030
0004
0001
00ff
0064
0060
0004
0040
0001
0028
0028
0100
ffff
0100
012c
ff00
7fff
0010
012c
0030
0060
7fff
00ff
0060
fffe
012c
0010
012c
0101
ff01
0002
fffe
0060
ff00
0001
0008
0030
ffff
0001
0064
0001
ffff
0008
fffe
0001
0101
0030
ffff
00ff
0002
0002
0008
0040
0040
0002
0004
0008
8000
0038
0001
0004
0028
0010
0002
0030
0038
0060
ff01
0010
0028
8000
7fff
0064
00ff
0002
0002
012c
00ff
012c
fffe
0064
0001
0030
ff01
8000
00ff
0040
0100
8000
0001
0002
0038
0028
0030
0064
0038
7fff
ff01
8000
0064
ff00
0028
0004
0001
0002
fffe
0038
0040
7fff
8000
0101
0028
0100
ff00
0001
0100
0002
0008
0028
0064
0064
0030
0040
ff00
0030
8000
8000
012c
012c
0100
0008
8000
0101
0002
012c
0002
0100
ff00
0060
ff00
ffff
0100
ffff
0028
0028
0064
ff00
0100
00ff
ff01
ff00
0064
0010
ff01
012c
ffff
0040
0030
0101
0001
0030
0004
0010
012c
8000
0004
ff01
ffff
0004
0040
0008
0100
0040
0001
0100
fffe
0001
0060
0101
0064
00ff
0100
0040
0008
0002
0060
0040
0010
0060
ff01
0060
012c
0064
0028
0101
0002
0002
ffff
0100
0038
0100
0038
0030
0002
012c
0101
0008
0010
0040
0064
ff01
0002
ff01
0004
ff00
ff01
0064
0002
0008
0100
0001
0100
ff00
0038
0010
fffe
0064
00ff
00ff
0060
ffff
0004
0064
0040
0101
0010
00ff
0001
0028
0040
0010
0028
0064
0004
0064
0060
0001
7fff
0064
fffe
0064
8000
0060
7fff
0101
7fff
8000
012c
fffe
7fff
0101
0028
ff00
0004
0030
0002
8000
7fff
0004
00ff
8000
0101
7fff
0038
0010
0028
0010
8000
0010
0038
0008
0101
0101
0101
0101
0101
0004
0001
0100
0064
7fff
8000
ffff
ffff
00ff
012c
0101
0040
0100
0030
0004
0001
0100
0100
ffff
0101
fffe
0030
ff01
0008
0064
ff01
0060
0008
ff01
0030
0060
ffff
ffff
0100
0008
0030
7fff
0030
00ff
00ff
012c
0030
ff01
00ff
00ff
ffff
0028
0008
0038
012c
0101
0002
0038
0008
0002
0028
0038
8000
0101
8000
0028
0060
fffe
0060
0030
ffff
ff00
0100
0002
0100
0010
0040
ff01
0028
0100
0008
0004
8000
0040
0028
0030
0028
0040
8000
00ff
012c
7fff
0010
012c
ff01
fffe
0028
ffff
7fff
0004
0038
0002
0030
0010
0040
ffff
0002
0038
0010
0060
0004
0060
0040
ffff
0008
fffe
0060
0060
0010
0010
00ff
0030
0004
ff01
ffff
ffff
012c
0030
0038
7fff
0060
0028
ff01
8000
0028
0008
0004
0010
0038
0100
fffe
ff01
00ff
0040
0030
0040
ff01
ff01
0004
0064
0030
0001
ff01
0001
0004
0028
0028
0038
0060
7fff
0101
0028
0002
fffe
00ff
012c
0064
ff00
0101
fffe
0008
fffe
7fff
0028
0100
0008
0004
0004
0028
0030
012c
fffe
ff01
8000
0008
ff01
0008
7fff
0064
ff00
0040
ffff
0001
0030
0064
7fff
0028
0064
0064
0040
0010
fffe
8000
fffe
0002
fffe
0064
012c
0100
7fff
fffe
0038
ff00
ff01
8000
0100
00ff
0028
0064
0040
0002
00ff
7fff
012c
0010
fffe
0060
0004
0060
00ff
00ff
0038
00ff
012c
0030
0008
ff00
012c
0030
0002
0100
8000
0038
0101
0008
0060
0101
0030
fffe
ff00
0040
0038
0040
ff00
0004
012c
0030
012c
7fff
0040
0040
ff01
0002
0038
0004
0038
ffff
012c
0001
0008
0008
0001
fffe
fffe
00ff
0010
ff00
ff00
8000
0030
ff01
0064
ff00
0101
ffff
0010
0101
0028
fffe
fffe
00ff
0028
0038
0100
fffe
0001
0038
0030
0100
00ff
012c
0004
0028
7fff
8000
00ff
0100
0004
0100
0010
0028
ff00
0028
ff01
8000
0101
0004
0030
0002
ffff
0038
00ff
0001
0002
ff01
0030
0028
0064
0101
7fff
012c
0064
fffe
0010
0002
7fff
7fff
7fff
0038
0101
0101
0028
012c
012c
012c
0101
0064
0030
7fff
0010
0030
012c
0010
ff00
7fff
0001
ff01
ff01
00ff
ffff
0101
0040
0064
fffe
0002
0028
0028
0064
0100
0028
8000
ffff
0030
ffff
0028
0030
ffff
0030
0038
0004
ff01
00ff
0010
0038
7fff
0100
012c
012c
ff01
ff00
0010
012c
0040
0060
012c
0101
0030
fffe
0010
0008
012c
fffe
0101
7fff
0004
0008
ffff
0064
ff01
0038
0001
0064
8000
8000
ffff
0030
0040
8000
0002
0038
8000
ff00
0101
0101
012c
0004
7fff
0010
7fff
0064
7fff
0010
0004
ffff
0002
012c
0040
ff00
0040
00ff
0004
7fff
0040
00ff
7fff
0004
0030
ff00
0100
0100
8000
ff01
0101
fffe
0100
00ff
00ff
0001
0001
ffff
fffe
0038
0001
0030
0064
0060
0060
0040
0038
8000
ff01
fffe
0028
0001
ffff
0064
0064
ff00
0002
8000
8000
0002
00ff
0001
0001
0040
00ff
0008
7fff
0004
ff01
0010
0100
0100
0040
0028
ffff
0060
0001
fffe
0008
0008
0030
0100
0101
ffff
8000
0030
ff01
ff01
0004
0002
ff00
ffff
0064
0008
8000
00ff
0004
012c
0001
0028
ffff
0030
0010
0030
ff01
ff01
012c
00ff
7fff
0004
0028
0040
0038
7fff
0010
0030
7fff
0064
0008
012c
0100
0001
0028
0064
7fff
ff01
ff00
ffff
fffe
ff01
0064
0010
0060
0001
ffff
0040
ff00
8000
0064
0101
012c
0028
0030
0002
0001
0008
ff00
0008
012c
0001
0028
0002
0100
0001
012c
012c
0100
0040
0040
012c
0030
0060
0008
0001
ff00
0002
0064
0002
0010
0060
ff01
0001
fffe
0060
0010
0030
ffff
ff01
0002
0100
0028
00ff
0101
0008
ff00
8000
0100
fffe
0010
ffff
7fff
0028
ffff
8000
ff00
7fff
0100
0064
0040
0010
7fff
0101
0100
0101
0064
0064
0040
0002
012c
0008
0038
0064
ffff
0038
0064
0030
0101
ffff
0010
8000
0064
ffff
ffff
0038
0002
ff01
0040
ff01
0010
0001
7fff
0040
0001
8000
0038
0002
0064
0038
ffff
0008
0100
0100
00ff
0100
00ff
fffe
0028
7fff
00ff
ff01
fffe
ff01
0100
0064
0060
0064
ff00
8000
fffe
0040
ffff
012c
0064
ffff
0010
7fff
ff01
0101
0028
0001
0064
0010
0030
012c
0060
ff00
7fff
7fff
0004
0064
0100
0101
0101
ffff
0101
ffff
0100
0030
0008
0040
0100
fffe
0060
00ff
8000
ff00
0008
012c
0002
0028
0100
ffff
0004
0060
ff00
0064
0010
fffe
0064
0030
0038
7fff
fffe
0030
7fff
ff00
ffff
0101
0038
0040
ff01
0100
0010
0010
0002
0064
0004
0002
ffff
0028
00ff
0010
0010
8000
8000
0040
fffe
012c
0064
8000
0008
ffff
fffe
012c
0101
0002
0001
0002
0004
0008
0100
0101
0028
0064
0008
0028
0001
0002
0101
0002
0001
0028
ff01
0038
0002
0038
0010
ff01
0038
012c
0060
ff01
ff00
0030
0028
0100
0100
012c
0010
fffe
0100
ff01
0004
0001
0100
0030
0060
ff01
0064
0030
0008
012c
0030
00ff
00ff
0028
0040
012c
0004
ff01
0101
0064
8000
7fff
00ff
ffff
ffff
0060
0004
7fff
0001
ff00
0002
0002
ff01
0010
ffff
0002
0004
0060
0101
ffff
012c
fffe
0100
00ff
0030
0028
0100
8000
0010
012c
0038
0038
00ff
0060
ff00
0001
0038
0010
0101
0030
0010
7fff
0040
0101
0060
012c
0001
0030
0038
00ff
0038
0008
012c
0038
0040
00ff
fffe
0038
7fff
ff01
0038
ff00
0100
0008
0010
0004
0040
8000
ff01
ffff
ffff
0101
0002
0008
0064
0028
fffe
0064
ff00
012c
8000
0008
00ff
7fff
ff01
0040
0030
0101
0100
7fff
7fff
0100
0004
0008
0100
00ff
0030
0038
0101
0064
0060
ff00
012c
7fff
0060
0060
0030
0038
0040
0030
ff01
8000
012c
ff00
ffff
fffe
ff01
ff01
0001
0004
0008
0030
0004
0001
0064
0002
0064
0060
0038
0100
0010
0101
0060
0004
0004
0010
0002
0008
0040
ffff
0028
0064
0004
00ff
0030
0038
0004
0038
ff00
0008
0001
ffff
ff00
0002
012c
0064
0101
0002
8000
0030
7fff
0040
0038
ff01
0004
0064
0001
0060
0004
0100
0101
012c
0004
0002
0028
0040
0010
0010
0010
fffe
0064
ff01
0038
012c
8000
0101
0101
0028
ff01
0038
8000
fffe
012c
0001
7fff
0001
7fff
fffe
00ff
0100
0060
7fff
0038
0001
0004
7fff
0028
0004
0030
0030
7fff
ff01
fffe
ffff
0004
00ff
0040
0038
8000
8000
fffe
7fff
8000
8000
0028
0004
ffff
0004
0008
0101
0038
0004
0010
0008
0001
8000
7fff
0060
012c
0040
0008
0064
0040
8000
0100
0002
012c
0001
7fff
0100
0008
8000
fffe
0101
0040
0008
0010
0038
0100
fffe
0004
ff01
0101
0002
0028
fffe
0064
7fff
0101
0100
00ff
0008
0004
0100
0010
0038
0002
ff01
8000
8000
0038
0030
012c
0101
0100
0010
0002
0002
012c
0001
ff01
0030
0040
ff00
0002
0008
0001
ff01
0038
0004
ffff
7fff
7fff
0100
0030
0001
ff00
0100
ffff
0030
0010
ff00
ff00
0028
0101
ff00
0001
0004
00ff
ff00
0028
012c
0101
0001
0028
7fff
0002
0001
ff00
fffe
012c
7fff
0008
0010
0010
0064
0010
7fff
0038
00ff
0002
00ff
0100
00ff
0004
0100
0002
0060
0030
0101
7fff
ff01
0008
8000
0040
0002
0028
0001
8000
ff00
8000
0008
0100
0002
00ff
8000
0004
00ff
ffff
0010
012c
0002
00ff
fffe
0001
0060
0028
8000
fffe
0010
0010
0038
0010
0064
ff00
fffe
8000
8000
0040
0038
7fff
00ff
0004
0028
0038
fffe
0064
0100
0100
0004
ff01
012c
0101
0004
0030
0004
0001
7fff
0030
ff00
8000
8000
0101
ff01
0064
0001
fffe
0002
0008
0040
8000
00ff
0038
012c
0002
0101
fffe
0060
ff01
0008
012c
0100
0002
0001
ffff
ffff
0101
fffe
00ff
0038
0040
8000
0010
0038
00ff
ff01
fffe
7fff
0001
0004
8000
ffff
0040
0040
0100
0002
0028
0028
0100
ff01
0002
0004
0038
0060
0010
0010
fffe
0040
0001
012c
0064
7fff
0040
012c
0064
0064
0008
0038
0060
0101
0064
0030
0100
012c
0004
0002
0040
0040
0030
0040
0001
0064
ffff
0064
0101
012c
0100
0004
0030
7fff
0028
0040
ffff
0010
8000
0001
0060
00ff
ffff
0002
00ff
0060
ff00
0028
0040
0040
00ff
0060
0040
7fff
00ff
fffe
0101
0040
0010
8000
0010
00ff
8000
00ff
0008
0001
012c
0101
ffff
0028
ffff
ff00
0064
0040
0004
7fff
ff00
0010
0064
0002
0038
0010
0038
0028
0060
0038
ff00
012c
0060
00ff
0004
0030
0008
ff00
0028
0064
8000
0028
0060
0001
0101
0101
0001
7fff
ffff
0004
0010
8000
00ff
7fff
8000
8000
0030
0100
8000
0010
0064
0064
0064
ff00
fffe
0028
0001
0028
0100
0028
00ff
0064
0064
0002
0010
0028
7fff
00ff
7fff
0038
fffe
ffff
0028
0100
0002
0030
7fff
0008
0040
0040
0002
00ff
0100
00ff
ffff
fffe
0064
fffe
0004
7fff
0002
ff00
0101
ff01
0038
0010
ff00
0001
ff00
0101
0038
0030
0040
0001
fffe
0060
8000
ff01
fffe
00ff
fffe
0100
ff01
0002
0038
0030
0064
fffe
012c
0001
00ff
0100
0030
0001
0100
0004
0038
0028
7fff
ffff
0002
0100
012c
ffff
012c
7fff
0100
0028
0002
0060
0101
0001
0101
8000
0060
0060
0064
0040
0001
0040
0001
0060
0008
ffff
00ff
0004
8000
ff01
0008
0060
8000
0100
0002
0002
0010
fffe
0030
0100
0028
0028
ffff
012c
7fff
8000
00ff
0008
ff00
0101
0004
8000
0004
0064
ff01
0004
8000
0002
0100
0028
0002
0038
0008
00ff
0004
8000
0060
0060
0100
7fff
0001
ffff
0028
0038
0040
0040
0002
0040
ff01
012c
0001
ffff
0004
0064
ffff
0028
0060
0101
fffe
fffe
0030
8000
0002
0001
ffff
fffe
ffff
0010
0008
ff00
fffe
0064
0030
0064
ffff
ffff
0001
7fff
0060
0001
0100
0100
ff01
0064
0028
0010
0100
0100
0002
ff00
00ff
0100
0002
012c
0008
0100
0010
ff00
0028
00ff
8000
00ff
0038
7fff
0010
0060
012c
8000
0060
fffe
012c
8000
0008
0038
0064
0004
0008
0001
0064
0101
012c
00ff
7fff
0038
0028
0060
0010
ff00
0038
0004
0001
0030
0038
0028
00ff
0004
0008
0028
0010
0001
0004
fffe
fffe
0064
00ff
0064
ff01
0038
fffe
0038
012c
ff01
fffe
0008
0002
0010
0002
ff01
0008
8000
0100
7fff
8000
012c
ffff
0100
ff01
0030
0100
0064
ffff
0040
fffe
0004
0010
0001
0008
ff00
fffe
0101
0008
0002
ffff
0004
0064
7fff
ff00
0028
8000
0060
012c
0100
0040
0002
0030
ffff
0002
012c
0101
0008
0040
0002
012c
0038
0064
ffff
ffff
012c
ff01
0060
012c
ff00
0030
ff01
0010
00ff
012c
0040
0100
ff01
fffe
00ff
0100
8000
0030
00ff
ff01
8000
0028
fffe
ff01
ffff
012c
0101
0064
0002
0001
7fff
0002
00ff
0028
0001
0064
0040
7fff
0028
ffff
0002
0038
0030
0100
012c
fffe
fffe
0010
00ff
0002
ffff
0001
7fff
0038
ff01
8000
0040
ff01
0010
0038
0064
ff01
012c
0038
0038
012c
ffff
0028
00ff
00ff
0100
0028
012c
0101
0030
ff00
012c
012c
00ff
0064
0038
00ff
00ff
0008
0100
7fff
0060
0030
0001
0002
0004
0001
0060
0064
8000
0002
00ff
0040
0010
0060
0001
ff00
0028
0028
00ff
0008
00ff
ff00
0028
0028
0038
0101
0040
ffff
7fff
012c
0038
0001
0101
ff00
fffe
0002
0008
8000
0002
0064
0060
012c
0030
0040
0038
fffe
0030
ffff
ffff
0028
0001
0008
0038
7fff
00ff
0038
0101
0064
8000
0001
0028
0028
0008
0010
ff01
0060
0038
0064
0008
0101
0028
0040
012c
0030
0001
0004
0030
00ff
ff01
0060
ff01
0001
0010
0060
0101
7fff
ffff
0001
0008
0008
0060
0002
fffe
0040
012c
0040
0040
0001
0028
0001
0040
0064
ff00
7fff
00ff
00ff
ff01
fffe
0064
ffff
0101
0038
0010
0028
7fff
0101
0064
012c
0010
0004
ff00
0002
0008
ffff
012c
ffff
0002
012c
0060
0028
0040
0064
8000
0101
0004
0040
0040
0028
0001
0060
0101
ff01
0060
0002
0002
0064
0008
0030
012c
00ff
0004
00ff
0060
ffff
00ff
ff00
ffff
00ff
0001
0060
0060
7fff
0030
0038
0028
0038
0064
0101
8000
0001
0002
ff01
ff01
ff01
0060
0001
8000
ff01
0010
0002
0002
ffff
0008
0040
0100
0002
0100
0101
0030
00ff
0001
0101
0100
ff00
7fff
0008
ff00
0040
0030
fffe
0028
0100
012c
0038
0030
0004
ff00
0004
0101
0060
0002
0010
0010
012c
0038
0001
0004
0002
0038
8000
012c
ff01
0002
8000
0008
0040
012c
8000
fffe
ff00
ffff
0064
0100
ffff
00ff
ff01
0028
0028
00ff
0100
ff00
ff00
0101
0004
0004
fffe
0008
0101
0001
00ff
fffe
ff00
ff00
7fff
0001
0038
0060
0001
7fff
0030
0010
012c
0060
0010
0030
0100
0060
0002
0001
0101
0101
0028
0002
012c
0064
0101
fffe
0008
ff00
8000
0028
012c
0038
0004
0010
0060
8000
0008
0030
0030
0008
0038
fffe
0101
0002
0010
0038
0060
0064
0001
ff00
ffff
ffff
0008
0101
0060
0064
0040
0064
00ff
0001
0004
0040
0060
8000
0001
ff01
0040
8000
0064
0008
ffff
0001
0064
0040
0002
ff01
0008
0010
0008
012c
0010
0101
ffff
00ff
0030
ffff
0028
ff01
0101
fffe
7fff
ffff
0038
7fff
0040
0030
0060
0060
ff00
0008
ff00
0008
ff01
012c
0064
0028
012c
012c
0030
0030
0060
ffff
0064
0038
0008
00ff
ffff
0002
ff01
8000
ff00
ff01
0002
8000
0100
0028
ffff
0101
7fff
0004
012c
fffe
fffe
0101
0010
0064
0002
0004
0004
0028
00ff
00ff
0101
0060
0030
0038
0010
8000
0004
7fff
0064
8000
0030
00ff
0064
ffff
ff01
0038
0008
0060
0008
0010
0101
0038
ffff
0001
0001
00ff
00ff
0004
0064
0064
0004
ff00
00ff
0030
8000
0008
7fff
0038
00ff
0040
ff00
0060
ff01
0004
0060
ff01
ff00
0008
0004
0040
0030
fffe
00ff
7fff
8000
0064
012c
ff01
0008
0038
0064
ff00
ff01
0028
00ff
ff00
0004
00ff
8000
7fff
0010
0002
0030
ffff
ffff
fffe
0008
0028
0002
0100
7fff
0100
0038
0100
0001
0040
0064
8000
fffe
0101
0001
0060
0004
0100
0060
012c
fffe
0100
0101
ff01
0001
00ff
0101
ff01
ffff
0004
0028
ff01
0002
0064
0040
0101
ffff
7fff
0004
8000
0038
ffff
8000
0064
0038
0010
0040
0064
00ff
0101
0002
0030
0060
0060
0001
0008
0101
0100
0010
ff01
0010
0040
0040
ff00
00ff
ffff
0030
7fff
0010
0030
0002
0010
0101
ff01
0064
012c
0064
0008
ff00
0004
012c
ff01
0038
8000
ff00
00ff
0004
0100
0101
ff01
ff00
0028
ff01
ff01
0002
0008
ffff
8000
0100
0040
0004
0030
0002
0028
7fff
ff00
0100
0001
0008
7fff
7fff
ff01
8000
0030
0038
8000
ff00
0001
0008
0060
0004
012c
0008
8000
0030
00ff
ff00
0038
8000
012c
0064
0100
0001
00ff
0064
8000
0030
0038
0010
0064
00ff
0060
0008
0002
0030
ff00
00ff
ff00
0064
ff01
0010
ffff
0004
0064
0101
0064
ffff
0004
0028
ffff
ff00
fffe
0101
012c
00ff
00ff
7fff
0002
ffff
0010
fffe
0008
0060
0004
0028
0004
0008
ffff
0064
0030
0060
0028
ff00
0002
0101
0040
ff00
0038
0008
012c
0010
8000
7fff
ff00
0064
0030
0101
0038
0064
0060
0060
012c
7fff
ffff
0004
ffff
012c
0064
012c
0004
ff01
ff01
0100
fffe
0008
0030
00ff
0100
0028
0010
0038
0064
0002
fffe
0001
0010
0040
0008
0064
ffff
0030
0010
8000
0001
0060
0040
0100
0002
0001
fffe
0002
0060
0004
00ff
0101
ff00
7fff
ff01
0100
0030
fffe
0028
ff01
0038
0008
0010
0010
0004
ff00
0010
00ff
7fff
ffff
0101
0028
0038
0002
ffff
8000
0008
0100
0038
0010
0064
0001
0010
8000
00ff
0008
0038
0040
fffe
0100
0038
0038
0040
0010
0064
ff01
0008
012c
0064
ff00
012c
0010
ff01
7fff
0002
8000
0001
0101
00ff
0004
0028
0004
0038
0038
012c
0001
ff00
ffff
0064
0060
0040
7fff
0040
012c
0064
00ff
0038
0038
fffe
0100
8000
0001
7fff
0008
0100
0100
0060
fffe
ff01
0004
0004
ffff
ff01
ffff
0101
ff01
0028
ff01
0010
0038
0040
0002
0101
ff00
012c
0101
0004
fffe
fffe
0030
ff00
00ff
ff00
0060
0030
fffe
012c
0100
0002
ff01
0028
0040
0101
0010
0010
0101
00ff
0008
0028
0030
00ff
0002
0001
0101
0001
fffe
fffe
0060
0040
0028
ffff
fffe
0001
00ff
0060
0038
0038
ff00
0060
0060
0008
fffe
012c
0038
8000
0038
7fff
0040
0100
0100
0100
0004
0004
ffff
0001
0004
0060
0010
8000
ff00
7fff
0064
012c
0038
0038
0004
012c
ff00
0001
0010
ff01
0001
0028
ff00
0004
0008
ff00
0030
0040
0040
ffff
0038
0040
0100
012c
0008
0030
0064
0040
0001
8000
012c
0064
00ff
ff00
0028
0038
0038
0060
0010
0008
0002
0010
8000
0010
0030
012c
0064
ffff
0038
00ff
ffff
0101
0010
0101
ff01
0028
0001
ffff
0010
ff01
00ff
0064
0001
0060
ff00
ff01
0100
012c
ffff
0001
fffe
7fff
7fff
0008
0008
0060
00ff
0008
0060
ffff
0028
00ff
0028
0004
0028
0002
0101
ff00
0002
0030
8000
0030
ffff
8000
0030
012c
0002
0100
012c
7fff
0028
00ff
7fff
ff01
7fff
7fff
0101
0101
0010
0040
012c
0008
0038
00ff
fffe
0100
0030
0004
00ff
0010
0002
0001
0100
0101
00ff
ff00
0010
0010
0038
0060
0064
012c
012c
0001
0100
0100
7fff
0040
ff01
0001
0064
0100
0030
0040
0040
0028
0060
0004
0010
ffff
7fff
0004
0038
ff00
ff00
0101
0001
7fff
0060
0030
0060
ff01
ff01
ff00
ff00
0064
0101
0060
0100
0064
0008
0064
0004
ff01
0038
8000
0101
ff01
ff01
0064
0040
8000
0028
ffff
0001
0010
0040
0040
0004
0101
0060
ff01
012c
ffff
0060
ff00
012c
0028
0001
fffe
0002
0028
012c
0028
0101
8000
012c
ff01
0002
00ff
0004
0008
0001
0101
0101
7fff
0010
0100
0100
7fff
0038
0030
ff00
012c
0004
0100
ff01
ff01
0008
0040
fffe
0038
0002
0060
0030
fffe
0001
0002
0100
0040
0010
0040
8000
7fff
0040
0101
0038
8000
0010
0101
0010
0008
0002
0038
ff00
7fff
0028
ffff
0028
0001
0040
ff01
0010
0030
0010
0064
0010
00ff
0028
0028
0002
0010
0028
0030
0001
8000
0008
0028
0004
012c
0060
0008
012c
ffff
0100
0040
fffe
ff01
ffff
0008
0038
0008
00ff
00ff
0028
0101
0030
ff00
0040
8000
0040
012c
ff01
7fff
0002
fffe
ffff
00ff
0010
ff00
0040
012c
ffff
00ff
0001
7fff
0040
00ff
0028
0001
7fff
0064
0008
0030
0064
0030
0002
ff01
ff01
0010
0001
ff01
0001
ffff
0010
0001
0040
0064
0010
0100
fffe
ff00
0010
0010
7fff
0060
0004
0002
0008
8000
0060
ff00
012c
0008
fffe
8000
0101
0101
0060
0100
ffff
0040
0040
0040
0001
012c
8000
0028
0038
7fff
0028
ff01
0004
0100
ffff
0002
0008
0001
ff01
8000
0100
0004
0002
0040
0028
ffff
00ff
fffe
0001
0030
ff01
0004
ffff
0001
ff01
ff00
ff01
00ff
0030
0008
0038
0028
0004
0004
0028
0002
ffff
0101
00ff
0010
fffe
0040
0030
8000
0008
0101
0010
0010
7fff
0064
0030
0060
012c
8000
ff00
0028
0004
0040
0004
0040
012c
0101
0060
0030
0038
0060
0064
0100
0060
0002
0060
0030
0002
ff01
fffe
0040
0038
012c
0038
0038
0004
0060
0001
0004
7fff
ffff
fffe
0001
0008
0060
ffff
ffff
0004
0060
0060
7fff
0040
0038
0001
0028
8000
0030
00ff
0010
ff01
0038
fffe
0010
0060
0030
0028
ff00
0040
ff00
0010
fffe
0064
0040
0100
00ff
0064
0028
0101
0028
0101
0064
0030
0004
8000
012c
0010
ff01
0064
0008
0028
0064
0001
fffe
0100
012c
0008
7fff
ff00
0040
0101
0004
0001
0004
00ff
0038
7fff
0060
0010
ff01
8000
0030
0028
ff01
0064
0038
0040
012c
0060
00ff
0040
7fff
0030
ff01
0004
0008
8000
012c
0038
0101
8000
ffff
0101
8000
7fff
0004
ff00
0101
0004
0064
8000
0004
0004
0040
fffe
0040
0100
0060
00ff
0100
ff01
0100
0028
8000
fffe
0038
0001
012c
ffff
0060
0101
fffe
0060
ff01
0040
0004
0060
0004
0002
7fff
0064
0001
0040
fffe
0028
012c
0010
8000
8000
ff00
0100
0101
ffff
ffff
00ff
7fff
0004
8000
0064
0030
0101
0060
00ff
0002
ff00
0100
0028
0004
0002
ff01
012c
0101
0064
7fff
fffe
0010
ffff
7fff
0028
0100
0100
8000
0040
0040
7fff
fffe
0060
0008
0002
0001
0008
0038
8000
0010
0010
00ff
00ff
0010
ff01
0002
8000
fffe
0004
0030
0028
00ff
0001
0100
0030
0004
0038
0040
0040
0008
0004
ff00
0101
0064
0028
0064
00ff
0028
ffff
ffff
012c
7fff
0040
0002
0002
0004
fffe
7fff
0030
0030
0100
ffff
0028
00ff
0004
0002
012c
0040
0040
0004
8000
0040
0060
ff01
8000
0010
7fff
0038
0038
0064
0038
00ff
8000
0008
0002
ffff
ff00
0040
8000
0004
0001
0008
ff00
0101
0100
0101
0001
0064
0030
0101
0030
0060
7fff
0004
0002
0004
0101
0101
0004
0008
0040
0004
0010
0028
0040
0030
fffe
012c
0060
fffe
0038
0101
0002
fffe
ff00
0064
fffe
0002
7fff
0008
ff00
0060
0038
0004
0008
0030
ff00
0101
0100
ff01
0010
0004
fffe
0060
012c
0060
ff01
012c
0040
012c
0002
fffe
0030
ffff
ffff
0064
0010
0028
0004
ff00
fffe
0100
0038
0040
0100
0010
0008
0010
0038
0028
0064
00ff
7fff
0030
0064
0028
ff01
ffff
8000
00ff
0060
0060
0002
012c
ffff
7fff
0008
0064
fffe
0030
0002
0001
012c
8000
0001
ff00
0100
0008
0001
7fff
0064
0001
0100
0010
0004
0038
00ff
0038
0030
0028
0100
ff01
ff01
0040
0064
0100
00ff
012c
0002
0010
7fff
012c
ff01
0028
0004
0004
0064
00ff
ffff
0064
0002
012c
fffe
ff01
0038
0101
8000
fffe
0038
0060
0038
0008
0010
0010
0060
0004
8000
0008
0004
012c
00ff
0002
0064
0064
7fff
00ff
ffff
0064
0008
ffff
ffff
0040
8000
ffff
ff00
012c
0030
012c
8000
0064
0064
0040
fffe
0100
0040
0060
0101
0030
012c
8000
0004
012c
00ff
0064
00ff
0101
0008
0064
0004
0008
0064
0040
00ff
0100
0002
ffff
8000
0028
012c
0064
00ff
0010
fffe
0002
0002
0030
ff01
7fff
0008
0008
8000
7fff
0028
0004
ff00
0028
0040
0008
0008
0040
fffe
ff00
0008
0001
ffff
0060
012c
0038
0010
0060
0028
ff01
ffff
0060
0001
ffff
7fff
0060
0101
0030
0038
0040
0010
ff00
0008
00ff
ffff
0008
ff01
fffe
0040
0002
012c
0004
0002
0028
0064
0004
0040
7fff
0002
0001
8000
7fff
0004
0038
0004
0002
0002
0002
0030
0060
0064
0001
0028
0008
0038
0038
0030
ff01
fffe
ff00
0008
0100
0064
0060
ffff
0040
0040
0004
ff01
0030
0030
ffff
8000
0038
0038
0004
ff01
0101
0038
ff00
0001
0028
0004
0038
0060
0010
0004
0040
0100
0040
0030
fffe
0064
0028
0064
0001
0001
0100
0008
0101
0030
0010
0028
0038
8000
0100
00ff
0038
ff01
0010
ffff
0040
0010
0008
fffe
0002
0100
ff00
0064
0038
7fff
0101
8000
00ff
0002
0008
0010
0100
0040
0064
012c
0030
0038
0040
0060
0001
0040
7fff
0040
0038
7fff
0030
ff00
0040
0101
0040
0060
0028
0030
ff01
ffff
0008
0030
0008
0010
0010
0002
0002
ffff
0002
0004
0028
fffe
0002
0008
0010
8000
7fff
0040
0060
0064
0100
8000
0004
0040
0004
0010
ffff
0001
0100
0010
ffff
0008
0004
ffff
0030
0101
ffff
7fff
0101
ffff
0008
00ff
0064
0100
0101
0030
0038
0040
ff00
7fff
0001
0002
0101
0001
0004
ff01
00ff
fffe
0101
0040
0004
0030
0060
012c
0002
fffe
7fff
fffe
0001
ff01
ff01
0030
0001
0101
0028
ffff
0001
0001
fffe
0030
0028
0060
0004
0101
0010
0008
0010
0008
ff01
0064
0008
ff00
0064
8000
fffe
0064
0002
0100
0040
0040
0001
0100
0100
0040
0004
00ff
0040
0002
0038
ffff
8000
0060
0004
ff00
fffe
0001
00ff
0028
0008
ffff
0038
ffff
0030
ffff
0101
0004
ff00
0010
0002
0010
0040
ffff
8000
0028
0028
0010
7fff
0010
7fff
0002
0040
0001
0001
7fff
0060
012c
0008
0002
ff00
0004
0028
ffff
0030
ffff
00ff
012c
0002
00ff
7fff
ff00
0060
0028
0028
0100
0001
0038
0001
0028
00ff
0030
0030
0001
0008
0030
8000
012c
ffff
0008
0064
7fff
ffff
0030
0101
ffff
00ff
0060
00ff
0008
0100
ff00
ff01
0100
0001
0008
0101
fffe
7fff
0101
0001
0004
0040
012c
7fff
0001
0001
0060
0038
0001
8000
0010
0038
8000
0101
0004
0030
00ff
fffe
00ff
0028
0002
0101
00ff
0028
8000
0040
0040
0038
0030
ff01
0040
0008
0038
0060
ff00
0064
0064
0010
00ff
012c
0028
0060
0001
0004
fffe
0060
0028
0100
0010
0101
0038
ff00
0028
0038
0008
0010
012c
7fff
0002
0002
ffff
ffff
ff00
0100
0101
0001
0101
0064
fffe
ffff
0001
0001
00ff
00ff
0040
00ff
0030
0040
0060
0030
ff01
0028
0002
0101
ffff
0030
012c
0101
0100
7fff
ff01
0064
0004
0002
0101
0008
0008
0040
ffff
0004
012c
0064
0028
8000
ffff
0010
0040
0001
0100
0101
ff01
0002
0002
ffff
0064
0002
0060
00ff
0038
0038
0060
0030
0101
fffe
0001
0004
7fff
8000
00ff
0101
0001
0004
0002
0002
0008
0001
7fff
0030
0002
0060
0100
ffff
00ff
ffff
0038
7fff
0001
0100
0030
8000
7fff
0004
0064
0010
ff01
ff01
8000
0001
00ff
7fff
0030
0008
0100
0064
ff01
0002
0060
8000
0028
0002
0064
0030
0101
012c
0101
0004
0101
ff00
7fff
0008
0028
ff01
0060
0038
7fff
0002
0040
fffe
0060
0038
fffe
0002
0008
0002
0100
0064
8000
0064
0060
0038
00ff
012c
ff01
ffff
7fff
0002
7fff
0060
0001
012c
ff00
0004
0101
0001
0004
0060
0100
8000
0060
8000
0002
0004
0064
0101
0101
0064
0040
0040
7fff
012c
ff01
0100
0038
8000
ff00
0100
0002
0100
0060
ff01
0040
0030
0040
ff00
7fff
0038
0040
0001
0030
0004
ff00
0001
0030
0040
0030
00ff
012c
0064
00ff
0060
0060
0030
7fff
0028
0030
fffe
7fff
8000
0008
0002
0064
0008
0001
0028
0028
ff00
0008
ffff
ffff
0010
0101
7fff
0100
0101
fffe
0100
0010
0028
0040
0060
0001
0101
8000
0028
0040
0038
0040
ff00
0010
7fff
0100
0002
7fff
00ff
0038
ff00
0028
012c
0060
ff00
fffe
0010
0060
7fff
0002
0030
0064
ff00
0060
ff01
00ff
0010
7fff
fffe
00ff
0004
fffe
0040
0004
012c
ffff
ff00
0002
0038
012c
ff00
0010
8000
fffe
0040
ff01
0101
0001
7fff
0100
ff01
0060
7fff
0010
fffe
ff01
0002
0010
ff00
0002
0010
0060
0028
ff00
0038
00ff
0100
8000
0030
ff00
ff00
0028
012c
0002
012c
0040
012c
00ff
0064
ffff
0100
0064
fffe
7fff
012c
fffe
0028
0008
0100
ff01
0008
0064
0001
0028
0040
fffe
0060
0101
0064
0060
0030
0010
0030
0002
0004
8000
8000
0030
0030
8000
012c
0028
0010
00ff
ff01
ffff
0010
8000
0101
8000
ff00
0040
00ff
0008
7fff
0030
0010
012c
0100
0038
0002
0040
0060
0100
0030
0028
0010
7fff
ff00
7fff
0030
0060
0100
0064
0040
0001
0040
0040
0038
ffff
0101
fffe
0030
0060
0100
fffe
fffe
ff00
0100
0100
ffff
0064
0100
0040
0008
0001
0010
012c
0038
0038
0002
0028
ff01
0060
00ff
0030
0010
8000
8000
0028
0004
00ff
0010
0100
0010
8000
8000
0040
00ff
ff00
ffff
0038
012c
0038
0064
012c
ff01
0040
8000
0060
fffe
0010
0101
0001
0028
0008
00ff
0060
0002
0008
7fff
0002
0001
0002
ffff
00ff
0004
7fff
0028
0008
0008
8000
0030
ff01
0040
ff00
012c
00ff
0064
8000
012c
0101
0001
0064
ff01
00ff
0030
0100
0002
0060
0001
0010
fffe
0100
0060
7fff
7fff
fffe
0004
8000
0064
ff01
00ff
0028
0064
00ff
ffff
ff01
0101
0002
0100
0010
ffff
0040
0064
ff01
fffe
0028
0008
0100
0001
7fff
ff00
ff00
0064
0060
ffff
8000
fffe
0030
00ff
0100
0028
0028
0002
0038
00ff
0002
0008
0040
ff01
ff01
ff01
0038
ffff
00ff
0100
fffe
0064
8000
0010
0010
ff01
7fff
0002
fffe
0100
0060
fffe
012c
0030
012c
0030
ff01
ff01
0008
0100
0008
00ff
0010
012c
00ff
0038
8000
fffe
0010
012c
0002
0001
0002
0038
00ff
0028
0060
012c
0100
ffff
0060
0001
0060
012c
0100
ffff
0040
0100
0101
7fff
0064
0002
0101
8000
0002
012c
0028
ff01
ffff
0060
0100
0004
8000
7fff
0002
0002
fffe
0008
fffe
0038
8000
0038
7fff
0030
012c
0038
0028
0038
012c
0002
0101
ff00
ff01
0101
0060
0004
0038
fffe
0004
7fff
0030
0064
00ff
012c
0101
0028
012c
0040
ffff
0038
0040
fffe
ff00
0028
ffff
0101
0101
ffff
0100
0101
0004
0001
0100
7fff
0030
0028
0030
ff01
0008
0060
0038
0028
012c
8000
00ff
012c
0010
0040
0008
0064
0038
0064
0064
0001
0028
0002
00ff
012c
00ff
ff01
0030
0040
0038
0001
8000
00ff
0004
012c
0064
0100
0001
0030
0064
ff00
7fff
7fff
0101
0004
7fff
0060
0030
8000
0064
0038
0001
ff01
0008
0030
0028
ff00
ffff
0100
ffff
8000
0040
0100
0040
8000
7fff
0008
0064
0008
0060
00ff
0028
ff01
00ff
0100
ffff
ff00
0004
0008
0008
0064
0040
fffe
0001
0101
0100
8000
00ff
00ff
ff00
0028
ff00
0028
fffe
8000
0101
0004
0028
8000
8000
0010
0004
0008
0004
0004
0100
0064
ffff
00ff
ff00
7fff
ff01
00ff
0101
0002
0060
0004
0040
0001
0100
0064
ffff
fffe
00ff
0101
00ff
0038
00ff
0038
7fff
ff01
0060
ffff
fffe
0064
8000
0002
0040
0030
0100
0008
0101
0101
ff00
0101
ff01
0100
0060
0010
ff00
0064
0002
ffff
ffff
0001
ff00
0101
8000
0040
0004
0038
0004
7fff
0040
0064
0028
ff01
0001
fffe
7fff
0038
0001
7fff
0060
0101
0004
0038
0040
8000
0028
8000
0008
0028
0028
fffe
0010
0001
00ff
fffe
0060
7fff
8000
ff00
0100
00ff
0001
0040
ff00
ff00
0060
fffe
0100
00ff
0028
0040
ff01
ff01
0030
0030
0064
0038
7fff
012c
0002
fffe
fffe
0100
ff01
00ff
0028
0004
00ff
0064
0001
0008
0040
0038
012c
00ff
0002
0002
0038
0100
0060
0038
00ff
ff00
0010
0010
ff00
0001
0030
0002
0008
0101
0101
0004
0100
0004
0001
00ff
0028
0040
0064
ff00
0008
0002
0100
0008
0101
0002
0040
012c
0030
0008
0010
0101
0004
0004
0064
0040
ff01
ff00
0028
0004
0100
0028
ffff
0004
0030
ffff
7fff
ff01
0030
ff00
0100
0001
0038
0001
0004
0004
00ff
fffe
0001
0002
012c
0038
0060
0100
8000
0001
0038
00ff
ff01
8000
0060
0060
012c
0101
0060
ffff
0100
0040
0002
0100
0038
00ff
0004
0028
00ff
00ff
0001
ff01
0030
0001
0010
0004
0100
0064
0030
ff00
fffe
0004
012c
0101
012c
7fff
0064
0060
0040
0038
0008
0002
0030
ff00
8000
00ff
0001
ff01
0028
012c
8000
8000
0010
0030
0010
fffe
0001
8000
0064
0002
8000
7fff
0100
0040
0064
0008
8000
0008
0010
0004
0002
0030
0064
0010
012c
0002
0001
012c
0101
8000
00ff
00ff
0060
0038
0038
0008
ff01
0028
0100
0010
012c
0004
00ff
0040
0038
0008
0002
0040
0101
0004
ffff
0001
0040
ffff
0100
ff00
fffe
ff00
0010
ff00
0030
012c
0004
0060
0002
0040
0001
8000
0010
0038
012c
fffe
ffff
0101
0030
0100
0060
ffff
0064
0001
0100
0010
0028
0008
0038
0060
0010
fffe
0100
012c
ffff
0060
ff01
0064
ffff
ff01
8000
8000
0040
ff00
00ff
8000
00ff
0001
0060
ffff
0028
0004
00ff
0030
00ff
0064
0060
0010
0101
0060
012c
012c
7fff
ff00
0008
0101
0001
7fff
0038
0010
0060
8000
0004
ffff
0008
0010
0030
7fff
0040
012c
00ff
0028
0008
0004
0001
fffe
8000
8000
0001
012c
0010
012c
ffff
fffe
0008
8000
0002
8000
0002
8000
0008
0038
ffff
7fff
ffff
0010
0008
ff00
0060
0038
0008
0030
ffff
ff01
0040
0010
0060
0010
0002
0038
0010
fffe
0038
0101
8000
0001
0100
0060
0040
0100
ffff
ffff
fffe
ffff
ffff
012c
0028
0040
0040
0101
0004
0030
0030
0100
0001
8000
fffe
00ff
fffe
ffff
0100
0030
0028
ff00
ffff
00ff
00ff
0060
012c
0040
ff00
0008
ff01
0060
0060
0004
0002
00ff
0100
00ff
ffff
0038
0100
fffe
0060
0060
0008
ff00
ffff
8000
ffff
ffff
ffff
ffff
0002
0101
0002
0004
0100
0060
0010
00ff
0060
0060
0101
0008
0100
0038
0060
0100
ff00
0040
0010
00ff
ff00
0008
ff01
ff00
0008
8000
012c
0064
0008
0008
fffe
0064
0028
0010
ffff
fffe
ffff
8000
0002
0001
8000
ff01
0064
00ff
012c
0010
0001
0004
00ff
0060
0010
8000
fffe
012c
0064
ffff
0101
7fff
0010
0028
7fff
0040
012c
012c
0002
0002
012c
fffe
0101
0038
7fff
0040
7fff
0008
ffff
0038
0040
0038
0028
ffff
0010
0100
ff00
0040
0030
012c
0064
fffe
ff01
ffff
0002
0001
ff01
0040
0100
0028
0008
00ff
0040
0028
0040
0100
ff01
00ff
00ff
0002
0060
0060
ff01
ff00
fffe
00ff
012c
0060
0001
8000
012c
8000
0100
00ff
0008
00ff
0001
012c
00ff
0101
0028
ffff
0008
0001
0100
fffe
0008
0060
0060
0100
ff01
fffe
0002
0002
0008
0038
0038
00ff
00ff
8000
0002
0028
0002
0040
0008
0028
ff01
00ff
0101
0002
ff00
0038
7fff
012c
0100
ffff
ff00
0064
0040
8000
ffff
0060
0030
0038
0064
0060
012c
8000
7fff
00ff
ff01
8000
0040
7fff
0060
ff00
0008
8000
fffe
0101
0001
0001
0008
ff01
ff01
0038
8000
8000
0060
0004
0101
012c
0040
ff01
0030
0100
ff01
ffff
0030
0028
ff01
0064
ff01
0004
0030
012c
0040
0100
00ff
0040
0004
0010
012c
0008
7fff
012c
0004
0010
012c
0060
0038
0028
00ff
0004
0008
ffff
0010
fffe
0008
7fff
0004
0008
8000
0060
0040
ffff
0040
0008
0030
0040
ff00
0064
0101
0040
0001
0101
0030
0030
fffe
8000
0038
0010
0008
0100
fffe
ff01
0101
7fff
0010
0040
0100
ff00
0038
0101
0001
0038
0100
ff00
0101
012c
7fff
00ff
ff00
0004
0064
0060
0001
0002
0028
ff00
0030
0010
7fff
0038
0030
0002
00ff
0060
0100
0001
0038
0002
0001
0002
ff00
8000
0101
0064
012c
012c
0030
fffe
7fff
0001
0002
0002
fffe
0040
0008
0002
fffe
0100
ff00
0064
012c
ff01
0008
0101
0101
0010
0008
0100
0008
fffe
0060
0028
ff01
ff01
ff01
0008
0010
ff00
0040
7fff
012c
0040
0038
0010
0002
0064
012c
0100
0038
0040
00ff
fffe
0028
8000
fffe
0001
0028
0030
0008
0004
0040
0064
7fff
ff01
8000
0004
0064
0010
0064
0038
0004
0040
0001
0101
0002
fffe
0030
0038
0064
ff00
012c
0028
8000
fffe
ff00
0064
0040
fffe
00ff
ffff
0040
ff00
0038
ff00
012c
0038
0064
ff00
8000
0008
fffe
012c
0030
012c
7fff
0001
0038
0010
7fff
0002
ff01
012c
0008
0060
0101
0038
012c
0030
0008
0030
0038
ffff
ff00
0028
fffe
0101
ffff
0064
0100
00ff
0038
ff00
0028
0001
0040
ff01
0030
0100
0001
0100
0101
0028
012c
0038
7fff
0001
7fff
0002
7fff
0101
ffff
0060
012c
0010
0028
0060
ff01
8000
0040
0008
0002
0060
0040
0010
ff01
ff00
0101
00ff
7fff
0010
8000
0030
8000
0028
0101
0002
ffff
0002
7fff
0060
0010
0040
012c
0100
0010
ffff
ff00
0040
0002
0060
0100
0030
0028
0008
8000
012c
ff01
0010
0060
0001
0010
0040
0008
012c
0002
0001
0002
0060
00ff
7fff
0101
0060
ff00
0010
0001
0008
7fff
0038
0030
0101
ff01
0002
0101
8000
0010
ff01
0001
8000
0100
0010
ff01
fffe
0030
0038
0064
0100
ff00
0060
0001
00ff
7fff
0008
7fff
0030
0010
0064
0038
ff00
0030
fffe
0010
0001
0064
ffff
0060
0001
0038
012c
8000
fffe
7fff
0030
0028
0008
8000
0030
00ff
0004
fffe
ffff
0101
0002
ff00
0040
0101
0028
0028
ff00
0001
fffe
0010
0028
0100
0038
7fff
0101
7fff
012c
0004
0064
0101
0038
0028
0010
0038
0030
0040
fffe
ff01
0008
0008
7fff
0060
8000
0040
0038
0028
00ff
0038
0028
ff00
0040
0038
7fff
012c
0010
0101
0040
ff01
0040
00ff
ff01
ff00
00ff
0002
ff01
0010
0030
0028
0030
00ff
012c
0060
8000
0002
0064
8000
0010
0064
7fff
0100
ff01
ff00
ff01
0028
ff00
7fff
0002
0002
fffe
0010
0100
0028
0064
ff01
0101
00ff
0064
fffe
0030
8000
fffe
0060
0064
0004
012c
0101
0002
ff01
0008
00ff
00ff
fffe
012c
0064
012c
7fff
0028
ffff
fffe
fffe
0038
7fff
0010
00ff
0100
0038
0028
0004
0001
0060
0002
ff01
0001
0008
0100
0060
0100
8000
0028
0010
0010
012c
8000
0038
7fff
7fff
7fff
0001
ff01
0008
00ff
0028
ff01
ff00
0028
0001
fffe
7fff
ff00
0001
0030
0038
fffe
0001
012c
012c
0060
ff00
fffe
0028
0038
0040
0002
0008
0064
00ff
7fff
0060
7fff
0004
0064
0004
0004
0064
0100
ff01
0001
00ff
8000
8000
fffe
ff01
012c
0008
fffe
ff01
fffe
ff01
00ff
00ff
0040
7fff
0028
0060
0008
0040
0030
0004
0004
ff00
0038
012c
0001
0028
0002
7fff
00ff
0004
7fff
0010
0002
012c
0060
8000
0030
ff00
0038
0038
0064
0038
0040
8000
0028
7fff
fffe
7fff
0004
0001
0060
0004
0002
0010
ff00
0101
0101
0100
7fff
7fff
ff01
0101
00ff
0001
fffe
8000
0004
0001
ff00
00ff
0010
0064
0101
ff01
0001
0064
0001
0040
0064
0030
8000
0028
0038
0040
fffe
0040
ff01
0001
00ff
0030
0060
0002
00ff
0100
8000
ffff
0010
0030
0004
0010
8000
00ff
fffe
012c
0028
00ff
012c
0001
0064
ff00
0100
00ff
0060
0010
0001
7fff
0004
012c
0040
ffff
0060
00ff
0064
ff01
0008
7fff
0060
7fff
ffff
0008
8000
0008
0008
fffe
0001
0004
ff01
8000
fffe
0002
7fff
012c
8000
0101
0010
0028
0008
0010
0040
0008
ff00
7fff
7fff
0100
0010
0038
0008
0101
ffff
0008
00ff
012c
0040
012c
0030
0064
00ff
0038
0060
0028
ffff
0038
ff00
0030
0101
0030
7fff
ff01
ff01
0028
0010
0040
0100
ff01
8000
0010
0100
0008
0101
ff01
00ff
8000
00ff
012c
7fff
0028
8000
ff01
fffe
0040
8000
0004
8000
ff00
0004
0028
0001
fffe
0028
0064
ffff
0002
012c
0101
0038
0030
0001
0004
0030
0100
fffe
0030
0028
7fff
0008
ff00
0008
0010
0101
0010
ff00
ffff
0001
0064
ffff
0100
7fff
00ff
ffff
fffe
0008
0040
0028
ff01
0030
0040
012c
00ff
0008
0001
0004
012c
ffff
0010
0004
00ff
0008
0002
0100
0008
012c
ffff
0030
fffe
8000
0100
0030
0008
0030
0001
0038
0030
0100
fffe
0064
0028
0038
0002
0038
012c
0101
0038
ff01
0038
fffe
7fff
0038
0010
00ff
0100
0004
fffe
0064
ffff
ff01
0010
0101
0002
0060
8000
0038
00ff
8000
ff01
0038
0040
0038
0101
0064
0001
0038
0064
ff00
012c
0008
0008
0030
0001
0004
0040
ff01
0004
ffff
0004
ffff
0010
ffff
0030
7fff
0100
0030
ffff
0010
0100
0008
0001
0100
0028
ff00
012c
0028
0004
0038
ffff
0010
ff01
0002
0008
00ff
0004
0101
012c
0004
8000
0060
0008
0038
ffff
0028
0028
0060
7fff
8000
0028
0004
0008
fffe
0100
0010
0100
fffe
0060
0064
012c
0028
0008
8000
0001
0060
0101
ffff
0028
0101
0001
0064
ffff
0064
0040
0040
0010
0064
0008
00ff
0010
012c
0008
0008
0002
0028
0040
fffe
0038
012c
0100
0001
8000
0101
0060
0064
0100
0004
0008
0064
012c
8000
0101
0064
0101
0008
00ff
0002
0028
0028
0030
0101
0100
00ff
ff01
7fff
0010
0002
0040
8000
0100
0010
012c
ff00
0001
ff00
0101
0030
0101
7fff
ff00
0028
7fff
0038
0010
012c
0060
00ff
0100
ff00
0038
0002
0002
0038
0038
0010
0004
0040
fffe
0064
ff01
0030
0040
7fff
ff01
0008
012c
0008
0038
0064
00ff
0060
0060
0064
0030
0060
fffe
00ff
ff01
fffe
0064
0028
7fff
0010
0010
0040
0064
8000
0001
0010
ffff
0008
012c
0064
0064
0008
0008
0038
0060
0060
ff00
0001
0030
0040
7fff
0038
0002
0064
8000
ffff
0010
0030
ff01
8000
0100
8000
0038
8000
0001
0010
0064
0010
fffe
0028
0004
0028
8000
012c
0100
0060
00ff
ff01
ff00
0038
8000
0004
0004
0060
8000
0030
0101
7fff
0040
0040
0064
0008
0101
0064
012c
00ff
0001
fffe
0028
00ff
ff01
00ff
0008
0002
0004
0008
0001
7fff
0008
0028
ffff
ffff
7fff
0038
0101
0060
0008
ff01
0101
7fff
0060
ff01
0030
0028
ff00
ff00
012c
fffe
0002
0028
0060
0101
0030
0010
0038
ff01
0040
8000
0008
ffff
0004
0001
ff01
0101
8000
012c
0002
0001
ffff
0010
012c
0064
012c
fffe
ff00
00ff
0030
7fff
0028
ff00
012c
0030
0028
012c
fffe
ff01
0038
0030
0040
ff01
0064
7fff
0008
0101
0002
0030
0100
0008
fffe
0040
0060
0028
7fff
0060
fffe
7fff
0002
0028
0060
fffe
8000
0100
0040
00ff
7fff
0010
fffe
0008
0060
0001
0030
012c
0028
0064
0060
0100
fffe
0100
ff00
0010
0038
7fff
0040
0060
0008
012c
fffe
0010
0001
ff01
012c
fffe
0004
0100
fffe
00ff
0100
0008
0030
0010
0001
0030
fffe
012c
012c
0064
0100
0028
0010
0001
0010
8000
ff00
0060
0028
fffe
0030
0038
0064
0040
7fff
0064
0028
ff01
0010
0028
ffff
0002
7fff
0004
0002
0040
0038
0001
0040
0064
ffff
0040
0060
0060
012c
8000
0038
0008
0060
0028
0030
0100
7fff
ffff
0030
0030
012c
0100
00ff
ff01
7fff
0064
0038
0100
0001
ff00
ffff
7fff
0028
0008
ffff
0004
00ff
0100
0040
fffe
00ff
0008
fffe
0030
0008
0100
0100
012c
0008
0028
0001
ff01
fffe
ff00
0038
0101
ff00
0004
0064
00ff
0002
0008
0038
7fff
0010
0010
0010
0101
0001
ff00
0064
ffff
0040
0030
8000
0060
0002
8000
fffe
0001
7fff
8000
0060
00ff
0010
0028
0101
ff01
7fff
ffff
0004
0004
8000
0001
012c
0001
0038
ff00
0064
0064
0028
0028
0040
0101
ff00
8000
0040
0008
0004
ff00
0038
fffe
0040
ff01
0030
ffff
7fff
7fff
0064
0028
ff00
0064
0060
ff01
7fff
0101
0001
00ff
0008
0060
0060
0038
8000
0038
0060
fffe
0002
0064
0030
0038
0004
0040
0060
0004
00ff
7fff
0001
0004
0040
0001
012c
ffff
0060
0040
8000
0040
0101
0008
0001
0038
0004
ff01
0101
00ff
0100
0060
0040
0038
0004
0004
0101
0064
0001
ff00
8000
0028
0028
ff00
0060
0064
0100
fffe
0064
8000
0010
ffff
0030
012c
ff01
fffe
ffff
0008
0028
ff01
0064
ff01
0002
0028
7fff
0004
0060
0001
0038
0101
0038
012c
fffe
0101
ff00
0030
7fff
0040
0004
0040
012c
0038
0028
0028
0004
0028
8000
0008
0004
0038
0101
0100
0028
8000
0001
ff00
0010
0008
0101
0064
012c
012c
0064
0002
0028
012c
0064
00ff
ff01
0101
0038
0001
0004
0002
00ff
0064
0064
0028
0004
0100
0100
ff01
0040
0060
0100
00ff
0100
0060
0060
012c
0100
00ff
00ff
0040
0100
0040
0008
0002
0101
0002
0100
0002
0010
0060
0060
012c
0004
012c
0001
0028
0060
0101
ff00
7fff
0002
0038
0038
0060
00ff
00ff
ff01
012c
fffe
00ff
0040
ff01
fffe
0101
ff01
0008
7fff
0004
8000
0060
ffff
7fff
0030
0008
ff00
ff00
0028
0040
0064
0064
7fff
ff01
0002
7fff
0101
0064
fffe
0060
0038
0101
0030
00ff
8000
ffff
0064
ffff
0002
0038
0101
fffe
8000
8000
0004
7fff
0101
012c
ff00
8000
0002
ff01
0030
0030
0004
0064
ffff
0010
0002
ff01
0030
0010
00ff
0001
fffe
0100
fffe
0100
7fff
0004
0008
0028
0038
00ff
0038
0064
ffff
ff00
0101
0100
fffe
7fff
0038
ff00
0040
0100
ff01
0064
ff01
ff01
0030
0100
0010
0040
7fff
0004
0064
0010
0100
012c
0060
0101
0100
7fff
0038
fffe
0100
0004
7fff
0064
00ff
0028
fffe
ffff
7fff
0040
ff01
0040
0038
00ff
ff01
0100
0038
0040
0004
7fff
0010
0101
012c
0010
ff00
0004
0040
0038
00ff
8000
0030
0004
fffe
0040
ffff
0030
0038
0008
8000
0002
0028
00ff
0064
0060
00ff
0002
ff00
0040
012c
0008
0101
0060
012c
012c
ff01
0004
0100
0004
012c
00ff
0101
012c
0100
0010
0004
0008
0004
0030
0010
8000
8000
0030
ff01
fffe
0038
ffff
0100
0101
ff01
0004
0028
7fff
fffe
0030
0002
fffe
0101
0038
7fff
ff01
00ff
0008
0100
00ff
0002
fffe
0001
0038
fffe
012c
0060
012c
0064
0100
0100
fffe
0004
0028
012c
ff01
8000
0038
0004
0010
0030
ff01
ff00
7fff
0038
0004
0008
0028
0004
0038
0008
0030
0028
ff01
ff00
fffe
0030
0004
0002
0101
fffe
0040
00ff
fffe
0004
0004
0002
00ff
0028
00ff
0100
012c
012c
0002
ff01
0028
0004
0004
fffe
0030
0060
0001
0030
fffe
8000
0040
012c
ff01
ffff
0038
0008
fffe
0028
0064
7fff
0101
0004
0064
fffe
0001
7fff
0040
0030
0010
0001
ff00
0040
0010
0040
0010
0001
0008
0004
012c
ffff
012c
ff01
0040
0100
ffff
8000
0001
8000
0030
0060
0010
ff01
0004
fffe
0038
0100
0100
0064
00ff
ff00
0028
0008
00ff
8000
0004
0001
012c
0028
ff01
8000
0064
00ff
0001
0028
7fff
0040
0038
0001
0064
0008
00ff
0002
0038
0064
0064
0002
ff00
0004
0008
0010
0010
0100
ff01
0064
0002
0008
0004
0028
ff01
ff00
0004
ff00
ffff
012c
ff01
ffff
0030
ff01
0004
0030
ffff
0001
7fff
fffe
fffe
ffff
0010
0004
fffe
00ff
0101
0040
012c
0030
012c
8000
0008
0010
fffe
0002
ff00
0010
0008
0101
00ff
012c
ff00
0060
012c
0100
0040
00ff
0030
ffff
0010
0010
0100
0100
0100
0064
0028
0060
ff00
0038
7fff
fffe
8000
0028
ffff
ff01
0064
00ff
0100
0030
fffe
0101
0001
ffff
ff00
0038
ff00
ff01
ffff
00ff
00ff
012c
0002
8000
0101
0002
0101
7fff
0002
0008
0028
0040
0028
0101
0004
0004
0038
0008
0040
0100
012c
012c
ff00
8000
0001
00ff
00ff
8000
0002
0028
0008
fffe
0008
0008
00ff
0040
0002
012c
0040
00ff
0038
ffff
0030
0001
012c
ff00
ff00
fffe
0030
00ff
0100
0030
0004
0028
fffe
0038
0100
0002
7fff
012c
00ff
ff00
012c
0038
0002
fffe
8000
ffff
0040
0100
0038
0001
7fff
0030
00ff
7fff
0100
0010
0101
7fff
7fff
fffe
ff00
fffe
0101
0008
0030
0004
fffe
0030
0002
012c
0038
0002
0002
0001
0001
0060
0101
ff00
0030
0010
0002
ff01
00ff
0001
8000
0060
0030
ff00
0038
0040
0008
0038
0001
0004
0064
0064
0030
0064
0030
0100
ffff
0030
8000
00ff
7fff
fffe
012c
0008
ff00
0008
7fff
0060
0100
0030
00ff
0064
0030
0040
0101
0064
0028
0028
0008
0038
0101
0004
0008
0001
0040
0010
0002
0038
0002
012c
012c
0001
0101
0101
0028
ffff
0038
fffe
012c
0002
fffe
7fff
8000
0100
0038
0100
0064
0064
8000
0040
0001
0030
ffff
0004
012c
ff01
012c
0004
012c
0010
fffe
0040
ff00
0101
0060
0010
8000
0004
0004
0010
0010
0004
0010
012c
0008
0004
7fff
fffe
8000
0008
0040
0038
0028
0101
ff01
ff01
0100
0060
ffff
7fff
0040
0064
0060
0028
012c
00ff
0001
0064
0100
fffe
0100
fffe
ff00
012c
0060
0002
0040
ffff
0001
7fff
ffff
8000
0101
ff00
0002
0101
0101
00ff
ff01
fffe
7fff
0038
fffe
ff01
7fff
0008
0100
7fff
0101
0040
0004
0101
0040
0028
0101
0002
0100
0010
0001
0030
fffe
0028
0008
fffe
0030
0004
0002
0064
ff00
0100
0030
0001
0001
0100
ff00
ffff
0001
7fff
0004
0002
00ff
0010
ff00
0008
0002
0101
0101
8000
ff00
0040
012c
0002
012c
0064
fffe
ff01
0040
0064
0004
0100
0001
0100
fffe
0028
0030
0030
0008
8000
0060
7fff
0060
012c
0040
0010
0101
00ff
0030
0028
0010
ff01
0040
0060
ff01
0038
0004
0028
0060
0030
0002
0010
0001
7fff
0002
0004
0040
ff00
8000
0038
8000
012c
0001
0010
ff01
0060
0010
0100
0030
0064
0040
0101
ffff
012c
0010
7fff
0030
0010
0030
0100
0001
0040
0010
0001
012c
0064
fffe
0064
0004
0101
ff01
7fff
0001
0001
012c
7fff
0010
ff00
0101
012c
0060
ff00
8000
00ff
0004
fffe
0004
0060
ff01
0101
ff01
0064
0040
0004
0101
00ff
0002
fffe
0064
8000
012c
0101
0002
ff00
0040
0008
0060
7fff
0100
ff01
0004
012c
0010
fffe
0101
0004
0100
0004
0040
0001
ffff
fffe
ff01
0038
0040
0038
7fff
0004
0008
0060
fffe
8000
0004
8000
0008
0001
0101
8000
012c
0004
ff00
0060
0010
ff01
0101
0004
7fff
ff00
7fff
0038
0010
012c
0028
0004
7fff
0008
0101
0064
012c
0002
7fff
0004
0060
0038
0064
0028
0028
ff01
0010
ff00
ffff
fffe
0101
00ff
0038
00ff
0028
ff01
ff00
0038
012c
00ff
ffff
0040
0010
0001
0060
0040
0030
0038
0001
0001
0038
fffe
0101
7fff
0060
ffff
0001
0100
ff01
012c
0004
0100
012c
0100
0010
0028
0002
0002
0030
0004
0002
0001
0100
0004
0028
ff01
012c
ff00
0010
0002
0038
0038
0064
0040
0004
ffff
ff00
0040
0060
0002
0004
8000
0002
0008
0100
7fff
0064
0004
0008
0002
0030
012c
fffe
0101
0040
fffe
0040
8000
fffe
0040
7fff
8000
0004
0038
fffe
0064
0010
ffff
ff01
00ff
ff00
0040
0004
0002
0030
0028
ff01
0008
012c
0064
ffff
0002
0002
ff01
0028
012c
0001
0038
0008
0040
0010
0010
0004
0064
0008
0004
7fff
0100
0101
0064
ffff
fffe
0038
0101
0101
7fff
0010
ff01
012c
0010
0040
0101
0002
fffe
0030
ffff
0064
0060
0030
0060
0064
ffff
0040
ff00
0030
0038
ffff
8000
0038
0060
8000
8000
fffe
0030
0100
0004
0040
0038
0010
0040
0040
0001
0060
ff00
0004
0004
0101
ff01
7fff
0028
0008
0030
8000
0002
00ff
0004
0030
7fff
00ff
0010
0010
0060
0101
0060
012c
ff00
0064
0010
0101
ff01
012c
0038
0060
00ff
0002
0040
fffe
fffe
012c
ff00
ff00
7fff
ff00
00ff
0030
0008
0100
0010
ffff
0028
0002
0100
0038
012c
fffe
0008
0100
0028
00ff
00ff
8000
00ff
0060
0028
0028
0002
0001
0038
0001
ff01
012c
0001
0030
0101
0030
0004
0101
8000
0038
0001
fffe
8000
0028
0064
fffe
00ff
012c
0002
0101
fffe
fffe
fffe
0060
0008
ff00
0001
7fff
0008
ffff
8000
0002
0101
8000
0100
ffff
ffff
0040
0038
0002
0060
0001
0064
0040
0064
0060
0100
0038
0001
0040
0008
0001
0038
8000
0030
fffe
ff00
fffe
0030
ff00
0030
ff00
ff00
0028
ff01
0030
ff00
0008
8000
ff00
0008
0010
0010
0004
0002
0101
0038
0004
0040
7fff
ffff
0060
0010
0028
0001
0010
7fff
ff01
0064
0040
0100
0064
0038
0101
8000
0028
0101
ffff
ffff
ffff
0100
0040
012c
0101
0028
ffff
00ff
00ff
0028
8000
0100
0064
7fff
0028
0100
0008
7fff
0004
0010
0101
0100
fffe
0008
0038
ff00
00ff
012c
7fff
0028
7fff
0008
0064
012c
ff00
0038
fffe
012c
0101
ffff
0040
0040
0028
00ff
0001
ff00
0028
0010
0010
fffe
7fff
7fff
ff00
0028
0030
8000
0064
0100
0028
8000
fffe
0001
0004
0064
0040
fffe
0038
fffe
ffff
0101
0001
ff01
0040
0064
0028
012c
0010
0101
0064
0002
0001
ff00
0060
0004
0001
0010
0028
012c
0100
0060
0060
0060
0030
fffe
7fff
8000
7fff
ff01
0040
0040
fffe
8000
0100
0038
0002
0064
0100
ff01
0040
0028
0008
0101
8000
0004
0008
0064
0002
0064
fffe
0060
0028
0001
0030
0008
0028
0028
0038
0028
8000
0040
0004
fffe
0001
0004
0064
8000
0008
ffff
0060
ff00
fffe
0038
0038
0101
012c
0008
0001
0002
0060
ff01
012c
8000
8000
7fff
012c
0002
0028
0002
0064
7fff
012c
0030
0010
0100
7fff
012c
7fff
ff01
0064
0010
fffe
7fff
0002
ff00
0100
0040
0030
fffe
012c
0008
0040
0004
0040
012c
8000
0030
0038
ff01
0101
0030
0064
ffff
0008
0100
7fff
0030
0030
7fff
0040
0101
0004
0010
00ff
fffe
0004
0060
012c
0101
0010
ff00
0004
0010
7fff
0101
0100
0030
012c
0040
ffff
0001
ff00
ff00
0038
0100
0040
7fff
7fff
012c
ff00
ffff
ff00
0028
0100
fffe
ffff
0038
0038
0060
fffe
ffff
0008
0064
0101
0002
0101
0060
0008
0060
0030
7fff
0060
ff01
0001
0060
7fff
ff00
0008
0004
0010
0008
0100
ff01
0010
7fff
00ff
0100
0064
012c
0038
0038
0004
0002
ffff
0030
ff00
0038
0002
ffff
0001
0010
7fff
0004
7fff
00ff
0030
0100
0008
0001
0101
0010
0010
00ff
0038
012c
fffe
0038
0028
0030
0101
0028
0004
0002
0008
0060
0101
0004
0001
0040
012c
0100
0030
0101
0038
8000
0060
00ff
00ff
0002
0040
0060
0040
fffe
ffff
0038
0030
00ff
0030
0101
ff01
fffe
ffff
0010
0008
0060
0040
0002
0064
fffe
0001
0004
ff01
ff00
ff00
8000
0028
0064
ff00
0030
ff01
0008
012c
0004
0028
0038
0004
ff00
0100
0101
0010
0101
ff00
0040
0028
0100
0010
ff01
ff00
0002
00ff
00ff
0100
00ff
0004
0004
ff00
ff00
0002
012c
0002
fffe
0010
0064
ff00
ffff
00ff
0038
fffe
0060
fffe
0010
0004
0060
ffff
0030
0010
0060
0040
0064
0038
0101
0038
012c
0101
ff00
0030
0001
0101
ff00
7fff
0060
8000
ff00
ff00
fffe
0008
ff01
0004
0064
0002
0001
ff01
0030
0010
0101
ff00
0028
8000
00ff
0101
7fff
ff00
0030
7fff
0002
7fff
0038
0004
ff00
012c
0004
0060
7fff
0101
ff01
ffff
fffe
0010
8000
012c
012c
0001
00ff
0010
8000
0100
0030
8000
0101
0008
0002
ff01
0100
8000
7fff
0038
0038
8000
ff00
8000
0060
0100
fffe
7fff
00ff
0008
0101
0060
0001
ff01
0100
0010
0002
0008
0028
0030
0060
ff00
0060
012c
0040
0060
0040
7fff
0028
0001
0060
0010
0004
ffff
ff01
0038
0038
0001
012c
0028
fffe
0100
0040
0010
00ff
fffe
7fff
ff00
012c
0040
0038
ff00
0001
0030
ff01
ff01
0064
0064
7fff
0010
0001
8000
0002
0001
7fff
ff01
0040
0001
8000
8000
0060
0100
0064
0101
00ff
0064
0028
0028
0004
0028
0060
00ff
0100
0038
ffff
ff01
ff00
ff00
0001
0064
ff00
7fff
0064
012c
8000
ff00
0101
0008
0101
ff01
0004
00ff
0010
0001
0010
00ff
fffe
012c
0028
0040
00ff
ff01
0002
00ff
0064
0001
8000
0038
0028
0010
0060
0028
0038
0001
ff01
0100
0064
8000
0030
0004
0038
ff01
0038
ff01
0028
0028
0001
00ff
0040
0040
0030
012c
0002
ff01
0010
0038
0001
0100
0060
0060
0030
ff00
0064
0100
7fff
0038
0004
fffe
0040
0100
0064
0002
00ff
0100
0002
0028
0060
00ff
0064
012c
0100
ff01
0060
0064
00ff
7fff
0030
fffe
0001
0004
0064
fffe
0064
0008
00ff
012c
0002
ff00
ff00
00ff
0030
0038
ff01
8000
0008
00ff
0004
0004
ff01
0040
0028
ff01
0064
0040
fffe
0064
0101
0010
0002
0010
00ff
012c
0101
ff01
ff00
0101
0060
0028
012c
0028
0030
0100
7fff
0038
0060
ff00
0028
0010
0040
fffe
0101
0008
0002
ff01
0004
00ff
0064
0028
ffff
ff00
0008
0030
0010
0038
0028
012c
0002
0030
012c
0001
0002
8000
0038
0060
0100
0040
0100
0038
ffff
0010
0040
0038
8000
ff01
0038
0038
0064
fffe
0100
0064
00ff
0060
0028
fffe
00ff
0030
012c
0004
0100
0010
00ff
0002
0001
fffe
00ff
ffff
8000
0030
0101
ff01
ffff
0101
0008
0028
7fff
0101
0060
0010
0030
ff01
012c
012c
0008
0030
0040
0001
00ff
0038
ff00
0002
0028
0100
012c
00ff
0064
0030
0028
00ff
0101
0038
0040
0004
012c
012c
0100
0001
0010
0008
fffe
0060
8000
0004
0001
8000
0038
ff00
0040
0028
0010
0101
0038
ffff
0010
012c
7fff
0010
0038
0100
0030
0101
0008
0010
0030
ffff
0064
0010
0060
8000
ff00
0040
0002
0001
0010
ff00
0002
0002
0038
ff01
8000
0002
0040
0010
ff00
ffff
0028
0010
0008
8000
0010
0064
fffe
0101
0038
8000
fffe
0010
ff00
0010
0002
012c
0040
ffff
0008
ff00
00ff
ff00
0028
ff01
0060
ffff
0101
fffe
00ff
ffff
0101
0004
ff00
0030
ffff
0040
0004
0040
0100
0002
ffff
8000
ffff
0040
0101
0010
0010
0064
8000
ff00
012c
0101
fffe
0030
0040
0002
0038
0038
fffe
0060
0001
012c
7fff
0001
0101
0101
00ff
8000
8000
0010
012c
0002
8000
0060
0001
012c
fffe
012c
ff01
0040
fffe
ff00
0101
ffff
ff01
0100
0101
0101
ff00
ff00
0002
ff00
0028
0040
ff01
0010
0100
0038
ff00
0028
8000
012c
0001
7fff
00ff
0008
ff00
0002
ffff
0064
ff01
0004
0010
0002
0030
0040
ff01
7fff
0002
fffe
0100
0002
0030
0004
0064
0004
8000
8000
0030
0101
7fff
012c
ff01
0004
0060
0040
0008
7fff
ffff
0001
8000
0004
0100
00ff
012c
0028
0008
0004
00ff
ff01
fffe
ff01
0004
012c
0030
0028
ffff
fffe
0038
8000
8000
0030
00ff
0038
0038
0030
012c
0004
0064
0060
0028
0030
0001
0040
0001
0040
012c
ff00
012c
0064
0001
0028
012c
0064
0040
0001
ff00
0101
ffff
ff00
8000
012c
0038
7fff
0060
7fff
ff01
0004
012c
7fff
012c
0001
0028
8000
0100
0010
0004
00ff
0064
0008
0008
7fff
0038
0004
0030
fffe
012c
0028
ff01
00ff
00ff
0064
0028
0008
0060
0101
ff00
0101
0001
0101
0101
0064
8000
fffe
0008
0004
0028
ffff
0100
ff01
00ff
fffe
7fff
00ff
ff00
0100
0002
ffff
012c
0004
0004
fffe
0030
0010
7fff
0004
0064
ffff
0004
0002
0040
00ff
ff01
ffff
0100
0100
0028
fffe
fffe
012c
0100
0004
7fff
0064
0101
0008
0028
7fff
0040
0038
0064
0004
0010
ffff
0010
0101
00ff
0030
0060
0064
012c
00ff
00ff
0100
ffff
0028
0060
fffe
0001
00ff
0060
0101
00ff
0004
0028
0001
0040
0002
00ff
0038
00ff
ff01
fffe
0028
7fff
00ff
00ff
0060
7fff
0040
0064
ff00
0060
0060
0001
0101
7fff
ff00
0101
0010
0010
012c
0100
0001
0010
0010
fffe
0001
ffff
ff00
7fff
7fff
ff01
7fff
0101
0038
ffff
00ff
0060
0040
7fff
0008
0060
0010
8000
0001
0101
0100
0030
0100
ff00
0040
0001
ff00
0002
ff01
0064
8000
0004
0038
0038
0010
0101
7fff
012c
00ff
0101
0008
ffff
fffe
0064
0064
0004
0028
ffff
8000
0030
0030
0101
fffe
012c
0028
0101
00ff
0030
0004
0002
ff01
fffe
ffff
fffe
0004
ff01
7fff
00ff
00ff
0030
ff01
012c
7fff
0040
0030
00ff
012c
0010
00ff
0038
0030
0010
ff00
0100
0030
0060
00ff
ff01
7fff
012c
ff00
0028
0002
0004
0100
ff00
0064
00ff
0038
fffe
0010
0008
0010
0101
0002
0100
0008
8000
0040
ff00
0008
0064
0008
0010
012c
ff00
0002
0010
0008
00ff
0001
fffe
0008
0040
0064
0040
00ff
0008
7fff
0100
0030
012c
012c
012c
7fff
0028
8000
0002
ff01
0008
ffff
0060
fffe
0001
0101
0060
00ff
0101
ff01
0060
