060e379
797a08d
45ad049
5056df1
66859da
39da9fd
511ac4d
42a4885
3f943c1
60ce6d7
10c2b8a
018ffb7
4915ddd
164d214
41dd7d3
584eb18
1067882
049c56f
6cd9b32
4fe8905
79a69f3
63bfa43
629fed3
1f059f6
4b6f270
10f13db
160c714
1b855dd
658bb71
39352bb
49f54cb
2cf32a2
3923269
2792035
75f021c
79aca21
27497ab
6e95e1d
4e183f4
5dc64b3
5c5dad8
648f088
10ad589
724db9b
55aa531
229f66d
2da860c
652f740
5558add
2e5ce6b
35dc054
1c418f3
3963498
4d67320
623649d
2de6c4a
68e9355
22eef4b
0f8e803
3d78dc1
4d576e5
03ac15e
3b66fe3
3bc0648
014210d
2290884
256ac2d
1dcc3af
1d43fcc
1093417
3cbf008
7ee89d0
3ca5724
44060a7
6752648
319b524
21c55a9
4d93d12
09218fa
27d9d4c
3c90e89
3f00254
1ba656d
08c8090
0fe2326
1e7be74
371f9d0
75f9892
088cf5a
06dc51b
11a885c
07fe1dc
4e7cab5
5499179
125a322
2d1d6d1
1c07135
368f2ed
2245cd7
061edfa
240e2d8
0d5310f
11f84be
7ed032a
15e7a3a
2b81d0a
45782ba
19948e0
194305a
368c52d
18ea2e8
6829721
7bb260d
4f9b4df
278afc2
3fd8e27
498e352
01625ec
495aa95
0fa626a
2ee6e3b
534dedb
7aaa00e
48a84fa
155fbd5
2c147bb
2ddbbd9
3ba92a1
10369d6
5f2fb6f
5823554
7b338f5
51f88b9
1267f27
42d39d4
2d88fa9
50e68c7
6af6707
22fc9b4
3229c42
18ce5c9
63b6bb7
6aefa8d
4fd0cc6
7a233a9
10398ef
5d5d39f
00c8e63
22f91b3
42e0849
6d6ae7f
41012ca
5e648aa
51e4f54
41b6926
5cbb0be
193817e
4fe6285
24769f7
5504a51
4a6fcdf
7f49b38
6330c3f
5063e3b
61077a7
6fd24f9
239b164
3d55e18
41c7728
4fd337c
4474a3c
2e4294a
5d065d7
675c948
36bb8be
763aaf1
1b0284c
0b74ca2
3e8c17d
69f639e
2c593c6
3f20f91
744f125
29e6cda
4426344
56101c0
34d6c84
18dcbdb
55aede9
3130cbc
773e013
4aa3ca7
26a7210
75271c8
6b60f27
6681d82
2b74c10
4c52767
26c4979
5fbed52
4c08762
7535d37
6c19dc8
7873ef6
10df846
632000a
37af440
6baa032
5bea975
08a83f4
5cda3f7
3f2e758
119911b
013e296
698c944
3d5b263
65b0012
02d1b9d
15a0306
5bb1699
2a95d29
3469fa9
75839ea
37f10b1
69e865d
660a074
59b120c
5b654eb
3cadf30
41d19d9
2df589c
0624356
573b911
7cc40bf
0e478a6
6dd896d
53af2f3
2e40d9d
5290847
1ad1be3
2fb4e4d
0478db3
3d60087
3a4cc12
0d77855
4c2bafc
3cf59b1
5fc98d9
6cd6fb5
2c2a1b7
6554030
5699243
4a66e84
3729d29
5bdd91e
5c088f8
6c96374
19b8c93
0aeb30a
1b7a4c6
4dfc48b
623e7b0
00bb9a0
2105fb2
1da4d13
0c35d26
53f44b5
463f04b
68c38cf
1a3f87d
1cce3e3
14aa5ce
6881b40
4448dfa
265076c
295e77c
2f43715
6f660fe
67df391
5b9b44c
47abb15
78d91eb
4fd654c
12c0fc0
51a1e8a
4c19993
1f75a5f
3ffefd3
6f2fd1e
5030698
3f0733d
6c56b05
0ff60c3
539ed4f
484eab4
2e2ec4b
04feee0
7536fb0
6da39fb
5174633
3ab73d8
0224563
73584bc
60946eb
438ddd3
6283348
016e2d4
7c76db4
2edb71e
53dd179
2eefeae
5b4a7c6
5d1c063
2ea1bde
55b2033
3a3a0fe
020ca8a
29e466a
383bdf8
35d8773
643ae38
682eaeb
1a46f40
6fd3a96
23270e9
0834298
53ec554
74d06a5
00f44ed
62784f6
02995eb
4efec32
012bc40
51027c4
6fb6084
22ec201
7803fda
2514b16
5d482ad
274ea26
7e009f3
079a256
582c58f
68a5ab3
79f1f42
31778de
2de7fa5
3a31385
43557d3
39da734
70f36a7
19564ef
7852e46
5d29a2a
220b1f3
4b18fea
539fed2
1a44d06
2e99f59
2ab70cd
553b9eb
5ab758f
2caf653
226990e
4ac6787
63297ca
3f64b89
2dc19f4
61ee57e
6bcb832
02e7908
13f60db
1f654e0
543caff
72399ce
25228da
1ac0cf1
6168402
2690aaf
1b4c93f
4f161f5
6bdc2fc
29ad1c2
61796d6
6fe91c5
3986948
460f327
287bba2
5adfdbe
1c1698d
0c18ed5
4c43336
4290bd8
4e875d2
14b5ed3
38b568b
743ee7f
188876f
3bde558
25ddb47
622e84f
7e7be6d
7037197
3e3fff3
08a44a9
3b204fc
16f1e70
6af6976
162d331
619ee07
15fa604
0809a9d
61af8bc
259d69c
6d00494
683842a
63e2093
1b152eb
1641f15
3095ef1
1ed5eab
1e1cb74
463d135
2cf38b1
560d894
3e89e2d
71fe434
42d02a8
0debbe0
7b960b8
1a84c1b
7c25f29
1ed3145
00efa04
3a18f4f
6966ca9
71d0e65
364472b
1250221
6c8ac28
038eedf
17f9530
16a0d54
64f12a7
359dd21
47ef0af
4b43386
64f0f38
6d5c5ef
7b50295
31af9d1
1d22b42
5763696
05369e8
0a3d8d5
33b2058
27e591c
5ae6305
28ed85f
75b3555
244ef4b
227f2e4
35ee5cc
7e1fdd8
4838fc3
3eeaeac
096c603
4bc1742
74496b4
166ef57
38f0e83
164f2dd
146e20f
27aaf2f
2893abc
641decc
12df89d
7352576
0ea97a9
3efc5f4
3de8861
10b462f
2f0b8bd
7ee8ee3
4ca987f
357e9bc
2c7a8c0
1b99f59
0f5f2bc
0979ba8
4e5077e
70cfcd3
2a81e6a
1412edd
65a6b8a
1fed415
53be214
47f1573
580d94f
6c7031e
78f4647
6e45422
6a1bfdb
4acbc29
4e43860
33947f0
410db03
521ebd6
2c8f531
40f1607
7af4cff
0c2acf3
543939e
3007316
70f2f33
574a535
349e23c
7061762
75b8192
1ea6e45
7175c62
75a19d8
71550c4
32dad36
3228cf5
52abf16
7b7ef44
678df23
5d3edf3
5930302
06f7b3d
1ebb184
4926b17
7c52099
75d8e13
5fd34e2
6097704
236140e
7242f9d
52c4a07
7c7918c
15ab69b
32bb9c5
13f5c99
390412e
5d44ef2
6de6744
770b42c
3577319
1e13a8a
66bcd01
79d3a45
3904fad
7bdfcdd
5bdc988
003603b
32d7030
70b268b
479679d
290c60a
71b748a
5cab753
47ab4b0
21e14e1
0d4c226
5129b80
24737f3
37c635d
2b5be09
54adfeb
1175819
5652180
6a62550
679c6e1
4144276
680fbbe
37406dd
025a55c
1192afa
6d558a0
4603c12
4de4e44
4dd8dd2
0d76266
705f5f0
3eafeca
2bdedbe
46014f9
42c76dd
51528a2
0a8b338
27e812f
490fc96
573ae4a
2c5ca1d
05911bb
3021d91
4ee941d
3051f65
6d89a0d
7f3454a
096e6d7
57e63e1
5f26355
42aaff6
7d4f664
68cd8ba
74c1851
7edb1ce
689bede
547d4f0
5fa92e5
4bf9985
25cf8c1
28253a5
4214ab8
471873a
3e9d6c7
712f289
0c3807d
132c247
22d5c91
4f03c60
0c66da7
4e34f01
07d9b47
56ce11a
5994648
3d897a6
4246f53
79a3223
033e958
41c8f74
5c92d7d
52ac0c6
01638d0
517346b
4c3d8c0
16cae1a
3698dc1
4cde30e
2297963
68f7b7d
07c5cc9
13d8fee
7c32899
6997450
211273a
2d873f6
77d699d
6672f02
6921c12
77ba42f
0f357b9
54b0970
6befdfe
2e792fa
3edce2f
54bd361
2b8430b
594a2b8
55dfe5f
35178ba
2e5ef0f
3abc0dc
3e5a07d
2268a3a
464dabb
4323d50
3db1aa5
1eb10a4
3eb3a49
5d5a5e5
0dd45d4
7d5591f
289b906
3ce8c08
2199392
6979764
4e62e89
7ce1d6f
7f2fadf
3ea363f
538f2a5
30f3385
61901b4
5e452e9
24efc4d
7e7e6da
17c2dd1
69655a0
6d25502
5e0a08c
0b75d76
7bb06d6
1d147b3
631c719
50f6140
1b23519
619d44f
1155666
1aab552
6a4fd15
59d0ccc
3fd4690
0685a01
7781e81
73dab15
0dc0ed5
37b46d9
7f86484
7b2c69d
4cee013
3a68195
15c48c1
00722c6
0d6cca4
505fef3
1d0bcdf
3dcef1c
6900372
31d3ef4
413e5d6
7bc0058
0c67e89
01e91dd
11fed40
1a92838
6837769
6d4ae18
3036281
6e48cf6
7d23e71
58a2d29
4e0cc26
66093e3
771e4e8
529f039
2bdccc9
4a77814
7ab4e08
153e0fc
69ef865
0034267
44eb432
31ddff1
5391e1d
3204e66
1729b97
3189370
003bf9a
0442ee7
537bd58
26e79e1
13774bc
716cbf4
7d91027
1897522
5f2c44d
52b9572
139c1f0
5ad5270
12bfcdb
418f61c
4381918
1824da7
27cf1ef
38cd07e
0123cde
21ccfb4
0114962
42b96dc
40b4924
36d33cd
70b89d5
6cf8e9f
7a07753
563c61a
2e1f37c
4b599e9
72ef624
1d0bc69
5379c7d
024f840
0f210d7
184d87b
34a1d88
7512ac9
36ae911
4a99838
6c7fe61
599be22
1a9a686
37862a3
7f5908f
4b222d0
1fa9b24
701c22e
76cdb56
67e50f6
6db08ce
0bb35de
7d4e07e
763f523
3d8759c
423db07
788f640
64b997b
4c74ac7
3ab8e2d
28a62e4
77fe0f1
672f659
442d3ef
209e42c
6f9202d
6234fe1
601c8d7
6d10fc1
77e2df3
4cbbe46
3063bd5
21fa6bc
0041479
328b594
44b830a
7cc0083
2c31e8d
074c22c
69b9b1e
430306b
7844d59
3d37dc7
6e6882b
1a99ff3
6c3b7a2
4dbfb4a
0dc1aae
3450501
6bec30e
4354690
63c9aeb
78c31a1
35d3b70
5e49378
32c5451
32aa4f9
2367132
60c25ef
5fd8d96
4f64468
1ce14ab
3047ff6
156e508
7736555
74dcc2c
54ca466
50aaec1
09caa57
114f928
32dce9f
638bf0d
46f59c3
79cf0f0
4adec43
1dc1546
6ef8c9d
63c2e02
7d1367b
1b2d413
44ec35f
40862a0
1ce9690
6150228
204143a
3a7b7f6
34309a8
49fb044
76a4928
7eb9321
6b3d193
63bb3b5
530a341
60d7b9e
3404d98
6940347
7ed66c5
5f8bdd1
2e3643b
7b53d37
1a5c87f
0ece53b
093056a
3ccfa08
0c97697
60444ac
2b33dca
2f69c59
328171c
69fb763
066741b
790e809
43d7b3a
3964712
5ff30ef
03888ff
6102eb1
5f02586
545be2a
3c3fa24
5743da0
52be314
62681d7
12e4efb
4012804
53d3492
4cab57c
1c1167f
2754012
519168b
48599c8
6d29c23
71a24f3
1304440
5d45e83
61edb8a
5176af8
5899ea6
2513984
333e3d8
3f7c3b4
31d5cf3
61e29ce
7a21e7d
1afbca4
3cc1093
38d76d6
4513355
71b93f5
19cee06
7cd2060
4ac7bf8
4b8f9bb
3faf972
53b4550
00095ff
4b24c93
4027f24
3fac911
562cec7
7c061b5
12a9c85
0fa5e1b
296f0db
4eb2765
7beabcd
36ee1b6
6a8ec76
5ac7e28
15667cd
0c28cba
4169977
60ca7e5
7d1bc85
2a2a536
5a5cd38
66c74ee
6506fad
7160520
4ba382c
341c2c1
3337082
59f0cf8
4aa5502
48095cb
7d911ae
08b3572
6f02292
0da6cea
439ad1c
5ff61f2
7019080
5883720
1bfbaa1
2786425
50dfac2
264346b
7d94bd7
65571ad
7d23d16
3b3055e
236d56e
4d131fd
53c13b7
021c716
35e6c83
1f3ed91
161dc3d
05c35af
23efead
3a7577c
22a4f47
6f43171
5ea9965
1c6ce93
2886c1d
148747f
7b7ed3f
5e25bfb
66292f7
208fd43
131b10d
15b4472
7bc724e
3f7b7ea
2080520
1fdd699
1d83c26
6de4107
746a6e3
38f13d8
0e3b598
10d279e
43aecf7
4fae0d3
12219ae
26f8c37
4f38908
3ee7983
7b30a32
714c4d9
4c1362e
7373ec2
74eb451
29b6e98
0360d66
4fd2cfd
2e87fec
0e424d2
47d399d
17ee9ea
62d054a
633fc46
7f9bb7f
357d6cd
341a473
74e14b7
77ae5cc
3bd19d0
44c6a91
2ef601b
788fe17
25fcb6d
216440d
59c4af6
1cd43dd
477bae6
5a1fb9c
65e7e29
027c5eb
0389265
2a6a6cd
0f3f5e3
4d3c2e0
692feca
533061b
316737e
75359bb
387fbdd
4239716
790df56
46dd57e
0fafb98
740f928
3107ee0
1552c9c
5eceba5
332de27
2390554
55cada8
558833c
22e87b5
5021ebe
5b729fc
227eab5
2420564
5d65588
3a46c8c
2328164
1dd6fbc
0d1a9d5
7a361bb
29c6011
735a012
78728ae
28d0a03
709aea5
5d2c87e
08a53e7
51724cd
07e1be6
42a9071
4b154f4
4e4db43
6997533
4225a3a
2270f17
4fa522e
6ad97ad
5e7278c
0335183
720fa00
456f9f1
75342c0
742d177
510cf6e
736d391
3825b31
3e1efcd
66f3c31
67006d1
06a6ee8
284969b
1d7a641
4f2a555
49357c2
3a9faaf
000596e
2c4888a
35e69a1
2dc1446
05c844f
223c932
252aaab
4531acf
7a0f6bd
52cd674
1d03338
2bbd744
2c31699
6d8e95e
59a7e89
1909faf
12df8df
3329c8d
460149e
282f853
3a3abdf
27776ed
2598337
18680ba
6eef54e
18bf015
3fbeed0
33c92bd
0438510
0469578
6d5cfd7
5510a27
479fb14
4cc92ee
0ad3d07
1433316
14e16d1
5eae9d4
27d4e6b
1e40f73
7f2d8c3
035795d
4bc51ca
5cb54cf
3a421d8
711860b
359e364
7b6dd18
638ca05
05df358
247f5e7
270b547
28d68f2
38960f8
1a5f837
6bd9ada
77a4d95
6f5d3b1
7ddc42a
1980ccd
6595b1c
50489d1
478ca80
692525d
3eb0eb6
19ef2aa
1e779eb
1c4a1e4
57c9f4f
77e2e6b
10df8ab
493ad2c
7b2b9ba
0879263
03b703b
22361d3
364d445
6c6d22f
32a00ed
196521e
05bca43
74aab0a
3652b9a
13861f9
0016a50
17ba825
4546a6e
4efdd0b
6c6ca19
284f9c8
0d09450
6314479
75bd23e
43dbf2d
605ad84
47c3dd6
772c723
3ece8e7
40e46e4
2da7509
2b08b8e
3de1632
69c7c27
134b793
10d677b
0e19fb9
6ec49cf
78492be
467f0cf
733a088
5572a9f
4070918
408c135
6f82788
548106a
3d0bbb0
01311ee
50f1357
4a95eb4
1557be5
5e729d7
266815c
2933c99
43a9b29
438bbcb
4f18dbe
70bb34c
05f7e09
00b924a
40ef09a
6974cb6
0f299c1
4e875eb
7a36212
715761b
3630137
6be89b3
151107f
3d90e3b
72e5d22
6e8211f
4549ca0
58da11b
11bdb51
0b4155c
4ad6aa9
79bef8f
1cce2ba
21b1cc8
4132ecd
580a0d1
671ea81
141a782
1781375
7d5c43d
6a04a14
52530d5
5a0fcd1
1adb1e2
785e091
485d918
3d0e61b
1b138e3
43c7a43
706bd01
7973992
58b5fff
2d5688a
3e48e44
1a2f28e
6120543
7a7fd97
34e2001
5fcefc4
7dbfb72
107ff99
2b68abd
22b8ab0
46f5663
498fe6c
51e0a8e
16e537c
2dc0601
65d0e69
7a1da4c
110c93e
61e31b8
0201436
742150b
240e3b6
715cf71
7ad3c52
60424f4
2e5b56e
554f729
091d2a0
3c160c6
13e6710
34a9080
5b18d71
1c9c8fc
4cf1b4c
0584821
7b1acb2
412f8a9
0cb7a0a
58d3140
6852ac9
670ec8a
70ca141
1f01db8
55fdcf5
1362c68
60a5b06
3e8fd48
0397dd8
70188f7
3cf6832
22651d5
6dc0686
6b7483c
7b334f3
5759ded
7474ccc
39eaf63
6fa1b4e
1a207cd
7032849
5137e34
6dceced
74eade4
6108fa1
4ac378b
7a87b2c
2749b75
7e9aab8
68e9324
2f19424
536ba46
49c2a34
54fbdeb
0f45300
05a2634
6de8f74
4dc199a
126bd5d
65537ab
6f4caf1
7ce1f00
72d6a9e
4a14f4b
7c3f2dd
3495f8d
12f5245
561de72
57229c0
700813f
34d547c
150a8af
4944aeb
10029df
708d204
443556e
100eb05
5159d86
688cbc6
6205e78
3a5da74
2e189fb
6d80391
5b9ed98
160e97f
7bdca3d
587ca3b
2cf2224
5ecb15b
48e6892
792d35c
6d28e3e
02893f6
487f147
713dc97
1de95af
7c7e9f4
792b14d
7ed0caf
2ea1b30
6b4a705
3cb3d94
35464fc
0936a2d
10d0771
185be01
7b969c2
6fc79e5
4cbad56
5006881
4ee6bab
7b61129
140e972
6a47817
0c9e040
6a51023
6c35898
4d5b719
5a35025
797e6f4
6170147
6752d2e
40ed836
47fc3ff
78e1773
0e868b5
63b8c1e
19228ae
6f29982
5462f02
5434677
0c0f098
755be81
6ccd13e
71bdc06
009cfba
7860bc0
7672554
3d5e9ce
79965aa
7c92045
7667f8c
7aed5eb
779b045
01f0d7f
5a6fc1f
231d23d
11a2771
2a0f1ee
681dea3
7686d22
5148134
4588ffb
73a2238
5b04419
62e57df
3f51788
39db90c
6c813d1
33e945c
029b501
7a385f6
5088358
53944ed
5548c66
2ff0c2e
74ed3dc
4a8b4c5
23f18f8
138b634
056844e
6614f89
5410c4a
1cda9bd
7728e13
6f7e8c1
189a978
0da9a9a
7e7064b
5278f4f
5861815
479859a
53bc769
5e84939
690fb1a
182f4de
0b3e6fd
7084c3b
6bd5285
2305d53
2631e74
54f18c1
540634c
35fee91
4ed9282
59c0d0d
1920cef
3230270
094bf88
2225df3
2c19b89
058745e
694cf5e
1638486
49a68f9
3926569
1696235
03660d9
4302853
4de7899
15e92ef
023d8e5
3700eb5
72aa870
3cbcdce
6851c6a
33aefa3
0f55ffa
70bf050
6907f19
676827b
705a480
2ed47d5
6548969
28fb960
20b3796
6323cbd
5fc030f
2e78b44
39f903c
5b3a553
5bf238c
418b2bc
4ff495a
26d2e68
0af5bb1
583617d
485313f
0664041
577966d
0c7ef6c
45a678d
2b19dd8
03ad53e
46b5f4e
302a022
7b5e62e
16b6c22
10915ed
511fe06
14f95f7
08b3643
1426733
4df5bf5
6a59fa4
39d45ae
40c08ef
774dbe2
6482541
0a884b0
5eb48cc
147699c
0cbb4bd
6e794cb
63c5053
679ab51
2f17677
60afaa3
71c5efb
2f83be8
13c5e08
4779d0b
4ed0aaa
42e0b02
28835a2
4477660
0aad371
54e0930
5abb6e0
510a59f
707695e
14b3ea9
202927f
44379af
336ebcc
072d869
16628f0
0a16fc3
2234f3b
7fc7c65
29c6dad
147805d
24dfcab
065120a
4f72317
6a98c06
571ad3a
4e47043
049f698
2b3c3bb
256a0f2
54a1130
5eb3ff8
66d1b51
3b80dce
57ffb44
1243802
3b7dc2c
5934b7f
6b6ac80
715eb15
02b9acb
720241c
33113ae
56b999b
7d4204a
793c03c
091929d
78720d5
4a915bf
6b8d2e1
1b0d6e4
2ad4d2a
654cb12
5e4ad01
3c75b9f
49da74c
5ea3c43
48675de
145e0a5
5ef516b
2334fd9
5993d73
55f154d
00ba2e2
2f0f047
74b26c0
11a91a3
70d7da1
56a403f
31628bd
6896c17
747b0d3
05bbc21
71c891e
6add407
3b4fe57
09a9b98
133c8be
5b37e0a
5dcc57e
45de962
5831726
02e2917
4ed70a9
4435755
490e937
45f0ca6
786c188
417b1c8
48068de
0f80303
0a8b756
6742bb4
1e0bb22
5bdd2a0
3d3260b
60337e8
1bfb4cb
25506a9
58bb24b
4b1d4fb
6dfc4e2
1144b0a
05c92cb
7d7f42e
4e1214c
2169963
77dece8
2d6a501
62db98f
499ecc9
717a324
4647efe
580af66
3eec4be
7779b7b
4deee98
4429431
4537c72
15ee122
6b75328
180f079
57d9f87
134aad8
2febb3f
0e9e6b2
0482274
5f5ccc9
223c1a2
047b8ff
653d800
320391b
3991d1b
7a64895
110fb05
2a90260
2e7fba6
6d5c93c
1372f1f
29ef750
573bcc7
71b060c
457ea07
450a33d
651e671
1db73a1
7c97454
28e04c2
2a8d931
6cdb191
2d262b6
3aa988a
27ddb4e
74ef937
0275643
1575506
31443a6
19fe3fa
720231c
42f1be5
3b4572f
3d6c4e2
0a044b3
209606c
15273a0
61a90d6
5dd4ddb
55bc100
5a5abf1
5b74932
2142564
2511800
1f574bd
79fcf03
2f282f1
47b4185
1e95169
06992c6
51cbc94
560be13
0921a0b
09a85f8
184e3f9
5bd38dc
772b318
22ca3c2
58b83ac
799c915
41fa890
08abbb4
0d25cf5
3a1df65
0eca556
106d75f
4f52511
46f221a
5ae8886
414e19b
0451902
7f0ab93
6940a1b
05dd1b4
7140c18
7709a5e
2b91584
50dbede
1dce3b2
5ec7ea8
510d539
486bdf2
26c6b31
7e84623
7d7c9ea
6ad5758
60feeb7
4e99a52
100ce12
407b724
5ce96b8
1ddfb63
6c8685d
20cc529
7251ecd
6fb29b1
2b80f87
1293210
7a07367
2933134
0183eab
0cd19d5
743dd3f
4cd31c2
7da6fee
04bc6b0
1a1adb8
301e3a6
57b1d0c
2772d4d
63cc918
04c583f
0e958d6
05022e6
4c86254
57ae7af
5262487
2e91d83
6ad664d
638cb2a
6acc108
079efa5
6234f96
5525f4c
62ddd3c
3073bef
421b7f6
7f0cd59
4e6d42d
0fa2f61
3006b1a
15ca45f
2ac6b2f
411f920
678ca12
049e460
39ca02a
61b1973
2518ae6
0d25efc
578a52c
43e7238
58cbfeb
4bd702a
72e8ffc
76f6b89
0b7c23b
4fa834e
325384a
14e2ec9
6961d3f
4fee8a4
6ba0dbd
134edd6
39f5306
3d1a702
49d28c9
14714f2
7c2da8b
1ed86f0
477335b
54234e8
2232c29
233be79
52e3c1f
2bf02ee
79e3289
6efd717
3e84abc
1c31e6d
7edc54d
12bfbdb
1dbd951
4ca0659
5d9dad0
0c88c63
61495c3
1e41e8d
66c5fc1
52ab7ca
7740319
2622cfc
5442d4b
12cc7fa
0f12cc2
30e121c
0277244
54e13cf
10070b9
5910ef9
54c91fa
60b1586
09f8323
785b329
41765e6
6d5f8d9
6dc9662
6ac5002
1ad5c3c
7082512
2d0dec7
5908282
6dd9059
732efd0
7c6f0da
77673ec
5fa2e73
0a323f6
70b35f9
6ca8134
7227e7d
308dde7
510af67
311ed09
386385a
3777b4e
17ededb
07c4c5d
428e0ac
2ac1475
2db7950
03392cf
2c8d59a
026f7d6
6294254
69a9ca4
6337ce2
5ae719b
5b51c9f
546d4bf
3883cd3
00c3140
2e5f907
632d59f
26cfaf7
73120b3
23273cb
292a6b1
4243a81
512de84
3aef68e
45a775b
13e80b3
158d4ab
50c14e9
013dd60
0c7f058
3fc1c4f
5aa6399
147ecc8
304ed63
0585657
7a0baae
14d568b
59775df
30fa0c7
1e5e9bc
4526b81
72197e9
21adc9c
7659ec9
069cc8a
65de2c8
3226f2e
4330258
65d324a
34bb029
5f79dbe
019b4c2
470682d
57ba5e0
2d70001
09ce52b
47c8751
18a2c7c
4802ff6
7e45aa5
6b2ecea
717aad0
77d6fe1
337bb32
2c9afbc
0834199
68a8230
3f80dd8
71f0279
6085f1b
4988189
35fa05e
3ae2c8c
5ef2af1
62e6373
19f64fe
3adecb1
6b2fdba
2dd602e
2a83d9a
035f6d8
4a23bed
26ad41b
6634810
14b65e7
60d9bb3
512ce5f
357c68f
741fabd
144e298
08b7624
65ff097
5fc8a3c
24249ad
5cafd2f
4794a7d
1fcc453
6336f71
7b1987b
7910ef6
27c1867
02ffcbf
0bb05ad
3db92d7
56c13cb
702bee5
3a8fb4f
0f4ddfa
4130a71
539510a
6dbd5df
70f94bc
4a16177
1951b4b
7fa2ccb
18d7573
5198ab6
3474436
41359b4
5ad622a
609f9ca
0c3376c
7543fb5
6364e22
181de90
4b5b0f3
64be414
118d11e
3f19603
70d4574
7136797
69d759d
0243610
7d98aa6
416b4d7
6993497
35ed840
3904592
41b028f
37fd1aa
5754e01
2ce8392
13379dd
140ada4
4682110
45af5f0
5497c39
690b7ca
66fdb03
2bd5ae7
0825adf
7281088
1373037
22c345f
5e958df
44e34e2
108e1dc
06af696
5993c1d
76919f6
2fc16de
4bc1887
2385e37
3d35e15
58c7b7e
6ede83c
2c63956
6bc2680
5f66609
390532b
70e625d
109b16a
2670ef9
4e855c1
03b6bed
377c8e7
66e0fc8
438decf
0d4b0bb
12d8adb
55a0107
1cc770c
71f32de
2f72d12
5b00e55
0c703b9
0f3f230
33ff748
249f60a
5c9f8e8
05da5fb
0f8fc4c
6dfebbb
1e16961
2411552
4088748
3d7a35e
1c6dc1b
5ce130a
126515a
0182c8c
2ee38ea
78c1e9b
339104a
2ad6ddd
69e9bdd
50ba36a
16d7de7
40ef7b9
783cc44
1b45071
4208341
2ada143
4c70c5a
2ef5633
6a4bb3e
5742e87
10dd608
28b8b2f
662e1ea
1fcdb5e
452252f
1a7fda6
22f9730
0125b55
2a97cb9
29e6df4
703dd38
19001a2
6818cc9
1e46b61
721a1e3
6ddb1dc
6a1d62f
0d91250
66666a5
0a52623
388f54d
11711cf
6897dd8
1eb02f0
4c13a03
0c98808
0740fc0
5f6f757
2947e76
62fa1d4
05c746c
0f770b8
7fad74d
30f94be
06d5eb5
4f85dfa
047cc04
72fe5dd
7f67b0e
0371bc5
0cafed0
27da89c
326c7a1
316c64f
031d18b
6f1c6d7
7e5a71e
3d59459
4d02750
47a28df
242f4de
1a4cd27
521a71c
4f86e97
3cd1844
2bf849e
420a8cb
1018b0d
7c63532
3789c8e
12aedea
158e8d0
020e931
6f6eac7
20ee27e
5334338
75a063c
76885fc
51a381c
62861fb
051ec14
154527d
3b145ed
3e17418
26d359c
01f4844
393d6e2
14d5889
36f51b5
60fa99e
78690cb
6572c9a
7be9714
71c224d
60a5f26
6d89d79
3eb87da
00303e2
1b1e5b0
41edffc
4efd39d
5cd5587
1fac9f7
6b05608
4975a80
3c3d0c4
2daa9c8
51463bf
74625f1
5ac9cf4
29a2601
6ca6012
0c66051
592d9e8
0fd5bc2
4f446c1
72edac2
6e23c90
06aecde
07d15ce
34b44cd
5601661
7484a18
73f72a4
2b82582
4a7c0f2
50192d9
595e9fe
4ad5461
496e29b
2b2004d
79113f1
372a049
2fcfa9c
5f062f0
4ab5f07
37218a5
6d6da29
7586b1e
20c92f9
0936099
42f6604
3880b4a
6eee04f
5963b70
775a81c
14a25c0
4175dcb
0ae35ad
705d7c5
5dd7de0
20b1f0b
7b90d9d
14bab0c
499d474
239e75d
070e4c2
6840586
07a3563
2608f02
35a5675
3a7ba96
5dfe491
3f70594
36b8434
4d53c74
7da52eb
58496f2
1be8e6c
6989870
4fd9894
4b0048c
3fde5ef
1e5364a
64fb591
5ee246e
4773139
42f7c3d
74af472
402ae3f
2cb9351
0341d5b
433eb05
00fb418
72d55d5
7261ae5
3395e33
09d96d6
6fad9d3
26ae4e6
391e649
3eb6350
514c7a0
1df0c29
1a44700
40d5c30
28f6a7d
0c2618b
6b68630
051bf58
3a0adce
1f56301
4e30d88
01e8a96
6fe31b8
2f8b11f
1d51d1c
73cf6ce
5a4943c
29e7b94
7520aca
287255e
5a06e81
134b9dd
0c4d96e
5ae825a
158f31f
44349a9
18689a1
0b3e3fb
314805e
7c8a9eb
764ca58
611cf28
71ead0a
0557c4a
0640cd8
0a57064
3c1ca0d
2b15cab
5c54253
798b94e
2abbc09
1eb701c
2154c33
13543e9
740986b
5ca15ef
7d13752
3ae6d55
6e826f4
5edc139
527c405
260ba8a
15efef4
661426d
45da749
7b341dd
2b9b586
743f110
6243174
426343c
64fe117
2f8483c
4fe6c89
6dbbd21
71cbee0
40b8183
28fa210
743ab21
5e48571
7127b57
5959d10
1ae9b89
780be45
0707010
415cc53
0020f4d
627950a
711a3f7
18e9669
25060e5
684abf4
075016f
35a4348
3eaf89c
3292d45
2378b4d
1687fb9
214145a
699c305
2f233a7
4a62e27
17ed7be
262b244
462f866
424f8fc
1233066
31c745b
399055e
621a52b
6da01b6
0fbfcda
0bb07ef
1ad7261
31df119
6a868d7
61e6469
232ba0b
70db16c
1e14ff1
0e9a0b9
57bbe92
3b487c2
58d3314
74137ab
7d18c36
52a2b63
2463998
3fa7cf4
0d41b43
0ad1593
7dee684
7312730
1f38257
3929c24
7fac7f6
126c3d9
5d5c1e1
3b89504
77efdc8
7537a36
37207d6
7a81ed1
4dc6e0b
3fe5e5c
36825fa
42bbca6
3f88aac
78920cf
4a9a243
7e26e1f
3f24a5a
2efeb83
5db2efc
4810ba6
391b888
3414a07
30b0386
689a8b2
74ac885
1294873
53c12b8
04ef941
38bd6e3
3cc763c
1a63700
1b9a470
0aeb516
3fd0e78
69e1441
3aea7c7
26992cc
4ebd9da
7bdddc6
590ddd9
54ae1b4
0b77231
7b042b5
01facf8
5e9ee05
5d46b20
0aa1af4
060024b
28ee896
3c391c6
06fc7fe
4343e93
55b8397
33b9a3d
0ef39c7
192eea2
4c0a404
0723d14
7d2b89b
150cdb8
55777e2
5b53dd7
091e024
33a765f
3f9f812
17da900
226410b
37d277e
5ee7673
677284f
1ef1366
573d10a
1d7f44d
473ec6e
673f577
518bfe3
205ab24
62991a6
7dd7352
4dfe01e
4637293
66c4d5b
60a7eca
76c15fb
7eb8073
7704429
057f0c7
774732c
185e9c6
5bb1ec1
2a40f79
1985fd8
21defdb
082227a
13d1c4f
4df7278
42a0549
61e2367
7d0088c
5c4dbde
39361f0
0c6be4f
3ca2237
3059e9e
106983e
4f22741
4c321ac
3f4ddcc
4f2f74f
07e0635
620f33c
091c0b2
20acc40
0314664
3df7ace
0540e84
7924945
5d012ab
2f35b42
37eb969
06857e3
1efeb68
219b150
341b982
490fb52
1ccebd2
315ba4a
0acd4b7
166429b
6d0ebc9
1e4503f
0a03cc3
6f51628
1315f55
635afc1
33a19e9
6d79d06
541d2cc
28bd86d
3200917
52f03c6
4f22287
569aeff
6aaba48
64e3474
2cb70a2
5476e06
7d41c64
5cb99c1
327421b
597cafa
66a487f
64432c2
44f7100
72b844b
329986f
4a1a5b3
755cd84
711d4d7
3c144bf
0eba359
310f373
0c7f51b
48ced51
26261d4
6963a46
640fece
3a3b75c
1e6d26e
4b7c012
3d3475b
454e6d0
58be4cb
39a0a56
08a3775
1fb7057
24f34fb
5b1fa31
5cf1dfb
17fa4c4
216351c
6e32f59
762bc60
61d1996
36f99b3
770f9da
38dae48
374807f
2be6d19
145a85f
080f2fc
099e0cc
37c6025
0022650
63ef580
583e704
7a7c801
0882a69
2befd0a
098d633
50e864e
6b92dd7
3f25d34
1ae525f
6aca8eb
60aff93
74d4d56
689207c
580fcf4
2b76c88
5c02b2b
20462be
16b81ff
66dc089
4dc8a42
5ca4344
54e2019
0816bd1
085d2d0
692adcd
25b0471
232a3d4
30d6fcb
5a113c5
76a7497
4f648f9
076681e
24a9cb6
0997e89
2b3de6a
3ff4e7c
3f9febd
5cac515
5b0c14e
4e8bda1
11b216b
6865b09
0fd2fa4
41be2e7
67796fc
3b948a4
1e31508
5cfd69c
34f330f
6918599
0a2fb98
16dbc28
62d6b99
367358b
245c071
13de060
496c3d3
6eb5ff7
180a834
614a18c
702e1f9
70f10c3
78ffa05
4beed85
1114fef
20688bf
1f216ce
18eccd3
43a78e8
522bf66
30df620
610c88a
0da014e
346b4be
301793e
677aaad
2450efa
6658b7c
7359b67
710746f
0cb781a
320ef97
06b88df
19ad5f6
5db2d7f
29f3bf5
1d1c73e
216bb46
4502bb7
121fc55
70139eb
5927f0e
7198ef2
59d9c11
3310f01
0984588
3661845
5a116b1
24f3a14
5b07465
68a7c8f
1c3187e
763f5b9
708aa68
21f273f
60db5b4
10d6b09
4d29ead
4aa5e4d
42a3d9d
47e7b87
3f26241
36d1c47
6309b58
0488008
7ab5544
25460b1
33c8a4e
0e4491e
73e4cb3
60f3666
5751c1f
140bae5
75c9f6f
14f317f
6c9bff1
6c05ced
2dd9f5f
0641c8e
5911fec
65727ed
445ed57
3091363
77dba42
0b0ed9d
6e19ceb
179d13d
27951df
3cad9ed
346e99a
65ecafa
3f1169a
5204b22
07d9505
58ff8d5
7348fe0
7ebfe1a
1cb60b7
3129202
344e352
758e048
00bcf92
20a0806
0b2c4f4
7af536d
57116f0
15aeb3e
00c5209
69b03e3
15ba688
1f6d7cf
5715145
1416867
6e69613
04ba1fa
6e5afac
07464d2
52ad098
56e1edb
0b27966
47d462b
0b73dd2
760fa3b
3c4baa4
3d403fa
7797861
1c7dd8d
722e700
282e51f
0f21382
0c2e8a2
3bd6695
680866f
2876107
47a7e11
75fd030
2b19293
2b081fa
569477d
382e8a2
250ef2a
5d327c3
5f12d9f
6a89889
61551ef
15c13d5
205ee0e
05bc094
1706a01
5616181
78a5242
20f4872
4f82704
433ae47
705251c
6fbd482
02c788e
741bc97
18d0352
04247bc
318c920
43944e1
035428e
728e6d1
70dff7f
5f3d076
500f573
12646d5
60fc297
490c4fb
1970b43
5d6f7f4
6b16e2a
75ccd6d
618ea85
5d5f8aa
37761ec
5d4ef6f
00758e4
57b0a01
19f2e69
11d9133
76e7a99
088d64e
4ab864e
7f3e43d
36c79c4
718c033
6c18539
38a4078
18e5152
4a6fa9a
6317d67
54e7fef
75d9ef8
27bcddd
3059ef2
31cbb27
2f6a642
7672566
601ab95
5f09028
2323abc
67bcd48
766bfcc
1535a83
53604ca
2d37519
0277dc3
2379087
3a09acd
39d93ea
56e8bd3
15c7610
4ddcc60
1f217f1
1458f2a
653c710
26e8815
5ec7eb3
42608df
61bc42a
273df8e
0527752
4e91b26
024bda1
168dd59
3d87326
505a37c
43efadd
74218c3
5c34432
2093438
1f4eedb
6b640a1
42e5306
5d9267e
1f52847
02a34d1
1d0b440
40e73b0
1ef350f
73c8109
738f59e
73545b9
5c3dfdb
4e15f19
782085c
2b1001c
2056008
39a997f
71ea5ce
33bf021
1cd4a84
0635106
01d6682
0c04bef
683dd51
38016d0
6f483e5
244870f
1d8d459
2b38d24
03c487b
746b183
446fd73
38f8abd
1776966
6f515ea
2ade3df
4ed1b6e
0b00938
66ba9f2
4c89211
5dcd1d3
356af53
42ac7a5
2e301cd
3daa9d5
1f42080
151ea9e
093f237
65e75e4
040bcdf
77ade47
03420f5
52c057a
4198bf1
07fc64b
7a103db
1cf1d19
25b51cf
08e2455
21f833e
734da14
45f4b4a
7c6579f
0be8e98
3069457
09f3655
6cd4658
1770aae
7fe981b
3d91ec3
562b2df
43a0890
071cdcc
458ad54
6999f86
55ef32e
69c8267
40ca31b
7def71a
1f5f644
6dffc34
5435847
5410c89
561a377
40c72b6
1ade581
16bef10
1a84964
57168bc
2968c4c
6ab00dc
117c372
718781e
77b80c6
0e9f148
0982fc4
3fc896f
351c70b
15615fc
3e36521
6ec9212
17261e9
31b87d7
6653351
6113853
4c8a865
0bd6d7d
6b92b20
46cf556
2d95eb4
7b8f5bb
4de92ce
383b60d
126fc8b
5b84dab
238137a
2f8176c
62eb8d8
021cea6
2bd789a
3de6fcd
5ea99ac
1e93d88
396dfd1
173b311
26c8ea3
3574370
7bdf2f7
19d4084
01ad271
4018679
255e52c
28effd3
2ac3568
06bf04c
7f659ca
68e6a8d
73206a3
5790567
0f886a4
5cd4441
74a4138
3f50d38
044a818
34050a5
4e5534b
1d416f4
71eaaa6
1343e73
2f00381
1a760e2
19acbc3
7337e7e
61d9170
2874a5e
3265955
3bacbdc
6da545c
600c0b7
29f046e
5a3fcee
353c295
410b857
5310960
537687a
3fb6b1a
3c5b420
37028d7
500413d
0787fba
22fcc2a
4d63279
114acda
097a245
1c14a39
4d7c678
168b068
2abb384
247d2a3
012300d
2de9820
5a9c65a
176eb13
1ce9395
4c2fcf0
6ffbdda
6986e76
60af2db
1e226c4
4e2d5e1
62b344c
49affb0
08f1046
19aa3a1
7546eb3
75f3728
0c1ac0f
4372321
799f94f
63c086b
201d67e
301af47
3b22958
79439ff
3c15be6
0ca65e7
6b10022
5fc8aa0
69a4794
78e7877
2373d81
067fbce
289666e
4e1bb07
4794ffc
0a0a358
30fdb19
126e2ec
3cf336e
6702f44
04e4398
1381ae5
07eef16
010290a
708db05
38ab6f1
161c7da
50a2dde
4cc4a73
2cbe6c9
58f5379
1a66d0a
5d6b19b
33ad1ea
716d890
197917c
60332fe
12dc25b
455083e
1da0ff9
7d89862
0998c2f
276a461
42b8384
1dfcf3d
2b7df7d
21efa9b
296d1d4
4f4978e
6b1c1c4
0c2ca46
2cb8c93
1fc5617
3b9d265
05222a8
421db82
2fb44ab
44e65f5
2b0ed5b
216281a
393c706
2722964
2315407
4874baf
327c3a8
770497d
49b6bee
1121e49
6f65849
54b75a4
2bd5894
7165661
732a619
314fbf1
3af5a92
2fbe6b1
1151080
4718b80
707be9f
56201ba
421daaf
247c6c2
0a87c77
73a190b
5f877e8
41118ef
63db56d
7b388c4
393490a
535b0ab
7d83eaa
4ca9dac
62144aa
22d4040
769daa6
6ed6824
032dd99
51cadc0
127dcd7
0798e15
54c371c
41f36cf
7b82b5e
7a88204
0814cc9
5965b5a
6643635
3e5f843
37492a5
07fd73e
3a30221
24a827d
7260a21
542fe8c
4bae4b7
7480f10
1cb668f
34d8f34
51817d3
3f87abb
643b575
58bc737
35a13b9
285373c
16315c2
0181a56
7ce3776
469a932
0fa59f6
24d69c8
0767b89
366d116
570a1d0
0e12c24
163c571
3f78f8c
496d713
13d8bb2
62aa734
1fb2121
37f3269
1ae22cb
4fe44d9
606ffd0
48f237f
16b1f08
77988c6
69c0507
609053d
14a2968
2033436
44812b0
5a3c71a
28fa1d4
6099df7
5d831ca
0b1c200
2dca90e
09b50ac
021712a
45cf938
61f6ae9
6a0c727
2e0a52b
5f4c421
5c46264
2f3ee6b
7a17205
6eba27f
4270fae
3bfe4a7
25b9138
24577bd
2d36a1f
61b70e6
4a88b75
369e8dd
49a8ff5
1a8fac2
6b81c03
1610632
60a20b9
5b391c0
4ace720
7cb6574
37f73d0
1a3c016
1249be8
2244616
5c7d87a
16e6f47
2e04fcf
686d2ec
07acb76
48d9c7f
58c7665
08c9b61
2c2e5bb
173c29d
0338d4f
50dc26a
3506727
342e0c8
6983f01
6d06bcc
5d77757
7c6e969
4bd6602
34421bf
035aa3b
4220b20
1bc0eda
0307957
4e2275e
40ac60a
30d0e43
64ea9b1
1764687
262dc9b
3e53541
5f83d1f
57f0ad2
01449b2
429bfb8
3216304
09ec362
36aabd6
343803f
42bf30a
7fd1c57
08d620c
660a194
569b434
40880aa
64e78d2
001deb5
1ef088a
1fbf871
2b5d43e
347464b
0c35a08
0f53d66
57ef9fa
1be53e9
3c2a547
519807e
6974671
24589a0
3c84e52
17842d2
1564ac5
28b0bab
6106a34
12beec5
63ce744
5f53aaf
45dfeec
321b448
2a473f4
5701780
5ca4bf7
6b9c361
02da8ce
1279621
1a4ab51
038334b
339037c
6181250
46b7ed7
74e9eda
7e7e61d
1ee8168
00616df
3cf69be
60fc552
1b5ac66
58d786b
6c2a009
180e8a4
5e7c32e
49fc7d6
392436d
4ecc875
4f3a6f2
0e77109
7c53d76
0dd2f43
0540add
5824c19
745cddc
2994029
40c41e9
432bd08
23a614c
1064553
77cef56
31d3034
66b8043
3f3117e
5903f21
0a00ed0
142bb72
150b68e
0a8fa9b
7a3cff7
7d318c4
3a495ab
6b33f02
3cedc05
681d0e7
38cbf99
08fec4d
2ce3cb2
58e8346
4782fa9
06044c1
3bb42a5
3444112
54eb912
28478ca
03249b3
2fd642d
6d83ab3
5c6e123
1fd9302
2004041
2d9315f
3b1c6f0
2bbd60e
0488c34
7339c70
51b9a9e
22de52c
6ab207a
3a60adb
22f0df4
29268c4
21659a2
6cc6bf0
4d4d3c4
06cc636
11d7e8a
0360063
264aeca
7129074
7aa8bb4
429a3ac
10ec1b7
79633af
200a755
3e88cd0
001ce9b
47f83cb
0da4524
5f7bb99
689ab7a
3710549
6c4bb2f
1e66c50
47a3f01
305f314
0cd8a90
215aaa9
4f895c9
68077f2
41d2be1
06f1849
2cdfcb7
15b4f50
0f08add
3ad2980
077d4a9
41e21e3
585534b
76a3913
1f20d0c
74e8c9a
2fc45c4
3636f37
47f2d7c
500f0ae
069515a
5da5d14
4fbe88c
7097c9a
6fa2024
420e813
5750504
3d677cd
502a54c
2aa045a
0619ddc
03ccf71
0f5db20
4ff84f9
40c6d0c
06843e2
64e4b3e
435cbef
6a66957
62ea266
2345f29
4d20141
26a0b76
75d5e4b
37e168a
310b1ab
112f120
6dc09e8
6ca7dbc
72a1c97
69956e0
310b121
645ee28
42ce9fe
36dc3cc
20fe0e0
0d3fbf6
7a4ef3e
46e06d6
5416a99
5f7767c
1aaad76
7468d95
6cb7a36
2008d0c
58f4b3d
1617a15
702a5e0
12c5703
0e08da5
6888df0
5e2bcbb
0d4c25e
68eec9b
6a1255f
4de6e16
5d900cf
5133e3c
27916c9
142d5bb
6464cae
394db5e
33ded2b
4418d48
5e0209d
5ad6422
7a9995a
5232269
2f6f58c
1a4968c
2eab132
59da798
427982c
59abfb8
1015b6f
61f6dbb
1377940
196b01a
2025004
65db035
1d9c883
015b961
60024a3
1818dac
779e65a
73e2766
243e830
720592d
103b8c9
58408e7
4b420aa
37287c3
621e219
569ea97
1402b28
4ac0dd5
44b0f61
198267f
735c8c8
41f8bad
22b5a33
5e33aff
04e6e8d
18b7d0c
09c384d
0e222ff
10bb1c5
33a0d38
7acfed2
4efae23
1c2df3a
1c9dded
64b6ba3
76fcf8b
45f88b2
3957f84
28b5bd6
07854b8
4cfbbc4
1e566b8
3e631d7
76b320d
4309185
4ae3b59
69b8007
5b3ac25
1a4d382
60699fd
536e5ef
5768414
3e202f1
79bf59c
2d07a32
430c11f
3b5bdb1
3c3e6b8
2066cfe
4af9179
0d8de7a
5c5921c
4074407
3a68705
16172bf
16daa98
5c8d6b8
50f34ab
1c5b022
2ce3433
25213e7
21af939
1bcec96
1e5fd48
55f84ff
2cf9068
78653a1
6d8d590
4fc09ae
4a4fc3d
1c63299
067e8d5
7be6146
4a47063
617921a
3644271
25bf167
16fd563
0af7ebb
170991b
7c0a7e7
2240ad7
64350dc
3ea5b40
17a3782
78d3de3
6409008
676911a
56ce085
0b839e4
5b3ee5c
5e1295f
7932243
69afadd
022e4f1
1c6c76a
488050a
15b002a
3c18a27
6a44814
2fe4351
351e2f7
5cde8dc
4526b5d
19f918d
2c7661e
6745947
2431f7e
7cbb6ae
23df65a
0cb0436
3ca8b5c
390e0db
16e5627
06be84c
3c5228f
6981666
27e005f
1594c58
204eb19
1f91cfa
58d2598
19afd83
39de31a
6e88c78
52dd069
0098b42
08ee13b
045f49e
6bd077d
7c4190c
3319171
2b7947d
1614cec
2e69dfb
38164ca
42b1942
5414cc0
274625a
0a7ea9b
025a54a
550a18a
3d8d139
788fa9d
75bbd67
4ff072d
49f76a4
706c26e
1532a17
6297371
4b49245
2670812
3bed1f4
72955b7
2b21562
78faacd
7c60f00
2bdc015
70cc3ec
3e65e77
26c5d60
7db58b5
6c40c34
78bf6b4
6823cc9
7f63f32
42e38fb
45a090e
0e3055d
170d36b
75169dc
2da07d4
1f99ccc
361ba23
7daf610
32fa31c
1338adf
52f2101
09c5ecd
3c461b9
3526b09
4e13bfb
32ab727
514d3fd
59cb934
6ed884e
5308e1b
795f9f6
7c4d306
66899cd
72618b5
2e39112
369be7e
2a712d9
5270722
5afac16
520d287
2bfaabf
5c2fb77
0067e1f
3bb0692
4d0aea8
475815c
0156f1d
7ae8dd0
67c3aff
55a938a
3e78f84
630f1b7
6b81463
7f0b180
4741502
297c4c0
572ce35
01485c8
7b2439d
66bb8a9
5a29cab
1647c8b
6ce619f
6f2473c
38fa84f
55fbbe1
4acf79d
32ecb3f
763ea2a
2342b42
42126d2
7d5f58f
5b552e4
6d9430b
10c5a1c
60703e3
494a265
37831fa
3195b95
256a82b
6018927
686e940
74bcbde
6afa45d
03fb185
1341a9d
455fe8c
094c685
4bb81e6
27ab1f9
75ffe82
0f9b451
65e911b
0d06fe8
78450d3
63b5f91
486ea88
6ffe3f0
4a31f71
09a1158
4d53f7c
09d8252
77fa6e7
668321b
01be79b
43a30c0
6998a1e
1ca719f
64af24e
02f9103
41aabca
12a2846
2367fe5
1c135b4
53db57a
30c5913
3d53002
5696fa0
4f93fe2
7466c3d
0229c03
11dd4ae
607052f
6eae4d4
17fd22c
0b8a289
0a2660f
70ce028
6303631
5671e1f
1b026d8
303032b
5fb22ff
253d4be
7cc5a65
4986aeb
33b2a28
69a19db
6997ee7
532d1ab
7fedfb6
0a5154b
558361f
2ab6da5
76be695
6984b58
430ce60
604d7ab
76695d1
35d28a9
5e5a3dc
417a2a1
59a3cf4
28bef8e
48fb6aa
52acf0f
4001509
3a44670
72f93eb
32cea4f
78db95a
1b1b72c
5e9fdde
03c575f
7568e53
33016f5
0ef2c49
3a9577b
0a88363
3002122
6f0690e
151be0e
47b0b97
01a3e45
31eae04
4195b7d
19490e0
52c33d9
0189887
27f589c
7f719bc
0ce47de
773b06d
64af7d1
2644396
13fb777
50e000f
356301b
1f1bec0
2eca445
4e3bbc1
5eeefae
3900bcb
6b3bdf0
469cd1d
39bb42d
277b575
3221f84
293ce92
637e39a
37c9b78
247d190
48e7de2
20e51fb
02ec856
3685b47
15caa04
345d29c
21aff92
2f1c5e3
60229b9
6ede461
3f1c2ba
1d80151
704d41d
32e0298
151d38b
677708b
64f9dd6
6cb839b
3fe1ece
1dcb89a
0c76d01
63727f6
0455da1
1220de6
79d720b
22dff2f
78a3702
331aaf5
3efd91d
2e9acd0
2d985a9
3da0618
60b40e5
1f8a9b8
4fc3acb
1381883
4c59bb9
6c1035c
7656012
2f45844
3c48b16
08d3eb2
1c419cf
1760a13
13b2f52
0284d88
14bdbfc
7ea6aea
5833ff3
3af310d
739d483
5f9ed32
1160dd6
2b09037
12021b8
1565b8d
454b28c
77f222a
6807921
380201f
5f37ef3
045a8b8
15c2dd7
7213593
1a240aa
3508fff
55c40d0
5f20e0d
6dda1ad
5deda0a
240c7dd
2c3e4ac
1dc3a19
02affc1
2443f26
4343ac8
7d43b83
5b57207
650430f
69981a1
1161023
1134217
406f828
468b65e
5e0368d
79f6523
4000fa7
67e7431
3909ecc
545423d
1fb924c
2462c1e
508c4d3
1f7aa07
072a778
64772b7
3036c62
44957f6
6915a81
03af71e
1fd5f4c
5b310c4
74f01e9
53b5766
27564c0
1abeb70
3a59076
621720d
2d38490
764c248
6af8a9e
34a012e
6d90bfe
3a4b2c1
7ef23a0
4b3c5e6
576a732
32b9804
158b9ea
34fb09f
50b05fd
7c05b6d
7878069
07cb596
5d50218
446024f
3139794
2adb549
283b149
00c8487
5676021
548eb5a
79f8990
46c8da6
3c65208
40db819
395fc4f
4e42f66
212d260
2bf2f8b
0a19b9e
50f7dae
6f4e974
06fa7ab
4430cd6
22964dd
0494ff6
6385283
759f331
0156e84
5e20f33
3a8188e
03bc0aa
1d6bb55
712a084
127dbd7
12fa6b1
4d0a423
160ca49
6d82809
6e59a07
4570493
1cfad8c
4722297
3dd0de9
17262e0
11b8ffe
471b9ee
0399214
5e95ad8
1e776bf
2ba75ef
4a302b6
6242c36
6b2d9a3
0b33837
0acf0e6
5308ba6
43a20fb
41f29a2
63e104e
47e43db
102af35
35ab7ea
404f003
566e918
7906ac6
21f7bd5
7f656aa
4f05e59
47d4f61
062ee5f
4a8dc64
56ddd2a
7b44070
16e14df
1fd503e
11a817c
30bd8be
500f984
03b199f
267c3eb
089becb
32bf524
054f458
2f52392
0462116
36f2c11
7ebd0ec
56f73ee
5ec7388
2e3b685
3ffdbd0
376864a
6ed4d2a
5e4c2ed
3088f1e
175b135
1bb8690
1a5572c
280e62d
66d5a5c
3061022
5baffc8
6b1de9f
103cae9
6fa22df
220faa1
1919a20
0486e1a
05dbbb1
2b384af
612b79c
28aa7c3
20dcffe
7e4963c
69625e9
5fa58ec
645cec4
297a19c
368c2f2
285471a
4bdfce1
6d1dde8
5890f5a
7b8ea24
139d0e7
1d11432
29fc18e
0575bca
1e9ae03
20f85f1
2a88e01
6be3830
2061233
204c1ff
3120a14
467897d
5881e5d
3457a99
7d8873b
3c37c90
291a8b9
4f12c4f
1c0a018
6499ad3
4529627
21532e4
189d8fb
16beac2
045cd2a
587934b
0d98acd
40c6c28
65ba9c4
4568ed3
10eea39
2235a46
333b1cf
402be24
4beff81
32fa051
4875f33
5ab5441
58f67ca
6c45775
6068792
348a3d2
27990a6
7c86d93
78de9aa
262d22a
0803b31
3011e14
75aa79c
2157d3f
1e6ff93
0124ae2
6460b40
44f7044
67ad90c
02fdbd8
4be5a5f
5efcafa
271b9ee
05306eb
56d06d1
4ba403c
587f938
4ed0912
5975c0f
2bb9eff
0c6f9c3
7bbab60
0295102
4d68022
29fd748
6261484
41808f3
3f47a4d
7c61d27
74f03c3
5d9c139
3d42e97
5b47670
3d4f206
16d2ebe
3b677cf
78ceb1f
7ee87ec
4f5ebfc
7ff87f8
3fba26c
4c2efa5
7e7c1c1
1f4f6f6
2039285
6a5a639
31921fc
7437d4c
5174355
1733f52
7dfcdbc
1bfefe3
5235a84
19a19bc
0f50a57
08feb08
0c066c3
0d4ac74
040fbd5
7b0f8cb
12889b2
2a84756
7558166
2227232
4b1c372
759cc1a
15005a9
20d3770
2bd14cf
6716b92
6a23399
5673da4
17a23f6
7d24041
102c6f3
2952fbe
78760b0
7f1e46b
2ac0a3f
29b8897
3638ea1
1df3070
3dead78
365bfe9
427869e
55fbaeb
26a90d5
29e033c
1a0b428
208036b
045ecc1
52bf7fc
7809b7c
05fd072
3118500
0abbce3
0ee9b15
6297be4
1cb2e90
72e7dd9
603d63b
233465d
1211a4d
731ab81
5b9026d
77ab2c2
0b6e684
23be405
424335b
43e6d48
067ae68
0315198
7586add
3c71c6b
7a076ea
59d5459
1c00265
62eaebe
178f7aa
4c353ec
51f3167
6655ecf
26d2bfd
0ba6235
6c13418
3e69679
5c8c0d2
013fa94
3b5466d
7acd62b
38b1131
57ad811
752b553
3bbbe3a
449efd4
09e2854
6212cc7
3042346
61f3b58
6ffbb7e
415bc58
10ebed6
7482bd5
4d126da
5cffa9f
61aea48
65a2a11
438d3c3
6bed178
52f5eb6
4c0bcd1
1f8be86
26bb4dc
2a15077
1b1221f
29101bc
348a035
3ea126a
45d9e5a
0889311
0b6d2bf
5b32766
336e8da
7306b5d
1e5f0a3
482643e
46f9c24
0e79516
743dc16
0f675c8
2714b53
7ddb8fd
43f456a
7309ed7
608f612
2e39cd5
0ac76cd
589dc9c
2740066
6cfe1f5
153298a
744ed5e
39bf757
36d6af4
22204ec
6f0e1b1
004e055
4f7ec6e
577ef1b
58a8238
6477ccf
7e659bf
4231de5
5dcae9e
1aa0930
1c99be4
0db162c
1ec679f
38a3d36
5a621ec
340fde5
0b82f19
4db2980
3d5454a
035d3ed
6ba54fc
0ad7d5a
586fc3a
06fa426
11a3a07
28db8d5
38dbf56
5a3b25d
7639557
7331149
217f96e
7679293
248c164
66f0043
185bfa2
654006f
3b09439
605b7ef
4ef829a
3877286
15eb60a
669a206
24feb6e
2893bc9
0bdbdc8
1f12275
1ff2589
2044367
1dedda8
53c84b6
2b5ff2a
7e43655
783f8b7
15821d3
2e7a12d
6da8386
4e63587
3f622c4
0b3bce6
2d0ebbc
61aa1d7
36b6af6
38f3aff
2b99356
357bcd1
44038b3
1faf88f
3a85d50
6de6d72
07484f7
7c1903c
70cb22f
6711b84
5a485a8
1c6cdff
1b56f2b
032afe9
66defac
30fe7f4
1066839
09b2b94
225dd70
620d233
71f0f28
0b0d6f0
57bbf2d
62a75a2
0aefd35
745d00c
6681d79
5abf305
6090399
3ced83c
6c3f34a
64f1084
0971de4
05bedfc
4732221
2079976
47f5ff5
1c76339
05687be
11f012f
6a0a3df
29f2d88
2dabb2c
244591d
3c60c5c
4b7ab5a
78b7bcd
3912af4
791e7e2
0c44364
39d03eb
46e57ea
71ce55f
408e27c
4d7a106
25592ac
7bb3a04
5671f4f
273d8e4
1678fa0
4b50d22
220a5ae
72c6984
0185089
7074055
111b2cc
7383d00
03b4f21
55260da
63dbec8
59528e5
2eaead3
43fecc0
51f621d
3cac5dc
726efed
7b105ee
260cc0e
5364079
5b770cd
45a07c5
749b60d
7b273e1
1db9c9c
2e19398
306f986
5b8c8eb
06bd568
5bdccce
5d7d20e
02c9470
0cf2be4
0f5dc4a
4be2547
1207ba5
6d8b484
0fa2b2b
1873e3a
32fdd9c
3819222
6b0c92e
59bae91
6ca9456
434acbd
52b52b7
0c645c9
479e259
2c51d0e
12cf890
669b7f0
3499308
0f9af03
0a50dc8
7cdc4b3
0826a24
2efb307
03cbe22
6c9d05e
54ae935
2671900
35f7eb4
61d476c
70893d9
5fb5c68
4e5f536
4c51b69
7488838
3a65330
6517aa8
63197f3
40e56ba
3dba9f0
78dc4cf
59b363a
25e8f29
5ba6d49
3fe1062
1f3a749
71a77d0
40754d6
53e4136
44e8d84
400e3e7
47aa30a
23f094c
5f19a03
4bca924
7ed7e15
5bbe607
4a45f65
42d5c30
03fef67
6e70695
2019776
335032e
694f43d
044a34a
73133ac
26920b7
56b8ff6
3ce48c9
3585523
2c72994
2f585a3
1bf390b
7ad83eb
07d4b27
4a0e954
17391ad
0263c44
7ad8633
6cb23cb
06527c6
32458c3
109e7d3
7de8aac
0f1c2e5
38dab4c
1c3792f
2bee182
2bde16a
0988ac2
2e1e546
58f515a
0d1f132
0c48e5d
283206f
2cd8129
63bcc42
687d191
531ccb2
2fced51
2cfc634
54e03c5
59a2fba
39c9040
22f10a0
14cc8e6
71e0461
78bcf26
4fe068d
1bcc45f
6eb15bd
0efb143
289e171
5adbffa
7738125
072a701
551ad1c
4dcdf16
3660897
7504d4f
05e3843
184d3ed
7b62ba7
6dca460
6b2f965
10d5b7a
310a094
7c7e6dd
2c16a61
5742b96
3f8da6f
64ad608
2245c6e
7035048
7b91de3
5f4ed2f
291bf82
04da3c2
2e5d40e
0ca0af2
2714b90
0c014f6
21ceff9
692019a
3a5a3a8
5103cec
70fcecb
6f4dc86
62fdca5
6f9c541
00cddab
5bc5281
5499a23
490dc2b
76e19ac
4237221
4315c47
36863f5
7d337ec
64b83c8
6449ad4
572fbdc
6e115fe
6a7b17d
0b9e67e
571f0e1
6c0f0ea
14dd57d
30c1415
15ef119
3a17b8d
4c873f8
1c4d692
4fd16a7
5888a5d
64f272c
78c102c
54aa159
10a0f2e
66df994
5537518
4ea982a
5412623
3296522
356f978
672169e
560256b
17fcc6e
7699e39
6e71c34
1de94ac
302b522
33f1929
6aa982f
0394d00
2be0c46
29ef11f
4d65eb9
2ca4511
5059e5e
7194ad4
025afb7
0f7f6cc
7d94fe6
349819e
0d5d63d
4887348
5ac88ca
087b54f
6558d8d
26a8895
3e80d7e
6b8bdd2
3551fd0
6a95f59
7f91abd
5cdcb71
3c286c4
0e9a404
595ddae
4ad5ea1
35ac6c9
6c05c83
68d03c7
0bd426d
79091a8
7367138
13fb59e
0af388a
6ba4360
3b0a3cb
57c0bde
72c7844
3afdb12
4d62259
37008c2
40dc811
34e0ca3
602815a
3c68c58
48f013d
7b15457
426d00f
530e882
7d3a911
5290180
21b2f4d
5078901
4c89f89
611595f
057760d
4467cd3
2ba3ef2
5a89b8a
1de5d5e
600b11e
69c5565
7d5c137
0eba7dc
73d444c
6614f45
70e53f4
6181303
073f91d
5759ff7
358200f
229ef6f
46b1842
7fc298d
0355472
08fd35f
46a3dd0
627d6b8
085813e
3852aaa
4d44b91
198135a
1fdded1
7692c87
0b0693a
21dcd08
2582079
41064b3
6e5ce98
78e400c
4ffb968
3c6960d
2dc776e
5e3f1fd
52db349
77e59ac
0286e51
4f2ebf5
7a235fd
1066ced
40576cb
79e922d
19473cc
27c9608
2dabc3e
4568a88
266ca14
0434984
0dcf73f
720b6c2
2a11b74
55541e7
7f3e794
7a463a5
528e8e1
708c741
4ef9189
5319a22
7d32985
28348f5
0fd30fd
12c9196
27423d1
3845749
210d17c
0cea614
0e39a57
356d545
28fa96f
771df66
37c4bbd
354d93e
1e0ad74
39f0970
2c77bb9
4059f21
4ad22c1
73662ff
0118bc7
542e09b
55140c9
187d9bc
0462e6a
6df9353
39f810d
76a6fe2
5d532e7
3543f52
64e0aee
5a7d036
11f7759
4a721ef
0ee5909
52130a2
5312638
4be2441
0ec2342
666b7a7
44a04d3
4d32da6
1c470f4
6b7fb35
43037cd
5c3ac6e
2f4077b
7a4a1ea
14db8dd
7076e4b
4943bff
77b574c
6c1a280
0cb16a3
5afabec
1672e88
7453081
53923fd
4c05998
33c1053
5bcbbc6
3ae618b
66d3132
6e2b6fc
702e243
069f150
14831fd
2d5178d
0e63676
5f5dd14
57153c3
2c59e36
458e1cc
5e81cc6
257f358
6688014
5b7ccf6
7f7e065
0726a2c
7adba35
4d29ddf
27248f8
1e0226b
7d4f8bf
3b49e40
7ce39ef
7319ee5
2c0a53b
6a411a5
58be533
5160353
2272829
47786c2
76b78d1
2961cf4
08199f0
238a3e4
4a6e409
4ae2146
5ae4e09
6499e08
3b67972
49e458e
73040e2
62ed67a
79be67d
47c9c1e
5d4643a
5d38b55
34baa9b
3ab293c
24181df
7371c2d
389ce43
177ab39
1e3db21
5ac1b50
6d45d03
1cbb715
4f7470b
5e20422
1d97862
7ccf8f7
1e5a307
079a521
7a49a61
25f9cd8
7818064
0b6b4b8
6cb7e28
2c504b3
0db6e07
000533c
3ac6ee1
41bece1
7531e0d
19740c0
39a3f1c
3d5aa54
0c1490f
5e83a61
1bb7f3a
5ae1771
6c9d3f8
5b2df03
7b4819a
684da14
1241a4f
5179d5d
6e4b384
5517ba9
42afd34
0cebeb8
7ac925c
08aabc7
27db4ab
511cbe8
6a73a8e
59304a2
4006767
77a6cf3
42fec68
4e58f7d
3fd1610
2db9f4a
36a6f9a
611ced5
277a70f
3ac43a8
0e7366c
28cdd72
54b3302
3ee9f0f
1a8ef76
3ec741f
4877bbf
7d55e41
35e943b
3ff0c8b
0477428
79faf70
0a8dc68
69acc8e
2d21d85
02addbd
7b1fa93
07e0b8b
7e4c81d
19b5708
4cb7a7e
2c63f70
428de0e
20a85e8
5d87a39
51d01bb
6423091
03183f5
65d0388
090f73e
7e8581e
7b3a39d
7d6cbd7
68afbd4
3801704
1ec1134
22bb152
739f951
2110333
4896e8c
17e4896
3559187
3121d32
2861ca3
1ccf7d7
2912774
6d5e5d0
76dbdd9
60bce4d
462666e
3a1bab6
382ae8a
50520d8
783b938
4f4a134
76ac72c
41648d1
63107dd
17017e8
2ccbc0f
3429b9c
732ebfb
4ec7945
64a3c28
37039ff
3442a03
3503462
1cdcc96
35e14cf
382f624
1235cc4
280ad7b
365d141
73d65d7
5ef6814
65bf087
3065515
7f166ca
1b051c1
27a9261
5abcb3c
06450e4
0363cca
3731966
0cc9d2b
2204e8c
2ac901d
0b5443f
7dc79f7
6153ee8
41e1287
01e680c
070bb21
6fcad8a
6085cc4
62d14fb
528e8bb
7df3aca
6b8c84c
681667d
34d1aee
7a20df5
2d4a682
4541c52
27f56cc
28b1054
2aca767
288e594
3a1f30e
47288c9
7b0fb4f
6166f73
5472398
5d651a7
1dfb6e3
54bbacf
61ed2f8
47c0444
6d177fe
556d175
0b81473
5b9a9c4
4cc8854
57f8882
2ffc8cb
2d837c6
00ed14e
36e3ce1
6952923
706f26f
5b31f19
527b27a
1625fe0
3afae3c
0df864f
4af5cf8
7b9ad67
26b4754
4d54a23
71275dd
0fd4bce
6c36181
36bdcc3
1f2f51f
733fc7c
1bd7be7
3b1d38d
766f02a
78c9694
3a8dd42
6777af9
4971a5c
10f8a03
7a10e06
5627207
6f3047f
0a3b1da
4f1873a
48acbc4
2db5e8d
3df9800
1d72022
46fcf83
2de67e7
59e4938
4f16aa5
42ba514
30f8cf9
6ab5839
2266cb7
7d43469
473faf0
3c0e856
3f85ae0
6c8dc25
62022cb
131634e
5c8e65a
48d8a06
56a5e52
25fd159
787b7c0
131295d
1cb3b6c
349ccce
3d1c4fe
2f27e73
40ef7db
333b965
7c21e3d
6e06b8f
060a668
189f60f
7a4bd91
18f6e70
0b62092
64a1ac4
52b4f48
7ab4a57
576039d
701cfee
4397c52
078d6c3
14e3f95
15d4ee7
6efa119
2875509
2c97659
675ccb6
38e4589
255be24
6cbe31e
29758cf
72b20cc
672b8f9
01a7b74
6f602c5
4aa5a3c
6f22877
4ef1e34
581a491
2a093e8
319ef3f
5fa8836
09f63d2
18cf614
7b65270
5cbbfc8
670a11b
10cd231
4b98e28
600ef2a
2a5af91
1948078
509a709
46b9298
4cdd88a
7d9b1a9
1601757
1eacf8e
1a5b4b6
566906b
6e5590c
3c38461
16ccf95
4b4d8d5
6b7ab10
62aac5c
680b383
23e081b
7e8b408
5e1663d
1590bdf
15ac4fe
1e33409
362b77b
11cb613
36ad19a
3604530
4337940
15cb42c
1205106
7b880ae
330ed31
78d749e
4d80625
301cb32
2d256d5
1057905
2d11ba3
75e63f0
6b338c9
7e586ad
0be8b79
44e3655
7c429f8
0ee4e64
3158541
43f9204
1bd62a4
0c32c41
5d7077a
0ee4fe7
76d16b0
0bd4361
7053e5c
5eb67db
3e890fb
3b9714d
3029a29
769ae5f
5e18746
2f11b99
25d0910
6737ef7
13c692c
68c9a7a
6ec2d9b
5e85f3f
39fc8ba
6fedd8a
5f41070
3f73865
0a04996
035d5d1
5d8fb73
7489a7a
5287ff8
5b9b004
7c77e5d
02f6116
782f5c3
3243aa8
61c8c00
4ffe861
5671286
0ddf845
7b90dc9
4d6bc32
17c9454
3a3199a
2329e6c
3fe5887
7d472fd
3fc59ff
51d43fa
1ef806e
03cb322
0b98deb
42a538c
3115acc
4c38b07
34dbc9d
655ffe3
55cbc63
1719b74
018332e
4ec548d
741ae29
3d03cac
423a815
40f021e
3939eef
6f3697b
313255e
75e81bb
00670a5
63192ad
06ff3a1
26e6b4b
373168d
7ae0b91
71d23f5
7ea1240
0485e23
3bde050
6aa69e5
0b27811
6fc595f
571fdfb
0a8d191
5eb0ac7
57a898b
5004559
5b94d5b
44e5c6d
1fb76c1
746cfd3
1d0b86d
49c36ae
7d975bb
40d7c29
5210540
7c3245f
02d30c4
66c98da
1c2699e
2987502
4238580
0d08219
1c80808
7e8beaa
257b2cb
6dc148f
622e169
775b4c0
635a1d3
132391e
4fc8fc8
1d82cba
4a2a555
7be4675
0a79818
4fbf48e
4c995f8
759b458
2ecb683
4f844c3
2d14639
4f1cb20
316c85a
652fbe4
2fdb0ee
01c2787
6ccf192
3f2ddc5
17debb2
3520d28
4a1c06c
0896e0a
496f044
3bb3ccc
3816ac6
34f8e44
533205b
7ab4726
7149493
5296d63
2d72f92
0bd8a65
43463b7
14d618e
3f96176
3aaef6e
2e449a2
09d632d
2f49516
277d24d
3fc8ec6
087ab37
3255547
52e3482
328154c
1f1a539
51ad82e
75db82a
773141a
640e0c4
031d3b4
1ee5d1a
1de14b5
04b2130
0ba63da
5ef7f00
463cb43
597aa62
1809101
1d28e95
07eeaa2
0d2936b
63ed552
0de928a
1b2a30b
7da7c95
32ba0c1
2b66ec0
19fc83d
3b71e8c
231fb00
045bd7d
3073fe9
49f903f
5e3088d
2e28149
70570f8
401411b
1933868
755f5bf
4203975
4cfec0d
2afe177
24643cf
598576b
2f8a09a
06a5d6d
0fbe4b8
33c711c
423a49d
516327d
1a7b312
2daf0a2
0c065dd
6f41bd7
14041ce
2d8cd88
1c1773e
1f40bf7
269a1cb
18972b5
7522561
638a900
31b7e0c
12fe56d
2400934
3555594
0056b45
0086f97
6162b27
6836f65
3eb5321
2bdb91a
67bc4d0
533bf02
08fcab9
3bc284f
0f3a837
2664203
29d1017
1545610
36e4ce6
0c19d73
24d82c4
5d89c76
542053f
2a34174
663a642
28bab96
0261ae7
52d3dbd
6b7e22d
10fd31a
18a165c
79e2de3
3c3ed94
7be2689
6c1fbf6
0ffc00f
337dea6
0d10556
19a4b39
33a51b4
54237c0
7e2622c
65c9d99
6169b4b
4862fb0
2f6ce11
4b70f95
3cc170f
6d9b410
223b312
4486080
43c4156
3be5075
16aaa3f
37f7c08
31da82a
3d6a542
5e7cf71
33d7f96
03dd1fb
782cdb9
144da53
2e8bb1e
5d982df
00a5c01
148db09
3d0676b
3d506b3
4c191ba
0c67d4e
26a5600
2bdc11e
60db84f
4c6c16c
71049da
36c44ba
462e4dc
3821386
35baef8
77b1344
289922a
34a674d
4aaa795
00e908f
601e8f9
62eff10
2eeff55
37a1932
24082af
3a9687e
493aa57
46be12f
3b61e26
60f5df6
1807211
46ceda2
32e8975
6aa2eed
47d22e6
5ef5cb9
28a586a
63b0029
6decdd7
4eef0f4
60dfef9
48763a5
7520ef5
43f7752
28412d2
79c5452
46b8d9f
4433add
1109a3d
207999b
3c3b867
4e05f59
7535835
324e4ab
7461915
25fa079
3aa45d8
647106f
17ee572
30e24c7
394aeaa
781868e
6375dc7
0d37e99
71d459f
2d5216d
426410a
2cdb0dc
10a4690
0aa2cff
1f2b559
50e726c
5626780
685a723
35152ca
4dbb1ec
6671307
08208a3
04fed6b
558a3a1
118186a
27c27a3
0f63f4d
2eeb74b
43ebed6
4cdacee
45db23b
12a0a78
7ea2b8a
77d9a9f
6fa779b
1cd0ac5
60ca797
0f4801e
0406cd8
323ec39
59fb133
63ce341
4bc5cbf
38d8d82
0ed8813
73fb6e2
44b88a7
61cd1e0
736046e
2adeda8
67f436c
17a0474
6764fff
38c3a1e
7d20ffe
16d2b3b
7aca932
23db1c5
1641a16
1ae1758
72ad47f
07197a0
73d1281
6664004
545a1a9
218cd7c
1e10028
5a6a1af
71e80ca
6414b52
3aea5ba
1c574c2
7005af5
65cd2e4
310b277
09c8f96
57ae7ee
249e8e3
03654a3
782cbea
52c12fe
64b636b
7a9fd20
359a011
796e2d4
0d8eecd
704a4a3
7cfbce5
5298064
25f3e28
416a72d
29c0057
514febd
6bb05cc
771888e
27ff870
00f4452
454c633
468eb62
04e8884
12c8bf5
3d0c3cc
6dcec34
7a4fafd
711fe04
511312b
1659174
694131e
032765b
1328db6
14338e0
3ed17d8
1b3a027
558523a
49c6cb9
4986b1e
7dba763
2c93d87
37ec9f7
42b5a42
52fdb18
2d020dc
07396de
2ec8a39
7c06758
6612ecc
626c349
7f292ec
6a5351f
7283648
791811d
3ef75f8
6c8dc68
4a09a93
7af9ea7
18f11cd
752b87e
5e0067e
63a72ec
02f7a3b
71a34aa
681b931
02cd188
3522a66
259fbe1
588d416
16e0ad4
17c742f
73ee89f
515c2e5
42b184f
7815cbd
0b652b9
0cf311a
7dd86c7
75d3dc9
5a198e3
3b4ce3b
75b5cb6
546c83b
0d3fdaa
13ce185
0b50cf2
396ff67
2c8521a
49ed689
4d43767
7196d3e
55ef2e5
666ff77
7ca4f61
3367cda
468737a
57b76e3
36e8851
730966e
053e94d
424e09f
4d095c3
4f3f0a4
3676a0d
0de1e36
6b34b83
3da1444
22330bd
36504b1
7406ec1
5566a75
0170852
3e90418
7ee876c
1bb1f5a
05dc822
60aaff5
2f4ba19
46a2faa
3af19b8
094db1a
1e1816a
23f1aa8
18b744a
35797cb
6c4571a
1ad7324
24db022
616d389
7ee9370
7a9f074
0d13c38
4933445
51392dc
30ea459
3eb0b20
1c65b37
1898cd8
447f4c8
78378c4
551c7c9
0aaa8b3
00e744f
2c0bd36
3416fbb
4591ca6
7bfefd8
72af5d4
38f73ed
1d7f2e9
57360d7
0b228ee
1fef9d9
6952204
53224c4
34d7e85
4d2ec17
443b781
6d7ed80
4ba6785
71ab3f7
1a39f09
033fd83
144dfce
19d6732
533b4e0
2286307
1fb4ce0
539b5d7
42d38b4
282caff
5faefe1
143970e
0b18f1c
0fdac20
17e5f05
53684ed
1ab7b00
65930c7
7af3598
101e110
2f4bf11
2bda77d
547a340
0cff195
06d4f54
568ee65
07a2639
5654945
2d3ccf4
3ecf33e
4020e2d
2b3371c
515a250
76d7955
3ed8eab
5829572
5e8923d
5bb7cf3
5f19548
5da8b05
1bcedbc
19736f7
217b35a
17268d4
10b4b71
6f3e65e
675bab4
54bb2ff
54a1bc2
4d89f47
0cbdde1
5310f09
61e5396
1eb79a7
6ed18b9
3dbcee1
0e94edb
56dfdea
64efdf6
594e073
11f5a2d
0c45ec4
3f0701e
28452ef
3beb015
5e546d6
2bda1c5
373c0f1
57b5fa1
465e014
7092f17
4d5bc6f
3a4e5cc
66b940c
3970d8d
67a70f3
11d84d4
48b729a
14af183
4d3a1de
620662c
3737d34
30ff414
1a6c224
472a1f4
4247a09
649400d
7b2425e
45b8067
7edffa3
455935d
1c6f0e8
5ab5bf4
242005c
5996af9
67b700a
2f54aba
0ca4f61
0deb1cd
3f8ddd0
53246ec
49ef13a
0905a23
6ffc62b
000babc
147339f
404ad13
3b6aab7
4aa3d78
5b5282a
041eb25
36896c3
342736e
22e008f
4cfdd29
1b647e3
754fec9
7ba2732
5c27e76
19d8728
1473f80
37fd71c
2534af2
2a970c7
1372a42
5d410ab
6bf3bf9
3a69d1f
39aea47
299a2d5
28a191d
56f564f
4998b2d
027a824
288914b
13cb3de
4466fcb
1b8a2f2
353dfe7
246d322
61e6d8c
07a96c2
286cf0d
22660f4
3b0cf14
262f1cf
22c16d9
1c40ecf
1390d03
5484fe5
234eab0
347e515
688a9ad
60c8cb4
43ca19c
39b92d5
048378c
0ab29cd
67a0789
24da54e
249c0aa
23d4b46
54257d6
5260f6c
1deb32b
5f736a0
1548052
02976a5
452b9a0
20769db
51bcd92
765a881
081d914
7f9720c
1aec445
7d7555c
6811321
5b6e433
632e5f7
1bbe6a5
78b3ca9
3dc0bf5
463694d
43da076
68b6962
72f3ec0
50d386f
11cf017
7718c30
368565d
02512f5
452a46b
6820275
2733f08
16a970b
7e2c814
7757707
08f6b6d
1ad26c7
290dff0
136f442
0c1614b
4047c9b
3ba9596
723a59f
6298fc3
1b6f833
5f6a4cf
73307b4
1fc958e
001c788
04e5b89
234c1af
3c83ad5
090004b
2384e83
6896f53
7142933
7b6aa6f
6add6c9
5558ee4
3b3b043
172cbe1
64225a7
755da4e
3527ae1
630cb4e
11b539f
154469f
20145a0
3aef893
27a58c2
2a6462b
3677738
6322201
1530dae
3dc5292
49068ca
3cf27f1
362beec
7bd5876
7a6c686
2ac25bc
43380f9
689f49d
2c6db24
6535f4b
0a38916
04d843a
7fb3fac
42ddd04
4f1ae79
4f20056
4c22ba3
2229757
480d056
04951ab
45ad7bd
5a06f47
7a6395b
3e76cb2
0ed6f03
4aeb85b
6731d08
3699e49
29e53f6
721ad61
1383886
2a86411
70c003e
4de92fc
567c172
70b1882
77e305b
28d8e5d
284f996
235f192
4d7bce2
348b70e
202319d
7a9f933
795c13f
6709e69
646c7e7
6e0fda1
388ada5
65a9a80
1f2d528
0af12f9
2884ee4
6f161a1
1cb12b6
2917039
56c4171
0520b55
27b107e
42b8f85
353d133
35e4f77
422a947
6a212a6
1e69464
550fd88
11fb33b
557a819
75fa5ce
58fa2e3
26d4538
43e96c9
2e88be5
654d00e
2029cfd
462952f
2e97abf
3e873cc
413b1bc
1684ea7
064c61c
65f08b5
2e39d0d
1cdb109
520cd05
532ce5c
1f03c5e
6d3899d
22475d6
2b500cb
3cac849
3e5e0b9
0caf33d
5379f34
40a7178
17307f8
2a1c4b6
48d72cf
7e685af
0623e0e
1c9c868
23b5330
39f1d56
2985152
27f88e7
6b67490
0124c0f
3f3e26d
7093049
0cfb6f3
0d72cfb
1762911
37596c7
4f78814
31c9076
24dcf72
2e21bb1
6c08dc5
22533d1
194de85
624b25a
0e7abd7
0ca3b88
692655c
6c0ef86
02f7e30
4c31a9f
53af37a
12961d4
22fb5e2
3cb4949
3deda8c
1f4086c
0ce8a8c
089e58a
7f23045
0adb249
6aaf247
11a5bc0
5caf2e3
317184d
73dd5cf
6ae08af
07cc0d8
5baf984
171b55e
7c798c4
35d9947
0eed5fc
39b00c4
7c273d7
23322c7
466b0b1
38fc771
41d627e
525cc02
6c6791a
17ff19c
68be457
28d1fc7
2709121
4003cbb
2c98cd4
3289ea6
2b3bc6e
4c7dad9
4e31cff
592891e
3fc00cb
11abd8c
41ad671
1a2d618
073fd96
40caa64
3ebb54b
459902c
1964665
5e8e84d
5e1b1cb
3311452
5cbbf7f
653a482
17e6a58
27d0519
3498909
6e0dc05
7e8e48d
18ada94
75a5a99
6c5e482
4db3738
53dad44
558ef58
40bbd65
0816e6d
744b2eb
4500f92
4ca5741
0f2f47d
01638a8
47d4aef
638dee3
28a63cc
2e15be6
14a1c91
14ea6fb
4622c8e
3151cea
2b6fc35
78002dc
51ffd18
73fa06e
059b41e
69db624
136da37
15a6400
20c8907
5ce7282
43512af
30067b0
529cd68
1a5d485
56a7ec1
22d3a72
196f879
653ae96
424383b
73caa6d
1e9fc2b
1649598
5b617d8
1497d1e
1c95c3d
1946ce4
1fe54b8
053ed43
6337e8d
3f6a995
2e68604
4837f8a
1a99c19
3644ead
7b93c64
7bb4803
0ab5e1d
0d199d1
04b5317
2b2ef0c
46122e8
5e5be9e
4db2dfc
4021132
02c671b
2a8f749
7ea793f
3b819a2
56a07d1
6e2bfc4
5286760
2377ee8
768c33d
4452a45
6223b07
4266711
2e713cd
3f56f90
7a544ab
15a36a5
4a4d8d5
0f5bddd
6ddb346
02636db
2b0e88d
5e4996c
6ec3d0b
2420e96
77f4092
48902fe
0638276
0b7d6aa
4d13ec4
742bdc0
272756e
5cd3fc7
42b5d9e
3c02793
5e69947
2d03ecb
55a7dc0
16e2c9c
271905a
0b3e668
584f50f
1eef33d
19e0c65
7ffe95e
4311eed
2edbc48
22dc366
4bafc56
73d5dd7
2f52994
037846b
2008e8a
3e57303
38ea930
157cb98
6a06051
26e1f3f
137ed1d
267a685
7bc582a
1769299
07c7cea
4f7d93d
61b7d6c
2438b66
030c0c0
3f69cb4
59e8523
411f6cd
39518c8
01408e4
463a3d7
300b340
1bbf2f3
14d027e
7a9c8f5
42dae5f
3fd85c7
30ab261
2f30dd4
030a8eb
2aabb15
257f24c
6add479
78e8601
6ce3545
64614d6
72514c9
461f3a2
27b681d
5b32816
26b584b
054fdc0
3006747
79fc5c7
7e87f7a
1b26416
5131b38
0821bcd
35d6306
2922b4e
0ecc45b
307f0f0
0ba9f7f
1d98dd0
210cb4f
454e96b
230c899
552e24f
724138b
360843c
68582a6
26f882d
6380acf
613dc99
3817dce
40cb9c0
646b660
5f199aa
0824e91
31997cb
34cec28
2aed2bc
0ad6069
7a593e3
761f865
251bccf
7d87f53
6760624
101d7a1
31fb34d
408db73
5477ace
52d032f
1e6ca6d
22d97f8
6689ae7
79dd7a2
72a7af0
30b574f
1df35d0
3738c97
7e91f1f
45a1d4d
2ad5827
3c9e463
04be533
7edbb77
56d8291
47f02b7
4c9cbf4
73b25ef
174fd5a
0c08ae2
252715c
0cb7cd6
4d9f5a1
54d44ce
197694d
090f320
20cbb6d
2451c68
3515582
6bf04c2
3c221dc
23485db
1887823
08f2e6a
1db33b9
2ac49ef
4542585
3389446
715ed2c
37e3bae
79479e1
1d56085
3fe163d
1933bce
3a2f76f
76e2ba0
44c64ef
7d9363f
50c5fa4
77328f5
633ed19
101fbb4
2b6d2c4
0132a22
234d6c6
5a3b810
41c84e1
731dd99
2dd87fd
38252c9
157bc10
2e9496b
3a0433c
2711920
624320d
1828ea2
76d566c
6349969
0ebacee
1f23c6b
2cd4bd8
1271018
32de99c
7bc5922
2d7e300
74a5763
39176ba
74503c5
4c5d371
4cacfb3
12d9ffa
625e7c7
4a3113e
554f970
187a231
23c8df1
21ff3a4
7e1956d
02b17d2
73459d8
6ed1af8
433e603
3a53bdd
6bc0c59
31177a8
7ef3b3d
21e0ec1
7c31492
051ea95
73ae93a
2918fd8
31d3aa7
34e59c4
0d8f9f3
2315a4a
3284210
1068f6c
6927ecb
7cb5628
6255d96
0f05486
25da0aa
4620715
42691aa
3e8c3ab
7d41c82
14abd13
788f008
02ef61d
443aad0
32fb72d
1bcc33e
7b84acd
32d99cf
68dc150
4b44156
0c70e30
4eacfff
018f3a0
568dab5
3ce18ab
5c4d4f4
0855920
2244231
1aab718
40c4709
0a54fac
4fa3611
235a4ee
4455b2c
5ea4e0e
708827d
5a8ae5c
13e0d9e
6432eaf
6392d9f
6412723
45d63cc
7b20d3a
5b569d2
70adb4c
5d89841
2836722
19a2030
32e6637
2cc65ea
74a60f7
0ff107a
64d535d
64283be
711cb55
13f42a2
7d56e9b
581b51a
123dba9
2541d3b
660ef46
5b5021e
0880bae
7f21905
0ff2ded
40baec4
31310ff
63df3d8
11947a7
40e3d4e
450fa0f
4350e09
13906c5
343bfb2
1af70c7
7cdd1c8
55a4976
69bf4a0
08ca612
0197316
38fe172
625d701
14180a6
37d33a6
636d00f
6c388eb
2b16057
11ea2e7
778479f
0ea7134
2f9a6cb
7472ed0
1f53f60
329869e
2d514ae
7e38757
248181d
08419b0
0eb2d56
5491500
41e3f69
1348289
19caaf5
3690468
24c7426
13aa655
4e00218
531255b
6ca5577
22c6313
6406b23
3c50dc9
7f562c8
47f79f5
6e15f4c
7f3411b
6ba6318
6e3e069
361df6d
3fedaf3
7772fd8
14abf23
1721003
0edcc1f
0f6dac4
48009b4
2ba1c62
2de9120
5cbbb3f
3217f99
0bd7486
68646da
1719805
5c02282
39aeb2f
4c81646
576243e
7c0db45
38d1e54
688b0af
68ba716
0737002
74003a9
77ff828
1a53ffa
3d6abbf
3be1617
783d007
69147f2
6f1ed18
4a5b458
33d1ff6
6a7e5a8
6ad26b3
6210aed
6b3987f
1570829
5d8c52c
5c225f1
5412d98
47b42b2
4afd282
460cebc
1c0c7c5
5aba92c
7f9742c
1f65d6f
1d78782
7c89344
7b4d098
30ef225
29f1799
1b885f4
128ee6d
14e4390
4b0490a
001310b
2555a01
4f016ec
662f331
4dde4dc
411c36b
648a92a
520f1f6
604e5f3
478c178
5f77a31
4811582
0859ba5
56e667f
1bb7d37
4b7adf5
4bdd067
4522e6d
52c4201
699e2dd
4ef7364
2265aa0
3d83a8d
04b80d7
50af0ca
26121b8
2e9b817
4aa66d3
6b56a4c
1a4508e
5657f35
76a143b
34a92dc
7296687
42af7e8
3f6027c
043a7c7
2c630d6
33cff84
7aa5f60
7ca4e3c
0318f12
71a9670
004f06f
1210b8f
63773a5
6d59275
0ca32e2
0689a6a
5e02283
6bd326e
4bedc44
26a26ca
0df4fc6
7d33be0
1ff3481
232df27
79c49bb
7d87d66
57966b3
7081deb
181c464
27293b7
6ca4921
229c0e3
1bd58ee
084f356
4f93259
67bbb87
59a1044
41d6205
5bbcf62
02a127c
70e5c49
1a0c677
3986317
76e3aa9
3145a19
7c316b4
5bda406
240628e
3ba11b5
547c5ad
6c6011d
17d525f
2f1c255
59641ee
3d31843
6963d6b
005d56a
2fbe3fa
2ea4571
50cf9e7
741d98c
4c62086
4a6e12a
57e0fe8
5c0abb9
3ff0d8a
13978c7
716b81d
31cb4b8
1d83032
17cc47b
6daabc0
7a47862
769611b
1762c67
4884391
62b6117
231278e
2f9a475
7d8cf24
750e662
2287408
7c0593c
6f272ae
714b0cd
51536ed
79ae666
6e5dd80
3ca554a
7100cfd
15dad0f
514c5c2
3d0fbea
03521c7
4a3a3cd
17363e0
562aa38
3c65b35
4d4ad24
32974d0
0f73ed2
1072a3e
56a631e
790a07d
7cf0c4b
1513137
1074ee4
418fe5f
0fd23f8
5d8fd45
404e9b2
0b2b1e8
07bf202
00f1ae9
09f37af
4ef4e90
33d1c0c
618af00
1d29810
595ded8
4d8710d
65685f8
156c998
60dd5ee
1e9c6a4
58b6493
618fb2b
5869a64
31191f5
71ce3a8
2bda91f
0ba47da
01421d7
5e48e8e
1211f33
0e51e69
30ee24b
7114daa
5ff8571
4865621
48f7de4
779e4c2
6124a6c
559a034
364c8d1
3ec5fd0
3bdac2c
5e29ea8
7e367c8
34a3d78
1a929db
6e59022
0ecb268
277a9cf
54e2a1e
1af7c17
6149258
7d98a59
785c55c
7bfe28c
421fda6
249dc79
60fb469
7ee3242
218bdbb
47a9486
29e40e3
7923972
794d59f
7e66190
0ab5a53
41ce3ac
6210dc1
676d657
65d39e3
2d4945e
6118cee
601c927
02408a0
2e434e7
2396376
5cde77d
544bf24
6492823
493d478
158fe2d
23c3003
7daa4bc
78c46a4
441b15e
7781e73
64a0ac5
026ee72
6552bda
5eed9e9
6079596
0b26e24
6888808
4769ed9
46a701b
307d607
4aa6397
3c5aeb2
67ff771
4227abd
752ceac
4aab02d
6d67b60
53ab841
282c207
3605d92
00e4159
1d02b14
2794f47
25c5fff
62a0200
34a8fe1
2b3dbb0
0a7a9d8
35198cd
7ee4360
2dec83b
2a2778c
4ceca80
29fccf8
3021924
4dc13c4
0bfc982
1123680
39a1c5b
758481a
4743c1b
3a0542d
74d417b
6e05f94
638d32a
446db6e
476d54f
5403a25
0246ac7
60b78ef
5a4081b
4e5aa24
4ac044f
40aa93a
1d98c73
2f05aac
60231b6
364ce1b
04cf222
29cc46f
6d178bd
2955024
48afefb
3510fce
48478f3
6cf2034
7da958c
33cbf57
12f04b1
47edc8b
3f663d3
69af9ab
0c0125a
49520d3
7300868
182b575
2f76fb4
4429ad6
64c23a2
26378d7
585794a
62b27f8
22537c8
7fb6815
5fe0394
06a5d3e
12d488f
655450f
5346d48
55e99aa
671cda8
44ea159
2dfa4fd
0c71bce
6464ed0
5e64886
54ffe6f
560eea1
43f619b
6380e18
1f016c4
55a8f48
659e0ce
734991a
3ecb2b9
3f5d8bb
07a091b
6fdd085
7964639
335d661
63c9d6e
7888504
0b3b081
46cdadc
7dba9c5
28c63fe
0c72635
0647d11
2a0be9d
366dcfc
2f90454
0c9e94e
5a66eef
0e97c90
58bffbf
7cfd078
1391232
169211b
0b7abf2
4b8e8b4
2d9cfdc
2084b92
7e530cd
67e0a71
54695d9
6f23865
6cb0434
61bddd4
03b52f1
2a3313a
45eafa1
30a98b5
6ebd854
7d07613
76401eb
2b2aa7d
2c85177
44d6688
00494b6
25493d6
6d73190
2e9d5b6
17a3cbf
4930823
1c9549b
40f7b0a
16e9f51
5180ee0
50dc03f
3975da0
5da677d
716c5fe
773bc0c
0185a34
142c00c
0eb8d66
701ea6d
0a3061f
39be04e
68879e8
074323c
108e13e
07b12aa
2d9d862
54832b6
682b205
659cbcc
5fe8dc8
3c51678
0334d4d
1614a0e
2c541d8
6a6b40b
0230e43
577a5d6
63f5e86
3856e1b
456f432
57c8dad
61b8676
13494ef
45b9770
79201e8
2d9b17f
2280fbd
27a8b14
2433cf7
64ee029
1642a94
6ef2d40
39b9009
480f359
7e52802
67fddd8
4f6ab84
2d011f8
6abf750
23279c6
3460316
2a17478
4e9fefc
64d024e
78a91a2
7525e19
4079d19
24b6405
02b4308
435d774
7c26035
22320f2
0794629
5231850
7ce5c12
57f020a
59b9c9f
5d5c29f
125f8ab
35e60dd
7356f68
260bc58
3a83d20
6423ba6
390b25e
095d2ef
06d3663
1884168
023cbe7
07b7c19
135df66
77c37a9
69d9610
3487b93
3b6c397
32580dc
7494a36
65048a9
612c730
667056f
72157aa
431f595
5f5d380
586be1b
114f173
24d86c4
10bbe64
7a4c2c8
1c1a835
7b4d05b
5f6d78f
1ea781b
4313132
06b5e68
54b3120
6f10d08
3d73655
7b4623b
1ff99ac
2afd0a3
1390050
5e6d010
57dda11
5957d76
32cced8
2c727f8
6aecd3c
4fe57df
5c97d08
5a55ada
75e9335
780737a
3a635ec
045816d
5a34daf
1eaf56a
7e853c1
1a62957
45e472a
6cf321a
74390b2
440dadd
3bd77d7
5a50bc2
2ce8c9b
50b07bc
42f2891
2dbca49
3a8d686
11f63f6
1104514
3f76607
529ff3f
1482f2e
207c4d5
3396086
7c7f0ba
5247e4a
25431ef
1c9cbd1
7233a1e
601d1fc
47b846c
2426a9b
2c46512
664c9a7
266d643
1dbd33d
772edc2
74f0caa
57c3102
198f22b
3a1141f
12d3e75
59171fb
189a169
1e9f361
13ab4da
265211f
2e94e98
539a11d
0b6242c
3668e0c
532d6ac
5cdef79
3b1a6b9
0114d22
0f433f2
5ea0da3
1616143
01f9b9b
79c0c58
71ef161
4e9b45a
0c047eb
17004d3
5e8d143
3ccfea9
6be9151
3140993
5bea7d9
2400df0
1491073
342b5a2
2c4b51b
6c21311
3e42845
1330c7f
1b11e46
484a86f
6f681de
113c6c8
51cfd7a
07891c4
785717e
0118558
0f51b60
712fb8e
7c3e5d9
07dda69
703f812
08ab130
7555ec8
271e885
1cb1b71
0ac8796
6c5d776
460f326
506070e
6d4bee2
0e9e3d6
056c94a
394cf86
31ff4e7
4025ca4
36fcace
04216eb
4a1434f
26035c7
67303fd
11b97dd
35e868e
4348784
16e1615
68b07cd
64dd04d
12981e2
684788d
5774b44
1bceea6
509902d
1b45255
34bc785
10c0dcf
529bc7b
2f8dd18
59d0ba7
668df86
5798909
682b286
61f9994
1ce29f7
719e0dc
4b397ac
013471f
643094f
39b7b2d
08f9bbc
5a6bae5
5fa9179
7717d47
520f42b
048e90f
098736c
5d4025d
3d9bc9c
7e99419
013b65f
3062306
26ce60d
3238982
04cf75e
260edef
1b89ed0
547957b
57ccfd4
76b3010
7353ee8
786e30b
0158726
0efbcea
78ea244
22f8cc9
65dcd54
638792e
3471939
42bc1ae
42553e5
36fbc00
0fe82f9
020efe4
6251901
4ca7292
2b51eb5
5044f93
7433db8
55cbe22
3f428cd
1bbe000
460681a
6c594b1
79b15c1
1f9857f
3399a2a
286c5eb
3154fde
595bbe2
48d44ba
351b351
581fa52
2d8b22f
6e07443
6411803
791173b
2357675
2a5ee52
19729ab
05860cd
69cb7d0
19f7db8
7ff8db8
2638da1
74ea969
4b0c6bd
5e348c6
565789c
0d67437
5c5bd86
1ec9101
68152f9
296636b
2100a9d
4ebf162
6c7f38a
1b6385c
4e67d38
616edcc
36150dd
6912620
71745f1
631981b
739b1b1
5a3f317
6d473c9
67366ee
0d6903d
20f67b5
245a59a
0fd27b8
00baa57
0ed7dc9
36e04d4
4dc4c02
6486fc0
3de8b5b
62816f6
20650ce
671563e
7e2b031
7983ac3
1e25a93
00deebe
7421572
22cc804
6c6f42b
5e6345f
115d232
7ed2a07
327c181
1a0bf0a
25344d8
1d82609
5fab6b7
09ada29
32979b7
108e047
77a4896
47aa08d
3525af4
2833323
0ed66eb
4ee2bf4
5ec91af
57b0794
68dc2f1
5255a7c
6587028
281ea88
26d4c92
3b154c7
64e16c5
3ce582f
0c3bb89
6abf8e6
612ea4d
062dd21
044d45c
3142c60
29a5781
282c904
527fa3f
3bd93a7
29abae2
361b1c0
2290754
41811a5
4888999
73f2ba1
6c754ba
6f7ecfa
57165b1
38c7e46
66cab13
23bceb7
3e7e0c9
13d74bf
4b7160f
3e5a1b7
35dca7a
2ff064b
3dc2da4
33c0444
2a5d590
1b12c05
45e5a75
2100b6a
78ebac4
32b6400
525f4a3
6c3c97a
777d829
3bf56ae
1ce11b1
65d3c72
549444f
328a49f
2a83c29
6c73636
42c0b0e
6fc03ee
4a7a692
7fd4cb7
08f46ea
3be96dc
32ed640
6cdcea0
5d641c6
1129d4d
3770638
5bcf539
2e2e064
2ce334d
35d9856
5e28ee5
00e0751
1f5bc25
3ec3c60
3113f47
4a24f5f
1fcac8b
74b625a
0118a87
1c0c64d
16217d7
51b7f7c
11aa5fd
7d41108
1e7b338
4874550
4bf5333
6cd67bb
7a21d45
352b110
0b5ebe4
3287cb5
7040741
785e1ef
1e9051e
6fff168
193510b
31dff84
7c72040
3b8aebf
20b5a5a
16db461
57db97e
18d401d
1ee1185
714c192
1a7eeb1
65cd44d
538fe68
193ab7f
4e8d85c
01acd50
0e02b39
1acd1ef
592e6b7
2ec4899
7cf34bf
02d1bc5
581485c
7d372d4
30b6c96
7b82dad
7f7c994
0690dd2
2f4a2f1
6e5dc88
7ad5d32
10e1cb6
160b498
1f23eee
7528e17
1abf0f0
6f997dc
52c9f8a
17ff681
78428f5
41fd865
0d34da4
2c8117b
62cdccb
45680b8
3b8103a
5d36f5e
0129a86
11ccf6b
27da035
7dd9c1f
2b50aca
010343a
600fb9e
16991e9
1371b9e
6e452e2
06fd8ef
56f26be
5402619
777fb55
2ef692e
7ced24f
7c06aa1
030a053
13d7eba
681b5cb
24eaa75
562cc36
0f1eef9
3c61237
51ef2c4
55e950b
1b65aac
3dad57f
1786d5e
07ec8b6
0d98403
61bec6d
7948943
1dd0e06
5c3edf4
13b0028
64803af
33bd904
70a650c
3554a8d
4c89140
0b696df
5e6852d
03fc551
355f68a
54a9d2b
4d674a0
3f68aec
541e5c4
6e31e8f
101752f
73dc3ab
49696c0
0580233
4096e3e
53e5661
495f314
061588d
7fea0c6
67ba86b
5c3d26b
64fa7f2
11926ae
412b608
611158e
4cad25f
2df4ab8
21ede16
06ab262
2393e73
2b88bc4
1aec63d
183e0a1
65c6ed3
4d0295e
52012bf
6f17790
5074e7f
4dd0b6d
135b17f
76cc16a
25186b3
47d2f63
38d1a67
13bc065
14f046a
7e00009
11f49e2
74e6f53
10279d2
2feae92
6c4b11e
5c13726
3889ea6
3263841
6d24bb1
19dd68d
362c7e2
7c96c7c
7bf2e8d
77a136e
402301e
7edceaa
08c96c9
22e9cf4
12d00ca
19ec59f
1cf391c
4b6912f
3e53a22
54eb42a
3f99bc9
77013da
2f19946
66e71f9
328b19e
0908c86
277e63b
47e3231
0b202aa
195afe5
6554817
3ffd911
1dc6c4b
0b15c48
767528f
3d24bc9
1f1426b
7b0bf5e
270336e
50575b8
4aa5b11
4d98e53
38d09fa
5258320
2b9afc0
2c3ff38
4aca847
1cb1c81
020863a
4922b89
4332d0a
2be31cd
0e7bf25
740738c
0b56bdb
1911e9b
70b8b9b
0f98196
2df16f8
428993b
61218b1
649e003
3f208f1
6a5af76
55669cf
554ecb8
5be18d6
5ccc9cd
54e4136
374fc6c
383a811
0aec28b
114fb0d
3c0d88a
3c3e1bb
36fff65
37ff5b0
0c79790
2b49470
6590d91
7536c81
4a29fe0
1ffa24e
729ce86
77d695e
5f8f3bd
6751246
785a6f7
4fc2073
03f7f00
5af6edc
5f7544f
5a8dc00
3b3a823
5eb829a
7bb7db4
1d87570
2e284ca
2f96a57
1888c07
2365e85
56b6517
1ff2577
310b5f2
75e8f2a
6e8b629
69bf85b
3e78ada
1b99653
42cff7e
34ec324
4cc8ad5
188b892
4be4b90
01c1fa4
6105d69
3b8c229
13a1a3f
4bdc8f0
329a95a
4f62281
10ec9ae
2e5ec69
118283c
08cc3cd
55f24ac
2ce6e4a
14c7a89
359e8c9
487fa34
16e5ba1
18b4ca3
4948138
7dd638c
71247ce
28b04d5
2595ca5
72784c3
3bf2059
5674da4
0700aef
66ae7db
3e16f2b
6db173a
04ffd3f
1d7fc36
2fbda62
278f406
6f3ab0f
0411fef
651c2ab
74a0dca
3566a28
4e8aaa4
7597c9e
73f4c35
3b5ffa9
15f6787
4b7fc18
12f6dc8
19b373d
71bb585
7d48110
6df2cdb
03e6700
3454704
47af5c5
361139c
4216195
6933e83
27e0814
18dc0c0
3d8ee06
1a40020
2d40ff1
2ee77bb
12a1d51
5ea3501
34f7664
12c9765
0c96b68
430f8d6
08fce25
0e7a28f
0875750
317aa3f
1045129
69eff5c
1da9ec0
30ed4d6
38a853a
470c77c
745fd3c
6f14904
6eb51b5
521615f
45e2b1e
26dbdca
63822ff
255f720
32b6715
001bbfd
48de3bb
7591f1e
3fa6d93
61a79dc
3a666bb
1a44cf9
1b7153b
0a1fac8
0f21610
40df7da
503324b
17e4d44
1096285
6e9d3fa
32b3892
4f0fa92
5da9744
6046b80
5066bab
5146e62
34c5f48
55076ee
383fc4e
480de10
78b61b9
602c3c0
7fc8611
1bf33bb
511e7d7
15529d3
752a803
5e4e979
5ac550a
58331bb
633ebb1
11128b6
5fff0aa
66d081f
1b04f64
7d300d3
28dd146
501c170
0895bec
4b6dc1b
0249dce
337c366
630c761
34c986f
0516a67
215f002
3f1acf7
0e11e59
72274c4
71243d1
5f9d5fe
50b4c82
50f2b20
017cbf9
1e32798
534507d
5e7e5e1
0e644e8
6f0c748
7e9ec02
15678e8
4cdc4b0
64517f3
70cdd36
1587562
4aaee38
3e8d68a
5cef63b
1a9193a
5c65641
17e361e
43c476f
3e37b61
1f94974
5941665
55151a7
1d4946f
0822f2b
56d69cf
4a7cfb7
0d118ad
21c6421
4b66d9d
08eb00f
493c02b
045deff
0c24c0f
287c2ee
428b0d0
5759212
76f931c
23e93f3
463d7e8
44a3bd6
32c83d8
2e83945
16140d5
68b9155
676d942
5d6b329
68418ef
54d8655
3fb803f
3703a1f
29ab94f
62c158e
47b72de
00784d6
72e6ddf
440e5c5
4c8b1f8
334978e
5b9ddd5
3052f84
01a9e7c
770f948
11e06b3
617f6e7
3db9aff
35629da
41bce49
4b38278
1858f38
3b372ec
391c044
5df04a8
3cc1f28
5abb9e5
1e220af
4ff2d6e
119059d
0589b2d
192f467
60f242e
766dbf7
3e75b9a
524be09
594cb29
141ac63
6a309ed
6744486
48865a8
0a589f2
70d7ae4
4627d92
34dd6b9
018552f
0014075
759da8f
576bae1
19d7e8b
00804bf
77dae0d
57b2323
2a30e85
69e99da
1d6882c
49c128c
5c13417
56824be
3642711
46bbb77
6ae65f2
0a651fd
4e1a630
27fc820
13a6776
2ad8b40
75b116a
64bfe90
5f3d425
67d5a96
1354771
265826a
2e6f710
163899b
78da274
0469adc
6f9c3b7
51662f1
3e06fda
407587d
3656939
50cb28a
2e5de7c
7360ad1
50c6749
1978e63
7ca163b
02e678a
57b37d2
33c6caa
6ffca49
4a9ccb5
2a0bc8c
4dca466
1788ff1
014a6c5
76c3073
78d1906
6425105
1379033
4491423
119264c
411f814
776c1f4
782764e
1c77e67
4a8bf5d
7404b85
010d9ee
375d897
75eeb73
2f67a8c
5b4ef4d
45b9ee1
0bac3a8
0c7fd9f
6d80d71
0fae5b5
17a194b
4dd0bed
7e88012
7daddd3
7a43a90
08947b8
6bbc56e
6d19e83
5e96556
48b7758
502c793
3a7d225
08f2452
19b5c16
34211cc
23f96eb
3dd91b6
5365adf
5684e7f
1b8cdb4
69ba03a
27f2518
7eb9579
7f09b77
41766ba
614e6ab
30067a0
025e55f
51203b6
2579450
4def144
48bc14e
7645696
0b103bc
027efa0
7e5187d
28e983c
04eb9e6
3128404
5891b04
3f56574
7f8e5f7
783dd50
74a12f9
5c5e715
655da8f
073a394
0f2bbd2
06fc901
6f215df
1385376
3bcdb43
12dabae
7bb6bc1
13a4350
0922be8
6a9dcb8
593a29f
2abdd41
1058dd5
5fb3163
733607d
04b9383
04c2467
6ab372f
5765c79
4e7f5b7
0c1973b
520dca0
48574e6
06e9703
1b505ca
700f656
77a6a54
33eb12c
25ce1ce
51b1d34
16340b0
085fa19
01a1df0
69cc04a
241b98e
0b72987
559a2af
3998ac5
236deed
036b1be
515dd33
642a56e
7548dc9
1acecfd
633f063
648ae35
2a90934
1098d09
6362f66
776597b
715106d
6f1b3ca
19c3726
11a4683
2629baf
35b9b40
554d387
468c307
4450ddb
5904930
5ae8a7a
1b6cd77
190ac98
1ec2482
5dfd581
059121c
21c7e97
7703aa2
58d98d3
067817f
0dc18cf
31148aa
4825f5f
35060d2
4ed2556
29cc85b
7710947
7bc3c37
77ceaea
1a80f16
7c44a40
5d00b82
20a26f1
6ec283a
499f228
72998fc
32eaa5d
0058c8e
3d2dafe
0a69fa2
5c4fb1f
3c9aa9a
1fde9cd
26fbcf4
6afd3ff
7de1b4a
47b60bb
2fa8395
3f55562
23ceaba
36484f2
141a439
64769e5
35f25d6
37360aa
199cf06
3ca935a
2acd914
568a491
428d508
332c992
6579853
140eb50
06abc79
6ed2901
76ff937
4d94fe5
642822e
173dc01
3f0119c
46e786a
3408600
30e1e9c
17368c4
125c537
24cef22
634ae74
23eb1d8
162fc5a
077b3aa
14c0468
7b90a0e
000421e
3d2297b
1861d3a
20063d5
246f6d0
16657b9
10f07d3
12b882f
32c02f3
33ebe0d
505532a
0e6cdec
4d61e2c
475ef70
3af20ba
20d3d0c
4ad2d2b
1e0542f
2cfc561
70657c6
712ec90
31574d7
548d0b4
2cdc7de
63ff1bd
504fc0f
1738f45
3199db2
41bb455
278b9c1
2c0e0bd
3f12f89
3af367b
4378e58
6212d98
0746f0a
5a98579
75b18ff
1913d55
61b6586
0efe02b
686fbe8
60da189
2dc4558
04855c7
333c9f5
0e798f4
7bffe6d
2ad6136
0763379
619c0f0
59305f3
2c09762
17084d1
606190a
25fa3f9
138a8d2
7a84365
7919b6a
5fa2bc0
65785a8
1ae07a6
2e2345a
0de4e17
0370433
3a87b08
71c4bfb
6588dda
7dea421
4e8170c
7a2832c
5d23718
022ef4c
7b91bff
03bee82
0dcc67c
7311c10
175ae40
240f2b9
0b9024a
099e5e6
03375fa
5f558d0
5c99989
1685590
6edbe11
63ce4bd
7b8df59
72538b1
525d490
339865a
2d43ba3
659fd5e
52f1f8e
2b89a98
18eb2d4
338ea7a
38fddc3
3891af9
777db95
7fbd08a
08b4262
2be8931
0a1f78c
4fd7180
73444bd
6432314
6d937e5
54c409c
4832f41
47a2873
5c95768
15b04ea
17fa856
4c53675
65696a7
5f3e569
37260e9
4781fcb
514364d
1e889a1
102e618
71ea19a
7fb4767
2562690
0f539cd
5f3bdd3
3bef9aa
6797281
2eb0d1e
6f0cca7
66e3834
36a7021
40f91d5
62e7152
78b5d25
5dc9c6f
5de6823
2f72b3c
2259d50
0361342
5615afb
00ce5bf
57f9209
232e4df
7d75430
4382937
178d855
34953ea
38a9c3c
7b34cfd
4fe2590
3a456b8
14200a8
16d781f
0d559a1
503f548
301a1cb
4b245ec
1df3628
3424c3a
2c88d64
2ecced3
113d5dc
49715ad
6e43a8d
03b3230
0cdecf3
71dae1e
7c64910
2809ce2
7cd82ee
202b37c
298a827
74bc58c
3523044
4b937cb
4f85a85
7626ffd
4e67256
2c08a34
257c87c
6446190
0475931
3d0771b
17f4713
6ec575d
0faa616
1273a6a
2a49aa5
3abc4e6
62ef383
793a0ed
58584b7
3e21b49
04ddc45
38cb7d8
0b03acf
56d85f7
32d2950
427446a
7f1ed46
0695add
33d3079
2b2d09a
0a1d04b
06fb086
1f502fe
2ac35ed
472c35f
1de722d
1105002
2f67344
4ac173d
54f78f7
66c9482
0df52d6
633cdc9
513df73
22032c8
504703c
73d829b
3d7679d
1bbaa41
7e5002e
62d9731
0afb660
0c73596
2bdbcff
00950bc
65bd806
7a03c2d
7939e27
5499762
0afb0ab
18099c6
5a05dfa
40d3ba8
212726d
41f06cd
6a5e349
66b3016
6924835
5449000
77e55ac
77ecaad
73cd476
37277e2
7c9d8e9
5069f2d
6a3a46e
0f7ec8f
0454be6
2564da1
332f12f
470897f
18d9a5f
2c756fe
1a4d451
29799e6
3f596d3
69d8d2f
653c164
207c309
2084108
0d2f790
3878d1e
6c93235
6ea3a8a
256109c
3c91411
6289eaf
0a63f5f
0e1f23f
6de93bc
2170e31
5be1d33
5953b6d
44f76bd
74e8519
1073d00
75eaabd
4b748f0
6558d3c
6bc1ebe
63087ca
09ac7a9
4c48eb6
2152252
7deabd5
5898bb3
4f7b46e
2ed2838
2f485d0
37fc973
3451afe
63241ff
691ecac
4183c6a
061ef2c
23d1b93
53d134f
5472ad0
2ad9438
4ae87f3
0b8591d
5d19881
5e22567
2999097
796d23f
3f82213
45533f1
7320cc2
762f044
6cc6d27
49f4c61
5907c45
1adf01d
0a9a6bc
742fda7
6312986
4a5f86d
4ff4dee
07ce905
5113a8a
344cd49
3005328
6bc6fb3
04e2067
42e131e
63c484b
53bc8da
6a3f11b
17c2b71
670cee3
339d1a9
49e5d12
1eb8c75
3b5b683
57bda61
34feb20
5ab18d6
59eded8
681c672
194a2b7
48cfbdc
5751e70
6a17cf3
7c05678
18bccd9
6ee84c6
542b452
276bf0f
78db8ed
45e6bff
2b4fc26
65dd33b
35e73da
2263731
559f55c
5b5de9b
2d56bca
15ff9c9
316713f
2a85f33
54498dc
4335878
2667b4c
4b83ac8
0d04fbd
171b65e
73d2766
4c277d0
583b24e
508ddf6
46000be
6f5b7c3
3067767
0a90b1a
6c19756
088e77f
0d6a6ad
26cecfc
78ecc99
28b81cd
53eef79
69b875c
5be61ef
69a5a74
191835a
18f36ae
61c14f3
7690f79
0eccd84
59020c8
6233315
0dc2b81
069f228
6b13fec
3716681
41b7b0c
4ebe0c2
1068b15
09d2b98
3c79f92
66932c8
274ca82
64ed733
2a381aa
2cfabf5
0992403
6f2e850
1a59648
54b44b4
6639d3f
2ba6a7f
58b8cdc
2aa1429
157fccf
75c39ff
57aeb1f
667cd81
45e075c
6f6957d
7bb93ce
686e27b
7158806
5ebbf1c
650c96f
172684f
782fbc8
51bea32
21f12d6
457122b
42aac35
3f149d6
654c004
321194a
6f2606a
0895829
73a651b
4784024
3fe318c
1edec56
61bf389
294fcb6
6cc7887
6487e3d
06c5a7a
7fdc25a
0f1dbba
7650c9c
4c2571c
0a3b517
4920baa
4e51f8f
3456ede
59fed06
48e27e8
6b0dc94
00ab11b
2daa8ff
0a86e97
4afe71d
24a213e
5ced119
3bd4e6d
11fd6a2
09d9e34
07ccd50
2d4bfd4
78c7d72
39c73a5
29c57bc
0f95879
5a8a48e
1687c98
258ff51
674323b
48ef796
041b262
19280bd
46b9599
508754d
59a3964
4ed378e
6d8102d
6157837
04c3f29
79ac2d2
233c909
3a00595
31b05ef
1bb0aa9
4dcdae5
3aa97c5
1c1f84b
7423c2d
2f5775e
5c1c629
654d652
3d34942
30f238b
123e85e
3683055
562dbee
370a357
32e5f30
53fb6ee
09f7de8
0ef0bd5
6391813
0aac318
034a568
75de75c
7a6adad
711c42d
1dc9b63
6a8c348
5e77e96
4bd7f7b
5fbe76f
733b57f
7c04478
6536ee3
0c2399a
7c04411
497f505
18bb533
479f866
77af4d4
7512837
3d195f1
754b6ae
6eee6a6
3cc9a3c
3f98cb7
34e4eb8
6a3f4a9
2c94f89
330a903
5e933f3
280e4dd
5445710
40c439e
16de016
7a7ce1c
642e1ba
2291f49
1387bb3
73c7e36
5706bda
36ba8cf
44aad4d
16c3afb
0f1427a
3dd0dae
7bbf4eb
2ccde98
1eedfd9
1a4c4f4
42aa589
27de886
21032ce
310f6c8
1d271ec
2a72221
704d976
6defc2e
105b7a4
2cd3416
2489f58
38c432e
3a65abd
3f55ba6
6f58bb2
1e7e710
7a6badf
5012f45
0f870e0
51ed3cc
3cf742c
4ef864d
5ef2f0e
298ebdc
0c4b623
684567c
1a6bac4
658273c
5da4367
5babd07
2ffa13a
4d43e4c
6125003
1c415ad
4deddea
1b97d9e
0912c3b
5abbd15
5a9dc66
2725efa
36c8bc0
49aff63
4f23b0b
256840b
23631a9
3f70ded
5921a10
5b70263
3704d55
574fb17
4ad6b75
68ad17c
7562f09
0a3ae64
27583f0
2a9ff8c
4996bd7
261b14e
22a2a28
785f28c
16250a9
3507170
58953db
363d46d
7ac2646
6e38ec6
6985a4c
2651c58
33f3ad3
226658d
455d8ea
2b1e9d6
621ceab
2a29022
25caed9
4dc0f87
04d3097
20888a0
3669131
7f63370
35db5d0
7fa1c6c
32a3117
5e11cbb
4277029
1863876
591513c
294941a
0ce1b7d
15764af
4486ddb
75a44aa
154b150
406311d
0ace251
24b51a2
50bfaab
464fba6
7bd9cf7
7f778de
5fc3e18
7f16c1f
700b690
05de138
794fb36
4945799
5bcb5d9
547bd37
40697d4
0f003d0
37845df
5b13304
0286acc
06c97bf
6c5df70
6d310de
51ab9c5
23c0a34
7d4915e
406de39
3018909
678873e
2dbff67
7e1d8bf
1077cfb
64d8a3b
0d46433
5f1558d
33308ef
3a0fe78
7e5bef7
5605160
5f7611d
2e873a0
03dee3e
4b63caa
44200b7
7827414
1a6370c
61be853
6f1722f
2688f85
7bb5405
433a179
6287873
7b9b52f
00044de
4bc4423
401fe1a
0814d34
1995311
263c901
1c64069
5304675
468adc4
2a4033f
69f1a70
0a20f4e
415fdbf
3c4fb26
6dbe260
63efb4d
18b0e63
00a2816
27d32b3
30fcd81
5550f8d
75d4059
30a1201
01b3a79
528ee2b
6b90de8
6dcaa4a
794aa13
02f4274
3053f83
286856d
669b2d7
6fe7e47
700e37f
04e8632
3248789
7ab87ae
0e1a380
70d0786
4a4a44a
00f0095
5288f6a
494d0c8
4b41ec7
5bf089e
50697b9
3dc16db
64bd325
5550670
53cb215
0d19092
1f826f7
219cb8f
724a798
13f4252
147bdfb
5ac6d8c
11907f5
1a29937
2919634
45279fb
2b1ae07
08a8683
69041a0
7b6d66c
07fe53d
3f85b43
5dea34a
5f55c56
5b0f424
391abbf
3a23d6d
65a0e07
3b07f76
29f53e7
5564935
79c7fcb
48297ce
488f9bd
674fb3a
3c8e8e2
4ca7ae2
7a505ef
6e3735b
49a2006
6830188
58f04ca
742d060
5409eb7
1d45459
1979bef
6c001fb
66c55ad
5a44ca0
558d796
7da5047
30b1020
51f0ac5
523578d
649e65c
1101f31
57e0fef
56d3117
1381baf
54cfd31
62a5957
0e0d963
5946505
12bc6a4
547b0ab
27076a4
33bfa29
06468bd
1b7d192
6f64dfe
1244819
760f2d9
22db8c9
77194c9
0402747
4438e24
65e37fd
2b7822f
5f70a02
0499f2f
77ac3d2
4ce490e
6d696ab
6e7c8c2
7f6e136
5ef932a
232cad7
5c2c557
0717d6b
1c53066
2f82b3a
0b1153d
22a9f51
2181964
4049ff4
185acee
0b723c8
6f5e37c
0943a46
08cad77
65a132d
34a61e4
7615210
364f4b9
3285a07
3763850
25341f1
492515e
24f07a5
38e1394
63cd06d
619548f
35c735c
66072fb
76d1012
7857c15
21cce39
3e5b23e
7d9ddfd
769e6d4
59084bb
2912419
7b33da4
75cd09a
3720188
61e27cc
4006eb8
2242622
36388f3
775c014
088d7f0
34704bf
2cab8d6
05c8119
1344f11
70c836c
5144a70
2ffa2e3
70f0c10
13b3f30
1b24432
2129e09
40e18ae
3447545
0171793
0f2fddc
5514bc6
7eb723c
0e2bc7a
0a2215b
3baf64a
2c2afba
55fd261
747700d
661ddee
4db3f0f
5e57ada
4792d70
6f2a8ee
38e218f
0026dab
110fd0d
7538d3b
7785267
27075c9
10befcd
3839ef0
02aeb02
18fa007
5e54455
6afccc9
2307f4c
041297e
41e0aba
0216c2d
7dad1cf
276af9e
58f5f46
702c72d
6413d3d
3b0fdb1
5fb0e40
48e5546
171999e
3a85ff7
75fca40
3921b79
3a1f821
06dd838
3ae17d0
4b95cc2
1612782
4693ba6
7f6287a
6c075ce
2aa98d3
2e05c6b
601227f
75d9b11
2aa5a04
7688f75
1a73300
647ff03
34d340d
4f73b69
4466391
7df2965
3e4992c
64deb60
42f00ca
57fa1ff
674e266
579ea85
273d14e
1655001
401309f
455ac0b
412cc5b
2b53904
0298df6
21ca4df
0fb276a
2d9a4e8
4522eb4
3333ea6
5ae963c
720c775
6290aa4
36ff5f8
0eec1d0
6167cec
434bae5
7fe1ba6
392e8a2
7e91447
6d944a2
30bd590
5cb0be2
2286347
7abfce3
1f08b27
74b3243
3e4ad82
3ed09e9
2379cf2
11b4998
4620403
1f7a529
505b366
413f368
0c4c569
2467efe
2f34c62
7fd2b09
36151f4
1934f40
1f57726
4cde92e
5e92596
7b454a3
32524c9
21a2d87
1c3fc5a
2149e44
2845838
38d961f
3bb0909
40dd2b9
15050ad
187ee38
1fd5276
20184a9
7fb9841
473a934
44ff9ba
3bfadd7
32a5fa3
51081f3
1a42f5b
13b1004
5327f63
283def5
27d9cd5
40b4f2b
329be75
6574e2e
3387d4d
038870c
155ac0f
66e29ff
21a67b5
2cf66e0
16834a7
7cc9571
11ab24b
0ca7a5d
6730a32
1e6a888
27e59ad
6c65587
50cec1f
6392d4d
3eebbbc
5cfe1f1
4c6cb65
688b84b
076c8fc
04eb117
7b9085b
14a86a7
374e1aa
2d6add4
785ad2d
384220a
2888b1a
197fb55
2e124e6
414d3d2
27bee51
4810a42
6681f23
7a0ac97
12e1ca6
7d082ce
7c6dfa6
22660ad
21e8fc1
02c17be
12fd18d
453c5b0
09d7912
7930465
5a33001
73a3035
530e22d
6db1cd6
306c0ca
5801fc3
09a35d4
36cc219
7aace27
0aab8da
0eaf50f
3173893
67041df
279f1bf
0a6ab55
144c7ef
0e66d27
465c4cb
48eccf4
1a9504e
55b3cb1
7ffde46
77e9a7a
76eecf1
3241f9a
382dbbf
5be6c91
1a2af91
0b12271
32970dd
6c38d61
3963acd
0cb594d
0255333
61d7c2e
036fd0e
71caf74
09b7473
51d4bf6
2f393c0
5fe4144
7c3020f
78fdc2e
4a02724
34bc4b3
7d56d9d
63c5771
24014b6
66c27a9
37a8916
2e2b18f
74402eb
3cdaea6
60e17d4
069c59d
292b53b
444691b
54d9ecd
1e5283e
4a67a9f
55a5211
54bff12
77736d8
2630907
1e1b8c8
7e80be1
5c3d120
132c54a
18931aa
3663479
1186cce
232bb84
1c4c6e0
2d0b217
571c29f
4e19ec8
0944b6e
3e87296
4c4d967
0ecc4c8
3810af3
2fd19dc
7964385
7c37f14
331be11
76a6f45
6ba0461
4884876
5cad282
2ffafb4
073f026
2752bcd
5d90de6
14e1d0c
01c7bc3
49208e7
0440773
6d40b3b
3ef8cbd
2380554
09b7fa7
75869c1
1a4cb99
36905e6
76a1957
19e6f03
7360364
6155d1b
5f8059e
7b5606e
07d6c65
43f767e
7c9414e
303a084
6b7cc5f
3d2b791
6c5747e
74a5a4e
34b4e1d
5641d36
4239f39
1b80c68
743de04
4c272e7
7772a76
561631f
66e92e5
3a25ae4
7f38472
7862aa8
725b5df
4e0185f
3a6ebb3
3628632
3ce221d
597c20f
0c932a5
1c60575
39539b8
5480857
0d10d27
7843618
4ce3275
36e75fa
31c39f0
5b1723c
6026fd5
77407cd
3e2f043
1348e0d
598b06d
0776029
04648ab
78c40e0
4bfbb17
208e511
1ff178f
0a600e8
36e2502
66d8d74
68aede6
5a7e795
468d775
0eb0210
1e5287f
463beae
2ba483b
77e9589
6fca050
2c5dc1a
557b19b
3068015
4f79212
7bad3d0
6ebf09e
1fdd7c1
3941c72
519ba1d
4bdd63b
179ec67
68891da
7a49dea
408af2e
15adbe4
27856a3
393ded5
6864e17
2673e7b
2608ebd
4c8880b
6d4237e
54935c2
27df62c
76de62e
7718e9e
5b74b29
6b11312
283b7f8
3a0d22f
7609514
52f9851
1699843
67f16fa
7f6f39f
6494d07
3844501
257a5af
5cd278c
79fc9ef
1c9a2bc
42bd97a
139fda4
2f65740
75cae4a
1f999bc
45e5352
27856a9
1c1a2c9
5708973
6e450bb
0a68229
4a747f6
1420384
0b60f08
2abc61a
6365da5
1a27dea
1f820e6
179d4f4
6730b7c
04ae6f5
7a89f7d
07c2545
3b83b91
4c9bf61
38d1ee4
4f56817
684e0ee
0c2f35d
3e09391
47f49b7
17237a6
36945d1
740ea34
245c77f
1524b23
7c60cba
489f38a
31efbba
52b0ee5
57884c6
083e87f
1624ec2
3284468
6cba724
401e8df
41e15f2
1c6795a
4da8143
5761589
418489e
65da316
6f4eb37
2011ef0
4aea8e8
76a9bca
7f08125
1ac0cde
6a66677
4c0edcb
5167c39
05e2855
5b4343b
7a118ed
798d5bf
33b6314
63f1668
6ef4dea
4971763
68570a2
19931e1
14e6dbd
47be66a
520b51e
745aee4
2588969
1c35ac4
2738f02
285679e
1cacccb
11087e3
6f4b0f1
10554cc
2acb3a9
51c835a
4e6b415
357bd26
25bccd3
71c5a8b
068ea63
65db3b3
10a3754
546e992
67ce24d
253e15e
29a5a38
2369d49
7918ae2
4383ffd
2cf2e51
01dedaa
7fc75b3
734b005
37ded87
432ef8d
2229e5c
3416f36
30bfafa
2fe2be7
7f2ece8
591921b
7b8f4d3
2d09ba8
143c30c
7cd0872
68e94f6
37ff4c4
45262fd
3cb91e6
5270588
3a43fc5
43e215f
06c0922
41352f5
3f618d0
4017f76
6acbaed
1d0ea22
1560a3f
52347d0
7af864f
57904fd
230a1d1
5251e0e
4ff7048
326abe1
766f785
728dd23
605f921
1ffcc9b
583a5cf
64a81de
3e0f31b
5bcd5a1
1f4fb06
011ba3e
2a0467d
7f4d291
5f368c9
5a00f8d
3d9ca7d
7dd86f8
59a4305
6b7851b
5de2770
5e82bcc
35b2d80
63c61a9
7984217
17557ad
67790e2
58fda9b
4cefaf4
48614fb
17615f9
5cbcdec
47f1fb7
5f25653
5ea8a54
5ae2163
0338344
3fa9e84
74e7908
12e4916
4d03204
1fcf155
0ee25d3
5784028
0cf4b6f
6789b80
2158bcc
02e5710
61182a9
22af77b
76b6575
651c4dd
0ddb91a
762e32d
50e31e3
51f3bf3
5370fc1
0225994
0f379c6
1400042
061a9b2
4215e38
69c6fe4
35c4ab9
180e609
519e266
69d0992
3fd266d
5fe1cd0
74a7089
6758d50
1c35536
015d259
4f21aab
5a6bba5
7a9ae45
1cd12a2
27bf235
3df8d84
5e2f33d
1c6e3ae
6b23e0c
6a79072
5a29528
424cbf7
61c824b
5339ad8
745046b
6999d89
56c7e3e
0d7f4c9
0f699b7
538f2f0
2ef0682
7b09bac
0f09da9
2dbb2d2
63258d5
5dd03b7
1b55988
152e0ca
0aad977
115af9b
5b3c8b4
4d085dc
4409d24
3f804ed
6c711dd
29c36eb
0c0c885
5eff8b6
44cdbd3
72fdcac
4b2bd0a
790163e
51ab7ae
059a27f
46644fb
62ac8a4
30b0a16
7b316f4
644cb67
3a18c5d
521e068
13eed67
3794463
64b16e0
42761c0
0fd2d9e
6979955
0692f53
3581fac
1c6031c
08161ff
5deb6c5
5a938e8
0b4b91b
529c8e3
3c55dc3
48a0540
0d65d9d
470351f
500d421
18bd59a
6303ab2
6034c69
3b770ca
4c457ac
62b19ee
51716d5
5e202eb
052a260
0d67a47
70da7f6
3ab5382
35158f2
38b758e
72a8c0a
4cac21c
74028d3
11ab6fe
533f1a6
2753058
3412f91
3a018e9
30157a0
4b6b34c
5fa78ae
7aa083f
35d3a05
6ea9274
1417013
4777b06
60069f0
33cc65d
15a960a
701fe77
4007820
3eee6a3
3a900bc
36bf6bc
552374f
6134ef7
32c5846
4c605a6
0fe0093
50b38d4
6425dfe
50c1d9c
0250979
0210d87
7414d15
6adbca6
26d05b2
3a0b48e
5c509ea
358ba71
6f34258
65d387d
7d5a37c
5802923
755aa9b
3aa44ec
0baf6f5
3fb6d0d
6888301
6c0ec4b
2ca2bfa
0198313
16c5855
050515d
3200a19
063556e
30d5c15
4e33efc
4fa43bb
4e3156c
0952285
53bceec
19e68be
1435992
2e3b046
058bc92
2b8a57e
3bc0657
1aea9af
478ec7c
530c125
3c00c32
4a7bc19
232e7f8
1418fa6
4bfb91f
1f2631b
43ed3c2
42c5fc5
59d5e52
2aa0b41
0b2747f
7a6f0cb
14ad17f
1cd4b00
391a93f
484ad34
3a8855d
1eeaac8
69e2343
1657070
501399e
75d5462
68e048d
1445a0a
4aceca6
74b7954
6967f16
33f7712
1a42109
7a159b7
6857e06
6aeb6e5
650008e
0b0d45e
0d9e726
10c5824
6ad9afa
5351bf8
12ed4a7
7c25b5c
1ce70ef
4d86d68
36bd378
0c15a07
2f2ce30
4f3ded6
51d5746
64d485d
31f9aad
72af03f
2a5a9a9
503c250
71bd08e
2bc5d7f
3f0ba78
6cbfb32
11ff883
5486b51
5be2d1c
5b037a9
6778b1c
1d1e224
487732d
2f89fb6
20d12f3
5febb3d
3124c89
2521db4
5a95991
5efdd1d
3068a15
2c6ae17
69bff2d
09afdf8
67139ef
60139b8
6c047bd
1725c99
0bfae56
614c5fd
7f4155f
3d5f1cf
17c20c2
019a14e
1cfe86b
40d3d83
62994b8
253aba2
4aebda4
165063d
2b5b250
7038723
47c40d0
37bbdf1
63c2cd5
7de0063
75f4773
7ac6f54
44bfcad
5b778a3
1125534
304158d
6ca28be
60b3880
198c839
30a091b
6434b73
1e46830
7a6d8da
644323f
36d0089
343d654
430d1c3
42750d8
751cdfa
128e1b2
753d332
1754cdb
4f6b723
6d85083
447a337
507f030
20d74ee
3cae552
0cea7d6
3a1f23b
44392a1
268d697
4ed0a34
1e1d453
1783e1d
758d8f2
73a2ba9
385f3e3
77c18e6
4291d92
46394be
2ecb167
0d3307c
0b70cfd
06a2c95
5c7480d
7228851
5751be2
4796318
207858d
66554a5
44324c5
59980f8
56b50a3
4a579f9
42bf578
0ecec45
177384d
3773bac
708ea61
074a5ef
7f9a444
4b02029
1d6e73d
404aa23
11dc1bf
1d89f4f
6fc2029
229cd48
0bea3fe
537d7a6
7bb959c
55527c9
229832a
237e1f0
64d3919
29534d6
78df352
2c48e46
75060f6
0f1b17f
13eb5a8
5e172a8
14b24f3
70323bf
571006d
2989091
0749b6e
49f23fe
6156964
3e4486b
7923179
1d0c44f
2fc865e
6699454
49938e2
61effdb
7049904
06fe299
71c72f2
437cbc1
546bf18
669e89b
53af859
57a4ef9
081f6aa
61601c4
73c1b61
6916f8f
433456b
007a689
2cfef97
70adc25
24974f7
5558eb3
79f4d33
3c41190
623ee72
7d86e2f
7c716ef
671c1e7
1466e30
2ce4b41
4e3db04
2d30b5f
7b7c647
3acaed1
0a31a0e
0136a96
52bf673
016eafa
6faa13e
6555648
1510c2a
6d12e9e
4dfb5bb
7cf9e9c
08e3e31
64d3a84
239ea2c
0cd8700
48b94e3
2f8e7a4
643d36f
695048a
799e218
21c595a
2c83d1c
5daaab6
5d10878
1b271ae
62ec30a
02d53db
292cee0
078b3ea
742df99
35e04d4
1a522e1
1a3a7cd
02227ab
3dc8891
64886a8
0ba9916
327b957
698a5fa
0707ab4
04f65c8
5f4525b
009b0f0
38a1bef
7f1c1fb
4b73cea
5ab33e1
13719f1
07caae0
301e7cc
5c8eafe
70140ab
08577bd
7cc1c41
4a1b849
19eb5a6
4c3afec
2e74ca4
0a06241
59b5498
4cf17f1
7fa30de
2c3584c
03b715d
5b01ba3
55f2643
7f0854b
147232b
638e9f2
292f000
12675bf
1eefcf3
6669c82
0c2a53c
61e0d53
7a05390
51ddd7c
0bbb9db
3ee66b2
24ca6e5
53a6d50
59d1a27
019e7db
69ac9dd
0dcfda9
05e6d0f
2632d3e
239faa0
6822e4b
2781383
6b46ee4
31b8fb1
757635b
6ac16cc
17613b1
4d6772d
2f0e1c5
5558c3c
0d0706f
22218ec
4a6a3d5
355a093
6fa1b0a
3a9cdb9
35104be
4712896
5f7ced9
2dd00d1
2964c2f
13d7793
144207f
5c187a9
68ca688
1313425
2baa1f6
521efc0
43aee0c
5a8a133
4544758
60d5877
379bc00
5e01018
0dede79
0d263ad
30024e3
12a62d5
31ea41d
00fa601
2d2c6e8
256f0ab
7e1fca0
03a899e
21a8762
19937c5
643b5f4
76dafb3
6f90e19
342548e
51a3635
4f61c5b
5518523
6e3cb7a
7f98a47
05a0cde
0392934
0365d38
06b1fb3
04e65ef
13b68fb
15b5fe6
2613f83
12a2b78
7c02b42
25d0709
10ec499
3f6dd60
12d2044
533fd71
1d13d8d
531c562
29b85ad
45688bb
3443153
1d279a7
61ed2bd
633e70d
717325f
6b1fea0
75e25c4
56523c9
0f5f234
785782d
6e7e161
4ef925c
08707dc
233c55f
554df22
6087168
6f340ff
259e33f
343951d
3c61e4a
5364d84
6e2d8dc
1ba649b
1f395e0
02db945
44be776
48ddbe2
0b443b8
61744ea
576f5f7
61e8041
2eeb9c3
67dc425
196e849
0d65fe2
0731831
507e2b5
3a90197
455a15c
28ba3cd
7664d34
76bcb89
787bcf0
0685b20
4242e1d
195b1fa
6febadc
4b5676b
5285a10
056e3b0
2423093
26cfe64
450efad
00f6cd8
7e9b8dc
1a1496e
370db29
1e8bbc7
38bd678
0d7d051
552f344
380bc05
6e30ae0
7193132
60c0dda
0043ba2
5061ff4
6ae49b6
39def90
18b4e60
2813160
4a8406b
4c8411d
4408f12
7bf1a1d
525abd2
7a718a2
48902a6
6bb0445
24c597e
57f403a
2c96b0e
6eca1ae
5376d85
607daf4
2c982c0
5c82c02
31a4dae
03e9416
434577f
7e319d2
684da97
5e42724
1ef5a22
73bce27
403157c
1b85780
6a57a46
1f48803
176df25
7ff80b7
7c1eb7f
58cf638
5d62abf
59bba12
022ab3a
28b3a8e
752f5dd
380efc8
62f396c
35caa22
2c72a75
3cd6421
3a95ffa
15e3637
2b0d8d4
193a4dc
7253c1c
52cf14f
2731012
4e1a363
5af5691
3c96d0f
7dca36d
6b6a009
0ece65d
470e581
5d7cc7d
1e04dda
75c428f
6f82209
5ad1ad0
4b5ed65
3e56e1f
2320d38
3013f22
3f0f4a3
2850c03
0615fb0
1df49fa
67dcf1f
7a494ff
151bd1c
201b1f6
5790287
40118c7
233800d
6b35da3
31e17a8
4f5b673
34ee5b3
735c676
5cc6755
3286951
43be56f
774b442
03fe805
1da75e2
3f14615
6e2cee6
77637c4
6721d25
54e76c9
46d3979
3938c5a
376dc5c
3ae7fbe
2aeac29
3aebed8
5c77e8c
181182b
1e4e601
086bb32
01a6667
1100eb1
213ae23
3ccc853
66dbe40
0fdc377
4574e2e
66ef533
70b5d6e
4dd8946
2a3a4a8
1113d08
4a981bd
077eb9a
49ee4bb
357bb15
2dce271
0bb9e9a
4cdd793
4e70c3f
41578a0
06c6dea
165800a
6f4eafb
4fdc359
1f6a3a0
73d3bcd
47b244e
388aec2
6446724
57ff96a
7d080c6
2e88ffe
4f2caba
31e856d
18a92d8
2fa6538
0dec786
26cb81a
68f85f8
43705bb
5479085
1ff5b94
7bbc584
6f676b2
3b22656
435109d
7867232
598f144
51a599a
23f98cd
745eddd
3c6c2d1
60d0de6
0bae206
4376647
2dcf715
1dd4413
356bbae
788bbd8
4f6f8a5
52762b1
3885a7e
1c919dc
434642d
25d9704
48282f5
259cd14
5654d5d
7607080
100c89b
661ebc2
6507cb6
6b37970
6621242
05fc0c6
7b0fd39
44d3b57
329dad2
3e97e67
4010d6c
15cb341
613c439
2da0d4c
3eaf6ce
65c503b
117ebd9
39a8099
5587716
100b149
4d55f8e
6edf385
37720c4
1a10c29
521bcdc
0f42d01
1bc29ed
3d62168
1423fc9
2246366
7ac5c80
0781c2b
7d54a8e
27cf4e9
2c3f10c
624b5a0
612adf3
2343579
50986fc
4197b12
588d251
459495e
70f2099
3987165
2357fa8
080daff
70424d0
724c235
031e071
7741116
0e7094e
6d62021
00482dd
2fae9b4
115b8b5
7cccc59
0e425df
59622cf
165ec2d
1ee1aad
7a5c61a
101d8ac
424974d
0e77ac4
2d7aaed
3500f12
5f89c81
3854a7a
09a5e56
443f88d
3311a8c
71e9733
257ff4a
736171d
60a8a54
1b2c9e6
3665dd5
0e656b4
33f78e1
6b22fbd
2e1eeda
30c40a5
48c6ec4
025faa3
2fc5ab9
3782ce3
0db7fd3
30a7570
4d69ee6
3f38250
444f3d9
500e103
01bc1b5
611b235
63387af
7ffa5dc
5d0559e
3bfbf90
12dde64
7756424
2a54337
499f296
3f721c8
2816eca
1dcc7f5
5618c3c
439b4da
4fc2567
46a7ad0
34b689c
63e8a4c
74583a5
288c173
68fabb8
16413e1
359d67e
27548c6
3c8bc6c
23fc0cd
5f99885
31c9caa
2945267
1cea9c3
25fb195
1c7a47f
7a1e5e2
428156a
50b2f6f
6a28f4b
7261fc6
40c4c97
299aa65
7f6d441
196fa45
1a533ad
5d00827
487c049
054d2b0
7b359c8
6a95e2a
150335d
1e54da2
04119ae
6f1b281
3e5c42f
4719d99
0a75f12
7194ad4
1077589
0def177
61c11e3
37ae3cd
0c0c3fa
36fb2fb
6c228b9
7207cdd
5e4f4fb
20743d5
2c07a19
78560c4
60ff68b
6232432
32b80fe
6f338f7
6f138da
2985b13
0696115
2608a94
198391a
3eec4bd
0cf12c6
264ee94
0caac5a
41f4d3b
2673445
1c22640
22c10bb
6b9d253
3c2bb13
423e7a2
18aebc1
55aefc9
6fd1462
7595b5a
1f71370
4f48ead
621adda
1958b7b
662b604
7fe5550
498afa8
6978455
18fe476
2e954d8
7c20101
316d58f
05c7696
03596fe
14b332f
487dbd4
4b93611
6b16999
5be5258
07c07d4
747dcf8
728e353
17c6f39
55762fd
7bff893
58cf1f7
242c190
303902e
663e3af
5f7812f
7565848
00deaaf
19edda1
0ef0176
708b86e
3189449
3b33a42
7924cd1
31e6c22
56fa94e
7d99d13
41f5075
642c85d
7f66ae0
5770af0
44ed471
35d0d89
43c8584
4d8c377
77d132a
7475f18
14a9b3c
5f8e534
61f385d
3f2418d
40ed069
53a919d
30956f0
56f5816
398c3fa
037f453
0a06fca
521f43b
5418046
49abc59
50234d4
5f9d22d
5d89073
1712e53
36b9a8c
22f430a
49b3a39
3d086fc
329cc3c
03c56de
4e9929b
4bba568
595cd9f
3bd0f85
635fc10
509c1b3
22d306b
2f5a1df
0a4fc55
7b408e3
7506732
16835de
73a947b
5ea1fd5
3dea28f
145900a
7c71842
12e4674
7587717
4dc298b
67b9752
7abee57
6c613a8
4758e90
6cc875f
4b4ecd5
00844cb
05ae437
16fde7a
375fcca
3ce4e3a
528357a
215fddb
77dbbba
134e70e
06dc5dd
64abad8
2a16898
5e5c14b
256cb6e
60c8a35
02fc3f5
1a9acc1
60c6c8f
2df5fb7
12efa15
352d2ed
01307a0
1551d30
55c6355
3634d8d
7671434
664b325
4e7c63b
5263b20
3560a1b
1d1af9a
2dfc776
7d4bd8f
3510820
3d24d64
5d9db1d
681436a
588ab3d
298d189
0cd461e
4083a1e
7dc3a4b
289261b
6e54e57
08466f1
4bd2590
35e2ca1
60d2082
136c314
01165dd
51d9d28
4f5f9dc
282d050
7a403f2
2e70d11
7138cf8
626c974
38b861b
480fe3d
391b417
3d878b5
3b25df0
2556aae
0cf7294
045dde9
4c1dc40
6fec869
72b5872
7295f57
0895bd5
0412095
7e0c347
6b46c8a
7d1e305
1daa7e2
7f9c88b
5adb602
31d6b40
58e2f18
6c35701
5394314
281beba
4cc7f2b
189e374
58dc90d
565f23d
52b8b1a
6a55b08
55eca2b
3495ace
2ac12f4
0105378
1fdb50c
358c949
5a7773d
6207120
648ff7b
346e410
2655d9b
5ef03ab
0a9a385
46be03f
3891822
5e47d4e
3ca2ca0
50481e6
17ffdca
7e3093a
1ac84cd
3afb09c
4fe5136
7ca8e1c
1f1cd9d
546347a
1523d68
3a9da3b
53899e9
3a26062
740fcae
353e6c7
45c0846
77540d7
4e5dc90
592400c
48e3aab
48d0e4c
2bb8cd6
213bd80
5c645fc
309a777
1c25f3a
5fa89ab
15310a4
68d2ab7
7ace540
4e937ee
50e5192
26b2e98
1ab8c3f
322a431
45123af
208ba86
1baeb72
0e49ce8
093c648
18d40e9
0bb0a71
316c6c0
38fb4a8
05d4965
6ab831c
0b66cca
32c4b9c
795ce0f
32ea307
17d4ecc
30a8ba4
5f26ffc
12d2677
0f7789c
66a88a7
5a32034
0feaf16
433a0c2
4965f88
5152530
28f9b26
33201e9
09d1ba2
14a15ff
3a9864a
3d2a23a
62ab996
081081e
75029ea
3de4139
29b3a78
509a1e6
4c10a9e
1b3decc
4651918
1e4ef2b
0b27282
4a073d6
3bccbd2
6a30ba1
2008245
24f159f
0c7dee7
6d9a6dd
7165104
1b5340e
6da6652
64596ab
7e1b682
73e7ebd
00133cf
2a6b812
05e68b3
1491e9e
754f5d4
1b0a712
4ba96ac
0f04d9b
0de2f27
39ccfc0
446c44b
332300c
4a8c509
281b26c
24dce68
30ff7f9
7df8b59
095b312
4b7078c
74ff08f
3e9fc15
014b788
30980f9
70dc019
6d91839
7c944f9
567d2a9
3cbf373
15051bc
142436e
0066b64
7f725d9
35cdccc
5c9f209
01ab4a9
55b59f0
78d3ccb
0988765
1bcc245
49794ef
74f63d7
4c0415e
05174d6
17f4541
03f6157
008de7d
428ebfa
668658f
6805942
25fdcee
0e806f9
47a6a7d
2fb0697
6e2892d
7a11f65
784d7b1
2b2d742
3a646e1
761a575
2094827
35cbbcc
39aa6c5
53ef6f6
757e3b9
5ede346
117bbf6
7c12993
23d9155
149d77a
597ff66
50942d3
7209b54
7ce95f6
22c7288
6b8071a
7ff8fb6
2c5eea3
587067a
17750c8
3140601
53f9a40
4471986
299bb8e
10b7d94
7bd9bff
79a2784
6d3fac6
41d159a
43963dd
4d7aabb
362c3b2
0f520b4
081eb2e
5c0be3a
509cb8c
2d163a6
4cc7c70
01f46b6
7fd8c46
49ace93
4f09612
154604a
367b0f5
3a7cd1e
58690b2
162f40f
2395c67
1be8d5b
6814fe4
0eabd10
1f7734c
388dcd5
7f0a4f4
26f59a0
0845282
5a86e31
34a3138
404da0c
281e149
0fc1ca3
1f54470
6866210
0eff566
76c392e
409d90d
3276926
658afe3
2836aec
0f54a64
498ad96
72d9daf
39c711c
30964e2
6bca613
19ae6d6
05fb892
39b4418
4171119
4ba938f
2c847d5
7064e34
6c594dd
41ea7c4
322af4d
73c1375
2acde79
6f92fcb
581136f
06f623b
36d0f07
5f353e3
597ccba
2748421
3b97e85
69b4799
78af8de
152cae8
429406d
082b623
6fc734d
32a3d96
5700752
4ee66f3
2c74717
6370b1c
1fbe07c
4f330eb
0735fd3
152f7de
072730e
7259f3c
4a7c26c
49c9bd6
79b9420
2dfefd2
5dad921
4fc49a2
30efb01
1e8f504
6aa859b
51b68a2
0b26710
689d7d5
08f4e99
143a15e
092ab69
464fdd8
61f8ace
6666a51
225a182
6c8e9ed
1272018
4058da6
220b9eb
32eabeb
484c340
7898a6f
4bc1a36
3acf274
439cc17
7c7b4e6
13e2ecd
6c1878e
6a11642
227e25c
1012f89
486240a
2dfc5c3
7b2c1f7
2ea2850
6ff7bee
5461e17
274196f
2378090
7c976ea
2918971
7e4b452
5862d28
06f2a11
492623d
402a435
244e1d1
7bf82bd
00d30d4
0ef60fb
4b10903
01b2877
33dac97
2e5e279
4357d70
7ec559e
4a1bcb6
00f48d0
1509ab7
621b1b6
1dadd7e
4eab505
1dc8935
6ba5d1b
48014fc
57c0bc4
55c8fd9
0a78b95
6955c53
566c07d
6a7e43d
2e1a425
47225c1
3176c22
679f909
2d0f98b
1afd4c3
51e16ed
17faa5c
293a40d
1e9cadf
7c44493
4a2e799
681dde9
3edecaf
2bbb4bd
135be16
073bc05
2a54ce0
7ebdde1
1e4d79b
602c104
07a0456
6dc2969
7da7bab
6e67496
07f2400
629fdbf
72c721a
516270e
666baa2
52b8818
5c1ea13
11c7f59
35fe325
7aa41ed
04a6896
1a92037
136500e
0f3e5eb
6b99d14
0bed2e1
06f0e82
59ad9d1
4ee510b
6766b95
4a5607d
68509e9
505b7a2
2880cd4
2544a2d
4f32532
60ba410
092c679
4cdcd55
0e3d2e6
6ec5214
24062dd
72a4705
0bf93ae
64b00ab
4ba6d10
64e8986
73a9a9e
18292ce
55fa7f6
52c6b31
15ac88e
7c8e646
0da041f
13e7e4b
1515f34
40582f3
77a9586
0c00d00
7e3f803
24fa341
4c42cb2
72b99cf
5db23a0
4e5a60f
36d8961
196d403
628f9bc
255987f
30b827b
2171608
77dfdcf
0715fc4
643ee27
1326c70
7303217
719e51b
601517e
13bf536
35fea92
4cf0263
7a3ca6c
4882d5b
18120ff
2483a97
4622099
7756a5c
7f6b4b6
179921e
60ede48
15527d9
3bc1b00
49feb6c
35ffec0
4e0c248
684b01f
1b5d396
005e650
47a1a11
4b61d8e
4c22bce
0e88aa1
7d57a51
6217426
1b00f07
5ba03f2
6d5fcf9
0e22d3b
16886d7
3a7c933
274a9df
3d893c2
2af30db
258d130
7fe8f65
37ceda7
7b533c5
6840f12
310e1dc
359898c
06c2091
7dbc8e3
6820005
1822728
67bf593
41af3db
41023a9
11b2ef8
0bc6d25
27d34c6
094cab7
4fed79d
7b3a530
00f6fc2
49da9cf
3482989
42ace79
0f807b6
64f1b19
6b1d2c2
3a12e9d
76e71af
2e51210
4904753
6ef2ccb
1afd8ab
037a519
1a2b9e5
6eed872
7145bf8
482d65d
017b00a
7749d06
19c1f70
5b29051
166f976
250901b
5e2993f
706308f
5e6028d
417e18a
151c162
5e31070
4100652
4d3c25d
6f04f90
56616a3
7b30ebe
04be1b5
47684bc
07aaa6f
204aa99
66c0356
4585c90
0df4d84
795dcec
53813ba
40adadc
6f8ad55
357363c
705d34b
34156fa
3e5ce0e
104e447
6074cc2
76d9ca4
19260c4
1f66f6f
60c03a3
2f94868
5d3d3de
13c711f
6a1ee4e
6218418
3ecaecf
6f2fbef
45db985
15c5ae9
08b67cc
2c579a8
16ca72d
3c389c4
5c07c2a
0f24858
3952a87
0e7f733
7e0eb24
51a46df
2c77a91
386e6e0
69f6622
69c162c
0141bea
4f34fe8
3b7d72f
54d7fe8
7256481
3c76ce9
1d11826
7f3d5b2
2c5d105
258db64
44266cc
37e9c9b
2ee92bc
3f4bfd9
68a2a99
379818b
28097ad
7ac5af8
458e238
4ba27f4
6b097c3
141b744
7e821e3
5e3da9e
6704478
445ee58
2ad2c04
44f1b33
76e71da
6228b80
4c75a17
33e5e2f
198e54c
7882a88
4629a32
5fb21be
4d152e5
2126a05
44c75f3
6385e06
51ab369
005c008
28a832b
35db169
5e2c756
1b05106
10ff8f2
3633afd
1c6cead
36620b5
258c565
332b9fe
3f24820
58e21ed
26bc49a
4789ae3
6be9102
29d3e33
50935a3
21dfee4
30f69be
2da9e8b
22267c2
73ff753
1a8e50f
485dee5
4b022c4
3b3d38d
169c924
16b14bf
1846512
336ca7a
4ade5cc
0187836
74c1709
53afb50
6390450
07a872f
026289b
7f8093f
39418e3
4363a69
778a56e
7dc7207
4ad667e
0f0c552
3682332
63add5c
1cdccd1
4e661a6
20377f3
27bd70b
6f601e0
6b30c21
7190f9e
077fe86
5566596
761c640
079b637
3ecc1bb
57532fa
45d6454
456ed72
7012939
719861f
16a8aac
4650f1d
582dd97
0ce410b
2281df3
67525d9
479526c
69e2368
6bbe231
1ab8ade
39ead37
42fd1c4
5179c06
4d3390c
525c9d8
0e113ef
7422f87
585b460
4fb6dec
6f495fe
0448134
0f559ce
6373bab
3b79554
36d60ef
0c61826
422b7f2
39da383
1d694f4
67b7a04
1759a37
7699098
52086db
2e6b1e6
025f089
31bfeb9
6b4ac06
0bd89fa
33d5979
1db9ec6
789e948
332ea1c
06a8f12
3999c9a
5435448
3b45f58
7bdd081
17e4505
3d2ee98
233e222
41452cf
774e421
67bd1ed
27960e1
3425473
47a8f73
214e171
50147d5
7b55cc2
364fcd9
5f9059e
5291512
0dcb27e
267ca1e
4379557
4c15128
653ff1d
785c5b2
7c6f652
5744767
7268aca
5fbd879
19cec6f
205f9ea
3381471
7edbfec
41ec36f
1ecd52d
456fc06
42752f6
63672af
7c20efc
0c7a854
4f668ae
4d3482b
4a925a1
7034303
0422eaf
1900a00
0417c9c
366cd2c
1c68eea
7494aa6
6b34192
0113ef2
5e62e6e
7674f88
286612e
167e1ba
39561fc
525c24b
333f922
3eaa398
407ff4e
14c90bc
2bd6f78
6628b5b
75f3e75
5061e50
783056e
7b6b94b
3eeb2f7
3889655
1f16345
4216262
0575117
46ffe09
744738a
00ec72b
6705d0e
5d8ce17
5809ce2
29c74cc
6ff9ee1
0069921
4219074
1e1963b
5a38a64
6b39115
0949caa
45d78db
2c729fa
661b7ca
4838904
1c1aff9
2b7c53c
1dac0c9
3dd886c
19f0686
2f63c80
06654be
79409de
50b61b5
62c95ca
1305a4f
3f89e8f
70ae320
45572ca
4a3c53c
4ddbbf7
13a5424
606643d
3b521d1
66fb6d9
49a5fd0
4ff9c0d
2c9b6c3
621444c
722f0c4
6b5cb74
0de603a
1f08648
43bf867
3c0e184
55c3859
433b33d
315dbf3
36abede
29680ae
091510f
339bbec
077148b
2801ef5
6d9b821
13db602
339bdf2
44c08e7
27987ba
16230e2
64be097
1a5b30a
5373951
214563f
20f802e
2929454
709dd64
1e1102b
142c2b5
5a05082
3538ae8
3e433a7
5972b33
71fa4f3
19b2841
72e6542
01eba38
55ad723
41dffc7
5a7dcc2
7f05792
4564c99
741c686
6c3b645
418d26a
0f705bd
5c449af
65638c7
5b22a2f
7e29ec3
110da57
0c25793
570cf68
7543748
7128894
1190f92
3b17892
7e1ebc2
4a82940
148bb72
43af1ad
7e47ff2
13864c9
5a5b766
4de13cb
328213c
1ba4eac
740475e
741315d
2513784
655e2ac
23437d3
19dc7f7
4c0f010
277b9c2
0fec035
0bac9de
5ae5437
4d53df6
3d84f81
720c39b
2bb3e66
5e818ed
23cd35d
2c138e8
3bf61a2
7785c8e
299cda4
0d6e846
64207df
1244f8c
58afcb6
6f4495c
516e568
08054de
510d655
4b8be0e
3868991
33bb95d
3cd0f7f
54fe285
036ae31
49d9232
44a8189
14146fe
7e75229
48b27ce
0cbfca2
7b22def
7ccf141
220aa29
59a6a4d
5456cf8
406f618
252a453
463babc
32d8755
43c3c6e
67a6334
50311c4
0065c6d
7b3e4de
55794e0
0fedcf3
069623d
37e5f24
1f0fd17
39bc2a1
1a0239f
5995e8c
2dcf9ec
626f70d
6d5c028
5cac68d
7bcc21c
67bb98f
1cb960e
621fc66
25bbf40
121bb47
35d594b
3e27801
0882e2c
720b847
37c6053
5b0b7d9
0f56867
0563bce
4262cae
19ac48e
6de389f
0d9e71d
05172c9
0167a2a
78dc106
1bfb577
02a29b9
13e7dc5
6c09ad6
0f15bc6
4181217
774063e
060ef47
366c33f
429b89d
37871e1
2ec4452
111189f
7ee0f17
56a9fd5
6445258
698bafd
54d7992
4b96d3c
7e75868
023987b
7af437e
6c49615
6f447bf
6241cb4
11c1c82
562eff4
693bfc9
484a0ea
5142cf0
4cc1c12
22fbf85
27d7a9a
6647c57
7e4c75c
6de5195
1dbfe3d
61317f2
7264736
6d8eedd
22c7f99
496020c
3c3300b
2e9aed3
32672d8
594f2e3
38dc845
27b0b27
376c5fc
354298f
2bb972d
125095c
205d855
1f39813
02f57bb
6865574
2394d54
54f7bc4
2c2a2f2
7fe254f
527fce3
73fbd0e
7774e9b
7273f62
6873238
14bdff5
16bf286
7f3adee
3f3db29
03b9249
09d5c96
4b9a489
45478e4
1197d40
6371d0c
39e3281
2f5b10b
352f093
62ef8f3
38b4e78
0fc0b9b
4dc16d0
5971841
68e9a36
7d28d07
55f6600
20a0c64
0b51df6
5bf6aee
0608004
2086728
544b3b3
4427b23
19f8b09
1f49a33
0fa3c1a
1105655
76537ae
2c5ca78
6ddfa6c
3f5f89e
5bda368
20bcb1f
0b2a921
54cc5bd
072f0fb
4b02046
03bc4f2
1cc50d8
6e1499d
13475c8
3f8d0b1
623f5ea
71ebd01
33c12c2
01f6c9f
48c4389
1673177
6e50ef1
624fe84
429c285
4c05fe7
2891ab1
37d4a2d
7ab8f79
4e3b285
5dbe19b
474f26d
24a1515
33030fb
2e204de
1697dcd
768eaca
6c41100
5689f49
0a2e75c
1278f8d
6e05fe7
004b9c9
6102e0c
1a44bc0
2dc5a79
32659c7
5c49468
561d7e5
3cc0351
78435a9
7317f58
244022f
43b8d78
002ec2d
4967128
4678104
2f13ba6
19b87f5
1e43e49
508e26e
149eec0
2a2a04c
38c4e48
6bdef06
6f36de3
3a57bd4
3391cdf
6e113ff
0c61696
619ebe1
46dd507
513c69e
6d10a62
20dae25
2593ce7
78f4070
451bd74
6adddcc
42445d8
688f7ed
7b96e88
0758c68
6e6eca0
629b650
340f440
294fd18
4105307
756928f
0000751
38bb1bf
1fea9b2
45f05c0
76288af
5411144
5f070fd
2df1460
3fd39d7
1e99d62
6895295
77e7c80
0f78543
305c044
73f3dcd
1c4355f
3659aba
3bfa3ff
500c941
523382b
51e0852
330e297
3ab47e6
5d4ea64
5c9de59
5f54a82
0233820
132b88a
28a2ea2
699d48f
23ca9a2
1f276b3
069f4bd
0fb98f0
2423368
55545b4
59f030f
71ca931
7ef66f4
17a78f4
791a3c1
76da9f2
61abc24
133158d
4a1408f
462b120
5c96b51
7b29a74
058e338
2d04a78
453ae02
195d767
7fc7c75
03f3473
0c12942
4b8a5ea
0d3d13b
3421ce9
63b7dd8
333605a
00c0b9c
5221edd
3d87f5a
438a9c5
14c9242
1effce1
2991e00
2eff9d9
35abbcc
1743dc0
5f9c12c
740418b
46da834
4a014a6
0461a2a
02f8a1a
69d12c8
7ef4520
5229f3b
1865320
1f67a5c
7843066
634f951
4f4a42f
782ff79
11e5b13
0c05c18
7573bec
306eb9c
762e9d1
738e4f4
05ba87f
6abcbb1
76296e9
565dd82
705d108
33bd56f
3fef12a
0ef2241
3cc0c67
2cd5f8a
1cbfa53
0700587
6f3c65e
6e9ef02
3a31537
1c1d9c9
7789561
0e78aea
3342d26
6c4ca27
1ddcbde
1f00682
0394c05
42414bc
5480075
683fe6d
10756ba
6a41976
016ba98
54879cb
3d48055
3c537a0
65ce55c
062f20e
72aa994
3c6a639
4a66962
29dd474
78cf09a
0dded0f
25b24e4
5154929
59bdd17
51b3c1d
2cce1b3
58d56cc
015c1bd
10b1692
072b9c0
1b9a4cc
42d1390
1642553
3b7a48b
28d5d25
32bf437
60bc336
4b0c89e
319f636
585b0d6
49e82b8
39b68b8
4c0bc7c
3214e4a
66ea685
3c06297
7e8427e
1912613
30939e1
79865fe
2628d0c
6e2e2d6
6458b8c
2b9c6a1
307ae87
4ff996c
534ceda
2022b83
5ec6c9a
7062ae2
3e5d3c9
451368e
3b8313e
72e0742
600c175
0eea0bd
52cdb68
34efb91
17cd18a
2f9a45e
4941fde
6adf1a9
4a8101d
2c184b7
677602a
45450a0
6aa39ba
02499a8
4e66a15
74fb9cb
1ff9145
60adcd4
33b9b72
4efdd62
69b0f33
0ede5e2
6f047e2
619050a
7f99acd
3c26a29
5886f7b
30d30c3
0ef4e12
41ddbe7
76e6c77
7cef7ad
2a66855
64323be
5b569c5
1593b4f
26a3c61
4177acc
1510309
2c5074f
136f4ad
4e95e1e
41e465a
7356e4a
46ad167
702a024
64a740f
4c107e7
5d59257
6199e13
57e2a63
54297a4
0d41697
7e885cc
26e9bf1
1dd2b11
2a40b5f
5353feb
15c380b
15746da
5df1df3
03cd4e8
3f54eb7
6e80598
1a31acb
0063ffe
059c053
74ca0f5
57b5a64
5ac3508
2ee3492
092a0e4
4b29d73
78ee559
69bb6ed
2969397
0c9b70b
124d22d
2bd0a85
1bdd209
2a0d841
0ac4587
75abf9f
349c424
2855b23
2a62106
15c40cf
6e2994d
1af7873
2717d2a
0411cbc
4eeff20
697757d
6bd916a
4b7eb45
3d2a0ae
57c06ef
26903db
28e2b11
0b7cfee
4ffd492
4fcdd4f
69a0c3d
58640d6
037af74
36d89c8
0fa46f3
16f7302
10523ca
59d6ac4
5a45796
679a51b
3848203
2db7613
0c71623
477e069
0c75c61
4cf49e9
55ef688
106717b
11b1cb5
69c4df6
3236ebf
3da192f
3783b2a
2dc5886
5bb2c9a
451d43d
2f71fb8
48c3a47
347a5fb
33c6d32
677f6c8
5e50787
2cee385
5669e9f
25056ef
72501ab
1a469c8
05b13e9
27fc940
79de8d8
6d5cfef
02e0262
37cf132
153c110
0f773bf
0fca14d
09bce33
50d649c
574c2ce
3ad1c73
12aeae4
665d1df
79d80cf
16280e5
316c98e
67f008f
43bb845
62fec7b
6eb8394
2f572bd
5b9580b
67c4268
6665f5a
0e020b0
62a06d5
6a59960
153a82a
446e6cd
120dbbf
44140cc
7bf0935
00fee2d
1379916
367a1a0
1087187
47cebc6
30c3095
75d930a
464beb4
5c0f9a2
6de92de
686e83f
3d63f82
55be80b
1d9c729
6862192
765e822
6e69636
46fea0e
305c7d3
12af57f
6d753bb
3e44d4d
5c63f53
28b4645
69fb511
1d39aee
03d0ed0
46f6a8a
459a456
0adb54a
12435e0
7a0cab7
529305f
6d3cc47
6a28076
5821d08
11f6a61
52704a0
6ed3e9b
37368c9
5ab58a9
2b579ab
526b4eb
7c5ab7f
704e1c6
05db31d
1b93620
2053157
47cd7ea
0a36147
29221fe
6f1c074
4ec096d
4b7eb9d
6dd8617
2498c9f
22b5956
46303c3
350141b
19a4e29
2e9cf12
1792da8
138678c
2e71bdd
0ca7a3e
76f2ed2
7a05315
3b4b88e
6939a86
375e27a
0e807f0
21e9350
4ecd870
5bc19c1
0f61e0a
00e291d
0e62160
2cb90cb
7691ea7
286c9b6
41731da
645c142
65e6cda
1d8e23b
294779a
01c3ee4
5de90d6
6da2304
0376342
5048846
5205648
46c87de
23de502
1b03857
13db51c
6603208
0919278
5789f21
337805f
378ddc9
586613e
5add92a
799f670
268936b
6384f44
53c93bc
359c119
2dacf6d
16fb3d8
0480d34
6746e2a
5475dc7
736e51b
4b9feba
2ff573a
7ac3f1b
65a2c7e
1d01780
1cc6e6f
791b3f7
263348e
232a1fa
685b51c
593e1c5
3bd0d21
373878e
10fc70d
7168953
75748a5
1f0d671
4c5e8fd
16edcb6
56c0025
2ba0df5
4ec4926
7b11688
1dbe5fc
551bbb8
4830bf7
0bd5ad0
62d9ef7
6eaaf87
72ac998
774ed81
4dc4ca5
25f59d4
1f4e946
252e8f5
0e72f5a
751bcaf
13f5327
538d4da
704419a
642b3b9
78c0e5b
71b64ba
1eccc73
2bed3f6
5bddb56
5036779
4810ec7
3807168
0850670
5897cf9
0ec050e
2c264b5
78ac933
36979ed
61acfbe
4495c13
3ec85e6
61d8c46
0ce1c16
044f739
5d9708f
52e976a
241e80c
72c4a61
34ea58a
22e26f3
631cdbf
13ffcb3
30d07b7
0614325
56979c7
13096df
01c5689
3f6af82
7b4e2e9
31e24a5
0608bce
62256d2
701d022
15e19ef
495afbc
572ce14
4a22908
6a3d33d
1e6556a
6cf9ee2
1869431
6ca718b
60eeff1
17903f9
420d2f8
1284d14
716e9ee
0dc596d
0ed2484
087dbf1
2b26ae8
6a73b77
524ee29
2350c34
3ac8ef5
67905de
4da5704
1970d6d
6621b63
6263882
4e5493d
18a35d1
70ddc7f
5594fcb
464b576
71cbf1b
15351b4
4070c4d
30acbf6
5e2012c
3a7a821
49ed7ea
20b40b3
5825273
52f3ce3
5677215
6488a2a
0d95045
0fc04cb
599672d
4bc8c02
624006c
33874ba
0682d5b
359754e
30c1758
04343f4
3621ec0
104f2bc
7040911
2a0eb13
24ccbf8
16f70ae
0e09ab9
77062cc
77872fd
225fcfb
2d67e26
6a97f7b
566f6a1
7c65ce9
66af85e
7273810
324ef66
3b075fc
24d6f89
5c0dd84
68c5f07
4ad19d7
0293052
21adb44
04608fb
7f9a23c
6ee76eb
4d28fea
7a446f8
4288c44
7e8cfce
58db48d
42cd676
66e4d99
2efaed8
383a3ed
7abbd1d
30a5b44
61f210d
604175c
20e2d8d
5782e5e
7a3dca8
0b0cf49
4feb5ed
2386ebf
7d39401
01ea2a4
645f70b
6f83a1a
7163f62
7c7fd69
2b740e7
1a5275b
0e659f8
4021cc3
231c9ff
29b1516
39a2286
0a39469
01544fd
4b7a5a4
06f1078
34df4e2
004a08e
7c625ef
59a7df5
4714920
1620b42
3ff292a
7333d51
52e0c16
5919380
391b04c
7a29e27
3513c5c
5defc67
6b20f0d
4e33205
6be2933
1a964fd
033c388
70b2bea
3462e99
6e28bd9
6b45a99
2f166e6
087d098
084a7a0
1bed08f
1dda883
5826fa0
662cd6b
4b60738
3593857
4061eeb
04a0202
50e9073
4514506
6131cbe
0875a5a
67d683e
4ae8851
4f14789
714b5c3
6fbcd52
3061da2
5e468df
1167455
08b89ff
466d556
2e635f3
4e58b87
772e542
7fe55c8
45eb1ae
179c241
375ed5f
30fdf99
0550277
3b00d64
2c4e988
7ba52ad
70593f9
2db27c9
75a9885
7017998
27ee28a
3a19e08
03b0c29
57affe6
6f328ec
0bd9d85
2323579
5b8a479
6705ab5
617e192
2036af0
247e21d
4b1fa97
57dd5ac
40536f6
4dbdc22
2b66c2c
38ce34c
587710b
1fd2693
05e1d0f
50111bf
2db083b
3168708
0e31791
4b2002c
61f18ed
63c9110
1c046fc
5d0828d
2a33462
7aef5ce
176ce39
6da2fbc
431f40f
7f36039
432d9dc
23d3912
5870565
1108b96
358b608
6188aec
0909017
0127adf
64f8805
33b431f
27ba5e5
308c8ac
46d93c0
3b46214
2295ce7
5fc5dbe
5d815e1
20b92b4
68109bf
769f9a0
3a160c0
581b1e3
2f558a1
314e7dc
00acf89
0354e3e
4b672fe
4a5e893
5b8967e
0135123
65fb10d
5b2e252
5b674a6
19c88dd
35b25ee
33b36e4
67736c7
0242d89
1602f83
7af599a
04c4a34
3cabede
4755fd9
40e3f42
3339ce3
06e5bdf
25997b6
214c505
395e2f3
11aff34
04eea9b
3320f7e
123dbc5
75af87e
0ac9407
0fd9047
71d4e58
74cf155
0bb3fdc
3ebf462
380f32b
439a6ba
3b6b110
1749e7f
6e2fb79
65b9fc7
0539f41
62e19b0
0bb1e91
2f634f1
6634906
5686765
611d810
3cf0896
4b34322
519e0db
3287446
4e00b4d
042b0f3
7ad6d84
0a80f3c
0dfe035
3c54f85
52b7b3d
281bab3
2b74623
626e096
51516ac
75334e6
565b5d8
7de5ab9
37b69b3
4b62d6d
0bb8d7b
1359ccc
6bde4bb
294316a
4879670
74ef81e
74e8790
6fd688a
24d6126
4bfdd80
63a6242
5aa0c3c
603d376
1a666cb
2e85b05
700cfc6
321fcc1
23cf9ae
7cd8db0
6e3e74d
4f13fc5
13c3f44
7608bd9
4727843
60e2a03
6655504
2304b35
3ec1d75
673f733
78f2267
14a3568
0a8225a
69050f3
17890b8
1b3ffe7
4474712
09b83e3
5164b49
6e25ac9
21a0639
5a09d1f
04d6573
4212678
61bad3a
720de49
41b9310
6d2db9d
5aff124
6fa05a7
04a17a2
1881665
004bcea
6f127f1
4589fd1
77d83fb
59dc5ca
29f3f4b
05e1972
72590bb
11c83b7
4fde404
0e5b38d
69b4815
302e7d2
035fa75
7b4ba8a
5cce44d
1be370f
7db1467
19a5846
2c5edee
29ba0ee
017217c
5c42471
06c5eb3
463d715
629031d
6da3909
24f630b
21570b6
399850d
5feaaab
6118364
31c1d4d
03dfee9
41c6b20
29415a3
00ccefa
1dc212a
68ebe9d
3d06062
6809357
64bc3c0
7bc3724
288226a
139b8fb
3a90d16
3ed282a
696257c
3ffba48
2e754f4
109fea7
350e653
0dcce78
38ba61f
35f4b25
1e1a329
01caf4e
0f65084
005bbb6
7f0d3fc
4bc84fd
6d895cc
4842093
27906f2
257bf4c
4b4fb60
6a5bdb7
2ce648c
6b51776
02db891
1eea712
6712500
392e18f
33f3609
5620da5
169e378
3742f7b
2072222
5e46961
5f28fd7
171d0e4
6a4fc8d
47a8734
7a78f60
1442d38
13f6ecc
68a793a
7a647be
322caf8
5bda912
4cd75b2
3f33932
487a3c3
07ed776
23d5bac
38b845f
2a80f12
4b27228
7908e55
16a32d9
3bcf736
10a8517
5d627b6
42f02cc
6c8fe85
5a38867
5275a64
2eb8768
10186b9
506167a
13ba83e
7f1f33d
43d1626
2236418
2fe1f04
423a6e4
6e102e9
7721f5e
5a1b9b5
2f2314b
254f971
6c4a908
6ef015b
1af5855
5d7149f
3c7f45b
4d1e258
7650698
3f5f917
0255c7d
4dd4d4c
1fe39c1
17f9656
52d640c
21dae71
5ce9640
4f2f4e5
70d517e
51c372c
78494d2
61b63e2
1389b10
7db4770
3bb6537
6fbb785
2cc586b
7a51537
7de9501
06212cb
0b57e57
4cf5a68
51d0a9e
7333f66
06e595a
193e523
274bb19
45e7d2b
36bc533
4755d0a
23d824a
340da4e
7454234
6b6cdd6
5d51ac3
64e2490
2a0db72
4e24630
259c885
1660c1c
6b74194
1e98573
3d0cb0d
2ca2b42
0a80501
2a962fe
2d4121b
300f838
6ddbdfe
3dafd71
24cc48e
5c94368
18f2d8c
4155e0c
539f779
7a50ca4
7b72a7f
0ef658d
3ceac62
2b55412
158b4ff
089fe6f
3d2bf25
7706c45
10cb0cc
007a5a2
69510f7
638db75
609a6b1
0b9a9e9
011bb3d
72a32fc
601a5eb
626a394
39f47a7
437bed9
53f2f47
0f3baf0
5912776
1265368
7de9866
57bd90b
4b3a34f
5836042
581b6ec
405f591
711b5ef
229a90d
47b34c6
0fdf3b2
21c090f
32e7849
0dfc94c
443f7ed
15fff44
5777433
38628d5
0e4941b
7f431ca
0f6e6ac
5e4cd44
69f8bc7
5c10935
32fb5aa
0a0c85e
0c5db81
1d06165
091ac8d
7c16d91
7223d72
4c9956e
63b1ad6
242f025
2dc869d
56c8607
3fe0dbe
5bfe681
5a418aa
21d39ea
58446a4
3ba83b7
77cc789
575b023
31c8d0e
051fd25
10e989b
77020a8
102011d
48034bf
3cb3b6a
5715d3d
16d3e59
34b524d
51aee55
44a5367
1d7640c
1c20097
7813eb5
1b7ae53
305d5b2
746dbfb
7fc96a2
7ca9c7e
476b772
16e87bb
75713a3
40371ab
1d74f95
2182b7c
79d0c08
51ca5aa
727615b
0f511ff
2d77678
3af95ad
0c08d29
2231e6f
7bb55ea
6fe1719
1845297
0e5ed09
2582663
6de5f30
7b2fd66
4e69250
05753c4
3217b2a
732e639
4deca44
492945b
7db7979
1e9141a
3e9fddf
5fb10dc
3cc5448
1278bcc
449d91f
2478b0a
63a94cc
1bfd867
117fa39
59c93dc
358af4c
086968b
79f0b7a
1d984e5
7a246aa
28aee53
0524b2b
1d28e1b
31e33f1
138a9d2
63d8216
2f19081
40e0bb3
2dbbb2a
06bfbdb
6ff5435
549ec6a
335e4e4
23ee609
1937bc1
46a8a48
7fd0f2e
2e3619d
10ede55
4714356
46b68f3
3cf8c34
17cde7b
76f925a
565f9f5
152dc0e
3c29b34
6c8d0c5
533e5cf
2d4cfcf
63900e3
1c92f61
2602116
5025ea1
6b520ab
5381cab
2d75824
2b7dd02
005214c
0d2a970
27e9025
5635e23
69ff239
39125d6
68e518d
7923283
3a071e1
33de307
7f62a44
051022d
3eeefdb
174e4f5
2b355d7
245d88e
3726e25
21a8f1c
1276e21
75e9651
10e3c4c
389b3d1
799ab60
414f4da
0fae696
62c78b0
22555cf
22a558b
64df91e
079acbc
314f1a1
12dde76
401554b
3dd204e
696dcb2
76c7074
3c571e0
74b3a5c
0f1a0ee
51b17de
028a30e
38e5168
6169db7
7e6bffb
1dd1e1a
7769ac0
6f4cc2f
4e64777
7f2de7f
24aadbf
2023280
787c596
222ac26
53fc7fc
3601a0e
4d920f5
7bf3258
4540fad
61c419d
5c402df
52da99a
1ed2d10
0d55be1
010ae10
569f636
2378d8e
27a585b
6fb35eb
7c43552
63e09ee
6830d52
2ec841b
0c38a6e
006e5db
22604bd
25a98c4
5a53972
2036881
7734ad2
594b321
17700ab
74694c1
43cabda
1a87a2a
4a4aeab
02deeb5
6acc691
554a92c
18570e6
4b3b661
72447a8
6aece3c
72d059f
24c3670
04ee1f4
7ffe738
16172c9
74f50e9
7ff7bc9
3714146
1cb76ca
067ee5c
5045645
5f038a7
013f34b
7c4cb10
73f832e
4de36b2
517b1a2
13090e9
5b15e7b
5712829
25608a6
2e09af4
50628bd
486f8f7
5aa4f70
5a298a6
759aa04
592168b
3610567
411b83a
5803275
39bf138
0aacd3f
516652d
56a4365
04c4349
2a66534
46eff60
579933d
568cdd2
6843ced
6023700
5ff3e81
3d3371a
322bac3
73209d1
5b99c7c
7033c2a
6e6066e
28693d9
6a67698
6e34daa
795cc1d
0be70d4
47beab6
2af2b1a
6af214c
59fe04b
24cec30
63a21c8
39d859e
242e643
6a26df0
2b10a65
283ff79
7766d28
026e3fa
1053710
0abdc99
571c907
0cdfd43
48e377b
18fa31c
3486342
5a89895
74491e2
5bc2c6d
5c5b09a
4dd196f
094434a
2d32b7b
6cb5790
6057054
6c1f19f
23680a6
42f5588
6649bc0
438b303
2fff408
5d982b8
1f0ef43
63f06cd
4b4f632
41ecf08
494e0e2
71a0d22
17a6c0d
061ef49
45e3789
34660d4
1df791c
3159c0f
3580fa0
62d6cf9
1f76e92
5498acd
388f098
2e2627c
545c02e
082b7cf
65bb2ea
1e58aa4
36292b4
3e41fa3
5e30115
16ebd3e
12b8d7b
3c8031b
17755dd
380ad0b
7c53644
1026b75
677940e
7f6949e
0f44d3c
2e8a999
0abc773
1aba087
437055d
7432ff9
06a6bda
71ca3ae
16720dd
739294c
1ae64de
08b9c78
16cbb79
66e818a
1a5d169
6a6a266
69a010b
37f58f2
1bd5885
09c107e
3a36a41
68571eb
60fda06
622e36d
2f4cdd5
4dab7eb
06d110d
7778daa
23e8509
6a87005
321e310
1e7507d
6777b7a
25426e2
21befb2
017efde
6b04e5b
65357da
37b68b4
257829e
18c8eb9
5fc8204
282f7e6
1a0255a
7c99c73
49983a6
0ec0c94
52df551
582063a
7cd2546
7f26da8
52c5f5e
611314c
25c9590
1876185
12ff24c
6eb3c35
22b4e8e
3872e90
7d1244c
4bc49bb
107a370
59d2acd
3456925
11b8525
015795a
36a45ec
58b8d6f
6589af8
2dea9d4
212646b
4ed0b33
77f1612
438f27e
210d9a5
01c3a22
621f45f
3eac9f9
38acdbc
64e7d2f
62841ee
6523c76
4684b0f
03c3172
014512f
14fe4eb
392df8c
47da11e
2007202
2f4b046
36fa0f1
740baf0
2c3ffeb
331b222
773d7b5
687334f
6c679a2
5a89283
522ff06
25d8bb8
0c12598
1812553
7543da4
3b0ba0a
6bf2a4f
5d437bc
1bf6616
122ee20
21e599c
4cb2f60
6b419ab
484a202
13014c0
50c26ae
2f2005a
5b233b3
4fb0e69
39a782b
03afc24
6201160
29ad45c
71264b7
4399d36
584ae6f
5789f95
02d6702
3ea2c4f
029f6e7
0646046
0075c49
0ec198c
71886bc
02aae21
03c88c6
3f0a130
1e82033
44ddcff
04da011
12bad11
2d8ddae
172954c
25c846c
0894d54
14523d4
60aabe5
4f370fa
74c6449
07618c7
4ef70f1
3465ad6
45eeab6
2b7932b
44c3923
2f9d1ea
044e220
0097c92
148f60a
17aba2d
485ef57
62a6972
23e264a
45da641
2f2ec6e
3ac372a
5358a77
5a6ce65
79b2cae
212cfc0
1fc92fc
6d7aa67
4445101
5764a40
3e7cd19
2ee9db9
4e217fc
2dd8971
4df66f1
5bb3b64
26f2cfd
47a0f63
16736d2
4f203d8
193bfb1
7640222
154ade1
39f0ebf
181bee5
16f360b
6a9edb9
5161879
416b7df
723bf0a
5f03e22
06c0896
45b97b2
42de11e
3e2a192
580b1b3
650599c
7df8ecb
053f23e
7896355
0dd5546
37ce259
1b70a8b
1ae0d01
407b95a
4dda83b
0f73fa9
1ad61c6
1c58f81
43a133a
2952be8
32b6fb0
47406f2
3d7a6e4
27bbe1f
481fdc5
7e53d38
5c8bd47
11552ac
5c8d459
35d6fe0
59c3bdf
6f434b4
63b752c
3f09f4a
5b5b4c6
7f3c388
0b816c2
6f533b4
4014cd3
04822f5
6d8b57b
4aff2bc
46fabdb
75f4947
16fd288
3a6397a
6fe2246
70f985a
48a0c3d
4009b5b
6fd81f4
285f8ed
3ae8544
5ceec64
66884a2
68bec41
647c329
4501d28
4e90ef1
2e45438
73d0442
198f72d
70f63c2
6f7d532
030e4f7
5f0adfc
197df64
14d0364
79703c8
6eb6e20
13d071b
46d1f6d
4ff0c8d
4847f6c
1803972
20e28ad
242ec1c
62989d4
0a453ae
53858c3
3917a0a
63bf520
53c8dab
31324f1
30f0469
56a0cd5
0011dd9
566174c
6f7b298
66d090b
60cb8bc
4d287d2
5371505
469c9d0
5d28fb8
0767f2d
0d5b90b
6adbeaf
274eba3
5c311c8
06e0548
6a85f74
1c15542
74ff99e
7e89e3c
3f9e301
6c53ddd
3b8bfa1
27600d7
2e287b8
07d11aa
1aae39f
00cac79
64a9c76
13145c4
778df4f
1e3874a
3113b36
64dcaf5
062e019
2f3d59c
6bab8e9
76b2691
45cfe16
3087714
24ada81
181bd18
69af81e
10aed9b
74bc760
090f910
1d4fcda
07d186f
77ac381
6302656
470ec3a
6178484
5577c07
48d7a3d
153112b
6c28880
1bdaeaf
3535720
1602de0
3e84eb0
57c794f
7e929bd
78a6c5c
2575c08
6630216
16591fd
20e084d
0bc1109
3769d08
0076fd3
5e0f2fa
4a83b61
40fe7f4
05b106b
4a66f6e
614e380
5fc23c0
7f41a3a
49f0672
1f6dbc8
780eb15
15a95b9
7c1d098
40ac803
04b67ac
55a1cee
4b5e0e2
2ba90a0
5ba03f8
745c381
0c07923
3507f1a
6a11bf2
4877078
4b95573
25af90b
16ce98d
2aac9be
662c40e
6ae2344
7106b62
04e6faf
06b0952
761be74
7d56626
4adb828
6a1ff72
0c8dfa5
04f2bf0
0d9dab1
0375d7e
47577fb
51572ee
3b0b444
49b362a
0bd6ef8
445ee78
08cccc2
4430570
79030bc
2ffd856
4e847ac
25e2a5c
4a3362b
7797761
5511d58
3060bf9
227212e
06d11b8
07685f0
330720a
470a394
6119182
24199a2
21b9347
3823b3b
77d377c
773c08b
182ca38
44b8cd4
41f7f19
328abcd
4d60f6c
7c405a8
2ffb9ac
7702d43
453d70a
653ba28
5a1c497
4927f00
33bb7a0
5d7340e
7238fe1
04a2f20
26bf164
5d1eec5
7d74ef0
2c29ea2
2543f20
6eb1331
18b8c88
74a37b3
6765032
7d869d2
0877bee
508d8c2
140a83b
4546bf4
3f35d05
12002a3
0f7ed93
1ba4540
518e2b6
39e0751
6a0c30d
4533122
18016a5
245532d
1b9859d
17471d4
525dfe1
217fb7c
59330b0
0ff5a8a
0fcc117
2f803fc
1799151
4fc61a1
46d0835
29d1696
5b95ccd
4dafc4e
14552d9
00a1b78
047507f
1488de7
58045b2
10386b2
7c2b6b8
77a10d2
31af794
06ad8b4
2f061dc
693493c
1c45559
173059e
126d63b
6920ba3
674ff3e
79e3de2
707b0ad
7f841ce
7f17508
2656d2e
23b662a
3a62539
083e687
62810ee
6a80440
7b9ee40
7bbcaab
1ab954d
0d531ea
15a4202
785f86f
7003c34
576836a
1df0daa
2ddada3
62fec42
5652e9e
06bddc1
30f6a18
3adb3a3
0cf25cb
0764c67
28b6f25
4a93b60
1d97f93
1321383
744bedc
4a9ad82
2a8ed16
201ba69
3451d08
64ea6d3
07f3f77
394faba
1e52aa2
46f11cb
28e0a3f
5359b07
777fd87
258a429
78a1265
6af3059
24960b7
096d9ba
1389d01
5d5a4f6
3f9e05c
121fd6f
3d5585c
52df2ba
2e65d4c
0a23325
19bf637
6f21026
0f22cb1
093377e
4ed9bde
296d74f
7a2e99c
3102717
2d674f8
35ac094
55650de
75be18a
1f49023
1b6b667
35101e9
1abcf69
5a8593a
778e2b2
6b654b4
1bde6fb
379d267
52efdab
6e87edc
29e0d49
38bf512
63bf138
2332ecd
6a33fd0
0a9da0d
37a00fd
6d1563f
3e31cb2
2953012
1670202
0c7e5f2
72cda2b
2ab28be
3c3ad65
6687943
5e3de31
18cf29e
11b2416
77595f4
5f4a147
3bf3b09
3d61f94
21047d4
380a8e0
4c34030
5348a31
2ee7a50
52cf878
6d1645b
3e695a5
6a53a32
30b0a23
6826a58
0122e20
77d9e3b
2ffdf57
24dc3f3
23dab5d
19e3139
0a4e69e
174310f
1c26dd4
358227b
42e282e
074e027
0ba0472
1d79880
31c87ec
3b34e3e
40effe8
6ad16ff
5568043
22e994f
3b8200e
112701d
139106e
29c682e
00c0a86
4211a61
0541f3f
50f3fdd
279bd08
5e52d81
3911b57
2c1cb56
092bc54
3df0737
479da00
6fb9afe
466b456
64e074f
7622dc6
5211c0c
354214a
5be6c9d
3e31d34
2cc8019
481823c
4a89b9f
4964048
6b3c912
713eb15
0a35285
19fa3ba
1eb4118
237101e
36f4634
6f36ce1
7a846ea
6937197
69dff38
546e814
3bec430
4b0bb1c
48cda3d
651cb05
7f4a3c2
3a608e9
643d321
098bf89
086c7c5
5920dbc
5ea7af7
645be57
79d8f9c
400ef1a
0248d61
050f317
278e13a
7704a5e
5e2a28d
0abb741
3d7db41
5401f24
10c35ea
5c8ee4b
741bd01
7048ff5
49076a7
4ecd91e
4270c1a
303143a
68e8f27
1a30b99
5f6f05b
0956b3c
3e1cd4d
3a5d76c
36f56d2
76f3303
18aae83
69f652b
1c0114d
1b03011
51c0322
15209e7
33edd7b
1239ed0
6fe1526
5379cf1
52d1146
5bd3573
1e84331
74ca6e0
6a63593
3bcb110
31c4ed2
58a5be3
5ae3565
07d0456
3405859
6943748
1e7b9d4
0763cd4
4ea11c0
46574ee
3bab8d0
305b77c
6bd56b2
0a570cf
69a3156
141d06b
7b4e5e4
42264bb
674f169
0cefa24
5824f31
5ce4a72
55939f2
31af027
691e2c3
467920a
00a18de
2fbaf65
58375de
052428c
2e0d2c7
274170c
39f0181
45eca8e
7152d68
28ab4a8
7433e26
4085305
307193a
069f213
31ab5e2
2612d51
4be5b88
0037575
621119a
03808b6
2ebbc49
422b1c0
1cc93e0
627c4ce
1bd92d1
1e05e61
3a07ecd
5234c92
1bd4f7d
6b994df
1f0a955
099b1db
70d8c53
447568c
48620f1
5582c62
4dd08f7
53905ab
03af715
44c63f2
48e0551
469e7aa
77d7836
6d72700
662be70
0e41f6d
755d0f6
15eb09a
31a93ac
4fbd303
7906f1b
5c5c3c9
7911ded
549e3f5
4a03d88
66df552
7a6a9de
6f37e1f
1011392
72f7c0f
3fa1d91
52586f1
44358a4
05908ed
632b96c
08b2acb
2653c8d
714718b
71dadb7
0a1ea73
247c539
3b66e59
715148b
7354cc0
1bf2234
49dcf27
0c362d7
0a4edab
3b92324
3d80d43
3b88abb
5dc0c18
76c06f6
202fe7a
25f62d0
1cfaf90
3f4255f
53f508d
4051090
0883cab
7ba0f00
0169066
74fea5e
5fd3010
5a1600c
0b84d53
4160855
201089a
5ec7bdf
35ead24
37e5278
19ab47a
650412c
30186a6
1828d5e
646ad1e
0a6dee3
4d16efd
347d860
52af981
63e0c73
2d2ec87
5fe8f45
2d61751
1bd54a5
0407dbd
68b47db
5f21846
3ab4cf0
2ca249c
0fb3d67
3e83bb3
13d0c24
065bd1c
4fc96bf
7a5fc11
3f959cc
6528f76
1df9436
129e53a
2f9446e
3596dcd
3260109
08fc408
71d3d46
5f3af42
731b752
4052d49
0924f39
34be4b7
37b0570
012b162
69295b9
7c61763
7565b79
4046953
0dd5c58
652e139
0aeda8b
2587027
1400a01
03ad526
1061087
43a7a90
1bb9442
12beaa8
3a4090f
43cf1d5
2c88e86
3834a41
6753bd2
5ef52dd
17c6d70
75691bb
02f5592
3e87bc7
0dae782
4f222b2
55bcf86
5e564fc
5250bdf
671641c
00968a9
6e7ab38
0a98290
6ef293d
4e80529
3b5ee06
78045c1
36dac52
0a5dd9a
64a1598
3c43cc2
0c82bdc
60b8536
759f937
686e137
1884c65
24ffa9a
5359c13
7e0aa0f
594c959
434670c
79579cc
6627397
5bc39a2
176e651
4dbe4d7
4bce9b0
5a05b12
2c256ed
6dd7ceb
7f34108
26d75c9
2f9bd92
7bc1276
4e940cd
7cb7a01
1db0a4e
72fd417
29eaff4
3641c3d
0bc65d2
6c8df06
32b17ea
7e6a0f6
41b556c
1787cb7
72ee602
3f8db56
0f57c46
7220e11
26b91f8
47b2365
58e050c
2516234
5c44130
2fe6304
3e48fb1
12af597
5222a70
0588da8
5ef8bc6
3d05fe0
27bebb0
78d572d
636420c
347a071
3914d40
1df9de6
20d8590
75a5f01
392a6d3
364b94a
5ac175e
7e18935
7212b2c
0e04c6c
10b59c4
773314d
02e93ad
004713f
52157b6
5b48e65
3731c23
1e6ad85
70bcbbd
796276e
771c52b
6f1eee7
26cda78
1f89cb4
5d2321e
5ff73d2
798d155
033aff7
060ae38
40d6e55
15a9a6d
7b8e6b6
67d5e60
522d010
3bfc2c8
1af63dd
09cad3e
743d0f5
5d81960
19293ef
29bf4ae
5af309b
38dcc68
1d04e29
1e975b1
4fe3c64
378d7bc
15730d1
58cbd21
168ec60
1d7195e
582100c
5e952b7
6c1e933
23ed8eb
29155fa
4cf7cad
30d9ada
3192d79
19b0cdf
2e28be7
6601b7a
45c61b0
165c40d
7e75073
0343e06
6cf4e94
6a726e3
792bc17
56e2d01
760fde9
57c3384
2d2a4dc
1be68d6
7f00de2
6d793c3
549a740
2fdf0d1
57ee0ce
24d4276
091b74e
442c987
5f70a5e
4233b50
410cac0
6de3f70
0f66eb5
556e456
14d0ba9
733b957
0172ce0
0822fed
6f9f2ed
53874a7
54a834a
0b979d5
2749ec6
19b120c
351fb4d
2df7be9
3dd5c9a
2f39c76
35e1837
5b0213b
7d79d64
3fdceec
0af1fc2
6ef27b5
4f410b2
73ec151
46eba54
248846e
3355210
6583387
776bf19
2ee4604
793aebb
02f7d7d
2829dca
2caf242
40ecd61
06d7dff
22c21ef
0645431
60f96ea
5538dfa
7eaf67e
1624c51
097aee8
0141c92
51d072b
467775c
0924174
47cb885
57bf6dd
29d7c7b
1174f73
18dd258
33d5316
045431a
52fd751
5b5f717
0384d0e
4508c13
590e31c
6a1a7e1
50e8d33
7d4bb4f
2a98538
13b3a5a
6aff223
63599a8
6d947fc
4fed105
2964f7c
03cc6df
30cdb69
18851ce
595ee94
4998f33
6f86852
1d6eaec
397a7c3
4a7039c
13c4054
5b37e21
0209d1e
29905e2
6e8da13
3186e41
57af872
3cd2fa4
343ecd6
56e0068
0368780
0cb7189
37e828e
6f61e7e
709c42c
758a2ba
7028173
6db1950
2a05349
7dec6a9
7da21a1
43bc6df
759320f
170fff9
0f79a48
1a9e4df
2585207
1290d38
3e0d807
684203f
2a89a8f
4189c02
62f79d1
4395ad0
170fea1
7c7b327
27e83d5
4bc9eb4
6f3df0d
4034537
4d972f8
4d312f6
0f714e2
46e24d7
0bcad04
6c22c1e
2a2dac8
6449640
6cf293f
0583948
483dcdb
0d264dc
1b66323
346ec83
3d25931
1ad5f9f
16b5ec1
3c86254
4227e38
4ca2fbd
6193238
07b735c
2b49a4e
10ef002
51398f8
74b6036
15ba229
0102be7
765601e
2889564
20f7077
5a0f1ed
3084216
7652116
05182f2
13e1395
2fc0558
432da45
5e8c65c
44da061
35e87d2
7710a96
28398f0
04bd9de
70e0dec
578108d
1259123
24dc71f
56d8da4
76ce9c1
6738635
07a25e1
68143a4
01e9d21
46098ee
5843e6d
24b4356
7801bae
4ed96f1
75ad8ac
6925943
3c9abcf
0e10f0a
09c97c3
0a63000
6f383b3
4ff14e0
07638eb
3962e2b
39dfb83
3a303ee
3424d6e
751b23e
56338c9
16f298f
6232a6c
08a122e
77cebd2
45b29af
6c0c889
073f70a
2154851
2c3e0cf
2dbb210
220850c
2f7bb06
595c976
62394d1
1fc1302
4c40400
42f64a0
1ef9d57
6b93793
0474591
58be1b0
29e63f8
4df01a9
5a9f13d
7c59297
3cffea7
7ff97f3
1e9068d
0397873
4a2c8cd
4747602
7ede2ce
7edaf6a
33ab9db
24eb48a
43607f7
6b4430b
696fb10
6ddad86
0afacb3
26bd813
156777b
2edd6da
07fcd55
1697a60
70af0a3
0a918fc
2aad720
778163a
0eeb20b
4ae1df4
4656318
68afa26
47a6f47
13f18c7
6629cb8
20d24b9
4b5d029
14b6ff4
5f330e9
691c85d
24f571d
293fbb7
1dca73e
4705a06
6435436
75e4d2e
77f9feb
2058f8f
10e759a
0b79d19
33463f3
06be2fe
2def252
5cab2cb
1fafe75
3b99869
2b664cc
6c666ff
48a5853
269ec29
51b2fdc
5943636
0f85cf3
72e68ba
518d7bd
5734598
1d07ff2
241cf76
2a69ace
1f865bf
1958f33
64286c0
3c15bc6
6906e9e
2602f59
785cf4f
1c4526e
1de05fa
490d856
7b7ba83
603d16b
199f71c
00b8009
6bc3586
7273790
647a9f4
0b2507a
52a4ff2
4d6b486
05b8043
6174195
5bb1cd3
13adbe6
40a3b43
41eb6ce
23c04ce
4299111
45f39d3
18896ba
0d98da5
067bf0d
3e94ea4
590f8fa
4d029bc
3bfbcfe
141a306
22f8715
5db94fe
3a2ffd2
4be3563
121d8f6
022b79a
69ca06b
7d1ad81
4d3b564
48ff3b7
0a23840
575ef9f
2557c05
7287dff
08013fe
0b2c6e1
1fe0d3a
13893b1
541db8e
1b8f549
0f3a8f8
1f71273
16ffb6c
4edb173
05298d1
5eba22e
01ba219
1f71019
707ade2
1be9b7d
79c07ba
5b14557
2e5d754
02ec880
5ad6137
1e145cb
7a7ef49
7cc0cc3
048f9b5
3ef8a82
4638163
42194a0
1e7ebb8
582b1fb
0a147e8
0b2165e
524f77d
23defa3
016395e
6ad85ce
2b04444
3aae89d
0981afe
11453a9
1f1549f
3f62ebb
2006f0e
7b084a8
73b0db6
433e390
6b2baa0
01cc363
7531b65
4603b65
493c528
3f58777
049648f
104a2ea
030e91d
0b2702d
0205f50
18138c2
31963aa
6ea63c1
1ac20a6
737d5a9
1f4b5fc
036ccff
55e1881
57fd6c0
4b11e80
579e395
7dad9a7
66189e5
5c9df27
02f2e3f
496b6ee
406f051
5d4a2df
7d1a335
40e0f54
6eb6aa5
5ee33b9
0ac2aaf
422dca3
013123f
260c062
17d5b7c
6cda41d
2cd6f35
71b5d37
152c89d
0db3f06
27712d2
13d40b6
01c3842
4d966b9
271b770
59466fa
67b6b00
5706f30
41f2a71
0b4cc5e
613cac1
35af32b
34f4ab4
3e8d41e
678b85f
3eac9c0
14be420
5c74b74
3ebca5f
6b4ffb4
6235edf
35a012f
099b05b
0458123
3c6f8d9
2ec4416
32d68ff
55df1e9
24897b3
595ea97
3c8b028
3323e43
0fc69fd
5154910
1ceeeab
50b60a0
643a0d1
3003a2e
3d51b41
187229e
637c3f0
5c2d546
7f3e3c3
049619e
6b73da9
2cc50f6
22727bb
1de08aa
6e80cb2
3fe2c6e
38bc13b
735aa18
4ec6358
02d6d78
33f74fe
01cf138
5479e40
39f0a87
1a003e3
22da6c1
4c9ab8c
0e2f8f8
2f5ceab
2d24106
0f8c449
18a18a8
5f19f0a
79d3e21
1c355d0
27b8cba
38bd09a
53ad2b0
6905440
2b9a3af
149a903
550b75c
106270d
1105050
2ff7d42
75d3e37
005282c
3ec71d5
37f1661
7e526cf
3cbf8cd
1b7d35e
52bbf0a
5d4ee14
51ed1e3
4298a64
0a064c4
0100667
5627a5e
5c5eaa3
14a1bf9
14c8eb3
064ba3f
01c895d
7ab2c64
4d3cbb6
1e2510e
43d9f18
7b2182c
2302a40
6336947
5f23fe0
7d6ca68
4db5136
5660996
15e643d
3c5e253
0592e89
6b35402
70aedca
61a104d
1294f95
67c9706
7a17ab2
5a0031e
7d779f0
26ca18c
0197454
3d9d908
3e2405c
140ec64
120c24a
5b51adf
4727183
77efafe
4d579d8
466e7d1
28f65e9
2bdec81
1e56592
189770f
79a6f1f
5d44541
6444695
0b9cedc
099e35e
2b2e07f
2a89c4c
69c07c4
2aae71d
3a80e85
13bc454
38f9bf8
4ac15dc
377e134
6d737b2
02b0cce
31abba7
592b75c
21dff9e
69d5b7f
144f2ee
711ae18
7b84660
6400922
0fa2161
2991aa2
297a56d
75a2ab3
1dc6466
2a1a1ce
61a25fb
53213f2
2d8f442
50e17cb
381c469
7315c57
1228be2
0aebabc
0443beb
7d18180
0b375fd
1d847df
14105af
4e9013a
2e5813a
540399b
3163b52
4a88cf7
33684e8
3cbc7d3
41d12f2
0834ebc
23ed40f
1656c80
5d720b9
1c5ffd7
0c63a93
435712b
70ec983
4a85089
7343093
77286f2
3c1f85a
7a428c1
634a18b
070e3be
4ed840d
780b0be
3ad4f89
4eca99a
4db314f
5af3055
4e48ee4
7f007d4
42426b1
223ceb7
0d51d41
144b087
0674cd4
32b5d7b
2916c04
547b7f6
3269ff4
0387a87
776a26e
2f26a0f
41f3159
2717b35
449bd5a
6d69a42
0096a65
4ea18f4
5d8c497
4051130
1a3c586
6512404
2da8dfc
1c3181d
0da0e1d
49176b0
07df111
7a37fe9
79918d8
7e743d9
7fa99ed
505b8bb
4993fec
54e6de4
61c941a
33dd588
76c09c8
50e0eb8
763a7ee
1307978
5f64c81
1b98afb
10dbeb9
2d1070d
487e739
0a28b1a
5becd0a
6a6a92f
0594985
56b5d16
495b112
07fe1ae
0e5ce59
328833c
4416298
118c922
700d130
2aeae86
294c2b4
5d62317
404d312
5c4865c
1ee82e3
5bea935
1f1de76
1305812
128ce7d
716cb91
1a10922
6cb6afd
1342b63
67fd78a
0d7d4c6
4c49965
3bc15a3
3ff9fd5
1ae74f6
303ea28
69b041b
581d279
1f26325
249f2bd
0fbcea1
18efd41
1abbca2
21a6376
51bafb6
5e7512e
17e385e
6bf7db7
3a01d67
7a5bf89
756cfe1
0fbd424
2c0ba06
6441f56
6e51fcc
6187d96
63fced4
1d15195
71818aa
3c068c4
59de43c
7c47b2d
584b29f
7ea4af0
4565c5d
3ae3e41
247fbe5
1d6f74d
3f21f54
0c9bb48
14b369f
3c2ae76
540c7a3
48495ac
3d7ce82
7ff8455
7a94713
7cb7b03
227f9f4
06cb56a
0317e60
33adc32
6113a72
3b72bde
125ed8b
14ee823
6d52e46
7428b01
6550dad
3708f3c
395e056
0999350
26a625d
1303d2d
4f89337
3b74159
5ad36df
793d21c
5ecce36
0be8940
7e39126
06cf177
7c49830
68e8398
063d18a
2661310
274468f
6cfae40
0a38a44
617e7cb
46ce5de
2368612
7802083
00ba1e6
5def779
7be16d1
0de9892
1fd6ddd
4b20712
1ed203a
4f1f3d1
1484a92
5e2d898
1fad1c6
2fb4635
3cbba9b
7982f8e
7d43160
3bf13ad
559cb58
7abd6ab
119b78b
6d8f6be
330c905
04d7e47
2a9a0c7
2a970c9
5fdaccc
7df7058
00d9384
3c4ab2b
498471a
3ad6b76
3e7a736
7579c92
78b21e4
5b2ac6b
0fb2a81
5604744
161d148
15d055c
29a366d
1d3319f
5f4d41f
3d875f6
1426ebf
23ec073
3fdfb79
3d2dff5
26266ab
51de3f1
19e97d2
188c297
72b2eec
26a5845
46483be
6441884
19e9b6f
269e43a
508e670
526675d
061b43d
098728e
087ff98
7c9681b
18b0267
5ebf314
508c609
32c288f
6eebd0a
52bf57a
287545d
19d4a94
4015503
7a6bc31
3e9d2e7
0c90710
36fb296
5fabc8a
46def5a
533a5c6
24865aa
1f5f2f5
01476f8
2fe3574
55a1140
7d7bb82
68c51ed
13bbefa
3225382
30fdaae
2ca1c96
3233a73
783a28f
2aadf52
2e0587b
23f2e92
68fd173
04f878b
05748ed
7fab1ed
7db149d
3c844a0
45602b4
753e706
606b520
166ffbf
78c396c
4dbed82
7c5d29c
0181faf
4a73c42
56c89b9
28d8291
039ad9a
7b92eb4
0a0b7c5
748595c
75401c7
59b17f4
7cb7333
38b38bd
4fd64d0
0635369
679f6b3
1bffb8a
46bee36
56a1353
634cf65
773cc52
454ca77
0a97f2a
394597f
4454a35
5fb29e8
766b2c6
01d24b7
27e8da2
1242ae1
175af7c
70b0b40
38d9b4d
18e40dd
0a309a3
1b3fc3d
32b4fb0
3e8a00f
6588941
1c0d3c4
3d6b3f4
7f4b27c
2e19d80
5bcc147
19a0098
42a383c
0e0e2e7
511bdaf
40f971d
2490f1b
2f695f3
76f986f
736d8a0
731323d
5a99334
570078d
068b3ba
0783884
70c8516
5ae99f2
111f546
22b7f65
4e3c885
316fb46
208e436
584926f
5e3e33f
0193b8d
67842aa
47b3d11
2f1d6e9
2da9cbb
49164fe
0f2b932
4702483
719fd9d
3089325
0b165e4
3af683e
6f9e7b1
4047055
2126454
023d100
53898e1
7628e8f
7d028d5
4e3a6dc
58ca90a
2dbf600
2796a9e
1d4bafe
5bdee08
6d1d71f
3de01c3
3afbd78
44a1db3
267ff72
25f6461
3d501e2
061d8d5
1100377
09fe374
71f2c6b
01e71c5
1ba03a2
4a398f3
71a0205
0d22130
3fa409c
4fa6f9c
534f68a
5b1cc65
7f9d3bd
7435ca7
619035b
0f0a743
4b873cc
74019c2
55a90db
7e5d0a6
711f7c2
1b179d9
0de9046
4929b2e
629c789
64218c9
5dfb700
0adea5a
1a3c96e
3bd78e9
7816956
7144e58
5ba650d
5ce3ce4
0cc65f8
24ed09c
5344eaa
1737a33
48444fc
3fb1e93
2088de1
61da1c8
3422ce5
3590130
760252e
4b7a98a
236b816
266de86
16eaa1f
1023ef6
09c8002
0496730
729c3dc
661e7f9
718587d
0ee5f66
4e22aea
1400236
47fc8d2
64ac816
1705501
1a394f8
3e45080
6754459
50c8281
39b1c13
1ba08d4
0542906
216abae
350da11
77fc4a1
2d8764b
78bb4b8
12fe74e
2daddd6
1ed178d
0251f30
0c423de
56b03d8
6e24307
27bd869
00660a1
6d06bed
13b1426
59ba30f
616e72f
4343dea
28591fc
5d994fe
6834b75
3fbf833
34b1dc2
1807c87
0c89a98
44ac062
6eedfe0
562e2a3
72ae340
554e53d
697f904
1284025
6f79e0d
7a75faa
10bf778
0dd8423
227d8ff
56b3317
1a643b2
5f34087
7ddf39b
6f127fe
5ae5fc8
041bd84
6443344
153c7e0
21fb315
457641d
3dba53c
1c5f207
3d160ed
1e80482
217a574
7cd56b3
27f0c82
1349a54
5e70984
4bd0edb
4c8ff7e
307f1a5
0ad0d66
46c133a
7d8feb3
732f061
2a0cb24
1986f55
39f6d7f
6e1b931
39b9c2b
7f6b3e5
3be8d10
33f2950
1faa294
7043b5b
1c4ba62
0a4743d
0003e8a
00fc04b
734ebd6
07707c6
2f074af
7f63aca
2f62017
752a003
7d55e18
2748666
1804d74
20741cf
5944061
64f78df
3f1df5c
5ec7b0c
3fb6752
2c6acd5
589f849
036a3be
67fc0d6
7fdf8cf
6a65644
388d985
6d19800
1385ecb
49abeaa
5dd26ca
53e6b12
3416c12
3339b64
719589d
361940c
21a5f7a
00f86fe
66ab92d
1bef661
7b416c3
54e575e
5efbf44
5beefe4
7bbed8b
2438aad
7cff4e9
01e8e20
7ba3226
287ad25
369b2a1
7f325db
616117d
564321c
66e9846
0e35a53
62eddc2
1355713
25438e9
1cc3191
43ec35e
53ba002
11bfab7
2c255f9
6d929f5
664b221
3e75d36
7bc3689
4878949
7ab07ad
1e5c0fe
63399a3
0c8b676
3efcc3f
20edf02
0e57001
6279a10
4b7acd9
4bf18e1
50f205d
1076f2d
68b55c4
181f70a
3dafda3
43fcb3f
24a5b52
27a5ee5
45cc9e6
1440665
6c4fefd
1934b3e
645ac3e
2bc1e20
53ecf4a
7da4f86
2792e09
0925e17
7172848
6d66f02
595dd14
6aa24b3
11bb377
546af5b
184a5b6
04f21a5
33df458
0665703
784df07
7affafd
4660147
3a4d9fa
2322163
0b401c7
50696e8
133f1fb
26884f5
0edb55a
43d2bba
52eb6bb
2abebbc
0ff3325
4c2ea88
28b17be
17353ea
3e61c7b
5292e31
7ea9e2c
72ab5ec
4e8b8cb
24c50e1
4572d62
3240702
4a42b19
7f1f0e5
3049ed3
738e150
4935c3c
13836f6
397a8b4
2916e8e
5614cbb
3f6ae67
352995e
69acbd4
7f7992c
38210be
0e67f2e
22a487a
1691d48
66d41c9
707f134
466dd5e
1f70342
7db168f
7c64973
282093d
5a7e294
07543b3
1714542
1c22043
7b33b64
5696aa0
08145fb
62daf15
415f836
2cea3dd
472614e
158634c
1fc48d7
1b577a2
3be9157
7083d74
558eef2
11afc35
216245d
746a12e
058fbb7
36c4aea
4396b25
26bb7db
317259e
224476d
4d4253a
16ffc1e
780850d
170ed55
304892a
591638d
693603b
07911ed
0f4c4dc
5f1a5fb
28e2008
1b6773c
59f1264
1792cc0
3c409dc
74a29b2
739504c
7b51d15
0f75d8a
012fe5b
4ecf0b7
6f2815b
6030934
7432950
291fae4
16e7b39
0cda7a7
56ab686
0c3eb03
047a355
5dccda1
18c470a
20ddddc
0b0af67
422e8fe
1b74e01
0593d77
7df33bd
487a2c6
38310ba
3a6b680
639c478
1b63624
38dc5b0
24b8c5c
0bca9a9
6584bbf
7f932f6
04918cc
598ccda
4a7d2dd
6d2f365
30654eb
3b53e5c
0f881ef
4757a1f
0a05330
5b2a266
1349827
70520f7
2958b17
2c8a849
5865a3a
2e9d214
6b67ba9
54255c5
3189b1d
6119b9f
2532441
7c06df9
3a52854
7a90f36
18a0dbc
0ba7adb
1d69b3d
73c7161
64a22dc
1934293
3e4df37
328fd2f
0d8ebc4
082c6a3
07a118a
6db8e5c
2def439
12d0e61
7b7f2a0
3d3af3b
24e48ae
3d498fe
3f36d2a
18c253f
084a7f7
7b9361d
40e56c9
27ba47a
71f3a72
61d70e7
76d8fc8
78866df
088c5ff
2aab603
544277f
3254be9
3de2559
66b6a3f
66a0c2b
4debe4c
6d5cf5d
5934c69
0134fdc
1f759dd
77fa6f4
5923461
79ae40b
4827151
7b8bef9
5ed85ef
26e8381
74102d2
0cecbaf
77ee9d8
5542caf
68fdbca
555c9a8
59e6e41
5a913cf
28edc9f
375a206
224fcf8
1211704
6df29e9
25f68d3
051acd8
1af3e6e
3c11a9d
0d5bb64
20bf7ce
67f92da
5baf00e
12d60ce
24dd7f3
05bf468
2170ae8
0579a4b
346de92
6b9679c
321c0c6
325db87
0bf6b00
233ac91
667fa51
07f6d64
4e5c07a
62d71a8
167ebc1
7a17379
7c7bdb7
40c0241
35733b3
3dcd549
4016b9f
38fdb6f
3f1b804
57b6e6d
3b35c71
1ec7552
41079b7
7132108
76d4af0
16aa264
0d8a2fc
24de838
7421fd6
344924f
4a8851f
3329a7c
02ea455
76ea551
34d9364
689b383
07d1495
345e874
4ad418d
3420e86
0fed6b4
3766589
0933f46
0211d36
4ed975f
48b3035
2d3db56
290057d
075df56
29511d7
019052a
48954df
1cd8902
53bb1ed
60d9877
23bd24e
1b3ae2d
793473b
75bf3d1
2c1e6c9
6be63c3
3add66e
444178d
65c2f49
4bbf11d
304ac46
4fd6a4b
055ccb8
0d436ac
7a08571
36d9e18
38ed243
47dbb7f
697016b
5fb1d28
4830727
189aa8a
5c0428c
408d63b
5fe963c
0515e80
4149639
35e4886
55a568e
60a6c3f
292eea5
39148d8
524ddb6
52af250
30eb7d8
528935f
30aa1ff
170d195
2cecef1
251959e
1148f92
692cd95
5ac0e9f
50301bd
5651d3a
0d875ae
44f9d30
0067482
5fc179c
09b6435
761c902
0a98b1c
1473342
4e1eaca
36923e7
0e7bb5a
507e148
6ca0e87
5df5392
368cb4d
5c1c3c5
351de75
7ec3016
05a0bad
3745910
70af30f
0e79be6
21851bc
048dcea
7764937
2cc3e6f
6651bba
1b32924
592958b
4138661
419a622
7e24c20
2c539ef
6c74827
0114c04
287bab1
0cc84af
435d2d1
279fc24
3df72e4
64198c1
76cfc50
53501a4
6ee54c0
42e4f55
7c1f2e4
384e4f0
02a4d85
29ebfbc
79ef66c
2baf5ce
69f479c
3128bb2
61f75b4
7c1dbbe
4138918
1e20366
6449197
1b1fd0d
6069fdb
71433e3
6cad955
6f7bb7e
7826f7b
624a0f7
1bcb788
34a463d
2419c41
20bc128
34b2cab
7703190
13aee4c
240cf09
013dbb7
7751008
6c16f10
24087eb
1da8097
2f46d00
53da70a
5e2ec59
7f8e03b
13ded58
2256423
1e3d70d
69a4988
0c971ed
7f6ba9a
77e2bcb
118af7a
4a3293a
2eba3c0
7f98241
79ba3b0
69c3234
47a5535
73b68b0
55ffbd5
475eb71
1eaeeb4
62c6cd5
69f11ea
34f3ba4
408a65e
1293f62
66c9b2a
0b441db
086dff7
6c4ebc0
474e64f
26d79e0
3cfa9b1
48dd749
37b5bc2
0778f7e
1162e41
45170ed
4477457
209ee32
16b2aac
1c12e21
7591c36
441e509
5633cd3
01b09c7
2d18b2e
7e3bc42
6efc3f3
666119b
33fae73
3b4a0b6
02ba9db
47e6443
07c5081
495d365
1d95aac
6490b5d
7efeb9e
3dee292
70ebcd0
1775a2c
72acec2
7bdc45c
3f591c8
2e16892
647dc28
057fa5c
6876069
07f290e
61eb010
57c692e
63262e2
6f29036
196e676
69abd7a
7adcdb5
05d72e8
6448c70
77b12e4
555c279
7d7b8d0
4ff5d6c
4863bbd
53d543a
77f065b
1823dd7
0e21f6d
5fb805f
352bfda
6d70e57
390bede
0d044b5
61e9cab
63f27a1
75043f1
6f207cf
3618b8a
5b3f98e
32d47fa
104a0c7
2c7d521
252adc6
59cfddc
6fe1998
120c10e
496af40
2c9b5dd
478fd7d
1b22279
5b05ef5
12e8811
0f740a8
6c445f3
07ade9c
52f5a69
46cddbe
754f001
4f399b6
55c5834
79a018a
1bd674c
50f2158
15683ff
7281722
5ee475c
783a48c
00528a0
688df00
3f569b5
58b5f39
288d2dd
5d968c9
22e43ac
0619874
2978521
2e3b4bd
15b5db6
18653a1
6d5da11
37ac93a
70e2e99
42e6f7e
22e35e6
472f53e
294929a
7d5694e
0acb256
1c03b06
61abc8d
10db794
7a363af
0a32998
15e31ba
6230b00
3bd19e7
6cfdc46
6fa3114
55433b9
10d7f15
350c8ad
3a9e1fd
6618698
24df6e2
1adda99
6832f29
18af89b
02119f1
5b7dcba
652d1b7
5b35d34
3657f46
7527e02
0791e26
5376888
60b8e3d
40c971d
2a2af25
4b8ae65
5f3e41c
5b9da1d
06649a7
0a2e13d
512f9ba
3ce5e95
2de77df
6771644
4e31461
1ab176c
7be018f
6de70f5
3ecd1c9
4d759be
3cbf4a3
3481bb9
186f609
4dc09a3
419b5f2
7262b9a
72fb045
052d008
3b4d146
7d93b91
4eae25b
1d205d2
6e1d224
67d5991
68ee11d
4e037c0
3f58b1d
4c3b331
7f11ddf
1ea9346
3ae121c
068e6f3
6402313
37aa7c5
715c2b9
3de2caa
5e62e37
052576f
454be34
2234f1f
2b189c8
65470d4
46db638
09dcefc
11c3282
11ae2d0
6d8ce86
53e984c
1f44b05
43b0845
6494585
7f284b9
46a214c
74b3604
6a9241b
2d3afb3
0233c7c
638e8a3
598c571
7cb70d5
5520c94
3d2b9d0
5b8719d
4987c3a
781f01c
5de5a8c
45cbb8b
4061e73
5737e40
2f221db
42cdeff
416192f
7f347c2
149d37f
02bb7a0
6dfb9c8
6232c46
33cc09c
7932319
27bc9d2
135fdcb
0e23339
3bddb20
2f4cb6d
4e04c3d
386c19a
6ea5ecc
5a5ae45
0f59dbe
76ac65c
49f4583
42ddb2f
40064c7
5c68a63
2546fed
46c2cbd
3171cb9
63fda9c
7855cef
411bcf3
63e357c
6b31dee
4a450d1
3755a1f
747cd9e
18c1649
78795bb
14b11d1
540d889
2856db4
771ad75
6ed9b2a
0d1a1a9
5f2f60d
043276a
44d6010
6092eab
079cd3f
2c2385c
70afa5a
5f26dde
630698e
565c27e
7b44c27
135f5d1
26432bf
4cdd23c
746fa6c
0b527d0
723044a
07904ff
0c54cd4
298f30f
42b88b1
3ce51c3
37e8a8a
732e342
731649a
089c0d6
6499d77
6176c1f
091548e
6c80e1a
20d2bdc
189493d
7daeb0d
5f9a347
650f05b
697d56d
29f6e4d
548d7cc
48b65fb
7d997ac
79fc6d7
3af5a88
3235fbf
4967844
69fba1e
0ae5404
3125146
49860e4
559b241
1423647
53f3e61
156091f
7760ea0
1d3c715
23c79c4
4734ae1
110b9fb
0f9c17a
7f04e95
2590f71
0cc2bfe
77941b0
7d29559
3504dfb
30c53d9
2f96c76
33fc355
1b42ca3
2450cfb
3462dbc
036a3ad
061fe1f
07388cb
3d9981d
7cdea70
648d15f
07cfa9a
309e814
459eb3c
42e1fda
0266839
4b6cd1d
3b3fed0
48b576b
3c73b1d
736fd46
69d1e13
769ca68
62cc734
32cee41
1ba40d6
76f7035
43be05c
0e8d998
286d2fe
5b88a77
73b9cfe
7f229a9
4106246
008b086
64c6680
6ec0ae3
53bafc6
79ec056
339ca2b
6de1e65
51ccfa1
31a9f0f
3b9cd38
3be6ff5
6fd696b
14e819d
1b122dd
0057278
44169be
714493f
411b667
0236fe7
4b1a6c4
09da5a3
3c84711
20f214c
10675f2
3a8c566
20821d9
79e0371
7634c44
6fc54dc
29a7588
04e0d9b
3404689
0a65e18
71525df
7dd6aff
3dfc5f0
666db9d
7d84c8c
7ac556e
1ead07b
5bee8ff
3415716
3d095de
20983d8
44d59ad
0b2c3eb
2b2797a
5450c6d
2be239b
6c33ee4
54b155f
0926924
42c559e
1c83784
2180e96
70a53c2
4a7f895
4e2bcb3
3c90378
123f6c1
4f62523
645a4cb
7ed6210
694cd6e
3906970
6a165f9
02ba040
486aa8b
73aadc1
4cdf50c
7b877f4
65767f8
09fffa5
46678db
20cb8f2
26e243e
3a638d8
647e828
0f2a026
3771cb2
7d156d7
33b5f34
0fcef41
10f538d
11961b8
7f7c605
03a51ff
6535db0
4ba4561
41b7be0
26e4487
0aa8b55
06961d6
65b5590
5e166ff
701f4fe
286018c
7e706d3
4f25d55
0700e46
162af54
6a55aee
5f82343
5e47880
468ae35
3f4cbb9
184ce23
4d92efb
21fe620
19229aa
5366620
695b05e
6f9498b
236d4da
14f6fee
6578d5c
21f751a
675cca0
7a951a4
72681ee
754f566
7933d0e
06617b4
4723cee
51f8611
232f698
6bd5a09
0f3c0fd
2f5aa2d
7db2b0f
5ffef2b
22a454b
0ed1f3f
07211ee
5e9c322
4b26159
16a892e
3914107
3c510f6
09ec071
7565ead
26f8db0
14e0f86
5f7db05
0ec7312
503e930
42c4394
1bc0278
05cbb94
08e4a5f
6a130ac
75c5a11
3ad3c8c
302297d
0bd23a7
62eb78a
7eecf98
5613b40
7397886
202992e
4fb7701
001be63
60c3ffe
67ca3dc
360cda8
067875e
7c3af56
68f742d
716ded3
02e8287
297957d
6ce6a4f
7b796a8
7fd06a5
1d4c850
5677383
39ddc9d
4421b30
085f77d
57bd206
4bec277
3f65b33
12f0582
06bb067
66ac3e4
5171586
7706b92
02981b0
4efdfbf
06d8c1d
336cce5
7e2a863
322bd66
3a6fb47
3e82f6a
4581710
7a91907
06a8cf3
0bc1143
21163fa
2fa5934
6b5e3fd
604315b
1db649c
04d8b51
137ca14
28d34c3
1d4eed4
3c97bef
07da73c
4983c60
13ac226
467bab1
3d47a88
29fb0e9
23fbf0a
79f8db9
776cfcb
61e5c8a
741ced1
65eeac4
3d6af5b
7cec87c
1b8fd14
1eea4d2
033bbed
4eabb81
24d8c09
6e9fc4b
3288f8b
3d4f85f
16f2521
3490a62
082ca88
1888e93
094dc0a
22664e5
313ea1d
2c1db33
046919f
3b701a8
2234427
2f40f71
33e50bc
5e4ff4f
5fe0866
3de375e
001c87b
2f46d39
34c34b3
5da9623
64fbbad
32144bd
60a8600
3c68dbc
75c9206
4162cc0
395d7dc
30c1033
4490597
218f53d
3e3e7c5
6fd7fb6
638c932
6d2124c
0272cf9
51248e6
629a38b
10184fd
52c6989
208ede1
341f6a2
174a456
18a01dd
371cc2d
50608e1
1934cdd
2b273a0
49addf8
315a174
0cc1ba4
625e2fe
4ccda35
24097c5
4ff9290
3132620
37561a6
725cd6c
4a925f0
747618b
12477cf
11a864b
5f34e3e
09c9f31
7aeb614
5b12987
5b19c7e
7862afa
69d1d41
32d9db1
533ac70
7382b33
0430ffc
4740cc2
4718cc3
636b3e1
25752ca
1371dba
3374c68
133e629
4b4838a
170de25
16e55d9
434e0be
3eaa30c
45e4a32
7c37c0f
0b9e6fc
3a4dd2e
15091cc
094f2ea
24f0002
142ec30
0ba9a98
1dfac6d
024b9c9
2fe6bdd
36fedc6
2745799
317cbb0
2bee6b6
36f7da0
75aa3c1
165b9b8
0291a35
39fd8fe
25bee60
7e5e217
4ec6185
08a433a
2f21c61
47f0483
13f478e
0c52e74
458e4b9
49bc24b
512ce6f
0b2d06e
7df4fab
167426c
6b63a5b
6f93574
609722b
58b2a97
10ef3fd
5d77b75
648dc73
1176a35
421b2a4
3ce1788
2e1bcd5
1a804a8
6a9d969
52f8634
7cc1d9b
3c8b285
16a1125
0a86549
153d70d
0053f79
56f9fd9
1fdba69
0c0c051
6117e44
2b52dee
53d9432
6b48623
75e7e16
69780c8
3b7d3e9
1786ff2
5b131d2
218b70a
1ad9b45
104162a
621fbdc
099d17e
6bd1272
0858cbe
0b7ff9b
3f39ff6
2f7bb7c
0f70e03
2b79ec6
64b96e9
22249a2
6bda3c1
4cb75f2
41e451e
2e7f23a
6b92b1f
1e624c0
3d02c45
6c0fb1c
0290f25
055b54f
0c86cc6
5fd1a17
1d1650a
5f1286a
000397e
5b11024
5be83d6
18d6b19
4b40fbb
497af84
1ecdcb7
361ad40
7c24a83
33701b3
5aac288
73c61fe
6a4175a
64fef83
2a42fc3
43253d3
4c9f36c
7237fcc
3be0c78
613a882
66e9d02
498c214
2ba3a6d
0f8dc10
1b918c8
3497f90
139c891
472d12a
0768ffc
2529924
61be3ac
33000f0
5845019
6481d84
537ae96
7a9a6d9
6339263
766cb2d
3a670f3
7494244
45c5fe6
69f483c
2199107
031852f
25f2720
54e8800
5ff783c
0134aff
50a7bf9
6a53025
64d5fde
57cb8ac
4497016
7d43cb2
04b4720
22ca859
5de603a
12bfbb5
71c2c3e
3570552
58f298a
7f5eaab
3bc6ae4
4e392e1
350c5a1
333bb36
3c8f966
1e997e1
188a8e5
307dfba
03f7037
3d7ccc2
40a048f
4ad02b8
21837e9
2562df9
7d3bb0e
7fa64a2
613dfd0
704553f
42be5d9
203dcbb
35bea2f
7007d8c
5c23e50
178b1a1
694d9d3
73f355e
227f0a4
54c59d9
76b8def
000c66a
221a2ba
077874e
0bf07aa
2a6c54b
1c7655a
1cae15b
1d41ecb
35f6256
3988a41
3993039
31f1b4b
59cad29
5f71cb9
67e716b
05cd011
003c0ab
2550f19
0d8e811
7d908aa
781d8c2
35471ff
443a245
046853b
072b447
1d6f687
22501e1
6b10e48
106ab12
4e29fe2
660cd16
57ecb32
18cbaef
212e2df
2aab041
442b866
32ea0e2
4d95018
68c0756
5cabd49
36999d5
60f9914
7972d0e
2fdd1b9
7480044
6c7448a
5c6f8f9
0177b76
6094818
4953421
5321d9b
2064314
0aa661c
4ab8591
6f7d056
7b904ef
6ebad36
189daf7
5930397
1c86ee6
3c82882
3f3dc00
7d16c2f
59e2b91
5f1bab3
0d4e7d6
1aec68f
02109c1
2ab393c
133fd81
37ed791
4420ab6
0f37615
4e445ec
4be5fd6
5dc8575
36a0815
738e7a8
11a0698
0465d7b
449018e
72f74bf
20f40d1
7cfa4ec
1c642ea
4ac0fc6
59d6b94
1e7f67f
0f5221a
57e71ed
0656716
43db904
658299f
1b4d017
70251da
6666f83
554faab
5d4a0ab
3f7c73a
2345ccf
3eb7d9b
2fecb9e
69a28c9
6d129ed
6e55f05
3d35e6e
7bf8aa7
17e4ede
753b15d
2d42cc1
6fcf80d
4f7363f
04dcd0e
0ce5532
7db1b9e
7c3c5a6
7c7de2a
1ce6294
6157ef7
41b873c
12ffbda
3e7863b
6375e68
4a95223
66640ac
37da3d1
6e27511
3f64bbf
34b368a
19005f2
5b98d2c
55b8dae
5cb7a0b
2330c47
03afede
2900363
2912a6f
165290f
6cf283e
4ff99b4
2c148d8
0dd50e2
02cc3cc
1f7a154
1b124f1
1d5dfdb
475a3b9
46e47c7
1946edd
3ce92e4
29a0d3d
3339dcd
3c30ea3
3873109
6f6b9bb
5dd657c
30fe017
6961254
6afc7a3
34ae741
75e4bf3
1147dc7
4f572e3
1bb6cbb
66123a5
3a784bd
4502e61
1b861f1
4afa2f1
7ed83f3
5ed90ba
0daf066
5074668
42a12b7
310de1d
04d8e37
6c1fd80
58a1e79
4589b80
717222a
0cb8540
04739c6
24310dc
4579943
6131dc3
422f7e8
4a26d2f
12a6051
4291362
6455403
6b8a392
62f0606
6cbebbb
4890b2b
191c05c
6840fc7
4b7103c
6698a5e
6f9336d
05e7ed2
1cfcd0b
0516199
3fd93f3
69237c2
71c3ab6
06b6486
341145e
535dc4f
536cab1
1821528
28e6bab
1b8c171
37bc6aa
7501e77
30e5af1
3f28401
3a071b8
0f61e99
61e1861
0ac38bb
43b63da
106ff93
513527d
5b35457
5c6b382
6805f16
3b30d47
4544b14
1939b77
23803fb
7fc5f20
29cf5a2
14aa146
0c432a5
4adcd4f
33eab6c
0802799
538ae35
7304e07
28b56b2
4e71293
483a9ce
5a8fa75
5302b92
458e4c5
615da5b
4bbfed9
3b8300f
1fc3dcf
43df6b3
1bdd5c4
13956a9
3967fbd
78833aa
1596ff9
7cb8f58
3b5cad2
3b68e99
064874e
23402b0
13cdf1e
28d702a
3e263fb
37cb26a
544b81c
4544715
62176ae
15c0ee0
7f92f2f
083bac9
304450f
59a544e
596ee5c
2943987
00f7c4a
7b08c21
3f183bc
502d71e
6114460
01491bf
22f0d14
125b375
79402f2
599229b
198a30d
3d52e67
4d3dcd1
00aef91
0cb599d
375e4c1
4759f29
5e87e3a
4091f8d
264c803
4dc38d5
7864293
165310f
72917e9
46d6dc9
7583f6f
293bd5f
3285856
13fc761
27813b6
69a8aad
70774a8
019921a
0b71cd9
151c34e
04d999c
7a4ee7d
193d9fc
3872c98
6aa18d4
7306e54
6ed764b
0b653d7
30a22ce
2c0610d
0ef2f86
5e3f334
757c870
76ead4d
13a7118
43d39f5
4f2208e
2709c7f
0d6f2b8
6b8023f
1f7e0cb
6388399
63679a9
643a8e0
70f4776
7d5bb20
6bcfad8
77a9f8d
46a33aa
7d59ed8
4942e7a
5d7947b
5c60710
700877f
760699d
1f2111c
420e08e
36e9475
1b609cc
4c966a4
2d83f57
6c3a581
555cc49
4d7896e
006055c
26e9901
58811ee
6c5c8d6
30d6f9f
74422d6
44b1a8e
001d64a
3554f8b
6456b7d
271db40
3bbe497
4039abd
3e76a20
4aa7f0e
49850e7
44255aa
431492e
01d482a
185a6a5
0bd0f94
4f1861a
74b38ab
494e254
13271ff
299bf85
0ba2668
6375a9d
464b8d4
58d20f5
4cee5f0
2753ee1
0212d97
397e20a
5fbada2
1e2bb62
4dbda28
636ccc6
2956ef9
1c1fed5
5134841
0ef97a8
38f99a6
6d6ef4c
3dcb966
03afb8b
652b2f2
33dc854
00bdd8a
24ca53c
429fd88
79f517f
345d12d
33e0afe
164a990
7b9a5c4
75d6e40
07d4024
26ec1f1
546043b
509bdca
001e6ba
09f928d
55f077a
30070c9
50e070e
4decaf3
62129bb
063129d
02d1c3a
00e67ac
5f934cc
639cabb
029bd60
67dd451
3bfa40d
516cebb
2b0e358
2269c0a
0e5abff
2dd3fc5
462d1db
4708679
73fa235
6bdaebc
33b9f27
1fca32b
2468ad8
72fcefc
7e9b620
621be50
5ed3a6f
001dff4
5a595f4
3a6c214
6a3f3cb
39478db
6925c9d
4e27eb1
67964e4
35565ca
291bba7
72b4ee9
473c836
0081358
5744323
6f15f5f
74aaa50
374feb5
7753099
19f5ad9
582d672
64ba4bb
169f094
59415f0
57d192d
0943652
6d50b8c
2fbf8fe
4240665
522e493
41168b8
59490ef
175823e
3cc32d8
7070616
281bb40
183e47e
4626e4a
017ec10
01b8758
327c2d5
30c4b6b
14da093
5383d2d
0789821
16985e1
4794dc7
14a0a23
533f00d
3253aad
11c2e00
64e6a6b
3831ce8
4adb19b
00efaa5
08bc73b
1f10861
46d8150
1b05cbe
35e68c8
41d891f
0a6b25a
2512312
30aabf7
45d7907
0ef8802
603653b
10470f1
6cee6a4
4b7c8a1
3be0a63
662e642
239ff26
1297da2
34a26ec
5591170
3edb1ad
3759c3e
3635d7b
5adbee8
272ae6e
00c5407
31fb0a9
5df4521
3613dbe
15e9d04
352550a
32d2d4b
44275c6
45cd066
4e40d51
05687fb
7f51d70
5f2b731
764d8a7
6be05d3
21ae848
466f23e
1fa1f7f
6b3c9c7
33c7afa
6cc31cf
460e859
39a7ccc
1447edb
1f39721
09df633
5d5ef0c
7dec980
048f768
16b92f6
52af785
4500af1
753d62b
1fff274
0185d24
42bf3c6
468f997
0414e72
1e7fbb4
2bc1323
5bee849
0cbebc0
57d7888
51ed391
53e810a
4673a51
633b127
630beb2
140fe3a
52f0fa3
43e4601
08d5810
398c13e
7f7ba49
5224a2e
6e2b7b1
79ade73
3320eef
3a0637f
63ad6d0
46af1b7
62d7dc7
0dc005d
5336d74
498433c
24e0f3a
6f34446
7f991be
26299ea
3a3efc0
4678ef4
7c73b31
2e3442e
5f4071a
0aab12a
5a5fd98
301bb52
5c8c397
49a600c
50b9ebe
7a31f42
678dc66
30a8bad
7cccb0a
572efad
1727135
0907227
6e8830c
4787fac
555d17c
573c9e0
1b0f962
358536b
337a8e3
3f22dd1
5a3e4bb
429d4dc
712d712
4330289
53dc48e
5fd1b13
239cda3
4aca241
4286557
2941417
12b7dde
31f5796
4c8c3dd
397eafb
15822d9
68351e4
5821adc
372e054
63be2e7
70a7df4
387d166
7993846
6e1ef75
57a3fab
26d9b4e
392c4c3
68a7fba
671e28b
6d1f201
4aa5d66
26def46
4119c16
4010311
058853b
1f6190c
06a873e
6f1c72f
225ef48
67523ec
75d618c
57f74f3
60193f9
2f460cc
7f269c1
7e2f0a9
4187cda
7649347
40a44c9
48861c8
782cf7e
579d236
08faafa
2dfae08
7d9d340
118d7b1
7b65adc
605eba2
1ae62ae
5b137ec
095e999
6193e5a
4bc7a15
477f8bd
10c6798
1e95497
7772f47
6c92b2a
7f976db
6d15a24
6bcea50
0afc8b1
2bd833f
1434a5f
0b0710c
1442817
5110aab
34ca447
0367188
277e6dc
2efa2b9
2cfd15b
1fedae5
7f07c8a
5f1b698
7c680e0
2492725
7934bcb
30b6698
188e4cf
7ad2ec7
61b26db
20426ce
25f0366
33e11c8
7c9719d
7d10946
1cf9cf5
42c2edf
63ab8bb
0497de5
39a5d6d
7a11045
0040ad8
36350e9
47aeffe
798f6b7
162d0e4
2aef568
468541c
15240eb
55303cb
1362ad1
3c3f739
5feac69
026cdf4
2569bcb
508a23b
564bd56
712ce5f
6f30906
53665bb
7e8bfcf
616880b
6a7fe40
702e649
1e0b074
307bda3
35b8eda
5a06a0c
6a8109d
31972ad
6c496a6
7bb4621
3a33ca7
1730ebf
39d47b4
7a7469f
6c14686
799f38c
06abde9
534afde
62899e4
1eb1091
087e918
5a3568f
3b66379
6fdea97
47af817
4cd11c3
14c46c9
221920d
4d80adf
4de1100
0c9eefe
7b18286
3ec4b51
1820349
0903e7a
5732760
343be04
53a1d45
119c727
1518612
36c6fac
1b3ea52
67db332
3ed7c3a
59beb3d
01e4720
1e18829
246ccd3
735c2ac
6ff9f54
23f215d
733b7fa
18ab7a9
31348d6
566d0f4
03e1036
1fbdd91
353c673
15e1ef4
15ce8ee
306804b
15c6a24
45d6f05
1e6cc34
5adbb48
5941e49
1358f64
3fb1924
3263d23
5b98243
1c1b2eb
76aa5b6
7fef203
0ce8eed
7b29dd9
365e859
6a1f7e9
6daa4ef
024e341
16e375d
29ec05b
56d2882
729d8ab
122fb7b
3a02728
70ca8d6
68cf948
2e5705b
217e507
777de1a
03a07bb
42423e0
25b859c
3b0eb8c
7210db8
4738ee8
4b963f9
627caa0
73c2a5c
286749c
00a27e6
688c3bf
6adc190
2704525
01303a7
3936420
2b687a7
284b4ad
4023d08
46bcf45
2b0a9ae
4541774
522061f
5c35308
1d1161b
6d5e53c
5acd998
37d913c
425fd6a
2cf5a36
2944085
3e85005
11545aa
1e51320
7605abf
7d4c1ba
7fcd4c0
4867064
6326248
31edaf7
3997422
709e1af
78eef7a
3f3d65d
2b274e6
1b9f260
0b4b763
3bb7c30
4b179b6
06fd3e1
1d471c7
55b0e13
0d9c9cf
0e46ff8
3e40e33
631e975
6202e23
6a6f1c6
4a5c199
44c1c32
1859118
6ca8b24
5e53fcf
41d1041
2f43031
456ebea
190a0b2
4adc3b2
5335fc9
77ff17a
7ff6e53
311961f
62c03c0
774735f
2a77780
22a90f9
210d35f
1d51527
2ea1d89
7f2b2e8
2d4a4b7
38ab1ae
5bc99f8
2572d6e
62436ab
33761ad
2231865
27ea9ee
216c7aa
706b8fb
25498f5
218eb84
38cc07c
7d9b7e0
178b573
5f75d93
14433e0
488a375
08d8ff6
324f8f9
3dbc1da
4d1646b
5dd0626
33d3c5c
430cf54
0568622
3e226f4
53a5acf
103a178
7946b00
610f6ed
2892d2d
5c56b46
60175dc
1677be6
6b1f691
7ebcd5b
50ebdbd
50adcaa
4ae4721
494149b
1b96676
77263ab
760a4fd
72b48b6
40f6e64
717392c
57fe091
668c778
2d6634d
595a7d2
18a01d4
24a255f
2dfada6
64d4155
6b3dc5a
5708185
5d4e58c
3036782
6335ff9
6da3c0c
153971f
4aa3d6a
0a9ec3a
767c236
5a60af1
5b8b852
5a54241
1880842
60def9e
2d7d3e6
7a13d38
70fda16
3c2b924
0470f7e
5a47d19
0333402
04392bb
042849e
5e6e1f9
2b52894
5773882
78155bb
2eb10f4
4af8474
57c4783
12f934d
73101d0
78f5458
2e5ca79
10d8e62
1a96312
1ca8785
0635ba4
30fd276
5f98ad9
24334e1
00cf49a
0317ef6
37a83b5
089c44f
6c42444
5edefce
576d107
762e95a
4412e13
20298d7
6428003
22a31f7
348f2aa
1440807
5e90f93
45b59b8
6ad5805
33a02a5
56c15cf
5c04258
4b6c583
7e8c89c
6191256
601f1d9
360f14e
360fa08
5ab3f87
7b5be6a
52e4bbd
18f6798
243f6cf
276ef17
018a198
11db689
2285f3d
0f8cb2f
25ffd41
3c7da38
78ad4b9
7872a1b
5e93f61
460beb0
26da305
77d9496
0eecdb3
62f4d7d
1ac4f39
5066682
216aa75
0abfe59
512d438
7a4287d
48ac602
5b61aa0
259c03d
14e8803
22a5478
74b9eb8
23bdb67
3cc0f09
74c1389
23b6de2
4af5546
022baa4
545d1bf
0f1f845
4ccfabf
0be5ae2
45db6ce
135ebce
1f8a7d1
0248b1e
4b50602
4be1496
151288f
4f191de
08c328f
540db3a
6b0219b
332dc2e
2eed958
28d572c
49dd1fa
5061f8d
6323702
7cfc98a
3245812
2a1fab3
1a20f69
5419558
22f181a
0f2b9b3
441d5b0
6c74d1f
6c8bd18
488a6af
3547134
7003fd9
41566cb
3d969ec
38fc569
587fb32
22327ec
5735b78
1dd5945
09feef7
52e191b
47bad12
6b32629
798230a
258c37e
3937d68
2933517
6650458
6ba9f47
07540c2
56f238b
48f4936
003abb5
7b3b8c3
3c53607
5295519
4efa6ac
381947f
60b1873
1350dbc
25dec43
1b97dfa
6176d5b
771bfd5
66a13ec
2e8d2e9
3ceae3e
5c6f621
7d48ae6
0e12b80
6202aad
59b8b6e
109b2ef
6681297
3f98cfc
2e37a09
14a646d
595bd9c
549dd76
13b2ecb
24e745a
4653ab3
077d53f
268e565
09bc7ec
21c1767
607426e
766f964
27f755d
43bad79
051b76d
4ab0571
76afa5c
1843ee4
1987753
7d6b676
71448d5
57ae488
1a1c92b
32e2ec4
5b98a72
42a2722
046cdde
63890ff
1e2e479
63b2f9a
6b3ab03
3f6253e
50c49b9
3758b8b
5ea08fc
48f14e2
546bc20
3ea45b2
2c1e0e5
1ca15af
46e3c34
4fbcf42
294ef76
2ce8fda
43767a8
0f90733
3c55034
43ba322
28db13c
2a08df0
37ffc65
268db4e
03f98ea
7ed4f32
188569c
74d0954
2b3ff53
297f657
6665cb6
2accae7
617805d
4d24dbd
2da9624
37aeb0e
2ec410c
42a59b5
667b068
1b5250d
521f33a
6d46c19
5741e06
5258bbf
7eca024
68b73cc
2ba8c3d
72be5a8
6a49f47
14855a7
1ee3be4
2cc9f3e
7704ada
2cfb232
20d9577
0d08dc8
786a180
48e4c6e
30dfae7
6dbc85a
4870c1b
7b6910f
18de780
2eefd01
0313465
79ae0c7
4b23d79
1cc73c0
7d7f93e
7e2f19f
0e7bb93
067bd57
6fafa00
00218ad
1ae5321
0c6dadb
16b3434
6718c35
6381f4a
7fafe39
3a5253d
0d72dd7
1a57eeb
7b9e680
7430e07
5d8196f
6952ee4
77a3eab
654d84c
15c0c0c
7dda9bb
65f8c3a
334987a
0761be5
1ab302a
4940bb6
30fad26
113f16e
4630beb
7def029
2ea8b9a
755e6ec
3cda268
5b2e968
1ad331d
260fc90
4d7bd98
04fab07
61acb35
4f00a1a
5dee256
07f90c1
040830f
3394d41
3882224
69b7950
7f06f14
408bdaa
7667aed
5cfc64f
74ce1dd
732ddab
5b4124a
3f7651f
1299653
3e67770
5c7dd5f
3374ad4
0feb92c
0edfed8
74b8539
3806e3a
067210d
688430a
20018a2
3d0dd84
2e70102
00fb1c3
564df61
5b33532
4a427e7
134556a
7cfaec2
55e44b1
107145e
698f655
7a07592
2787b47
6b907ba
6d6ff0b
6969726
5159d79
2c2d162
75b2f10
4c48e06
39cfb11
5009ad0
4bff59b
6133b8e
28868cc
1524f1a
57f0b37
259b3b4
31b0613
08a0a38
1008320
4a5fc1d
6e5e3a1
0eccd96
1a71d04
77f84f6
6405fb3
3beda66
4b436bb
03efd9d
57046cd
1a3cdcc
2de8536
3ed2907
7c80250
342a708
1c3a145
5b8ffc2
0218ba7
4785150
4cf2c2a
4b26811
7e6abc2
7a60f75
7a56a95
15d96c8
71da0e6
77fc4f5
27b1e87
584e3a2
6b8e9ed
16ad730
4a2481b
0f6102c
4d904fb
3a2318a
5fd426e
2c86c8e
40d808a
0103799
0603d0f
010e0ee
72eacfb
4fdcbdc
04bade9
0f3a4c5
32d9af1
56c3f28
0d5ea87
578e378
3454b45
5745f77
528afca
5dd7568
0daa83b
7ea5c4a
79f393a
787454d
7f6cfa4
0192017
385430d
4cbb9b8
753aa83
1936faf
6e2a2fe
5d5abdb
3c877db
22cfd7c
1a6cc87
2a23050
1f30238
003f4a1
620848f
6c75ac9
2ae38c4
7d3aa9e
315a0ca
4e06ce6
04dc3a5
6b479b1
5e08e68
662aef1
2fa1811
6d077e5
12df117
159ae9a
2f49f4e
245a20c
389cdf1
32c2bb9
5c9dc92
03941f1
6e5a169
3d699c7
7385330
3218fd2
7f5d5e6
1007c70
5a0fbfa
6000f1b
61b8ff4
57d33c1
6b162f2
462bfc4
796b32e
45a55c9
5c808ae
5954d3e
2a87348
4e2279b
7cc67be
66db63d
4499770
69ea1e6
305f8be
0c6bb41
6a17f26
2f94369
4a2a054
7e18075
7c1820a
2f80c69
5ec068f
61bdb70
71e1471
19ab904
1ce17b1
421a3ac
7d91f25
44d0524
592ab89
6daa550
3d5e5af
721b96d
68d04a1
7b3f736
1deefb9
144e282
09fc5f8
19cddf6
4711713
3a89abd
22e4e60
3b95cf2
2d61c12
7dd0823
2c82502
7d6967a
05d3034
3c83de5
667f5d8
42e05fb
7efe608
2914ccc
55f0570
562a4cc
4068746
13aaa33
63d4e05
52d312c
498eb28
7c538bf
0d61877
2b2e1e0
01869f4
3ad7cc3
7a1b322
58d0eb7
7f25a6f
386e564
12cc8a8
704de9b
466fb73
7f05979
30f087f
5e7e679
5e1ecc8
291b870
62708a4
1bd900c
3df0c18
4996f4c
61dabed
6e36ff3
566453f
52ef2fd
25f73be
7ba2bca
76b755d
10b95cb
4a0f131
7edf119
127cf84
78ea17b
73f422f
747aaa1
79e6dbc
760071e
5f1a5f6
3720782
40bbca7
126f5ee
2458d97
0a77b01
6d9f7c5
346eb28
2803781
614f06e
0934835
5339ebf
38af027
01dfde6
1bb1102
0e71d6d
1a5effb
3eac9d9
4875504
2ee86cb
2b86d77
40fe1e2
2e04d00
1a22c72
0ea14ba
54d2029
04c429f
3c27bf3
6682297
6f2fa05
3f5e0b6
77f5dfa
5fe6b9e
49a2c94
7228524
6a1f3b9
3aa6d78
729702b
56fbd73
45bbe33
640f19a
03769b4
7b7d924
1d25b84
478bd1d
6459082
0f6f090
7fbac7b
3737820
1ecca87
0db80fe
32af519
0ad3b04
4a181c0
5919257
1c8c7f3
51f59e5
3862906
0e1c6b7
541a90d
7a85894
1f3c496
14277c6
45eda33
0d13ff7
67263ee
629de95
0ff2941
1d67950
5b8fe7e
6fb4941
74b5eec
6132fee
2074ca6
432d413
4ab497d
74f31ce
1751c00
076419c
3a65ab7
47469f0
0130919
7afde14
2663f44
5b71ea8
4b5554b
41be2f4
3ec4038
7a6dd6b
5ad6136
744779e
4b8984d
043ca67
310ff3d
50d5f9e
4bc09d5
0f412ae
6dfc618
3476aa1
690dbc2
2eca293
4374b3d
5554791
5d68c78
3055e1f
744b0c0
2d5dbbc
7028203
13f0f99
2875fec
5fabc40
0757701
0e2ee01
20b7332
1390d00
548a949
1315b67
31a2656
75c58de
46fa90f
1600d81
083197c
6181232
6edc522
7d5553d
1a5963a
2774a0f
444a16e
6be8c90
4260086
7401f4a
40ccf40
1017b53
38db605
738fd1c
638c829
41f59f5
646aa9b
7771386
27fe8ab
0cc2de2
7a4a3c1
66bfccb
577f304
5b83d0b
0a0710e
0021cae
3e54330
4f19ecc
3c643bf
6184f7c
6fd4634
052df5d
1943f05
77927cb
30755b6
04eeaf1
13f6b3a
565f842
6585dfa
7f825c6
02d7ed3
5b5da56
2761483
57d2da8
463adee
639bd8b
44ddbf9
2067302
1b7d25a
59803c9
511f528
5eacac8
3ee6dba
5aa95b0
38387ac
1a53e82
16b9534
31ed3d9
0ed71fe
495f05d
15da923
0b1f094
3481deb
4cb73ba
2d638bd
4aabf67
236d682
44cb093
5226bcb
2551057
56e4439
5225b36
33297ac
71dcc76
2f5d2d6
4965e59
16cd14e
07e4398
2d38fa1
4b57b4a
104656d
1c02225
18240b5
13addfa
0a435b6
79277d8
2efd45c
1316f35
568302b
593793c
45a925c
1ce62fa
6763cbd
5129e83
3e9efeb
0047f86
690cd69
27aa431
42063d5
11f9a9e
7aa2307
477566a
6f7e43c
7d1ee4d
6dad6b1
2f6e060
2940aab
56a71db
426b2ea
1b04dca
517ab92
652e7aa
7828066
144af73
4bcdd8c
11c4c41
2d9fe72
1f24f1e
77453ee
2922fa0
31ade93
2887d08
0140a40
2a88e21
765e487
7f255f0
1ae5b96
17b8a7c
49ec454
6692cda
7cb6df3
24edca8
63420ea
078bbfc
62c5cc1
70b2975
3fd5a69
08f1fa1
1dc1eee
4cb3640
1278466
0397108
32e95b1
2c9332e
72f8001
7ca715d
3a76ec3
0bde7a7
4d8c8db
10a3c11
03a8323
73e6a42
034631e
4700479
331e90d
24e18fd
423eccf
36efbe3
51199fd
63791a3
7ede3e4
0bb49f2
1bbcdef
78d69ff
22d1da0
3e2c7da
46d9566
57f150a
55200f2
6313736
423ec24
2efb2a5
2fab625
54e3f64
4ef3d76
2b9c625
31b2226
0f68b3b
0546d06
2e3f6a6
6ec37bb
04547ab
0176d2a
5c44b83
17777a2
7a28ff6
08435b4
387f9c2
5a105e4
2e3dea3
5d250b7
3cba85e
5f6510f
4fd8386
7465d64
149b8b6
2807589
00f11f2
2af03aa
7974481
40473ad
0b71a2f
2d29fb3
6d53cee
6b5cfc4
5569bd9
27c822e
00efa16
04d5fa4
77d6907
7405de0
4691f9d
375a042
105be27
19c26c4
4f9a244
15d8834
25a0468
4c4b7ab
7eee221
13f5bb9
465a60a
79c857b
55c856c
4a42fec
6aac497
0401ab3
3229cf1
17797cd
1bd8619
4ec51ac
37a8a96
16d91fc
01170db
190e252
028dab7
439d901
646d6a2
6233274
552dfa2
0be01a1
290640e
1eabb43
648d66a
6752642
0029feb
3d13266
47d932e
2cd0e38
4388807
6cf52f0
5f50194
572703c
2cfc550
3c68c33
716217f
5939c03
44c9ecb
69fc8b9
4d4ec1b
096f60a
58666c5
5c0be2a
195eddc
0b91c78
540d22b
1e5cb8d
3ae30fa
60ca9c0
0844c43
3468f02
34af767
0c235a8
6987f14
0d8028d
2bf844c
09016a2
29dde57
2fe2d22
152d93b
5738355
24d82ce
77ec88e
5aaa802
19b6c88
06139e0
39ffcb3
3999f51
717dd22
1c33948
464e90f
17b50bf
7f673d3
6b46030
5c5d30a
6b42566
68d8ebb
1afa30c
6a2c3a8
348a315
4203d0d
6b31756
4237d97
378428f
2d62802
3bc58e0
16c3df9
2610fa2
5155f2f
110448c
052b2f1
47eea4d
22a8734
7a3578f
2b74ddc
032ec2f
7e3f3e9
604d0fc
452484c
1d6a070
14e54ce
33ef208
0c05f69
4f7afd7
31cd86d
0fe7cbc
618bd02
7c66cd2
4252309
31e6249
1f0dfdc
502d79b
7caedaa
69beac0
2c9931b
1fc0960
22f42f4
165300f
215549d
5066a3f
123f26b
05a6562
28f71e8
4612d9b
60a8862
6ab9aa5
13cbf1a
2abb787
263b68f
77e466f
0cfcfec
71242aa
6dce2e2
1f490da
461d539
0eb5115
7e73579
4f5433a
192c599
1652466
487a524
7d94723
25430ce
1725f4b
46696ed
1f462e8
797f37c
616200f
6a3160d
000f964
62d2143
6f13884
6d2476c
1d5fcea
252c3f7
5dc8a43
5697cca
152f90c
7b23516
2a25247
31456ae
42ced25
2b81852
16cb912
6b8ac9e
390f129
3a1ffd1
6899455
41093f6
0065266
72cc227
79d4b0b
14810b9
4b78de9
60e1def
5ae643b
3c253eb
7269b7c
314eda4
60e6595
6d8a8cc
7e69a65
72fe409
57f4db2
282d3d6
69798f9
37bae26
2ddce10
746624e
358e59f
388b037
6fbab2c
00966a4
51764c1
468b0df
6531c82
3a541c3
5bab004
4b3fdb6
6aedfa8
05bbfa1
4d81561
0b5c7f7
5738773
0b3fe20
0b44a07
25c4889
15320ca
7cf0b2a
4ffd889
457ece6
023a3fa
5d44bd0
29aba05
0db31dc
0649694
1e18e0d
6d9f714
6679f9f
3f7ee46
123ffc9
2f5d67e
1febce3
487e24a
0ae19db
7fa6d46
201b46f
7fe8e87
0783257
4d2ef8b
591724e
5119d4f
041e035
7f91796
224f519
04b1e33
10196c6
5294820
0044f1a
2dc2c13
57492a8
4271988
0544e6d
6fc00c3
2e605c4
082aa7b
3f38f2b
25e473f
26fa681
22c4326
1c243ed
08c9096
5986b4d
21eaa5e
3bbb7ee
6ae9ac4
0645d6c
2042340
0500f6a
6ae6b82
1aee099
1993b4e
1968d89
53f2759
3dd8151
416d167
62791db
02f1a41
5e635ee
190e8e5
4325fe1
1ed7bbf
29bde97
6e03548
1d823ab
0b2171e
71371c9
117b75a
5eaa6f6
7cfe953
2990279
3114b1c
68ac64d
3e627d0
2193c64
7bc4ce1
786e044
7b000f1
7453ef5
143b43d
06d706a
154c547
1aec65b
657c131
4c5bd24
00918d5
097a92b
10d9c36
7ef90d3
0eb1cc5
5e9657c
58928e8
6dc0550
11a3dee
1f3bd47
3b789e0
585e066
7c09548
529833f
30a429c
55d6640
7395f65
1bb1a4d
152d324
6247f03
6ae6018
21a72b8
7b9d88a
3d01026
58636ef
3233572
1be4405
2f505d2
4d1b270
7474408
7828689
20f688e
485743c
2dedfe6
12b6158
4e3602c
07a1503
09e0d09
351c0f9
35e026a
06f96ef
6a8a4fd
393410d
0f2e2ff
1e8f491
125ac61
0c1e43e
6e8c653
116c44f
7291b57
28912a8
5990df0
3cc84e9
121a9f3
0a21595
1030891
2eac552
4b4a654
0460edb
26a4282
43e8f02
01de531
55502e1
3bd6806
07307a7
57595fa
36fb2d5
27fc84f
5719592
6625b69
30eff10
58a7636
411817b
2128aa8
3d85c8c
1f68062
1bf4c75
01712f7
12c7d6a
7476a69
4376794
726d04a
0988eda
578b726
3fb41f8
4e00e1f
763fa88
3808c40
2e698b1
6d1240e
67dbc6a
247b211
3821ec3
5661033
5f16e21
50c1fe1
67827c8
5829632
68c5194
4c94c50
32efc28
4462f98
3690432
0d21144
37b5afd
11183c4
09e90c1
2adae9e
006c834
71d8a28
57454b0
3c49203
3e9f7a0
139449b
4e51dcd
7d717c7
1ed0dc3
04bc903
317a55c
48eb904
34e0476
6173cec
4c5cf77
58f88c1
4c00513
078b7f7
5e83125
386d596
3c29b07
5b6b026
1318173
0f44985
45abb32
5bf9526
1e8abcd
28abdbc
7160527
1d63b22
7cd3721
7479562
790c544
0c3f805
11b4e4e
659795c
6590d00
1d98851
3e46da5
4030d58
6d96e2f
6f0d98a
30e1583
7262f49
05ab7a5
6d263b5
00dffa3
1e132db
49a918d
45728ba
025f319
45a18fe
4070428
2d1ef66
4645b5c
3ab54d4
41f0695
08b4ec5
5fca284
7a805be
415a0f0
0ea0dc5
4bc7a68
0840108
59df216
4c92c55
2ac5894
657a0e0
2876bdd
2d05a8e
39ea481
71a3851
4cb1d51
72b4336
74d1072
5c74cb3
20b15e3
54f5540
06f4051
0bf5333
362a9f2
16ca239
42470dd
3b41a9e
60423b5
658b869
6323153
7a19b82
7759003
343261e
6e0cf4f
0e78cbe
65f2510
3d893d4
3e2bf5d
30bbccc
157298b
51616a2
5688760
1244b9e
16f14e0
17cf8f2
3968920
3acec1e
4809175
7f5528b
2146324
4e16391
05f930d
792ab70
0c87dbc
26e2499
6c2b11e
41634b0
0fe9416
51e471f
2c34662
0e13664
233f3c0
05cc58b
7205665
3be4106
3fedf35
762ef6b
324b260
176b218
0be15f6
64dac2a
75af414
01cf263
17df5d1
2038e65
5f570b2
16e26f4
2134c36
5cc728a
6b5278c
6729164
1ec0c7d
2981ae5
57ac337
4618fb6
2a376c7
7d7a935
4fb0b28
535f079
06b0f29
38560e1
1300fa3
3440f98
13cfa5d
4369b5f
28adc3a
5026d20
4fe6f42
50b9621
056ea98
0c56949
34775b9
5951d86
13b3b56
169f1dd
6bf376c
1aed047
2fcc00b
6ca9c2d
17e9701
43434ed
0e4f93e
5e7fb2e
7a41f20
0c9dd6e
49a8e90
04da2bc
4780260
6e66e54
1168885
4d66c7c
6919a3c
3b01bee
6fc6b40
31bb9af
3e81a8d
1fd60bd
6312694
1539955
318c01c
450770b
31c5fb9
6069456
6996953
5f8ce9e
237c798
4a0e8ce
0e2cebd
30ad12a
55d24f1
487df38
282f858
5f0009e
00f8856
29eb013
375072f
15037f6
4909ff7
751df42
12d723a
5db74fd
71d68af
27aaace
2f9f8a6
74032b9
1939c01
5871a46
4aa5b99
3f7045f
05c3534
1c1fc71
6f74992
01dac09
6368dff
5ba2d06
79ef310
63cb2b8
7f70196
76cd963
07a1b73
521e0a1
23a4729
4cfe2e5
5c5f088
4fecdc1
0596e19
20d2011
0ffcc5f
771dfb3
7a192f7
1d0f034
1200b11
0bff2b8
02ed0ec
3efbfe8
3531763
57d8d49
62520cf
3bc9b4c
78fc994
0c8101d
227a68e
68a2f90
7c63be1
417b1dc
29495dc
45d6511
52c4b7d
6f69c4b
7710731
46aa4ed
7688aaf
4819917
56bf738
4e68e2a
0df2750
3123c07
055b050
42038a9
2691af1
79819b7
4110e1a
589bd5a
44b4f3b
460e6b1
10f5f0e
7b24c5c
07e8ce8
190eeb7
5646cb5
7657931
4820bc6
347430f
1d05362
577e1f6
22dfd94
56a59fc
1305395
365fa17
6476a26
79c6489
4b082e0
4d3fd6f
35cf0bc
307d749
2e176c8
65694ed
0d11d3c
1b52634
7ba9bd8
3b27d79
2fb06a9
1b187e5
22015b6
2e2cb64
3be776b
426a3c9
356ff94
6f212b1
6e4af3d
781ce1e
62ba294
713c0bd
6162344
3508b00
59ad346
420fca4
47c250d
286b12e
016a303
1507494
250ac3f
090c228
35d1a32
6397441
3f26dd7
2694478
647e36a
0782e6c
13b4b5b
6d9f195
5fbd81a
7f2c37e
2c9465e
7ddb58f
0a64af3
3a0a9fa
2124970
4fc87ea
0df9095
23dbe2a
378e450
109451a
365983d
1448b42
00e10f7
204421b
7e3849d
008d7c0
0fdbcc9
1536ce6
3e73812
2702f47
34fe386
17cbd41
535e662
792c767
25526fc
2e676ac
3c2f81d
3d3e770
2ca0b20
6874b78
79eae8a
2c0a6a8
0ba22ba
0c93dd8
0490cd9
12167c4
1c7bcbe
18bf6ce
19138d8
000e0eb
7feeb5e
001df17
7fe54a5
7f87e48
0043913
7fd8283
0080c31
7fbd0b2
005f917
7fc7253
7f627f0
005eb5f
7f89d09
7fcb0f8
7fbedf3
0082f17
00083d3
7f8bc92
7fe3dc6
7fd8d12
0039b5e
0021131
006a027
0027dad
001cae6
7fe7a31
7f5b756
0049f3f
009029f
7fadcbd
0068908
0021fa6
7fbab10
0045593
003f451
0098ad8
7fdd729
0013f05
0058e0a
0025bf9
00176d5
0054834
010da90
0024a96
003fb80
0094c57
7f9c581
7fa585f
0040df8
7f5a6b9
7f90919
004a4c4
7ff8706
7fde964
7fed36f
00011e7
7f87daf
7fb9c5f
003eb20
7fbf7f4
001f434
7fe0db0
007ecae
7fd88bf
7f66015
0050c10
7fa614f
7fe3662
002a6e2
7fff90d
001fe20
0022ea0
007ff73
0006c61
7fcbb2b
7fc3224
003dfbd
000c04f
7fc81b4
0010393
7f99c1b
001eaf1
7f8e73f
7fe9171
000dd53
0076185
7fec6b1
005f143
7fcd10b
7ff9ef0
0025f64
7ff9dbf
7fc0aad
0021a12
001856d
7f7e31f
00201c9
7fd1733
0005be4
002149f
7f4ec56
00d0c0c
7fb78f0
7ffa0fe
0031556
7f133c5
7fb8943
006fdce
001e795
0063435
003fc00
0025cb2
0031eac
0030e29
7ffb61e
006cfeb
001ab28
0008523
7fe5eec
00446a5
0000ba3
00283e2
7fd4260
7fec402
004836c
001534f
0022494
7fc64b9
0027721
7fc71de
7f986a7
002131e
7fc10db
7f8f22b
7fef2ea
001fb53
002214e
003668f
7ff1363
7fef997
7f707aa
0058a96
7fcbc7f
7ff1110
0048072
000957e
000952d
7fc2e8c
00670fc
003b822
0005128
0080a4c
7fe3f05
000b662
7fcef8c
7fd11d5
7fd3ec1
001a9ed
00182ae
7fe678a
7f9d612
002658d
7fc9f41
00860a0
009683e
00290e0
7fb1683
7fca789
7fc1e4a
7fbdd76
7fb79e0
7fcb119
002b597
002a1c1
7ffc90d
005d27d
0049487
7fda4ec
7ff5d3c
7faf715
7ff2f3d
7f4d7d0
7fd2617
7fb2b7c
7fe6ac4
7fbcd53
001ba04
7fa1f10
0026182
7ffdabe
7ff3a57
0066fd5
00040d3
7f96bd3
7ff8861
0041c5f
7fb9120
7fab44b
7ffcdf8
001ff4a
0021c6b
00b5c8f
7f7e6f6
008dc05
001be1e
0009600
7fec529
7f77f40
004c4fe
003a698
0017306
7fc87ce
003f040
7f5e84e
7fc7320
006ab03
003e31c
7fa9bbb
0028067
007dc33
7ff097c
7fa013d
7fd023a
7ff5d6d
00548bf
7fe1b79
0035ced
7f80aaf
0013989
0089e8b
00420af
7fdce09
7fa24a7
00421c8
0014ffe
7fcfa03
003fb3d
7f9fbf1
009a692
0053aab
7f93cf2
7f6be8e
7fcc9cd
7fd0f0c
002e4de
0054a88
7f858f9
0051c24
7fe9fb3
7f918a8
7fbaa9c
7fe938b
7fc0c17
7ff90e1
7f8750f
7fc9ccb
001b6f3
0059181
7fdbedf
006dfcc
7fd2100
7ff16bf
004a5b2
000d868
0016b2a
0012bfd
002fc2f
7fe81ec
7fdde46
002c577
7ff37db
00661f6
003cf4c
0065954
7fe5f96
7fcb205
7fecee0
7ff18f9
7fdfd94
7f3cf49
7fca042
7fc4b62
7fddb3f
0016927
0030947
7fcbecd
009c446
006604e
7fc862a
00202f3
0041a84
0023e35
00b2394
008c13c
0056a07
7f68d10
000b5d9
7fe01f6
7fe7c21
0069e9c
7fb59f4
0067f42
003dae8
00ad601
0006c7e
00173bc
0059b62
008e710
7fd8c07
7fb6b89
7fb61ce
7fc7d6b
00095ad
7fe41dc
7ff5c63
7edba6d
009ae25
007c3a6
7f6587b
7ff0f18
7f581c1
0013379
005402f
7ff950c
002fbd8
0026587
7fead01
7f778d4
7fed1d4
00a2509
7fb1b0f
7fffa1b
7fec8fa
7fcca7a
006156b
7fe0e2e
0042d53
001a5ff
7f7cdc5
7fc54ab
7f85528
7f913fb
0009fc5
002ff85
7ffec69
008f984
006238a
7fcbd0c
0013e0e
7fc2121
005e268
7f844a5
001cf7a
0043730
00535c7
001365d
7fef595
0080255
000fc0d
7f7d7af
7fc894b
7f9b37f
001043b
00243f9
7ff27f4
7fcf7ee
0031246
00b1281
7fedc0b
7ffcf26
7fcc763
7f828e4
7fd994a
00a73db
002359b
7ffce2f
7fd99ab
7fc267d
0090f15
7fae7ea
003a03e
0045412
00212f0
00030ff
7fa94a0
001163a
00309a9
00f2dfb
7fe7798
7ff2000
002d448
0076753
000f124
7fbd0c2
7fd2286
0074756
007d5ed
7fbd253
7fa8d5c
000d4e5
0054fef
7ff4888
0033e4d
004df42
0081cdd
0027ec8
004a38a
7fd6bb0
004c881
7f80275
0058ecb
7fc2631
0010467
001d5a5
00eca83
7fec9c3
004c30c
005ed5e
7fb122d
002f2c7
7f63d07
7fd7611
7f6fdf7
008f5c9
7fa90b4
0075a08
00007d7
7fa440e
7f5c7ac
7ffe1a1
7fe254a
0007dbe
001feea
7fa4ac5
0044798
0046c39
00659b0
7f9a421
00055d7
7fe8296
001306d
7f95f2f
0039889
00281e1
001bc83
007aa19
7fd75b8
7f49984
0024f42
7fb7bef
7fc4b3f
7f88844
003d4a3
0075487
7fd66e4
7fb1668
7fe714c
002fecd
7f6e0c0
0046ba0
003ad9f
7fad856
0002d7b
7f37072
7fa6396
0068afe
7feb066
7fd5c68
0091049
7fb51dd
007f7d3
009116c
000540e
7ff5fc8
0005e68
001387d
0020dfd
7fecbe8
002bd9d
0015b07
00232b8
00b52d3
7fe5639
0045632
002b88f
7f5473d
7f950b4
7fe1beb
0042190
0061e00
7fefb5d
00752ce
7ff6bb8
0009eba
7fabccc
006d8ce
7f835b1
7fe49cd
7fcea4e
001ddbc
7fb9a04
0084836
003e43b
7fe02ac
005f4b7
7ff1aef
7ff2cb9
7f6c1ca
0008405
7ffbe61
002c348
0064d0d
7fefab1
00833dd
000f2fa
00088d9
006f7ae
7fe7a75
7f9d7a8
0056adf
00551f5
008916a
0076cf4
7fc94fd
0015804
005298e
007ef6b
7fb3f00
7ff390f
7f8e5ed
7ff0867
0028b34
7fd81d7
7f96248
7f9c501
7fbf3da
004d9b1
7f8e276
7fe3551
0015fda
7fb3c7c
0034ce9
7f658be
003aadc
0026fbe
7f7750a
007a029
7fcb8c9
0027ff5
0079d43
004dad9
7fb4e3f
0058ac7
7f74219
0086edb
0034b17
7fa1510
0017fc3
7feba66
004a91b
000daf7
002c29f
005ba10
7fe4136
0008c69
7fb4dd9
006ee49
0020a1e
7fe407b
005b9ed
7fe8b1d
7ff4618
0058173
0035534
7fb420c
004138d
7fd2ad1
7fdd9c6
7f89a6a
0048ef6
00acc30
0027e7a
003f33e
7fc1662
00228cc
7f9686d
7fc69eb
0075229
7faf927
7ff9000
0028cd8
7fdce39
000d721
7fdda2c
0015b49
7f51f2a
7fb7f0f
001a4d0
002ae83
005a64d
7fab2ea
0083688
7f5c723
7fd8f7e
7fc1ff9
003cb5d
7f8359e
7fdf27d
7ff365a
0073158
7fae150
7ff9842
000c7ee
001e783
007c9f3
0020a5d
7fb5100
0079615
00235ed
0090ba3
00367c5
7f37342
7fbcbc8
00203c7
7ff0803
0000e9a
0020fc8
0002058
7fa57d9
7fb46be
7fc2b1d
7fa6517
7fb8f96
7f5fa58
7f80ee1
006e082
0078c3f
0035f5c
7fdca64
0056ebb
7fb8813
0017bc6
0042555
7fd34bf
0023e78
00199b9
001b26e
008be17
7fd4f09
005f038
00448b4
7fd15fb
0040c14
000e81b
0037743
0014f96
7f7c2ac
7fafd17
7ffc1b6
004ee09
7f8b12d
7fd4ed7
7fcf306
00750a8
7fd9298
7f71863
7fc082c
0067bd9
7f943c5
00027bc
0057c98
0046abc
7fea265
7f9c8ea
0022890
7fedbbc
002f8be
7f78794
0012723
7f6c816
0088284
7fcd00a
00750de
7f8b5b2
7f7c36b
7fb5758
001ef31
00125e1
0082ebd
004f245
003d481
7f6c521
7fa939d
006e9aa
0058d66
0091bfd
7ff5094
7fdbf02
002d124
7fbdcb6
004b0d8
7f8925c
7fd47bd
0066166
0023618
7fe5d93
7f9539d
0012f3d
7fe5475
002ff74
008b567
00264b8
0006037
0028982
001d309
7fdc172
7fd64dd
7f5d464
001fb17
7f774fc
7f73bb0
008dc1d
7feb1a2
007dee9
0042a18
002f1fd
7fe96e7
00f4f34
002da71
002ecd1
0010c02
00406b0
7fa5365
7fce517
0095394
7f8d58f
00d2861
0002c2a
7fb6fa6
008cb4e
7fa61e6
7ffbb2b
0045760
0037c16
7fd651a
0017c9d
000965f
7f69234
7fd11d9
004333b
0049c10
7fbe4a7
00b1a5c
00801d4
003c29c
0026cb0
0044924
7f751a0
7fad3af
7f8f2b0
7f81e3a
001bc64
0026c53
7f6d4cb
002d04c
0051fdb
00003b5
002d61c
7fbdc8e
001b138
0006202
7fa9965
7fdd524
0002eea
7fc9c57
0045992
0068ef9
7fa945f
0016235
7fbafa9
7fc674c
7fb0aa7
7f9e544
00527a3
0024e74
000c7a6
006c4be
7fd8ee2
008ec6a
002bcd1
7ffb479
009312e
0077aa7
7f9ff22
003bfca
7fff777
7ff9744
7fa1f8b
7f4d8f8
7fc9a64
002e357
7fddebf
7f93f9d
00085c3
7f4e215
7fdb9ef
003315e
00401bf
003606f
7fc938a
001dff6
7fcd8fa
0063dbd
007dcec
7fd4057
7fc203c
007f139
0019079
7fdb46b
002a981
0034a70
000ec6d
00c90b5
7fb33a2
7fa2ed8
7fe104d
7fdc18f
002f601
7fc3bb6
7f1fb94
004730d
009a236
7fb49d5
00042ab
0015581
0053e67
0024b46
7fc57f8
00401c7
7fe17c7
0000056
002590a
7f6313f
7fe6747
006d4cb
7fa7705
001340c
7f55743
003741f
7fd0efb
001ae1e
0088bab
001ae87
7fa6d11
7fbd1de
7fb7c35
7f78a93
7fccc21
7fb426f
7f971cb
7fcc6c6
0005ded
7f99ebb
7fc7bfc
7f763ea
7fdeecc
000331e
008eb13
7fce401
0039a16
005f8fb
00277d7
7ff0c43
0079dca
7ffe1d7
00322f7
7fc20a1
7fd5824
000d0a2
0008e3f
7fb48af
7fccc8b
7ff6ee0
0087e62
0052fbf
7f5b0be
0019918
004379f
7f9dd91
7fe4651
0006aa4
7f74269
00c8d67
7fb7dd3
0014335
7ff4361
000b3eb
00899d2
00189a4
7fe9d6e
7f895cb
0071b0d
7f7fa91
7fbe35d
7ffcbbb
7feaa0c
004bad4
7f9300a
7f9d488
00439f8
7fe38b0
0038549
004890b
7fdaae8
7fcbaf9
7f78081
000dcf7
7f89654
005cfe0
003bbc9
0074e7e
0029d0b
7fe525d
7f7a601
7f787e1
00318db
003878d
7ffd56e
00732ee
7f61042
0092cd2
7fdaa18
7ff821c
0085253
7fdfd35
7ff6f75
7fc8a00
7ffa876
0008346
7fb7014
7f844d4
0028f3f
7ffd698
00d1654
0013a1e
0041d17
7ff757a
002713a
0023758
00420bb
006e4e5
0015393
7fd212a
7fa177e
000d146
7fdc355
004852e
7fffabf
00186a3
7fd5790
003bd3d
7fa3ebe
001dbaf
7fa15db
7fde550
7f63cb6
0077762
0022307
004fbb8
0006155
7ff9bb1
7fb21c7
0032914
006722a
0008f02
7fb13ea
0034b9e
7faf6bb
7ffc4b1
003aa01
7fce08e
7f8b75d
0005fe7
7fb6102
7f85977
7fc2c59
003b950
7f84136
7fb34ce
7f51ced
7fb3168
0007616
0053b75
7fea6b6
7ff540d
009c7c7
001dcdc
7fe69ee
001ea4a
002a040
7fa60eb
7fe3887
002142d
7ffd6a9
7fbb434
0000bc0
006a296
7f7b9f9
00bd205
7f83a5b
00446d9
7ffc675
0052a9e
00989d5
7fc0201
0036d22
0052234
7fe2a89
7f8a230
7fbe2c4
001dc07
7fadd1d
7ff5b77
0055f30
006e022
0012a61
7fd644f
7f9dd4a
006d83b
7f91e0a
0025a00
0020c35
7f3fe21
00452b2
005a479
0016364
7faa552
007a2e3
00298dd
7ff5e6d
7fdf1e1
0066e9e
0028dc4
7f98264
00068e5
0057f9c
7fda613
7ff36ae
7fd5b65
0017d98
7fa7c5e
00b2a79
7ff9182
7fdba61
00172b1
002249a
7f8e698
7f8e322
007ccaf
002c01f
7fc1d68
7ff3c1c
7fff22a
00a9efc
7fc538f
00851b5
008d073
7fe7a01
7fc6e2f
7f9fdaa
003a5da
7f27667
004c2ba
7fd4899
005d922
7fb2dd6
004ea6a
0035e92
7fad52a
000f776
002a18e
7f86d79
7fa6b74
7ffa31e
000106f
7ff48ad
008b87c
00341fc
7fef0c8
00bbc77
0007058
0032605
0031aac
01032c9
7fac6d7
000c9d7
0085c69
003eb4c
00941c1
7fe3dd2
00330a7
7f94052
7fd13f8
7fa6275
7f9496b
00cb79c
7fd2111
7ff7846
7fd1faa
7fef8cf
009e082
003eef2
0022039
7ff67d0
7fe2ed8
001f66d
0047656
0073c9d
005148b
000aecf
0036509
0020be8
0006b3b
0018fca
7fa8aa3
0022bb1
7ffea85
001c859
0024f21
7fd055d
7fbed93
7ff51c8
7f308ef
005162b
00bd6c1
7fa1962
0023db0
003d5f4
002bb54
002c877
0038b5b
0051936
7ff295c
001f4f7
7f77627
7f6c25b
7fc2035
003ef7f
0038536
005c1f0
7fadb05
0054842
000bc47
0039375
7f84e51
7fa744e
0014f41
0043ab6
000680b
007dfb9
7f9d594
7fdae57
002bfda
7fd8463
00bbbca
7f81d45
00008fd
7febb7a
006f197
0046fe0
7fe4b37
7fe155a
0066f15
00aa610
003cb27
7fe26e9
004f0bc
7f81450
0011b94
7fd712f
003f0d7
7f90324
7f81772
0059c6e
7fbd39c
005ad25
00231b5
0088797
7fea9c9
0010fd5
004ee93
7f680c9
00b2b41
7fed814
7fdd5ee
7fbfb6a
7f96d5c
00a1949
0013908
7ffd1f3
00140b3
7feeecd
00605bc
0077f99
7f8d084
000f128
7fe9192
7f37b34
0018c3c
7ff24ab
7fa4ced
7fcb786
002b39f
7fe93ee
004f2f3
7fff2c1
0039825
7fc9982
0033ed1
7f983a0
7fc9d16
7fd9980
006ab44
7f676f4
7ff929d
004e59d
000205d
0060774
7f92887
0023cda
7fff0ea
002516f
0033605
7f34255
000b1dc
0013052
7fe01bc
7f76b48
7f9cb76
7ffc144
7f919b3
00b2c9b
001862f
7f8a497
7f54bf6
7fda768
7f92c3c
7fdf5e0
0037050
7f0d9ec
006feb3
7f6233f
0007845
7f6f52a
009735e
0058ad7
001ebfc
7ff8d8c
0030f90
7ff515e
7f675fa
7f591f7
7fbfbd4
0064f4a
004651f
004e263
7fc22be
7fce2d6
005aef1
0018304
00b70e3
7ff46f5
00126e8
0035480
7f6f1bb
7f895e2
7ff514c
00ca325
0049787
003c91e
7fce4f5
7f67214
7f7cc49
0045a2f
7fe880e
0010728
0018f4f
7f4f3cf
7f7bd5a
7f4006f
001fa19
001dc47
7fa404f
7f8eea6
7f727c3
7f53941
002cdfb
0040928
004a689
7fc1965
00392c4
7fca3c2
0000d00
7fcdba4
005efc0
0066744
007299b
0020a8c
0015024
0009ccf
009c3df
7fd9f59
00c2d17
7f82aa1
7faa7d7
7ff621e
0001e25
0060233
7fd57ec
7ff069d
7fe097a
007dc3c
7fdb210
7ffe0e8
00102a3
7fcfbbc
7facf5a
7fccdec
7f7cee5
7f89cae
006a703
00aef7a
7fbdfb8
00243da
7f50c5f
7fb744d
7fd678b
0016605
0083daf
00808e2
7f7e5a7
0003083
7fb53ed
001888e
7f89e7b
000475c
7fc2e8d
002bf2d
7fb6058
7fe5a9b
001d852
002b677
0018ccc
7ff2b21
00d0dd3
7fee113
00a13e7
7fc8ee4
0036b15
001d72f
007e7e9
7ffb68e
7fde3bb
7f957c6
7fef062
7ff5c64
7f82b37
7f6b648
00573fe
7fe973c
7f9087d
7f9878e
7fa4ec7
001d9ed
0070934
7fdb5b4
7fdcfab
7fc7520
7fe0280
7f99d8a
007d541
0031899
7f9d5f0
000336e
7fbf70b
7fa7e9f
7fce853
7f81b0c
7fbfb1c
006aa41
7fdb60a
005f2a8
003b8f3
00cd584
002c222
000e094
00118ef
7fea104
00742a6
7fe4e84
0089616
7f9948a
005a508
7fb8e15
0074fcc
7f8d724
0008327
7fa4f55
7f94e97
7fd3b6f
7fbc506
7fd7788
006240d
00588b7
009adaf
0088beb
7ff9260
001e32d
006d02c
002ecc9
007d492
0012161
7ff5ced
7fc598f
7ff35d9
00a507e
001f137
7ff9fe1
0002aab
0081983
0034640
0060043
7ff1109
000f439
0065911
7fab410
7ffe201
001eb5a
006959c
0051f77
0060b18
7f8aba7
7f80b62
002db4c
00578f0
7fde448
7fde9d7
7fbcaac
000f169
7fd1353
00519fa
7f86f15
7f8ac92
7f9ecd5
008f187
7fd3df9
00c29f5
00a0e6d
7fb8546
7f7d93a
7fad1ef
7f8d5fd
000d774
7f931fd
00342eb
7fdfb70
7fde477
0087848
7f7a40a
0040f3c
7f6286a
00d58c4
005f495
7fcb8e3
7f8f4bd
004302c
7fa33b9
7f198f4
7ffacab
001bb56
7f3c3ac
7ffe602
7ff9711
000311b
7fd6577
7f6ed7d
002c21c
0021958
7fce921
7fc8abf
7ff042d
7ffd631
008c165
003c24c
008b1a5
000c2bf
7fefae6
7fa3761
0068f1c
7f3e807
7fa3888
7f76033
0049ed4
7fe3adc
005d4ea
0015348
003a6b6
006bd09
7ffb3e4
001d8e1
7ffede2
0043a00
000b154
0001ecb
7ff1432
7f68112
7f94f3f
0038403
7fc52bd
7fd9d48
7ff10a5
00502a6
7f9af57
0041470
7f98b68
7ff5c1c
7fa689c
7ff5236
7ffe3f0
7f98e9b
00929aa
7f97728
000d52f
7fe5b38
7fe8cc5
7fd79bb
7f42be6
7fe76ff
003acae
00a898c
0023ba2
00524cf
7fbd33e
002e4da
7f8eedf
7fed2a4
0042c98
0055a52
00046a7
009e535
0008fc3
000bc5a
0054020
7fea53c
00291ee
000bebf
006299f
7ff9a37
003e912
7fe2d4b
7fe8f09
00ae647
000dda0
002d4a8
7fa770a
7fd1bc7
7f63be1
7ff1fea
7f10b5c
7fc6ce5
7ffe062
007e00e
7fa4876
7fc8abb
7fbd010
000691e
7fa9c04
003e906
007d49d
00119e3
0053b57
7fd6327
7fef7ad
7f91499
00242f2
7ff83b8
7fafca7
7fb4d99
7ffd93a
0090c08
0050ee8
007f616
004b6eb
7ffd218
001258f
000a44e
0049c0d
7fa5290
00405d2
7fbafbd
000bb6f
7fd5c45
7fd3676
7fd7ab7
7ff1071
7fdc587
7ffe4be
7fe7e82
0018821
7f97979
000469c
005e5d3
000ae2b
0014ea1
006d24d
001835f
00c729e
0057482
7fc83f4
00579c6
7fe7c6f
7fee5bc
004d78a
00011d2
7fc6714
00462b0
7f8f484
7fcd342
7fdd681
00572be
7f8877d
7faeef5
7faf1b1
7fd6739
0012ff5
001cf02
7fce5bd
7fbe19c
0093bcb
7fd875f
7fa040f
7fe74f2
7fe4fbc
7fa236d
7fcab5d
0017882
0074907
7f70489
7fc0d5f
7fffa91
00232f4
005829f
00692cf
7fee19f
7f628ce
7fd03a9
0074477
001528a
7fbfab7
003eb67
7fdb500
00333f9
7fb7557
7f94c07
7fc300e
7fa7f07
7ff0bbf
7fa3a68
7fa1ed2
7fc8dde
7fecbb7
7fc4e32
7ff55bf
0032a1a
000b1db
7fc626c
7f38674
7fb0574
7ffd46e
007fd3b
0023f71
002ceda
00a3726
0096245
7ff8aed
00097e6
7ff8dfb
0034f0c
7ffe1bd
002175b
002dc65
7fec621
7f8cf0e
7f982cb
7fdbb3d
7ff9de8
0052839
7fea429
0041c57
7f52cb3
0005a6c
7fd98c2
00af04e
0017823
7fcce9e
7fc862b
00005e4
002161b
00b3286
003eb4c
7ff0db0
0040e04
0023005
00259a7
7fe42b6
7fc3f02
7f7dc97
7ffd540
005fd94
0016193
0008d90
7fcc020
00827ec
7fe6c08
002e730
00240ba
002021c
7f98c68
003dfea
00b230b
000704d
002055a
7ff83bd
7fc3678
7fd14cc
007613a
005564f
00707e4
0004170
7fe8e2c
005dd26
7fc900d
7fb3959
7f6845b
0045789
0027fa7
0026a1f
00fdf3a
000597f
7fa3b8d
002dfee
7fb7ac5
00bd7a5
00f5e68
7fc0669
001efe0
7fdfad0
7ff3f97
0070ebf
00478cf
7fec233
0055855
7fcf777
0015f76
7fbf9bc
003d015
0030b1b
7fed733
003a1a8
7f90f57
00af8d1
0069e08
0075450
0008d8b
00059a5
7ff6a8d
001f8a4
0033182
001b7fc
7fe7de6
7fa6564
7fc8837
7f8ef35
7ff1259
00cb57c
0024b5c
7f565ea
000c0f0
7ffa580
7f6e63d
002bb71
0032feb
7fbad89
004fe38
00073f3
0039ea8
00175be
7f8fcab
7f4e746
002d948
00857a2
00072e0
001c225
7fb3e87
0020966
7fde1af
7ff6093
0012ea5
7f46c84
0020396
007f89c
0006358
0001c88
006d4b7
001abfb
000647d
00fdca6
7f9ffaa
0010e43
7f95b9f
002410c
7fe7258
009bbae
0023608
00571f7
00f8c9d
7f7bc8d
7ff5a1d
0027ab8
7fef418
7fb436e
7fdfa51
005979f
00704e4
005caea
7f978d2
0086894
0067d7e
005180f
0024df4
003e340
0042984
7f27223
00794e5
7f92c85
7fc73e5
7f935dc
7fdfdf5
7f9402e
0012521
00069a2
7fd7d92
7f7ccea
0017a1e
0016c27
005c4be
0006bc0
004aa9e
7fb9769
000048d
0001750
7f736d2
006eb5c
001df8f
000a99d
7f6c80c
7fee43f
7fbd23d
00178cb
7fb6274
00861dd
7fc6918
7f736b0
0021aa0
7fefa33
7fc16c8
005fe17
008c37d
7ffd0d9
000ec8e
00657af
00039bf
0071c4d
0017826
0067619
00322e3
0069fd6
003af6d
00a238f
0058465
003d8c6
00970b1
7ff77d4
00379f7
7f3506f
7fd5b80
7fb4cbc
002f7fb
7fe91f9
7fd755d
7fc7b62
000303e
7fcc1a8
000bbbd
00584f6
7f5e382
7fef174
000cb56
0079efe
0030172
00e67ea
000f925
0003e5e
00056f5
001ea58
003dc8f
7ff365c
004ba96
7f89358
003c606
7fdb5c0
00d5d9d
0032ee9
00952d1
0014c5d
7fe67e3
7f86f65
7fd518c
7f73d02
7fe183f
7fa816d
7f75798
002445b
00f9e4d
007073f
0017f58
00944fc
7f82c4e
0011c8b
000068d
0011a45
0007474
00704d3
0028934
0008965
7fca183
7fcd4a3
00790f6
7ffefce
0073016
7fe899b
7f43db2
7fdb549
7ff8d24
005b46a
7fa1375
0053bfa
7fa5ff7
7fb1735
7fb5145
0066b6f
7fa6ec9
7f87370
7ffe83c
7fb65d6
7fa4047
7fdcb4e
7fc654b
7f3a887
7f49f49
002022c
7fcfba1
0033460
7fd546e
7ffb0b9
7fdcfb2
00371cd
7fcecb8
003de5c
7fd9fbd
7fe23cc
0027baa
00371fe
7f9fd69
7fb2b9b
7facaf2
004ba4f
0042bb5
7fcf4b3
7f16dcf
7fc3884
7fcd1f7
7fbc7aa
7ffd58c
000411b
7f9e1a2
7f59f3b
000a987
002c248
7f820f1
7fbd9dd
0025ead
002653c
7f4783c
7fd0f1e
0012d4c
7fe47dd
7ffa99e
0017790
00114f0
0055879
001551c
7f70974
00609f9
7f85e3f
7fc4711
004801c
7fb28d3
0044191
00277f8
7ff69c3
7fe2632
002b353
7f912b2
7f79c93
000146f
7fdc596
7f84ec8
003175d
0003f3d
7fd2c17
7faa4b1
7fc110e
0002e57
7fbb876
001e7aa
7ff17ad
00056df
7fa3b22
7fa182b
006a94c
002169b
004d9ba
004d639
0003722
7fe3606
7fe51f8
0038afe
001d006
7fc1f53
00a1854
0014ec1
003a672
7fa83a6
00267f3
004a272
0042c16
00949f3
7f7b913
7f86c7e
7fb1117
004e086
00531f2
7fbef9e
7fecbea
7fded08
00564a5
7ff4994
7f9c017
7fdfb67
7fb862a
7fbef8f
0064812
0049362
0054842
7feeff4
0019303
7fb6c77
7ff56ce
00010c1
7f7596c
0004d66
0026966
006db02
0034b05
0039333
7fc022b
00111e8
7fbb973
0093435
002ad33
7f6e12e
7f46170
7fd14aa
0042abd
7fe4710
7fa3fb2
7fd699a
7fc090d
002376e
00a5758
7fcd5c3
7fc6382
0066997
000c3a8
001d659
00308a1
7f984bb
009a67f
7fd3cdc
00228ce
003a152
7f88a61
00342a4
7fcf57c
7f981f0
7f8f336
002e748
7ff4f79
7fafc40
002af30
7fd7e4c
7fcf1f8
007371f
7f39e48
0025de5
00125c3
000dacb
7fd386f
7f994d5
0026741
7fb71ad
0043be6
7faf4ed
005b4fd
7faf6c0
7fc2163
7fb60a5
7f5da23
7f67081
7ffd3d1
7fe5bcd
004826f
7ffcbaa
002fd1d
7fb9c6e
004ae88
7f67ecf
00e14be
7ffc68f
001279a
7fcb1c1
004a40c
7fad859
7f8fc4f
7f8b24a
7f3b983
002db78
7fa92d9
7f81838
7f4c4d3
001cb31
7f97807
7f74805
7fb4529
7f96745
0015989
000310d
0018837
004cbe3
7f9f897
0053a4f
00628e0
7f93575
7f67cb7
002bd84
00c26df
0026c40
7ff020e
7f931b9
7fa9987
0091c8e
7fd23db
7fc9344
7f4c141
7f97efa
0018c9a
7faddeb
00aec6c
7fdea47
0011560
002d4a5
0007bbc
7fcc37c
001c0a0
7fab194
7ff8291
000100f
7fce5de
7fe2287
7f31c4b
7ff5d7d
000fd16
007b7b1
7fd132b
7fa31cb
7f96ac5
7fec23e
7ff236c
7fe11ac
007eb70
0094180
007fa53
7fd194f
003c5fd
7fc27d1
0051925
003b6db
001000b
7ffac18
7feb643
7fc5855
7ff7704
00102a4
001f669
7fc6755
7fbb46d
002a568
00b25e0
002c2c7
0097865
007a954
7ffd1d6
7fe3859
000617b
007d87d
0028e57
7f8efe3
00044dd
7fc666e
7fde791
7f977ff
00797c1
001fa11
7fa4da7
7fd1e5c
7ffad13
000b0e0
7fcecd2
006def7
7ff6b3d
7fe6a07
001b5ac
7fc3ab3
001e72c
7f89918
0035472
7fd6a0b
0067c08
006446e
7fe4905
7fbf99e
0081df7
007fda1
7ff2c0f
00071e0
7f89cba
7fd6e90
0017d3c
7feac0e
7ffcbd7
007042b
00219cd
004af72
005265b
003327a
003d57e
7f7f7a6
0010bdd
002ef2d
0046a9e
7ffc035
0013e41
0031c83
7ff2ade
0043e72
7f6abeb
7f54174
7f909f7
7f6b080
7f8d007
7ff2220
0047a3a
003652c
001c0dc
004175b
7fdd6c6
00701d3
00183ed
00b6f1b
7ffe220
7fc0702
7fd99bb
7ff1f02
7fe29c2
0048434
00203c3
7f91936
7ff02f3
7fa33f9
00085b0
00466ea
001b302
7f5cb91
7fc0815
0004154
009baee
007cb4b
001f4e4
7fd7b78
7fc5308
000afb1
0035cf5
7fddabf
7f1218f
000a108
007835d
7fe9acf
00ed615
00370aa
008fb93
7faeb41
7fac5cf
0017d06
0058adf
001aadb
7fbac9c
7fd28b8
7ffc4d0
006e4cb
006c34b
7ffe665
003f8e0
003221c
002e070
0000526
0015132
7fed928
005f54a
0009b9d
7fd9ec3
0048c6e
0005881
7f281b6
002cbe2
007d20f
7ffe2b3
007ba9a
00181bf
7f929cb
003324d
7fe2b12
001b8f6
7facf5a
0012270
7f8c4c7
00686ee
002e930
00490d2
7f756cc
006c048
002890a
00ecf29
7fc2a4d
0070ff5
004c7a5
0027e33
0033a77
7f73390
0067265
7fd4af2
0001a5f
7ff812a
7fff9e8
00441a6
0060e79
7fbc8a6
7fa66f3
7f9d101
00615fe
7ff38ba
0020917
00680dd
00012ce
7ffa3b0
7f6b1b4
005adaf
0048131
7fff2ae
7f49e41
7ff9197
7ff1599
002625e
005afb3
0059da7
0095ce9
7fdb0b6
7ff18b8
000c0d9
004d08a
7fb6c80
7f7d025
000ecc6
7fc4b01
001c5af
0023384
0038da4
7f916b7
000864e
0047a63
7fadfa1
0003e9b
7ff5ff4
0078687
7fee7b9
0073497
7f5e1dd
00021e7
00053c9
00152d0
004b94d
002a83c
001704b
0013859
000efc3
002a043
7fc591f
7f764cf
007f8fc
7ff01f4
0050e1b
7fd4a90
7efad54
0033a73
002556e
7fca151
7fc0ccd
0000d61
7f8bf72
7fbcacb
00b1a46
004bd74
002e2e2
0007ac0
7f58de4
7fbfadd
7ffbe2a
0056e3b
00ae36b
001d8ed
7ff6d74
005b71b
7ffd2ce
7f90b6b
0032931
7fcee3c
7fcda0f
007e9d8
7fd53bc
0044491
7ff4976
7fd4137
00010c0
7fe42cd
0010149
7fb3c6d
7fdc755
000dfc6
0042431
7fcfa6d
7f893c3
007e30e
7fc8eb4
0062442
7ffc711
00155bf
7ff81dd
7fcb7b1
00262a7
0015eb9
7f6f7f8
00329ad
7f338f6
7fd3a07
7fe5066
7f37077
7fa349b
7fe9b97
7ef0bc3
7fbe066
00256ba
7fe241b
7f9a04b
7f8e6e9
005624b
007a1e5
003ff60
7fdbd51
7fd5555
002a6b4
003a542
00477f4
003a384
00123ea
7fa7b27
0073f34
7ff6fd2
7f64ea2
0055d4b
7feb280
003e52b
7fb6662
009ce88
0003b64
7fe404a
001dbe0
7fe3bd0
00006d4
7f4e437
7f49c8d
00075ec
7fcff91
7f73d82
7fbebf5
7f8424a
00969ba
7ffa8ed
0000b49
7feb15b
7ff4eba
7ff4874
007f539
7fea6a4
7f8b99e
006ba4a
7fce98b
000bd89
7fadd8a
7f77ac2
00556e2
009463a
7f83a60
7ff1b2d
003f233
00368db
7fb7f74
0024d94
7fbc23f
7f752de
7feec50
7ffd31f
7fd277d
0020bfe
7f7784d
7fd3da6
7fbc0bf
7f91e53
00072ff
0012055
0024b4e
00912df
0029999
00802ca
7fc4a52
002185b
000f2d8
001cf24
7fd1a36
7fd6600
7fe13b0
00ab5cd
005a992
0026e6d
7fdebd1
0027939
7f44e4c
7fb2717
7fb0af3
7f985c9
000eebb
00347e1
0032fc2
7fe1ae6
7f86491
0008ad1
007a687
000fd25
0051ab1
7f6a265
003830a
7fff4ba
00091f4
0011ed3
7fc8843
00022de
7fdc859
7fb6445
7fc9a71
7fff043
7fc0bbf
7f5ccac
004bd58
001b067
7f37497
0006065
00217b3
0096fb5
7f772ac
0060f56
00b291a
000a83a
007bd1d
0051f84
00398d2
007fd41
009805b
004fd10
00b3cfb
7fed562
7fd1cfd
7ff956b
0006ac6
00428eb
7fb7f13
7fda07c
7ed666f
00554d0
7fbe30f
7ffdb29
7fc41ef
7fd1f42
7f82137
7fad6b4
7ff050b
7f65b0b
7fc4a18
7fa11f3
7fb7190
7fc32ab
004afa9
0009cd6
0038112
7fa3f19
7fc173d
7fb8342
007015e
0015921
7fe73d5
0021557
7fb1670
004b40d
00afbed
0034dee
00a1c68
7fd841d
7f7189c
7fbca22
7fca022
7fd8def
7f98364
7fee1c4
001c2ea
7fd15f7
7fece59
0044ab0
7fca9dd
7feee67
7fcb387
7fb7dad
00a24e3
7ff1983
7fe31db
004bce0
7fb6306
000441c
7fe59d1
7f79697
0014c1a
7fe9455
00426b2
7fff8f6
7fbafaa
7fb35dc
001fc34
0059f73
0033d7f
008f108
7fded8b
005692d
0032774
7f918b2
7fd37c2
00a99af
003044e
7fea02c
0032019
008508f
005e64b
7fc5106
002bc14
7fd014f
004ebbe
7f8eaf8
7fee3cc
7f6a167
001e39c
0003e11
0001e89
7f88747
001250e
0029399
00419d6
7ff8b86
7f6453f
0059b4c
0083925
7f72cad
7fbeb24
7fe636d
004583c
0026093
001bfa2
0017d86
7fdcc56
006e4b7
7fd52eb
7fb6d28
00461e8
7f8f77c
001c192
7fa1093
0058e2b
00381a1
7fd1755
003b4c5
00474dd
002e3a2
7fbae7f
7fb4972
7ffeeba
005c0aa
7fb7b17
7fda01d
0040ed5
7fc0002
003e0ca
0012422
7f2bf56
006641f
00399dc
7fef72b
003ee24
003d78d
0008ae5
7fdbc6c
7fbf268
00d07e1
00077c5
7fe707c
7fa4aba
7ffb7c8
00b2baa
0024b70
7fee108
0034458
7fd3163
001ddd9
0002d28
003d9ea
7fb15cb
0074a58
7f9fd40
000ee0e
0061cd4
7fd0770
7f7fa53
7fcb18e
7ff1433
7ffe574
7fd684b
0045d2e
7fd6165
0011119
7fdb10f
00499fc
005b2f8
0037a61
0007413
003461e
7ff4727
00036ee
004d278
00cf573
7ffae15
7ff57de
004aa44
7fbff2c
7f894d0
004fb6d
000e681
00e2047
7fc910e
7fd51bc
0077b63
7fa171b
7fe7991
7ffb390
000980d
000f448
0018510
7fffe6f
7fc7381
00449c8
7fba7f0
7fe5e5d
0048955
7fa4e97
0019437
7fd5cdc
006c3a1
0051ce8
7f8adc9
0009f29
7f7206f
0001315
7fc4e04
7f77acc
7feac02
7fcae86
0033498
0082671
7ffad8d
00143bd
0041f92
7ff9b67
0057560
7fb1b08
008eed2
7fe5ebd
0061d0d
00033bd
7fd58bb
7ff8573
0028d47
7f7030d
7f84023
7fcb5ae
00a398a
7f932ea
7fc128c
005acd6
7fa9f48
0060803
7ffb041
7ffe3a8
000b038
7fc6f4c
7f86490
0011f47
00a6af8
0016a39
002fd8d
00177fc
0087d08
7fe69d4
7f3c93c
0089388
7fda444
00a6483
7ffb0b4
0074a74
0020e4b
000d490
7f951db
003a165
00256dd
7f7ec11
00908e4
0016b01
00034bd
0025221
003a219
004f616
7f63568
0010647
7fb3538
001b7a8
0014bfb
7fea1e7
00245f2
005a71f
7f77dcc
7fe50f4
7fe8388
001f259
00ae477
7ff61a0
7feeff0
003ffb7
0001ad3
7f33048
005e7de
0032828
002da50
7fe019e
7f9a13e
0038bc5
00b9651
7ffe900
7fc79bf
7fd4955
0002b74
7ffbdbb
7fd2e8f
00da9a3
0012bec
7f902b8
7fefdd1
7ff31d1
7f9ae76
0019e31
001b8b9
0045ee5
7fb6493
004bf85
7ff2787
7ffc9d4
00a2e24
7fb71b3
0068e58
7fca49c
7fc9ee5
0076026
0002916
001274e
7ffbc21
7f60829
00172d2
7f80245
001a971
7f73939
7fff652
0085a78
00115df
7f85c48
0036dae
7fc04e5
7f9f540
7ff98d6
7fda004
0053195
7fc1926
7ff7769
7f753f3
7ff824b
001ce39
001a08d
7fb4824
7ff44fb
001ca1a
7ff1738
7fa8b58
7fb1977
000fb25
00ceb5d
7ff4c9f
0000bb4
01147f5
7fca008
0004c3e
7fee4b3
0010194
001b834
7fe96e3
007968e
0041ca7
7fe11a9
0024889
7ff449f
7feec7e
7fe4c11
002ccc9
001fcff
7fe28b3
001fe68
00160d0
003f9d4
7fbf413
7fced65
000b7e4
002c58f
008361c
007840d
7ffc644
005d6d0
008b425
00055ee
0009d6c
7ff0ae7
7fed02f
0048848
007bcb0
0020eb2
004a5d2
00593bb
7eebf3e
0013413
0011b88
0034d41
00f02fe
0048132
7fd75d8
003e318
7ff28f3
7fc2fe8
7f7f29e
7ff5ba7
002c4b3
001efb7
001d22d
003b60c
7fcbbf6
7feb8b9
7fe9540
7f5a6fe
00652b1
00051b3
7f64f2c
7fbdc59
7fd96a2
006df4a
005b5d7
7f2b285
7f9a15f
7ff1464
000b601
00363e8
7f53cb7
0075e90
7f901aa
7fae720
005e7ad
7fa06ce
7fcaace
004de20
7fe20f1
005fcb7
00d3641
7fb5abd
0028355
7fb38f8
0019016
7fae8a0
0048eec
7f9756d
7faf25e
001db2e
7f829e6
7fea3a1
00a67f0
7fc1e68
7f52c5e
00ece74
7f90ff4
0095067
7f63415
7fe964d
0038cb7
7f2a6dd
7ffb998
7fc9565
7fa10cd
0019994
7ff93b4
7fcc295
7fbd81f
005d47b
7fe95d4
000a58a
009d599
0051543
7fa8707
7fe7fa0
7fbce0b
7fdf506
7fd7b17
7f7f24c
0098599
003e4ce
0039f45
0013577
000c47c
7ffe887
000c1f8
0098fd2
7f1ad30
00384a0
7fa92d1
00e3ad6
000a20e
7ff63f3
7ff92d7
7f53556
7fd5838
0028ae4
7faf7c8
7f6e7fd
7ff7c5c
0044484
0006ba2
7fdb398
00111e4
7f917d0
7feed0b
7fb2835
004d94d
002cd45
7fa9298
7fdc3b0
7f37a24
7fe7ced
7ff8ba5
7fe9675
003fc17
008afd3
7f84188
7fb5bd2
7ffe654
7f8069b
7fcf7f1
006056a
004f184
7fd0e59
002e01c
00087d0
7fe4b8c
7feb87a
7ff8993
0067fe2
7ff47cb
7fcfbba
7fff4a9
0040682
7fbc376
0023b7f
0022c41
7fed774
7fc721b
7ff416f
7fcdec9
7fd9fa5
7fc0344
00a2826
7febf91
002e67e
7febc3e
7fed7bf
7fe9a19
7f84c0f
006529a
0037fa1
7fed011
0039cc0
0021ddc
7fe0e35
00199c5
7fe5904
00470c4
000b674
7febb69
7f92bbb
000d3ab
000cd35
7fb1ec7
7fce529
006057b
000368d
005161f
7ff3c20
008e463
7fd2cc6
000693d
7ffe27a
000bec0
0031763
7f9be61
7f8c23f
7ffcc84
7fb095d
7fc0379
7fe4945
7f4e99e
7fde18d
000470e
000d60c
7ff0d44
7fe126b
009f4ca
7fe1649
7fe76af
7f886c8
7f9ec6d
0023ec5
0032ff0
7fc13a2
007f492
7f98e9f
00582a6
7fd0d53
0066e8b
7fca9a5
7fdb6ae
7f781cd
7fc9f08
7fd25e3
0034f57
002f1a9
7fdfecd
7fe60ff
00279c6
0030982
004c4c0
7ff05e6
002d3dd
006d6a4
004aea1
00235ad
00a37a8
7faf3c4
7fa7db9
0027ab4
0002bba
0039edd
7fd6415
002afef
7fc360c
00005ea
7fe4586
0013158
7facd13
7fc19f3
003ae59
0058902
005ffd9
7fe2e86
7fcedd2
7fb7e3a
7fe1e83
7fd1be2
7fd48d4
7fd1481
001e2fa
0013e48
7ff3b0f
00669ab
0077e28
008d0d0
7fd709f
7ff87c2
001fe57
7fe14e5
0038064
7f8a985
007154a
003aa61
0034f94
7ff1401
7ff301d
0034b4f
0063202
005f99c
7ffc650
005a724
0054659
003bbdf
7fc2755
0020f82
0059e8a
0024066
0005bc7
00069ec
00589ef
7fddfee
0038cb5
005e4c1
7fd4963
7fad8c7
7f8f761
7fe190e
7ffc188
0000fe3
7fc7cbb
0007ab7
7fcddfc
7f6a01a
0063c5b
007529c
7fd55aa
004d064
7fa0888
002e0b1
7fab5fa
002cd50
7f47075
004382f
7f4770b
7fbfa84
7fe1bcd
0079555
0077120
7f3718b
001e4fc
003b99f
00e839b
00189b4
005dc7b
00077a6
7fb756c
7f88c84
0027cf5
7f9c001
000e160
7fc946e
7ffa834
0037575
7fc1abc
00153ee
7f4e0f1
7f8c3a2
0000c7c
009305a
7ff5c5b
7fc9600
006cce9
7fd3800
7f7ca94
7fe3cc6
0078030
00150bc
7f62d21
0055a15
7f94013
7f2c47b
7ffb8a4
7ff46f1
7fba496
7fead91
7fbdc5b
7fbdf21
7f4b76b
002a050
7fe7f6c
004efed
007e203
0007925
7fa87cc
004738f
7fd30ec
7fe34e0
00c54f5
7fd299b
7f9d335
7f71a5c
7fa14d7
7fc0af7
7f40715
7ff8fc7
00185ff
7fca34a
7fda6e7
7fbb1ad
7f7bff3
0061729
0090190
002c6c4
00b68f2
7ff681b
0011578
7fccf29
007dcd1
00381e9
7f89c2f
00242c2
001e828
001078d
7f9ee47
7ffd3af
7fcebd6
0021058
004d88b
003c351
0098485
7fe2936
7fcd6c8
0020873
00189d1
7fcae2e
0035246
005121e
7f9a26e
7fa5d85
004fab2
0081c9e
7f6e6d8
7fe631d
7fca76e
002b261
004f514
7ffed7c
00051d7
7f8de88
7f7eed8
0090484
0020688
0012d36
7f8b730
7fce6b2
0039347
000d376
0028603
0023286
7f9d323
0050769
003ceaa
7fdce8e
7fd316e
0034f64
006da1d
001491c
005152e
7ffe728
7fe6d0a
006569d
007b96d
0034b15
7fe0028
7febf77
7fac18c
7fc3fcf
001b849
00083cc
002507a
7f9e5f9
7ffdd4f
7fe4942
7fc746a
7fa8dea
7fb10a8
00410cd
007a4e0
7f7ec47
7f387a9
002921a
7f48d75
00623f3
0000c88
007a104
7fbd556
7fc3847
000ef51
7ff3963
006da4e
7fff780
7fab5ab
001160d
7f6792e
7fed599
7fc6134
7fd71c8
7fe5dda
7fc999f
7fdb48b
7fbe866
7fe121b
00ea220
7fdb81a
7f96a1f
00023ab
0018179
003ace4
7f1bc32
001bfbe
0029a98
002de07
7ff11b3
0038f09
0064b9e
7faf6a0
7ff2499
7f7f141
005e22d
002e6dd
00172f9
7f94402
003e436
7fee85e
001f328
7f48afa
7fb86ce
7f556af
7fad649
00156a6
7fb37b6
7fa26fc
002315c
7f921d4
7fd70fc
0055168
00125b4
7fc1bdc
7fdabcc
001ace5
7f616ef
7fbf3cf
7f6451c
0046c79
7ffe57a
0017865
006dbec
0048845
7fccc5c
0002417
00429dd
7fe2d63
7fc6604
7fd3c25
7f31943
00e8a81
00a6a6b
0019b5c
0084b3e
0064c66
0037b5f
7ffbab5
7fc1bb4
00571ef
009b1b4
7f84d96
0045f94
0009f83
7fac638
7fac0f9
0046ed0
0009f83
7fbf17a
7f6d953
00004a9
0022a7a
7fd5ea5
7fb27b2
003f225
0026fe7
0025a7b
0021816
7f9ff1f
7fd9b1b
7fd5c67
00347f5
7fb6ec8
0083541
0045723
7fdc17f
000555d
7fb85e2
000a263
007c292
0035f99
0000569
0015717
0020713
0013693
7f765cd
0015991
004ca04
7fe3ddf
003374a
7fdc236
0068b19
7fa073a
004d2a9
007610b
003bda8
00385f2
002dc0b
7ff388c
7fe2de7
003c180
7f4a149
005c46f
7fe4480
001aee0
00246c7
0026a20
7ff8ec5
0029243
0082e3e
7faa9a7
00aa446
0020266
7f38c06
7f9c453
0078145
00514f9
7fe549d
7fd7597
7ff9d9c
0053ed7
7fc99fc
00420ce
003eede
7f69e36
7fe44a3
7fc16f3
7fc7465
7ffd7dd
7f75b02
004964b
0038a7d
7fc7a56
0043fa9
00500a6
00053fa
7fdc1d3
0029738
7f600d3
00a2365
7ffa364
7fbd457
00082ef
000e13f
006032f
003de0f
0022890
000fa62
0073ee9
0044a52
7fb16c7
0017492
0050ba9
7f87a37
7f29020
7f70a78
7fabe20
7fb292f
7fb3570
7fdb9cb
7ffa196
7f96de2
7f39da2
7f6be72
7fea29d
7f58c24
7fea967
009fcca
7fcacef
7fdc223
7fac97a
7fc522c
0039ffd
7fd69f8
0000095
0048a7c
00d4eaf
00749ae
7fe44c9
001e003
004c6e2
0029ddf
0089977
0038f77
00877d8
000375e
0017833
000ed0a
7fe006b
7f9f5ae
003d71c
7fbd0b9
00337b3
004c93c
003cd64
7fd9ff5
00484ca
7fcae81
0031572
002feeb
7fff248
0006d94
0028c19
7f44ea1
004e79e
7faa9e4
000ff8a
7f83615
0041bc6
7fe7b70
0017973
7fa4664
7fb0c88
002e09f
0032fb5
0015cfc
005bf40
000dea2
0014ed5
003e4e1
009e3d4
0001953
0006f0e
003aad2
00604ca
7f6bd34
7fd28b7
7fe9ddf
00443ef
7fb9550
7f653ae
007580d
0034539
0061b14
0042a7f
7fcc232
7fbfdf7
7f85ae5
0043022
7ff8b3e
0014348
0024127
7fd3bbf
7fb68ee
7f9e299
7fbfeac
0042404
00894cf
0024485
7f59294
7fe9ec8
005eda5
7f42b9e
0000447
7f72a56
0061934
002aee0
0025811
003906a
7fd44cf
003a169
7fee719
7fc3caf
7f695c6
0006155
00374eb
7fad7ed
7fdea76
0033c26
7fe8dd4
0018b9c
7ffbbf6
0037a23
7ff31d1
0015021
7feff72
007376f
7ff58cd
7faa668
7fb3cf0
7fab789
000a29e
7ffff62
7f52473
7fda786
7fdb877
005db22
7f868f6
0009f97
7fcaa9f
0071f18
000d3d6
004ad01
004c433
0015495
7f96d5a
00bc856
7fe4f8e
7ff91e0
00287cc
002d602
00163e6
0015983
7fed2c0
00354bc
00105e1
00ad599
000f393
0055c18
7f6b0b9
001014b
7fbbd2c
00bd13c
004699d
0038161
0039837
006ec61
00324ee
7fbc7ad
008839f
0051bd2
7fb05d3
7ff7a38
0024b02
00a9ec8
005d453
7fcf691
7ff6232
7fd0692
7fd0660
7fddcdc
006b802
7fe78ba
0004939
7f9b148
000f15c
7fc2a79
00103df
7f74079
002b91d
004e743
7f99aa5
7f5d60a
00246d9
7fd0400
005d390
004dd97
7fed5df
002e513
0071886
7fe09c7
7fe4ac2
7f24e14
000b9b3
7f3fe87
001a4e8
7fdfa33
7fab8bc
7ff5408
0066125
7fc8585
0007982
7fc0eb9
7fd39a0
7fc3ae9
7fedc4e
7fb7f00
002d84f
7f87b5d
0011dec
7ffcd2b
001674f
001156e
00335b0
7f9bf5d
7fde229
00fb41c
7fef43a
0007d07
7f9e122
0056362
00482e5
7f9aa6f
7fe7a09
7fcc591
00473db
7fc216b
008cdcd
0098374
7f11b6c
7fab942
7f9e7c8
7ff5227
7f8df5e
003371d
7f90084
004d5b3
7fd34a0
7f6c138
0024d0f
009e046
0039a8f
0060ec6
7f375df
006dcd8
00623d7
002ef38
7fa65bf
7fcad00
0020fea
7fb51a7
00437b4
7f8758d
00b8d8d
0078ffa
7f80939
7fd11f1
7fd593b
7fcd72b
7fc538d
0032d78
002d5ef
7fcf537
004df5e
005723a
006f5c7
00030e4
004deea
7fbe00f
7fed28d
000c579
00171f5
001578d
7f7a8db
008720a
7fb373d
0015a2a
7fc4427
7fed721
7f29acd
004fc99
7fe11e8
0009548
7fb6187
7fc139d
0039b22
0050c83
7faa13b
7fabc94
7ff436c
7f2de87
7f94ba6
7fcd3e0
7fc8939
7fb6057
001a173
7fe3e63
001bf5a
7fe512a
00848bb
7fe42b2
7fd8fb4
7f11dc3
00083bf
7fe429a
00202d9
0007da6
00003bb
7fe3b66
7fdbae5
7fe3cb5
002917b
7fe3f5e
0011b11
00548ee
7f7dff2
7fbd387
001f0e2
0063da2
0023cfd
7fe26c8
00383c9
7f673f1
7fe6e74
003924f
7fea7ae
7fdbacf
7fae77c
7fd6dbe
7fb006c
000a72e
0030899
0017561
7fb9520
002c8c1
7fcb789
7f9d449
00ae872
7fefa9d
7fd047c
000cbcd
000c7ac
0040d3d
7ff3d6c
7fc3a8c
7ff44d2
004eaa6
7fe005a
7fcc09f
7ff0139
7fc35e6
0044b53
7f62e2e
7fff7a4
7fe7dfa
7fd7052
007030e
7f78b78
001d2ec
002b9ee
0011dad
7ff54e4
00026d2
0058ad8
007f2bd
00847b9
7fc79a4
00727df
0035b54
7fbc667
0064180
7fdaee8
7f7cdb2
7f86481
7f713cc
002d583
003b7f0
7ff2c27
7fb7489
0070380
00000a3
7f863f9
7f6f26c
0081ba6
7f76ee5
7f64e73
7fcc013
009862d
7fb9b14
7fd57e5
0009de8
7fb6f87
7f93593
00205cc
0054833
001a923
7ffadc3
7fd7420
00319e8
7fd135e
0046e8f
0092c25
7fe4fa3
001078d
00af99e
002df16
7fbef0c
7fab1c9
7fb9b71
0038099
00501e2
7f7a6c4
00664aa
7ff5fd1
7fe5c5c
7f99042
005ba98
0052d51
7fa9da1
7f483de
00091fb
00e9d6e
0054c6a
008a649
7fe0c9c
003b9b8
7fdc0f9
0058b59
0069b06
005229c
7fa9a80
002b654
000ac96
00846b2
7fcd514
004b424
7fbe643
00255ba
000b29e
7ffcb2b
006374b
0012961
004a51c
7ffdfbb
7ff93c2
7fbd1f7
00443c3
005084a
000e1e0
009d543
0042e6e
7ff6cee
7fca2ae
001e0c4
000aeeb
00fb8a4
0037e55
002447c
0050126
00e1b94
7ff5b90
002b3d7
7fa3cdf
7fd8957
005fdad
7fb5faf
00515fb
7ff958f
7fea9f5
0010d6d
7f92c27
008e29f
00165ac
0041957
0003085
7fabba1
005d905
7fb4026
7f982ef
0009e82
004ff8d
7fb6d12
7f9e84b
7f618c6
7fd808b
7ffdf3d
0050c93
7fb5ee5
7f6ba9d
0018d0b
000d89f
7f3a7fc
00207ab
0056112
7ff77de
7fee185
7fdf65b
0052ef6
7feff3e
7fed8d0
7ff6c1b
7f4569d
7fd6781
00160bf
0061d62
7fd365e
002a74c
7f69d93
003b0eb
00455c0
0008436
7f8d35d
7f7f0f8
7f4b46d
7fd31f9
7f8c890
7fd40f6
0059d95
7f7dd0e
0078829
0078b6b
7fec55e
005fed1
7fdfeed
0010f4a
7fd8296
7fe7a25
0060f2b
0046ab9
006ded3
7ffbd52
0057a2c
7fa5667
7fd749f
7fb3099
0055280
00c15bc
7ffd769
009a146
0076d29
7fdd251
001c766
7fad2a0
7ffe197
7fee15a
7fa5cf1
00901a9
0074654
002adee
7fdf0b0
7f8411a
7f88da4
7fc970c
0022cb9
007f3a3
7fb2c0c
0065151
7fb3ede
7fcbbbd
7fc12b9
7fe659d
007409d
7fe2378
00032e2
0064c27
7ffc562
004b09f
0010244
0008943
00888be
7f90167
7fa7bd6
0094436
7fb1322
0089784
7f68e61
7fc9a8f
00692c5
7f7da16
001f7be
0024b12
7f53af8
003b570
7f9829c
0014abe
0029eff
7fe65a9
7ffd1eb
7f9e96e
7fa4f1d
7f96329
7fbf16b
7fcc698
0022864
7fc195c
7fc99c9
0030d74
7f78827
005ec05
7fef26d
0010886
7feca17
7f6def4
00dda81
7fe6487
7fdd969
7fadbae
00310bf
00cc86a
00a105b
001ec6f
7ffe871
7fd6f71
000272c
006f443
7feb9c3
7f26101
001711f
001781b
00b7c32
7fca797
7ff5d17
0041057
00039d0
0046828
7f787be
001e6e6
00223a5
7f78450
0029409
7ff7288
0047cb0
004473c
7f76597
7fd3233
005a2c4
0040ce8
7ffdce4
7fe3747
007d6b2
0089e9e
000ec34
0002b23
0006d8f
7fc1bcb
7f86af6
00306e5
7fc30d2
7f972b3
008c619
7ff5267
7fbea8a
7ffbe64
7fb21b8
0030dd0
7f7ab30
7f7e8f1
002e2ed
003017f
001cf25
01146e2
7febb10
0006524
006325e
7fc6d98
003381c
0049610
002d08b
005f25c
0092048
0023d0e
0050b2d
000ed31
0012461
0047133
0019f43
0012f67
003d1d1
7fffd31
7fde0c8
004d9b3
002c4b1
7fe4de4
7fc2db1
7fc7146
0044bea
000e510
0083893
005148b
7ff05db
7f15ba9
003355c
005bde4
005c864
0034bff
7fde521
7f9dbe3
000b3e0
7ff35ef
000bf12
7f96af5
7ff7277
0097fd6
7fc30e1
005c305
7fbe4e4
7ff1752
7ff2605
0058827
0051195
0060653
7ffe902
7fbc0b6
0039d11
7feb9af
7fd9752
0047e53
7fe74a6
7fea537
0028565
7fcdd12
004f854
0061360
7fea585
7ff8dbe
7fcb799
002d7fe
0024671
006978b
003fd75
0042aaa
7f6b15f
7fe3c60
0056bfa
7ff3105
7f582ca
002867f
0036e21
005670d
000d8aa
004a061
7fb7e93
7fcdaf6
000e74f
7fc7aec
0043e91
7fc0f6f
7fb8cc3
7f88dab
0019e7a
7fbed7f
0052389
7f8017a
7f925de
7fc3025
005e460
00e5680
0061dc2
7fe11ee
7fa6b2b
7ff0b61
006289c
7fbf6b7
004d3e8
7fc5ac8
7fe2094
00877bb
7ff3318
001169a
008aa69
0001dfb
7fc05a9
7f42677
7f95e3e
006e505
0036019
7ffcf3a
0032ef6
7f2d954
7fb33b5
00e0e91
7f9e257
00288e2
7fa5928
7fbcb79
0045650
7ff2696
006b615
004a424
0054a64
7f7956b
7fd2758
0063d40
7fcba71
003a976
00a2425
00e50ab
7fb1c6b
7fc3b35
7f7b935
009fecb
00493ba
7feac16
7ffb828
0077818
0023596
0001572
00109d3
7fc3813
00530f1
7ffaf54
7ffa841
7fd9ae5
0005017
7faa88f
7f96b14
0013247
7f964b1
003b73f
7fdcf43
008d54e
7fe9dc9
004a71d
7ff1eef
000c1bf
002be11
7fae1ae
00a2584
0089d8c
0018557
7fd8030
0062d02
008cf6c
0087fb8
0074aab
000e6f0
00777cb
001a191
008901e
00541bd
7fad395
7fe9da1
001dc85
0003193
7fbda8e
7fda37e
7ff8563
7faab88
7f3f6b0
7fcd215
7fcf4fa
006ccc0
7f9fa41
7fa9f63
000b256
00701b7
009b78f
7fca8ec
7ff6f6a
7fa2a74
00768fe
7fdadca
00444b4
0048ccb
0034d1e
7fb9c19
7fea382
005bf58
00597b1
7fce3ce
0004c07
003afdc
0039472
0070846
7fe45ac
7f6c684
7fada33
7fd8b19
0062690
7ff3aae
7ff7fac
00148ad
7fa5a49
7fd6f4b
0007e3f
006226b
0099514
003cac4
00714b3
7fcd3d4
7fe2f3e
7f64a57
0063fe7
0071a54
7ff76e3
0074e18
00059ed
7fb8090
0065de7
7f90dab
00116d9
7fa4d93
7fdcd73
0064fbb
7fb87d9
7f8465d
000b8fa
7fdf2b0
7fc0c32
0038fc3
00536be
00a0916
7fdc791
002e710
007219a
7fa40d1
7fa3e1d
7f88dbf
0082e65
002aa96
7fb629d
001b8b7
0011ca5
0050523
7f878bd
00366ba
008d500
7f9c06a
0026f20
7fad159
7ff6693
0087309
0083ca0
7fbf023
0038da8
00b8265
00069fd
7f5f6a3
7fad4d3
7fca047
0007ff5
7f1197c
7feae58
7ffd326
7fa5f86
7fdf72d
0036d4d
7fc5b6c
7fb4ed7
7fe1df4
7fd4916
0028d4a
7fd1223
7fa2da7
00582b0
00092f7
006e221
7f92016
00337c7
7f6c741
0014867
7fcb462
7fa8534
000f2fb
000606a
7f92732
7ff9a0c
7feb34e
7f74114
0052599
7f8f3a3
7ff201c
7fa8fc2
0014149
004e4c3
7fd1904
0027d54
7fbec40
000efc2
00d8baf
7fbc52c
7fd9e50
00491ce
7fff6d2
7f7541e
002cbeb
7fcb1b5
7f894be
001b616
005d0e3
005e485
002e716
004d91e
7ff84c4
7fa9d87
003f120
006ac16
7f95333
001380a
0016593
000851a
7fd1f07
003fc76
00031c3
0046d82
7ff1dba
005a5bb
00463d1
003e151
008c8b5
000b25c
0039491
0007725
7f95beb
7fe427d
009b74a
0031267
7f956c8
001aafa
0078bfd
002875b
7fc7e80
7ff4df8
007b6d8
7fa0f20
00489fe
00933f0
0084a13
7fbb22d
7f4392f
004eec3
7fcbba3
7fdb9ff
00911f3
7f48724
7f50936
7ffa119
7f7c63b
7fd2c27
0043527
7f6e2e1
7ff1b54
0017086
006c824
7fd93dc
7fea24b
0059952
001938e
7ff3710
7fcb8bb
006e541
7fe8180
0033d71
005d54a
00418ba
0008c24
000700e
00a41bd
006dbea
7ff3abb
0033443
000de55
7fef417
7f86ce0
0043ce1
006f021
0055bb2
004223c
7f8b976
001efc0
000fe2a
0061789
7fa980c
006b096
004eb60
7fefbf0
00169c0
7f822af
0053d02
7fce60a
003e6e6
005bba3
7fecb9f
7f0b7bc
7fd97fc
7fd2c28
000e1cb
7fd4231
003073e
000cdf7
0028410
0005334
0032e92
00013a9
0005ac4
004444b
0011ed9
7ffc5f6
7fd4166
7ffac57
7f998da
7f9e990
7f3943a
0048611
0044bf3
7fc795e
7ffbbc4
7f3550b
7fb7972
7f78040
7fbe4cf
7fc0965
7fa2a02
00268d0
7f82a82
00051e5
7f9c0ee
7fb2ee6
000f757
004f004
7feb065
7f999d6
0056410
7fa41bc
0042a39
7fcaa2a
7f9804a
003d983
0059611
000dc35
0009452
7fea432
00236d3
7fca5ef
00b0a9d
000df7c
7fa1cd3
0008b2e
003148f
0014652
7fe303a
7f68a5c
7f8e59f
7fed118
003a3ef
005c129
00b3063
7fe2480
00766de
005b644
7fb0432
7f7a561
005d64f
7f7dff4
00d2043
7fae04e
0008877
7f934fd
000ea2a
00931c0
001b42e
005da79
7f955ed
003211e
003e5fa
000b65e
7f92e5a
7fbc954
7fcb445
7f42523
0003983
7fb8922
0007478
7fcaf08
0000c45
7ffca40
7fae92f
003433d
0037bfb
002fbce
003bf81
7fe624f
00666b2
003c093
000be50
7fa8fb0
7fdab68
00283ec
0004122
7f5624a
002750b
7fbf048
008fd0a
7fdf0ae
7fdbf85
002f9b8
7fbfb27
7fac1e9
7f7f74b
0053fe5
002bc31
00638b7
006aa31
009bf1f
0042226
00019f7
7f27d0a
7f2830c
7fcd6fe
007e8dd
000c816
0092443
0004c07
00300bb
7fcf7f1
7fbbd73
7fda6f9
7f9ceb5
0047dcb
7fa02e0
0006ee3
7f620e9
7fdc4b6
7fcbaf0
7fb2daa
0070fe0
00259ca
7fb9de7
00a72f6
7fe996e
7fd1e60
00a721b
0066328
00328b4
7fe6017
001df19
7fd69f3
0046765
7fcab45
7fce8c7
7fb5e79
7fd114b
0022e60
7fc23a2
7faaa20
7fde3c7
7f418cc
7fab6bf
7ff2214
0023b1a
7fa79e1
0042a1b
7f8684f
0053dc8
0028a5e
006282b
006240b
7fa8a95
7fe5831
001232a
7fd991e
7fd55e7
002216c
7fab21e
0066733
7fc41a4
7f56358
7ffcc99
005df15
007bcf8
0086352
7fa9a45
003fb23
7ff2532
7fcdded
7fd09b1
0002f79
00501ab
006579b
004af5a
7fe0d53
0057937
00a73e9
7ff16c9
7f9bf58
00544fb
000677f
7fc8d68
001f84f
7f93f0f
7fc392e
001e61b
7eceaf9
001e1c7
00095e4
7f5e0eb
00508f8
7fca312
7f4f7be
0050caf
003a2c6
7fe69a5
005a7b8
002d1d4
0061529
00035f0
00729d7
7fc61c1
7fa39fd
0069ad3
7fd0602
7f85ff4
7f4a5eb
7f66740
001a31c
0039570
7f9b96c
7f86c45
0061144
7fe2791
00a0a79
002fb5d
00684f0
7ffe0c1
7f2c338
0003281
002b928
7fc741c
00a1ed1
7f6bf15
0033d3f
0030bf9
7f88fcd
7fe7814
7f83e69
004c86f
7fc37e4
7f25bae
7fb5cb2
0022296
000b870
0028302
000a530
7ffc5b1
7f7e806
002b209
7fe3807
00a89a6
0019d48
002d0c2
7fbb6e8
00bdf4d
0023fa8
7f78ddf
7fce342
0049151
7fb5a59
00add34
0069c19
0008f1d
0022c3b
7fd45fd
7fd90b9
00b1ccd
7ff60bf
00058a0
003866c
7ff9486
7fa8df3
006484a
0031bbf
7fb7521
7fe4692
7fed3b5
7ff284c
7f60c75
7f742fe
7f835d0
0050919
009a51a
0093187
7fb7ad7
7ff9170
001aa41
0091a64
7fc4206
7ffa446
7f8fd23
0066138
008ef82
00168d3
7fa7e2e
7feaafb
0021dbb
7fda231
7fa7195
7febfb0
00374e8
7fa4720
003ebd6
7fe961c
7f77da0
7f85070
7ff5dd1
7fe1704
005a529
00b687c
007665e
001c253
0009663
003dd46
002a155
004844a
0005eb7
003491c
7fc9385
0026633
009aeca
005f9dc
7fa4c63
001714f
004b872
006b635
7f8ce25
004b671
00efbb2
0013455
7f91e33
7f66e32
0050184
00e6e43
0057a8f
00c035e
7fd2861
7fddf63
7fd3bc5
005e238
0013ddb
7f88330
0088f88
7fa9523
7fa3587
006e3b5
0078638
7fc2ae4
00561b6
0086ab4
7fc1521
000f29f
0031f14
000a97a
00727e8
7fec62a
7f95f8d
7fef4bb
000debc
7fa9dc4
002fc8b
7fd2f10
7fd837f
007bc64
7feebf4
7fc87f5
0031ac2
7fe842e
000634b
7fef980
0065a29
7fd782e
7fb70d0
0121964
002ada2
002a180
00ab487
000851d
7ffb00f
7ffe791
7fe2adf
00384d6
7ffa639
7f9a2d2
7fffbb8
7fed8dd
008e48d
0004ed9
007b4ba
7fce59c
0091ca9
7f89178
005f52c
0046c4b
7f8aa4b
7fe89a1
7ffb64d
7ffc692
7f33d6c
7f78823
7fe9f51
7f5e49a
7f8f365
7fa79c6
7f5be51
0021a25
7fb8f93
000cc0c
7fb4c84
7fc405b
0002aae
008a73e
7fb2f1f
0032116
00985ac
00380b4
00231ef
00068f3
7f581bb
7fb19f6
0011513
7fec440
005e6a2
7fc9808
7f99518
0031811
7feb709
7fcecbd
7fa40e9
0009f48
7ff20b7
00209ab
007e56a
7ff164d
7fd36a4
7f8419d
006c955
001af05
0018bb1
001e9e4
7fe89b4
00138e7
7fd69bb
7fe87e0
7fbbaca
7fdf9e7
7fc5274
7fc9bfc
00126d2
7ffbee6
7feaa7c
005a54e
7fa1af6
7fa1c8a
00113a9
7fdd7ed
001ec91
7f7b4ac
7fef50f
7f46465
7ff9995
7ffc344
000fdd2
00265f7
000da9f
003067d
7ff766c
7fa948b
7ff53e5
0012a7f
00598aa
005e0c1
00082f8
003a13f
002e116
7ff6753
000760d
7ff0dab
0048d99
7fb2212
7fc5726
0048c0a
0050572
003d261
7fe192f
7f9e91e
005bc6b
7f4d853
7fdfae4
000dd82
7fd5bef
7fb31cf
005170f
00720b8
000385f
000a2ec
7fd0942
7f81308
7fdc520
00611fc
0040844
7fd0324
0042697
0052361
7fdd04a
7fec153
002bf5a
7fa4e2a
7f7ef2f
7fd538e
000e521
001c68e
7fafc83
003f53d
7fb9e36
7fcaa8c
0012ac2
7fc047d
7ffaafe
002a9ce
004a55c
0005390
7fe5439
7ff824d
0035920
7f9c46d
0014132
7ff6fb0
7fc03e8
7ff9187
0056d9e
7fa75a9
008d93b
7fa5205
0093a08
7f4412c
001c850
0001a66
001e924
7f3da30
7f6af57
0047356
7fb3aac
003c917
001b3a0
001d620
0047dd5
0062d54
002e436
7fdb91c
00626ce
0043ca7
7faadfe
7fdbfb2
008fdc8
7f5e002
7f30c49
003a4ad
0036b12
00efc64
0076310
0095c20
005662c
7fce39e
7fc17f8
7ff76c6
7fcb4fb
7f858a5
00048eb
7fb218a
7fdf92e
002c7fb
7ff0afd
7fe95a9
7fa88e2
001643d
0018194
7fa163e
0059586
7fe8cae
003727b
7f8ee34
0061ff0
000aff7
002b63a
0051eb1
7fa076a
7f99463
0028d0a
0035fa0
7f541ae
00a7e07
7ffa4ed
7ff3739
7f8b5e0
7fa68fa
7fa2e0b
7fd57d2
7fe5e7c
000cfa9
00084c2
7ff6f54
7fe450f
0019278
0037ba5
002f6e4
7fd9ea7
0091a1d
7ff3cbc
7fdc047
7fdf478
7f9895c
002cfa1
0086ae9
0039990
00032ef
0091d2a
7f792a6
0080a7f
004c619
0026bfa
7fa5a43
0027b4b
7ff6a63
0020673
0009c49
0033624
0032e4b
7f1795f
7fcd3a6
0048241
7f965c9
7fd305a
7ecd009
0018902
7feb693
7f9b59f
001e656
002ae66
7f52e80
003e46d
7fbbba7
00207d7
001d5b5
7fc9d5f
7fd0103
007d062
7fbbbbf
7fdda96
7fa4b57
005c923
7ff1b9a
000c762
0001b3a
0012eb4
7fb7b6b
002dddc
7f84936
00151f6
7f5731c
004e329
7f93992
0079f39
00ad759
00b6c99
00916f7
003c9f0
00240ef
002527e
0034b9b
7f69945
7f682d4
0013b5a
0028524
00092b2
0099756
7ff2065
7fe5b01
7ffa582
0019641
005bae7
005bb0f
7fa698b
7fc8acb
001d316
000b357
7f919c2
7fbe73e
001f17e
0003222
7fe2cce
7ffa22c
00ae555
0001f6a
7fa9256
7f84d4c
7ff42e6
7fb4f3b
008ac29
7fb9b23
006ece6
004bc1b
0011215
0020ab1
00292e5
7f90bf6
00320f9
007ae26
003b942
7fca15c
0054fb6
002bbc6
7f33a8e
7f1a563
0066641
7f6b05c
7fdd3b2
7ff7275
00230ab
0013430
7fbc8d7
7fc128a
004a751
0024aa5
7fc7f7b
7fea745
0090783
7fa267a
003e4dd
7feb16e
7f997a3
0017ec9
006eaee
7feadb9
002b58d
7ffbfa8
0038119
00216a0
0073b66
001b8af
7f86eb2
003084c
00547e1
00a046b
0011566
7fad3e5
0059aa7
0025d9b
002186b
7fae44a
7f822a3
7fdec22
7fd6ce4
7f7a2fd
7f97f71
7fbecc6
7fd23c6
00112c6
7fc9104
7fdc1e9
7fb7b6e
7fdd4b5
7fa010e
00ad9c1
7fb987b
7fd0cc7
00137d6
0022d46
00381b9
0089a9c
7f7233c
0046cf6
008b59e
00593eb
7fbace3
006fd4f
7ffa4a2
7faa7b1
7fe01aa
0007599
7ff4244
002da80
7f89207
001ac7b
0035ff8
7faa089
000ac94
7f7600e
0030d1f
0079a81
0016133
7fccc93
7fb50dd
7fde8f0
0058d64
0021130
001b798
000c0c6
7fcafe1
00b199d
7fae49a
00693b1
7f9c549
7fbe87d
7ffe5cf
7f7135e
7fe5db6
7fa925b
003b685
7f9a9e0
002e98a
7fbe0e1
002742f
004a0d0
005ac00
7fdf2bd
0009b84
0076d6a
7fa0b24
7fd48f2
000cb15
002dee9
7facc80
7fbe376
002fad7
0027ffa
00570a2
7fca2ca
01491b7
00a544e
7ffaddd
7fe3582
7f9af6c
7fd6746
00420f1
7f9dd44
7feb60c
7f6a861
7fed08a
7fc21b3
7fe16b0
000ecee
7fc44a5
7fec737
7f9ad69
0036ead
7fdcec8
00651ad
0031f68
7fca0b3
00a0278
7f772d5
7fad81c
7ff34e1
00326b7
7fdbb92
0063422
0024b23
7fbd9b6
7f98277
7fd450f
000df49
7fc1368
7fe6640
000e4de
7fffa55
0030e75
00366f8
7fbed2e
7feb707
7f91819
7f54e64
00371a7
0020831
7ff0a29
7fcd528
7fcf2f4
7f9d95b
7fbf6d7
007d3f2
003e87f
005fb6a
7ff2c9f
0083d45
7f8c427
009af85
7fb6a02
7f9ee85
001fb93
7fe8eb2
008616e
00641db
0003e27
7f8897d
00049e5
7f9915c
7fba505
001fc8d
004f34c
0038375
001ddc4
003c57e
0089793
0064d38
00ab1a3
0092361
002463c
001155f
7fb6f4c
005498a
00886a0
7ff39dc
7ff6e69
00895d9
003e2a1
005b681
7fde041
0017003
7fecb54
004f25f
7fc88e8
0018929
007e93c
0006078
0029bbc
000b868
7f99468
7f91164
009e13d
7fb2164
00218dd
001f300
001fa90
0057ceb
7fba2a3
00041fd
005e3aa
7fd2936
7fc145d
7f9fc09
7fd57d4
7fba5da
7fe9fbc
0049666
7fa7066
7ffe903
7fc0db8
7fb24e9
0077f4f
7f9a738
7ff6a47
005f03c
004d610
7ff8233
7f753c7
0003a7d
002c864
0039ece
7fa9d7c
7fb5e83
7f4e8e4
7fd1d9d
001bc4a
001cc9b
7fc56ae
7fd93f0
0071f59
7fc43b6
7f4be3f
7f6180d
0059e7c
7ff2771
0062ff3
0059fb6
000e488
7fefaab
7fd0b68
7f94916
009d4d6
004d765
0051a46
006efd6
7fe0db4
001218a
001be80
004f8f0
7fe5449
7fd6222
7fcdcaf
0021b76
0037ecb
006e498
0072719
7fc5793
005ccda
000a935
7fe2cff
7fd79a8
005568a
7f94fea
7fb2edc
7fa36bf
005ac99
0059f70
00cddbf
0011daa
7fba213
004f156
7f51ea3
000eb93
7fce88b
7f9e11a
000f425
7fd2778
7f6b351
7fef5ed
7f9660a
0022882
008b57d
0067aae
7fb7a52
009ba9d
00400d6
0000f25
002aa4d
7fdb555
00ab427
0016d77
0078a08
000a0c4
00ebeff
001e5f0
7f7eadc
0018963
7fffb42
7fd9541
7ff37ab
7fc446b
7fd1a5a
00228cd
0036624
0035541
001ea88
7ff1813
0042503
7f834cf
00a5436
7f4980f
7ffbac5
7ffded7
7fa6896
004c657
000ca87
006a23a
7f30aac
7fb7e9b
7fa2074
00517ed
0049986
7ef54a9
7ffd26d
000cb22
7ffa0a8
007ef82
7fbd834
7ff4809
00531b1
7fe79c4
7ffb576
7fb530b
0044f80
0078080
00399f9
00ce1d6
00231c1
003c8d0
0006ed9
0029380
7f44a1e
7fde4f6
0078687
7fc311c
7fef461
7fdee8d
7f70673
0008774
0011b60
7fe49fe
7fe3901
7f7ee18
000f644
7f7817e
7fe027a
003e7b5
7fa6617
7fe6e1b
0020284
7fd27e6
7fffe77
7fd1ee3
7fe8f6e
7f8c467
7fcb420
003a213
0096838
7fa13fd
00288c8
7fe61b1
0032f0c
7ffeae5
7fe7a01
7fb30a1
003d9bb
000aeb2
008d0b1
7fcd84b
0012252
000df54
003fec4
7fd8b22
00021c5
7fdd00b
008edb2
7ffd446
0003def
7f845ca
0048ed8
007cc57
7fd5dff
00257e6
000fdc6
00a34d3
7fae1c3
7f86dae
0025fd2
00094c6
7fe524b
0043fcd
009060f
7fabc0e
0018910
7f7e0e8
7fff708
0034a96
7ffc787
7fdb47a
7febd78
0081f77
7ff452f
0017e1c
004f387
7ff39b8
001a489
00022d7
002045f
0029c9b
7f6ff61
00d57a8
00379b1
7fde395
7f9b1f1
00a71bc
7fe5803
0035156
001487b
7ffb69b
7fe740d
0007cd8
0019564
7fc238e
0045f1f
0066a0d
7f5a162
0053435
7fd1000
00062b2
7fec4a4
7fe06cf
0017992
7ff29fd
000aa49
7fd3ed2
001897c
00513ef
7fa3f4f
7fd7d48
7fe62af
7fd3df3
7fbee62
00666e9
7fe1a29
7fef50b
003fe51
7fa282c
7f5ef1b
7ffac87
001315f
7fab71c
005e6e4
0053ed0
7feba30
0077f30
001209d
0002310
0019303
005df35
002d416
7f7e735
7f980bf
7f6d21f
0043967
0011fd5
001616e
004f838
7f75f10
000512b
0003bae
00b7e21
7ff9c9e
7fb5574
0077ceb
00034ba
0017c39
001b432
7fe3d67
001a6a7
0072cf6
7ff3685
7f56e89
7f9fc42
7f5e5d8
7ffc985
008f289
7fb1dc6
000b8b1
0055df4
7fcb76f
0000871
7fbae60
7fc2df3
0090136
0009779
7fbdccf
005e9ce
002cd18
7ffbba6
005b98d
7fc76b4
0043226
001cc6f
0071a2d
7f93f78
000a42d
7fc8d38
004d0eb
004da42
7fae4a6
7f48315
0045abb
0051a39
003c438
001b85c
00b3679
7fc9273
7fe5a0c
7fd14a3
0027d3c
7fe8732
7fe0346
7fc5256
0003050
7f62b00
006aa4a
7fdb602
7fc2d61
0030275
0026dc5
7ff7261
006a58a
00d1144
0022dd6
002bc86
00776c8
7ffc1ad
00190d7
001a07a
7fc7be3
002d663
00779ab
7fc5b14
7faf16d
0065693
003db05
005600f
7faf616
7fff006
00c4159
0021fc3
00005d4
7ff5c36
003d02a
0047238
7f807da
00a0c54
7fc97be
0037dea
0031fbe
002dd6d
7f89005
00020f5
0003ee5
0024fb4
7fc9ffa
00bf398
7fedf6e
7fe1fad
00659a0
7fc4fcd
7fbaef1
7ff8bec
7f87549
7fe8afb
0023d71
0074ae5
7fec097
7ff76a0
7f37b81
7fc14f9
7f93f83
7f273a0
004a7b1
0096193
008a3e6
7f4a962
7ff8c78
7fe731b
7f9442c
7ffec7b
002a772
002ea88
7feed71
7f94345
7ff7271
0065e97
0024538
7fd3b71
0058112
001a410
7ff1a4d
0032251
0029756
007ca68
7f94e71
7f9595d
7f9d172
7fc6936
004da41
7f8536b
0053ade
7f81a2a
001b2ab
009876b
7fdd17d
7fdd938
7fb75c7
003419d
7fc8b5e
7f1ffa3
002806b
00509a5
7fd3236
7f8f069
000f2e5
001be1b
7ff4354
7f9a169
00304df
7fb8310
007b0cd
7fd485f
00d9d50
00296c4
00254d0
000c3c6
0056f91
00206f0
7fad816
0025a15
7fe702b
005345e
0055298
7fa9249
001c351
004c809
009ab6a
0074e7f
002930b
0042efd
010ab5b
0014e34
7f7eee8
007e290
7ff7959
7ffb3be
000d827
0011094
007362c
0086e2e
7f9040c
7fc0d01
7fecc15
002fa79
0040aa8
7f7cdd2
00b1f09
00234fd
00331bc
0009e87
7fd456f
0050a5a
7f45fa2
0014ed2
7f68374
00057f4
00514aa
00cf7c0
7fc4062
0072e0d
7f98c0a
7ffcd75
7fcfc1b
0002150
7f6f6a4
0043198
005f743
001c1e9
7fd1935
7ff774e
7fec571
7ffb297
00ebc62
005679d
7f5b305
7fbc5f5
0017226
003d301
006f12f
0011fad
7fc678b
001722e
00cdd0f
7fe2560
7f7dfa1
004e343
7fcfb2a
0007309
0047023
003b6b8
7fb485a
7fcf9db
0019d5e
0070f44
0071f14
7fee063
7fdb9a9
0026ad4
7f867bd
0020d23
000ed58
004bef8
00486cc
7f86421
7f793ce
7fd4669
7fc6c5c
7fba8dc
0067771
7fa020d
008d817
7f86205
005ea8f
7fcd423
7ff0a00
7ff43d5
0026e53
7ff3c69
0081690
7fe8177
00771e5
7f8049e
00999ea
002ca44
7fdb879
7ff3185
7fdebfe
0016fb3
7f66186
7fb249f
7fc51f3
7fa212d
7ffd51e
7fe0933
7ff865d
009733c
7fe8a20
7fd1660
001704b
001f66d
00af471
000bba8
7fd4adc
006d0b2
0014baa
001e7c7
0032a97
7fae447
7ff5fb8
006e5f4
003542d
000de43
7ffadd1
000e029
003a6ad
001a186
0001782
00088dc
7fd0142
7fc8e39
003affa
0061917
7f73f4a
7fa189e
7fee666
7f99060
7ff28fd
0083a94
003af36
7ff3d11
002f842
00722ac
006c28c
0045311
0053876
7f38430
7fb8239
002d49e
7f83248
000fe00
7fd5ff5
00156ed
7fc00aa
001a0b7
7fe42b6
7fcb5e0
0035f6b
001eb57
000352b
002db15
7fbf71d
0067265
7fa508e
7fb42b6
7fef8db
0107981
008a500
0094c85
004c70d
000bbbb
7f861bf
7fca00f
7f557e7
7f9cd41
7fd6570
7fee0bf
00a0b5b
7ff48e3
003e104
001e314
002e760
0024cd2
7fb665f
7fc1d2e
0081407
005c52c
7fafc7a
006e200
7f95900
0018c24
004ac33
006ffe3
7fbfcc0
00a962b
7ff7e58
0001aae
7fdae43
7f8c170
0019ecc
005fbf1
00098de
00193ca
7ffa66e
7fdac2e
003c630
009e466
7fe7519
0030d8a
00140cf
7fd661b
009840a
7fe6a84
003a9de
004b6e2
00b2258
002ad75
7f7abca
008855b
7fa14c8
001870b
7fc02e8
0092010
003ef41
0008063
7f91e58
7fd3f20
0029ed7
7ff13cd
000326a
7fe0512
7f5fc6f
0010af2
7fc5d05
008f54c
005c4aa
002a155
000587c
7f97f7f
7fe26e6
7ff1a0a
7f96446
0000d16
00237a4
0080ddd
7fdf0f7
003dd07
7f6f13c
7fb88e5
7ff7a40
00037eb
005008b
7fb6140
0068623
7fef722
7fe2189
006ee4f
7f831c8
00a4d4d
7ff1a1f
0012cfb
001c5ae
00113bb
00143bc
7ffa338
0010ad8
7fdde74
004a8fd
7f90e1d
00254cf
00bc274
005853f
7f94a2b
7fb21d8
002f62a
7fdf8d3
00704b0
005b885
7f687db
000eadb
7fb451a
7fdaa3b
7fe92ab
7ff543a
000e1e9
7f6ce56
0018e24
001310c
7fdc57a
002a61a
7ff28a6
7fcf226
004a270
7fe28be
004326f
7fac1ee
7f8f575
7fc9189
7ff8374
006896b
0046c00
7fe8a54
7ff6e14
7f70c7f
0085daa
00027c8
7fa58c1
0046b71
0005aac
0080853
7f8d19b
002f198
7fd4149
0063a21
003790e
006a50d
00206df
0073a3e
7ff3b36
003b041
7f796cb
7fa7505
008137d
7f1ec95
009bc5d
7fdeb58
004201b
00f61cc
004121a
002054a
7f7374b
7fba844
004f328
00509de
7ffe434
003b2fa
7fd7472
0036c53
7f8478c
7ff9950
7fc7809
7facf4e
7f94a30
7fb627f
005205a
7fa37cf
7fdfe65
0013137
000a857
008439e
7fae178
7ffa2ca
7fa3e01
0021d9b
7ff5ebf
0050936
7fb17eb
7fe89fb
7fb8a20
7f73072
0017fbf
7fe3d18
7fb6159
7f92cc8
0067c9d
00215d1
7fdf869
7fc027b
001f62c
0073589
7f7732b
002c955
7f68bb5
0021c75
0032732
0048f96
7f817a7
7f6207d
00127a7
0013d19
001a52b
7fd817c
7fbfead
00322dd
006dd3a
001fd44
0069475
002f3e3
7fb6716
7fc6787
7f46ac5
7fb98f9
7fd0f82
7fb68da
7fe3b90
7ff2326
7fa7322
7fce9c7
00d0f8e
7fa186d
7fb3cf4
001c777
009435d
7fc2f08
00211c2
00343c8
7ffffa9
7fffd59
7f9ac60
7fea24e
7fa57c4
7fea0af
006756c
00050de
7faec30
7fabb2a
001371a
00134d6
007d471
7fd1830
00858df
00abc4b
7fadce3
7fe2eb2
7fdb392
7fe18f3
003ed5c
0050738
7ffce47
7fd95d8
000a9a0
7fbbae0
0043af6
7ffa6b5
7fee7ee
00245d1
7fc0b76
00338a3
7f9dce6
7fd275d
7faa20d
7fa46b9
7fd1658
0056461
007c1c7
7ffd1da
7fc39a4
7fcc7c1
7fcf5ec
7fa3385
0034cfc
004f163
00d50f6
0028216
001d0ce
7fe986a
7fedd97
0015c96
009b452
001b910
7f7e04d
003c874
007c0fc
00e3684
0036dc6
7fecc68
7f5add2
00004bf
005fdfe
7fdc8c4
0074882
006fd20
00a3a16
0050720
7fc6276
7f9b768
0025bfb
003e8f2
7fb3e38
001a877
7fabc4b
7fa7be9
000833e
7fe4739
7ffb4a2
7f1dc39
003c7e6
00126e3
0087f37
001c407
0055cbc
7fb5f91
7fd2dd5
7fd006f
001ceee
7fda898
007286c
7fbebbb
00683b3
008c4fa
0008bae
7fbe805
7ff6d6e
7fe126e
7f9047a
7ff76eb
005b060
0016b35
00080b4
7fdbf9e
0035520
7f672cf
0005a12
0046ad6
0034037
001fa4a
7fd120d
7f42b54
0045c91
004e209
002917e
001547e
7fc00e4
7fa38c9
003c852
7feb626
7f26c77
7f35ae8
7f8c6ef
00337c2
7fe07df
7fa069b
0016fe0
7faa978
0053510
7fbe61b
00114dd
001d6ce
00156d0
001e571
004c34d
0054a35
000a7d3
001b149
7f9bf6a
001e958
7fd0296
7fcc623
7fe1913
002cb47
7fcaeb6
7fe67e9
0061a00
7fe03be
7fcc580
00861a8
7f630b7
0058e3a
7fe7b90
7ff16ee
7fe7a84
005041d
7fe4b0e
7f93e62
7fee177
7fb18ab
7f8a684
7fec995
7fb5721
7f70142
0032f27
0014fe3
7f47572
008352d
00480a0
7fc0898
0031ad9
7fe608a
005024b
0056a17
7fbbfce
00619d5
00c8ebe
7fc7c4a
7ff6bef
7ff326d
7fdf8ee
7fe632f
7fda4c0
7f928c4
001f051
7fc83dc
7fda155
001e0d9
7fd5631
0000901
008e2d6
7fddc7b
00334fd
00418d6
0007dda
0064f53
0014856
003e99a
00553b6
7fcda0f
7f5d902
7fff30b
001ba4f
7f79bc0
7febb93
009737a
0062eb6
7fe18d9
7f9dbe6
7fc48b2
7ff9acb
7fde4c4
001eda8
000a8a9
0037518
7fd6993
7fe2a5f
7faaefe
007af78
00da618
0074694
7fb1bb0
7f99684
0048b26
7f9fd7e
00129d3
00d373e
004bfc8
00455fc
7ff2ccb
00210c5
00127b8
0035df1
7fdc835
001dd75
7fd8277
7fdf818
7ff2d6e
7fbc75a
0060197
001382f
7fd837b
0020353
7fd9250
00436da
7f8e242
004a0f0
001125c
007f0a7
0067c51
0056211
7fd0de6
7fb3f52
00274c4
003524c
00b0b21
004b16e
0080e70
003b319
7f8e435
7ff9bb5
000114b
003d07b
7fefd86
001c4b4
7fcc05d
7fe9ba1
7ff8e1b
7fc5a42
000c2c9
7f53ef0
0033b72
00145f9
0005ff3
7fb4bb1
7fcd96c
7fd5ec6
0081cf8
0021c52
001bb97
7ffaa08
0019f07
0039ff8
0029c31
0067e49
002533e
000c01e
00b1485
7fae347
7fd91d6
7fb395a
001d2cb
0082314
0052410
7fcdec5
7fedc69
7fb2ca6
0056676
007b323
0023260
7f91ac3
7fbb1c5
00ca963
00a1257
00a00d9
0019b16
7ff45a9
7f1c924
7fb970c
001ad73
7f9b0e5
001b8c5
7fa138d
7fd7689
00237c4
00772b8
7f9d865
0023dad
00774ff
7fab639
7ffbd32
7ee08d5
0051447
7fc4a0c
009cfd1
00712be
0053b65
00573e0
7ff236a
7ff2af6
7fbebf8
7fabbe9
7ff8ebe
7f9a0d7
7fa84d8
0022c5f
0072878
00237db
0001076
0013a0c
0030928
7fd503f
7fc9e35
7f55a9f
7fe211e
006bdb1
7fe23ba
7fa637a
7fdc1cc
7fcdf13
7fe3866
7f9792b
000825c
001d853
7f7713a
7facd04
7f6f94d
003c805
7facbaf
005e3f6
0047c9c
7fb83f4
00241b8
7fba40f
003a024
0010937
000a6e2
7fe19f4
003d373
7f9142b
7f75300
0037fd0
7fe2b2d
0002846
0094f69
7f7d8dc
0066a64
0091a71
008129c
7fcc71e
003e310
7fe14ab
7fef949
000dbb9
7fb36ab
7f4db39
0071576
7fdc404
001d8b1
000d5a3
0061e52
7ff27b0
002c8b3
7fd41fe
0048803
7f89a0b
0034ae1
7f9746e
005413e
7ff6133
002b288
7fd8600
7fda597
7fdc024
7f6fbfa
0037dfd
7fc39fb
006ec7c
7fe83d0
7feaa5d
7f8900b
0078fca
000a2cb
00657d7
0091fd7
7fff538
7f6344c
7fed552
003dc60
0042f85
7ff75e2
7f6eb84
0048dca
7fa6422
7fc6049
0013a8b
00166b6
7ff352d
7f90649
004101b
7fe70e3
7f813ad
7fdab24
7f99a2f
7fee35d
7fb7d09
7ff2d0c
7ff0fe7
7fd6ed7
004d9b3
000c76c
7fab2f5
0011430
7fed195
7fe1081
00437fa
7fc9d49
7fff404
001bd3f
001f069
7fef5b9
7f769f6
7f56c07
7f895be
007a2b5
00375ec
0043fc9
7fdaed0
0003bc7
0020917
0002065
0005472
000132a
001a07e
7fa06b4
0084056
7fbbed9
0011e57
7fafbaa
7fb11c9
7fb2884
7fe88e8
7fbff55
0047ee4
0010c5e
7f66aef
0022f27
000568d
7ffd879
7f9c1b0
003f3be
001b45c
0088d8b
005dbda
005144e
00294e5
0099aa3
00816f9
7fef0e6
00296c3
7f8b955
7fd36b4
7f9925e
0035fe9
7f94186
7fb39f8
7fe2064
0012f76
7fbece5
7ff3391
003d0ca
7fc0b89
7fe39b8
006e883
7ffa585
7f9a907
0018fc8
0055526
003af6f
0097adf
7fb2acd
009f16c
7fee99f
0050a6d
000072f
7fe4240
7fac2cb
7fe5669
7fd8385
7ff94df
000349e
0046d32
7fb067d
005be95
7fda11f
7fae05c
7f783ce
004a7da
7f138fc
7fc7fdb
000915e
004b65d
001f1ee
7fbb72e
7f81e04
7fdaeff
0000e42
001fa97
007f868
006127d
7fcc781
00674f6
002b472
00505f6
7ff30b5
7fc6dd8
001d2be
7f7541f
002a572
00c65b7
003ae65
7f96879
00a7492
7f855b7
005ce78
7fd5807
7fb3073
00062fd
7f62ce8
003f391
7fbc9e0
001b139
7fc9d05
7f85084
003f98e
7ff5ddc
000a255
7fdfdf9
7fc2a34
7fb7cad
0006235
7fc5e84
0027fe0
7f8125a
7ff8bbe
7fa66dd
7fec0dd
0052081
001b83c
7fffc3a
7fe2ab4
7fd975e
7fec02e
7fae64f
7ff88b1
0047bde
008849c
7f96c3e
7fbe127
7fd16c4
00124a2
7f5b750
0060921
7fd8e75
000a22d
7f4c590
7fcb90d
0104171
7fdf797
7f2d380
0067ee4
006cfce
0083778
0033808
00354b3
0024844
7fcb36d
7fb7422
7fcadfd
7fc9d5c
001d08a
7fc2235
7f741ff
7fb08df
7fd2ab3
0007d0b
7ffdb66
7fb3f61
7f854cf
004ea95
7fdd09a
7fb079d
7fc8632
003c34b
0065dee
000e7fe
7fde0f8
000bf5b
0048b2b
7fdafb0
7fafcd4
7fc44e9
0070407
0008943
7fe2926
00792a7
7fb9b26
7fd6499
0043660
005301a
0011d6d
00496ec
004de97
7fe568a
7ff3239
7f7a90a
7fc7fa5
00057c2
7f99ec9
0064c5c
003fae7
7fa935d
7f98931
7fd328f
7f51ce1
7f8e5c3
0013570
7f8a77a
00496a1
7fa5e02
7f5c5d1
7fa3e9a
7fdfb8d
7ff3d7d
7fccc33
0024f18
7fceb29
0028e04
002975d
002e575
001984a
7f986c5
000d0a0
7fb4117
006c7f6
7fb1e5e
7f9992c
00d432d
0017333
7f9a59c
7fe2902
7ffbe33
7f99365
7fe1c1f
7f5abe3
7fae2cd
7fd6519
7f149a8
000dd51
7fdde00
00105d4
00039bc
000528b
7f9d682
7f757d6
00388a1
7fbd68b
7fa57f1
0050460
7f70dc8
0033b14
003098a
7fc4ec9
006fc8f
0012162
0089694
00092b9
7fa8d70
7fdbda4
7fbb067
0054341
00016a1
006f485
003d967
00052d5
0026da0
002b005
0017149
7f86666
7fd6bd7
000bb06
0029211
7f7097b
0093be5
7fd3a55
0050333
0097a01
7fd83b2
7fa0d56
7fa0c41
7fb61b4
001c712
005631f
7fe66fb
7ff1c25
7ff893d
7f875a3
7ff8f6d
7ff7dd0
7fd4d26
7feb74e
004841d
7fd1bd6
7fc3743
7fbd9d9
7f80604
0000dcb
00955d9
0065cb2
7fec699
7f9471e
004b23f
7ff2166
0017942
004e734
7ff4895
0006f56
7fa053b
003bc1d
004329b
0064a45
7ffc49b
7fac30b
7fcdf5a
003bb0c
7fbef33
7fe7870
0024100
7fa707d
00603c1
0024102
7fa372d
7f63d84
7f7ef9a
0013a02
7fe52fc
0034202
7fa48ae
7feaa15
7ffa5d0
7fc8bf4
001e7d8
00058e6
7f65ed5
00b1e36
008c716
7fa5d48
7f5b7b2
002a4cf
7fbe58c
001f142
7ffb19f
7ff5e87
7ffa20c
7fbd1d0
000d9e6
008cae2
7fff200
00600b7
7fe1d94
004e946
005bd22
002d971
7fd9c67
0021abb
7fd2d77
006327d
7f95717
00989d5
0079f6c
00171db
7f5497b
7fc4a5c
7fec284
7fe73f7
7fe354d
7fc965d
0041ddd
7f954d6
0003d26
0027889
0067a32
002188f
7f80497
008403a
7fcd91f
0048da2
7ff5890
7f82b6a
00002f9
001a20e
7feb6a3
7ff6bd1
7fffc96
7feeffc
0033335
7faa188
7fff3f1
0033f93
7fddde9
00143e1
000df54
7fa22e0
0094799
0039894
0001e04
00291eb
000d4d1
0014dd1
0037714
002b25c
7f81554
7fffcbe
003ffcb
004169a
0004817
003105a
000bd3d
7fbf192
00ad284
00272c2
7fe90e9
7fdbfec
7fe1420
001e08c
001cb91
7fcea0d
7fb83c4
7fa83a5
7fce0bd
7f73b02
007ee72
7fbfe0b
7f7490b
7ffc7a9
000d631
005115c
003c75d
7fb3186
004a65a
7f8c5c4
7f55c8c
0044aef
006e4df
7fcca9e
0035968
008b3f9
0012a77
008d553
7ff72b4
7fa64cc
7fc1554
7fd913b
7fa31a1
0017608
7feacf4
7fdd59d
0072b2a
7f998b1
7f81fb5
7fb0858
7fe183d
006cc01
009e409
7fffa48
7f830fa
000d9b8
00249c3
0080332
007625c
7fdc51c
7f778ce
00f06b1
004e691
7ffcb63
7fdda00
004aebc
007a655
00257a5
7fabe4d
7fdd96d
7fc4301
7fee4c2
002133e
000f6c0
000fcab
7fbb89f
00c1fc1
007c30d
7fd923d
00750f5
7ff621c
7fab8dd
7f9744a
7fd29a6
7f9d97a
00555c0
0107b4a
7fe61ae
003a6e2
7ffdfc1
7ff1bf2
7f76ff1
0008bbc
7fd029a
00073f5
7fc2202
7fe5d7e
7fbe45e
006132b
001cb34
7feb58b
7fa934e
7fafa1e
7fa528e
0053714
002d2b7
0001d53
7fd41b2
002679c
7fdbddf
7fb1111
7fddf57
7f7b089
7ffae66
7f562dc
7f90ee1
0056ea9
7fd5948
00290ee
00777de
7f93c75
0030c21
003f66a
0050ee5
0025cb6
7fce0b4
0019f51
7fada8b
7f9c177
0020dcf
0043d60
7fb8ab3
7f245b3
009e41e
7f90b5f
7f96785
7f4cea2
0065d3a
7f9c100
0031261
7ff2afa
0031d0f
7f493dc
7feb9df
002dce9
00147ff
00b8ebc
7f35704
7fe0d4d
7f8d225
7fbfa8e
7f68bc0
0048510
00f5f39
7fece06
006cc1b
7f4e7e9
7fd4100
7f62658
7ffa7fb
7ff824a
006b370
004a2f1
0006f75
7fd0e76
004bc16
7f9f78a
7f897fd
7fe94a0
001ba15
7fd0dc0
000b84b
7fcad04
000549b
0025abe
7fca491
7fa465a
005617f
00138d6
00064a9
0088ff2
005e834
7fed1c1
004cb98
7fb559c
7ffc4e4
00663a8
002b64b
0003214
7fc4891
008718b
7fe4d34
0037696
7ff6b53
7fc1395
0063357
7fa59ed
0052160
7febfb6
7fb2a71
7f71702
00373eb
7facd68
7fac105
0003bda
0010fca
004a8bc
000243d
002f0af
7ff990d
0065d1e
7ff44ac
003d4cd
7f884f4
7f87349
008accd
7f2c2f5
7fa5901
7fe6ab9
7fefab5
0070d56
0008c9d
7fd2cb8
00b5123
0066c57
7fe431b
0053aa8
0047987
00041b1
7fece93
003b658
0028faa
0074740
005c64f
7fac3a5
7ffa032
0023cb4
7fe8125
7f7b87c
001a690
00418b1
7fbb9ff
7fd3213
7fa55cf
7ff4330
7fc1b7a
7f82e5a
00559e7
7f95f15
004eb94
7fe7779
005a04f
7f57c5e
7fa2d58
00491aa
7ff162d
7fe359a
7fbe185
7fe8b94
000c93c
7fdfe43
7f7cf15
0042035
7fbf083
0042590
002d235
7fce446
001db04
00015bc
7fb1778
7f833a1
002c692
7fee038
7fc1ae2
0055afb
0045e72
0047fa3
0028ae2
7fbb023
7f75e46
7ff16eb
0095213
7fab2ed
7fba77b
0019f7d
7fa1a8a
7ff72da
009399c
00531e7
7fb7842
0091988
001764f
7fa2d19
00132fe
0015306
0003382
005a91f
7febadf
7f91a39
003f564
7fe32f7
7fdbdd8
005e9a5
0038372
7f97b8b
006d136
0005bdd
0035274
0034103
0086837
7ff4a2f
0003748
00a705c
7fc287a
0002711
7f78141
003f3f9
004430d
003ff31
7ffaafc
7ff65f0
003255d
7fa64fe
001bbf2
0007dab
00015b3
7ffb49b
0058266
7fee699
004e0af
00d6a3d
7ff3132
7fccd9f
005aa86
0005a62
0028a71
0015521
0021975
7fbef04
001aacf
003a72b
000060f
7fe1bf3
7ff6de0
0040d7b
00684b8
000d944
0005086
0033f29
7fb0a8a
0077627
7f9f4c0
7fd85eb
7fe6d7c
0090962
7f6e466
0024962
7ff78a8
7feb832
7facb1a
00f3723
011aed8
00948a9
00affa2
00042d9
000be26
00490d9
7fcb2b0
0061d4f
0007eee
00353a4
7ffc723
7fda742
7fa03bb
7fbe883
7fedb0e
00507fe
7f9143a
000803f
0034755
002bac0
005fcd9
000e84b
002dc24
7ff30d3
7ff42e4
0076d01
006968c
0016659
00da49f
00339c1
00065f8
00631d6
7fe80a4
00ba145
001af3d
007a55d
0016aba
7fbb359
7f8f9a8
002252b
006db75
006ad0a
009e940
00426cc
000c8c2
7fdcdb6
7fc40a8
0000236
003b384
00628e3
7fd6328
7fe1318
001eabe
7fe10a6
0026419
00a7ab6
7fd237b
7fe9668
004eb54
0040206
7fe3c0b
7ff0dd9
001a606
00176bb
7fe3402
7fcb79c
006943f
0018682
7f852a1
00316a3
006933e
006f1d8
7fdb743
7f0607e
7f6c5cd
7f7b827
002d586
004aaf8
0065d8f
003b87e
0022b26
007186a
00390d7
0028409
000e66a
7faf1aa
000100e
7fb96e6
7fdfa51
0091a83
001afd1
008e01a
7fe76e9
0021591
00dcb54
00238fc
7fe1499
0096ce7
003606f
7f6e7fb
7fa0cb0
00606be
00cb5d0
002b3ef
00152af
7fbd778
7fb1986
0007c6e
0040d75
7ff19bb
00427b3
003f6ee
7ff6f5e
00080a7
00295e2
7fe2e1d
001ad1e
001c76f
7fefae1
7fb5b5a
7ff4c52
7ff71bc
006af00
00d01ec
7fa298b
7fe4738
0012f67
003cf88
7fdb499
7fda433
7f501c0
7f913a4
7fa3ab4
7fef99e
7f6500c
00719f6
0021626
002fbd5
004c59a
7fb02fc
002a420
006ed7a
005bd07
7f6683b
7ffb2f1
003df02
0017904
7fdd643
7f8a388
00209c9
7fff0fd
00a8e96
0067978
7ff0184
00a496f
7fa541d
7faf609
002fb3d
7fa4081
006eade
002e2b6
00215f9
7fec076
0006487
001b748
0023a85
00646ed
0020863
0058b77
7fc46c7
00b5c6d
002837d
0064152
7fdde67
0030a27
7fdfc54
7f87620
0046c46
0043dd6
7fc29a0
7f61c71
7fb92d9
7f9a22c
00196bf
7f3fed4
7f92ab2
7fb71db
007ff3f
0052e99
0067dc2
7f5f43c
0035812
7ff960c
7f9ccb1
007a4f6
00688eb
7fe7f54
7f955e9
7fc2bc1
7f7548c
7fbce91
0091864
004d90c
7feaa28
0125570
003e63f
002ae9f
0078cd9
005ace8
7ffa3e8
7fd5766
00259f1
7fedbec
7fa2937
00752d6
7ff124a
7fc180f
006759f
003b367
7ffc22e
008e934
0003990
7ff99d2
005e479
7f9bd0b
002407f
7fbe86a
7fc82a6
009861c
008a706
00313e9
7fe74bf
7ffa77c
7f21cbf
004f333
7fcfe3c
7fe0e4b
7fcc48c
7f8ec5f
7fd6c7e
7fcae42
7fec2f8
00039a1
009a1d5
005350e
000c014
0087d73
7fa8ddc
00a50fa
7f9c371
005daf7
7f9fc2b
7f967de
7ffebef
7f960cc
00837d8
00200cc
7f58f19
002768f
7edf5eb
00199a0
004a7e1
7fd06d6
0020bcf
005ca91
009b573
00e7c5f
000f892
001aed5
0016a08
000e8e7
7fcddc4
000985c
7fc6f76
7faa3bf
004e04d
7fe9619
7fcc14b
00f1beb
000f9d3
00005c7
0037fe6
002a5d2
7ffa1de
001d72b
7f58905
7f5e52c
7fe7ea1
0077e96
0047a1d
7f51e9f
7fb4b2c
7f769de
7fd5ed4
7fb65db
7f9dda1
000b40c
0028e08
003f933
7fb61c8
7fc341a
7f6c30a
7fe3cc3
7fc3b74
7fb620a
7fce3d1
7fa54bd
001112d
0039947
7faf573
7ffe198
004a776
7fc3b2c
00e4f9c
7fe43a4
7fe64f4
7fdcdff
0003499
0014c8d
7fb27c6
00740bd
00a6262
7fdeb83
002567c
00a7ca5
7fa7c50
0065e15
7f937ae
009d0f7
005199a
7f937e9
003344d
003a6a4
002a153
7fdff15
002aeaa
7fdd62d
7f64a74
7fbdfab
7fcddd0
009c48a
003929e
00a7733
7ff4955
00386c7
0070e74
0015460
7fc3bbc
003eb65
0073e71
7fe0270
002562a
7fe5740
7f7ae37
002a93a
0045aba
7f57718
7fb9d07
7fe4bc7
7f84651
0047127
7fcd303
7fcde7e
7fe189f
003ba91
7febaed
7fccac8
7fbc8c4
7fb2a23
000cf0b
000a847
7f67ae5
7fb30ca
002865a
7f671f7
006705a
000cdd5
0054806
7ffa09f
7f7c54a
004f0a4
005c320
7ff4999
7f5e1ff
7f9d8fa
00474ca
7fc1f85
7fe35f6
7faec1a
7fa015d
001fcdd
7fe844b
00303db
0095e01
7fc2b2e
00dc3b8
0031983
7fcf949
7fe85c8
00b375f
7f5aabf
7fede7a
0043aaa
7f32272
00c873d
001bb2c
7fde91d
7fb3907
00e1a6c
004e8a5
003a2ee
7ffb871
00299f0
7f7e9e2
0055dd9
007918b
0054f42
0080613
00fcfc5
0006848
001ae33
7fb6b46
003b51f
0011a75
0039921
00be3e8
002870e
000134a
7fafcda
7f8e37e
0022c8c
00da574
0005dc2
00240ab
003fffe
0014142
00c420e
0003d9c
0034a7e
0023e4f
7fdb326
000b38d
000e5c9
008e0cb
0012305
001d667
0005fea
0037a94
7fee3e5
0043229
005ed4b
7fb40a6
004a131
7fba4c4
7fb5009
7fe7c6c
7feaf91
7fa0782
00aa884
7fdf6d5
0075025
7feddcc
7fd89cc
001a315
00560f4
7ff55d3
7ff8548
012e6c7
7fe4144
7fe1264
7fa0105
7fe47bb
0080ffc
7fe288f
0024793
0017941
004274d
0001de4
0070a44
7ff69f8
0099a98
00654ba
003e14c
7fc4c61
00511b4
0033b9c
000a2a3
7f866bd
7ff0df8
001be87
7f9c083
008ed57
0065f4b
7f9ce0c
7fb57dd
7ff9104
0044150
002984e
7fddfc0
7fcd5bf
7f84712
7fca4fa
0006363
0012187
0035fd6
7fbb06b
7fca96e
7ff2a10
7fda0ea
000f8d2
00a204d
7fad2ab
7fa3653
7f827ec
0050321
7fe67d2
003f109
00025ce
7fa7f29
7fca78e
0003f0e
7fa1d60
0095a1c
0042e33
7f998fe
7fc556d
00436ea
005e4ab
009d853
7fef811
7fdaeb7
7fec6b4
7fb0092
000f9ff
7fd9939
7ff9428
003c321
7ffb772
0068e97
0004da1
7fd3993
7fb7627
7fe922d
7f9c44d
7f15517
7fa9734
7ffa49b
7fdc3ee
003b5c8
7fc48f9
002ee99
7fd9a15
7fa37c5
7ffc168
00168bc
7ffc0f6
7f8f463
0036896
0018b26
7fe5d62
002e1a4
7f590c5
0057096
0007f3d
7f629b7
7f7e3dd
001f11c
00425de
7f6e8eb
00396a4
00b09ec
0012d8a
7fbd37b
0026564
7ff63d8
0013b97
00a0800
002af39
7fd6453
00339b0
002bf14
7ff5073
001e11a
00519dc
00d4a53
003dfe0
0053ece
7fd2d4e
0051c99
7fef43f
007d6e9
00715e8
7f7e489
7eef26d
7fdfe58
7fe0ad1
7f76b1b
0022230
7ff9046
7f8c3d9
00655da
7ff68af
0063b91
7fc6c09
008dd02
7fb7a8c
7f5a9d0
7f9af8e
00406d7
001c3b5
0023834
0000305
005e526
0005589
006b089
7f8f2d8
7fc1307
00603d5
004a02f
7f3b3e6
7fd76a4
7ff064d
001bdc7
007fc42
0028c1a
7faccac
7f96819
0050ed8
008ecec
7fc82d6
0060348
008daac
7fe801c
007758b
0027d7e
00ae7e9
003f009
004016b
003d805
000a4b2
0007afe
7f8b1be
7fff546
7fa7d7e
7f7d54d
002a4ed
7fb1f8c
7fa2482
0076097
006bfb1
00d5f09
00693ca
7fb3b50
0070945
0026d47
7fcd20e
011a364
7fd0ac4
7fea0ac
7faa454
7fe2094
003913e
003a91d
000f741
002a26b
7fd15ea
005d29c
7f9bfe8
7ff1182
006f2ab
7fd651f
7ff88b2
7fe0196
7fa854f
7feccdc
002db03
00315a7
7ff6f86
7ff8eae
0058a57
0070264
7fe45a1
0058c52
006bd1d
004dee2
0035a58
7fde54e
008c272
00f1a68
0038213
0007b37
002b217
7f9e8e5
7ff7f43
000855e
7fcab4b
006ddca
000a703
00f65a9
7fd24da
00ac480
003ab19
7fc6575
00288ef
00591dc
7fdeaff
7fb594d
7f8d5c7
7f61b8f
009f52a
0043a19
7ff00e7
00351e7
7ff8691
0026d26
001e4dc
7ffe1c8
002eb3a
00099b3
7fb3f64
7fb99b8
7ff22d2
7ff457b
0036fd4
7fa6066
7fd54e7
7fd1a0e
7fe3e36
7fd6681
7fc7c60
0036ae6
7fb9744
7fc3571
0055fc2
000ced7
000a04d
000afb5
7fd6eb3
7feb321
7fe8508
008c2fe
7ff5828
7f44368
001eef9
002e21f
006eb66
7f28087
00233b2
7f96d61
7fa997b
00846bc
7f8348c
0007cbb
0014e8a
00704d9
002027c
7faf268
006d06c
0065c30
7fe4762
7f92d2c
7ff6f6f
0052b13
7f8d8f4
0037ece
0062520
7f9d4c3
00288ac
7f5a873
7ff5ec6
003cabf
0071bda
7f7fb63
001d639
7ffcf9c
0005dc8
0090d75
0034157
7fbd82d
000dd16
7ff9dc5
7fd5111
7fb7b39
7fe865a
7fefede
7f725a3
7fa4531
0051d10
001aa87
000352d
000c073
7fc364e
0095c2c
0007df4
0044a5a
0019e0a
7fea48c
7ff9160
00584c7
007f496
004f618
7fc7ab6
7fe25d6
00098e1
7fdb26c
0016a9b
00b8d7b
003ab15
7fbbecd
7fb7c5e
0033943
7ffc002
000fa29
7f6adf8
7f95b1d
0026419
0071d7d
7ff3969
000e873
006e7b5
7fcbbaa
7febdd8
7fb654d
7f884c2
0042737
7f17cf6
7f9b822
009e837
7f8b772
7f6c796
7f9df98
0048597
7ff3880
00eb3ad
001400a
008dc04
0080418
007afd4
000f0e1
0047845
0061929
7fce52a
7fb73c5
006335a
7ff1e8b
003b6c9
7fb313d
7fc8931
005665a
001649e
004a432
7ff41d1
0002753
0025c65
7fb359a
00812e6
7ff8d8c
0064f2a
006546b
7fa72ff
00bc62a
7f396a1
7feca87
002e32c
005a530
7fb4d82
7fd5c9f
7fa3f50
7fca071
0043584
001abd1
7f57b6b
7fd2156
7feb330
7f54bb0
7fd9133
005142a
008facc
0016e42
7f6fd47
001ae34
7f97149
7f9875a
000d0f7
7faca82
7f9a7d1
0021a52
00391e9
006d194
7fc3ec1
7fefee2
004ad00
005dbd5
7fb3998
007b016
005ea61
7fa596e
7f2a36b
7fca2ad
7ff7e5b
7f58eee
7fcbffa
00464f9
002e637
7fc9ca4
000814e
009aa13
0092aa0
00292e0
7f798d8
7fadaa4
7fa7016
0021cb3
7fc6270
003feb4
7ff48bb
004ae73
7f7b6fa
006b665
00434c2
00094f9
0068598
000464f
003de19
7f7a770
0046d8e
7f4bba4
7fe23c5
7eeae9f
7f39645
0038614
7f46b28
7fd8be4
7fbeba8
001a147
0004135
7f510cf
7f6eebb
0037a5d
7fc9bc1
7fe82ef
0003ecd
7fef293
7f9f351
7f2cc30
7fc2ba3
7f94c21
7f79333
7f46623
7ffc0db
7ff5582
7f798ac
7faef36
7f82bdb
7f3d03c
7fbda9b
7fd6a42
7fa92ae
7f888af
7ff4427
7fcd014
7fa7864
0037bd8
001a551
00434be
7ff0f84
002072c
7fe4f72
7fd5eda
004d253
7fb3dfa
0018a81
0038873
0038a32
7f992fa
00836e4
7f5f88d
7fc58c4
003c1ce
7fd0c31
7f7b462
004a9d1
7fed080
7f9813d
7fd18b1
001ad45
7ffea05
00223ed
7f776f0
000a686
7fa5a88
7fc8700
7ff9056
7ff2c1c
7ff6ff0
004750f
7fb066c
7f6b470
7fb8355
7fef2d5
7fba8dc
001f1fd
7ff3c3c
00bad1f
7ffddc7
7fe36bf
001a501
000d40b
7fcd73c
7fae6ff
7fd6613
7febd35
002be6c
7fee81e
7f52149
0057fb3
00a6ceb
00b6778
0021e78
7fb193e
0064f69
7fa0078
001ffdc
0081769
002bc28
7ffab8e
7ff4162
0069735
000117a
002a3cd
7fb7093
7fa05c8
7fe7bb9
7fde188
7fa37e4
7fe2522
7fe9347
7fcb0bd
0020073
00024d4
7ff0556
7ffaac1
7fb7052
7f8383d
0089f44
0068444
0019755
0030de9
7ff50a7
7ff90af
7ff414b
7fc193f
004b4f4
0010424
7fcaa3e
7fb4dcd
7ff0402
006c9b7
7f71867
7fe429f
7feeb13
7f9d939
0083f8e
7f19f45
7ff981b
7fffa65
7fe1962
7f9e97e
00106d6
7fa8599
7ff403e
001b345
0033d80
7fbfb3b
7fd886d
0040aff
7ff4c8e
7febc55
000c0d9
7f808c9
7ffcdf0
7fc4e8e
7faf330
7f32fee
0036add
7ff0223
004b445
7fcd667
7fd6375
7fde1ac
7f84cc3
7fc0b83
00aab15
0028a86
7f6ae81
003848b
00327b6
7fad0af
004fb30
7f7a45e
7fc14ba
7fdc068
0003155
7f65795
0025123
7fe5f72
7ffe3d3
0008f37
7fd1a3f
001b0a4
001d469
7fec6dc
0004ca4
001d737
7f23d59
002d9c2
7fdebd9
0055c0d
7ff7d9a
7fab21f
00c8d8d
005dde6
7ff0015
0070539
7f90595
00864c3
7f68873
008ef7e
00493a2
0035727
005fee7
0022bcc
00aefb5
7fa139a
7fdb142
0082632
7ff61c4
0013b5d
003206b
7fea3e2
7f7cae6
7fcc72a
7fc33ae
0091b80
007004c
7fc91f1
004b539
7fdfcbf
7f84502
0002e48
7fb952b
7f9f19f
7feb3cb
7ff2460
00158b5
7ee2efd
00141e2
7fede85
7fc03ae
7fc6ae9
0054798
0003ee4
7f910a8
00371d8
0037d89
0038b3b
0049f6b
002b359
7ff9088
006a649
7fc9a17
7f6c2de
002171b
7fa5807
7fcde51
0057cc2
008da40
7feda56
00164b9
7fca095
7fe2080
0013629
007190b
7fc0170
001b3da
7f87071
0011452
006b24c
00326f9
001aee7
7ff5fd9
00510ca
7f8fa3c
006a53b
7fc8647
7f9e2ba
7fdb669
00479e6
0006d60
0024083
0063ce4
7ff93d9
7fd4482
001361c
0036c0d
0035fb2
00b9aae
7fd8894
7f90b77
0025340
002f831
7ff7404
0068494
00609d8
001ff52
7fdc935
7fe8d39
7ff1539
7fc7a4c
00350ef
7fb2cbf
7fdd683
0015e99
0072f33
0084a77
00d223a
001adef
002f61b
7fd62c7
7fd04a3
0027841
7f86c09
7ffe8ff
7f761d1
001f018
001a79a
003e553
009b88e
0091e9d
7ff27ec
7f5cf4e
00a8311
7fb9dfe
0035b7a
0056c26
0022b11
0016625
7fa4e00
004e887
7fb2fb3
7f9ada0
00614d1
7fedd99
7ff9afe
7fdc9c6
008c210
7fe6ca0
7ff374f
7fe74eb
0056935
7f79174
7f85428
7fffa69
7f638ae
000f055
7fa087e
006e167
7ff6eea
000d470
0011fbf
003cd69
7fc67d3
7fa6a2b
0019fd9
7f7f0d0
7f465b3
0029560
0041e0a
0010712
7ff3ae1
7ff47ed
0083482
7fdbadc
7fc49ff
004ff75
003d3c1
0063d64
0017263
003508f
7fb3815
0030752
7fdbfb9
0033abe
7fe1f32
0064ecc
004afe2
001298b
0010c33
7fac730
00502d6
00dbf9a
7f0729b
0062154
002ed25
7fc477a
0073512
0061790
7f78f22
7f98d0f
7f57fb9
7ff7ad9
7fb70e2
7fb3411
7fe155f
7f603b7
002b2c7
0028a74
004dc30
0019c73
7ff680a
7fec385
7ffdcb2
00a6c66
7fa2bc6
000f3a3
7fa7a1c
00621c7
0017126
005882f
7fa61f5
7fd50bf
0004505
7f85c80
7fea7a5
00675f7
002a54f
7fdb81d
00941c7
7ff7105
7fe3125
7fa786d
001c867
0007f81
00e9bec
7fead4a
00771cf
0027977
006a816
0044791
7f9fc1e
0063b07
7f1d7e3
7f50cba
7f9bdb1
7fa81e8
004831b
7fc0643
7fd58b8
7fd6d2d
00817f1
7f8c547
7ff01e4
00c267a
7fff471
00303f3
002e732
0017a57
7ffc9c0
000cd14
7fdb4e0
0062357
0056c7e
003be36
00161ae
7fdbae3
7f70a2a
7f7b90f
7ff23de
00707e6
7ff87d3
0007102
0078149
0032fa6
7fe193c
7ff21ea
7ff5af7
000cb0e
007ac4b
7fa922d
0009be7
7ffb493
007e070
000176a
7fb844e
7fdd8a9
0027067
000f903
000b12d
7fb8655
7f35a8a
0089834
0021826
00552d2
7ff92d0
0002c67
001b513
002aaff
7fdeae3
006336f
7f6675b
00074e8
7f9ebfc
7f7c71b
005b145
7fe1c64
7ffdf4a
7fee96c
7f6abd9
002555a
7ffffcb
7fcef4e
001205e
7ff9a0a
0028641
000d5eb
0022f83
005ce65
007d1f4
7fabb92
004ebfe
7f67d7a
7fe2c8a
0023661
002c237
7fee82b
003b82b
00180a6
7f3abd0
7ffb5a4
007dbf3
7fe50f6
7fa7047
7fb7984
00179af
00aea38
7fbea9b
7ffa9ca
7fa0d50
0069a9a
7fa89c1
0093c88
7fe1e39
0079c2d
0015901
003318b
0022ff2
006fded
7fe858c
00461e4
7fb77e9
003a651
002c67e
001ec6a
7feed80
7fc918e
000fa33
002a5cf
000c9d1
7ffbe53
0032722
007d206
7f84943
7fe8745
0062902
7f6f97c
0115ceb
00465c2
0011ce4
003ecb9
004a50e
00307cd
002c4e7
0047fab
7ff6c3e
0038c5c
0010423
7f9f647
7fec206
7f70921
0077e2f
7fe1920
00309e2
001725b
003806a
7fbde57
7ff1adb
00024f7
7ff134d
00286d5
7fee8d0
007c053
7fff7ca
0070259
0026b6b
7ff3cac
00439ec
7fd5d9c
7fc0ed4
002860b
0000af7
7f8a259
0061246
7fe2bb5
0007ba1
7fe6dfb
00853cf
7faf70b
00709b2
7f42317
00eac74
008f426
7feff55
008864d
004e892
004a08a
00ad509
000e8e5
00be599
7fbf8a9
7fc37ad
7fb8272
006c59f
7f9d2e8
7fd1bdf
7ff3057
000f26e
005b7ec
7f4d18f
0073c2e
7ff19d4
00b918b
7fbb6b3
7fb6ba0
7ffc537
0066539
0036cb3
7fc4ee4
00a9fcf
7ffc931
7ffe124
0018b19
7fd5ee0
0025345
7ffd3ff
7fdbf93
7ff9da4
7f95c80
005a31e
7fc51e0
7f19f7e
7fddde5
7faf8d6
0052f52
008f55b
7fafdf1
0033155
7fbf7cb
00706cf
002788c
000c6be
00201ab
007f9b9
001ad0c
00160db
003cfdb
7feb123
7f8722a
00260d3
006dda7
7fb3a04
7fa3f4d
002af07
7fc07dc
0052cfd
7fe5213
7f94bb8
000c6e0
7fd8e39
7faa1f6
00d9ae9
00489c3
00269b7
005ddc0
7fe8b3f
7fcdf6e
7ffb331
0028e6d
7ffa030
7ff95e5
7fb6fdc
00820d2
7f648aa
0022be6
7fad57f
009a8da
0039e40
00c39cd
7ffe774
7f8ef2b
0039352
7fa4858
7fcf10f
7f9c96f
009d982
001d9f1
0035417
7ff0636
7fbbfff
7fe7fdc
7ff1e5b
7ffefdd
008e6f9
00077c6
7fee39d
006de14
007413b
7fe3bf8
7f8569f
0036ba6
7fa70c3
000f23f
7fcc36a
7fd6fea
002573e
7fd96c2
7f8494d
0009d98
000fca1
0024539
7fe7adb
0039212
7fb4b48
00542a0
002dea0
002134b
00a79e7
006abc9
7fb9cd4
7ffa704
005ad9b
7ffa83c
7f8ef48
003e5ce
7ff9528
7fafb08
0048bea
0007863
7fd526e
7fbf8f2
001684a
7f9f4be
7fdade5
0038e48
001b0d7
7f7f896
7fcf33c
00468e4
0091cb2
7ff81b5
7fa6dc9
7f6f88c
7fc78cb
7ff4a80
00441fb
003cbf7
7ffcc21
000c988
7f7b671
000d746
0010dfc
00161a4
7ff7e56
000afb8
7fae08d
7f73602
008c865
7fea178
7fcfd1a
7f6a6bd
7fd9812
7fecfeb
0093056
7ffe690
00dabd9
00279bc
0001a37
7fb09be
7f398bc
002df89
0008e2b
00a4c6b
7fd514b
7fca193
7fd584a
005d9c6
0045377
00613ec
00243d9
7fd7661
0047f65
7ff59d0
7fff4bd
001b108
003e03d
007102d
7fc5815
7fbddf4
002dea3
00314f1
7f422f2
7ff3c73
00e9f70
004844c
7fdd017
7fabc4c
0088f52
7fa07af
7f9b6bd
005d92f
00689e8
00494e3
7fe1bd0
7fd3223
7fd1d8d
0025443
7f736b8
000e80a
7fe3c1f
7fba834
7fd040d
0001bb2
7ff74af
0025c4b
7fc94d5
0026901
004701f
0068bcc
000c4fd
7fc4f2b
7feebfd
001c9cc
7ff5e6c
7fb497c
008a909
008266f
7fc3a4f
7fdb361
008dce5
7ffeb5d
7f7f676
00784f0
0052635
0027b41
0020053
0010475
0017a07
7fddae4
7fb27e2
7fcb177
0063374
7f2c8a9
0037f22
00178e2
004220c
003c9ee
7fe5baa
0023fbe
000d37f
7fd092c
0019d2e
7fc4785
7fcfc92
7fb264f
7f8a359
005bef9
7fd6dbf
7fb592c
7fb7943
00345ca
7fca3c7
000dcff
0001191
0016380
0018b04
7fa8af2
001bc17
7fd0d74
7f91ca3
0037e7f
7fea054
7fd0b39
00f3b00
7fbebff
7fe8eaf
7f85dd2
003d712
0003fc3
7f6c18b
7fa005f
7fc057a
000eefc
7fe9637
7fff8ad
7fd46d7
7faf4b5
00893ef
007496e
007f85f
003269f
002b38c
7fb587b
0079f3b
7fe5a7e
000990c
006e550
7fa0a1a
009eee3
7fa81af
7f53a6a
0018cd1
7fa18a0
7fc18a1
001e608
0042e1c
7ff3862
7fcf444
7fb4887
000bd00
7fb8453
7f9873d
002b98c
7fe7a1d
7fe711a
00109af
7f29bbc
7fe8a51
0077eca
7f2e990
7f87788
7fef163
006bbbe
7fc15fd
000cfb9
00109a2
7f817a6
003c9d7
7f88d1b
7f5de90
0001d83
0078b3b
7f8d025
001b00f
0019bf8
7f162e3
00423ec
0036d6b
00b3012
005b628
7fff7a6
004a934
000bb72
005086c
0003573
00c5abd
006813b
005d536
7fe91e3
00172ae
7fdb3c4
0052e04
7fcb965
7f7571f
002f9e6
0003aa6
7fda49c
7fb2738
006c82e
7fcd12f
7fe8198
002e48c
7fcda23
7fb4bae
7feeb19
7ffbbb6
00176a0
7f797b2
7fc95e0
7fddadf
005534c
7fef423
7f2c291
7f7a2fb
0058a27
002d0ae
00359c9
0005da7
7fea5cb
7fa6f3b
0075b1c
0007e08
00122ff
7f98ee6
003c2e3
00160ff
7fccfe0
7fc28c9
7feb716
00c9f81
7faef0e
7fce187
7f80758
0073614
7fb4107
7f8866c
7ffd1e8
0064683
7f60e73
7fb01e2
7fbe33e
0089f29
7ff3145
00965a9
004af91
003493d
7fbbbd4
7fac8f2
7fafe22
00536f1
0044425
7fc9bd5
003f2d1
000c3de
000ced4
7fb7fb5
0078b48
7f65f20
00117a0
7fb314a
003373b
7f63317
00c7b81
004bb08
7fe83a0
7fd7116
000564f
7fa6173
7fe2784
7f2c670
00179df
7ff6bec
7fbd1a3
7f7df2a
7ff2c97
7fc07bc
00d4ebc
006fb51
00302dd
0010c52
7fead01
7fb5b9a
7f9e4de
003cc23
00567dd
7fac82b
001aaaf
7fd253d
7faad51
005bca0
7fec43d
7fd0e4a
001bf25
7fc5b21
0045c9c
7fb1e07
000b96a
7fba275
009d601
7f627b2
000ce33
004f2cd
7f691c8
00154a6
002fbde
0039a3a
7f7fa68
7fd7cc4
7fb6dd6
0025a0d
0013e14
7fa0dd6
7ff96d3
7f575f9
7fc9f91
7fae411
7fde568
0010b16
0036410
7f3e96d
005af60
0023da5
7fd4b46
7ff81bd
002d1a9
0086052
7ff8306
00062ec
0050359
003cb12
002eb83
7f4d1b4
7fe83a6
7ff256a
7fdc021
0045697
7ffdd2e
002a465
7fd3101
00522ea
004317c
000fe0f
7ff1321
0004601
00079f5
7fc8eab
0017f45
7fe3204
002223c
0031026
004c9ae
0017c7a
7f7f197
7fe4822
0029d22
7fe6d5b
0045ba2
0049f92
005d150
7ff9499
7f7216b
001b927
7faeaca
7ff9205
7f7c37b
0010913
00534ba
7fdc924
0003c78
009fd4f
7f6a528
0002dcb
0019247
004dffd
002946d
0025917
7ffdaf9
7fccef1
006b0ab
7fbb129
00661ef
0011ba3
7fc4e52
7fdd59b
0029f6a
0013b73
7fb90ad
0061d21
7fb01ad
0000ca9
0015598
000da82
009045e
7ff33a1
0056327
7fea529
7ffc729
00afebf
002c490
7f8d1ba
000b06c
0051587
00163ea
7f8199f
7f71c83
7fe753a
7f6ce2b
000a204
7ffc636
7f93abf
7fb3eff
7fcb2a4
00a77cf
0017fd9
7fca814
007502c
005ecee
7fe2c38
00456a5
002ddd0
000d155
7fb916c
7ff9b9d
0058560
009356f
00819d2
7f65b90
7f9f5b8
003f03e
7f4ede5
7fdf131
002daa4
7ff2f0c
7fcf98f
7fc8bba
7ffd9ff
7fc39c9
7fff764
7f661ef
7fd48f5
0005033
7fc4bf1
001a6a9
00ddb52
0072b26
7faba3a
0006c67
7f6550c
7fbdba3
000e544
7ff4f02
7fcfda8
7fef49b
006e3be
7fcb3e9
7fe0965
0010772
0041b52
003a5db
7ff473c
7fa1163
00536a7
7fdb669
7fd697e
0064b83
7fe74ce
7fd7a89
004f551
003ceb6
7f9d80f
7fd4c07
7fa35d0
004ccc1
7fce7f4
000fec2
7f89e1c
00617a6
7fd6ab8
0048994
7fb34eb
7f92b66
0057027
000871f
7f980ea
007d2d9
0011031
00964e4
7fe97e9
7f653b1
7f48d4b
000803b
0053524
7fb5ef5
7f86bb3
7f88136
7fa6837
7fb52b4
7fc30ac
7fd9e0d
000fab1
7fc838c
7fa2386
000f668
7fcc904
7f33611
0032de9
7f8d22f
00170c4
7f6ea02
0073780
00039fc
002a890
7fd6e42
7fbd70c
7fed456
7fdb4dc
004d716
7fc6071
0010f1d
0086e93
7fb0353
005f835
003ecdf
7fdfb2e
7fdb460
00165ab
00466aa
0035fd6
0035121
008410d
7fa9094
7fdd3eb
7fff1fb
7febf73
001c2f7
0066fbf
0093ccd
7f3b26e
00ef8bc
7f81dc1
0088ca5
0094836
0038aa8
00414e2
00670a8
0044739
003e570
00381d0
000eb92
7fdefb6
0038daf
7f69772
7f74c75
003f4da
000940c
0025d8a
0021e2f
0049000
7ffc1fe
7ff79fd
000fca0
7ff3e3d
007b496
7fdb9be
7fae817
7fd99eb
7ffedf3
7f8ea77
00385b1
7ff1da6
7fe8233
007dd8f
7fd98ad
7f8a5c5
00c94af
0025661
00335f3
7f9b8f4
002b070
00717cd
0045072
7ff8077
7fef2d9
00480f8
7fa37f8
7ffca1a
7fe87e8
7fb0622
0042724
7fcd977
001a648
002d617
0126cc0
006239c
003c4bb
0003558
0097612
00830cc
003230e
7fb4c0c
7fece31
008484b
00065f1
006c552
7f75ece
00994a2
00103ea
7f7ceca
7fd5ca8
0006b6c
7fd4675
0029ecb
001e389
0048729
7fc10ef
7fd46b2
0044502
7fe8b7b
00032ad
009f200
7fff052
7f703bb
7fd5dc4
00502db
002bbe2
7faf5c5
7ff61ed
7ffff10
7f93211
7f5f320
7fd35d8
0017226
001a964
000546c
008d99c
00c016a
7fde918
7f40688
0082e13
7f9a717
007c239
00423bf
7fcc19e
00115c7
00352c5
7fd16a1
7fd8daf
7f86a09
7fe8316
0041c61
7ff327d
0003600
7fd2a38
7ff98a2
003285d
0034ad6
7fea151
7fc66fa
003452e
0019a10
7f8f641
7fbb452
7fef30f
0026111
0005b1e
7f6f90d
002018c
0015778
7f8a377
001b3e0
7feed5b
0015525
000df81
7f4489c
7fb50b5
7ffe30e
004bcd9
7ff73df
0003550
7f94515
7f97666
000ee3f
001121b
7fe6b32
7fde74b
000627d
0081548
7fa0c13
7fdfbe5
00252c5
0039aa1
000e8e2
7ffc170
7f4614b
7fafc43
7fa171d
7f9f0ec
7fff782
7fef268
7ffdd1b
0046cab
00866f4
003be91
7f85d95
7faaa56
7f5e049
7fdc39d
002d3fc
7fd723b
7fc5648
0026d3d
0014608
7f6e1dc
00c3691
006e342
7fec60f
7f85057
7f7673b
00304e4
00c2249
0031a77
00a6dc2
7ff60d2
0009b5d
0050f55
7f592c2
7fcfb9f
0055c0e
7fec770
0029e39
00493ba
7fd1b4d
7f67c8e
00c23aa
0059bdd
00dd2ef
7fe9d83
7fc0bdc
7fbf4a1
005c789
7efacff
7fb7d40
005731a
7f8406b
7fdc399
7fdb5bb
7fad43a
7eed250
7ff308d
005763e
7fd6f44
7fcc3ff
004e8ef
7ff7a78
7fe8a2b
0061a33
0025bbd
7fc47e3
001e3e0
00993de
7fd47ba
7ff9f48
7f6c33b
7fe76c7
7fa37de
7fa943e
7fee597
7fef272
7ff3323
7ef980f
7fef227
005034b
7fd9edb
0035ea6
0040b3f
000e483
005afc7
0018ecd
7f799fd
002d6d4
0011c1c
7fb5206
001564a
7f41f51
006d481
7fe6954
7f9e4dd
002f4cc
7f73c0a
0111fa5
000f88c
7f84f44
7fe5af5
000c9ba
004c017
7fc02e8
7ff7b49
7f9b250
0084c2a
0010bce
00378e1
002567a
005b19c
7f9b485
7f4261c
002e513
7fc69ff
0035757
7fac353
00aeb66
00a1c60
7f995aa
7ffa064
7fb5b63
0021687
0045c8b
7f7ab72
7f78ca0
7f7fd0c
0018a87
7feb01a
7fa8ed8
0028973
0040175
000222d
00196aa
7fdf8af
7fb0e51
00320d8
7f9da51
7f94fa9
00329ad
7fd0385
7fba919
003b352
0051bdc
7fc1c91
7fed292
006374f
7fd4bc9
009ac42
0035bb6
0027625
0043a9c
7f4e424
7fc0efc
7fffb79
0068586
7fe566a
002b92e
00602e8
7fda1c8
7ff8f1e
7f267bf
7f9ec6a
005957b
004109b
000bbc6
7faa919
7fec513
7f76dcf
7ffefb7
7fd82d7
0048be8
00105e1
0027fb5
7fb6a61
7fa7b8b
006df32
00086c8
7f69fb9
0099dc8
0044831
7fce81f
000fcbe
001e498
7ff952c
7fca9fd
0024907
7fe79a7
000cc6e
7fde069
7fdde09
7fc71d8
001665a
00137c4
7fa643e
7fd804c
00ff979
0005b69
000b2a2
0084b40
7ffe50c
000334f
002ace3
00085f5
7feb6be
7ff0125
002da6c
7ff23ca
006bb46
7ff8df0
00207ef
000b6a6
006dddc
7fe5bff
7f84d89
7f65ff5
7f60f63
7f91769
7f88329
7f7f9ac
0040807
7fd3bc1
7f7c200
7fafee8
004569c
0028cb3
004919c
7fa0728
001690d
004b31b
00a9b7c
003f585
0028727
7faaf76
003f6ff
000a95a
7fde0b1
7fed56c
7f81dd4
001b7e1
7fe662e
7fd2062
7fbb7ac
7f9358a
7faa82e
003f711
009e8e1
7ffc294
00cffd1
7faf7ab
0004d19
00114c6
7f7f8e0
00368d4
7f9c7fa
0058870
7ffd5c2
005f4ea
7ff4391
7fe0a14
00350c8
0041648
003bc65
0010216
7f7f861
7f8ccca
7f44c7a
0047e5d
0021de3
008d082
0002679
7ff8288
003740e
7fef818
7fc9c20
7f9eba4
7fbe949
7fea930
7f2e264
7f969a0
00040cb
0037b4d
0034d4b
0010ff5
7fc4b3d
7ffb2f2
7fa9be5
7f72843
0019cad
7fd2560
00ab61f
7f5e8ca
7ff7a45
000f6a4
004fb08
00849ec
001204f
7ffe18b
0061076
00636ae
0085149
7fcc6ef
7fd2b65
000909f
7f94c46
7fe1d42
00813be
005fd53
7fd87c2
004132e
0033864
0054853
006b0d3
000b854
0065e53
00364e4
7f9ea58
00198a5
006993c
007708d
7f95749
7fa7b45
7fcc9b0
7faf567
7fcd701
7ff249c
0007b39
7fe9894
7fc6816
0040591
7ff4ef2
007fc61
0002cb8
0090a07
009fece
7fb42bd
7fa5aca
004918a
7fb878a
7f72990
0039e7c
0013182
0071f9d
000ffb9
7f67b05
7fff2d0
0006c7b
001bd8c
7f44186
006ee3e
00861dd
0046593
0036c20
000967c
001a3c5
000349f
7f90e0b
7fa74c3
001969b
7fecc62
7ff70f2
7fb3bb4
00660ad
7fb0e69
0058f97
00172e1
004f448
7fdb1b4
0051441
0016313
00281a6
7f9d5ff
006d2d5
7ffda50
7f5d864
0026e73
7fd0550
00b5a97
7f12005
7fe8602
001ddb7
00bdf9a
7ff7c24
7fbc191
0064231
00b0956
7f8221b
001f9ca
00a38b2
7fc43b0
7fd836e
7fcea48
7fd67e7
7fefa5c
7fa1abc
000e196
0047608
0080341
7fbedb0
0084feb
00b3299
7fc77dd
7fee1a7
002cabd
00051d4
7f9885b
003b50b
7fed1ff
00089ec
000c486
7fdec19
7ffc9bd
00176d8
7f9c4fe
7fdf0ed
7fe25c2
7fd9780
7f8526e
7fdf165
00013e9
0013b1e
7fd1b3f
7f9701f
0002069
7fb4264
0083870
0052fe9
004b731
7ffd036
7f99029
7fe3511
7f53999
0025ff8
0017a3a
0015bad
7fe8430
000a2e1
7fdef5d
7ff75c5
006193b
7fdb62d
002ab30
0016087
7f86698
7fc3871
7f70ae3
7faa5c5
000ebbb
7fd7ed5
7fec73d
7f8327c
000505e
7fb9464
0027b4f
0025eba
0048064
7f94427
0043141
7fe449e
7fe76a3
7f7692f
0019c17
00726ff
00d0a82
00203e5
7fd5a88
7f7f985
7fe0e85
00250e7
001bfb1
003ef1d
7fe62e1
7f3f074
7fe90ad
0069955
0037ee6
7fd3c2c
7fa3dac
00555b4
00b373d
0003960
0062809
002e677
0035556
7f61a8e
7ffa3f2
7ffd985
004285b
0086335
000e5b3
7fd286d
7ff9075
7ff631f
7fd8ed1
7fb4cf5
001f7dc
0044473
7fd46ac
7ff1982
7fce09d
00791b0
005aaaa
7fd1b42
7fcf3b6
7f81ab3
0065699
7fc129d
007ff31
7fbdb4d
7f0d768
0021fec
0001d11
7fe0f4a
0007ca7
7f48c36
7fa99ce
001750c
0032b65
0027791
001c239
005d3b0
7fc6441
00163db
00374df
005095f
001e14e
0038835
0025979
7fc381b
0007d87
7f032ad
7feaad0
7f8702d
0070b4f
001c796
000e2a2
003fd96
0017f81
7fdb07b
002e4a5
006923f
7f785d1
7fdb890
0034004
0001588
7fbd198
0029a89
0025c78
004ed92
7f85442
005472b
7fc38d4
7fd8e0e
0004262
0013a14
0006886
7fc2568
0047029
001ca7a
0085eba
0052d74
7fd9ca9
001f0ec
7ffa56f
00162a0
0027ee2
7faf761
7ff3693
00314ba
0048914
7ff8b15
0010770
0066144
0024def
7fc23e9
7f98a52
7fcbd63
7f84049
7f9a914
001220a
7fb0e77
7fc7181
7f8bf05
7ff75af
7fc09ff
7fc0a85
7fcbe56
002e099
7f62956
007023c
006d2d8
00b536d
002200d
0087d77
7fbe0b2
00291bc
7f5b0ce
001c3ad
0027ce3
7fcae9e
000b140
7fd8bc8
0070924
003533a
7f76721
002fdf0
0009883
7fd6cf8
0004a1d
7fe82b7
7f963a1
0033dde
005ea28
7fc9f33
0018347
0026798
004597c
005593c
0000493
00133e2
7f6bb13
7fab0f9
0074b70
0043c7f
00ea7f3
7fa36c6
0047c63
7fb4884
00047f7
7fe5963
7fec5d3
7ffc52f
0069604
003ab3a
7fda9a7
001fc49
007e59e
7fc2612
0035bc0
7fbf50d
7fe8055
006ac5d
0008cf8
7fe4cdf
7fbbf3c
000b868
7fa05f8
0082062
7ff4d0b
0017804
00150e4
0037b94
7f8a378
004a5fb
7ff8c86
7fd5f0d
7f807c3
7f35441
7f7f018
001685f
00780b5
00121e3
7fcf6b7
7fb07aa
7fb42b0
7f892e2
005ec13
7f8a7fd
7f8575a
00438ee
0015a29
7f6ce63
7f9adcc
7f30b24
0038684
7f9e2be
7ffab43
7fbd69a
7fcd892
0041997
7fa00e3
7fb860c
0046f1d
005a8c4
00071f5
7fecb53
000ee38
7ffe48e
7ff4a83
7fab856
001c9b1
000f92a
7fe5f50
7fce217
7fd2a68
0062973
7ff77ee
7fdb496
001e3a8
0030681
002ad0a
0061571
003245d
7ffca18
7fe8161
0002d5f
7fe6776
0010d0c
00229bc
7fb5f1c
00534f7
0066a68
000da37
000efbb
7fd7f8f
002f3df
7fe15b0
001e9ed
7fa5608
7ff62ed
00db3d6
0011dc5
7f7eef7
00b747b
001d7fa
7fc28a5
00009b1
7ffe1ca
0036dcb
7fdf7a8
7ffce71
0079923
0051096
0016e90
0012491
0008634
002e2d6
00d5556
0023d54
7fd320a
7fe1aeb
00238cb
7fb659b
008b1f3
0053b58
005d459
002925a
7f67d8b
7f428df
006a505
001a6d9
7ffb318
001e586
7fb7459
7fec24f
7fd5e90
7fc8073
7ffaff5
7f96fc5
0046020
0034bb7
7fa0b44
001a59a
7ffef0e
00666d8
7fca415
7f3f78d
0030a69
7fc1dfb
007aaee
7fc4c45
7fdc4be
00049d2
7f6cc9c
00a33e2
7fe39b6
7fc3b48
007a1e6
0050abf
00902f5
003a8a6
000ea49
7fe6997
001b47d
7fe355c
00207da
7fd8d4c
7f6dba7
0085bb0
7f73e58
7f9dcb8
7ff999e
004dd20
7f87f47
7fcd9f7
7fef983
7fe120f
7fb6982
00037ae
002a5a6
00b8be7
000df2b
00226e5
0001b42
00377ab
7ff8ccd
0054787
7feccbd
0074d62
7f9b073
7fb3dd1
003c403
7fc3098
0065c6e
7f675d4
004d5cd
0014e9f
0029caa
001bad0
005166a
7fde375
7f8d072
7fe26ed
0005662
7fe7f3d
7ffb459
004a59b
7fd8454
7f986d2
004b95e
0012102
0010b78
0024091
7fea2bd
0093656
7f03124
005456e
7fb16be
7fa8c94
006ef26
7fb2e87
002849c
7fcdbcd
7f9e053
0055ac3
7fde7ba
0023f03
7ff9e9e
7f2f187
7fad145
009283f
002f180
0038a9e
00378a2
7f9983e
7f8cd98
7fbdc5f
0080c24
0046da5
7f9d0a9
7fc08db
000d3fb
004619c
7f9aff0
0081db9
0065b47
00734fa
7ffb6f5
7fd8735
7fe8889
7ff8b9d
7f7b26a
7ff6186
005b3a2
7ff1a27
00d6eb4
7fd5efb
00571cc
002f1d8
7ffba82
000840c
00819dd
0072908
005464f
7fe378a
000bb84
7fce4d8
000b223
7fd1115
7fa60ce
0003932
7fd9369
006fd27
7f6b0c9
003fb13
00428b2
0009dfd
005d831
7f4fad6
00370e6
7ff0b3f
7fd5601
009c86a
001aa28
7fe06ae
7ff1cc8
003f55b
000737f
7fbd089
0083d40
001f602
7fcc50a
7f77b51
0086612
7f86718
0072193
7fa87a2
7fd8ec1
7ff77ab
0027f32
00227cd
7fbfc67
0077fef
7fda225
7ffd336
00a816a
0000b9e
7fe6705
0032e52
00100e7
7f92e6a
00945e7
0039186
7faeeb8
7ffea45
7fc267e
7fa40d1
7fb56ac
00240d8
0049f99
7fd6836
004fbd2
0050905
0028bc5
003e659
001a575
7fe3c8c
000666e
7fce54e
7f913b0
007f1d1
7f4fdd1
0013836
7fb1209
0063f05
00a48e1
7f9aac4
7fc3f26
0005658
7fba2cd
7ffcf41
7fee8d5
7ff84e0
7fe7db7
7efeac4
0012d3e
00006b1
0001850
0035a45
7f978bb
00b4fa3
000c624
0058048
0002607
7feb163
7faccfa
0009d70
000e771
0009ef1
0022419
0019d51
7f768ab
006b814
00155e0
7fbfbc9
7fd7cb7
005982c
7fce881
7fca564
000648f
7fbf134
00468ac
002c130
008c150
005acb3
7fb4c26
0039e12
7fe2973
0064ca7
7fa9958
7fdd3f2
7f8da6a
7fa808e
7fdbdf4
0047bf0
0044757
7f989ab
007e954
000076d
00cedcd
0026941
7fae4d8
7fa4d0c
00013c5
7fc044c
7fdbe81
0045979
009cf52
7ff6949
7f7a1a8
008da23
002c173
7ed7d9a
7f58db2
000b5f8
7f576f1
004a4a6
0003f5a
007971d
003700e
7fff61f
7fa2e1d
00073d3
7fc2f66
0018b3a
0007487
7fb4520
0004f3f
7f7bf7a
7f9df94
7f55bfe
001b5b6
7fefd34
0038c3d
0012283
0051ad5
7f98234
00765ac
7fb7da5
7f7eafe
7fb1ee5
000f5d3
003aa67
00648a8
001c750
7fca4e0
7f96a74
7fc355e
0052b8d
001fd86
0084018
0025ce1
7f99f94
7ff10d9
0059dc8
7f55a7e
7fd9614
7fc470b
000d330
0040c78
0046cad
0015d43
005594c
001ce4d
7fc2505
7f7b31b
0002351
0020af5
00986bb
7fd2bcf
000988e
7fed9ce
00382b0
7fff560
002f68f
7fe1fcc
7ef60d6
0002a79
00bd581
7fee08f
7fcdca5
7fd18ea
7fcd150
0081d80
7fd4742
0029462
004585b
002cf76
001fde1
7ff7992
00af18b
0029ad8
7fc792a
7ff0045
7fb8d17
7fa0a33
0013b47
0043250
002cb61
00026c1
0051297
7fcf2dd
7fdb539
7ff2a2c
7fe0b19
0025505
7fe36f4
7ff4078
7fb64fc
7fc1801
004fbd7
006b39f
001bbb0
7fd4d00
0069a8e
7f972d1
7f73427
7ff45c8
002052c
00766fa
7f9430d
00470b6
0063f71
00c39e9
7faa867
004241c
005f6f4
00290c8
7fb9ff9
00874ca
7fdf9e1
7fc16f9
003ce22
7fa9dcb
7f7e296
7fddac9
7f89124
7ff3a1d
7fc2d65
008cdec
0041a42
004a63b
0018f63
00583ae
7ffc657
002a355
00b7fae
0011889
7fbcf57
0058fc4
7fea74f
003ac94
00423cc
7fbb675
003ba85
006b1a4
005051b
7ff3dc0
7f718e9
7fd41aa
003341d
003e783
0028ae1
00a4a85
00273d6
7f691b1
7fb6cbc
000c2eb
7f5dd5a
0012552
7fd3f94
7f8e3a6
0063d08
0066baf
00233ca
006097f
7fe94ed
0015947
7f62500
0038289
7fe6f01
000d054
00286ee
006f0d1
7ff4499
0008920
0045d3a
7fa7ced
001fc3b
0025b10
00cc91c
0061552
00008d3
003b5c5
7fc3687
007795d
004ec02
7fdbec5
0049a90
009ccad
007c548
001b4f3
001dec2
7fb1b58
7ff962d
7fe705d
001013b
0069fb6
0081112
7fcce78
7f16f95
000dad9
0029365
7fbe998
7ff2780
003e64a
009cda7
0077a44
000ec4d
0118aa3
7ff779f
7fa8c3a
7fca01f
0044423
7fa68a0
0095095
0008a4d
000de9f
7fb8c2d
7f8e54b
7fdeb75
7fd4aaf
7f7e8c6
7ff4b33
0026fce
7fdb959
007def5
00053eb
7f521fb
7fc51c9
7f83a74
7f57064
0031cf6
005b397
00236fb
7f4e8c8
7fe9d2d
7f3eb1d
7fe1b86
002762e
001b113
003dfb2
7fd97de
009378a
002748a
0037397
0017720
7fca6dc
7feac91
000b626
7fd7a1b
0074cb4
7fb2860
00263b9
7fffd7a
00982eb
00796e7
0015c73
0014db2
000b614
7fc82dd
0024e54
7fb4247
7fa6acd
0025dde
7f8b2bf
004568f
00065f2
7fd2e91
7f7b520
7feddec
7fb1b7d
0024ba9
7fc4698
0081099
7ff4409
7fe5b01
0019540
00acff7
006b49c
0060acf
7fca8fa
7fbd922
00114c0
001281e
7f08310
7fa7997
004cad9
7fe13c2
7fae085
7fccda8
0015fc8
7fb7d93
006b4d5
001d130
7fb7e2c
0064152
003e7d2
0044d52
7fd6fbd
7f78827
0035f9e
7ffbbf9
0021a7a
7fd7346
0001512
00321db
0008cb3
0004596
0027eea
00128dc
7faa90e
00362ef
001c904
7ffcc0b
009e4d1
7f665d2
0011b66
7feab8c
7ff244d
009143f
002c10f
7fc3fd8
005e529
0016f45
7fe3cc6
7fadb16
7f92f6f
003f710
008bff2
7fc2472
0025c30
00369f4
0037355
7f87a26
7f7ce15
7fb0650
7fae1f7
7fa43d5
7f7fcb1
7f2f757
7feac93
7ffa4a9
009a198
0002f2e
7fe3595
00234c7
001682a
002a6de
006ffd9
001b844
7fbaa3b
0030294
00e2fb3
7fc2896
7fe5781
005fa9d
7f9d604
7fc79a8
00046e6
7fe4dc4
005570b
0002d79
7fbb78a
006c791
7fc6c0e
7f8fda5
0062447
0051af8
005a406
7f3087a
7fa9d0c
7f98c0b
003354c
7f96fb9
00050c3
7fecf19
7fd78cf
7fb1620
7feb248
7fb2782
00166d1
00079b9
0034d04
0010b3a
7fac3c0
7f86d82
7ff6d01
7f49e47
7fe4a9d
0045a80
00b691a
7fdf2ad
000095c
001c94e
7f85155
7fed2a1
7feaa06
001861a
0023428
00c7ed5
7f358e0
7fbee8b
009108b
002e950
0041aa8
7faaa92
7fc07f6
7f5f8ba
7fe7f17
002c90f
7ff485a
7ffdb71
00be428
007fa95
00226a9
00540f2
004ffc6
7fe795b
0005200
7ffb299
7fc5b4a
002b265
7f885b7
001360c
002baa2
0000977
7fd0954
7ff1e3d
006da06
7f4b5e7
7fb833a
7fc721d
7fd1ba0
7fa0ae3
7fb56b2
7fdb971
0048d13
006a585
001ecd1
7fa4d73
7fc2e33
000ce5c
7ff22b4
0005a3a
7f620de
0017ac5
7fc0b57
7f8ab83
7fc99a6
00058b6
0057507
7fc1093
7fb1bca
000ff49
7fd2852
7fa6679
7fa5065
7ffb60c
005b78d
00822c5
7ffc41d
0025c47
005181c
7fdf523
0051c1b
7fefb73
00741cc
0068518
001ea7d
7fc0a22
7fc8817
7f51270
0011a1a
7f6be1f
7f9ba9a
005412c
00562b5
7fd7718
7ff3778
0053808
000df11
7fc08d8
003548d
7f920c2
002fbdb
0017170
7fc978e
004a9de
003d1d9
0032996
00368d1
7fef3dc
00b9656
0038ed5
7fa30a1
00e6bcf
008dd67
7fa3533
7f76379
0006417
003bef7
0007769
0039e48
006d60d
00057f1
0016adf
001614d
000b89a
001c1d5
7f87d63
7fa7fb2
0035118
7fe2f34
7fc684e
0054825
001b2e6
004aeb0
7febd40
0032036
00481be
009b543
00046d3
7fecb10
001288f
7ff0925
0065d68
00380eb
0088926
00361ef
7f26762
0028b83
7fb2159
002ad74
0016dc5
7feed86
7fc337c
7fe1c78
7f63202
00713a3
7fe3f2f
0031cb1
006e6c5
002ae60
003035b
7fbb6ca
008ef9a
0094d42
7fcd163
7fab367
7fd2696
7ffa770
001c4c9
7f7bc78
7fad782
00528f1
0008002
001f9a4
7ff2958
7fbb959
00b8311
7f9a264
7f792ef
000773b
7fc41b1
00086ee
7fe9ae6
0022cf1
0029ba6
0072929
7fdde09
0067567
0072821
003fb2a
7f5612e
0031b69
7f8cef5
7fec1b4
7f9f348
7fd098f
7fdaafd
7f8b346
00138f2
7f7be73
001253b
0092a7d
0093bb3
008b5e2
7ff6027
00443e6
0050933
7fc9e2b
004c471
00159e4
0035a0a
0027e0c
0057303
0091fe2
7fc8525
7feb5e8
7f79bfe
7fe5a05
0058359
0063b06
002b2dd
002a83a
7f9f96a
001b9bf
005e2bd
7fdaeb8
7fc2dba
0079b7b
7fd6e4b
000500a
001039e
002e565
003eb6c
7fd9759
7fd948c
7fc62a1
001962d
7f46a27
004e9e4
7ff3871
7faace0
0068f3e
003ba25
0009843
7fa56e2
002e8d0
00407a9
7fcaf44
0014015
00257f8
7fe7d6b
7fd8e45
0027780
002153d
00657c4
0007b31
7ffd911
0007b64
7ff63de
00717d2
7fe7c65
7fb6dba
7fce0dd
004b6a0
7fb2eeb
7fe4c0e
7fd1020
0021e7a
0020884
0007cbe
7fa5f40
0044e7f
7fc9067
7fd5324
00836c6
0098b5c
7fe016d
7fbecaf
7fb55a2
7fec9b2
7ffb091
000c98a
0010b2c
0000ace
00113fe
005a27d
7f6126c
7ffcea5
7ffdbc0
7fe0364
7fbfe8a
002e6a0
7f98bf0
0034772
7fcee05
7fd0c8c
7fbaabb
0023a3b
000d57e
7f67882
7f7abc5
7fbedd5
7f96a7f
7ee84f7
00051b1
001a839
7fd48ba
7fd6922
7fe665d
000cbe7
7ff0b3a
004a47c
7ffcb75
0090043
001569e
0022bd9
00148bc
7fd4025
7fefef9
0026b38
7fca79d
7f37e9a
7fce5c8
7f8fe43
00574ea
7ff2ea3
00346a2
7ff9537
0043dbf
0090ddb
7ff4c02
0044e9b
7fd1123
7fcb67c
7fb5c17
00280cc
0011c5f
7fa3e89
7fd1de4
7facfb8
00297d7
7fa225c
000c19e
0033a45
0022b90
7fcfe99
002f6ab
002b73a
7fffa74
001b00d
7ff90be
00aac7d
7fdfc17
7fc9008
7fd3185
7ff7e98
7fee936
7fce6ed
7fe90c6
002e937
001ed50
00078e8
7f83bed
00881e1
001f19d
00b64d6
7ff5c93
001b729
7faf41d
00a0d33
0041f4e
7fdfefc
7f45258
7fd8464
7f911b0
0057973
7fb3bf5
7fc84c0
7ff35d3
002ad0a
7ff6337
7fcd074
003faa5
7feb44d
7ff529d
7ff4e3a
7fbeb15
00653fa
7fb7a84
0065528
001b2d4
7febbd3
7f7f837
7feda6d
7ff3af3
7fb48fb
010ca83
006c8d7
7fc2806
7ff971d
7f991cc
7fdd4f1
001f0e9
0010846
7fe5258
0094353
0024a6d
7fe03d2
7fde59b
0018f38
002d28c
002a116
7fb789b
001e371
7fa5abd
001c6e7
0017189
7ff2450
7fe91e7
7fe00ca
005acf5
0005e26
7fce296
7f7b673
7fe093b
7f430fc
7fa03b6
7fd4cba
7f8bb11
7fbf70f
7facae0
7f7c2dd
7fe54f4
7fdab75
7f56a69
00189b7
001800c
7feb6d2
7fc99ef
0019b31
7fde650
7fdfc66
7f70e2f
7f6b284
00a6eaf
7ff23e6
7ff09cb
0080e16
00662ee
0038b94
0002312
7ffd7ea
7fc7281
7fe6924
003fb6f
7ff97c3
7fd3652
7fc2402
7fe34b2
0070961
006a671
7f3c672
005732d
006b255
7fc37fe
7fdc1f9
7f9ff3d
0001846
7fc77cc
7f9a5f9
0055a75
7fbeb3e
7fc0697
7fc2e12
7ff004e
7feb435
7fd9d45
7f4a7e2
00072ed
7fc969f
7ff799d
006ef2d
7f65690
0009683
7ff96d6
7fce5a4
7ff2d3e
0021948
7fbfbcb
005fc5c
7fff681
0028472
004309a
7ff703f
007dc16
00708de
7fb5d5d
7f72f71
00a0ed5
00cef8d
7fc77d9
001cb67
007f585
7fc0968
7ff0f99
7fb692c
00013a8
009fd0b
0012bb6
7fbe5b5
003cc4a
0066007
7fc3b8b
0090711
7f81a0b
0045a3e
7f96ae3
00c1d7d
7fe1610
007ca7e
7fdd36e
7fe1527
0051ecf
7fc25c0
7fa3ae2
00088ae
7f64416
7fe9f0d
7fda8d8
00297c8
7f5fa1f
7fd8810
7f5b14c
0013dcd
00d664b
7f7e655
005911b
0040281
00206c1
7fac7c1
000625e
007b65b
7fc85a5
7fefff9
006c9e4
7fc4ef5
0027f24
7fdcaa0
7fe230a
0059dc2
7f499e5
0060660
7fc762b
005e0a1
002f5fc
0082f02
7fd776a
7f95c72
0056962
7f5d32d
00aeb63
002c522
002d161
7fcbae2
7f440f7
7fcacba
7fde253
0075ff6
7fbbaba
001cbae
001453d
7f9e5a7
7faa771
00617ee
7fe0de0
7fbd03b
001aaab
005eb86
7fe3101
0047c2a
7fdc6e5
7ffbcad
0033db6
7fc635c
0033194
003d12c
0095af9
7fbf77a
003537a
7fecb96
0001306
0054395
7fe087d
7f68f14
7fd3fc9
7ffa7d0
7f9e7bf
0020543
005db4c
7fdfe74
001a510
00b049e
7f4cc89
005ff3e
00aa6da
7fd5bce
0018e01
0052785
7fcfb3a
7fbfd14
7fa38ff
7f70f3d
002d38c
7fccfa5
0019d77
00e0d0c
7f7a7f9
7f9e171
7fbd752
7fd3c1a
002e107
7f8d2b8
7fdf084
7fd20b4
7fa6a6d
7ff0ea6
001500e
005c22c
7fe99dc
7fef364
7fc159e
7fabb59
7fe08d2
7fcfd11
7fb12de
7fbdd6d
7fd04a9
7fdd3f3
009bb22
002550e
7f9cdae
7fa5269
001a0ef
007844a
0053daf
0011cbe
7fbfdc6
7ffb194
7fe811e
7fc1ae4
7fe089a
7fc55e0
0038674
002dd82
7fdc0f5
0025187
0030bc4
7ffe795
7f38e9e
001549a
005c8f3
003be4f
7fcc25c
7fd0084
0067ba2
7ffdcb2
000223c
7ff2b1f
7ffc517
7fc4b7f
005c4c6
000bea6
006c153
0017460
7ffa32b
004649f
0068937
006c2e8
0061de5
7fe3ebe
0072dde
00a9ae9
001dd91
7f2a6d8
7fd9f39
7ff0d91
7fce1d4
0006bee
7fe2487
7fad5a1
7fedb84
7f8ff3e
0013310
7fa51a9
7fddbcb
7fbda34
7fdde34
0005fe8
7feed84
003f00a
000bd9a
0047454
7f9bfb0
0095f6e
7fe4bb2
000854a
7f7aaa1
0054784
7fdca5d
7fa3a55
001b0cb
006c459
7fb707c
00050bf
7ff8f70
000a366
7fc8d9c
00780cb
000c84f
7ff50c9
7ff4815
0046bdd
7fe8bfa
7fc68e8
7ffa2d4
7fa3383
005ba45
7fdf127
000921c
0019d67
0011592
7f85ac9
002d319
0008b30
7fc2ccd
7ff3446
7fb884b
7fb1b9a
7fad7ab
007beb8
00aef1c
7fefe6e
7f21f37
0060aa2
005d00e
7fb95ce
000f534
004b790
004df11
003960c
0006104
7fbae15
0032262
00dcdce
0048437
002fc21
00b7887
7fb14c0
7fe828d
00382a6
7f8f7c0
7fea9bf
7ff0484
003a685
7f5e811
7f8cc07
7fec6e6
7f8ea09
006185e
005259a
00a791a
0001f53
7feb8c0
7f81e3b
7f83c91
7ffba79
7fb615b
006a062
00422a9
002e923
7fc85f7
7f65db5
00b0c20
7fd615e
7fee693
7f9f2f8
009ac4e
00135b3
000a1d3
005f28d
7f98b79
0041bb5
7fbd8f8
0099799
0042d7a
7fb5128
001e37f
003b9e7
7fd522a
006222a
7fd61a2
7fe48d5
7fa3951
7fff2ff
7fd31e6
000779f
7f938bb
7faad6d
00d0ad3
0004779
004693b
7fc562b
00644ed
7f66fa6
7fdbd74
00006e3
7f62740
7fdeeab
0020850
7ff2160
7fdc60f
7fa128d
003043f
7f6e1ab
0005c11
7f2a6c0
7f9a5da
7ff0711
7fc18ee
7f4b5cf
7fc7486
0003f81
7fbeb69
7fc573e
7fa797c
7ff6095
7fa0c12
7fe5eb4
7fc53e8
00dbc9d
0031e14
004053a
0000a3e
7f8fd52
001fbf8
00289bc
0071917
7fc27a9
00439c5
0084667
003a1b7
7fda900
7fdb2d8
003d6f1
7faf50d
7f228a1
00286f9
7fd1fa7
0008102
0053f31
0002312
7fb0322
0021682
7fb4a6d
0046e31
000aa87
7fdd6b1
00be011
00449fe
000bf7c
001da66
0102d6d
7ffba0c
7feb70f
7ff260d
7fe24af
004c940
00055b9
006ff2b
00b44b8
7ff6965
7f8692c
000a0ff
7fec75f
7f49398
7fcc9f1
7fca9a8
001da49
003ad39
7fc7fb9
005526d
002a867
0056b34
7fe617e
7fe306a
7ff0c4e
7f516fc
00a21b3
7faab26
005d638
7f8493d
001c7ae
00439ae
7faa238
009b5f9
004247b
7fade1c
7ffc87b
7f8b097
0023b13
00205cb
7feeb02
7fa92bc
7fc5c52
009b85b
002b851
008f317
00807aa
0048351
007e2f5
7faf63d
7fde38d
00689a3
7fd3b1b
0022145
7fc4165
0014c2b
005b209
7fc606a
0028fd3
0036bce
7f86b61
7fe3358
7fd0fcb
7f5bd36
0054f61
0059e56
7febcf2
7ffc0c9
00047a7
005811c
7ffea0c
00ae235
7fa2783
001c98d
7fa87b8
7fffe75
7fcf62c
00141ae
7f42a89
009960a
7fb28a1
005122d
00b8369
7ffacba
000f5e6
00a23e4
00195d7
003f33a
7f28cc6
7fcab3b
7f602e4
002e02d
002af94
0071be4
0031005
0037a3b
7fa9775
7ffaa9f
7fefd7e
7ee406e
0054433
7fdf40a
00a2cc3
7ff53c8
0017e00
7fc1bca
7fb46d7
7ff1b2f
003e9de
7fd5b77
7fd917f
00162eb
005572f
0018e1c
7fe3163
00a3ee4
7f47f88
00b6764
0000952
7fb5ecd
7f44005
7fac50c
7fd7c01
004c673
00713de
7fcb837
7fea368
7fa0e2f
0007528
7fd84c0
7fee034
0035f7e
0093a89
7fd6b84
00102dd
003e9f1
00324ab
7fc6971
7f6ad5f
001ece6
7f93822
7fdb4ce
7fc1acc
00708fa
003232a
000e4e3
001876e
0062b52
003ceb7
003a60b
7fb4dd9
00665af
0072561
0065f64
001d11b
0062ec6
7fb966d
00178f0
7fce1c8
003e11f
7f4d044
7fa4403
7fd203e
7f377f6
001c609
7fed478
0034328
7fa539f
7fe1acf
00340ff
7ff812d
00d1a7a
7fcd1a4
00bf22f
7fc83ba
000bed1
007afa0
005c7ed
7f64fce
7f9885a
001701e
7fd1b67
7fea8db
008c3ea
0038d7b
00a50df
7fad3ed
7fdde8c
0015856
7f3e023
7faafba
000b596
7fb2966
00207e2
7f72a9b
7fe4fcf
00a0bda
7fb75a9
7ff1220
0005f49
0083a57
7ff22e1
000c8f7
0010c9d
005180d
7f80407
0029a30
00574b2
7fb15ec
00d70af
7fdb1fa
7fcf598
005f6f2
0000062
7fe2fda
002f21d
7ff4d13
002b71c
00156c7
000d8aa
0028210
000cf08
0065aef
0004b93
00b5714
0026c86
7fefaa9
00c5c5e
001f02d
7fece16
002bf41
0069788
007df68
7fe9038
0041f50
7fb87eb
7fec143
7fe57b3
7fb3c04
7f940c1
0002456
002892d
7fe689f
0070ee1
7fb2a16
7f9ecb3
7fec750
7f53734
004a124
003dd77
7f89c79
008e7b8
7fb2f8b
7ffde28
7ff766b
00730d6
0032fdf
7fbd37a
002e2b8
7fdd1a2
7fa4840
008391e
00417eb
7ff7972
7f39a52
0077613
007fab6
7fa74de
0014042
007d7ca
0044ea6
7fd2617
003c2ad
0069c08
7fd020c
00a700d
7fe0769
7f66655
7fe0a32
0017451
7f2b207
7f5dc67
0040887
7fcb30b
7fceb80
0094eb6
7fa6efa
7fff982
7f7e7fe
003f6a9
7fd0070
002f994
007ad98
00099c7
7f9c9ad
002b8ed
7fc9c92
000f4b1
7fe3026
007d52b
7fa993e
002096d
0015abb
0022e2d
0071786
0057194
0007fc4
0060966
0026929
7fe9359
7ffe761
005d448
7fbbee2
7fbd633
7fe4895
002353c
7fa570e
000b02c
006eecd
7fbe8d3
7f9fbef
001b2ea
7f83b90
7ff5ae2
7fc828b
7ff546d
7f8276e
006d74e
0005bff
7faa1b2
0076719
7fc5ae1
7fe1b57
00011a7
0034e65
002bcc8
002c46b
00aad39
7fd594c
00152a6
0004585
006ce7d
7f95d61
7f3e2d3
0043abf
00232e0
7fe594e
00544df
0033f80
7fa771e
0037962
7fe849d
7f99eea
000a801
0016012
0048191
003babf
7ff00c5
0054f75
0038f3d
7f9b85e
7f49828
7fde341
7ffc7e1
001b565
7f43af5
0027217
0061ed7
0021e63
7fca7d0
7fc6ded
002f56c
0046574
7f73c83
7ff0645
000701e
004b387
0071d36
7ff4179
7ff0884
7fc841c
0021358
0078aff
0047bcd
7f65e7a
7ff05e7
004dddc
7fe433f
7ffc3d2
0021e0d
7fecfe1
7fceba8
7fdd3a6
7fea6eb
006e77f
7feb433
00612da
008fd73
005c9a7
0042d72
006e664
7ff24b1
7fb52dc
003e1ff
001b039
003c142
7f731fc
7fcdc18
7f89a47
7f8810b
7f6574f
0018d33
7faaf1d
0025f24
7f9806c
7fe90ff
0060648
7fc999b
7fe6de5
7f95a0d
7fa766e
0072257
7fae092
003e8cc
0063bb6
7f97937
7f61a7a
000b2de
0075db5
7ff810b
0031d61
7fd6758
00553ae
00b9efe
00549c4
7fbdf48
7f9a280
0035d62
7fe3542
007fc38
0065b06
000bb07
0037d52
003117e
7fc39df
7fe21ad
7fbff8a
006c4e0
7fddabb
005e5d0
0069ffb
0026a99
0024393
00226e2
001b2c1
7fab1c2
7fba995
7fc3de0
00244f2
7fdf2d5
0065c53
7ff83d0
000215b
005cf89
7f56a84
7fdf5ea
000b3b5
7fc7ad0
000134a
7fe5f72
006a2d7
0023a06
7fb8f6e
0018145
7faf8a5
0055b1d
7fd62c9
007ec81
7fe75fb
7ff0050
007abd9
0049b75
0011090
0035de0
0035644
7fc1bb3
7fc41e8
7f652ba
7f881e3
7faeb8c
7f340d3
002055d
7fe0a66
7fdbc52
7fdc1dc
7f58524
0066aad
0034141
7fd4910
00147d3
7ffa6cd
000fde2
0028490
7fdadab
008125f
7fa192e
7feb0cb
004f4b1
00477b0
0024dc7
7fa2cb7
7ff5b10
7fa9d3a
7f767b1
0009d3c
7fd155e
0043b85
0013841
7fc7373
001bab0
002ba33
00a3292
0047ab3
0012a79
00ede13
003d4de
7fbd381
7fd7a80
7fafc7b
00557b5
0010436
0033097
7ff0aea
7fdfa51
004e899
7f365fc
7fe02fd
003ff06
7fe9c8d
7fe414d
0004b1d
7fb7fcb
003e3cc
004bcf8
00943a6
004ca7a
7fcf9bc
7fb783c
0000674
005a22a
7fb6e56
7fabcd5
000802e
7feae13
7f8491a
00357a0
7fb175c
7ff95c4
006a4c0
7ff9d45
00228d6
7f88105
0004334
7ffc43a
000b59f
7fbc7d5
7fde6e0
000abfb
7f997ca
00946cc
7fde85a
7f9dc20
005ff71
0006142
0040bf6
0000394
7fb93ab
009b11d
7fe9e23
7fb8967
7f9ffe2
004bd30
7fea9ce
7fa7b63
0042468
7fad0a8
7fec089
7fd9b5e
00526d9
00460e0
7fee66f
00c7419
7fbb8d6
7f6e4b3
7fea053
7fc5e77
003aeda
000dbb5
0032feb
7f4d753
00423ca
0024507
7fc3a03
7fb17b1
7f9b183
004ae30
7faf11f
00787b9
7f802ff
00caf7c
7fd6d25
001fabc
7f7e316
006eec4
000d7f8
7fd2be3
00752f8
7fe92b8
0020334
001f9e7
7f9c7b5
00546ad
005e27a
0022140
7fd4168
003168f
7fc7294
7fd5a63
0044a2f
7fe8367
0053451
7fd6bce
0005b0b
0077b7f
00ea1f7
001cbe2
000cc87
7ff79ef
006a6dc
008c448
0060991
7fddb43
001a6ae
7ffbd96
003c3ce
0052fab
7fd3269
002ad92
7fc1122
0048f27
008ed9b
0041421
7ffee08
7fe1a65
0052a38
7fadb3b
0052fcf
7fdd5b6
00714b6
0092b79
000ab62
0028a18
7fe3c9c
0050794
7efbc04
0006167
006aaee
7fe69bb
7fded0f
7f99ff8
7ffc3bb
7fc554f
7fd9abd
7f74235
7f43bcb
0010a99
00106cf
7fb1f8b
7fcb32e
7fec891
7fbba96
007ce2a
7fb171c
7f9ad53
0003c1d
001bbfc
000d95e
0021c68
7f3f81e
7fe41be
7fff70b
7fc1283
003531f
004f0e4
7ff47ab
7fc96a5
00c1a6f
006fe39
7fc6176
7fadbe4
7eff37b
7fcd0f0
003b498
7fae3ee
0036a09
7ffce7d
7fe8fa8
009259a
7ff7084
7fc7fcd
00585af
7fe685d
7fe91af
0030974
7fdf302
7fd8eea
7f53222
002c927
7faff8d
0032473
0040a9e
7fbdb8d
0084734
7ff1c9a
0021491
7fff7a6
0050f42
0044dd5
003c31a
7ff24a4
0023365
7f7beb5
7ff830b
003f484
7f6f40f
00970b1
0096d2a
0006af1
0063d3e
7f6b2a8
00738ce
00a4803
002db7e
0025e94
7f9e3cd
0086c63
7fe3dd3
7fa6220
0012dd6
0047d3c
7ff4c3e
7f9a1b9
7f8b98b
0014677
0028f57
002c79e
00074b1
001046e
7fd7d94
7fdaed1
7fbf0dc
7ff21c1
7fa2167
7f95be8
7ffdbe4
008abe2
005381f
7fcc655
7f9e582
0034b6d
7fe6b53
00258b6
7fb0e6a
002e205
00409bf
7ffe327
7fcb07e
7ff8d6a
002eaea
00421b9
001f9d4
7ff6b3d
7fdf283
00261c5
010621f
7ff010b
000f00d
0054d1e
002e93a
0069cce
7fab9e1
0078ddc
0043cd2
0029c6e
009126a
003e91c
7fc2dbe
7f9c607
0038682
00316bd
7ffa19c
004ec6d
7fa1932
7fe3cea
003edc8
7fb1758
00040cf
7faead3
003b114
7fdca34
7f76e05
0074e7b
0088ccc
7f72922
0041cb2
004be89
00722b8
00446b0
7ffa907
007be34
00913c5
006dd12
7fab32f
004bab4
0096ddc
7ff8ea0
0022ef4
7fc6d4a
7ff9cc5
0047c8a
0064c22
0070e43
7fc7585
00b6719
0075798
0005268
0000a90
7ff1ff0
0014313
003d0ba
0014c61
7f75077
0030cde
7fbb996
7fe2d44
7f88d5b
0001ed7
0013e74
7fb9782
00158ec
001c3c9
0004efc
7f5da38
7fdd29d
0002321
7fd8ab4
7fdbe5a
7fc4fab
00251b8
0051c05
7fa05c8
0006a26
7ffddec
006c915
7fd2ad2
7fc3eb5
005de1b
000697c
00245ee
7fa5775
00184ae
7fe8a49
7fcd4e2
0008f6d
000d8c2
003ba18
006a881
00321f4
7fcf3fa
7ffe368
00b180d
7ff3dc6
7f8b5f0
7ff3b36
7f4c9e0
7f47496
007057e
7fd17ce
002f65b
001bac7
7fb66c7
009309f
7fc27e2
7ffddb5
7fc9f27
7f684e8
000b268
0064f3f
7f948cc
003790c
7ffad4e
7fc6f20
7fe6b9a
7f7d2a8
0077ee6
001b74f
7f69520
004df21
7fc45c1
7f61ef8
002c2cb
7fb9c7d
003dc2d
7fdb80f
0043868
002ae46
002440a
0033b6d
002d269
001d75d
002a71a
0030978
7ff4383
001835e
7fc5562
7fc6d3f
0054c87
7f9c950
7fffa69
00a8131
001cdc3
003c52b
003a0d5
00a34e6
7fe2b9d
7f93ea7
7f79778
006567d
7fd8f4b
7fe6b24
7f90ebe
7fca24a
7fa8c3d
002ab2c
7fe2045
7fbb3e9
0045ef0
7fea461
0037836
7fa935c
006d4a8
7fb8c55
003bba4
0023f6e
7f71a64
7fd315c
7ffbf22
7ff2203
0020f8f
7ff56c9
0024730
7f820cb
0041cb5
7fd03ba
001e60c
0076fbd
7fdc83a
008b6f5
7feb94c
7fc3351
001ec9a
0048ac5
001ddb1
7ffcbf9
00372ae
00053c0
7f593b3
7feb863
7fb6032
003c3ee
005df7c
7f99970
7fd5d49
000d392
006314f
7fb58c9
007c2f1
7fffae4
7fcb940
7f6dd51
7fdd349
7fdfce4
7fed823
000da49
00227d0
0000ecd
7ff6836
7fe5ae7
7f77f94
7fbb68a
004fb99
0023738
7ff9739
0040f66
7f4052a
7f855bd
7fc660a
7fbf176
00389ae
7fd562e
7f6f382
7fc9557
7fd52cc
000789f
7fe5ab4
004e27c
00dac62
00cbc92
0038ac3
7fac8a9
7ff01c1
0015237
7fed71b
000a368
7ffe429
7fb8fbe
0075879
000709f
0069a0b
0032d7a
00393da
0031890
003bb82
0099c2d
7fd5cff
003f9e6
7f7caf6
0005559
008d9e0
7fd2b52
0056ddd
00313ea
0005f2a
7fb2b2e
002ce33
0001e67
00044df
7fd383b
005ef29
006c325
00520d9
7f9b427
00430e7
0019b30
0001ab5
7fca816
0037037
7fc6763
7fe7486
00b5918
7fb6097
7f918d4
0035a58
0010581
00ad476
7fc7ad8
009b120
0070b5a
0016655
0020f8b
7fa1b28
7f9e44c
7f10beb
005315a
7fb8ad4
7fd5ec1
7fd6fcf
7f99fb6
0036fa1
7fa1926
7f85199
7ff8f70
7fc6ab1
7fda7a4
00eb84d
001d845
0095f56
7fd6f9d
7ff2d1c
0030f65
0021d46
00a7c97
7fdbffd
7f8ddb4
00049b6
7fa33ee
002b615
7f96aa4
002f1d5
0003e92
7f77f9d
7f998be
7fee27f
002503f
004044a
000156a
007f3ad
7fa01c8
7fa1237
7fbc0ed
0017f71
7ff47fa
00de8a4
00069e5
7f52636
7faaf2b
7fb7604
7f9730a
7f83bc1
7f90595
7ff7700
7fb3ddb
003668e
7fd833c
0067b96
0004e53
7f7880f
000e8dd
00cc8a0
0065dc3
7fb953e
7f65a20
7fbe434
0025d19
7fd841c
7febc67
7fc11e7
7fc9ccf
0046ea7
7fec67d
7fa9f54
7ffbf3a
00c689f
00055da
7fb2990
7ffd4b6
002fa65
7f615ff
7fecbf0
0019903
7fff75f
7fa8069
7fe2cc5
7f95880
00207eb
0041cb0
7f9e9f9
7f35e82
7ff0efc
7f853f0
7fb9dcc
7ff6032
004cc9b
00b88c9
7ff7a7c
7f8f809
00178aa
7f93985
0093f2a
0080cdb
00252cb
7fe2e72
005b7f5
002aee6
000b047
007ac4c
00ff408
7fcfe18
002fb3d
7fa605d
0059f5f
7f74080
0034a5d
7fc0c19
7febc73
7fa5092
00ba17f
7fbc1da
7fada90
0011c26
001c000
003719d
0020596
000452a
0007c18
001f95c
7f552fe
00748d4
7f8eae0
7f4fe61
005a84d
7fac817
7fb4b4a
7fedd82
7ff5f34
000ff3c
008552f
7fb9ad2
004122f
7fccca2
003ce46
7fa05a4
000a6a1
001df28
7f6a0ab
0052124
7f2519c
0091c6d
7fb3d36
7fe0dd6
00302fe
7fe213d
001d9ca
7fdc5f0
7fe9943
7f9d82b
004398b
7fb15eb
7fef916
0006dda
7f7f45a
7fe7733
0039e1f
7fd954d
7ffe98a
7f7d91e
001431f
00298e1
7fc3ae0
004885b
7fda77f
0058a47
7f93b91
001eea7
000d6f4
7fcd9d6
7ff001b
005862a
002792c
00b3fda
0020805
0014d69
0016f62
005b047
7fb543c
003ca72
00480c5
008dbca
00dde5b
7faf3cf
006c7d0
7fdb4ad
7f409f1
7f8c665
7fc9541
7fc3ec8
7fc875f
7fdfb76
7f8e7e4
7f8254d
7fa407e
0033163
7fb51ab
001828c
00315a7
7fbeb55
7fad1a4
7fd1881
7f43f99
00a10fc
0065c02
00096f3
7f8f699
7fb21f1
0057ed4
006de70
0026130
0011716
003a501
004c5ab
7ff0c07
7fef64e
7fc1b42
004b7f8
005f025
7f7094e
0032fc2
0025d5b
7ff137e
00c405b
0018b4e
003933d
0023914
00d95ff
00540e3
0017bab
7f9b978
0000233
7f977bc
0024abd
00997bf
7f7a7ff
0049457
7fab324
00293a0
7fb4841
00127dc
00833ce
006a250
7ffa548
002600d
0006edf
00335a9
7f7dbc3
7ffb765
00074ab
002036a
7ff99f3
7ff2696
7fefb8e
7fa24dd
7fdc2b7
000dd46
009989a
00b12ed
7fe1193
00331c7
7fe34da
0026905
7ff16df
0036657
7fccf5b
00199d0
7f82dbe
0047819
7fedadb
7fd0905
002e149
0002482
00956ab
002970a
001337b
7fb7e41
0002cf7
7ff12af
7fdb60a
7fd6fcf
00582f8
004eece
7f9c38d
7fbe06c
00422b3
00461b2
7f8fe09
00432d8
7fbf4dd
7f59eb7
7f889b7
006916f
7fa5db2
0065987
0009ec3
7fd4511
004f135
002d4f9
003328a
0000b01
7ff7661
7ff919c
7fb0d35
7fc19f7
004f0f0
005af63
0026aa9
004c995
009b6a7
006a0fc
7ff0ed7
7fc9543
7fcb7ad
7fea919
0015f28
7fde845
7fdb08b
00265fc
7fe25d7
0035512
009230e
7ff595b
7fc6c0d
7fc87cb
00055d0
001370a
0057db4
00251bd
00177ee
00cdcb2
00a4695
003e281
0027f28
00075a0
7f5198b
7ff77c7
00a9fb6
7fef9c6
7fe75e9
7fcd115
00672d0
001f645
7f3f95b
006dff1
00723d0
7f96771
0056b4c
0042255
7f81b23
7fb538e
004a4de
7ff9be7
7ff4f50
7fc2b5a
0080799
7f9ef1d
7f87219
7f959da
7f774f6
00363e0
008dfc9
7fc173c
7ffb877
002d243
0097d17
003fdc3
000b725
0051e3e
0073e60
0035453
003d531
7fb8017
006859a
0052026
00a145e
007a395
0020b50
0033593
003a77a
7f8d27d
0077e1a
000b60e
0009b6a
7f75e25
7fe8f1e
7fd6784
7f75453
0047672
7f8a4dc
0016411
7ffb900
0027ab4
000629a
7f32eec
7ff7018
00327cb
7fa9d35
7fd98b8
7ffd540
7fd3823
7fab068
00c3502
004e21b
00bd0a5
7fde4a6
004affc
00e1dcf
00030c0
00529af
7f9dc6f
000e6a4
002cb4b
7faa1c0
7f909c8
002111a
7f98472
7fcdfb5
7fa425c
000e964
7f7a700
7f90bcb
7f9521c
006025e
7f496b5
7fffa4f
0084160
7f8f53f
006a7db
0036a86
7fd4338
7fcdeb5
7fcab2a
004f2e3
005a4ae
7fd419c
7f89b7b
7f8eca4
7f9f80d
7f3d85c
0009c2b
0070ecb
7ffff5c
7fd4621
7f9ab40
7f9feb1
7fcc221
7f9de66
0019b86
7ff3020
7f7ad3e
7feb5df
005319a
7f90325
7ffb136
000ce0e
7fdb878
003f40b
7fa83de
7fff498
7f80e7f
0038883
004884a
002a21b
7fa39ea
00a4ea1
7fe2fd8
00a59a1
000147f
0002bc2
7ff5075
006420c
7fcad83
0038b4a
0023e1f
7f9c48d
0071486
00154d3
004587d
7fb9c27
7fa41f6
7fa4409
000a51d
003bc9a
7ff77ad
7f327ff
005694c
00a3d45
001c7ab
7f7ec1a
7f6214e
00aafb6
004cbb4
0046278
7f5662f
7fb44e5
0054d07
7fcce08
7fdde25
7fdfcba
7fee8d4
7fc2c7a
003ef84
7fe3a34
7fa8c09
002251a
7fc7233
7fd60d9
00266fd
000948d
005c98f
001a296
0030d71
00d18df
003c091
00003ae
7fd57ab
0094d61
003c7da
7fe5e1b
000dc4b
000c760
7fe425d
001f812
0057444
0035274
7ff5f90
000ce20
7fd89e5
009e111
00752c7
0013a41
7ff3e1b
0018370
002482b
7f8c52d
7f14e9b
7fb4e68
7fdf26e
003bf18
7f30b2b
0008198
00026ae
7f805db
7fd45ac
00568ac
7fc7f9f
7f8dc9b
7ff574c
7fd7805
7fee0c9
0078dbb
0004ebc
004e093
0097df1
7fac64c
000fc68
00508a2
000d4da
0028a94
0002fe4
0047d2f
7fa1006
003e286
002f773
0114131
000d2fa
000d6d6
004d5e5
7f93cd5
7fce1d1
006d9f5
0058d94
0025b8c
0018401
0005de9
0023271
005dffc
7fe13e9
7ff4390
7fc5765
00191a4
7f93e6b
0016a37
00044cc
7fda5cb
7fe8649
009f334
006b7b6
0090d7b
7f86ffb
0026a48
7ff7142
0057eb4
0033179
7fe2884
0025f34
003bb0f
7fc30f5
0064694
006955c
7ff0107
7fcbbb3
7fc71ff
7fcbc84
7f8f7fc
00412c7
7f79d85
7ffd25b
7fd1657
7f951d0
7f5711c
0011868
00390bf
0051e1f
7f9676a
005e62c
7fcb349
7fc871e
7fd0b58
7fe09a6
00679e7
00be686
0035785
0004520
000d0fb
7fb79cb
00069ca
0072cd2
00b3694
7ff16b6
0063592
00242e6
7fef78b
000ec0a
002d5da
7fa02bc
0073447
7fa02e1
0030c8e
003d62f
002f5ad
7fb0fc5
7ff4882
00612f6
0008a70
7ff3bd4
7f64721
004b951
7fb4b39
7f9955f
7ff0de0
003c667
003619f
00319fb
000dedf
7ffed07
0020a65
00355cf
00c19f7
00171da
0069389
7f37743
00077f6
7fd7fc2
7f9be8c
7fc1dd7
7f3c880
009ea27
0018491
00039e1
003b589
7fe7fae
0027620
7fdd5e0
7fd8871
7fdf3a9
7fd3d05
7fde8b1
7fa8b8f
7f97bba
7f6bcad
7fe82db
7ffd7e1
00795f4
0019c9f
7febc06
002013a
00aac98
00e9523
7f9aeab
7f7f0ee
009f3c6
000d990
7f9e4fb
7f76b80
008701d
7fd4377
009be5c
0034836
7ff0373
7fb874b
003a230
0013267
003358c
00588a3
0030bca
7fdc20f
00ab34a
7fb452d
003d2dd
7f71631
7f91175
00083a6
7fde198
7fd2084
7ff0f90
01033ab
006efd5
7ffae97
004aab7
7f518fc
0037edd
002e3a7
0075cd1
7fba0de
00246db
0026aea
7ff4302
0095459
7fd6ae8
0045db2
7fad0af
7fab5d6
0043be6
7fe5a13
7fb5141
0071cdd
7fd5144
002b566
006f9a1
0055042
0008fd2
0055227
7f9eb2b
0014775
7ff1623
7fbc0a6
7fb8d96
00375a9
000fe2b
003b03b
00690e3
7fc46f8
002d2a9
7fd465a
000b0db
7fb0e89
006dfae
0015d3c
0010af2
7f82625
0012a17
7ff3db8
0074a14
7f8c476
7fa3aab
7f9ce39
7fccdfe
00e36b1
7f88313
001a006
0095d97
0072c4d
7fec254
7ffaa01
00b5dca
7fe5e3d
001f3b3
005c8be
002662c
7fc18b7
00150ab
7fdd7d0
00419f9
7fa70a7
00870c9
005b9bb
7f0cb18
0046e9a
003cbc5
7fcfa3e
7fcb153
7f90321
003138d
00435ec
7fbb645
7fefced
003e61e
7fa4791
7fa37e3
7fbc80f
0037381
7fc47c3
000ebe1
7fa0a82
7fb7c02
00964b3
000e087
0032e1d
7f794c8
7fe89f2
7fbd4a8
0006d18
7fd3017
00084a8
7f8f365
7fd9116
00704e1
00869d6
7fc22d2
005fd2c
00a6674
000f2e9
7fd2e91
7fd1760
7fc4829
005e789
7f8a394
00083f7
00c9b08
7fd3f8c
0088dbe
7fd7861
7f8e418
000d030
005ce9f
0072a5e
7fea9ef
7fcc29b
0051c23
000100f
001e444
7fdcba5
004acc1
7fa477c
7fe9c5d
7fda7a6
7f998c2
0052953
7f7e6dc
0034e87
7ff0759
7fa93f7
7f2cd13
7ff4226
7fccdf5
7f83462
0020f13
000cbf0
7fcf26a
7ffe5b3
7fa6685
7fd279d
7f6063d
7f3a41c
010eebd
7fa1d86
00366f3
7fbb751
7ff4b15
7fe8ea4
7fac6b4
7fee98e
7f9c1a8
002b195
00457cc
0009395
0084cb8
7ff5a5e
002bef8
7fdf86d
006efab
001b3e4
7fa21ce
004321b
7fd4034
00324b2
0010e15
7f647a7
7f1a118
7f81fd2
003345d
0015a54
7fd48df
7f9dbf7
7ff9199
7f73104
7ff5497
004d09d
7fe5495
7f8c2e2
7fc1fda
7f18757
000e2b2
00be1d0
006a7e0
012e696
0019f9c
7ffddaf
7fb8ee5
0011058
009cc48
7fc7160
00245b5
7fd2121
0044a86
0002b8f
0035c24
001101f
000a9b3
003f1b8
7feae73
7fd004d
7fe4fe9
0033c55
0041f7d
7fababf
0005771
7ffe3d8
7fdf8bd
7fa366d
7fd3a26
004133c
007c610
0043108
7f97839
0041505
005fa32
001bee6
7fb3844
7fb75c0
7fbf2c4
004e7e9
007855b
0039555
7ff1d1a
002cde6
0001d94
7f80e6d
00be2c5
00143c6
0054881
7fdc350
00817a6
7fcc186
7fe9cb0
7fda00b
7f99a81
7fac1d0
00799b3
7f95eee
0064c21
003712a
7fdd97e
000945b
0016ba1
001d256
7fe5f64
0003c8b
006c69b
7fde41b
008b313
7fc63b8
00d6f1a
0029fbe
7f73792
7feb7a7
7f90a49
00b7203
7ffe657
7ff7587
0047642
7f26a08
00823ee
0002e2b
00033e7
7ff71e9
7fc36a1
006ab61
7fd7ce0
7f94713
7fdca9a
007c29d
0018641
000d720
00229c8
0036ac2
7fd304d
008fd0a
006dbf3
0035a50
0007139
008960f
005beb8
7f84101
004ecf0
7f809cf
0076a02
7fe757f
0002c87
00013a4
0059bd5
7fec8f1
7fb07dd
0071600
7fd68ec
7f68d32
7f60c5f
7f3157d
00394af
001985d
0003840
7ff9977
7fad935
7febc8e
7fb18f5
0032337
7f2d0ce
00824d7
002c2e6
7ffb571
7ffe0e3
0067a04
00257c0
7feabf6
7fae8a1
0015d15
7feecbd
005457e
7fe0034
7fb1d83
7f731ce
009f176
7f7d424
0075b22
7fc7030
006d0ba
009132f
7fdfe5d
0038d33
008f5bc
0015c14
7fd06af
7ff4548
7f82ae8
7f79fe0
0008174
004022d
7ff0fa4
0003068
7fe2bfa
7fe91c7
00042ba
7fcab88
7fc9a24
7ff8c4d
7fa2e98
7faf20c
7fa5d6e
7ff86b3
7fc1ab0
0040cd4
7fd54b5
002cc67
00728f7
0089e2e
7fd5aee
7fa7890
7f59d23
00442b7
0047027
7fdd256
00060e5
7f88ab8
7ffdd21
0017f0f
0065a87
7f838b0
0021e11
7fd754d
7f98df6
7f9c6a2
0010b9a
003ba15
008686a
7f91ee8
0095173
0030399
7fcabc0
7f928f5
7f66443
7fd65a5
00529ad
0016dd1
0001e2f
7f6aa62
7f72599
7ff59cc
00b751d
003cfc8
00892ac
7f985a3
0066aba
005b20d
7fcbc0c
00cf5a3
0020940
7fcd1a4
7fee72d
003c54e
003b685
7fb06ed
00228df
006a09d
0093f21
0042623
7f90742
7ff14e6
0042b81
0008594
0038eb4
7fa447c
7fbbae8
7f75a47
7f50d65
0033431
007ed39
0079bff
0048477
7fdf7e7
7f68155
7feb5b3
7f86868
0020f83
7fbe82a
007dcc6
7fd0149
7fe95dc
0025ff9
00a2c84
0043f68
004ea26
00236fb
000747f
7ffab78
7fede8d
0035ae8
0012084
004cff0
0004bf2
7fd55b8
00214a3
7fce269
0013626
0054292
7fa1352
7fa9176
0022c3f
7fd18d6
00c3e69
7ff1935
0024900
0002906
005c762
7fd0115
7ffbdb9
004e4ea
7fe4f74
007600b
7fd4b05
003cd38
012171e
001f962
008873c
00260c0
0087573
7fb1300
7fe804c
7fda7f2
0031d99
00041c0
7fe0594
7f94404
7f868d5
003d85d
7f7fd2e
7fda108
005653e
00c37d0
001d580
7fb1847
00104b5
002d1eb
000366b
003e643
003e563
002643e
0003e6d
0089c61
000abea
001571e
7fb4e9f
7ffc9bc
7fbf872
7fa6c54
001f468
0008204
0000256
001e78f
7feb5c6
7f94ab4
0021856
00028f5
7f8ebfa
00de3bb
007c720
001195b
7fea1f7
7fc8265
7f0cc27
000f7b2
00204e4
00412cc
0076ae1
7ff0e93
0041a70
00253c8
7f9fd97
008335b
00001d9
0042519
7fad345
7ffe3e5
7f7a25a
7fee67b
0078523
7faa93c
7f95bc0
7fe99f0
004ef64
009c274
7febe63
002c65a
7fd40b1
7f9660f
7fd46b5
7fd2df7
7fbbb94
7fbdf42
7f9494c
7fca2dc
7ff33ba
7f8b652
0003584
0077a86
007281a
7fb18b0
7fce1e9
7fdd8f7
7fb03f5
7f1e0df
000d5d1
7fe3f03
7faabf6
005c62e
000b82c
7f92a3b
7f74bcc
009e335
0050615
7f3b7e7
006b0c5
7f96c1a
7fe88dc
7fda0f3
0009115
0007383
000906f
7f80ea7
0011cfa
7f96468
00601ba
7ff356b
7f63977
7fcc47b
005a1ac
7ffa0b0
7fff56b
001a2bf
0028b74
00660d9
000579d
7f5b94b
7fb1002
004d358
0002a90
008fa58
006718b
7fbd03d
0088732
0013a23
003c868
000503e
005cd8d
000379d
7fe81a3
7ffd610
003d27a
001f71d
7ffb2e9
00045ea
7fdf95c
009c810
7fb446b
7fcc08b
7f7a6ab
7fabee4
00a90ad
7fef80c
7f86c02
7fc6d6b
7f7ed84
7fae16e
7fbd04d
7fbc497
0034efc
002b1d8
00060a0
00615e3
7f73dfa
7ff2b08
7f98892
0017d85
003756a
7fe6f6e
7f9fd80
006a2fb
0015c6a
7fc70d3
7f1285b
7ff47fc
005e22e
7fb31db
7ffb324
7fef971
7fe1c37
0003978
7fa4e64
000e0fa
7fb2349
001e093
004c029
0011d5c
006ff2e
7feaab0
001e2bd
0012309
0015344
0025735
000373a
7f63ac1
0069a84
7fdee7c
007219b
7f57cbf
001fbbf
7f8b05a
007a208
7fee7d0
7fe063e
0011ed6
7fff56c
7feeb0d
7fde2b5
005954d
0066de4
006c6c7
7f86e13
7fd5a09
0038689
0134c69
7ffc8c2
7fab1d4
7f7b4a3
7ff96b7
000d5d7
0014d69
7f693a6
7fac965
7fd2149
7f9f2c4
0072bcf
0026011
7fb62e4
0006105
0031f94
00bf1ae
0008656
0011ae8
00305e5
005006e
000b472
0048d2d
7fe9153
7f8578f
7ff4a72
004f89b
0056bc0
00350be
0060807
0034fd0
002977b
002ecfc
00554cd
7f7c3fb
7ff5c75
0074440
0089349
7fa5533
7fe2e7e
00154eb
7fedf72
7fb5d5f
0066e11
7fb1039
000e3f2
0059f8d
7f70af2
005800c
7fe949d
004c082
006eb57
00118e8
7f9029f
7fc8fb3
001e438
7fb4a90
00082e4
7fd047d
7fa3c43
000b4f5
7fac2bc
0015450
001317d
7f4b48b
0027554
7fbbbd7
0013064
000ec1c
7ff995b
00c44a1
00471dc
7fa5ba4
7ff31a6
0021cf5
0023dfd
00572de
7f81332
0054134
7f0effb
0029814
7f40c60
0000e47
005bd96
7ff3a17
003b434
7fdb62d
7fed382
000fff4
7fe17fc
7fa47f2
7fd0165
000d8e4
004fa1d
7f7c59a
7fd1135
7fc07ab
006bcb8
0040828
001d3b1
7f82616
001187c
7fe1531
0045348
0059284
0000568
7fd36af
0050f1f
7fc8dec
009cc65
006924d
003c8d9
000b4c5
005e9a7
00098e1
002f560
001a5fc
7fddb5d
00fcfc0
003e4e7
7fb479a
007a9f6
0051727
7f9661b
7fe56a7
00a2a7a
00aef14
003fbc2
7ff1dac
7fda47c
0081141
7fef64b
7fe2dd0
7fb7b8f
0013caf
003c68a
7ffbbba
7faca3a
7fa117f
7f62a01
7f596c0
00e6112
7f98ae1
7f72dae
000c6ed
005ad08
0085b49
004288c
7fac00f
004fa96
7f405fc
7f74949
7f745bc
005b477
0069a46
7ff9b1e
0040aad
0055308
0030644
7ff6d7a
7fc8753
7f8c5e1
004311d
008578f
7fd8ac9
7ffd456
7f86e13
7ff7889
7fe2668
00468db
7fe2c5a
007843e
0092ce7
004a596
7fc5578
7f8212d
000937d
7fc96aa
7ffe2ad
7fddc0f
7fcf820
7fa19ca
7f9798b
0008a53
7fcbea3
002027a
005194e
7f9cbf0
007be82
006d40c
7ff64b5
7f6fd8e
7fb9d5f
7f4d2e6
001fccf
7fd3175
7f30456
7f8c32c
0061125
0031efe
7f795d0
7f87ab6
001044f
7f6ffb1
7f9252e
7fdc31a
7fc7754
7f57e4d
7fefbf0
0000544
00429ac
002d225
7fb7490
7f891cc
002bf1e
002cc8f
7fec88a
000cf1e
009081b
7ff2053
0067164
00524da
006b810
7ff0670
7fc92f6
7fc63c9
7f62e9b
0041e9c
7fc48da
7fd2520
001302b
7f93138
00ad8e9
000a597
0036391
0032452
005b479
7ff3f91
7ffb043
0035177
00575fa
7fee2f4
7f95269
0017511
002ddb9
0029276
7ff2e60
7fec897
7f434d6
0054978
7fd532e
005b416
0062b67
0005fe8
00cedb7
0095121
7fde79f
7f60548
004b8fb
007b4d6
7fcbc0e
0108d03
7ff65c4
7f8acd8
007892c
00e0e73
7fe237a
7f95afa
7fa6d23
0041fe3
002e48e
0072238
7ff5e47
00d2948
00302a1
0048d2f
7fd95c5
7fe8d85
008944a
7f9fa12
00373ce
00d8565
7fbb62d
7fa2060
7f83f21
7fd68b7
000c80a
004ddac
7f895c6
7fb5a11
7fb15c6
000f8e7
0009c1b
7fb9227
7fc7406
0013aab
000858a
7fc517b
0026e1a
7faa69b
7fd124e
00ab16e
004dd92
7fd5efc
7fd0784
7fdd254
00354a8
0010a42
7fb6c36
0041598
7fe911a
7fcc747
7fbe5e4
00544c9
7ff3a18
0058ebc
008529a
7ff5877
0049ee8
7fa9352
002b3b0
7fbb261
0032b55
0029496
7feb62b
004e375
7ff8405
7fc6947
7fadd3c
7ff4e97
00bccb9
003cc2b
7f34bb9
0017fbc
7fa8b83
7f9cc91
00420ac
00180eb
7f9bfc1
7fa151f
00b8f00
7ff3142
005b26f
0001ce0
0050db9
001bc6e
0064670
7ffe981
003f2e0
7f8d052
7fcda17
00697f6
0047608
006ea60
7fe0cd0
00066e7
7fb2f5c
0011167
005dc6d
0003d45
001114b
7fe8ea5
7f8e638
00038d5
005b6a8
0068a05
000d701
7f86ccf
7fb64eb
001cba4
002890f
7fde21c
7fe4240
7faae66
7f8cc24
7ff7135
7fb7563
0041d95
7fd4bfd
004712f
7fd7a63
7fbe621
00a1ba6
7f8c520
0045d7f
0024da8
0087eda
002bede
0051d61
7fdb099
7f558d0
007cbc7
0064edf
7ff0837
00a87fa
005bfc3
7fcdb94
0044187
0005736
0076eab
7fbe773
7f7de01
7ffcc94
7f9f3bc
7fb492c
0001840
000729c
7fbbe4d
7f91959
7ffda71
006221e
7feb939
0024ea4
001578e
7f7de6e
7ffeb6d
7fd1a8a
0063930
003166d
00482a1
7f9f234
7fb043b
7fd0a7c
003f16c
000f4a8
7fc2871
7fe9b9c
005995c
0007c52
004a58c
0086963
7fe57f1
0040b27
7f98b24
00a0048
7fd6b1b
7fc9363
00a32f3
00a3e71
004ea17
7f95a4a
7ff1b5b
0000899
7f9fc99
7fdc4cf
0038cf2
7ff087d
0021b49
7ff3f8e
005a553
0050008
7febd41
7f9a22c
006fa0e
7f8a4fb
00c24b3
002a20f
0025f17
0010cf6
7fbf848
004c9fa
7f98b05
7f86fd7
0070f23
7fcfe1d
0033570
7fa096a
003b115
00a54a2
003a97b
7fd59f4
003cf6e
7ff0e9e
0069da2
00dda7e
7fefc31
007e457
0010470
004992a
0078e43
7ffaafa
7fc3c5f
000d227
7ffe338
7ff9d19
7fd9ecf
002ea12
7fe51b1
7fe7cd7
0062899
0091621
7ff3ac3
00378e1
7ffc519
7fccab0
7fb59ee
0005db0
7fccb48
00304c2
0018f40
7f8f888
002589a
7f747a7
7ffa3e8
7f7b4bc
7feef48
7faeccc
7f74225
7f90f7b
7fa4cf9
008186d
005ce5a
7f8dca3
7f8b69b
000c0b3
7fcb40f
7f77340
00ca5b7
7fd67a6
7fec38a
7ff731d
0033b4a
7fd644e
7fc0a7e
0039392
7f5f036
7fc6d6b
003efdd
7fbcff9
00a3b31
7f7b3e7
7fe446e
7ff44d3
002b6eb
7ff3f7e
7fdc321
0091b19
7fe1602
7f0e992
002e621
009562f
7fdb67a
7fc7160
003de2c
003fe28
0079181
7f6414e
00034f4
0073482
7fc5ee4
7fe8401
7f6fa41
000530d
0089acf
7f80fe7
00a36ee
0071802
7fdf99d
002378b
7fd7927
7fdcc4b
002a07b
7f5bc64
007accd
7ff7526
7fb43a6
7fb64e4
7fd0185
7f8fccf
7f8dde5
7f83daa
7f5fadf
000918b
7ff7c35
004605b
7fed6d8
0055b8f
0088380
00490a3
7fdafd1
7fe2633
7f9e0e2
001cf74
7ff7f21
0097d7c
004a7e8
7feaaa2
7feef96
7fe1b4d
7fa1f4c
0030f59
7fbe08d
7f590d5
0002f21
7fb19ee
7fc2789
0033ede
7fbdc42
7f85e85
007fedc
7f67313
7fc0620
7fbc483
7fd681d
001ab54
000b1b3
00738b6
7ff9d13
7f68d87
7f58833
0094b37
00112ea
7ffdf19
7ff8119
0041068
7fc4942
7fdf733
7fafbc3
00dff77
0014871
0072754
7ff99fd
7fcd2bd
7ff03ac
0017b12
0076b8f
7fef156
001f97c
7fa1140
000551a
7fc01f3
0038de9
00353cc
004d004
0000172
7fd7956
7fbaeb6
0064a59
0052746
7fca1b8
000aa1b
003a17f
0032b2c
00d9441
7f41e11
003e00f
7fafcf7
0049053
7fb773e
006de50
7f9dcc7
7f2b23c
008015a
7fdef08
0005910
7fbc33f
00b5b67
004c7b5
7ff8b4b
004ac5c
002206a
7f87c36
7fcae44
0075a7f
003565f
002aa5f
7faa216
7fe218c
000f1e9
000e23e
7fad448
0065dd2
0035819
001195b
7fde44b
00781be
7fc920e
7f69feb
000ff23
7fc6875
0040713
0028c35
0090bcf
0021cdc
004812b
0044716
7fcd085
7fac0fe
7f48f6f
009d943
7f0e10c
00a27f1
7fe343b
006a020
7fdff99
0039735
000ad49
7fa4be2
006023f
7fd083b
7ffade4
7fbd2af
00762c4
00348cb
007c201
7f926f6
7fed3ce
7ff18bd
7fcf2d0
7f8e1ae
0006fb7
00756a0
7fd0cfd
7f48ab7
0020ccb
7fc8800
00a56ff
0007c56
005a2dc
7fb0402
007c079
7fd2d1e
7fe57b0
7fe7e75
7ff971e
0047f66
7fd1609
009ad3a
004e2ba
7fcc9c1
0059a6f
0069a6b
7ffeb4c
7fac17a
7fe9881
7f9a2cc
7ff45b5
0004886
00137ec
008dafb
00091a2
001b446
0082549
7fed9b4
00237c8
7fd8749
0052873
0063e5c
0066d04
7ff6775
0028b3d
000c648
000c86a
0089e37
7fc2d5e
00e160f
7fa43e0
7f854e1
7fdca74
00012b0
7f644bc
002a093
7fefb7a
7fcbb19
7fd3b7f
7febe5a
7ff9f61
7ff6da1
00102e9
7fc1a14
7f6d71a
7ff6481
7f9149b
003c201
0025268
0029cde
0076db9
005e006
7fdba34
008bcc0
0009f19
7fb6237
7fccff0
0024461
00395ff
7fc87f7
002a8ef
7f4d0bc
7f84ae2
000dcad
0023219
00e058c
00398f2
0054926
7fef629
000ef91
003f530
7fcaace
004d68f
7fc40ec
001d5ce
006decd
7fc4bbf
0065b16
7ff00e8
00195a1
7ff394e
0068591
7fa18f9
0006307
7fda5ee
008b86f
004a45d
001dd38
004f48c
008c21e
7f64768
00187df
006a434
00172b4
007dd09
0017c23
0006274
7f8812a
7f4aa7f
0058cfe
001f63c
7fc3678
00bb3e7
7fcaaeb
0063d0e
006885e
7fea162
7fee2b9
7fec857
7f9e8d0
003fd3e
0092a8c
7fced50
7ff4d03
7f7284d
7fdd7ca
7fc1ccb
0053730
00ac8e0
7fc3a8f
7fb12d8
7f585d0
002f21b
0053d5b
00448f0
7f9f51d
7fd7666
000b69e
7feef51
008a918
00b30ec
000a4dc
00413f9
7fbb127
0066be5
0019832
005c42d
7fe67b2
004b4b1
0018003
7fe63ce
7ff2632
7fef3e9
009d769
005b3c9
7ff8dba
7fcd48b
7feb5ea
7f93425
00168f8
002ca6e
0013710
0015b42
7fe3cfe
7ffe7a7
00de820
7fb6b89
002f333
7ffab00
0088011
7fc6412
0003b70
7fbac6e
7fbca9c
0038bac
7fddb8c
7fdedb6
7f8dee1
0025b82
7fefb29
7ff20f4
7f9ae3d
7fc9899
7fa6862
7fdfc52
7f9776a
7fcacaf
7ff0d16
7f748ec
002ef5b
006dd4d
004e2b7
7f7c3e5
7ff63fc
001592c
7ff1433
004db78
7fac99a
7ff52d0
000fc35
7f6e5ee
7fb443e
007fb96
7ff0689
7fea2ae
0044e51
0086fae
002e568
0089d03
0047f8c
7ff3c88
7fbc53d
0005cb0
00a6f6f
010c998
7ff252f
7faf136
7feef12
7f9d09e
7f9405d
0030be3
0078302
7f40084
7f8ad55
7fe9dcc
00180d7
7fb0d76
0060c90
00b2420
7fcb885
7fc9b38
0012275
7fd3ba3
7fcadf2
003e3c8
7f9110e
001ac0e
7fba037
7fed93a
7ff8b43
006fec8
000cfab
00687e8
7fdf66a
7fd07f0
0007b3b
7fb93e4
7ff90d0
003f9ec
003c8e2
002e158
0079c1a
0051973
7ffd2a0
7fe349d
00baf2d
7ff3a6e
004eeb9
7f90e01
7fb045c
7f9b48c
7fd8131
7fe780b
7fc3260
7fc8444
7fb740f
00122a3
7fe204e
0059bd9
00a6c17
0045db3
004f562
0059646
7f1d168
003de38
7eea82d
7fe4678
0007c05
7feca29
006ad8b
7f9cf98
0007637
00a9f41
0039007
7fb45c1
7fbd495
0088ecb
7fa3763
7fc76d0
7fac271
7fcedc2
7fc227a
0075ac4
008cbfc
7f1a303
7fee023
008582b
7fc91b2
0047db8
001f4a3
7fd4cc9
7fb6e8e
7ff8880
00424cb
7fe29b1
0000c75
7f88809
004df92
00bd414
7f862cd
7fd8c2e
003624e
7fdfcb6
7fc14c4
7f5405a
7fc9a9c
003ee7d
004c069
00304e3
7fe523c
7f1e2cf
0075892
7f8b2d2
7ffa9b4
7f813d9
006d482
7f8e7b3
001b9f1
7fae313
7f48798
007d013
0018ed9
004e1a5
7fd52a2
7f725dd
7ffac1b
001ed1d
7fe007c
7fcf17b
7f4e0f2
00016f3
7fbfe62
7ff62f2
008357c
00466f0
7fb457b
0051413
7fce059
0054332
7ff2017
7fd1667
7fbdee4
7ff09f5
0042d37
0046cd1
7ff261e
7f9520f
7ff0379
7fd339f
7f678eb
00d9fdb
0075051
7ff511e
7ff8370
00611b8
0058f98
00143cd
004910b
000abb0
0045688
7ffb473
002a4de
7ffb444
006fb99
0037069
7f74fe8
7fbfcf3
7feea59
7fe0c27
005e71a
7fe3146
7faa1ed
7fc263c
7f955b3
00b2fe9
0061d10
00b2e94
7ff334d
7fe02e3
7ff715e
7fcaae8
7fbe989
0081c97
7fe9322
005b5dd
0016c3b
001aa99
7f9af20
7fe8067
00132f8
001e5d1
7fb74ef
7f848f7
7faad45
00058b8
7f647fb
7fecb1b
0076f75
7fe1a36
7fe2390
7fc9af9
00145ff
7fb7559
0063514
009841e
7f7a34d
00936fe
7fa7f2a
0019796
7fee85c
005507b
00474e0
0045051
7fff8cf
00642e2
00023d0
7fa2afe
7f6990f
00423a6
7ff0fd5
7feed9c
7fdd562
7f80edc
7fbf212
00155b4
00b68c8
005a364
7f7621e
00bca2e
7fcdc47
0005e02
0023286
7fea70c
00068fb
000653b
7fac0a9
7fead02
7fcb878
000ba0d
001c5fc
7fd703d
7f3f878
0019ab0
7fdb315
0005624
001da7c
7ffe561
00267be
005a3ec
006d348
0051bf1
00c9b2e
7fb96c1
7fc71d5
00a26cb
7f6fd8a
7feab8f
0081c56
00464fc
007b6e6
7ff6d9f
0004f27
7fa0904
00586b0
00002e1
001a9c2
7fd198a
7fe1691
009b980
009e00d
005cff4
0008a5a
7fbd8ca
7fda9ec
7ff3e2a
7fd7ee9
00979ec
001e26e
7f81816
7fadbb8
00c3dd6
7fa6c0c
001bb69
7f97173
7fec902
0007919
0013774
7f5484f
0068d0d
7fdbb8b
001c96e
004a22b
7fcd1fc
0007df5
7fc5368
000d2ae
7fa9e7c
7fbc990
005ea4b
0053707
00244cf
7fddec6
00ba96d
7f9d116
7fd2e8a
7f2e622
7f9eee2
002578b
0044150
0005447
7ff542b
7fe80cf
7fed67d
00407a8
000b6d1
7ff87f7
00706fd
00404c4
7fde85d
7fbfeed
7f89be3
7f68b4a
7fb28de
7f89a80
0026cd1
003d123
000e939
0057f1d
00ae3f4
7f631e7
0058c73
7fe94f5
004cc36
7fecefc
7fb980b
7f49c11
7fd00fc
7fa6b00
7f9e57f
00126b6
7f868e6
7fbb2c9
005e439
7f87dc9
7f7e503
001ed14
009c846
7f42892
7fd2259
00717a5
7fa9db3
7f88627
7fc7390
00034c6
7fb7a2c
7ffc772
00a9943
000d548
006c3ca
0052475
7fe1634
7f9bcf0
7fd15df
004de4b
7fa789e
003f7b6
0014fdd
00a8e1d
7f92653
7ff91f3
00466b3
0040c8a
000f979
000e1e4
001eb46
7fe9400
7fd8c49
000d666
005cf18
7fc30b0
7f3ae41
0089fe1
002b737
7f79ea9
7fa140f
0053a79
7fd799a
0003253
7fe5ca1
7fbf91c
7fd9e85
0006c88
7fb39b3
00392a0
7fe7c10
7fae6db
7fac122
006702d
7ffd306
7fc4fe7
7f721bd
006c0ca
0059b49
00b1fc1
7fe8006
0014ef4
0051a36
0099186
7f7aa4c
0013f30
7fbd9b9
0008641
7fbdb88
7fe21e7
000e9d5
7f8dc30
7fb4c60
00474bc
7fef480
7fb225f
0064e1f
7fccf9a
7fc3daa
00082a5
0024458
00065b8
001cb39
00742c0
00d80bf
7fa78ff
7f88655
0025b50
00567a3
002e115
003a5ce
0008599
0004fa0
7f7a997
7f61607
7f78a65
7fed15c
006a181
7faf8ab
7f51e54
001d8a5
7ffb938
7fab191
7fa8e8f
7fe1121
003c75f
7fbf0bd
00008dd
7fed678
00333af
7ff5364
005ea6e
7fda0b0
7fa3e4f
0061c35
000c08a
7ffe88d
7fcb266
7fc4aa0
00738a9
00a501a
0085ec4
7fb7f40
7ff8087
7fbef8f
0038a43
7fb8ded
0028568
000c679
007c871
7ff3cce
0057491
00078bf
7fcdee4
7ff6774
0022a40
001962f
001d37c
7fd74b4
7ffaf0b
7f894d7
000ddd0
0013cda
0018250
00797ba
7f2f1c2
000df6a
7fcc6fd
001b770
00297e5
0084bd2
003bc78
005b4a1
7f8a0b6
7f6426e
7fcc1b2
7fcc0f6
0035852
0058774
005e51a
0036339
003dd81
7faff1a
7f7b8b7
7fdbfc5
0043f79
00a207a
7fba0b9
00180a1
00644dd
00377ec
001f283
7ff20a2
7fd9334
7fc7cd5
0027471
7facd6f
00624b6
7ffb904
0016e2e
7fa052c
7fc3ea7
7feffb3
7f7be36
004ec8b
7f62d5d
0027c84
005c6e2
0012347
000405b
7faf546
005a902
00515f6
004112c
7fc7e27
004e136
7fcbb8b
7ffaa2d
0071711
7f7ebd7
006dc70
0012c83
7f6926e
7feff5a
7feaaeb
7f5488c
0037f1d
0039c5d
7fbf260
7fc6f9e
008abd0
0016410
7fb85b7
7fd38fa
7fd86d3
0012e2a
004a56f
7fc09d8
0027269
00c67e7
7fc0833
0048f94
7f6b4fc
7fcf295
0013066
0061be6
7f8759e
7fbe156
7f8ce90
7f9458f
0007b97
7ff2e83
7fa46b8
7fe0def
7ff14d9
7fac14b
7feb9b8
00875c1
0034705
006be65
7ff5c42
0033214
7ffd616
00611f2
0077865
0029d43
7fe15f2
0081c14
7f967cd
00139c9
0052982
00019fd
7fdd829
0007dd0
0018d91
7fb82f3
7f8f5d9
0030e87
000968f
7ff8c49
7fdf316
7fdd9ad
0079b11
7fbfc7b
7fe1bf3
7fe48c4
7fd7adc
7fbe01b
0055a3a
000ea88
7feadf9
0027f5b
00b75be
0001b85
001587a
004db4d
7f63393
003516e
7fcbff0
0037fc1
7ff7120
000e55c
0022703
7fde673
7fa6888
7f76d33
7fc2f7c
7fcbe90
7fe8fbd
7fde8a9
00220d4
7ffe003
00292d4
0022766
002334b
0050b27
0041c62
004fe64
008fbd7
7fc2a1d
000d19a
0095c46
7f514d1
003624e
003afac
008cde5
7ff5eda
7f9a526
00068d1
7fcf62d
7fe8b82
003a33c
002ff17
7fae8ce
7fca708
0041d42
00230a8
7fb352f
7fe2a50
7f92320
005c558
0027878
00b7a0c
7fc4f5f
000584b
7fb0381
7f9fb78
7fee619
7f851dc
007e3f7
7fde1ed
7f82b55
003d1f9
7ff29bb
7fea5dd
7fde43b
004b185
0053ce2
006ecd4
7fd8ab8
7fadd0e
7fff825
7fc878f
000fe16
002d919
7facadc
00236e1
7ff62df
7fc6700
003f5e0
003851c
7fe05fe
00091f0
0055d3f
7fdb7a8
00052a7
7ff0e99
00056ad
00364de
0049cdb
7ff175e
001afbf
002f9bd
00217a3
7fac52f
00273dd
004b63f
7f51976
0038c66
7fedd84
006b55a
7fc150a
7f95e35
000e9ce
002a20c
7f9cac5
0036c02
7f85fed
0076374
006a066
003144b
7f949e6
0044655
7f4c3d9
0047e18
00257fd
0073f5a
7fa7473
7f925de
003eca3
7ffdfc3
7fcbf8f
7fcbee6
7ff8174
0048e02
7fbba58
000af07
7fadd8d
7feffc9
7fde175
7fd859a
7f833d6
7fa39d2
7fdcb5e
000990b
000050e
7f98c4f
0041271
004937e
00610e5
0015f5d
7fab968
0043563
7f85508
00123d9
005e5c6
0044113
00553ab
0095d99
7fe2a6f
0027cad
000b437
008516e
7fe269b
7ffa103
7ff2ac8
00a93a0
7ff4e2f
7fe615c
00290a7
7fdee1a
004f58f
7fc99a9
7fd3821
7f9f5ac
001c657
006987f
7fe951c
7fd2487
001113d
0000ff4
7f6e05a
7ff71df
001377c
00812dd
7faae7c
7f87504
004a7c4
7fba85e
7fb74bc
003780a
001f47f
7ffc9dd
006d1b8
0024f9b
00187b0
7fd1d72
7ff99db
003b399
002e067
005807a
7fd9cc8
001e762
0033bb2
00045a3
0008409
00398c8
7fd580f
0037f8a
7f70eed
7fbc0f2
000e6cf
7ffd7b8
003c6af
007865e
000ca6d
7f82e10
7fea972
001f495
7fdc5f1
0031979
7f3b516
00715eb
7fbe508
7fb4a0c
7fc2df9
7fac24c
7fbad03
7f9c60f
7f8e075
0091e7d
0062eed
0067037
0020766
0084ec5
00b2172
7f99c73
00015da
008a4c6
7f9035a
7f82408
0023422
006e354
00102c2
7fc05bc
7fe1ad4
7f6e985
7fff5e6
7fb017e
7fab4c2
0020b4b
008ee0b
0025b53
7ff0ad4
00353c9
003abcc
7fcdd0f
7fc4775
7fa42e1
7ff91fb
7fcb1af
7fff666
0025091
7f61292
0067e16
7fe1ff4
7fb1dc8
7fc9435
7fcdd3d
009256c
003e39a
000125a
0080659
7fc18d5
00254fd
7fe94e0
00317ce
7fec751
0058e4a
7ff5db5
7fdb6f5
0039ee2
7fe0939
7feab5f
7fac883
0067785
7fe2cf5
7fc92da
7fadc7e
7fc877b
7fea480
7fde9b1
7fc3fcc
7f4d7f7
0088b42
00156b2
0015dc7
00164fd
006377d
7fd143d
7f7d39c
00356aa
7f90d1f
003ce85
7f792ff
7f780a1
0017605
0071844
7fcb5f3
7f95f11
001a255
005eb70
7fd7a3b
003a74d
7fb700b
7fd1d79
0051d9b
7f6995e
7f4399b
7feb3de
00649f1
7fd9838
7fe4fb4
003b721
7fa5522
002676a
00272fa
7fa620c
7fb3037
7fdeed7
00df0fa
7ff514e
7f9871d
7fbaa1d
7fd7166
7fc68fc
7ff0064
0030148
7fdc0cb
00257dd
7fd2fe2
006129d
002af7b
0032e11
7fc8144
7f3df60
7feecd7
0016839
7fadfb0
7fe2b53
7fe2d8f
7fef726
0013e0d
001606e
7f4d2ee
7fe112e
7fd932c
005fe9c
007d7cf
000853f
7ffc700
0015815
7fd839e
0043ad3
0049d0c
7fe39dc
00190d1
7fb1903
7fd221f
7ff7226
0004c53
7fe067b
7fba455
0016ca7
005f471
001a176
7fc42b7
7f9fd92
0072dee
002eeee
0008e0b
0097a53
000ec0c
7f8f6c1
0032073
004f9d6
7fffb63
0068304
7fe63ce
7f5e9ca
0021ec8
7fbc3e9
0046a9d
0093f1f
001d8d3
7fcb4de
0087e92
0020056
7fbbacf
0015275
0083191
0006a33
0007150
7fc7834
7fb667e
7fc1cff
00240d5
0012884
001ad06
7f82d9e
7fc8855
7fc511a
00583dd
7fdd28c
004d086
006ed06
7fa9c3e
7fe56d0
005ea20
7f8d9de
00c3008
006bdb2
7feb558
0056411
7f68557
002e5e4
7fcf6b5
7fed23d
003b6f3
7f94e29
0033825
7fdf94a
00bfb16
7fca4ac
0008ada
007505b
000a9b1
0052238
7ffb780
7fba932
002f1cf
7fb319e
00210a1
7fead15
7fbc38a
7fcb604
7fe5f4c
00a2764
000e18c
7fa582b
7febfe0
005880f
0072a8b
0033520
004a5f0
004a9fb
0017b84
7fe0296
7fc3d00
0070028
7ffb535
7fa2174
7fd90e0
7fb3d1e
000a4d2
7fc45fb
0048783
7fb1e77
0053522
0084044
002fd32
006d5c9
000106a
0007876
001c0ac
0038e28
0089505
7fc4d75
00abcc3
7f73265
005f911
00ad430
7fe73f1
0044529
0023604
0031c36
001d79a
00cdd31
7fe0ea9
7fe93b2
7fc6358
7f5ede0
003ee4e
7f9a03b
7fc8b00
00e1a07
0086fdd
0074ebb
7fb535b
7fdec51
0063ab6
0042227
002b829
7f8a069
0037842
7fc547a
00522ae
7fc5c42
7fe59c2
000e8f5
7fedffa
7fb27f4
0016893
7ffa098
000e49b
7fcdcf2
001191f
7f9adbe
005f47b
0039f21
00077ed
7ff6555
7fc9edc
7f49301
001a2fc
003e26b
0019114
0012857
000a2fb
7febc9c
00af82f
000ed41
005ce82
7fba195
0033eb5
7fb6cae
7ff973a
7f9e11a
7ff86d5
7fcbeee
7fc7dc2
00c4461
00d64b0
0006079
7ff856a
7fc8b99
7fcba09
7fd6f9d
0001936
7ff7b7a
00412d1
7fbc556
7fb8ed9
001c9b6
004dbd8
007aceb
0048abd
00008f7
006f4d6
7f8b4ac
7ff4d19
7fb9b71
0048ac5
7fa11eb
7fdf4cf
7fda45a
00121f6
000e5ba
7fc80d8
7f98421
7fb303d
7f4fcb5
000dd01
7f6a9ca
0049310
004828d
0040920
7f73fb7
005cbaf
7fe5d8c
005c75e
003273a
7f63925
0061400
7fb6c8e
7fdb79e
7fde0b9
7fed493
00aaa82
7f9dcb7
7fa5e52
00380cb
00645e5
7fe65ad
7fbc43c
0003ccf
00999a8
7fe6f66
002a93f
005daf0
0051241
7f7d78e
7fa2bd8
0044bd1
001165a
007399c
0072463
7ff1f7a
0041490
7f98d31
7fe84a8
7fd6295
00042f1
002236f
00aa131
7f8bd73
7ffea44
7fe4797
007ed5a
7fe0039
7ffa2eb
005751a
7ff6c57
000abba
0007e07
0062d07
000a3f8
0090ff9
7fc3b2a
0053f8e
007e100
7fc5d46
7fb3506
005a2fb
0089189
7ff5085
00041fe
005b5f3
003c482
7fe65e2
7fcc0bd
7f81433
7f71c9a
7fba973
0007732
7fa82f8
0060ba0
7fce755
7f29a3a
004029d
7fb1f6d
7fbc219
0039ddc
7fe626a
00867d3
005cb3e
7fb87fd
0026227
0034ad2
7fddf68
007438b
00089dd
000b16e
7f61576
00143c6
00a0468
009cd72
7fd05ce
7ff1e17
7f8508b
0072e24
000d3b1
004d52a
003cb8f
7faeeae
0046ca6
7fc72e6
002da26
006ddc1
0055153
00232cb
7f9299a
7fb6df5
7f93000
7fa9bc9
00aac69
7ff12d2
7ffe376
0043778
7ffbcd1
0059d99
001ecf1
7f47022
7fcb05b
7ffeeb5
0048592
7ff697c
005e73a
7ff8348
001867a
0008a3a
005a078
7ffdff1
004f6de
7f93018
7fd3946
009e70e
7fc49e9
0022b0a
7f6a102
7fb3740
00437f3
7fe5e96
00170c2
7fa7d09
002f50c
7fe5799
7ffb679
7fff994
0018cef
7fa33eb
0052d18
7fd1c49
002eee8
7fb3f3c
7fee2f8
000b492
7f88203
7fe346c
7fc5349
000d7a4
001ec2c
0012f33
7fe8f9d
7f641a9
7fe4dd3
7fd61f0
7f745bf
7fe1973
004274e
005fa85
0003479
0018410
0032aeb
7f5df6f
7ff70f4
00ae894
00c3dcb
7ffb199
7f24bb2
7fd91f8
007f96e
7f9f2c7
7f416f0
7fe90f7
006359b
0016735
00418ec
7ffcdec
7ff7d99
00aea91
7fa0e57
0005f14
00075e3
7ff6e79
001e92a
00153ca
001c6b8
7fe4877
00d1419
7f86294
0083be2
0052370
7fe70dd
7fe7270
7fc342e
7faaf3c
7fe7a41
7fc1df3
0019b1a
7f5de9b
7f8be4f
004c128
0034af2
0075ae1
7ff6f2e
0045d7d
00a1902
7ff6fb1
006f131
7ff9c9f
00a91f3
00233d2
00147d7
7fdb6da
0004493
00164e2
0015a4c
7fdd7c8
7fee9ac
7fcc792
7f88938
007e6fa
7fe071b
7fa42f8
002a3c5
7fcdb57
004fc89
7fe2dba
0015a32
0071e75
7fa1643
7f1a68b
009916a
002d7ea
7fd3dff
006af23
0002647
00a7cc7
00264b5
001b3ef
00540f1
7fca3a2
7fd0bdd
7fbd7ae
7f9a347
7faab34
0097872
7fcb8f9
7ffb5cf
0017998
7fc1249
001b7a6
7fa7e2a
00538d0
0025427
008409f
0057fc9
7fc2328
7ffd1e5
7fd1ac5
009cc74
0033496
7ff3031
0006312
7ff9a73
0064d9d
008030a
001f64e
0021d39
0041da2
000c6a0
7fdd9a6
003bd6e
7fb3b07
7fe67ca
002c5de
001c6a0
7fe40c8
0014dad
7fc6add
0012c8c
006ebe1
7fc8093
7fb5c11
002e50b
0009c07
006ca07
001c574
7feee60
7fc2f37
0068416
00292cc
7feb6a1
00691b5
000ab55
7fd9d6c
7faf2e2
7fb573d
7fc89a6
00308af
002756c
7ff2ed6
000bc57
7fc018f
7f48f57
7fe05be
7ffebe1
7f8ef71
000e9f9
7f57c23
0035578
7ff82b8
0038f64
7ff3f7d
0034bd7
7fc8d71
7f9b878
00437b2
0024841
00239d1
7fce06b
7fae043
7fe6f4f
0056c5d
7fec69a
007fc42
7ffda0b
0075528
7fef0fd
7fc5a00
000a99c
005a810
00568d6
000135d
005d04f
0041c8d
003bc05
0054c06
006d909
7f5bd1a
7feb008
7ff4f05
0004163
7fd0f8d
7fee629
7fd461a
00dcd98
7fc9d4e
7f97540
0046fe3
006af44
7ff372e
0023dd0
00bf1a0
7ef841e
7fe5890
0047575
7fd23ab
7f8572d
7ffcc5e
001824c
0020f9e
7f85a93
7ff620f
7f8c3bf
0012e80
7f9d15d
7f86edb
7f961b4
7fb6ada
0062f8f
001af20
0058bb5
7fea12e
7f135e7
7fbbceb
0096c80
0031f3c
000b113
7f5e1bd
7ff9999
00c1493
7fe0e03
7f65eb8
7fb043e
002c32e
0017b3b
7fde960
7f81f51
00664e6
0002b30
0036fe1
00416af
006c445
009bb1e
00206d0
002cbdf
7fd2ae5
7ff8bd9
0034501
7faa119
002ac09
7fe51f2
7fa36e8
7fde812
7fda130
7fd6b99
7fddec7
0043cd3
7f8b773
005d898
0062564
7f9723d
0051b9b
7fb5985
7fdd6f8
7fe3a0e
000187d
002b4b2
7fd25dd
7faedfb
007c6bb
00b1e95
7fddcd2
7ffeee3
0009241
0081839
000f42c
003df05
7fa6feb
00247bf
0017c48
004a795
00394f8
0037a26
7ff49ba
0067fb3
001dc73
004e928
0035790
7ff3c33
00ac350
0017187
00160ad
0012394
7fc93e1
000f103
7fefe0a
7f97a28
7f7f04b
00933a0
7fc0b46
7fd73ee
7fd0a3c
0031b6f
7f75b61
7ff1ee4
003a0a9
7fb9bcb
001e7ff
00054d3
7fdc017
002474d
7fed20e
7fed73f
7f64d5f
002a67f
7fa8e67
7fc0007
7fbc35f
7fc0ecc
0029b86
00256f6
7ffd04c
7fa33d7
7fc164a
7fcb413
0000733
7fa836f
7f8d357
004c31b
004b60a
7fbfc44
7ff27a3
7ffe887
7fc9c6d
7fb1060
00210be
7f5dcc7
000810b
00155ef
00056e9
7fd684a
7feac7f
000a2e7
000489f
00425d9
7fdd750
0077da5
7fc52f2
003fb0f
000672d
7fa1bb0
00523ce
000938f
0009ed0
7ff35be
000e654
006ca54
001fea8
7ffea33
004ec7a
00994c8
0003d06
7f5550e
7ff3d2e
7fcff4e
000f561
00032f0
7fdfe4f
7fc3f74
7ffeb87
7fea3b0
7fac672
7fcdd15
00afc53
7ff0452
7f48e0b
0007dd2
7f7ba93
7fcfba0
7f973d7
7ff1354
7fbff06
7f8ba62
003102c
7fca1bc
0082978
7fcaa5b
0010080
003ed56
004499b
7fe620c
7f92cee
7fd8819
00a52b0
000fc51
7ffcc4e
7fd24d9
7fe9dc4
7fdc7ce
7fd0ae8
003d791
00091eb
7f7facd
7fe2ef0
7fc2f65
7fd8512
7fd304d
0034a05
008667d
7febfa4
7fe8564
7f991ec
00a1355
002a50c
7fd2184
7fe1572
0043399
7fbd480
001d96f
0003b03
00083fe
7ecc7d7
7febf07
00a0b7c
000bd5a
7fe8068
7fbf999
7fe35be
00a3f6a
00374e5
0010605
7fc953c
7fcf148
7ff6b04
7fcb5bc
0054774
000fcf4
000965d
004403b
7fd6bd4
0048790
0022019
7fa31a1
000b065
7fb7d82
004d521
008d21b
7f4bf54
00240ae
00391f1
7fd80ea
005f40d
0032d04
7fe855e
00717e9
001da12
0040ebb
7f793be
004ced2
7fc68cb
7f5efa1
7f4f134
7ffc716
7fd81fb
0089f27
00cc2a1
008c77d
0023bf2
0057f2f
7fef579
7fd516b
003abcc
7fb30e0
7fa74fb
7ffc5ad
7f74fd6
7fc1204
002d2a9
0003425
00458f9
7ff2f56
7fb0f9c
7ff8a3c
7fe98a6
7f7e4f0
009f5b7
7ffcecb
000c565
00a89b3
7ff87fe
7fb467e
00089f9
00767ec
0038c64
7fc404a
001fe4c
004b840
005a55c
7faa584
0016592
7f437a8
7ff6bfc
7ffdb9d
7fd0dd1
0032820
0037c5e
0055316
7f97977
7fc3651
7f61b24
7f97b9c
005feb0
0042b06
7fdd094
00242f4
002f09e
7f89f7d
003289d
7f2ad9d
004f956
002ed9e
000f870
7fb38f7
7f99ee3
7f776f9
7fb8a4e
7fec2e1
005ac0a
0020a35
00286c7
7f91c26
0014b32
7fdcbac
0072f5b
00275d9
002a25d
000a4f4
7fd067e
003df2d
002ec29
7fe8af1
008e3e8
7fa2496
006f2ee
7fc84ec
7fc47b0
0002d61
7ffc22c
7ff600e
0067d57
7f5f893
008f9ba
7f7a563
0060449
7ffd4ca
0005d47
7fbe44a
003f0de
7fcf89a
7fe4dd9
007c1b3
7f0e717
7fe1fd5
001aca8
0036d8d
0007f69
006ee5f
004957f
7fef2a0
002d29f
7fda3d6
7ff3fa4
7fbe1b7
00890c7
7ffdbcc
0001d1c
7fe4dbb
006881a
7fc640d
7fffc7e
0034bf7
7fdc777
7ff836e
7fad59d
7ff925d
7fde3b1
0019f2d
000269a
006c398
0010794
000c3a3
0080066
00715eb
00111ce
006cbbd
00b6523
0057099
0003b26
7fac7b5
7fb4564
7f7cac4
7fea80c
7fa0fe9
7f9947c
002026d
7fccc17
7fc9dfc
00a4b06
7fcfaff
7ffc3f1
7fc0436
7ff2d93
0049dce
7fb808f
002b33c
7fb87a6
7fbf218
7f8e45f
7fd3572
7f535e2
7fcf9b6
001b57a
7f695e5
7ff5b1b
002b538
7fd4c6c
7fbab0b
7ff40e3
7febe6b
7fd591c
7fc6635
0064094
00254e7
00463e6
7fdde59
004fa79
7fca808
003bf9c
7fbb861
7f8c737
003440b
0039b6f
7fbad46
7ff8771
0005b62
0070dd2
7fdd9c1
7ff64ea
004694d
00068eb
7f8bfea
00602ce
7ff6095
7ffc34d
003e338
00213d8
7fd041d
0032e48
008206e
000d015
0062dbd
7f70aa2
7fdafa3
7fae44f
001006f
0085526
00139e9
7fa7c3b
0014637
0054170
0043b67
7fff54a
0000945
7fbd0a2
00087a8
7f46f67
7fd30be
005d670
001108f
00458b0
005dc2a
0048326
7fc193e
7ffb4da
7fa9837
7f6f33e
7fca758
0025cf0
00a3958
7fcc038
0065046
7fa90be
7f791cf
7fd07fe
7fd2f84
7ffa8b7
7fcf803
7fe6fd8
7fd7678
0018351
003a1b4
0018d50
7fbd43f
7fabad3
00823d5
7fed51b
0001f1d
002db53
0041243
7f8d726
7fdd63b
7fd221e
00629db
7ff2504
002cf22
0022b3c
0057bf7
003fe88
00018a4
0085229
7fe65ed
006e0bd
0054b7a
002857d
0061cdc
002747b
00f3676
7fd3046
00420af
003b5c8
00515ae
003f02a
00b145d
7f99cb9
000abb2
7ffc408
0029baf
005f542
7fcb575
7fe3be6
7fbef4e
7fe10d7
0007be5
7ef1ef1
7f5f609
7fb5067
0000c58
00536b6
7ffa417
0040222
7f7cff6
7ff534c
001afeb
7fd1598
7fe5259
0039c35
0066171
006506c
7f93407
7fead74
00670bc
0026a33
7fb3edb
002a0b5
004d6a9
7fef4cc
7fe4c7b
7fd4899
7fa8b9d
7fb35dd
7fddaf0
7ff4948
0011f75
7fe53e1
7fdb2d7
0039dc1
005d2b7
004bd39
7f7580c
7fbe1bb
7fc79f7
7f3b3fa
005bb7e
7f7515f
0007c81
00871b7
002351c
7fe07af
0018b21
7fdab11
0052b00
002a6af
7fb8258
006a88f
7fa89f4
00542dd
7f902cb
7fcf400
003b97d
006c8d6
7f6517d
7faaace
0057e7f
0071495
7fddb3c
0006678
002106a
7fb0517
7f6d478
00994ed
00454fa
7f9ae79
0038c29
00634dd
00013f9
7fce766
0017236
7f8f250
000b9b5
006edf6
00c2fa2
7fcc701
7ffad04
0032599
00090a6
004ce08
7f7adf7
7ff80ac
004ba8d
008f854
0041019
7fdb589
7fc408c
002e588
0033f19
001654f
7fb6901
0074748
7fed639
005b68c
00571de
0000a8f
0035965
009d7a2
7ffc6f9
006327f
7fc71c5
0052971
7fdbd21
7ff8056
7f0e475
0092284
00583ed
0011c47
004df1a
7fe3ab8
7f7a5d7
7fd4118
0031e52
7f96e7d
7f78d71
7fccac5
005a11d
0011d6d
003d52b
0014602
002acd6
00648ef
7fba7e0
0028ad1
7fb23af
0073fe1
0002b53
7ff6863
7fd562b
0076ebf
7fcc482
004c44d
0026f87
00325a4
005c8eb
7fc7530
7fc9846
7fb4048
001c5b5
001547f
7ffd9cd
00240d8
7fed3d0
7fd489c
00150df
7fa84ff
003c9ee
7fbbac5
7ff4c80
7feb687
7f56f96
7fe3d21
0082d6d
007804f
7fa81bd
0048bd2
7fd85ba
0007056
7fbe043
0048013
0024282
7fbd365
7feda56
0036dcb
00145e5
0023ae6
005232e
00235f1
7fe4cf2
7ff3a66
000db53
7f8757d
7f32cab
7fa3088
00644b4
0029c3e
00695a1
002b094
7f6265a
002af55
00081b4
7f346b8
000c602
7fd913b
001cb1d
7ff6664
7f2f646
0025b7c
001d5cb
7f72f14
001db57
7faa03f
004a146
0013f05
00635a1
00a15e3
7ff8f9f
7fe5fd7
7ff4e53
7fbe6ba
0028518
002aebc
0030455
7fcc7dc
7fcfe56
00188b6
00626d3
00a688c
0015e1d
0042638
000b9fa
7fa41ef
7fc28c7
7f809dc
7fc2c1c
0063cb1
7f96cc8
0028c36
00529b3
005b168
005ed28
00107c1
7f9af51
000aaaf
003c7a7
0059877
7fd473f
0020cc9
7ff7ae4
0027a71
7f7a765
7ff9f74
00702d3
7ffd387
7ff234a
007f8ec
0023c6a
0050030
7fed2fd
7fc0f77
7fa2de1
005dccd
7ff2b32
7ff6c4e
0093a0a
003dd03
002ca51
0043ff8
003724a
7fafa42
7fe00b9
7f94cbc
00095c3
0052a4c
7fbbae8
7fba02d
0005882
007200c
7fbf378
7f8b4ee
7fc1a5d
0047331
001dee4
7fc7335
7f9406a
7fed1b3
00612a9
7fe5c75
7fde17f
005617f
002788e
7f7074e
7ff67a0
7fb1407
003c2b7
001486a
7ff2ecf
7ff914c
7fbbef3
7fcd1e2
00115d1
7ff32ed
7fee557
7fd7fa9
0025b19
7f5f6ff
7fcc6fc
7f83e0b
7f87d27
7fd4541
7ffce5f
0004c01
7fb3120
00438e8
7fa760c
7ff3dc5
7f94dac
0066f59
00a5bd0
00194da
0051671
7fef8e2
7ff6e34
00388ab
7fee3a1
7ff1cf1
7fd6269
006d71b
003b427
004f3ec
7fb9e75
001f942
7fefa48
7ff22c2
0024869
002e08e
0022b7a
00600ac
7fb74df
7fef0b8
0071cde
7fa42e0
7fa02c6
7fb10e9
7f61cc6
7f8ddc8
0012da3
7fbf859
7f8d632
0000663
7f2158b
006901f
7fb0d5d
7fc4a51
00244a1
7fea168
0061610
0014611
7fecb31
7fdf4df
7fdd07b
0055e0a
7fc5411
0027f0f
7ffdf72
7f9e78d
000d508
001971d
001cde5
00e72e6
7fba6e1
00093b8
00810d3
001182b
0066e41
7fc55d0
00229e0
7fa9fd0
000f765
00b0083
0040a9a
005e691
004c1eb
0029c58
0010305
000a041
7f99189
0078afc
004c532
7f97d9b
7fda219
00741ba
00318af
001063a
7fefce6
7ff0bf3
006766b
7fdcbfa
7fdfe59
0028a69
7fee2cd
003ebf7
0078e68
00038d0
7f77f01
005c305
00e41b9
7fb55f2
00029ab
7fbfeed
00750c2
7fc3975
7fe1b45
7ffc1e6
7f93213
009e9a9
7fd163f
0049e16
7fc79c9
005dc7c
009403d
7fba73a
7f39590
7f94827
009d178
7f8c9cf
001f0b0
7f64f51
007775b
00166dd
005e182
7f8c092
000a7dd
7ff441c
001d357
7fed9a6
00245bd
7fadb83
0059554
00297a9
7f778a4
002b320
003ba1d
00993c7
7f934aa
7f2a105
7ffc2e8
006a82b
7fb9715
005f3f6
0012f13
005709f
7fd08c2
7ff14ce
7ff9d68
7ff3ccc
0043707
7fe825e
7ffd71f
7fc4d56
7f8df57
7fb6b70
7f9bfe7
7ffb287
004b402
0032cd7
7fb64fb
7fad46f
7fb0d24
00e01ec
00816e1
7ff6e1b
7f8d997
7f3846a
003ec16
7fd2866
0071ad0
0032393
0074332
0073f5a
004446f
7fa15b2
0040f4b
0018a62
00142ce
7faf462
7f90588
0077353
7ff6a59
0058b3a
0004431
00037ce
7f8f564
00bfd44
0095c45
7fc547e
7fd074d
006d9b1
00420f8
7f5522e
7f7db25
7fc62e7
007637a
7fd2deb
0030589
7f64130
0024289
7fde13e
7f83d52
0026049
7fc9c66
008d57f
0007257
7fd2de7
005d4be
00284ec
7f7592c
7fa07c1
007f8e0
7fd04f5
7fb870b
7faebfc
005a4ef
000b533
7fed4ab
7f7ba2b
7fa18ab
0099b91
7fee412
00549b6
000feac
00a152e
0043d4d
0053e9d
7f7c1a6
0011add
00153e3
003389d
7fa6fe1
7fcbd1d
7f3dc85
7ff1523
00178e3
000202d
7fe2960
00687b8
001d57f
7ff2f97
003ea49
00cc422
00203bc
7fcb5f0
7fde8d8
000a9c9
00ae36a
7f263d5
7fe044b
004c8d8
7ffa83a
004a1d3
7fff591
7fbeefa
006367d
7fe147b
7fa5270
7fe32e5
0009f0b
00e44cf
007c6f5
0036e51
7fe9b61
0006c96
004f97b
004045d
0003483
7f5a05c
7fe6c7d
0030d39
7fe0730
008f25f
0056554
7fbe9ee
007c23b
7f919d9
0045508
7f97cfa
002da05
7f7dc22
000caee
001c8f4
7efdd69
001866f
7fce7b6
000e5e7
7fe5e3a
7fa51c0
001e8a1
0074886
7fed343
0028649
7fd3734
0010c96
7fed892
00072e2
7fe1f4d
7ffa78b
003a03a
7fd77a6
7fc33f4
009e309
7fd06a6
001777e
7fcb3c6
7f7d9af
7fe1851
7fbd984
7fa996b
005b9f2
7fe748f
00a4c43
000daf7
7fd6ef4
7fd1b05
0030ecf
7f909b3
003d5bf
7fdbdba
003cb86
7f9b265
7fb6ac7
0021554
7fc0c51
00c4cbc
003a762
001fd1b
7fb3546
0000cd0
002704a
0002eee
003291e
7ff5d6a
008d693
003481f
00927c2
7fcd79c
0000922
7fdb4ef
7f88b23
00ea753
7f5f8df
7facd40
0079f88
005be77
0081b88
00592ff
002b991
7f91628
7fd1eaf
7f6633e
00b53fb
7feacb4
7fd6c80
7fb7098
000f588
00e96c7
7ff753d
00cbe1e
000cfc3
003c082
7fcbf27
005bbdd
7fc8b7f
00269c5
7ffa779
7f7e3a2
00a3a8a
7ffb586
7fab93c
00332e0
7ff52f1
005f77e
0067b7d
001962c
7f6edec
7fc6bcb
7fafe4c
7fa2fe8
7f72fbe
005d08e
7ffdc49
004e4c8
0028a15
00291a9
7feea82
7f63143
7fd1432
0007d7c
002ad55
7fdbc7d
0081782
7f60092
00408e4
7f61f41
7fcb2f2
7fcb0ee
7fd0d84
7fdbcaf
7fd17c9
7ff9c1b
000cdc6
7f9beb2
7fc56f1
005533e
7f7b6b4
0025eba
004c0d2
7f9bd64
7fda72e
7fb26c9
7fd6269
006f051
7fd641e
7ff48a4
7f9cc2a
002b2de
7ed2280
7ffc143
0055418
7fdb078
7fab38f
7f7840f
006ad57
0001c88
00237a7
004ad64
7fe307f
7fa56ee
7fae2d0
00821d2
00a6d73
7fd9a02
0097be8
7f9f0c1
7fe2ddd
002baf2
00783bc
7fb82ac
00b071f
0020b0d
00a048c
0002638
001e8c9
7ff8450
7fd0fe5
7ff5870
0015526
7fec5f4
004ee22
00002e7
7f9a07d
7fddb5d
7f9e2b6
00011c5
7fc5a0b
005b9b5
7fd1b38
7fcd731
00be48f
0021aed
0042336
7fdec48
00a1f85
7f8aaa1
0000787
7fdb4fc
001aed1
7f989b8
00baf6f
0040e25
7f3e743
00137ef
0021133
7fe6c24
00919f1
005f8e8
0021c4e
7f85d75
7fbb379
0044570
7feb512
7fe7e18
00a8f7c
00545d9
00450dd
7fef0c4
007bb83
0011479
7f847ca
007dd50
000cc0a
7ffec93
7fefc6c
7f5caa0
000cd0c
7fba79e
00a1375
000f022
7f9e029
0008d90
0022824
7fa25fd
009d27c
7ff9f9c
004c50b
0029258
004f771
7f8f0e5
7fd2fae
7fff08c
000bac5
00135ff
001d850
0000005
004a9cb
7faca02
7f97502
00458e1
7faf310
002341a
7f8662f
7fc93bf
002d749
7faba7b
7ffc2ba
000f3fb
0046e98
7f34028
7fc0777
7fd4765
7fe0bc6
0027cd3
003314c
000216e
0074bc9
001d044
000f499
7fe8860
0020bea
002e766
7fdbcc8
000bb9e
008624f
7fc24c5
7f8b26e
009ae09
7ff305e
0010b59
7fc893d
003bdf7
005442d
7fcec3f
7fba032
003c2b2
7fba97e
0022308
7fc3f3a
7f8e01d
004b0dc
00003e6
7ff46e7
7fa0c8d
7fb64d3
002da47
003d02a
7f9593b
7ff59b1
7fa9799
7f9da8d
00314c8
7fddf01
7fdbbc5
00a8986
7f4a94c
7fe2fa0
7fb5891
7f920f4
7fb00a4
0021ad4
005d2dc
00407e6
000a209
000c474
7fe4b0d
003bb01
7fc1c60
7fd9687
0006094
7ff9c00
7fd0fc1
009bcbf
0056860
002dc0d
00a8824
7f88676
7fb2490
7f930b2
7fa9469
7fc183a
7fe3613
00691e1
7f80634
7faa902
009893d
7ffb8c9
7ff6066
7f6b8df
7fce0ab
00b3fed
005425f
7fbd447
7f8f605
7f77eec
009457d
7fa2144
7ff8cfb
007ee67
0041292
0018fc6
7fda856
7fff702
005633d
005521b
00952d1
7fb164b
7fa7fa8
7fca64d
7fa41d0
7f0c9a5
7fdc68a
00d3ff2
005105c
00340a4
000cd74
007149d
7fd9744
005113b
00ca4df
7fe678f
005d476
7ffec4a
7fb5213
7fa28c7
0003c6a
008c1a4
7f5656e
0057aa8
003a536
7fd4021
00a7474
000ff30
0069543
0013156
7f6d96d
7fa3b91
7fe03d3
7ff66ec
00521e7
7fd4100
0040c75
7fd0874
7f47029
7fb3e72
7f5b73c
003d3cd
7f2f115
7fc27da
00cb355
007556a
00196e1
001bda1
7fe6947
7f86eec
7f7980e
7ffcf6c
004cb2d
009a772
7ff98d5
00877ef
7fee184
7fe426f
0007875
7ffc530
00343ea
7fdd6ab
00849b0
006e6d4
003319f
002baa4
7fda28e
7f9c760
7fc1faa
0031c70
7f66da8
7fb2fb1
007c070
7ff5014
006325b
002579b
0092820
7fc7e09
005dbd2
7fb9069
7fd18b1
7fd0f01
0021ee5
7fbee6e
7f5e280
005c413
7fbbb8e
7fd0909
007992c
002b0a6
0047862
00245fd
000837e
7fec28e
002dd9d
7ffb1df
7feaf38
7fb10bf
7fee500
0095f11
7fff04b
0053ae2
005c02c
002ea38
7fd72bb
002a3ee
002e6b2
0025961
7fe38db
0003e4d
7fadbe7
7ffd22c
7fd5140
00004f6
7f67395
7f9b856
0025096
00a2e52
7f7d7df
7ffb310
7f8fd32
7fcc591
00575d4
0007b6b
00317a1
00088c2
7f78a38
007591b
00225db
00252ad
7faa09b
7f9f402
7f7398f
004e558
7f84696
009c399
00416b6
0013b81
0011f9b
7f3e55d
7fe051f
7fdcfc7
7ffb07c
7f9e26f
7f3d0f8
008338f
0002943
7ff0b17
00431b0
0016225
7f9fb3f
00398f8
7f745d8
7fb37be
7f0be64
00851cb
006ae42
0020d03
0084f0e
00c41b8
003b866
0044c75
00443e8
7f7d43f
002c5af
7fa7319
0029b14
7f8328d
00c6866
7ffc7f2
7fa9316
7fbfa49
7f9448c
7fd3e75
7fe60e3
7fcb87a
7fc62ba
7f961b8
7ff08cb
001d731
0021178
7f8ff8e
005512a
0063250
7ffe422
7ff7fdc
0094dd8
7f78b84
0003653
002bb1f
000754f
0031040
7f7bac0
0019282
7fda55d
008103c
7ff3efb
00218d5
007837d
00743db
000203d
7f7d2fc
0002860
00f4878
7fdca01
7ffba09
7f8748c
0007075
7f6321c
7fbd0fc
0062d1a
7fbecd9
7fdab90
7f84bde
7fae954
0039eb2
0009607
7fe966b
7f88741
7f8ebf9
001d94f
7fcab0e
0033d10
7ffb1d6
000939f
0042f5b
0024289
002b99f
7fc763b
0008da7
7fed25f
7fd912d
0057826
0022d7d
0052954
00a3631
0030126
7fd6365
7fef74a
7fd061e
7fc8327
0003d6d
7fca848
7ff8ae1
7f7e086
0057adc
7ff0271
00ae88a
002f294
7fc4ef6
7f89b3f
001d71a
0009b51
7ffb0aa
006e426
7fce290
002a7b7
7fba11b
0044432
7f66d8f
0002021
7ff8f5c
7fe4453
7f98847
0011fe7
7f2041b
7ffa9c1
7ff9091
0065ef1
00b787e
7f843b6
0024e8f
7fb289c
005b9dd
7fc2b10
001404e
7f49e91
00741eb
003a7cf
7fdf39b
7faa85e
001a900
7f0c142
7ff7573
7f5e255
007995a
7ffb001
005cfc8
7f8f074
7feda76
7fe8f7c
00750db
0015c79
001646d
00144a7
7fe94a5
000a8ea
003c017
00201d2
0057bc6
7f7a7fa
002e7e9
00a8586
7feea5a
7fe3660
0011150
0014c75
00220d7
0043155
0004599
7f53eef
002b036
0011208
7fa468e
00157be
7fba23f
00c007d
7f99247
0006fe9
0005910
7ff0519
00928bd
7fa74f4
7ff6955
7f771e2
7f7ed7a
7f5aaac
002c59d
000d867
0047a8f
7f66829
7fee1e9
7fdd34e
7f8edc5
0077685
00d1882
7fa648c
0019392
7fc9489
00a6225
000b629
001bfae
7fbcd85
7f4856c
0014fd7
7f492de
7fe0e6d
009ff5a
00841b9
7f92d06
7f9a287
0080a43
007403d
0047523
002c0fd
001efd0
0086a99
7fefffc
000a094
7f83e18
7fed5e7
0002891
7fad46d
7fb1b3c
00a5a2d
00499ce
0051b10
00393f6
7fe74d0
7fee909
7fccfa1
0019bc5
7fc7f42
0016543
0084a65
7fbc35f
0023877
7f6eadd
0064ff4
7f70a60
00001ac
7ffa43b
7f974e1
00218f5
7f90a81
7ffebaf
7fd3e38
7ff13b5
0056fca
7f96bda
001b10c
7f67a4e
7fea6d1
7fa12a9
0059fe0
003be54
0025f78
0005632
7fee4eb
003840f
7fc9608
7f4dbec
00437df
7f8b230
7fb8993
7f7d19b
7f8613d
0054aae
003ed4b
00437de
7fb7435
001d22a
0054909
7fd23c5
7fcfc37
7f552fe
002928d
000953a
7ffcfdc
004eb51
001b532
7fc799c
003a996
7f9b3ea
00aaba2
7f8fc76
000f6ed
010bbac
0030f24
0012f8e
0006459
7f978c7
7fb275a
7fbf522
7fc69ef
0043b91
7ffe3b0
0013e22
7fc57de
0081903
7fd0bd4
000cabc
0040753
7fd9117
7ff4551
0015626
00b367d
004c570
7fccc32
7f8374c
0053aac
00a9848
002953e
008fad9
0000451
7ffb973
7fdc8ad
0006e0c
7fc5e1d
7ff4cca
7fac066
005547c
000f4e9
7fa4c4e
7fbe005
00813eb
005cf3e
7f875d3
7fe3984
7fc8862
7fa11d3
7ffff0c
7f96a6b
7fbce6b
7fcb328
0061210
003faeb
0045665
003b4a7
0031c12
7fec6bc
0076a12
0039840
7ff296e
0067e58
004ec0d
7ffaa02
0040ced
006f21c
7fac9af
7f2d8fe
0073181
7fd1b27
7fcb943
7fc0f6c
003b66f
0032741
0006f27
000c703
7fd4dda
7f942fb
0003e9e
7fb8dbc
7ff2816
7f5d88b
0047d68
00496b0
000b7c7
0001c98
7ff0400
7fd3829
7f867ba
0010022
006cad1
006c9d6
0057fdd
0015e34
00544fc
004c173
003ea2c
0009cb3
004189b
0046e64
7fde23c
002ca33
7fa408e
7ff4017
7fb291c
0004cf1
008d207
00e38c8
7f94401
7fe53ef
003c85d
7f80da7
7fbcb00
7f90caa
005a410
0026ee9
7ff9478
000ed38
7fe2555
002bf44
0018adc
7f86631
7fea000
0045c30
7f74867
00505a3
7fb72f2
7f99c7e
006c0f7
7f535d7
7f6a54f
005040a
7fc8a1e
00778d3
0038a61
7fbda08
005a6c1
7fab48b
00493d2
7f367eb
00b6cf9
0076cf0
7f4e212
7fba7ea
7f42829
7f8ac7d
7ffc1ae
002102f
0017bdb
7fd7eb4
0000bee
7fec6e9
009a5bb
7f7e472
00d881b
0092eed
005432e
7ff7676
005669d
7fd4fc9
00097e0
0013946
0070146
7f017a3
0045a47
7f72326
0000ef2
7faa53d
7fefeb3
7fd5ce6
00030c5
00561fd
00146ee
7f8e481
00267de
003c47c
7f6563a
7f5e588
7fc3609
7ffde31
0001202
005bf76
000dcf8
0067873
7fb0d29
7fb2cc6
7fb416c
7fc2915
7fbddcd
7fda906
7feefe8
7fd95d5
7ffffea
007c1c1
7ff9e99
7fb62cc
003dc79
005635f
002b2a5
7ff8a00
7f7cd85
0061f79
0031797
7f2d747
7f6adf4
7ffcdb2
7fdb4ca
7fb5761
005388a
00211a6
7f8b3e3
0001f58
0012648
7ff81be
000cce9
7fce928
7f9e042
003a760
004271c
004498a
0073dbc
7f7b540
00405b1
7fa40bd
7fdb358
7fee961
7f76364
7f9af8e
0025be0
7ff2bd7
0035074
0020607
001fa11
7fed84a
7feef53
0033e32
000a38f
7fcd891
00babbe
7fe0efd
002d3e0
7fc5491
7f2e7ea
0086854
0021acf
0077d43
7fe3253
001c1da
001bc2d
007469b
7ffed0b
00c8807
7f8c2c6
0010022
0055854
00075f9
00899fb
7faaa6f
7ffc7cc
7fac00f
7fb1c65
7fd8a4e
7f94d36
00132da
007c19a
7fd565e
004232b
0043745
7fe6d07
7faa980
004022a
7f8baab
0071f25
006d2ac
00a952d
7feaa1e
0025973
00179fb
7facdfc
7fffca0
000f6a6
00043f6
7f72479
0074351
000ef30
0066ac4
7feacc7
0044dc7
7fde7e0
007e6c4
0008e71
007bba6
7f99afe
7fd49d9
7f9e34a
00b10aa
004005b
0050136
0004d37
001b021
001648a
7ff05e0
7fd51d1
7fe1871
7fa49f4
7fed92f
002fe3c
7fe0cfe
0004043
7f8c49b
7fe0c32
002ac57
7fb8616
0015b1d
003fad4
7fd8ba1
0000e1d
7fbe90f
7f9a45d
7fec53c
00728e5
0017425
00cbabe
0077351
7f21977
0031e1e
00b2565
005b386
00871d8
002dcaf
0009e19
7ffd246
7ff273c
000d01f
7fcd534
00243b5
7fc66e0
009d188
7fa4c16
002c11b
004020c
7f6e97e
7ffde37
7faf09f
7ff1443
0007e5f
7fd53e0
7fc9eb0
00122a9
7ff53a9
7f26f81
7f50333
00c6348
0007dc9
0022dda
7fc7358
7fabc23
002c05f
006c5c4
7f8e85e
00828a4
00849cc
008afb6
006a2a0
00262ab
7fde833
7fe015e
0020516
0063df3
0063011
7f4fb58
004a3ae
0007af0
7ee36b9
7fd045b
7fd0cae
7fa109b
0052449
7f96dd1
0014b67
7fedc5e
7f534d6
00266e5
006576c
7f85d18
7f6b688
7fab6be
001d960
0024d1a
004887b
0022c2c
000510c
0033643
7f81e40
7fdcff1
7ff4d06
7f40086
7f84de6
00340b3
0074f72
7ffabc4
7fbbb6a
7fb7fd4
00589cb
7f538fb
0046a26
7fe692b
7fafa74
7ff8bd9
7fa8624
7fca42a
0046299
004f672
7fde782
7ff7cb9
00a1964
7fa0877
00218bf
00288d5
7f8fa5a
001874e
00109ab
00a9af4
7f54751
0011d11
7faa23d
004561c
7fc0119
7f4fb76
002a49c
7f54413
7fb471d
004f40a
7f56c70
7fc74ca
002572c
00448e8
7f79f50
0007275
009581d
7f3bc44
7fa1d5a
7f9b0aa
7fc02e0
7fdd7eb
7fa8010
0030821
002c911
008835e
001842b
7ff8091
7fe3489
0012897
00bbc7b
7f8d13b
00234e0
00021b7
002cfd5
00590cf
000a1d0
0017d7d
7ff00b2
7fee2e0
0020133
7fe9f24
7f9c00e
004c1c3
000e142
7f48f41
0023d4a
001a521
0011627
7fe5f9d
7f3185b
0039162
7f770f5
0060b54
7fec194
7fc6e18
00580b9
7fe358a
7f49559
0005800
002cefa
0034e31
7fd3fda
7fb04b6
7f4dbb4
0098578
005d8f8
0046b35
0046c4e
7fcd080
001bcce
7fdc21d
0005380
7fe9e6b
7ff9738
7f97da2
7f18dec
7fd2ec9
7fd2d0a
008d7bc
7feece3
006534e
7fb289b
0028d4d
7f3c873
00213cc
0027b68
7fdbcfb
0040b4b
0090cb0
00e86bd
7fd8be9
0068540
7fdb8ca
0054385
7f791d6
0017b5f
0010e4c
002086b
7ff0000
7feda8e
00223fa
7fe2f9d
7fd1a4e
7fe4b3b
7fb9534
00235f7
7fcc9ec
7fc8768
000501b
000e57d
002ad64
008f5a7
005360d
7f3ce3b
0081e6a
7fa69ae
7ff7aee
7ef56c7
00053f9
007ac0c
7ff5fbc
7fe5f20
7ff00f7
002a12b
7fcc3f2
7fdc9a9
0086000
7fe1bbc
7f909cf
7fa19a5
00742e2
7fea33f
7fb4569
7fbca44
7ffd072
0018872
0056b5c
00cca9d
7fe1031
00654ac
003a1ab
0021eb8
7f7ca32
002cdb9
7f38e46
0061797
7fcbdb6
0080c74
7fbda73
00374a4
0032c41
002cd0d
7fb60a5
7f9c22e
7fd779a
0072510
7ff4f25
0048248
0067323
00554da
7fa5f08
0057204
00144a4
0018756
007343a
002d141
0002afe
7f561d9
7f94189
7fbe161
0025ffe
005d222
00196ff
7fdbc10
7f98ff1
001d64b
00a0de1
001b082
7ff202d
7f88a5d
7feca97
00bcd3d
7f9cea8
00ca62e
001945a
0025ffa
000c648
0019396
7fef1b9
7f69acb
7fb6e74
7fdd1c2
0010ed5
7feb2bc
0011fcb
0017b58
0040a6f
7fc3222
7fff408
7fd7643
00d81fc
00081f3
7fef110
7ffeec5
00148d7
7fc3d15
7fd5817
7fdd41a
7fda460
7f595c3
7fce08f
7fdf155
7fe6f34
7f6627f
002984c
0002c30
7fc945a
001064b
7fde646
001c813
009383e
0021d7c
0040302
7f68f1e
7ff4c40
7f51cd3
7fe911b
0074dcd
7fbe1a3
7fff04d
002e3a9
7ff1777
7fd0a7a
7fb5601
7fdb64f
7fdda9b
7fec41d
7f79cb9
0061e24
001490e
7f8336d
001e9c1
7fc3dd2
005fa07
7fd730f
7fdc10b
7fd0790
00362b0
7fda688
7fbd2a8
7f96acc
7f94ba3
00658c9
000026e
0010c52
7f9e2d8
003a06c
0015ceb
005591c
7fadfef
001dcbd
7fd5184
7fca46a
007cc2b
0002025
008560b
003672f
7f3c255
005b95e
0084bc6
004574a
7f786ad
7febcb9
7fd7e69
002d1d3
7f69499
7fda2e9
7f889df
000eb77
7fa1e84
7fdc003
0008bd4
7f9d896
7f7583f
7f0a353
0010a59
00320ec
004152b
7ffdc43
006fb9c
0043892
7fd5162
0032fc9
003eada
0016f52
7fa2cc7
7ff8b04
7fd23f8
0022fa9
7fc1b85
001d371
7f6be3f
0020118
7fadd81
7f2ee45
7fd1cc7
0080547
0006343
00207ec
00c20f4
0000a29
7f992aa
006d262
7feeb8f
007eb45
7ffb9ac
00d3961
00420ae
7fd3443
009abfb
0024095
0056193
7ff1d23
0063d14
7f4d3fc
001ac57
003a9d2
002a581
001cde4
000e613
0026154
7fe3480
003c59a
7f7144d
0045536
7f814eb
7fda099
00a1159
009535b
7fc572a
0020076
7f80000
007f000
7ffffff
0000200
3ffffff
0000000
7ffff80
7f80000
0000001
000007f
7ffff80
7ffff80
7ffff7f
000007f
4000000
3f80000
3f80000
0000080
7ffff80
2000000
0000080
000007f
00000ff
00001c0
2000000
00000ff
2000000
7ffff7f
4000000
0000100
6000000
6000000
00000ff
0000300
0000080
4000000
007f000
4000000
7f0f753
4000000
0000001
0000300
0000300
0000001
00000ff
0000000
7ffff80
4000000
7ffff7f
0000080
4000000
000007f
3f80000
7ffffff
0000200
4000000
6000000
0000100
0000300
7ffff80
000007f
3ffffff
6000000
0000100
007f000
4000000
0000000
0000300
6000000
7ffff80
4000000
7ffffff
7ffff80
7ffffff
4000000
7f80000
00001c0
2000000
007f000
7ffff7f
7fec00a
00000ff
2000000
0000200
0000000
7ffff7f
2000000
7ffff7f
4000000
0000200
2000000
7f80000
7ffff80
6000000
0000001
00000ff
007f000
7ffffff
00000ff
3ffffff
6000000
7ffff7f
7f80000
0000200
2000000
6000000
3ffffff
4000000
4000000
7ffff7f
00000ff
7ffff7f
6000000
0000200
0000300
0000000
7ffff7f
4000000
007f000
4000000
7fd16ad
7ffff80
4000000
0000080
4000000
7ffff80
0000001
0000300
4000000
00001c0
3ffffff
0000300
0000000
0000000
4000000
0000200
0051642
0000140
0000100
7ffffff
0000200
7f80000
00000ff
00d4264
4000000
00000ff
6000000
7f80000
4000000
007f000
007f000
0000300
7ffffff
7ffffff
4000000
7ffff80
7ffff7f
0000080
0000140
7f7ce5c
0000140
0000100
7ffffff
7ffffff
4000000
7ffff80
7fbd1d0
3f80000
0000000
0000300
7ffff7f
000007f
00000ff
0000001
0000001
007f000
4000000
7ffffff
0000140
0000140
3ffffff
0000140
3f80000
3ffffff
0000200
7ffff80
3f80000
7f80000
3ffffff
0000080
7f565c6
0000001
7ffffff
7f80000
4000000
0000300
007f000
4000000
00001c0
7f80000
007f000
4000000
00001c0
7f80000
0000001
7ffff7f
3ffffff
000007f
3ffffff
7ffff80
0000200
7ffffff
2000000
0000140
007f000
00001c0
00001c0
0000080
7ffffff
3f80000
0000140
7ffff7f
0000100
3f80000
3f80000
002be94
00001c0
0000100
0000140
7f80000
7ffff7f
0000140
00000ff
0000300
2000000
0000140
000007f
6000000
2000000
0000001
0000200
3f80000
007f000
7fa798c
00000ff
0000000
7ffffff
7ffffff
7ffff7f
4000000
0094b28
0000000
7fe2032
0000100
4000000
0000140
6000000
6000000
000007f
2000000
7ffffff
7f80000
0000100
3f80000
4000000
00001c0
6000000
4000000
0000001
0000300
0000140
0000001
4000000
0000100
0000200
00001c0
7f0e558
0000080
00f91ff
7ffffff
4000000
4000000
000007f
0000140
7ffffff
4000000
7f3d83d
4000000
000007f
7f80000
4000000
4000000
4000000
007f000
000007f
6000000
4000000
4000000
007f000
0000080
4000000
7ffff7f
0000000
0000300
7f5c66d
00000ff
7f52b0e
2000000
00000ff
0000080
7f80000
0000000
4000000
00000ff
4000000
0000080
00001c0
7ffffff
6000000
7ffff7f
0000000
7f7b8c8
7ffff7f
7f2c0a7
7ffff80
4000000
0000000
0000300
00001c0
4000000
00000ff
7ffff7f
0000200
007f000
7ffffff
0000300
3ffffff
0000000
0000300
3ffffff
7f80000
0000001
0000300
7ffff80
0000140
007f000
0000100
007f000
3f80000
0000001
0000200
00001c0
7ffff80
3f80000
4000000
3ffffff
00000ff
007f000
7f80000
7ffff7f
0000080
0000300
6000000
0000000
7f52168
0000080
6000000
00000ff
3f80000
3f80000
4000000
4000000
007f000
0000300
0000001
7ffff80
4000000
4000000
0000000
0000200
0000140
0062837
3ffffff
7ffffff
7ffff80
4000000
3ffffff
0000300
0000001
7ffff7f
6000000
0000000
0000080
2000000
7ffffff
7ffffff
0000001
00001c0
7ffffff
2000000
3ffffff
0000140
7ffff80
4000000
000007f
7ffffff
7f80000
7ffff80
7f80000
7f80000
0000200
3f80000
00e488e
3f80000
00001c0
0000200
4000000
3f80000
0000001
0000100
3ffffff
7f80000
0000140
6000000
6000000
0000001
6000000
0000080
0000140
0000200
7ffff80
4000000
0000140
4000000
3ffffff
0000140
0000200
00001c0
0000000
00000ff
0000300
6000000
0000300
2000000
7f80000
7f64ac8
2000000
4000000
3ffffff
0000200
000007f
0000000
0000200
0000300
7ffffff
0000200
0000140
0000100
0000300
4000000
3ffffff
0000200
0000300
00000ff
7ffff80
0000300
0000140
3ffffff
0000300
4000000
0000300
7ffffff
4000000
4000000
007f000
0000000
0000080
000007f
0000000
007f000
000007f
0000000
0000140
4000000
2000000
0000200
7ffff7f
000007f
2000000
3f80000
7fd6025
3f80000
0000000
3ffffff
4000000
0000000
4000000
0000200
7f80000
4000000
7ffffff
4000000
0000100
4000000
0000080
6000000
4000000
7f8efbd
6000000
0000001
00001c0
7ffffff
0000000
7f80000
0000200
7ffff7f
00000ff
7f80000
7ffff80
3f80000
2000000
7ffffff
0000100
4000000
6000000
0000140
00001c0
000007f
000007f
000007f
0000000
0000140
7f80000
0000100
2000000
0000100
0000140
7f634e5
00001c0
2000000
0000200
7ffff7f
007f000
00000ff
4000000
0000001
00001c0
00001c0
7f80000
7f80000
3ffffff
6000000
0000080
0000300
3ffffff
0000000
4000000
000007f
3ffffff
2000000
7f02968
007f000
00001c0
6000000
0000300
3ffffff
7f80000
007f000
0000000
7ffff7f
0000001
6000000
00000ff
0000140
2000000
7ffffff
3f80000
7ffffff
007f000
7ffff80
7ffff7f
3ffffff
0000001
000007f
0000001
0000080
2000000
0000300
007f000
7ffffff
3ffffff
4000000
3f80000
007f000
7f80000
6000000
0000080
000007f
7ffff80
007f000
007f000
4000000
7ffff80
0000200
00000ff
000007f
0000000
4000000
0000080
7ffff80
7ffffff
7ffff7f
7ffff7f
0000200
007f000
3f80000
0000000
0000080
0000300
00000ff
7f80000
000007f
0000080
4000000
7ffffff
2000000
7fe3293
7f80000
3ffffff
4000000
4000000
7f80000
0000200
0000080
4000000
0000080
0012278
000007f
00000ff
0000080
7f51ed1
7f80000
3ffffff
3f80000
3ffffff
7ffff7f
7f80000
0000001
3f80000
7f80000
2000000
6000000
7ffff7f
7ffffff
7ffffff
0000140
7f80000
7f80000
00000ff
4000000
007f000
4000000
007f000
7ffff80
0000001
6000000
7ffff80
00000ff
3f80000
4000000
4000000
3ffffff
4000000
7ffff7f
0000200
4000000
0000000
00001c0
0000001
7f80000
3f80000
00000ff
0000200
0000100
0000200
3f80000
0000001
0000080
0000080
7ffffff
0000080
3ffffff
007f000
4000000
007f000
4000000
7ffff7f
4000000
0000200
00000ff
000007f
4000000
0000100
0000300
0000001
007f000
00000ff
6000000
4000000
0000080
7ffff7f
7ffff7f
6000000
3f80000
0000140
3f80000
0000200
007f000
007f000
7ffffff
0000200
4000000
4000000
7ffffff
0000140
7ffff7f
3f80000
00000ff
4000000
0000200
0000300
4000000
7ffffff
4000000
3ffffff
6000000
4000000
7f80000
4000000
0000300
4000000
6000000
7f8d01f
0000100
7ffff80
007f000
00000ff
3f80000
3f80000
0000300
4000000
00000ff
7ffffff
7ffffff
0000100
0000200
0000100
4000000
0000300
00000ff
0000001
2000000
7ffff80
6000000
7f80000
0000100
00f3c93
7ffff7f
00001c0
007f000
2000000
4000000
0000080
0000001
0000001
0000140
000007f
7f26934
007f000
000007f
0000100
007f000
0000140
007f000
00001c0
00001c0
000007f
0000200
7ffffff
4000000
0000200
3ffffff
7fa553f
007f000
0000300
6000000
3ffffff
7ffff7f
4000000
2000000
7ffffff
4000000
0000100
0000200
3ffffff
000007f
6000000
0000300
0000100
3ffffff
0000140
00001c0
7ffff7f
007f000
0000001
7fb9d3a
7f80000
0000140
3ffffff
7ffffff
3f80000
7f80000
4000000
3ffffff
4000000
4000000
00001c0
00001c0
4000000
0000300
7ffff7f
0000001
7ffff7f
6000000
0000080
0000100
3ffffff
00000ff
7f80000
0000001
7ffffff
3f80000
3f80000
000007f
00874be
00001c0
0000200
2000000
0000140
00000ff
6000000
009f148
0000140
0000000
7ffffff
0034616
4000000
0000080
7fada26
2000000
4000000
6000000
7ffffff
3f80000
007f000
007f000
00000ff
7f7d897
0000001
00001c0
7f80000
6000000
0000000
0000140
0000300
007f000
0000000
4000000
0000080
4000000
0000140
7ffff80
00000ff
7ffffff
0000001
3f80000
6000000
4000000
4000000
0000200
0000200
4000000
00001c0
007f000
6000000
7f80000
3f80000
0000100
0000001
6000000
00000ff
7ffffff
7ffff7f
3ffffff
7f80000
4000000
7f80000
0000001
0000140
2000000
00001c0
0073262
4000000
007f000
0000100
0000140
0000080
00001c0
0000300
4000000
7ffff80
0000300
4000000
0000140
000007f
4000000
6000000
4000000
0000001
007f000
4000000
4000000
2000000
4000000
7ffff80
2000000
000007f
6000000
7ffffff
7ffff7f
7f80000
7fe7f6b
00001c0
4000000
7ffffff
00001c0
7ffffff
7ffff80
4000000
0000001
7ffffff
7ffff7f
4000000
000007f
4000000
0000100
7f80000
2000000
00001c0
7f80000
000007f
0000300
4000000
4000000
0000300
00001c0
4000000
0000200
0000200
3f80000
00000ff
3ffffff
0000080
0000200
4000000
7f80000
00000ff
4000000
7f57373
4000000
7f80000
7f80000
0000200
0000000
0000300
3f80000
0000100
0000200
0000300
0000140
4000000
4000000
0000140
4000000
3f80000
3ffffff
6000000
7ffff7f
7ffffff
0000200
3ffffff
0000300
00000ff
2000000
0000300
3ffffff
007f000
2000000
4000000
4000000
3f80000
000007f
4000000
7ffffff
0000100
00000ff
00001c0
7f80000
00000ff
0000001
4000000
007f000
0000100
6000000
7ffffff
7f982d4
0000100
2000000
00000ff
0000300
0000001
00000ff
4000000
3ffffff
7ffffff
4000000
4000000
00000ff
7ffff7f
4000000
0000100
6000000
2000000
0000001
7f80000
4000000
7ffff7f
7ffff80
4000000
2000000
0000200
0000100
007f000
0000100
0000200
000007f
0000200
2000000
00000ff
0000200
0000100
0000001
2000000
7ffffff
4000000
00001c0
3ffffff
007f000
7f80000
000007f
0000000
0000001
0000300
7ffffff
7ffff80
0000080
00001c0
3f80000
0000300
00001c0
3ffffff
0000300
0000100
0000200
4000000
7ffff80
0000000
007f000
00001c0
0000300
0000080
0000100
7ffff80
7ffff7f
0000140
007f000
6000000
7ffffff
0000140
4000000
7ffff7f
00000ff
007f000
4000000
7ffff80
00000ff
00000ff
000007f
2000000
007f000
3f80000
0000080
000007f
7ffff7f
0000300
0000200
0000000
00000ff
4000000
0000300
0000140
7ffffff
00001c0
0000001
4000000
000007f
0000080
0000100
4000000
3ffffff
7ffffff
7f80000
7f80000
3ffffff
6000000
0000140
6000000
0000300
7ffffff
7ffffff
0000140
4000000
3f80000
3ffffff
007f000
7ffff7f
4000000
0000001
0000300
3f80000
7f80000
6000000
4000000
6000000
7ffff7f
00bb3b8
0000140
007f000
0000080
3f80000
007f000
4000000
0000000
6000000
000007f
00000ff
4000000
007f000
0000200
0000100
2000000
000007f
6000000
7ffff7f
0000100
00000ff
0000140
3f80000
00000ff
7ffff7f
6000000
00001c0
007f000
4000000
0000100
0000000
2000000
3ffffff
0000300
7ffffff
007f000
0000140
007f000
6000000
7ffffff
00001c0
7ffff7f
6000000
4000000
0000080
000007f
0000080
4000000
0000200
7fcb0a2
7fd89bb
000007f
4000000
0000300
7ffffff
00000ff
7f3e484
7ffffff
000007f
00000ff
007f000
00000ff
00001c0
7f80000
7ffff80
0000100
7ffffff
4000000
2000000
3ffffff
6000000
7ffc763
008d506
0000100
4000000
0000100
007f000
00000ff
0000100
7ffff7f
007f000
000007f
00000ff
7ffffff
7f80000
00001c0
3f80000
000007f
4000000
4000000
4000000
0000140
4000000
000007f
0000080
0000000
007f000
0000001
0000000
7ffff7f
0000300
00001c0
007f000
3f80000
6000000
0000200
2000000
00001c0
0000200
3ffffff
0000000
00000ff
4000000
0000200
007f000
00000ff
3ffffff
7ffffff
7ffff7f
7ffff7f
4000000
0000000
7ffffff
0000140
000007f
00000ff
4000000
4000000
00001c0
3ffffff
7ffff7f
000007f
4000000
00001c0
3ffffff
7fa66dd
4000000
00001c0
3f80000
0000100
0000080
4000000
0000200
2000000
7ffffff
4000000
0000300
7ffff7f
7ffff7f
4000000
7f80000
3f80000
007f000
4000000
7ffff7f
0000001
3ffffff
00001c0
7f80000
000007f
0000140
4000000
2000000
007f000
00000ff
4000000
7ffff7f
00001c0
0000000
00000ff
7ffff80
7f80000
0000001
0000200
0000001
0000001
0000200
007f000
3f80000
0000140
000007f
0000100
7ffff80
3ffffff
7f80000
0000200
7ff295e
0000300
0000140
3f80000
4000000
00001c0
0000000
4000000
00001c0
7ffff80
0000080
2000000
7fa36dd
7ffff7f
0000300
0000080
0000300
00001c0
2000000
0000200
0000140
007f000
0000200
4000000
0000100
3ffffff
7ffffff
7f17cfb
0000200
0000080
4000000
7f9d42f
4000000
7ffff80
7f80000
0000300
0000080
7ffff80
3f80000
4000000
7ffffff
3ffffff
7ffff7f
4000000
004da5b
00001c0
007f000
7f80000
0000001
0000200
0000100
7ffffff
7f0368d
4000000
2000000
00000ff
7ffff7f
7ffff7f
7fbce82
7ffffff
0000000
00000ff
0000200
7f80000
007f000
4000000
0000100
7ffff7f
3ffffff
007f000
4000000
3f80000
007f000
0000080
4000000
6000000
0000200
4000000
7f80000
4000000
000007f
2000000
0000000
2000000
00b758e
4000000
0000080
0000100
00001c0
000007f
3ffffff
7ffff80
3f80000
3f80000
0000080
000007f
0030f3b
7f80000
0000300
0000001
7ffffff
007f000
4000000
7ffff80
0000300
0000001
0000140
00001c0
0000080
0000300
0000200
7ffff80
3ffffff
0000200
3f80000
000007f
0000140
0000300
7ffff7f
007f000
0000140
7ffff7f
000007f
0000080
0000100
7ffff7f
3ffffff
4000000
7ffffff
3f80000
00001c0
4000000
00000ff
7f80000
6000000
4000000
7f80000
00000ff
7ffffff
0000300
0000140
000007f
0000140
0000001
3ffffff
0000200
6000000
0000300
7f80000
7ffffff
7ffff80
0000000
6000000
0000140
0000200
7f80000
0000200
3f80000
0000140
0000300
0000140
00eba1f
007f000
4000000
3ffffff
0000100
7ffffff
0000300
7ffffff
007f000
7ffffff
0000001
7ffff80
0000001
7f80000
7ffff7f
3f80000
0000080
7ffff80
007f000
007f000
007f000
0000300
4000000
00000ff
00001c0
00000ff
0000001
6000000
0000080
0000140
00000ff
0000200
3ffffff
7fa93ba
00001c0
0000001
0000200
7ffffff
00e9753
2000000
000007f
7ffff7f
6000000
7ffff7f
4000000
007f000
7fafdbd
0000100
0000000
7f80000
3f80000
7ffff80
4000000
7fa1c6b
3ffffff
7ffff7f
7f80000
0000140
0000300
0000300
6000000
3f80000
7f80000
4000000
0000200
7ffff7f
7ffff7f
0000140
7f95a16
0000000
7f80000
7ffffff
7ffffff
00000ff
000007f
0000001
0000140
6000000
7ffff7f
0000140
4000000
4000000
0000080
0000200
0000001
007f000
7f80000
0000100
6000000
0000300
4000000
4000000
2000000
0000001
00000ff
00001c0
7ffff7f
0000000
4000000
7ffff80
4000000
2000000
4000000
3f80000
7ffffff
7ffff80
0000200
4000000
0000140
0000001
0000100
0000140
7f80000
7ffffff
4000000
7f80000
0000200
007f000
0000000
7ffffff
7ffff80
0000000
2000000
2000000
00000ff
0000300
000007f
0000200
00a5a88
4000000
0000001
000007f
3f80000
00000ff
4000000
7f15ba7
0000000
3ffffff
7ffff7f
00000ff
3f80000
7ffff80
00f0538
0000300
3f80000
7fcf5c1
0000140
0000001
7ffff7f
4000000
0000100
0000080
7ffff7f
4000000
4000000
6000000
007f000
00000ff
0000001
007f000
0000200
0000300
0000000
6000000
6000000
000007f
0000100
2000000
000007f
6000000
0000080
4000000
0000001
3f80000
7ffff80
0000080
7ffffff
0000100
00001c0
0000200
2000000
7ffff80
3f80000
4000000
0000100
0000001
7ffffff
0000300
0000200
00000ff
0000140
0000200
7f80000
000007f
0000100
007f000
7ffff80
4000000
7ffff7f
4000000
0000300
7f3d18b
0000100
000007f
0000300
000007f
7ffff7f
2000000
4000000
7ffff80
0000300
0000200
4000000
007f000
0000000
4000000
0000200
0000200
0000080
0000080
0000080
0000140
0000080
2000000
000007f
007f000
000007f
6000000
0000200
2000000
0000001
0000140
0000140
3ffffff
4000000
007f000
4000000
00000ff
4000000
7ffff80
7ffffff
0000100
00001c0
7ffff7f
2000000
3f80000
7f80000
4000000
0000300
2000000
4000000
4000000
7f9626d
3ffffff
3ffffff
0000200
007f000
7ffffff
007f000
0000000
7ffff80
7ffff80
4000000
7ffff80
7f66e53
000007f
0000000
3ffffff
7f818e1
0000200
7ffff80
7f80000
0000300
0000200
00000ff
6000000
4000000
7ffff80
4000000
0000080
00000ff
4000000
7ffff7f
0000200
7f80000
7ffff80
0000140
00f0764
0000001
7ffff7f
00000ff
7ffffff
00001c0
0000300
4000000
0000300
007f000
00001c0
007f000
0000100
0000100
7ffffff
0000100
4000000
007f000
007f000
3f80000
3ffffff
00000ff
0000300
00000ff
0000000
0000100
007f000
7ffffff
7ffffff
7ffffff
007f000
0000080
007f000
00b9044
000007f
00001c0
0000001
0000140
7f80000
2000000
6000000
000007f
2000000
00000ff
4000000
0000000
0000140
4000000
3ffffff
4000000
00001c0
7ffff7f
000007f
0000000
00000ff
00001c0
4000000
4000000
00001c0
0000100
0000140
7ffff7f
4000000
0000140
6000000
4000000
00001c0
0000080
3f80000
0000100
0000000
7ffff7f
3f80000
4000000
7ffff80
3ffffff
3f80000
0000140
0000000
00000ff
4000000
00001c0
4000000
7ffffff
2000000
3f80000
4000000
007f000
001826c
0000140
3ffffff
00000ff
7ffff80
7ffff80
7ffff7f
000007f
0000080
3ffffff
7ffffff
000007f
0000140
4000000
00000ff
6000000
3f80000
7ffff7f
0000100
6000000
0000000
7ffff7f
2000000
3f80000
0000200
0000300
00000ff
0000200
0000080
00001c0
00000ff
0000200
3ffffff
7ffffff
4000000
00caf16
00000ff
7f80000
7ffff7f
000007f
4000000
0000080
7f80000
4000000
7f80000
2000000
3f80000
7ffff7f
0000000
00001c0
3f80000
7ffff80
0000140
4000000
0000140
000007f
000007f
7ffff7f
0000100
0000300
0000300
0000140
6000000
0000000
0000100
0000200
007f000
0000100
4000000
0000100
00000ff
00001c0
7f56002
0000000
2000000
3f80000
7f80000
2000000
7ffff7f
00001c0
4000000
007f000
7f80000
000007f
00000ff
7ffff7f
4000000
3ffffff
0000300
7ffff7f
0000000
4000000
000007f
0000300
2000000
0000300
7f80000
00000ff
4000000
7ffffff
00000ff
0000140
00000ff
4000000
2000000
0000080
00001c0
6000000
0000140
0000000
0000200
7ffff80
7f80000
0000001
7ffff80
7ffff7f
7f80000
4000000
0000100
0000300
4000000
0000140
7ffff80
0000140
00001c0
3ffffff
2000000
0000300
0000001
0000100
0000300
0000001
4000000
00001c0
000007f
3f80000
7ffff7f
4000000
2000000
3f80000
0000001
7ffff80
0000140
7ffff7f
3ffffff
00000ff
000007f
3f80000
4000000
0000200
3f80000
0000001
00001c0
0000001
7ffffff
000007f
7ffffff
0000000
3f80000
7ffff7f
0000200
3ffffff
0000080
6000000
7ffffff
0000200
7ffffff
7ffffff
0000001
000007f
3f80000
0000300
000007f
4000000
00000ff
007f000
3f80000
0000300
4000000
4000000
3ffffff
6000000
00000ff
4000000
0000001
0000300
0000300
7ffffff
0000200
0000000
007f000
00001c0
0000200
0000001
0000200
0000200
3ffffff
00000ff
3f80000
4000000
4000000
6000000
2000000
000007f
7ffff80
4000000
00001c0
3ffffff
00001c0
00001c0
00001c0
7ffff7f
4000000
7ffff80
00ac145
7ffff7f
0000200
2000000
0000200
0000080
7ffff80
7ffffff
7f80000
3f80000
7ffff7f
7f53191
0000000
4000000
4000000
3ffffff
3ffffff
7ffff80
3ffffff
00001c0
009ce30
4000000
7ffffff
7f80000
2000000
0000300
7ffff7f
00000ff
7ffff7f
7ffff80
4000000
00001c0
00001c0
007f000
2000000
0000001
0000140
4000000
00000ff
4000000
7ffff80
6000000
000007f
00f70ed
6000000
0000300
7ffffff
3f80000
4000000
7ffff7f
4000000
2000000
2000000
0000300
007f000
6000000
2000000
00001c0
0000001
7ffff80
6000000
6000000
7ffff7f
2000000
0000080
0000300
0000300
7ffffff
7ffffff
3ffffff
0000100
00001c0
0000000
4000000
7f80000
000007f
0000100
7ffffff
0000300
7ffffff
4000000
0000300
7ffff80
007f000
0000140
2000000
0000001
0000100
0000100
00000ff
4000000
7ffff7f
0000200
3ffffff
0000100
007f000
2000000
0000200
0000140
000007f
0000140
0000200
7ffffff
00001c0
4000000
7f80000
00000ff
4000000
000007f
7f80000
2000000
7f80000
7ffffff
00000ff
3f80000
6000000
0000300
0000100
4000000
000007f
7ffff80
3ffffff
0000300
2000000
3f80000
0000100
0000001
7f80000
00001c0
007f000
002afa4
3f80000
0000001
0054e25
007f000
000007f
2000000
4000000
7ffffff
0000300
2000000
3ffffff
0000001
007f000
0000001
0000300
0000000
4000000
7f80000
7ffffff
3f80000
0000080
00000ff
3ffffff
00001c0
7f80000
3f80000
0000080
0000200
0000001
4000000
00001c0
7ffff80
00000ff
3f80000
7ffff7f
7ffffff
4000000
3f80000
6000000
6000000
7ffff80
7ffffff
4000000
4000000
3ffffff
007531c
0000140
7ffff80
3f80000
6000000
0000140
3f80000
007f000
2000000
00000ff
00001c0
7f80000
0000000
00000ff
7f80000
4000000
0000100
2000000
0000080
0000140
00000ff
0000001
7ffff80
4000000
00001c0
0000140
0000140
00000ff
0000200
2000000
4000000
7f1ea5b
000007f
0000000
3f80000
6000000
007f000
00000ff
00001c0
007f000
0000100
007f000
7f80000
0000300
00000ff
3ffffff
4000000
7f80000
007f000
4000000
0000300
0000200
7f80000
000007f
2000000
0000140
4000000
3ffffff
3ffffff
6000000
7ffffff
6000000
7f80000
0039965
00000ff
7ffff7f
2000000
0000200
007f000
6000000
0000100
00001c0
7ffff7f
0000000
0000001
4000000
0000200
0000100
4000000
4000000
0000300
2000000
0000000
7ffff7f
7ffffff
6000000
4000000
4000000
0000001
2000000
4000000
7ffffff
4000000
0000000
4000000
00001c0
00000ff
4000000
7ffffff
6000000
3ffffff
007f000
0000100
4000000
000007f
4000000
0000100
2000000
00000ff
6000000
00000ff
7f80000
0000200
0000000
00000ff
007f000
0000000
7f80000
0000000
7f5254e
0000140
7ffffff
7ffffff
3f80000
4000000
7ffff7f
4000000
0000001
0000000
0000080
4000000
0000080
007f000
7ffffff
0000100
0000001
0000300
7ffff7f
0000300
3ffffff
4000000
00001c0
0000001
6000000
007f000
0000300
0000001
0000200
3f80000
0000200
3f80000
0000300
00001c0
3f80000
00001c0
3ffffff
7f41b9f
0086461
00000ff
0000300
4000000
007f000
3f80000
4000000
00001c0
0000001
7f98620
2000000
0000100
7ffff80
3f80000
4000000
0000100
0000200
4000000
00fd19b
0000080
7f80000
2000000
00001c0
0000100
3ffffff
000007f
0000300
0000001
3f80000
4000000
6000000
0000000
6000000
7f7c023
7ffffff
0000300
6000000
0000100
0000001
0000100
0000300
3f80000
2000000
3f80000
6000000
0000140
4000000
00001c0
2000000
4000000
0000300
7ffff80
0000140
007f000
0074eb0
0000000
0000100
0000000
0000080
002b359
7ffffff
00000ff
4000000
2000000
7f80000
0000300
7ffff80
0000200
4000000
00000ff
00001c0
4000000
7f80000
0000140
3f80000
3f80000
000007f
4000000
0000200
0000140
0000100
2000000
7ffffff
2000000
3ffffff
6000000
0000140
4000000
7f393c6
0000300
0000000
0000001
0000200
007f000
007f000
00000ff
00e6d24
7ffff80
0000140
3f80000
00001c0
7ffffff
7fcdef8
0000200
00000ff
7f57ae2
0000080
3ffffff
0000000
3ffffff
3f80000
0000300
3f80000
0000001
000007f
00000ff
00000ff
7ffff7f
00000ff
007f000
0000140
2000000
0000000
0000080
3f80000
6000000
3ffffff
7f80000
7ff229a
7f80000
7ffffff
3ffffff
0000140
0000000
007f000
0000300
000007f
4000000
7ffff7f
0000140
0000080
3ffffff
0000300
2000000
6000000
4000000
3f80000
00a7744
0000001
4000000
0000140
0000300
2000000
7f80000
0000300
0000001
007f000
6000000
0000000
7ffffff
3f80000
7f80000
000007f
4000000
00001c0
7f84a42
3ffffff
7f80000
7ffff80
2000000
7ffff7f
0000001
7ffff80
6000000
00d196e
3f80000
6000000
7f025e0
00000ff
0000000
4000000
3ffffff
0000140
3ffffff
4000000
7f80000
000007f
7ffffff
0000080
0000000
007f000
7ffff7f
0000000
4000000
7ffffff
4000000
007f000
000007f
0000000
4000000
3f80000
0000080
7ffffff
00000ff
0000001
7ffff7f
007f000
0000080
00001c0
7f88d98
3ffffff
000007f
6000000
7fc8011
6000000
0000200
4000000
6000000
6000000
7ffff7f
4000000
0000300
6000000
4000000
4000000
7ffff80
007f000
4000000
000007f
00000ff
000007f
0000300
0000100
2000000
0000080
7ffffff
007f000
0000000
4000000
3f80000
000007f
0000140
2000000
3ffffff
0000140
7f80000
00000ff
7f80000
6000000
2000000
0000100
7ffff80
0000140
0000000
7ffffff
0000140
007f000
0000000
0000140
3ffffff
0000140
0000080
7ffff7f
000007f
7f5d93f
0000100
0000200
7ffff7f
7f80000
0000001
000007f
0000200
6000000
7f80000
6000000
6000000
4000000
7ffffff
0000001
7f80000
4000000
0000100
0000000
7f80000
3ffffff
7ffff80
0000080
2000000
00000ff
3f80000
7ffff80
0000100
000007f
0000001
4000000
0000200
000007f
0000000
7f83b94
0000300
7ffff7f
0000000
0000300
0000140
00000ff
0000140
4000000
7f80000
0000300
00000ff
0000140
6000000
7ffffff
00001c0
7f80000
7f80000
000007f
0000100
7f75bbc
0000080
4000000
00001c0
4000000
0000140
7f80000
4000000
2000000
0000140
0000100
0000200
000007f
00001c0
0000200
7f80000
0000100
3ffffff
0079764
7ffff80
0000080
3f80000
3f80000
3f80000
3f80000
3ffffff
0000140
0000000
7f387da
3ffffff
00001c0
0000100
4000000
0000100
0000000
00001c0
0000100
7ffffff
7ffffff
7ffff7f
4000000
4000000
7ffffff
7ffff7f
4000000
7f80000
7f80000
7ffff7f
3ffffff
7ffffff
0000100
7f23c8a
4000000
000007f
6000000
3ffffff
007f000
007f000
6000000
00f8eb0
007f000
4000000
7f0d159
00f52f1
0000100
007f000
4000000
2000000
0000001
000007f
0000100
00000ff
0000000
7ffff80
0000140
3f80000
00000ff
0000200
4000000
7f80000
4000000
3f80000
0000140
00001c0
7f5cffb
7ffffff
2000000
4000000
7ffffff
004319a
0000000
4000000
00000ff
7ffffff
2000000
0000080
7f5586f
7fc7de0
7ffff80
0000100
4000000
007f000
0000100
3f80000
0000140
00000ff
00000ff
7f80000
0000300
7f80000
3ffffff
4000000
7ffffff
2000000
6000000
0000200
0000100
0000001
6000000
4000000
7ffff80
007f000
0000300
0000001
000007f
4000000
00001c0
00001c0
7ffff80
000007f
3f80000
4000000
007f000
0000001
0000140
4000000
2000000
0000300
4000000
00001c0
007f000
0000001
3f80000
00000ff
7ffff80
000007f
4000000
4000000
3ffffff
0000140
000007f
3ffffff
00001c0
0000080
0000001
0000000
0000140
7f80000
0000200
00000ff
0000300
7f80000
4000000
7ff543a
00281cb
000007f
0000100
3ffffff
00001c0
00001c0
000007f
00000ff
0000001
3f80000
7ffff80
0000140
0000300
3f80000
0000140
4000000
2000000
2000000
0000100
0000100
0000001
000007f
3f80000
4000000
0000000
7ffffff
0000000
00001c0
4000000
3ffffff
2000000
0000000
007f000
4000000
7ffff80
2000000
007f000
4000000
00000ff
0000000
0000200
000007f
6000000
00001c0
4000000
7ffff7f
0000001
7ffff80
4000000
000007f
0000100
007f000
000007f
0000001
3f80000
4000000
000007f
00000ff
0000000
0000200
3f80000
7ffff80
7fdcb43
0000000
4000000
4000000
6000000
4000000
0000001
0000100
7ffff7f
00001c0
4000000
00000ff
3ffffff
3f80000
4000000
7ffffff
3f80000
2000000
0000200
000007f
0000080
7f80000
3ffffff
00001c0
4000000
7ffff80
7f80000
0001a23
0000080
7ffffff
7ffff80
7f1266d
4000000
0000300
0000000
00000ff
0000300
0000000
4000000
2000000
0000000
0000080
0000000
000007f
2000000
2000000
4000000
2000000
0000001
3f80000
2000000
0000140
4000000
3ffffff
4000000
7fecde9
00001c0
007f000
0000140
0000100
4000000
7ffff80
00000ff
0000200
0000100
00001c0
0000200
00000ff
7f80000
3f80000
000007f
6000000
0000200
0000140
0000100
0000200
00001c0
00000ff
0000080
7f80000
0000000
0000080
2000000
000007f
3ffffff
7f80000
007f000
6000000
4000000
3f80000
7ffff80
0000200
00001c0
6000000
0000080
4000000
7f49b71
0000080
00001c0
4000000
0000200
0000000
7ffff80
0000140
0000100
001310d
002e529
7f80000
7ffffff
2000000
2000000
6000000
3ffffff
7f80000
7ffcc58
4000000
0000080
7f80000
00e0644
3ffffff
0000080
00000ff
7ffff80
4000000
0000100
00000ff
007f000
0000140
4000000
0000300
4000000
000007f
7ffff7f
0000200
0000001
4000000
0000200
0000300
4000000
007f000
4000000
000007f
0000080
0000100
2000000
007f000
4000000
7ffff80
0000300
6000000
7ffff80
7ffff7f
0000300
0000001
7f80000
0000140
3ffffff
3f80000
0000000
0000200
0000300
0000001
7f5ee34
4000000
4000000
3ffffff
4000000
7ffff80
0000100
2000000
3f80000
0000200
00001c0
4000000
0000000
0000080
7ffff80
0000080
0000140
0000000
0000080
7ffff7f
7ffffff
000007f
000007f
0000100
0000080
7ffff80
007f000
0000300
7ffffff
4000000
0000140
7ffff80
0000000
6000000
0000080
0000000
4000000
0000080
0000080
0000100
3ffffff
0000080
0000300
2000000
6000000
0000140
7f80000
0016073
6000000
6000000
0000140
000007f
00000ff
7ffff7f
4000000
0000000
00000ff
0000200
0000000
007f000
00000ff
7ffff80
00001c0
0000140
0000100
3f80000
6000000
7ffffff
4000000
0000140
2000000
00000ff
000007f
7ffff7f
0000080
0000001
3f80000
7faa248
4000000
7ffff80
4000000
0000140
7f80000
0000140
4000000
3ffffff
7ffff80
0000140
0000200
4000000
7ffff80
7ffff7f
2000000
7ffff80
7ffffff
3f80000
4000000
0000200
4000000
4000000
2000000
3ffffff
0000100
007f000
4000000
7f80000
0000300
7f80000
6000000
6000000
7ffff80
7f80000
000007f
3ffffff
7f1dff0
000007f
4000000
0000000
6000000
3ffffff
0000001
4000000
000007f
00000ff
00000ff
00001c0
00000ff
7f80000
7f80000
0000000
6000000
7ffff7f
007f000
2000000
0000200
3f80000
7ffffff
3f80000
0000001
3f80000
007f000
6000000
0000100
7f80000
7ffff80
7ffff80
2000000
4000000
7ffff7f
0000080
7f80000
000007f
3ffffff
7fcf693
2000000
0000300
0000080
6000000
0000300
3f80000
2000000
3ffffff
0000001
0000000
7ffffff
7f80000
0000001
0000001
0000140
0000001
7ffff7f
007f000
00001c0
4000000
0000001
7f00fba
00000ff
0000000
0000000
000007f
0000100
0000140
00000ff
0000300
4000000
00000ff
007f000
7ffff7f
0000100
0000300
0000001
0000140
0000200
7ffff80
7f80000
4000000
004fbc4
4000000
4000000
000007f
7ffff80
0000100
0000200
00000ff
0000001
2000000
2000000
006d28a
7ffff80
0000000
0000100
7ffff7f
3f80000
7f80000
7f80000
7ffff80
7f80000
7ffffff
4000000
4000000
00000ff
000007f
7ffff80
4000000
4000000
0000300
0000000
4000000
0000000
0000000
7f0b662
0000300
7f80000
00001c0
0000140
4000000
0000100
0000100
007f000
4000000
0000001
7f80000
7ffff80
6000000
2000000
00001c0
00001c0
00000ff
7ffff7f
0000100
4000000
0000200
6000000
0000001
7ffffff
0000100
3f80000
4000000
000007f
00001c0
0000140
7ffff7f
0000080
0000080
7ffff7f
0000140
000007f
2000000
007f000
7ffff7f
7f80000
4000000
00001c0
0000300
00000ff
00000ff
0027068
6000000
3f80000
0000100
0000140
007f000
7fd77c7
6000000
7ffff80
007f000
4000000
0000080
7f80000
4000000
0000140
3f80000
4000000
00000ff
4000000
4000000
7ffffff
4000000
4000000
7ffff80
3f80000
0000001
7ffff80
000007f
3ffffff
7ffffff
3f80000
0000300
0000100
00c6778
0000080
7f99de6
00000ff
00001c0
0000140
7ffff80
00001c0
7ffff7f
7ffff7f
4000000
0000000
2000000
0000140
3f80000
4000000
7f80000
0000001
4000000
7f43aff
7ffffff
007f000
00000ff
6000000
0000001
0000300
0000300
0000001
3ffffff
4000000
007f000
7ffffff
0000080
7ffff80
7ffff80
00001c0
0000001
4000000
7ffff7f
6000000
0000140
4000000
4000000
00001c0
3f80000
007f000
00000ff
0000001
0000200
3f80000
4000000
3f80000
0000200
0000100
0000140
0000080
00000ff
0000100
0000100
4000000
7ffff80
0000300
000007f
3ffffff
7fda430
0000300
6000000
0000300
7ffff7f
0000001
7ffff7f
0000140
0000200
7f80000
0000140
6000000
4000000
00000ff
0000080
7f80000
007f000
4000000
2000000
7ffff7f
7ffffff
00001c0
3f80000
0000001
3f80000
007f000
000007f
4000000
3ffffff
7ffffff
0000000
0000080
2000000
0000140
4000000
0000001
4000000
0000100
4000000
4000000
007f000
00000ff
7ffffff
6000000
7ffff80
7f80000
4000000
7ffff7f
7f80000
7f80000
7ffffff
4000000
6000000
007f000
4000000
0000080
0000200
0000100
0000300
0000100
4000000
4000000
4000000
0000300
7ffff80
000007f
008962b
3ffffff
2000000
0000080
7ffff7f
4000000
007f000
000007f
00001c0
7ffff7f
0000100
4000000
4000000
7f80000
0000100
7f80000
00001c0
7ffff7f
00000ff
007f000
7ffff80
0000080
0000000
0000140
7ffffff
4000000
0000200
7ffffff
4000000
000007f
4000000
0000080
0000300
0000080
0000140
0000000
6000000
00000ff
7f7ecd4
7f5c8a7
2000000
7ffffff
0000200
4000000
2000000
007f000
4000000
0000080
0000300
0000200
7f80000
0000100
0000080
0000000
4000000
3f80000
0000300
0000300
0000100
3f80000
0000100
7ffff7f
7ffffff
00001c0
7ffffff
0000300
7ffff80
4000000
0000300
00000ff
0000100
00001c0
3f80000
3ffffff
0000100
4000000
4000000
4000000
0000300
00001c0
2000000
3f80000
00001c0
0000140
3f80000
0000080
0000000
009f581
0000300
0000140
7f42bfa
0000300
0000100
007f000
0000001
6000000
0000080
00000ff
6000000
0000000
0000001
000007f
007f000
2000000
4000000
0000001
0000080
7ffffff
4000000
4000000
007f000
3f80000
4000000
2000000
4000000
7f80000
0000000
4000000
4000000
0000300
0000001
7ffff80
007f000
4000000
4000000
0000200
4000000
0000001
0000300
7ffff7f
7ffff7f
7ffff7f
000007f
0000080
0000080
4000000
4000000
6000000
7ffff7f
000007f
4000000
2000000
00897e4
0000000
7ffff7f
00001c0
0000140
7f80000
3ffffff
000007f
0000000
0000200
00001c0
0000001
7ffff7f
6000000
3f80000
00000ff
0000140
7ffffff
007f000
0000100
000007f
7f80000
0000300
7ffff7f
6000000
0000000
007f000
007f000
0000140
000007f
00000ff
0093532
4000000
00e35e2
00000ff
0000140
4000000
0000200
0000100
0000000
0000140
7ffffff
0000000
00000ff
0000300
00000ff
6000000
007f000
0000001
4000000
007f000
00001c0
7f80000
006970a
7ffff7f
7ffff7f
2000000
00001c0
0000140
0000300
2000000
6000000
0000000
0000001
0000001
7ff5b4b
0000001
3ffffff
0000080
7f80000
000007f
7ffffff
00000ff
4000000
7ffffff
00000ff
4000000
0000000
6000000
4000000
0000001
00000ff
3ffffff
3f80000
0000140
6000000
0000100
0000000
4000000
4000000
0000300
7ffff80
00001c0
4000000
0000001
00001c0
7ffff7f
7f80000
7f80000
0000000
4000000
0000300
3f80000
4000000
4000000
000007f
0000100
0000300
2000000
4000000
00001c0
7ffff80
000007f
0000200
007f000
0000080
7f80000
7ffff7f
7ffff7f
7ffffff
007f000
7ffff80
4000000
0000100
2000000
4000000
7ffff7f
3f80000
0000300
000007f
00000ff
0000100
0000200
0000100
7ffff7f
0000000
0000000
3f80000
6000000
000007f
0000140
4000000
0000140
7f80000
0000000
7f80000
7ffff80
4000000
7ffff80
00000ff
0000140
000007f
7ffffff
6000000
000007f
000007f
00001c0
4000000
2000000
0000080
3ffffff
00000ff
7f80000
7fb5637
7f3a704
0000140
0000140
3f80000
007f000
0000100
0000001
4000000
0000140
0000001
002aac0
00001c0
7ffff7f
2000000
7ffffff
0000300
00000ff
7ffffff
7f80000
7fe66aa
0000001
7ffff7f
4000000
0000000
2000000
4000000
0000300
4000000
0000000
6000000
7ffffff
00000ff
7ffffff
0000140
007f000
2000000
7ffffff
6000000
7ffffff
3ffffff
6000000
7ffffff
000007f
00d30f2
6000000
7ffdd34
0000100
0000200
3ffffff
0000100
0000300
7ffabc5
000007f
00000ff
2000000
00001c0
7ffff7f
7ffff80
7ffffff
0000080
0000300
0000140
4000000
6000000
0000000
7f113f5
0000300
7ffff80
7ffff80
0000140
2000000
0000140
00001c0
3ffffff
000007f
0000001
00000ff
00001c0
3ffffff
0000100
7ffff7f
00b3ba5
0000100
0000300
0000140
0000300
6000000
4000000
0000100
7f80000
7f80000
0000100
0000000
4000000
3ffffff
4000000
7ffffff
3ffffff
0000100
7f80000
00000ff
00001c0
007f000
7ffffff
3ffffff
0000100
3ffffff
0000080
000007f
007f000
00000ff
0000100
0000300
0000000
0082108
0000300
7ffffff
0000080
7ffff7f
0000200
000007f
4000000
4000000
7ffffff
0000200
2000000
00000ff
4000000
7ffffff
4000000
0000200
3f80000
4000000
4000000
00001c0
2000000
7ffff80
0000200
00000ff
0000200
7f80000
3f80000
0000300
00001c0
4000000
3ffffff
0000001
0000300
2000000
0000080
6000000
0000001
4000000
007f000
0000140
7ffff80
0000300
0000300
00c1fe3
7ffffff
4000000
007f000
2000000
4000000
0000080
00000ff
4000000
7f40b84
00001c0
0000300
0000100
00001c0
7ffffff
4000000
0000300
00000ff
7ffff7f
0000200
4000000
4000000
00000ff
3ffffff
4000000
7ffffff
0000080
4000000
7f80000
0000080
00000ff
0000100
0000000
7ffff80
00001c0
7ffff80
7ffffff
0000000
6000000
00000ff
0000200
000007f
7ffff80
000007f
6000000
7ffff7f
0000300
0000200
2000000
0000080
0006e74
0000140
7ffffff
000007f
4000000
0000140
0000140
7ffff80
0000000
7faa830
0000000
0000200
0000200
6000000
7f80000
7f80000
0000001
4000000
0000001
4000000
7ffff7f
0000200
00001c0
3f80000
6000000
0000000
0000000
3f80000
00000ff
2000000
00000ff
000007f
00001c0
4000000
4000000
2000000
0000300
4000000
0000200
2000000
7ffff80
7ffff7f
000007f
0000080
2000000
0000080
000007f
00000ff
2000000
6000000
7ffffff
7ffff7f
00001c0
6000000
7ffffff
7ffffff
4000000
3ffffff
0000200
7f80000
3f80000
7ffff7f
4000000
4000000
000007f
7f80000
0000140
00000ff
3ffffff
4000000
4000000
7ffff80
00000ff
4000000
7f80000
000007f
0000100
00c6d14
0000200
4000000
000007f
7f80000
007f000
3ffffff
6000000
2000000
00001c0
00001c0
2000000
4000000
7ffffff
0000080
00000ff
00001c0
0000200
0000300
3f80000
0000100
00000ff
2000000
0000200
0000080
0000300
6000000
007f000
6000000
4000000
0000140
0000200
7ffff80
3ffffff
0000000
0000000
4000000
4000000
000007f
0000140
3f80000
0000000
7ffff80
00001c0
00001c0
3f80000
7ffffff
007f000
0000080
0000f37
000007f
0000200
000007f
2000000
0000000
7f80000
000007f
7ffff7f
2000000
0000100
00000ff
0000000
3ffffff
0093aac
00f7383
007f000
0000100
7ffff7f
00c13c4
7f80000
00001c0
0000140
4000000
0000080
3ffffff
6000000
0000300
00000ff
2000000
4000000
4000000
0000200
000007f
4000000
0000080
007f000
4000000
7ffff80
4000000
00cb3af
2000000
0000100
7ffffff
0000080
7f632ed
0000000
0000000
7ffffff
0000200
4000000
00001c0
4000000
7ffffff
000007f
0000300
7ffff7f
0000140
2000000
3ffffff
0000080
007f000
0000080
7f80000
7ffff7f
000007f
0000080
007f000
0000300
0000200
2000000
0000300
7f80000
00000ff
6000000
7f80000
7f80000
007f000
00000ff
0000140
0000140
7ffff80
4000000
007cb51
7f80000
0000300
0000080
7f80000
0000000
0000300
0000000
6000000
4000000
0000140
0000300
0000140
7f80000
00000ff
2000000
00001c0
4000000
4000000
000007f
0000300
000007f
00001c0
0000300
0000100
3f80000
0000080
7ffffff
4000000
7ffffff
4000000
0000100
7f80000
4000000
7f80000
0055ccc
007f000
3f80000
007f000
4000000
3ffffff
2000000
7ffff80
7ffff80
0000300
0000001
4000000
0000080
7ffffff
6000000
7f80000
007f000
4000000
0000140
00000ff
0000001
2000000
0000000
0000140
7ffffff
6000000
0000001
0000001
007f000
0000300
007f000
4000000
0000080
7f80000
0000100
4000000
2000000
00001c0
0000300
3ffffff
0000140
4000000
0000140
0000140
0000001
00995af
4000000
0000300
2000000
2000000
00001c0
007f000
7ffff80
007f000
00000ff
6000000
4000000
0000100
0000000
6000000
4000000
2000000
4000000
4000000
0000001
7ffff80
7f80000
7ffff7f
7fe580d
00001c0
2000000
0000140
7ffff80
0000140
3ffffff
7f80000
6000000
0000140
00000ff
4000000
0000140
0000200
4000000
7ffff80
0000000
0000200
3f80000
7ffff80
2000000
0000140
0000200
3ffffff
0000200
0000100
0000080
7ffff7f
0000140
6000000
007f000
7ffffff
000007f
00001c0
4000000
7ffffff
0000080
00001c0
4000000
7ffffff
0000080
00000ff
0000080
0000140
0000140
7ffff7f
00000ff
0000140
2000000
00000ff
7f80000
7ffff7f
3ffffff
000007f
000007f
4000000
000007f
00000ff
0000100
0000200
7f80000
4000000
00000ff
0000000
7f87a59
0000000
7ffffff
7f68f69
005e681
3f80000
0000100
7f7be69
7ffffff
0000300
7ffffff
00000ff
7ffffff
00001c0
7f80000
0000000
008f48a
00001c0
00000ff
7fe0969
00001c0
3ffffff
0000000
0000001
7f80000
7ffff7f
3ffffff
7ffff80
4000000
3ffffff
00001c0
007fec1
0000100
2000000
6000000
0000080
0000200
7ffffff
4000000
7ffff80
3ffffff
4000000
4000000
7ffff7f
4000000
7ffff80
009ec84
0053777
4000000
0000080
7ffff7f
0000000
4000000
7f9251d
0000100
7ffff80
0000001
00001c0
007f000
7f80000
00001c0
000007f
0000140
3f80000
4000000
7f80000
7f80000
000007f
6000000
0000100
7ffff7f
0000100
2000000
3ffffff
007f000
0000080
0083b9c
002b207
7ffff80
7f80000
7ffffff
4000000
7ffff80
0000200
7ffff7f
0000200
3ffffff
0000080
0000000
0000080
0000100
0000001
4000000
7ffffff
7ffff80
0000300
0000140
0000000
4000000
007f000
00000ff
6000000
00000ff
007c19b
2000000
3f80000
3ffffff
7ffffff
3f80000
6000000
000007f
3f80000
4000000
00000ff
4000000
0000300
00001c0
00001c0
3ffffff
007f000
0000300
7ffff7f
007f000
2000000
0000300
4000000
00220df
3ffffff
00766d7
3f80000
7f80000
0000300
0000140
00000ff
007f000
2000000
007f000
7ffff7f
4000000
4000000
3ffffff
0000300
0000100
00000ff
0000300
0000000
7ffffff
7f80000
000007f
00000ff
007f000
000007f
00000ff
0000100
0000080
00a4f9c
00000ff
3ffffff
000007f
0000300
7ffffff
3ffffff
0000001
0000200
0000001
2000000
0000100
4000000
0000080
2000000
3f80000
3f80000
4000000
00000ff
0000140
7f0bd25
7ffffff
000007f
0000140
00000ff
3f80000
00001c0
000007f
7ffff7f
6000000
7f80000
007f000
7f80000
4000000
00000ff
00cee50
4000000
6000000
0000000
0000200
000007f
0000200
3ffffff
4000000
4000000
4000000
4000000
0000080
007f000
00000ff
7ffff80
00000ff
0000001
0000000
4000000
00000ff
00000ff
00001c0
0000000
0000300
000007f
007f000
4000000
4000000
0000140
007f000
7ffff7f
007f000
0000300
0000100
0000200
007f000
0000200
0000100
4000000
7ffff7f
6000000
0000080
0000000
7ffffff
4000000
7ffffff
00c02cf
7ffff80
0000080
0000140
4000000
7f80000
6000000
0000080
002a7dd
7ffff80
7f80000
4000000
4000000
00000ff
3f80000
0000140
00000ff
00000ff
7ffff7f
0000200
4000000
0000100
0000000
0000100
7ffff80
2000000
00001c0
7ffff80
00001c0
00000ff
00000ff
7f80000
007f000
0000200
7ff190a
2000000
6000000
0000080
00001c0
0000140
000007f
0000001
0000100
7f80000
7f420e4
00001c0
7ffff80
6000000
7ffff7f
4000000
3ffffff
4000000
3ffffff
7ffffff
4000000
3f80000
4000000
000007f
0000300
7ffff7f
7f80000
7ffffff
0000140
00001c0
7ffffff
007f000
007f000
007f000
6000000
4000000
000007f
3f80000
0000140
4000000
7ffff80
0000001
0000000
7ffffff
0000000
4000000
4000000
4000000
0000080
0000300
00001c0
7ffffff
0000140
000007f
3f80000
0000080
00001c0
0000001
7ffff7f
0000200
7f78a8e
007f000
0000100
00001c0
00000ff
7ffff80
0040609
000007f
4000000
00001c0
007f000
4000000
4000000
0000080
7f80000
00001c0
00000ff
0000001
4000000
6000000
0000200
4000000
2000000
4000000
00001c0
0000000
00001c0
4000000
0000100
00000ff
00001c0
6000000
4000000
4000000
00001c0
4000000
00001c0
0000100
2000000
0000140
3f80000
4000000
7f80000
00001c0
4000000
0000140
4000000
7f80000
4000000
3ffffff
3f80000
0000300
4000000
4000000
7ffffff
7f80000
3ffffff
0000140
00001c0
7ffffff
7ffff7f
0000000
00001c0
3f80000
7ffffff
7ffffff
6000000
3ffffff
0000140
0000000
3ffffff
00001c0
4000000
2000000
0000140
000007f
3ffffff
7f7a9f7
000007f
0000200
0000100
0000000
4000000
4000000
7ffff7f
00000ff
7ffff7f
0000080
0000000
7f80000
7ffffff
4000000
00000ff
6000000
0000080
7ffff80
00001c0
009fb48
000007f
2000000
0000200
00001c0
3f80000
0000100
0000000
0000140
0000200
4000000
6000000
6000000
4000000
7f2bfad
6000000
6000000
3ffffff
00000ff
4000000
3f80000
4000000
0000001
7ffffff
007f000
0000200
4000000
00001c0
3f80000
0000000
4000000
0000100
0000000
0000000
00001c0
4000000
000007f
7ffff80
3f80000
7ffffff
7ffff80
001577e
7ffffff
7ffff80
7ffff7f
0000080
0000000
2000000
000007f
007f000
2000000
0000001
4000000
0000000
00000ff
7ffff7f
4000000
2000000
0000200
0000140
2000000
7ffffff
7ffffff
7ffffff
00001c0
4000000
4000000
00001c0
0000100
007f000
0000140
0000000
4000000
7f93158
0000300
7f80000
0000140
7f80000
6000000
7ffffff
0000200
7f80000
4000000
4000000
000007f
7ffff7f
7ffff80
7ffffff
0000300
4000000
0000000
0000000
000007f
0000300
00001c0
3ffffff
0000140
005767b
00001c0
7ffff7f
4000000
0000300
000007f
2000000
7f80000
4000000
4000000
0000300
0000200
7ffff7f
0000001
00001c0
007f000
0000000
0000080
6000000
4000000
0000080
0000200
4000000
3ffffff
0000100
4000000
00000ff
0000000
0000140
0000140
007f000
7ffff7f
0000200
00001c0
0000200
0000001
0000001
00000ff
7ffff80
7ffffff
0000200
0000200
000007f
3ffffff
4000000
7ffff80
7f80000
3ffffff
0000001
7ffffff
2000000
0000000
3ffffff
7ffffff
4000000
7ffff7f
0000000
0000001
0000300
4000000
0000100
7ffff80
0000000
0000200
3f80000
00001c0
000007f
4000000
7ffff7f
4000000
0000001
3ffffff
3f80000
2000000
7ffff7f
0000001
7f80000
0000001
4000000
0057475
7ffff7f
0000001
003496b
7f80000
4000000
0000300
00000ff
00000ff
007f000
00000ff
7ffff7f
00001c0
4000000
00001c0
0000000
7ffff80
0000200
0000100
7ffffff
0000080
0000000
4000000
7ffff80
0000200
2000000
7ffff80
0000140
00001c0
7ffff80
3ffffff
7f80000
7ffff7f
007f000
000007f
4000000
7ffff7f
2000000
3f80000
00001c0
00000ff
0000001
0000300
007f000
7f80000
7ffff80
6000000
7ffffff
2000000
0000100
4000000
7ffffff
4000000
3ffffff
4000000
00001c0
00001c0
4000000
4000000
0000200
0000080
7f80000
0000200
4000000
007f000
7ffff7f
0000100
00000ff
0000200
0000200
7ffff80
7ffff7f
0000000
6000000
7f80000
00000ff
7ffff80
0000140
0000000
4000000
7ffff80
00001c0
7ffff7f
0000000
2000000
007f000
3ffffff
7ffff80
000007f
0000080
0000080
0000140
0000300
6000000
2000000
6000000
0000100
6000000
0070736
0000000
007f000
2000000
4000000
0000100
007f000
007f000
4000000
7ffff7f
0000100
000007f
7f80000
0000100
7ffffff
0000000
007f000
0000080
3ffffff
4000000
0000001
2000000
0000140
3ffffff
0000000
4000000
00001c0
3ffffff
0000200
00000ff
00001c0
00d7ba2
3f80000
7ffffff
7ffff80
0000000
7ffff7f
7f80000
7ffff7f
2000000
4000000
6000000
7ffffff
000007f
7ffff80
3ffffff
3f80000
0000000
2000000
00000ff
4000000
4000000
3ffffff
7f80000
4000000
0000080
4000000
00000ff
0000001
4000000
0000001
00000ff
4000000
0000100
0000000
7ffff7f
7f80000
0000000
7ffff80
3ffffff
0000300
4000000
0000080
3f80000
0000300
4000000
4000000
3f80000
4000000
7ffffff
0000140
2000000
4000000
0000140
2000000
4000000
0000000
0000100
7ffff7f
0000140
7f80000
4000000
0000080
000b62c
7ffff80
0000200
4000000
7f08f7d
7ffffff
6000000
000007f
0000100
4000000
7ffffff
2000000
0000080
000007f
4000000
7f80000
0000000
00001c0
000007f
6000000
0000200
7ffffff
0000000
4000000
0000200
4000000
6000000
00000ff
0000001
7ffff80
4000000
7ffff80
007f000
0000140
4000000
6000000
7ffff7f
0000140
00000ff
0000001
7ffff7f
7ffff80
7f80000
4000000
4000000
0000001
0000000
0000000
00001c0
0000100
000007f
0000080
0000200
2000000
3f80000
2000000
7f80000
3ffffff
00c93af
0000140
00001c0
2000000
4000000
4000000
007f000
7f80000
7ffff80
00000ff
0000200
0000000
4000000
0000001
6000000
6000000
00ce49f
3ffffff
000007f
3ffffff
6000000
4000000
000007f
3f80000
6000000
4000000
00000ff
0000000
0000000
7f80000
0000200
3ffffff
00000ff
0000300
4000000
0000080
000007f
4000000
4000000
007f000
4000000
2000000
2000000
4000000
4000000
3ffffff
0000200
0000080
4000000
7ffffff
0000080
4000000
3ffffff
0000140
000007f
00000ff
4000000
0000140
7f80000
0000300
0000001
0000100
7f80000
4000000
7f919bc
0000300
4000000
0000080
00001c0
7ffff7f
6000000
0000200
0000140
4000000
4000000
0000140
0000001
00001c0
4000000
4000000
7ffffff
3ffffff
6000000
7ffff7f
0000140
000007f
00000ff
7ffff7f
000007f
00000ff
000007f
7f80000
0000140
7ffffff
0000001
3f80000
7ffff7f
7ffff7f
4000000
7ffff80
0000140
4000000
000007f
0000200
3f80000
7ffff7f
000007f
00000ff
0000080
4000000
0000100
4000000
0000001
7ffff7f
7ffff80
0000200
0000001
0097a00
3ffffff
6000000
7ffff80
7ffffff
0000001
7ffff80
0000200
7ffffff
7ffff7f
00000ff
4000000
4000000
7f80000
0000100
0000300
3ffffff
0000300
0000000
4000000
0000200
7f80000
000007f
0000000
0000200
7f80000
7ffff7f
00000ff
007f000
3f80000
000007f
7ffffff
0000080
0000300
3f80000
7f80000
7f80000
2000000
7f80000
7ffffff
00000ff
00a0a67
0000140
2000000
0000080
0000300
7f80000
0000001
00000ff
7ffff80
00001c0
0000100
2000000
0000300
000007f
00d2fdd
4000000
0000001
3ffffff
6000000
00001c0
7ffff80
0000140
4000000
0000300
4000000
0000001
000007f
0000000
3f80000
7ffffff
0000001
0000001
3ffffff
0000300
2000000
6000000
4000000
0000080
7ffff80
4000000
4000000
0000100
00001c0
7ffff80
4000000
0000140
007f000
007f000
7ffff7f
7ffff7f
4000000
00001c0
0000080
0000000
0000100
7ffff80
008119c
3f80000
00000ff
4000000
7f22284
00000ff
00001c0
0000001
0000080
000007f
7ffff80
7ffff80
0000200
007f000
007f000
0000100
7ffffff
4000000
7f80000
0000140
7f80000
7f80000
0000100
7ffffff
0000200
3ffffff
6000000
4000000
2000000
4000000
007f000
0000300
0000000
7f72af4
0000001
0000001
3f80000
0000000
2000000
0000080
00e9e84
0000001
0000001
00000ff
00001c0
2000000
0000300
7ffff80
0000200
7ffff80
3f80000
0000140
007f000
00001c0
4000000
7f80000
0000100
0000080
0000000
3ffffff
3f80000
00001c0
0000100
4000000
7ffff7f
00001c0
3ffffff
0000200
7f80000
4000000
0000200
4000000
7ffff80
0000100
0000200
0000001
4000000
2000000
4000000
3ffffff
3ffffff
7ffff7f
3f80000
000007f
0000100
3ffffff
2000000
007f000
00001c0
0000300
7f084b3
3ffffff
0000140
3ffffff
7ffff80
3f80000
7f80000
0000200
0000140
0000100
00000ff
0000100
7ffffff
000007f
0000200
000007f
7fbb2a8
4000000
6000000
7ffff7f
6000000
0000100
0044438
2000000
00001c0
7ffff80
2000000
0000200
007f000
0000000
0000300
7f7b14c
0000001
0000000
2000000
0000080
0000140
3f80000
0000000
0000001
7f987ff
6000000
0000300
3f80000
0000001
7ffff7f
0000300
4000000
3ffffff
00f7c61
2000000
000007f
7f80000
4000000
0000140
0000200
0000200
2000000
4000000
2000000
3f80000
0000200
0000001
3f80000
7fa7b68
7ffff7f
0000000
0000100
2000000
0000300
00001c0
0000140
7ffff7f
7f80000
0000001
0000200
000007f
6000000
6000000
0000001
0000000
4000000
0000080
007f000
7ffff7f
4000000
4000000
007f000
0000100
0000100
00000ff
00000ff
7ffffff
00000ff
00000ff
2000000
00a36c2
00001c0
6000000
4000000
0000001
4000000
4000000
2000000
000007f
7ffff80
0000300
6000000
7ffffff
3f80000
3f80000
00f36d2
3ffffff
6000000
0000001
4000000
4000000
0000300
0000000
007f000
0000300
7f80000
7ffff7f
4000000
0000001
0000140
007f000
7ffffff
7f80000
0000300
7f80000
4000000
7f80000
4000000
000007f
00001c0
2000000
00001c0
0000200
7f545dc
0000300
0000200
0000300
7ffff80
6000000
7f39e96
7ffff7f
7ffff7f
0000001
0000100
0000000
0000100
00000ff
0000300
0000080
4000000
7ffff80
7ffff80
00000ff
0000000
007f000
7f80000
007f000
004b943
00000ff
7f12d05
4000000
7ffff7f
7f80000
3ffffff
7ffffff
4000000
4000000
2000000
0000100
7ffffff
00001c0
0000300
4000000
0000000
0000001
00001c0
0000200
7f80000
0000100
4000000
7ffff80
0000140
000007f
7ffff7f
7ffff7f
0000140
0000200
0000080
0000080
0000140
00000ff
2000000
0000000
3f80000
0000001
0000100
4000000
000007f
0000200
0000100
7f80000
7f80000
7ffff7f
4000000
0000100
3f80000
7f59d39
0000300
0000080
0000001
0000300
6000000
7f80000
000007f
007f000
0000001
0000100
0000200
0000080
000007f
7f09de2
4000000
7ffff80
0000080
0000080
3ffffff
000007f
0000200
7fe41be
0000001
0000080
4000000
4000000
00000ff
2000000
0000140
0000080
6000000
4000000
6000000
2000000
6000000
3ffffff
0000300
4000000
7ffff80
4000000
0000200
7f75b5c
0000300
0000001
0000000
4000000
007f000
0000140
0000300
7fcd326
2000000
3f80000
0000200
4000000
0000100
2000000
3f80000
0000140
0000100
0000001
7f80000
2000000
2000000
2000000
4000000
0000140
00000ff
0000000
0000001
00001c0
0000300
0000140
7ffffff
3ffffff
000007f
7ffff80
7fc9a94
7fad635
3ffffff
3f80000
6000000
0000200
6000000
00001c0
7f80000
007f000
0000200
00d1be1
3ffffff
007f000
6000000
7ffff80
2000000
7ffff80
6000000
0000140
0000100
7f80000
0000080
2000000
0000000
000007f
2000000
3f80000
3ffffff
6000000
4000000
4000000
0000300
0000300
000007f
2000000
4000000
007f000
4000000
3ffffff
00000ff
0000100
7ffff7f
6000000
7f80000
0000000
7f6533a
4000000
6000000
7ffff80
000007f
2000000
007f000
4000000
3ffffff
0000001
4000000
0000100
7f80000
0000140
007f000
000007f
0000000
2000000
000007f
0000080
0000200
7ffb773
3f80000
3f80000
4000000
0000001
0000001
0000200
0000080
00001c0
000007f
4000000
0000300
7fa5fa2
00001c0
00000ff
7ffffff
7f80000
0000140
4000000
4000000
3f80000
2000000
3ffffff
007f000
4000000
0000000
0000080
0000001
0000300
0000140
7ffff80
7ffff7f
000007f
00000ff
2000000
7ffffff
0000200
0000000
4000000
0000001
0000200
7f36820
4000000
3ffffff
0000001
00000ff
3f80000
7ffff80
4000000
0000001
4000000
0000140
7ffffff
000007f
00000ff
0000140
0000001
000007f
3ffffff
00001c0
3ffffff
4000000
0000001
00001c0
4000000
0000200
4000000
0000300
4000000
0000200
4000000
3f80000
4000000
0000100
0000001
4000000
7ffff7f
3ffffff
6000000
4000000
4000000
4000000
4000000
000007f
7ffffff
007f000
3f80000
6000000
0000100
0000100
000007f
6000000
6000000
0000100
0000200
7f271e3
2000000
4000000
4000000
00000ff
4000000
0000080
4000000
7ffff80
7ffff80
0000200
4000000
0000080
3ffffff
0000000
0000140
0000140
0000100
7f92233
00001c0
007f000
4000000
0000300
7f80000
007f000
0000000
0000001
4000000
00001c0
0000000
3f80000
3f80000
4000000
0000000
0000300
0000001
7f80000
0000100
00001c0
0000140
0000080
7ffff7f
2000000
0000001
0000080
6000000
3f80000
7f80000
0000300
7f4759f
4000000
3f80000
7f80000
000007f
0000200
7f80000
7ffff80
2000000
7f80000
0000200
0000140
6000000
6000000
0000140
0000001
7ffff7f
7ffff80
0000001
7f4adfc
0000300
7fd6edf
7ffff80
7f80000
0000000
00000ff
0000200
000007f
0000000
00000ff
0000300
7ffffff
0000100
2000000
4000000
4000000
00000ff
000007f
0000100
0000100
7ffffff
2000000
0000300
3f80000
4000000
7f06e63
0000300
7f80000
7ffffff
00001c0
6000000
0000100
7ffd636
7ffff80
7ffffff
3ffffff
0000001
00001c0
2000000
7ffff80
00001c0
00001c0
00001c0
0000080
00001c0
0000080
2000000
00001c0
7fa85a1
7f536c9
00001c0
7f42ac4
4000000
00001c0
7fd3b6a
3ffffff
0000100
2000000
7fdedfd
0000140
006b484
0000200
0000080
7f70c0b
0000001
3ffffff
7ffff80
7ffffff
0000200
7ffffff
7ffff7f
7ffff80
0000001
4000000
0000300
0000140
0000300
7ffffff
0000001
0000001
7ffffff
4000000
0000140
000007f
00000ff
3f80000
0000080
0000000
0000000
7ffff80
3ffffff
7f3f90c
000007f
7fdebc0
0000100
0000300
00001c0
7f80000
000007f
7ffff80
0000080
00001c0
6000000
0000300
7ffffff
000007f
2000000
0000080
7ffff7f
0000080
3ffffff
0000100
7f0b164
0000140
0000200
2000000
0000000
2000000
0000000
4000000
6000000
00000ff
0000001
00000ff
7ffff7f
0000140
0000140
3f80000
7ffffff
00001c0
7ffff7f
6000000
0000300
4000000
4000000
4000000
00001c0
4000000
0000080
0000100
4000000
7ffffff
4000000
00000ff
2000000
7f80000
4000000
4000000
0000000
4000000
4000000
6000000
0000001
000007f
000007f
4000000
4000000
0000200
4000000
00001c0
007f000
3ffffff
6000000
2000000
4000000
3ffffff
7ffff7f
7f80000
007f000
0000200
0000080
2000000
00001c0
0000140
6000000
3f80000
0000140
4000000
00a75ed
000007f
2000000
0000140
0000001
3f80000
0000140
0000000
000007f
0000300
2000000
007f000
3ffffff
0000080
0000200
4000000
0000300
6000000
4000000
6000000
7ffffff
3ffffff
00000ff
7ffff7f
0000200
0000200
7ffffff
000007f
0000200
0000100
4000000
2000000
3ffffff
0000100
7ffff7f
7ffffff
7ffff7f
6000000
3f80000
7ffffff
0000140
7ffff80
4000000
7ffff7f
0000080
00000ff
0000140
2000000
007f000
007f000
0000200
4000000
007f000
3f80000
7f80000
3ffffff
00001c0
2000000
7ffffff
0000140
0000140
7f80000
0029d83
0000200
4000000
00b7b02
7ffff7f
00001c0
7f80000
7ffffff
0000080
6000000
4000000
7f80000
7ffffff
0000300
003d3d8
7f80000
0000140
00000ff
7ffff7f
00000ff
7ffff7f
2000000
00000ff
4000000
0000001
007f000
4000000
3ffffff
0000300
4000000
00000ff
0000200
0000140
7f80000
0000140
7ffff7f
0000080
0000300
0000140
007f000
0000000
3f80000
00001c0
7f80000
2000000
0000300
3ffffff
000c948
0000100
0000200
0000080
4000000
0000200
0000100
3ffffff
007f000
4000000
00001c0
4000000
0065c35
4000000
0000001
3f80000
4000000
000007f
7ffff80
0000200
2000000
3f80000
3ffffff
7f80000
007f000
7ffc802
0000300
6000000
00a7c96
00001c0
7f80000
00001c0
6000000
4000000
3f80000
0000080
4000000
6000000
7f80000
00000ff
0000140
7ffff80
7ffff80
3f80000
0000001
0000000
7ffff7f
4000000
0000300
00f4541
2000000
7f80000
00001c0
7ffff80
4000000
007f000
0000080
000007f
0000080
4000000
0000140
7f80000
0000140
4000000
0000300
7ffff80
4000000
007f000
0000080
7ffff7f
4000000
3ffffff
7ffffff
0000001
0000300
7ffff80
2000000
0000140
0000200
0000001
7ffffff
7f80000
000007f
0000001
0000080
7ffffff
6000000
002a617
005df07
4000000
7f80000
4000000
7f976d1
00e4f95
00d99e6
7ffff7f
0000140
2000000
6000000
7ffffff
000007f
7ffff7f
00000ff
4000000
7ffffff
7fd12ca
00000ff
6000000
3ffffff
007f000
4000000
0000001
4000000
00001c0
7ffff80
0000100
00001c0
7ffffff
0000300
7ffffff
4000000
00000ff
2000000
0000200
4000000
2000000
0000200
007f000
0000300
7ffff80
4000000
007f000
3ffffff
2000000
00000ff
7ffff80
4000000
2000000
4000000
0000100
2000000
4000000
7f80000
0009f25
0000080
7ffff7f
000007f
2000000
7fa223c
7ffff7f
2000000
00001c0
4000000
0000000
0000100
7f80000
0000200
00000ff
0000000
0062ae7
0000001
0000140
7ffffff
3f80000
0000001
0000000
0000140
4000000
000007f
007f000
0000200
0000200
00001c0
7f80000
4000000
7ffff7f
0000200
0000080
004633b
000007f
7ffffff
0000140
0000200
0000001
4000000
0000140
7f80000
7f80000
0000080
3ffffff
3f80000
00000ff
0000200
00001c0
0000100
007f000
3f80000
7ffffff
00001c0
0000100
00000ff
4000000
0000080
007f000
3ffffff
007b8df
7ffff7f
7ffff80
4000000
2000000
7ffff7f
0000000
0000300
4000000
7ffff7f
3f80000
0000100
00000ff
4000000
6000000
000007f
4000000
7ffff7f
4000000
0000300
0000001
7ffff80
4000000
7ffff80
0000200
0000100
7f80000
007f000
0067700
7f5eb74
4000000
007f000
0000080
4000000
4000000
0000001
2000000
000007f
00001c0
0000140
3f80000
7ff5755
7ffff80
7ffff80
7f80000
3f80000
7ffffff
7f184bc
0000140
6000000
0000000
2000000
0000300
6000000
00001c0
6000000
2000000
007f000
3ffffff
7f80000
0000000
7ffff80
001ac70
0000140
7ffff7f
6000000
4000000
0000001
0000200
0000200
00000ff
000007f
0000200
007f000
2000000
0000100
3f80000
00b053d
3ffffff
3ffffff
00000ff
7ffffff
0000300
7ffffff
4000000
3f80000
7f80000
7ffff80
0000080
7f80000
7ffff7f
00001c0
6000000
7ffffff
00000ff
6000000
7ffff7f
007d6fc
007f000
7fcb2e1
7ffffff
00001c0
7ffff7f
0000000
007f000
7ffff80
4000000
007f000
0000000
0000140
4000000
6000000
7ffff7f
4000000
7f80000
0000100
0000080
0000000
000007f
00001c0
6000000
0000300
7f80000
2000000
7ffffff
00000ff
7ffffff
0000080
007f000
4000000
00001c0
4000000
7fdb7b5
0000200
7ffff7f
4000000
0000100
4000000
3ffffff
3ffffff
0000001
7ffff7f
4000000
00000ff
0000000
0000200
7ffff80
4000000
7f80000
0000001
2000000
0000001
7ffff7f
6000000
4000000
0000200
6000000
0000200
4000000
7f80000
00001c0
6000000
7f595cd
6000000
0000200
000007f
0000100
7f80000
0000140
0000140
3f80000
4000000
0000200
0000140
3ffffff
4000000
6000000
00000ff
7ffff80
0000100
7ffffff
3ffffff
3f80000
00001c0
00000ff
7ffff80
0000300
3ffffff
7f80000
0000100
4000000
007f000
000007f
3ffffff
00000ff
6000000
00000ff
7f80000
0000080
00000ff
0000000
6000000
7ffff80
7f80000
0000300
0000100
3f80000
0000001
00001c0
3f80000
00000ff
4000000
7f80000
0000300
6000000
7ffffff
7f80000
7fd04a9
007f000
0000300
007f000
7ffffff
2000000
7fbb21e
0000080
0000200
0000001
7f230b4
7ffff7f
6000000
0000200
0000100
00000ff
7ffff80
2000000
00001c0
7ffffff
000007f
00001c0
7f9e1ff
7f38bf8
00f2a74
000cbe3
3ffffff
00001c0
0000200
0000080
0000200
0000001
7ffffff
0000080
0000001
0000140
0000140
0000200
00001c0
7ffff80
7f80000
3ffffff
6000000
0000200
007f000
000007f
00000ff
00001c0
7ffffff
4000000
0000140
4000000
3f80000
000007f
000007f
3ffffff
0000001
0000300
0000100
0000000
0000000
6000000
2000000
0000000
0000140
3ffffff
4000000
7ffff7f
0000100
7f80000
4000000
4000000
6000000
0000001
4000000
00001c0
7f80000
4000000
007f000
7f34747
3f80000
00000ff
4000000
0000140
3f80000
00000ff
0000000
7f80000
7ffff7f
7ffff80
6000000
7ffff7f
7ffff80
00000ff
7f80000
008ab40
7ffffff
6000000
7f80000
3f80000
0000300
7ffff7f
00000ff
00000ff
4000000
3f80000
4000000
0000200
3ffffff
4000000
7f80000
4000000
7ffffff
4000000
000007f
0000300
0000100
4000000
0000080
00001c0
0000000
7ffff80
0000200
00001c0
4000000
007f000
0000100
0000100
0000200
7f80000
00001c0
0000100
0000200
7ffff80
4000000
4000000
0000300
4000000
2000000
0000300
0000300
4000000
0000001
7ffffff
7ffff80
2000000
7ffff7f
4000000
0000052
0000001
3f80000
7f80000
2000000
0000000
003f765
00cb3cb
0000080
0000100
7f80000
7ffff7f
0000100
0000140
007f000
7ffff7f
7ffff80
0000200
0000000
4000000
7f80000
0000100
0000001
2000000
00001c0
3f80000
00000ff
00001c0
6000000
4000000
0000100
3f80000
2000000
4000000
00000ff
2000000
7ffff7f
002df8a
7f80000
3ffffff
7ffffff
0000300
0000100
000007f
3ffffff
00001c0
0000100
0000080
6000000
00001c0
00001c0
7ffff7f
7f80000
7f1adf3
007f000
0000100
4000000
0000140
000007f
0000100
6000000
0000001
0000000
3f80000
000007f
3ffffff
00000ff
3f80000
0000200
0000000
7ffffff
3ffffff
00000ff
0000140
7ffff80
3f80000
3ffffff
000dd28
3f80000
0000080
4000000
00001c0
3ffffff
0000000
7f80000
0000000
4000000
0000000
2000000
4000000
7ffffff
0000100
7ffffff
00001c0
7ffff7f
007f000
00001c0
0000001
0000001
0000000
007f000
007f000
2000000
0000300
00b5955
7ffff7f
4000000
7ffff7f
0000080
007f000
4000000
000007f
4000000
0000080
0000001
4000000
00001c0
4000000
4000000
0000140
3ffffff
0000000
0000000
6000000
7fff7c9
0000000
7ffff7f
001ec73
0000000
4000000
0000200
7ffff80
0000001
0000140
6000000
000007f
3f80000
00001c0
00601dd
0000140
0000100
7f80000
3f80000
0000000
0000100
00001c0
007f000
0037e51
00936a0
6000000
3f80000
0000000
6000000
00000ff
0000000
007f000
7ffff7f
2000000
0000300
7ffff80
4000000
00001c0
7f80000
0000100
2000000
7f44988
4000000
4000000
3f80000
7ffff80
7f80000
0000200
7f80000
0000001
0000080
7ffff80
4000000
00001c0
0000140
0000001
7ffffff
0000100
00001c0
7ffffff
2000000
00000ff
0000140
000007f
0000001
0000300
7ffff80
7ffff7f
0000300
3f80000
4000000
3ffffff
0000000
7ffff80
7f80000
7ffff80
4000000
0000300
00000ff
7f80000
6000000
0000140
0000100
6000000
0000000
7ffff80
0000300
0000100
0000000
0000200
7f80000
0000200
7f80000
7ffff7f
0000080
4000000
3ffffff
000007f
0056e0b
00000ff
4000000
0000200
00000ff
00001c0
0000000
7ffffff
0000001
0000140
0000000
7ffffff
00000ff
000007f
7ffff7f
7f80000
0000001
000007f
7ffffff
0000300
3ffffff
4000000
6000000
000007f
00000ff
2000000
0000140
3f80000
00001c0
7ffff80
0000100
4000000
4000000
0000080
0000300
3ffffff
7f80000
000007f
7ffff80
3f80000
000007f
00001c0
4000000
00001c0
3ffffff
0000300
4000000
7ffffff
6000000
0000300
7f80000
7ffff80
007f000
7ffffff
0000000
0000001
007f000
7f80000
4000000
0000100
0000300
7ffff80
6000000
7ffff7f
0000000
7f80000
2000000
7ffff7f
0000200
7ffffff
0000140
7ffff7f
0000100
4000000
007f000
0000000
2000000
4000000
0000140
2000000
0000001
0000100
7f80000
0000000
4000000
000007f
0000080
0000140
000007f
7ffff7f
0000100
6000000
0000000
0000001
0000140
00000ff
0000200
4000000
3ffffff
0000001
2000000
0000100
0000300
0000080
2000000
4000000
0000140
0000200
7f80000
0000000
00001c0
7ffff80
4000000
2000000
2000000
4000000
4000000
6000000
0000100
00000ff
7ffff7f
6000000
7f80000
7ffff80
0000000
7ffff7f
7ffff80
0000200
007f000
4000000
0000000
4000000
4000000
0000001
7ffff7f
0000300
3ffffff
6000000
0000140
0000140
007f000
7f80000
3ffffff
6000000
000007f
0000100
00000ff
7fbd815
7ffff7f
6000000
4000000
6000000
4000000
007f000
3f80000
7ffff7f
4000000
00000ff
3ffffff
00001c0
00001c0
0000001
4000000
0000080
007f000
0000300
4000000
4000000
0000100
007f000
3f80000
007f000
0000080
007f000
7ffff7f
0000001
0000080
7f80000
0000100
00000ff
0000200
6000000
7ffff80
7ffff7f
3ffffff
2000000
0000200
7ffff80
0000200
0000001
00001c0
00000ff
7f80000
0000100
3f80000
4000000
0000200
6000000
7f80000
0000001
0000001
7ffff7f
4000000
7f80000
7ffff80
7ffff7f
7ffff80
7f80000
0000080
7ffff80
0000300
4000000
007f000
3f80000
4000000
0000200
3ffffff
0000080
0000100
7ffff80
007f000
0000100
0000080
0000300
7ffff80
7ffffff
7ffff80
00000ff
7f80000
0000000
00001c0
4000000
0000140
7fec6e0
000007f
3ffffff
7ffff7f
0000000
0000000
4000000
3ffffff
4000000
2000000
7ffffff
6000000
0000100
7ffff80
00000ff
4000000
0000000
7f9d113
4000000
7ffff7f
6000000
00000ff
4000000
00146f9
4000000
0000001
0000080
000007f
0000100
7ffffff
4000000
0000100
4000000
7f80000
7ffffff
3ffffff
0000001
00000ff
0000100
0000000
000007f
3ffffff
3f80000
2000000
7ffffff
7ffff80
7ffff7f
7ffffff
2000000
7f3ee22
2000000
007f000
3ffffff
000007f
00001c0
6000000
3ffffff
0000300
0000100
6000000
00001c0
7f69823
00001c0
0000100
6000000
7ffffff
0000140
7f80000
4000000
000007f
7ffff80
007f000
0000300
0000000
7ffffff
4000000
000007f
7ffffff
7f80000
00001c0
7fe6a5c
6000000
4000000
0000001
7ffff7f
0000100
0000000
3ffffff
00001c0
0000080
7ffff80
00ea1f6
7ffff7f
0000080
00000ff
007f000
2000000
4000000
00000ff
00000ff
00001c0
0000000
0000001
4000000
007f000
0000000
7ffffff
7ffafcc
000007f
0000300
3ffffff
2000000
0000140
7ffffff
4000000
0000140
006217f
2000000
0000000
4000000
2000000
0000300
0000001
007f000
00001c0
0000140
7ffffff
7fa1fe3
7ffff7f
7f80000
006fed9
7ffff80
7ffff80
0000300
4000000
007f000
0000300
7f80000
4000000
4000000
3ffffff
0000000
7f80000
2000000
7ffff80
0000001
00001c0
7ffff7f
0000080
0000100
0000100
7ffff80
7ffff7f
0000000
3f80000
0000200
3f80000
00000ff
3ffffff
2000000
4000000
0000200
00b5227
7ffff80
0000000
00000ff
00001c0
00000ff
7ffffff
0000001
0000100
3ffffff
6000000
0000200
2000000
0000140
4000000
4000000
0000140
0000000
0000200
0000140
7ffff80
0000000
0000000
00001c0
7ffff80
7ffffff
6000000
7ffff7f
000007f
0000200
0000300
0000300
0000080
000007f
2000000
7ffffff
0000080
0000140
7ffff80
0000080
3ffffff
7ffff80
7ffffff
00001c0
7ffffff
0000000
3ffffff
007f000
7ffff7f
4000000
7ffffff
7f80000
0000000
0000000
7ffff80
7ffff7f
3f80000
00000ff
7ffff7f
6000000
3f80000
2000000
0000000
4000000
0000140
7ffff7f
00001c0
7ffff7f
000007f
0000300
0000140
4000000
0000080
4000000
7ffffff
0000080
0000200
0000100
0000001
7ffffff
7ffffff
7ffff7f
0000001
00001c0
2000000
0000100
4000000
0000000
6000000
7ffff7f
4000000
3f80000
0000300
3ffffff
0000100
4000000
0000200
7ffffff
0000001
7ffffff
0000000
007f000
0000001
7ffff7f
7ffffff
3f80000
3f80000
7f18ad6
0000080
0000000
2000000
7f80000
3f80000
3ffffff
0000140
00001c0
7ffffff
0000001
7ffff7f
7f73b43
4000000
0000080
0000140
0000001
7ffffff
3f80000
3ffffff
0000100
004e2a7
0000000
7ffff80
7ffff80
3ffffff
6000000
3f80000
0000100
000007f
0000001
0000300
7ffff7f
0000080
4000000
0000140
4000000
7f80000
7f5d109
0000200
0000300
00000ff
4000000
4000000
6000000
0000200
7ffff7f
000007f
3ffffff
4000000
0000000
7ffff80
7ffff80
0000300
4000000
7ffffff
0000200
3ffffff
4000000
7ffff7f
3f80000
0000100
007f000
0000140
00403f4
0000300
000007f
0000140
3ffffff
3ffffff
3ffffff
0000140
0000001
7ffff80
0000300
4000000
3f80000
3f80000
0000200
0000140
4000000
000007f
0000140
7f80000
2000000
00000ff
007f000
00000ff
0000000
7f5f10d
0000300
0000140
4000000
0000100
4000000
00000ff
0000140
2000000
0000000
0000001
6000000
007f000
0000001
0000140
3f80000
6000000
0000000
00001c0
0000200
0000200
7f134f3
00001c0
3f80000
7ffff80
00000ff
007f000
6000000
3ffffff
007f000
0000100
3ffffff
6000000
000007f
7ffff7f
6000000
4000000
0000300
0000200
000007f
2000000
3ffffff
6000000
0000000
007f000
0000140
3f80000
00000ff
3ffffff
0000001
0000200
7ffba02
007f000
4000000
00000ff
0000080
7f2da27
4000000
7ffff7f
4000000
00001c0
0000200
0000001
0000200
6000000
3f80000
0000001
7f80000
00001c0
7f80000
000007f
0000140
00001c0
0000300
3f80000
4000000
000007f
7ffff80
0000100
4000000
7f80000
2000000
00001c0
4000000
7f63e47
7ffff80
0000100
00001c0
0000100
0000100
3f80000
0000300
7ffff7f
0000300
000007f
7f80000
7ffff7f
0000000
0000080
0000100
0000001
4000000
4000000
0000100
0000000
00000ff
2000000
6000000
7ffff80
00000ff
0000080
0000000
7ffff80
4000000
6000000
7ffffff
4000000
0000001
7f80000
3ffffff
4000000
2000000
4000000
00c8968
0000100
000007f
7ffff7f
4000000
00000ff
3ffffff
7ffffff
4000000
3ffffff
7ffffff
0000001
7ffff7f
0000100
00001c0
007f000
0000080
3f80000
0000001
00001c0
4000000
2000000
0000000
4000000
3f80000
0000100
007f000
7ffff7f
7f80000
0000300
0000140
0000100
3ffffff
0000080
2000000
0000000
0000100
007f000
7ffff80
0000140
4000000
00000ff
000007f
0000300
007f000
2000000
4000000
2000000
4000000
007f000
7ffff7f
000007f
0000000
4000000
0000100
4000000
7ffff7f
00001c0
3f80000
3f80000
6000000
0000080
000007f
003fbce
7f80000
6000000
4000000
3f80000
7ffffff
2000000
000007f
4000000
7ffff7f
0000000
4000000
7ffff7f
7fd1ab7
00000ff
3f80000
0000300
00000ff
00001c0
0000200
6000000
000007f
007f000
00001c0
4000000
7f6d042
00c8733
4000000
7f80000
7ffff7f
2000000
00001c0
4000000
0000140
0000001
7ffffff
00000ff
7ffff80
4000000
3ffffff
0000080
7ffffff
3f80000
3ffffff
7f80000
0000000
4000000
7ffff80
0000200
0000140
7ffff80
000007f
00000ff
6000000
4000000
6000000
7ffff7f
3ffffff
7ffff7f
00001c0
4000000
7f80000
3ffffff
7ffffff
4000000
7ffffff
7ffff80
3ffffff
4000000
0000100
0000080
7f80000
4000000
4000000
7ffff80
7ffffff
0000140
0000100
7ffff80
3ffffff
0000140
007f000
0000100
6000000
3ffffff
0000000
2000000
7f80000
7f80000
4000000
4000000
6000000
000007f
0000140
0000100
6000000
006229f
007f000
00000ff
6000000
007f000
0000001
0000000
2000000
7ffff80
4000000
3ffffff
4000000
3f80000
007f000
3ffffff
7ffff7f
3f80000
7f80000
00000ff
0000100
6000000
0049c8e
2000000
7ffffff
2000000
4000000
00000ff
0000000
0000200
00f8898
00000ff
0000300
7f0a2ac
00000ff
3f80000
4000000
007f000
0000300
00001c0
3ffffff
7ffff7f
007f000
3ffffff
2000000
00001c0
0000001
3f80000
0000001
7ffff7f
0000140
6000000
000007f
7ffff80
00000ff
4000000
6000000
000007f
4000000
000007f
0000001
7f80000
4000000
0000140
4000000
0000140
0000300
0000001
0000300
007f000
007f000
7ffffff
7f80000
7ffff7f
0000001
2000000
0000140
00000ff
00001c0
7ffffff
7f80000
7f80000
7f80000
000007f
4000000
4000000
7ffff80
6000000
0000300
00d9a5a
4000000
3f80000
0000300
00001c0
0000200
3f80000
0000001
7f70593
0000140
7f59c7b
4000000
3f80000
0000080
00c9a54
0000300
0000200
0000100
00000ff
7ffffff
7ffff80
4000000
0000080
2000000
0000300
000007f
4000000
7ffff7f
7f709db
7ffff80
00001c0
000007f
0000200
0000200
7ffff7f
2000000
0000080
0000000
4000000
00000ff
0000140
7ffffff
3f80000
0000000
0000200
0000100
3ffffff
7ffff7f
7ffff80
7ffff80
00000ff
4000000
0000080
006b6f3
4000000
3f80000
00001c0
000007f
4000000
6000000
7ffffff
3ffffff
4000000
00000ff
7ffff80
4000000
4000000
3ffffff
0024ab3
6000000
0000100
4000000
4000000
3ffffff
7f28f08
0000000
00001c0
7fbfc20
0000140
0000140
4000000
4000000
0000300
0000200
0000300
001efa4
0000200
0000080
007f000
0000100
4000000
0000140
00001c0
7ffff80
4000000
0000080
0052fe6
0000100
0000000
00ce228
0000001
7f80000
3f80000
0000000
4000000
0000300
4000000
7f80000
7ffffff
7f80000
0000000
3ffffff
6000000
3f80000
0000300
7ffff7f
7f80000
3f80000
3f80000
0000300
7f80000
000007f
0000080
0000080
7f80000
000007f
00000ff
7f8bd19
7ffb0a4
3ffffff
7fca88d
4000000
006a35a
3ffffff
4000000
000007f
4000000
4000000
6000000
7f80000
7ffff7f
4000000
3ffffff
4000000
0000100
3ffffff
0000140
0000300
3f80000
4000000
0000300
4000000
00000ff
7ffff80
00001c0
7ffff80
6000000
0000000
00001c0
0000001
00000ff
4000000
4000000
4000000
7ffff7f
7f80000
3ffffff
0000140
0000080
6000000
000007f
0000001
003b48b
7f80000
3ffffff
6000000
007f000
00001c0
3f80000
0000000
6000000
0000300
000007f
00f9b5f
0000140
7ffffff
3f80000
4000000
7ffffff
0000100
6000000
6000000
3f80000
0000080
0000001
0000080
007f000
7f80000
000007f
4000000
00001c0
7ffffff
2000000
4000000
00001c0
00001c0
00000ff
2000000
0000000
7f8ee48
3f80000
00000ff
0000300
0000100
0000200
6000000
0000200
0000000
4000000
00001c0
0000200
7ffffff
007f000
00001c0
7f80000
7ffffff
0000300
3ffffff
00001c0
0000200
7f1ff07
7ffffff
4000000
7f347b9
0000080
7ffff7f
007f000
7ffff7f
6000000
00001c0
0000001
0000001
000007f
4000000
0000200
0000300
2000000
0000200
00001c0
4000000
00000ff
3ffffff
0000140
007f000
0000001
4000000
4000000
2000000
6000000
4000000
0000140
3ffffff
00000ff
7ffff80
0000000
000007f
7f80000
7ffff7f
0000000
7f5d51a
00000ff
3ffffff
3ffffff
4000000
007f000
00000ff
7ffff80
4000000
7ffff7f
0000100
2000000
0000200
00000ff
7ffff7f
0000100
4000000
4000000
7f19568
7f80000
7ffffff
00001c0
0000001
0000140
00001c0
7ffff7f
3f80000
4000000
7ffffff
00001c0
7f80000
3ffffff
4000000
6000000
4000000
000007f
7ffff80
0000300
4000000
0000200
7ffff80
6000000
7ffff80
0000300
0000080
00000ff
7f80000
7ff953b
0000200
007f000
0000140
4000000
0000080
007f000
4000000
0000300
4000000
0000080
0000100
6000000
4000000
0000140
007f000
7ffffff
0000140
0000001
3ffffff
00d591b
0000000
7ffff80
0000200
7ffffff
3f80000
6000000
0000300
2000000
4000000
4000000
007f000
7ffff80
0000000
7ffff7f
2000000
0000001
0000000
0000000
3f80000
0000080
7ffffff
4000000
3ffffff
7ffffff
0000001
7f80000
3ffffff
4000000
4000000
0000000
6000000
7ffffff
000007f
3f80000
00000ff
7f80000
0000000
00001c0
000007f
7f24ef7
0000001
2000000
00000ff
7f80000
3ffffff
4000000
00001c0
0000000
7ffff80
7ffff80
006c365
0000300
0000000
00000ff
7ffffff
7ffff7f
7f80000
0000080
0000100
4000000
7f80000
000007f
0000140
0000200
7fd0615
7f80000
7ffff7f
3ffffff
7f8ee8a
7ffffff
7f80000
4000000
007f000
007f000
7ffffff
0000080
4000000
0000000
000007f
0000001
0000001
0000140
7fbfa3c
00000ff
6000000
6000000
0000001
3ffffff
7f80000
007f000
3f80000
7ffff7f
0000300
4000000
6000000
3ffffff
007f000
000007f
0000140
4000000
00000ff
0000000
3ffffff
7f80000
0000001
7ffffff
6000000
7ffffff
3f80000
0000200
7ffff7f
4000000
0000080
7ffff80
7f80000
000007f
7ffff7f
000007f
0000000
7ffffff
7fbeec8
4000000
00001c0
0000080
0000200
6000000
00000ff
4000000
0000000
6000000
00001c0
000007f
00001c0
0000100
6000000
0000100
0000200
00000ff
7f80000
2000000
2000000
7ffff80
4000000
3f80000
7ffff7f
7f80000
0000300
7ffff80
0000100
4000000
7ffff7f
6000000
2000000
2000000
7ffff7f
6000000
0000200
4000000
007f000
0000001
0000100
6000000
00000ff
0000300
0000000
7f80000
7ffff80
4000000
7ffffff
0000100
0000100
2000000
0000300
007f000
7f80000
00001c0
0000001
4000000
6000000
000007f
3ffffff
4000000
6000000
000007f
2000000
7ffff80
4000000
7ffff80
00000ff
0000000
0000140
7ffff80
0000140
7ffff80
0000001
007f000
7f80000
007f000
3ffffff
0000080
7ffffff
007f000
0000200
3f80000
7ffff80
3ffffff
7ffffff
00000ff
4000000
0000140
4000000
0000300
0000080
0000100
0000000
4000000
4000000
3f80000
4000000
4000000
0000300
4000000
3ffffff
3f80000
4000000
00001c0
4000000
0000300
3ffffff
0000100
3f80000
00f033b
0000100
4000000
7ffff7f
0000001
7f80000
0000140
7ffffff
007f000
0000001
7ffff80
2000000
007f000
00000ff
3f80000
0000100
7ffff80
4000000
0000200
3f80000
0000200
2000000
0000100
000007f
00000ff
4000000
0000100
0000000
7ffffff
4000000
4000000
00000ff
000007f
7f80000
7f80000
4000000
0000300
00001c0
7ffffff
7f80000
0000000
4000000
00001c0
00001c0
4000000
0066c8a
3ffffff
3f80000
4000000
6000000
0000140
3f80000
007f000
2000000
3f80000
4000000
3f80000
0000080
3ffffff
7ffff80
3f80000
4000000
0000000
0000000
6000000
7f80000
0000100
0000140
4000000
0000001
3f80000
4000000
6000000
7ffffff
0000200
3f80000
00000ff
4000000
4000000
00666a0
7f80000
000007f
7ffff80
3ffffff
0000080
0000000
00000ff
4000000
4000000
007f000
7ffffff
0000001
3f80000
0000300
00000ff
7f9690c
7ffff7f
00001c0
4000000
2000000
7ff306d
4000000
4000000
007f000
4000000
3f80000
0000200
3f80000
0000001
4000000
0000200
0000200
007f000
4000000
00000ff
4000000
7ffffff
7ffff7f
0000080
0000200
4000000
00001c0
7ffffff
007f000
6000000
00000ff
3f80000
0000200
3f80000
0000000
7f80000
0000100
00001c0
0000000
0000200
4000000
7ffff7f
6000000
4000000
4000000
007f000
00001c0
7f80000
3ffffff
0000001
4000000
00001c0
4000000
00000ff
4000000
0000300
7ffffff
4000000
0000080
4000000
0000080
7f80000
00304a1
0000140
000007f
7ffff7f
4000000
002cec4
0000200
6000000
6000000
007f000
00001c0
3f80000
0000000
0000100
7ffff7f
7ffff80
0000140
7ffff80
000007f
0000001
0000000
0000000
00000ff
0000000
0000080
7ffff80
0000100
007f000
0000100
2000000
0000300
4000000
0000100
0000100
00000ff
000007f
0053928
3ffffff
7ffff7f
7ffff7f
7ffff7f
00000ff
00000ff
00001c0
7f80000
0000140
0000080
00001c0
0000200
2000000
7ffffff
0000200
00001c0
3ffffff
0000200
0000140
0000001
0000001
6000000
007f000
00000ff
7ffff80
4000000
0000300
6000000
000007f
2000000
3ffffff
4000000
0000200
0000000
00000ff
0000140
00000ff
4000000
7ffffff
0000200
3ffffff
7f80000
00001c0
6000000
7ffff80
000007f
0000140
0000000
007f000
0000140
0000200
7f80000
0000000
007f000
2000000
0000000
00001c0
6000000
3f80000
00000ff
00000ff
0000140
7ffffff
00000ff
4000000
2000000
0000000
0000300
4000000
0000140
0000200
7ffff80
0000080
0000200
0000100
3ffffff
7ffff7f
3f80000
4000000
3ffffff
7f80000
3f80000
4000000
4000000
7f369d3
0000000
7ffffff
0000001
0000001
7ffff80
3ffffff
00001c0
00001c0
0000000
000007f
4000000
3ffffff
4000000
0000000
00001c0
0000100
7ffff80
3ffffff
7f80000
4000000
0000200
7f80000
4000000
7fc6690
0000100
0000300
0000001
00001c0
0000000
0000001
3ffffff
7f58407
2000000
00000ff
000007f
00001c0
00001c0
0000300
00001c0
4000000
007f000
7ffff80
0000080
00001c0
0000300
6000000
7ffff80
0000140
2000000
6000000
7faffff
7ffff80
4000000
007f000
0000200
000007f
4000000
000007f
2000000
4000000
3ffffff
0000000
4000000
000007f
0000200
007940c
7ffffff
007f000
4000000
4000000
3f80000
00001c0
3f80000
6000000
3f80000
0000080
0000001
007f000
7ffff7f
000007f
0000001
0000300
2000000
00001c0
007f000
00001c0
4000000
7ffffff
0000140
7fd9b1a
3f80000
0000000
00000ff
2000000
3f80000
0000140
0000140
3f80000
3f80000
0000000
000007f
007f000
00001c0
0000140
3f80000
0000000
0000200
7f80000
0000200
000007f
0000000
4000000
7f9463d
7ffff7f
0000001
4000000
0000001
00001c0
6000000
0000080
0000001
0000100
6000000
6000000
7ffff7f
0000300
7f80000
7ffffff
000007f
4000000
007f000
3ffffff
00000ff
0000200
4000000
4000000
4000000
3f80000
7ffff7f
0000080
4000000
3ffffff
0000140
0000300
4000000
0000200
007f000
3ffffff
007f000
2000000
7ffff7f
0000300
0000001
7ffffff
0000200
3ffffff
2000000
4000000
7ffff7f
007f000
7f8fa43
0000080
0000300
7ffffff
2000000
7ffffff
0000200
0000300
4000000
7ffff80
00afe9a
7ffff80
0000100
7f0ceff
4000000
3ffffff
6000000
0000140
0000140
7f80000
4000000
2000000
007f000
0000080
0000300
2000000
0000100
0000080
0000000
3ffffff
3ffffff
000007f
0000080
008851c
3f80000
0000300
4000000
3f80000
0000000
0000200
3f80000
0000140
7ffff80
3f80000
2000000
7ffff7f
7ffff80
6000000
009ad2d
00001c0
0000200
6000000
00000ff
6000000
0000080
7ffff80
4000000
7f80000
4000000
4000000
0000100
0000100
0000000
0000000
6000000
6000000
0000000
6000000
007f000
4000000
0000000
000007f
0000000
3f80000
0050dd3
6000000
7f2dfd8
3ffffff
0000100
000007f
3ffffff
6000000
0000001
00001c0
4000000
00000ff
0000100
4000000
2000000
00000ff
3f80000
0000100
3ffffff
4000000
0000080
000007f
007f000
0000300
0000200
0000100
0000200
00000ff
6000000
0000100
000007f
0000140
007f000
0000001
00000ff
7f0e7e8
0000140
7ffff7f
0000100
4000000
6000000
0000100
000007f
00001c0
4000000
007f000
3f80000
7f80000
00a09e8
007f000
3ffffff
00001c0
0000100
0000001
007f000
007f000
000007f
0000001
7ffffff
7ffff7f
7f42d96
4000000
0000200
7ffff80
0000100
2000000
00001c0
3ffffff
0000200
7ffff7f
2000000
0000140
0000001
007f000
0000001
0000140
7ffffff
0000100
00001c0
7f80000
00001c0
2000000
0000100
4000000
3ffffff
4000000
0000100
0000300
7fd3c51
0000080
4000000
3ffffff
0000100
00001c0
4000000
4000000
2000000
6000000
4000000
7ffffff
7ffff7f
0000300
7ffff7f
4000000
00001c0
7ffffff
0000000
0000300
0000080
0000100
0000080
00000ff
6000000
00001c0
7ff4a32
0000300
00000ff
007f000
7f4db5e
3ffffff
00000ff
7f01f86
2000000
0000001
00000ff
7ffff7f
4000000
7ffff80
4000000
00001c0
0000080
0000080
6000000
7f88cff
00a54da
0000100
005928e
7ffff80
00000ff
4000000
2000000
7f80000
0000000
0000001
0000140
0000300
4000000
0000080
2000000
3f80000
7ffff80
3ffffff
7f416a8
0000100
7fc707d
00000ff
7ffffff
7ffff7f
7ffffff
3ffffff
7f6bc3e
2000000
0000001
6000000
6000000
2000000
7ffff80
0000100
3f80000
4000000
6000000
0000100
4000000
00000ff
0000200
0000100
0000001
0000001
4000000
000007f
6000000
4000000
00000ff
0000080
000007f
7ffff7f
0000200
0000200
2000000
0000100
7ffff80
0000200
0000300
007f000
4000000
7f80000
6000000
000007f
3f80000
3ffffff
3f80000
000007f
00b3695
4000000
0000000
2000000
4000000
0000080
00f1981
0000140
0000100
0000000
00248cd
4000000
4000000
000007f
7ffffff
6000000
4000000
2000000
0000000
7ffff7f
7ffffff
0000200
000007f
00000ff
0000000
3f80000
0000001
000007f
000007f
2000000
6000000
7ffff7f
0000080
00001c0
007f000
2000000
2000000
0000300
4000000
0000000
0000080
0000080
4000000
0000200
0000300
0000200
4000000
3ffffff
0000100
0000001
2000000
3f80000
4000000
4000000
7ffffff
3ffffff
3f80000
3f80000
7ffff7f
0000140
00000ff
000007f
4000000
2000000
4000000
3f80000
00001c0
000007f
7ffffff
7ffff80
4000000
007f000
3ffffff
2000000
0000001
0000080
0000000
0000200
0000300
00000ff
3ffffff
00000ff
00d9262
0000140
7f80000
0000140
0000001
4000000
4000000
0000100
0000200
0000080
7ffff80
7f80000
7ffffff
0000140
3f80000
00001c0
0000140
6000000
0000140
7f53f42
7ffff80
00000ff
4000000
7f80000
3f80000
2000000
0000140
6000000
0000100
00b8d3a
0000140
2000000
0000001
00000ff
2000000
4000000
00001c0
0000080
7ffff80
0000001
4000000
0000300
00001c0
0000080
0000001
4000000
4000000
7f54e9f
000007f
4000000
007f000
0000140
6000000
0000100
0000080
4000000
0000100
4000000
4000000
7ffff80
0000300
000007f
0000001
0000100
00d6688
3ffffff
0000000
4000000
00a556c
0000300
0000140
4000000
007f000
000007f
0000100
3f80000
4000000
4000000
7ffff80
7ffff7f
0000300
0000300
7f80000
0000100
4000000
007f000
7ffff7f
0000000
0000200
7ffff80
00000ff
7f36322
7ffff7f
007f000
007f000
00001c0
2000000
0000300
0000140
4000000
00000ff
2000000
0000300
000007f
7f80000
4000000
007f000
00e4f5b
6000000
3f80000
7ffff7f
3f80000
7ffff7f
0000140
4000000
6000000
7ffff80
7ffff80
6000000
0000000
0000100
00000ff
000007f
4000000
4000000
6000000
000007f
3f80000
0000200
3ffffff
00000ff
0000200
4000000
3ffffff
007f000
3f80000
0000140
007f000
3ffffff
4000000
000007f
3ffffff
0000001
00001c0
7fb003b
0000200
6000000
0000000
007f000
7f80000
007f000
00000ff
0000000
00001c0
007f000
0000100
007f000
7ffffff
3f80000
4000000
007f000
0000000
00001c0
0000140
7ffff80
7ffffff
3ffffff
007f000
7ffff7f
7f80000
7ffffff
0000080
0000200
6000000
4000000
3ffffff
0000080
7ffffff
7ffff7f
00000ff
0000200
3ffffff
000007f
000007f
2000000
007f000
3ffffff
000007f
4000000
000007f
4000000
0000080
4000000
00000ff
000007f
00001c0
007f000
3f80000
6000000
007f000
7ffffff
00001c0
007f000
00000ff
0000000
00001c0
7ffff7f
7fa6d9b
6000000
0000000
2000000
0000100
0000000
0000001
0000000
0000140
0000200
00001c0
0000000
6000000
007f000
4000000
4000000
7ffff7f
000007f
3ffffff
0000100
3ffffff
00000ff
0000000
7ffffff
7ffff80
00001c0
00001c0
4000000
4000000
007f000
000007f
7ffffff
0000000
4000000
7ffff80
7ffff80
6000000
00001c0
007f000
0000080
0000140
0000140
0000300
4000000
7f80000
7ffff80
0000140
0000140
7f80000
6000000
0000001
3ffffff
000007f
7ffffff
0000100
0000200
6000000
7ffffff
4000000
3ffffff
00001c0
4000000
000007f
0000080
00000ff
7f80000
3ffffff
6000000
4000000
0000000
4000000
7f80000
0000100
7ffff80
7ffffff
6000000
7ffffff
007f000
6000000
0084ad3
0000080
7fd225b
4000000
000007f
0000200
7ffffff
3f80000
0000100
0000001
0000080
0000140
4000000
7ffff7f
3ffffff
7ffff80
0000100
00000ff
7f80000
7f1cf7b
0000100
7f80000
7f80000
0000001
7ffff7f
6000000
4000000
3f80000
0000140
00000ff
7ffff80
0000200
7f4951e
00001c0
7ffff80
4000000
6000000
00000ff
3ffffff
3ffffff
3ffffff
7ffff80
0000080
7ffff80
00780b7
000007f
4000000
00001c0
4000000
0000000
0000300
7f80000
00001c0
00000ff
7ffffff
7ffffff
0000100
000007f
0000200
7f80000
6000000
3ffffff
0000080
0000140
4000000
4000000
007f000
7ffff7f
0000100
4000000
0000140
7ffff80
3f80000
7ffffff
3ffffff
7f80000
00000ff
00000ff
7ffff7f
0000200
3ffffff
2000000
7ffff80
6000000
2000000
000007f
7f80000
7f80000
00001c0
0000200
7ffffff
7f80000
0000140
0000200
0000080
7ffff7f
4000000
6000000
4000000
2000000
7fd068b
4000000
00001c0
7ffff80
0000140
000007f
00001c0
3f80000
6000000
007f000
4000000
7ffff80
7f80000
0000001
4000000
4000000
0000080
4000000
4000000
6000000
0000200
4000000
00001c0
4000000
6000000
4000000
7ffff80
00c01dd
0000140
4000000
00000ff
00ec7ed
0000200
0000080
7f80000
0000200
007f000
0000080
007f000
00000ff
7ffff80
0000100
00ae108
000007f
4000000
4000000
000007f
7ffffff
4000000
007d46a
0000100
4000000
0000100
4000000
4000000
4000000
0000300
2000000
00001c0
4000000
6000000
00001c0
0000140
0000200
000007f
0000140
0000001
2000000
6000000
000007f
4000000
0000300
007f000
00c0eab
7ffff80
00001c0
3ffffff
007f000
2000000
6000000
00001c0
007f000
6000000
7f80000
7ffffff
4000000
007f000
4000000
00000ff
7ffff80
6000000
0000200
2000000
3f80000
0000001
4000000
007f000
2000000
4000000
7ffffff
7ffff7f
007f000
00001c0
3ffffff
3ffffff
6000000
007f000
2000000
0000100
7ffffff
007f000
3f80000
7ffff80
00000ff
3ffffff
0000100
0000140
0000000
7ffffff
6000000
2000000
000007f
00001c0
0000000
7ffff7f
00000ff
7ffff80
0000100
7ffffff
000007f
00000ff
00001c0
007f000
00d690c
0000000
0000100
0000300
4000000
0000200
7f97d1c
0000080
0000001
4000000
0000080
0000100
0000001
7f80000
4000000
0000140
2000000
2000000
7ffffff
000007f
2000000
4000000
00001c0
6000000
7ffffff
0000140
0000001
0000001
007f000
2000000
00001c0
0000001
3ffffff
004480c
0000300
7ffff80
7ffff7f
7f9d2fd
0000000
0000300
00000ff
3ffffff
0000100
0000001
00001c0
0000000
7ffff7f
2000000
3ffffff
000007f
007f000
0000000
0000300
0000300
000007f
7ffff80
0000140
3ffffff
00000ff
3ffffff
0000300
3f80000
2000000
0000200
0000001
0000140
0000200
0000001
0000200
7ffff7f
7f80000
007f000
00001c0
0000080
007f000
7ffffff
0000001
007f000
4000000
3f80000
4000000
7f80000
7ffff80
0000000
0000140
3ffffff
00a33bb
7ffffff
007f000
0000000
0000100
00001c0
0000140
000007f
3ffffff
7ffff7f
4000000
00000ff
00000ff
7f80000
3ffffff
4000000
000007f
7ffffff
0000000
7ffff7f
2000000
008281a
0000100
0000200
00001c0
0000140
4000000
7f24bfa
0000300
4000000
0000080
0000080
7f80000
0000001
6000000
4000000
3ffffff
00001c0
0000100
3ffffff
000007f
4000000
0000200
7ffff80
0000140
3ffffff
00001c0
4000000
0000140
7ffffff
4000000
2000000
7ffff7f
0000001
0000080
4000000
4000000
6000000
0000000
00001c0
0000300
2000000
7ffff80
7f80000
4000000
00001c0
00001c0
0000100
7f80000
4000000
0000080
00000ff
0000001
0000001
0000200
0000080
0000001
3ffffff
00001c0
000007f
0000200
7ffffff
2000000
0000140
0000140
0000000
7ffffff
4000000
00000ff
6000000
3ffffff
3f80000
6000000
0000140
4000000
4000000
6000000
2000000
4000000
4000000
4000000
6000000
0000300
7ffffff
7f80000
0000000
00000ff
00000ff
4000000
7ffffff
0000000
7f80000
6000000
3f80000
0000100
0000300
7ffff7f
0000300
6000000
0029f03
3f80000
4000000
007f000
3ffffff
0000200
0000000
2000000
0000100
7ffff7f
7f9744c
7ffff80
7ffebc1
7ffff80
0000300
000007f
00000ff
0000001
4000000
00000ff
007f000
0000300
0000200
0000000
4000000
00000ff
0000080
7ffff80
007f000
00001c0
0000001
0000080
0000100
3ffffff
0000000
3ffffff
4000000
00001c0
7ffff7f
0000001
3f80000
007f000
0000080
7f80000
0000200
00000ff
4000000
7ffff7f
0000300
6000000
0000001
0087d19
000007f
0000000
6000000
7f80000
7ffff80
0000001
7ffff80
3ffffff
2000000
0000001
4000000
0000080
000007f
0000000
007f000
000007f
4000000
7ffff7f
3f80000
3f80000
0000200
0000001
0000100
007f000
4000000
0000300
0000080
3ffffff
0000100
0000140
4000000
000007f
3ffffff
3ffffff
0000001
007f000
4000000
7ffff7f
000007f
7ffff7f
4000000
7ffffff
0000140
7ffff80
3ffffff
2000000
7ffffff
0000001
7ffff7f
2000000
3f80000
0000200
000007f
0000001
0000300
7ffffff
0000000
7ffff7f
0000100
7ffff7f
00000ff
0000140
4000000
3ffffff
0000140
0000000
3ffffff
3ffffff
0000300
0000140
000007f
4000000
007f000
3f80000
0000001
4000000
0000001
0000080
3f80000
0000300
0000001
4000000
000007f
0000200
4000000
0000000
7ffff7f
00001c0
0000080
4000000
7ffffff
0000000
00000ff
4000000
4000000
007f000
7f99d94
0000000
7f80000
6000000
0000200
0000200
7ffffff
000007f
007f000
3ffffff
0000100
0000200
00001c0
0000000
7f80000
0000200
4000000
3f80000
007f000
4000000
4000000
00338ca
00001c0
0000300
4000000
0000140
0000140
2000000
00000ff
7ffff7f
4000000
4000000
4000000
0000140
00001c0
7ffb828
4000000
4000000
7ffff80
0000300
0000140
3f80000
00001c0
0000100
4000000
00000ff
6000000
0000080
4000000
0000100
3ffffff
0000140
00001c0
0000080
000007f
6000000
00001c0
4000000
3ffffff
2000000
0000000
4000000
4000000
00001c0
0000001
2000000
7ff7c11
3ffffff
7ffffff
0000080
3ffffff
0000001
00000ff
2000000
2000000
7ffffff
0000000
007f000
0000000
7ffffff
7ffff7f
00d294f
000007f
005e973
3ffffff
006bb76
3ffffff
0000100
7ffffff
7ffff80
00001c0
0000000
000007f
0000140
00001c0
7ffff80
007f000
0000000
0000300
4000000
4000000
7f34f37
000007f
000007f
0000001
4000000
00000ff
4000000
6000000
4000000
4000000
0000200
0000100
4000000
007f000
0000140
0000100
0000001
0045d70
0000140
0000001
0000100
0000080
0000000
0000080
3f80000
4000000
7ffffff
0000200
0000140
7ffff7f
6000000
007f000
0000001
00000ff
3ffffff
7ff28b9
0000100
00000ff
3ffffff
0000080
4000000
000007f
0000200
0000300
4000000
6000000
2000000
6000000
4000000
6000000
7ffff7f
0000300
3ffffff
00000ff
006390d
00001c0
0000200
007f000
00001c0
2000000
0000080
007f000
3ffffff
4000000
00000ff
00000ff
3f80000
7ffffff
7ffffff
6000000
0000200
4000000
7ffff80
0000300
0000001
0000001
4000000
0000140
0000001
3ffffff
0000300
00001c0
0000200
007f000
3f80000
0000001
3ffffff
000007f
0000140
0097d8d
00450e7
4000000
4000000
0000200
3f80000
0000001
0000080
00001c0
00001c0
6000000
0000001
007f000
6000000
00000ff
0000100
7ffffff
007f000
00001c0
7f4e4a3
0000001
000007f
7f13b12
0000080
007f000
7ffff80
0000100
6000000
0000300
0000080
0000000
2000000
000007f
0000000
6000000
0000300
7f80000
007f000
0000200
4000000
0000140
4000000
00c6977
2000000
3f80000
0000200
7ffff7f
7ffff80
0000001
0000001
7ffff80
0000001
0000200
0000300
0000100
4000000
0000080
7ffff7f
7ffffff
7ffff80
7ffff80
0000000
00001c0
007f000
007f000
0000000
00001c0
007f000
3f80000
7ffff7f
007f000
0000080
3ffffff
3ffffff
3ffffff
0000001
7ffff7f
00001c0
0000300
7ffff7f
0000200
7ffff80
000007f
0000200
0000200
000007f
0000300
7ffff7f
3f80000
0000200
00001c0
4000000
7f80000
7f80000
3f80000
4000000
7ffff80
0000100
007f000
4000000
007f000
0000200
0000200
4000000
0000001
000007f
7f6d9ad
007f000
00001c0
00000ff
4000000
3ffffff
4000000
4000000
7f80000
0000100
0000000
4000000
00001c0
3f80000
0000200
3ffffff
0000001
4000000
7ffff7f
0000200
0030032
000007f
0000001
3f80000
6000000
4000000
7f6b6f4
6000000
3ffffff
0000080
0000100
0000140
00000ff
007f000
7ffff80
00001c0
000007f
2000000
007f000
2000000
0000300
00d3276
0000100
4000000
007f000
7f80000
0000200
7ffff80
00000ff
7f244da
7ffff80
7ffff7f
0000080
0000001
4000000
0000000
0000200
3ffffff
3f80000
3f80000
4000000
7f7a05f
0000200
0000140
0000080
7ffff7f
00001c0
3f80000
0070851
4000000
00ae15e
4000000
4000000
4000000
7ffff80
00001c0
4000000
0000140
000007f
00001c0
4000000
7f622da
00001c0
4000000
0000080
7ffffff
7ffff7f
7f6b7b3
4000000
004cf43
6000000
0000100
7ffff80
0000001
4000000
4000000
0000100
000007f
0000140
0000200
0000200
0000100
0000001
007f000
0000080
0000000
4000000
4000000
2000000
7ffff7f
0000001
0000200
0000200
00000ff
3ffffff
7ffffff
0000300
3ffffff
00000ff
000007f
2000000
0000000
0000300
0000200
6000000
000007f
0000140
00001c0
4000000
00000ff
3f80000
3f80000
7ffff80
0000200
7ffff7f
007f000
3f80000
00001c0
7ffff7f
00001c0
0000140
0000080
4000000
7f80000
0000200
3ffffff
4000000
00001c0
00000ff
4000000
0000000
7ffff7f
0000140
0000140
7f80000
00001c0
3ffffff
0000000
0000100
7ffff80
0000140
00001c0
4000000
00cdabb
7ffffff
0000200
4000000
7ffff7f
0000080
7ffff7f
00000ff
00000ff
0000000
3ffffff
7f80000
7f80000
007f000
2000000
004be53
007f000
6000000
00000ff
3f80000
0000001
4000000
7f80000
0000000
7ffff7f
6000000
0000001
7ffff80
3f80000
4000000
000007f
7ffff7f
0000300
2000000
007f000
00000ff
3f80000
3f80000
0031d2b
000007f
000007f
0000300
00000ff
7f80000
3ffffff
0000200
7ffffff
6000000
7f80000
4000000
4000000
0000080
3ffffff
3ffffff
0000300
4000000
2000000
0000001
4000000
0000100
7f80000
0000200
7ffff7f
2000000
000125c
0000100
3f80000
4000000
6000000
0000000
3ffffff
4000000
0000200
3f80000
0000001
4000000
0000080
7ffffff
0000000
0000200
3ffffff
7ffff80
7ffffff
0000200
3f80000
3f80000
7ffff7f
7f80000
7ffff80
000007f
7ffffff
2000000
00001c0
7ffffff
007f000
0000100
7f221ed
7ffffff
7ffffff
0000000
7f80000
0000100
0000100
0000140
4000000
7ffff7f
0000000
0000001
4000000
0000200
4000000
7ffffff
00001c0
4000000
0000000
0000300
00001c0
0000200
4000000
00000ff
4000000
3f80000
4000000
00001c0
4000000
0000080
7ffffff
3f80000
2000000
4000000
00000ff
0000300
7ffffff
7f01234
7ffff7f
4000000
00000ff
0000300
00001c0
0000080
0000300
7f80000
3f80000
0000300
0000300
000007f
6000000
7f80000
7f80000
0000200
0000001
0000140
0000100
6000000
2000000
4000000
0000001
2000000
7f3263f
4000000
6000000
6000000
0000000
3f80000
4000000
6000000
0000300
7f98364
6000000
4000000
3f80000
0000200
0000140
7f80000
0000300
6000000
4000000
3ffffff
0000000
0000140
7ffffff
7ffffff
0000000
4000000
4000000
7ffff80
0000000
2000000
4000000
4000000
00001c0
3f80000
6000000
0000140
0000080
0000000
0000001
7ffff7f
7ffff7f
0000080
0000200
7ffff7f
00000ff
000007f
00001c0
7fe6130
0000080
0000000
0000200
0000000
0000140
4000000
0000200
4000000
0000080
4000000
7ffff7f
3f80000
3f80000
4000000
3f80000
0000001
7f80000
7ffff80
0000140
6000000
00001c0
4000000
0000300
7ffffff
7ffff80
0000140
0000300
0000140
3f80000
4000000
008f984
0000200
4000000
000007f
6000000
4000000
0000200
0000300
6000000
00001c0
0000100
0000000
2000000
000007f
7f92502
00000ff
000007f
7f80000
0000000
0000200
2000000
3ffffff
6000000
00001c0
000007f
0000000
0000300
3f80000
007f000
00000ff
0000200
7f80000
0000080
0000300
4000000
0000100
7ffff7f
4000000
00000ff
4000000
3f80000
3ffffff
4000000
7f80000
3f80000
0000080
3ffffff
00001c0
000007f
7ffffff
0000000
0000001
00000ff
00000ff
007f000
7ffff7f
7ffffff
0000001
7ffffff
0000200
7ffffff
0000200
000007f
0000080
0000140
0000000
2000000
6000000
0000140
00001c0
007f000
4000000
7f847fd
00000ff
3ffffff
0000000
00001c0
007f000
000007f
0000001
2000000
7f80000
000007f
7ffff80
6000000
7ffffff
0000300
7f80000
0000140
4000000
0000300
00001c0
007f000
0000001
3ffffff
0000080
0000100
0000200
4000000
0000100
00000ff
007f000
4000000
0000200
2000000
7ffff80
7f2f764
4000000
4000000
2000000
7fb4e90
000007f
0000001
0000000
7f42d93
4000000
3ffffff
00000ff
7f80000
4000000
0000000
00001c0
007f000
0000100
7ffff7f
6000000
7f80000
0000000
0000000
6000000
6000000
7f80000
0000001
0000001
007f000
7ffff80
0000300
4000000
7fc5056
0000001
6000000
7ffffff
4000000
3ffffff
3f80000
0000300
007f000
0000140
6000000
00001c0
4000000
0000200
007f000
7ffffff
7f80000
4000000
3f80000
4000000
0000100
000007f
007f000
007f000
000007f
7ffff80
3ffffff
7ffffff
3f80000
000007f
3ffffff
6000000
4000000
0000100
007f000
4000000
0000080
7f80000
000007f
0000200
0000080
000007f
00000ff
4000000
4000000
6000000
3f80000
7ffffff
7f80000
0000100
4000000
0000001
7ffff80
00001c0
007f000
00000ff
0000300
0000100
4000000
7ffffff
00000ff
4000000
0000140
4000000
0000140
0000300
0000200
0000200
7f80000
4000000
7ffff80
7ffffff
2000000
3f80000
0000140
00000ff
0000140
6000000
4000000
4000000
007f000
0051d1d
0000001
7f80000
0000080
7f80000
00000ff
4000000
00001c0
6000000
4000000
0000140
0000000
4000000
007f000
00000ff
0000080
4000000
0000300
0000140
00001c0
7f80000
7ffffff
6000000
4000000
000007f
0000000
7fad876
4000000
6000000
6000000
00000ff
7ffff80
4000000
6000000
3ffffff
4000000
0000140
0000080
7ffff7f
0000000
000007f
6000000
0000300
0000000
0000140
4000000
7ffff80
007f000
7ffff7f
0000200
0000000
0000080
00000ff
7ffff7f
7fd6203
7ffff80
0000100
4000000
6000000
7ffffff
0000000
0000200
0000080
0000300
7f80000
0000200
2000000
0000080
0000100
7fddb2b
7ffff80
0000080
000007f
00001c0
7f80000
000007f
007f000
0000140
3ffffff
7ffff7f
0000001
3f80000
0000200
0000001
0000300
000007f
00e2cd0
00ddf32
0000001
00b1368
7ffffff
0000000
7ffff7f
0000080
00d0956
7ffff7f
7ffffff
7f80000
0000080
0000300
3ffffff
4000000
0000001
6000000
3ffffff
7ffff7f
7ffff80
000007f
4000000
0000200
0000300
3ffffff
4000000
4000000
0000300
3ffffff
007f000
7ffff7f
00000ff
00000ff
2000000
7f80000
3f80000
7ffff80
6000000
0000200
000007f
00000ff
7f80000
2000000
4000000
4000000
0000000
0000300
0000000
00000ff
7ffff80
00000ff
3f80000
007f000
2000000
0000300
6000000
3ffffff
6000000
0000000
3ffffff
000007f
7f80000
00c3679
00000ff
0000000
007f000
7ffff7f
4000000
3f80000
00000ff
7f527c7
4000000
4000000
0000300
0000200
0000080
00001c0
3f80000
2000000
000007f
7ffff7f
0000300
4000000
2000000
0000100
007f000
00001c0
7ffffff
3f80000
0000000
7ffffff
00001c0
7ffff80
7ffff7f
4000000
7fbfd3f
4000000
4000000
0000140
0000080
0000001
3f80000
4000000
3f80000
7ffff80
0000000
0000080
00001c0
0000300
4000000
007f000
006925a
4000000
0000300
3ffffff
000007f
4000000
4000000
0000000
7ffff7f
7ffff7f
2000000
00000ff
0000300
7ffffff
00001c0
0000300
7f80000
00001c0
0000200
6000000
000007f
00001c0
7ffff80
6000000
2000000
4000000
0000200
0000100
0000300
000007f
4000000
0000200
0000080
7ffff7f
7ffffff
0000080
2000000
00001c0
0000001
0000140
3f80000
007f000
0000200
3f80000
007f000
7ffff7f
0000001
0000080
3ffffff
2000000
7ffff80
2000000
00001c0
006dea4
4000000
3ffffff
0000100
7f644c7
00000ff
6000000
3ffffff
2000000
0000200
002c80d
7ffffff
0000200
0000140
0000300
4000000
0000080
7ffffff
7f80000
7ffff7f
3ffffff
0000300
4000000
7ffff7f
4000000
4000000
3ffffff
00001c0
7ffffff
0000200
6000000
4000000
7ffffff
0000001
7f80000
0000000
0000300
0000100
7ffff80
00001c0
00001c0
3ffffff
0000200
3f80000
00000ff
00001c0
7ffffff
0000100
3f80000
7f80000
6000000
7f80000
2000000
0000100
3ffffff
3f80000
7f80000
4000000
00000ff
0000000
7f80000
6000000
00001c0
6000000
4000000
7f80000
0000100
000007f
0000080
0000140
0000080
0000080
3f80000
2000000
3f80000
3ffffff
0000140
7f8b76e
4000000
7f80000
4000000
0000200
0000300
7f22a7b
0000100
0000001
3ffffff
000007f
3f80000
7ffff7f
7ffff80
00001c0
000007f
00f82e1
0000140
0000080
0000001
2000000
00000ff
7ffffff
0000100
7ffff80
000007f
00000ff
3f80000
4000000
4000000
2000000
0000001
3ffffff
0000300
000007f
00000ff
7f80000
0061986
4000000
000007f
00df71e
7ffff80
4000000
7ffffff
0000140
4000000
2000000
3f80000
000007f
7f80000
0000000
3f80000
4000000
0000000
4000000
3f80000
00ff72f
4000000
0000200
0000001
0000100
4000000
3f80000
007f000
0000080
7f80000
4000000
6000000
3f80000
0000000
0000300
0000200
7f80000
3ffffff
7ffffff
0000100
7ffff80
4000000
4000000
2000000
0000300
3ffffff
6000000
0000100
0000000
0000200
2000000
6000000
7ffff80
00001c0
0000080
00001c0
3f80000
6000000
0000001
0000100
4000000
7ffff7f
3ffffff
2000000
00000ff
0000300
0000100
0000140
0000080
4000000
0000200
0000100
3f80000
000007f
00b4d9a
4000000
4000000
00000ff
4000000
00000ff
4000000
4000000
7ffff7f
0000000
2000000
3ffffff
4000000
4000000
00000ff
2000000
3ffffff
00001c0
00000ff
3f80000
7ffff80
4000000
0000000
4000000
00001c0
00000ff
0000200
0000300
7f80000
4000000
7ffff80
0000200
0000100
4000000
0000100
0000200
4000000
0000100
4000000
6000000
3ffffff
3f80000
7ffffff
0000001
0000080
3f80000
3f80000
6000000
0000140
7f80000
6000000
0031c30
4000000
3ffffff
3ffffff
00000ff
00000ff
000007f
0000200
0000080
2000000
4000000
0000300
3f80000
0000300
7ffff7f
009ec8d
7ffffff
7ffff80
0000300
4000000
0000080
0000200
4000000
3ffffff
4000000
0000000
00000ff
0000100
2000000
0000001
4000000
7ffff80
3f80000
00000ff
7ffff80
000007f
0000200
0000140
2000000
4000000
4000000
4000000
3ffffff
7f80000
4000000
7f80000
00001c0
7ffffff
3ffffff
000007f
4000000
7ffff7f
3ffffff
0000300
00000ff
7f80000
00000ff
6000000
0000140
0000140
4000000
2000000
7f80000
007f000
6000000
3f80000
0000100
4000000
2000000
0000140
3f80000
0000000
7ffff80
3f80000
000007f
4000000
2000000
0000080
000007f
000007f
4000000
3ffffff
0000140
0000100
00001c0
3ffffff
0000080
0000080
2000000
4000000
7ffff7f
2000000
000007f
4000000
00001c0
7ffffff
00001c0
3f80000
3f80000
0000100
007f000
4000000
6000000
00000ff
0000300
0000000
7f80000
3ffffff
4000000
0000080
4000000
7ffffff
6000000
4000000
0000001
4000000
00001c0
0000001
000007f
7f80000
0000080
4000000
0000200
2000000
3ffffff
000007f
7ffffff
7f83214
0000300
0000000
7f80000
0000140
2000000
00000ff
00001c0
0000140
3f80000
0000000
4000000
3f80000
0000140
7ffff80
2000000
4000000
4000000
6000000
000421e
4000000
4000000
0000140
0000140
6000000
7f3a0f5
2000000
7ffff7f
000007f
0000001
6000000
0000080
00722d5
0000000
4000000
000007f
0000001
0000140
000007f
7ffff80
7f80000
2000000
7ffffff
3ffffff
7ffff7f
2000000
000007f
00000ff
007f000
0000200
0000300
4000000
000007f
3f80000
2000000
0000300
7f1f229
7ffffff
00000ff
7f7dadc
4000000
0000080
7f80000
0000001
7ff83e6
3f80000
7ffff7f
0000300
0000080
00000ff
7fe5048
0000200
4000000
0000140
4000000
00001c0
2000000
0000140
0000100
7f178d1
7ffff7f
7f80000
0000300
0000140
007f000
6000000
0000140
0000140
0000100
3f80000
7ffff7f
3ffffff
6000000
00e2282
7ffffff
2000000
0000000
00000ff
0000300
4000000
0000000
000007f
7ffff80
2000000
7ffff7f
4000000
4000000
0000000
0000200
4000000
0000001
0000100
0000000
0000140
00b7fa2
4000000
4000000
0000080
0000200
0000200
000007f
3f80000
7f59e5b
0000300
00001c0
7ffffff
4000000
3f80000
3ffffff
7f80000
00001c0
4000000
4000000
7ffff80
2000000
00e9153
00001c0
0000100
00000ff
0000080
7ffff7f
0000000
3f80000
4000000
0000200
4000000
4000000
0000100
0000300
4000000
3f80000
7ffff80
7f80000
000007f
00001c0
7f80000
000007f
3ffffff
00001c0
7ffff80
0000080
000007f
2000000
2000000
007f000
3f80000
6000000
0000300
007f000
0000080
0000300
007f000
7ffffff
4000000
00001c0
0000001
007f000
6000000
0000140
00001c0
00ccf24
00001c0
00000ff
7f80000
0000200
0000200
4000000
3f80000
0000140
0000001
4000000
4000000
0000080
000007f
0000080
4000000
0000080
000007f
0000000
7ffffff
0000000
0000100
7fcb0ea
00001c0
0000000
00000ff
7f80000
00000ff
0000100
00001c0
0000080
0000000
0000001
3f80000
7f80000
0000001
4000000
7ffff80
7f89c5f
2000000
7ffff7f
4000000
6000000
007f000
7ffffff
4000000
00d4034
0000200
7ffff80
0000200
3ffffff
7ffffff
4000000
4000000
3ffffff
007f000
007f000
00001c0
6000000
7ffff80
0000001
7ffffff
0000080
0000001
0000140
0000200
4000000
4000000
0000000
00aedec
7ffff7f
4000000
7ffff80
4000000
0000080
0000000
3f80000
7ffffff
3ffffff
7ffff80
3f80000
0000300
00000ff
3ffffff
0000000
4000000
0000001
00001c0
2000000
7ffffff
6000000
0000140
7f80000
0000200
6000000
6000000
0000000
3f80000
7ffffff
0000001
0000080
3ffffff
0000100
3ffffff
2000000
7ffff80
00001c0
7ffff80
00001c0
6000000
0000300
3ffffff
3f80000
4000000
4000000
007f000
0000000
0000001
0000140
0000140
3f80000
0000001
0000300
3f80000
0000001
0034ed1
0000200
7ffffff
3ffffff
0000140
7ffff7f
0000100
0000200
4000000
7f80000
7f80000
4000000
7f80000
2000000
0000001
4000000
0000080
0000000
3ffffff
4000000
0000000
4000000
7f80000
7ffff80
7ffff80
0000080
0000140
007f000
0000140
0000080
3ffffff
000007f
0000200
7ffff80
4000000
6000000
0000000
2000000
0000100
00000ff
00000ff
0047cb2
3ffffff
7ffffff
000007f
0000000
3ffffff
4000000
4000000
0000100
0000300
0000200
4000000
4000000
0000140
000007f
4000000
6000000
0000300
0000001
007f000
0000080
00000ff
7ffffff
007f000
0000001
3ffffff
0000140
7ffff7f
0092eb9
0000001
0000100
0000200
000007f
00000ff
7f80000
0000080
3f80000
2000000
00a8b08
0000140
0000001
00001c0
0000200
7ffff80
00001c0
3ffffff
000007f
4000000
0000001
7ffff80
0000300
0000200
0000100
4000000
3f80000
0000001
0000001
3f80000
4000000
3f80000
4000000
4000000
00000ff
0000100
000007f
4000000
2000000
3ffffff
00001c0
2000000
4000000
0000200
7ffffff
7ff6991
0000200
0000200
0000200
7f80000
0000300
2000000
6000000
3f80000
0000000
0000080
7ffffff
7ffff80
000007f
0000001
0000001
7ffff7f
7ffff7f
00000ff
00001c0
4000000
007f000
2000000
0000001
7ffff80
0000140
6000000
0000300
2000000
00000ff
0000140
0000000
0000000
4000000
00000ff
0000001
7f80000
7ffffff
0000300
4000000
2000000
4000000
7ffff80
00000ff
6000000
0000200
0000100
3f80000
0000200
7f80000
0000100
3f80000
7ffffff
0000200
00000ff
2000000
4000000
0000100
4000000
00000ff
0000300
0000080
0000100
0000001
007f000
0000001
0000000
00000ff
00001c0
4000000
2000000
0000200
4000000
00000ff
7ffff80
000007f
4000000
7ffffff
0020bd9
4000000
7ffff80
0000000
7ffff7f
6000000
0000001
0000080
0000080
4000000
0000001
007f000
3ffffff
7ffff7f
7f0abd8
0000100
007f000
0016b00
0000200
000007f
000007f
4000000
4000000
3ffffff
0000200
00000ff
00545d0
00001c0
0000100
0000100
00001c0
0000080
4000000
7f80000
3f80000
3ffffff
4000000
3f80000
0000080
3f80000
3f80000
7ffffff
4000000
3ffffff
2000000
6000000
0056194
7f80000
6000000
6000000
0000000
4000000
7f3fd16
007f000
4000000
00001c0
00001c0
7ffff80
0000300
4000000
4000000
3ffffff
0000100
000007f
0000300
0000080
00350c0
0000080
7ffff7f
0000300
3f80000
0000140
00000ff
0000001
4000000
00001c0
00000ff
3ffffff
0000000
007f000
3f80000
7ffff7f
7ffff7f
7f40199
0000001
3ffffff
0000200
7ffff7f
00000ff
7fc9a4e
0000100
0000100
2000000
0000001
0000001
2000000
007f000
7f80000
3ffffff
0000000
4000000
7ffff7f
0000001
008d7b8
00001c0
0000300
0000300
00000ff
6000000
7f4266c
00001c0
0000000
7ffff7f
0000200
7ffff80
00000ff
0000300
007f000
2000000
3f80000
0000000
7ffff7f
7ffff7f
0000140
0019a04
6000000
2000000
3ffffff
0000200
7ffff80
4000000
7ffff80
0000200
00001c0
7f80000
0000200
4000000
7fa3dd1
4000000
7ffff80
3f80000
0000000
7ffffff
00000ff
00001c0
7ffff7f
0000300
0000100
7f80000
7ffff7f
7ffff7f
2000000
3ffffff
0000000
2000000
0000080
7ffffff
000007f
00000ff
7ffff80
0000100
3ffffff
0000200
007f000
4000000
0000140
0000001
7ffff80
000007f
7f85277
0000080
000007f
6000000
4000000
007f000
3f80000
0000080
3ffffff
2000000
7ffffff
000007f
000007f
4000000
0000200
0000100
7ffff80
4000000
0000001
0000200
4000000
7ffffff
6000000
0000001
0000100
0000300
007f000
000007f
4000000
4000000
7ffff80
7ffffff
3ffffff
000007f
0000200
0000100
3ffffff
0000080
3f80000
4000000
00000ff
7f80000
7ffff7f
0000100
7ffff80
0000100
000007f
6000000
2000000
0000001
7fb3622
4000000
0000140
0000080
007f000
0000140
7ffffff
7ffff7f
0000300
7f80000
00000ff
6000000
3f80000
000007f
6000000
0000001
0000200
0017b10
7ffffff
000007f
7ffff7f
0000200
00001c0
0000000
7ffff7f
0000000
4000000
00001c0
00000ff
7ffff80
4000000
00000ff
3f80000
0000140
0000000
6000000
4000000
3f80000
000007f
00e2575
4000000
0000300
3ffffff
0000300
0000000
0000140
7ffffff
00001c0
6000000
7f80000
0000140
6000000
7ffff7f
4000000
0000300
0000200
0000000
0000140
00000ff
0000001
0000100
00001c0
0000080
00001c0
007f000
0000080
2000000
4000000
3ffffff
0000300
0000080
4000000
4000000
7ffffff
2000000
0000300
3f80000
6000000
0000140
7faf06f
2000000
7ffffff
7ffffff
0000001
007f000
0000000
00000ff
0000100
7ffff80
0000200
7ffff80
7ffff7f
007f000
7ffff7f
7ffff7f
4000000
0000140
7ffff80
0000200
0000080
000f537
0000000
0000140
7f63faa
4000000
6000000
00001c0
7ffffff
0000100
4000000
6000000
0000080
00000ff
3f80000
6000000
007f000
0000100
0000000
0000140
007f000
0000140
0000200
0000000
00001c0
0000000
0000100
7ffffff
3ffffff
2000000
4000000
00001c0
2000000
0000080
4000000
0000140
00000ff
0000000
00001c0
7f0dee9
4000000
0000000
0000200
7f80000
00000ff
0000000
4000000
3ffffff
3ffffff
6000000
0000140
0000100
2000000
00000ff
4000000
7ffffff
000007f
0000200
7f80000
000007f
007f000
7fea45d
7ffffff
4000000
000007f
0000140
0000200
000007f
0000140
7f80000
7ffff80
0000300
4000000
7f80000
3f80000
0000001
6000000
4000000
0000300
007f000
00001c0
00785b1
7f533c7
000007f
4000000
0000140
4000000
3f80000
6000000
4000000
4000000
3f80000
0000000
0000080
4000000
3f80000
0089642
4000000
7f80000
7ffff80
6000000
7ffffff
4000000
0000200
3ffffff
4000000
0000000
7ffff7f
4000000
7f80000
00001c0
0000000
7ffff7f
00001c0
3ffffff
00000ff
00001c0
00001c0
7ffff7f
0000140
4000000
0000200
0000200
7ffff80
0000000
0000001
6000000
4000000
0000200
0000080
3f80000
4000000
0000300
0000300
4000000
6000000
7ffff7f
3f80000
0000140
007f000
6000000
7ff93be
00001c0
0000001
0000300
000007f
000007f
7ffffff
4000000
4000000
0000080
00001c0
4000000
4000000
0000140
000007f
7ffff80
4000000
2000000
2000000
0000200
0000300
3f80000
4000000
0000001
007f000
000007f
4000000
4000000
7f80000
4000000
000007f
7f80000
007f000
00001c0
0000100
3f80000
7ffff7f
0000140
3ffffff
000007f
000007f
7ffff7f
00001c0
4000000
0000100
00001c0
0000000
7ffff7f
4000000
7ffffff
0090c2a
4000000
0000100
0000100
7f80000
2000000
7ffff80
4000000
3f80000
7ffffff
3f80000
7ffeb34
7f80000
2000000
0000100
0000100
7ffffff
0000100
00001c0
3ffffff
0000080
0000001
2000000
4000000
3ffffff
2000000
00001c0
4000000
00001c0
0000080
0000100
00000ff
0000140
0017a62
0000000
6000000
00000ff
7ffff7f
0000100
0000100
7ffffff
0000000
0000080
0000080
7ffffff
0000000
00001c0
7ffff80
7ffff80
0000200
0000080
7ffff80
0000001
0000100
007f000
4000000
3ffffff
007f000
0000000
7ffff7f
3f80000
0000200
7ffff80
0000300
0000080
4000000
7f80000
4000000
7ffff7f
6000000
7ffff7f
7ffff80
0000200
3ffffff
6000000
7f80000
0000140
7f80000
000007f
000007f
007f000
7ffffff
6000000
00001c0
0000100
0000140
00000ff
0000300
4000000
0000100
7ffff7f
007f000
7ffff7f
3ffffff
00001c0
00001c0
007f000
3ffffff
007f000
7ffffff
0000200
7ffffff
0000080
00000ff
2000000
3f80000
4000000
7ffff7f
0000001
0000080
0000140
4000000
0000140
2000000
0000080
000007f
7ffff7f
000007f
7ffff7f
000007f
0000100
7ffffff
2000000
4000000
3ffffff
7ffff80
3f80000
2000000
007f000
7ffff7f
00000ff
0000200
0000300
3ffffff
4000000
4000000
007f000
00dd53a
7f84222
0000300
000007f
00001c0
7ffffff
7ffffff
007f000
00000ff
0000300
3ffffff
0000200
0000080
7ffff7f
00000ff
0000200
7ffffff
2000000
4000000
7f80000
7fc4ec1
0000000
2000000
7ffff80
6000000
7f80000
00a9984
0000080
4000000
000007f
00001c0
0000000
00000ff
0000100
0000001
00001c0
7ffff7f
0000140
7f45aca
0000200
00000ff
00c8e0a
00000ff
00cea5d
00000ff
0000300
0000140
00a01a7
0000100
0000080
0000300
4000000
4000000
4000000
00b15d7
0000140
0000080
3ffffff
0000300
7ffffff
00000ff
7f80000
4000000
0000200
007f000
7ffffff
3ffffff
0000300
00000ff
0000200
0000300
4000000
00ec9d7
7f80000
7ffff80
3f80000
0000140
3ffffff
007f000
3f80000
0000001
0000000
0000300
0000001
00001c0
0000300
7ffffff
7ffff80
6000000
3f80000
0000100
0000080
6000000
7ffff7f
4000000
3ffffff
007f000
7ffff80
2000000
00000ff
7f80000
6000000
7ffff80
6000000
007f000
000007f
7ffff7f
0000080
00000ff
0000000
007f000
2000000
0000080
000007f
0000300
7ffff7f
7ffff80
2000000
6000000
4000000
00ca07f
007f000
6000000
00000ff
7ffff80
7fb5790
00000ff
7f80000
7f8fe50
7fd51f2
007f000
4000000
007f000
7ffffff
3ffffff
7ffff80
00000ff
6000000
0000300
0000001
7ffff80
007f000
0000000
0000140
00001c0
0000140
000007f
2000000
0000200
7f80000
7ffb84f
0000000
00000ff
0000100
0000300
6000000
7ffff7f
7ffff80
7ffff80
00000ff
00000ff
0000001
7ffff7f
000007f
7ffffff
7ffff80
000007f
00000ff
000007f
007f000
2000000
7f80000
0000300
0000140
000007f
7ffff80
7ffff80
00001c0
0000100
4000000
0000100
00000ff
7ffff80
0000100
0000000
00001c0
3f80000
4000000
00adb8b
007f000
0000001
7ffff80
7f80000
0000100
3f80000
3f80000
3f80000
2000000
7ffffff
6000000
3f80000
0000000
000007f
0000200
00000ff
6000000
0000080
0000200
0000001
7ffff80
0000140
7ffffff
7ffffff
7ffffff
3ffffff
00000ff
0000100
4000000
0000200
4000000
0000200
6000000
0000140
0000140
7ffff7f
0000300
00000ff
6000000
7ffff80
7ffffff
000007f
0000001
6000000
00000ff
2000000
7ffffff
7f80000
0000200
7ffffff
7ffffff
0000300
0000080
4000000
3f80000
7f80000
000007f
000007f
7ffffff
0000001
0000001
4000000
7ffff7f
7ffff80
0000001
0000200
4000000
3ffffff
00000ff
7ffffff
0000300
0000080
7ffff7f
7ffffff
0000001
6000000
6000000
0000080
3ffffff
00001c0
4000000
7f80000
0000300
0000000
7ffffff
6000000
00500af
0000200
7fca2a4
4000000
7ffffff
7ffff7f
3ffffff
3f80000
000007f
3ffffff
6000000
0000100
6000000
7fda50a
2000000
3ffffff
000007f
3ffffff
000007f
7ffff7f
6000000
7f80000
0000080
0000001
2000000
0000100
4000000
000007f
007f000
7ffff7f
0000100
3f80000
0000140
0000300
0000000
000007f
0000100
0000000
0000080
4000000
0000200
6000000
4000000
7ffffff
4000000
007f000
0000100
000007f
7ffff80
2000000
7ffffff
00000ff
3f80000
0000200
0000300
00001c0
7ffffff
7ffff80
0000140
4000000
00001c0
0000100
0000200
00000ff
0000140
0000100
7f80000
0000140
2000000
0000000
007f000
0000200
000007f
0000100
3ffffff
2000000
7f257e9
00001c0
0000140
7ffff80
7ffff80
7f4cdca
0000000
7ffff7f
0000100
7f81363
00000ff
7f42641
007f000
3f80000
007f000
00000ff
7ffff80
007f000
4000000
00000ff
0000001
7f80000
6000000
0000140
007f000
0000001
0000140
0000200
00000ff
7f80000
0000300
00000ff
00ac6b6
0000001
7fa4eb9
2000000
4000000
0000300
007f000
00000ff
3ffffff
4000000
0000001
7ffffff
0000000
0000080
00001c0
4000000
2000000
3f80000
0000001
00000ff
0000000
00001c0
4000000
7ffff7f
0000100
0000000
7ffff80
00001c0
2000000
0000100
4000000
2000000
0000140
7ffff80
7ffffff
3ffffff
7ffffff
0000000
0000100
0000300
0000100
008c809
7ffff7f
0000300
2000000
4000000
0000080
3ffffff
0000000
2000000
007f000
4000000
00001c0
0000001
00001c0
00001c0
3f80000
0000300
4000000
0000300
0000100
0000200
7ffffff
3ffffff
0000001
0000140
000007f
4000000
007f000
0000300
7f80000
4000000
3ffffff
3f80000
2000000
3f80000
00000ff
7f7bffe
0000080
3f80000
6000000
2000000
0000200
0000000
4000000
0000300
7ffff80
0000300
7ffffff
3ffffff
006e695
3f80000
0000001
3ffffff
4000000
7ffff80
0049fea
0000000
3f80000
7ffff7f
7f80000
00a3b14
2000000
0000200
3f80000
007f000
007f000
3ffffff
0000140
007f000
000007f
2000000
0021781
0000001
6000000
0000001
4000000
00000ff
4000000
0000080
0000200
0000300
4000000
3ffffff
00000ff
0000100
00b37bf
00a9e04
7ffff7f
2000000
00001c0
00001c0
00001c0
0000300
7fe2a70
0000080
7ffff80
4000000
0000140
4000000
0000080
0000140
0000080
2000000
00000ff
3ffffff
3ffffff
4000000
7ffff7f
0015fc6
0000080
0000300
00000ff
00000ff
007f000
0000140
7ffff7f
6000000
0000080
000007f
0000000
4000000
7f80000
00000ff
000007f
7ffff7f
7ffff80
007f000
0000200
3f80000
0000080
7f91fba
7f2ae03
007f000
0000080
00000ff
4000000
4000000
007f000
4000000
007f000
4000000
0000080
0000300
000007f
000007f
7ffff7f
0000300
0000100
0000100
000007f
7ffff80
000007f
007f000
007f000
3f80000
00001c0
4000000
0000001
00001c0
4000000
6000000
0000140
00000ff
7f80000
3f80000
00001c0
7ffff7f
00d0a3a
0000300
4000000
7ffff80
7ffff7f
4000000
4000000
4000000
3f80000
3ffffff
007f000
000007f
0000300
0000200
0000200
0000300
000007f
6000000
3f80000
4000000
7ffffff
7ffff7f
0000300
0000001
4000000
0000200
0000200
4000000
6000000
3ffffff
3f80000
4000000
0000100
0000140
007f000
00001c0
0000200
7ffff80
0000200
00000ff
007f000
0000300
7ffff80
7ffff80
7ffff80
0000001
0000000
00000ff
4000000
0000140
007f000
2000000
00000ff
0000080
3f80000
7ffffff
7ff712e
00000ff
2000000
7ffff80
6000000
2000000
0000300
7ffff80
00001c0
0000300
7ffff7f
007f000
4000000
4000000
007f000
0000140
0000080
3f80000
0048863
00000ff
2000000
4000000
7ffff80
6000000
4000000
0018ae1
4000000
3f80000
7ffffff
7f80000
2000000
00bb9d2
0000080
2000000
6000000
4000000
0000001
3f80000
007f000
7ffff80
007f000
0000001
7f98317
6000000
6000000
0000300
0000140
3ffffff
7f80000
2000000
6000000
0000200
3f80000
4000000
0000140
7ffff7f
7ffff7f
2000000
0000300
4000000
4000000
0000140
3ffffff
7ffffff
3f80000
007f000
4000000
0000300
0000001
000007f
7f80000
2000000
000007f
6000000
0000200
0000080
00001c0
0000001
00000ff
007f000
0000000
3f80000
7ffff7f
000007f
4000000
2000000
0000000
7fdeb01
4000000
0000001
4000000
00001c0
0000200
7f2a2c5
0000000
00c0da2
4000000
00000ff
7f80000
4000000
00001c0
0000300
7ffff7f
7f80000
4000000
2000000
0000200
6000000
00b1c76
0000140
00000ff
000007f
6000000
3f80000
6000000
3ffffff
0000001
0000300
0000001
0000100
0000001
7ffff7f
4000000
0000200
0000100
4000000
7ffffff
3f80000
2000000
0000200
0000001
7fcb85f
00000ff
7f786ab
00000ff
7f80000
0000300
7ffff80
4000000
7ffff7f
3f80000
000007f
7ffffff
3ffffff
3ffffff
3ffffff
4000000
7ffff7f
000007f
4000000
7ffff80
00001c0
00b6438
00001c0
00001c0
2000000
7ffff80
007f000
7f96b95
4000000
007f000
00000ff
4000000
3ffffff
0000080
4000000
2000000
0000200
000007f
007f000
2000000
4000000
00001c0
007f000
3ffffff
4000000
0000080
0000100
0000300
007f000
00001c0
0000080
0000140
00000ff
0000200
6000000
0000300
0000140
0000080
4000000
0000200
7f20930
7f80000
0000000
7f80000
3ffffff
007f000
00000ff
000007f
0000000
0000300
6000000
0000140
007f000
3ffffff
0000200
2000000
4000000
3f80000
0000001
00000ff
00001c0
0000080
0000200
0000000
0000001
4000000
000007f
0000100
0000080
4000000
7ffff7f
0000001
6000000
0000140
0000080
0000100
0000300
0000080
4000000
0000100
004c4e1
4000000
7ffff7f
3ffffff
7ffff80
00000ff
3f80000
7ffff7f
0000080
007f000
6000000
2000000
7ffff7f
4000000
4000000
4000000
6000000
6000000
6000000
4000000
7fc9202
3ffffff
7f80000
0000140
0000001
00000ff
00001c0
007f000
0000100
007f000
4000000
00001c0
7ffff80
00000ff
3ffffff
7ffff7f
7ffff7f
7ffffff
7f80000
007f000
00001c0
4000000
7ffffff
0000300
000007f
0000300
7f80000
7ffff80
4000000
0000300
0006fe9
7f80000
7ffffff
4000000
0000300
4000000
3f80000
7f80000
0000140
00001c0
00dd4c4
7f5218e
3ffffff
0000100
7ffff7f
4000000
2000000
00001c0
00001c0
0000100
3f80000
3ffffff
0000300
0000080
0000000
00000ff
0000200
0000100
007f000
0000001
4000000
7ffffff
4000000
007f000
0000140
7ffff7f
0000140
3ffffff
0000200
6000000
007f000
3ffffff
2000000
4000000
0000080
00001c0
007f000
6000000
7ffff7f
0000001
00001c0
0000001
3ffffff
7ffff7f
0000080
000007f
6000000
0000300
00000ff
0000000
0000080
0000001
6000000
4000000
0000000
3ffffff
000007f
0000001
3f80000
7ffff7f
2000000
7f80000
0000080
7f80000
3ffffff
0000001
4000000
0000100
0000200
0000000
0000080
7ffffff
6000000
7ffff80
4000000
0073a93
4000000
0000000
7f80000
7ffff80
0000200
3ffffff
7ffff80
7f80000
7ffffff
7ffff7f
3f80000
7ffff7f
0000140
000007f
4000000
7ffff80
7f80000
0000100
4000000
0000000
000007f
7f80000
2000000
0000100
000007f
0000300
3ffffff
4000000
4000000
7f80000
2000000
7ffff7f
7ffff80
00000ff
7ffffff
3f80000
3f80000
4000000
0000000
0000200
7ffff80
00c7d7e
4000000
6000000
3ffffff
4000000
00001c0
0000000
00001c0
7ffff80
7ffff7f
0000100
7ffffff
000007f
0000001
7ffff80
7ffffff
4000000
0000100
3ffffff
00bde1f
7f80000
3ffffff
4000000
00000ff
4000000
7ffff7f
7ffff7f
0000001
7ffffff
7ffffff
0000100
3f80000
0000000
0003657
6000000
6000000
4000000
0000100
0000001
2000000
6000000
0000001
4000000
4000000
7f33b56
0000000
6000000
007f000
0000300
2000000
0000300
0000001
0000100
7f80000
3ffffff
0000100
007f000
3f80000
0000200
0000140
4000000
4000000
4000000
6000000
4000000
6000000
000007f
6000000
4000000
00001c0
000007f
6000000
7ffff7f
7f80000
4000000
0000140
7ffff80
0000140
2000000
4000000
4000000
0000080
0000300
4000000
0000000
2000000
0000100
0000100
0000200
00001c0
3ffffff
0000100
7f80000
0000100
0000200
6000000
007f000
00000ff
7fd4cb7
3ffffff
7ffffff
2000000
4000000
00a5cfd
4000000
0021484
0000200
0000140
3f80000
000007f
7f80000
7ffff80
4000000
0000100
0000080
4000000
4000000
6000000
4000000
4000000
3ffffff
7fde6bc
0000200
3f80000
000007f
007f000
0000200
000007f
0000140
4000000
7ffffff
0000001
0000000
3f80000
7ffff80
0000200
6000000
2000000
7ffff80
7ffff7f
0000000
00001c0
2000000
7ffffff
4000000
3ffffff
0000100
007f000
0000001
2000000
4000000
3f80000
0000001
4000000
7ffff7f
4000000
7ffffff
00000ff
7f80000
3ffffff
0000140
2000000
4000000
0000140
7f80000
3f80000
7ffff7f
0000000
2000000
3ffffff
0000300
4000000
6000000
007f000
00001c0
000007f
000007f
000007f
00000ff
3f80000
7f80000
4000000
0000080
7ffff7f
00000ff
7ffff80
00001c0
0000200
2000000
7ffff80
7f80000
0000140
007f000
3ffffff
3f80000
3f80000
2000000
3f80000
4000000
4000000
3f80000
7ffff80
3ffffff
0000200
0000000
0000140
00000ff
00ccdb2
002a4cb
0000000
7ffffff
0000000
7f80000
00000ff
7ffff80
00001c0
3ffffff
6000000
6000000
0000300
3f80000
0000200
7ffffff
00001c0
0000080
3f80000
3f80000
0000300
0000100
00000ff
3f80000
000007f
00000ff
0000200
0000001
0000000
7f80000
7ffff7f
0000000
0000300
00000ff
00000ff
0000140
0000080
007f000
0000001
7f80000
007f000
3f80000
6000000
7f80000
7ffffff
0000140
0000300
0000140
0000000
7f80000
00001c0
000007f
7ffff80
00b90e6
00001c0
3f80000
3ffffff
3ffffff
7f15bfa
7ffff80
007f000
7ffff7f
0000000
007f000
3f80000
7ffff7f
3ffffff
007f000
0000080
3ffffff
008ffe4
0000200
007f000
6000000
0000000
00b8150
0000080
00001c0
2000000
007f000
008bc3a
7ffff7f
4000000
0000100
0000001
7ffff7f
00da3cb
00000ff
0000300
7ffff7f
7ffff80
6000000
0000100
4000000
007f000
00000ff
6000000
0064d1b
4000000
4000000
3f80000
2000000
3f80000
4000000
00001c0
3f80000
2000000
3f80000
0000000
0000200
00000ff
007f000
00000ff
6000000
4000000
4000000
007f000
4000000
6000000
0000140
00000ff
2000000
007f000
007f000
007f000
0000300
00000ff
0000200
00000ff
0000140
6000000
0000080
0000200
4000000
7fc9d27
6000000
00001c0
4000000
4000000
7ffffff
6000000
4000000
0000300
4000000
7ffff7f
4000000
7ffffff
7ffff80
3ffffff
0000300
0000001
2000000
000007f
0000080
7ffff80
000007f
7ffff7f
7f80000
000007f
000007f
000007f
3ffffff
0000000
4000000
4000000
2000000
6000000
2000000
0000300
3f80000
000007f
0000000
0000000
3ffffff
3ffffff
7ffffff
7ffffff
0000001
007f000
0000080
7f80000
7ffff80
4000000
4000000
7ffff80
3ffffff
4000000
3ffffff
00000ff
4000000
3ffffff
0000000
0000080
7ffff7f
0000001
0000080
7ffff80
7ffffff
7ffff7f
000007f
7f80000
0000080
0000000
0000000
3ffffff
4000000
4000000
4000000
0000001
0000200
7f2587f
000007f
0000000
0000000
7ffffff
4000000
0000001
7fa91e0
4000000
007f000
4000000
7f80000
4000000
007f000
4000000
3ffffff
4000000
7ffffff
0000001
0000200
0000000
7ffffff
007f000
7ffffff
2000000
4000000
7ffff80
4000000
7ffff80
007f000
00000ff
0000001
0000140
7ffff7f
4000000
0000080
00001c0
0000000
6000000
6000000
3f80000
0000080
4000000
7fe1c55
007f000
6000000
3f80000
0000200
4000000
00001c0
3f80000
7ffff7f
4000000
007f000
0000300
3ffffff
7f80000
4000000
7ffffff
0000000
2000000
00000ff
7ffffff
00001c0
007f000
00000ff
7f80000
7ffff80
0000200
7ffff80
0000200
3f80000
00000ff
0000200
3ffffff
0000200
007f000
4000000
3ffffff
0000080
2000000
2000000
3ffffff
7ffffff
4000000
0000080
3f80000
0000080
0000000
3f80000
7ffff80
7f80000
0000200
00001c0
0000080
0000080
7fcff44
7ffff7f
4000000
0000300
0000140
7f80000
007f000
007f000
7ffff80
00001c0
4000000
3ffffff
3f80000
0000001
6000000
007f000
2000000
0000000
3f80000
7ffff80
3f80000
0000080
00e5008
4000000
4000000
2000000
0000200
0000001
007f000
0000000
7f7deac
00001c0
007f000
7ffffff
4000000
7ffffff
0000080
00001c0
0000140
0000100
007f000
00000ff
7ffff80
007f000
7ffff80
7ffff7f
0000001
7ffff7f
0000140
7ffff80
0000100
000007f
0000100
0000140
007f000
3f80000
7ffff7f
0000000
0000000
7ffff80
4000000
7ffffff
0000200
00001c0
6000000
0000140
0000140
7ffff7f
6000000
0000140
00001c0
0000001
3f80000
00dcbff
4000000
7f80000
0000300
3ffffff
4000000
3f80000
7ffff7f
0000080
005bb26
7ffffff
0000200
3f80000
6000000
6000000
4000000
7ffffff
00001c0
7ffff7f
0000100
7ffffff
7ffffff
7ffff80
000007f
0000000
7ffff7f
00001c0
000007f
00000ff
0000080
007f000
7ffffff
4000000
0000140
0000080
2000000
0000300
000007f
7ffff7f
000007f
3f80000
00000ff
0000000
4000000
007f000
4000000
007f000
0000000
0000000
7f80000
0000001
0000200
0000140
0000001
7ffff7f
3ffffff
4000000
4000000
2000000
00000ff
3f80000
7ffffff
007f000
7ffffff
4000000
3f80000
3f80000
4000000
7ffffff
7f80000
3f80000
7f80000
3f80000
4000000
00000ff
0000000
7ffff80
7ffffff
4000000
7ffff7f
0000080
0000100
0000140
7ffff7f
0000100
6000000
4000000
0000001
0000140
2000000
6000000
0000001
6000000
000007f
0000001
7f80000
0000001
3f80000
3f80000
0000100
0000140
00000ff
7f96391
3ffffff
0000200
0000100
4000000
7ffff7f
7fb9c7d
6000000
0000100
0000300
6000000
00001c0
00000ff
3ffffff
007f000
0000000
3ffffff
00001c0
0000001
7ffff7f
00000ff
00001c0
7ffff7f
0000140
4000000
4000000
0000300
3ffffff
0000140
4000000
007f000
007f000
3f80000
0000000
4000000
0000000
7f80000
6000000
0000300
0000001
00000ff
0000080
6000000
0000300
0000300
007f000
0000100
007f000
4000000
7ffff80
4000000
0000000
7ffff7f
4000000
0000080
0000300
0000000
000007f
7f20379
0000080
4000000
00000ff
007f000
000007f
0000001
6000000
7f80000
7ffff7f
0000001
4000000
6000000
0000100
0000200
3ffffff
00000ff
0000080
00001c0
4000000
0000080
0000080
6000000
7ffff80
0000080
0000000
7f95c07
7ffff7f
2000000
3ffffff
000007f
2000000
4000000
4000000
0000000
00000ff
7ffff7f
007f000
007f000
7ffff80
0000140
000007f
7ffff80
7ffff80
0000100
007f000
2000000
4000000
7f1dd87
2000000
6000000
6000000
0000140
0000300
00000ff
7f80000
7ffff7f
007f000
00001c0
3ffffff
7ffffff
000007f
2000000
4000000
0000080
7ffffff
7ffff80
007f000
4000000
0000100
0000200
3ffffff
7ffffff
7ffff80
0000080
000007f
4000000
2000000
7ffff7f
0000000
7ffff80
0000100
3ffffff
4000000
00000ff
0000001
2000000
7ffffff
00001c0
7ffff80
4000000
0000100
4000000
0000080
4000000
7f80000
7f80000
0000000
00763fe
3f80000
0000080
0000140
0000100
00000ff
000007f
000007f
3f80000
007f000
0000080
0000300
4000000
7ffff7f
7ffff7f
0000100
2000000
7ffffff
0000080
4000000
7ffffff
7ffff7f
0000140
0000100
0000140
0000000
0000000
007f000
00001c0
3f80000
0000000
0000140
7ffff7f
7f80000
00d0c34
7ffff7f
000007f
4000000
3ffffff
007f000
4000000
3ffffff
4000000
7ffff7f
00000ff
4000000
000007f
6000000
6000000
0000140
4000000
2000000
7f9fef7
3ffffff
0000000
007f000
0000300
000007f
0000300
3ffffff
7f80000
7f80000
3f80000
7ffffff
3ffffff
3ffffff
4000000
4000000
0000001
7ffff80
000007f
0000140
0000100
00000ff
7ffff80
4000000
7ffffff
0000300
0000200
00000ff
7ff7851
000007f
00001c0
3ffffff
4000000
4000000
007f000
000007f
7ffff7f
7ffff7f
0000001
7ffffff
4000000
00ecf95
0000140
7ffff80
0000100
0000140
3ffffff
0000001
3ffffff
0000100
0000000
0000001
0000200
000007f
7ffffff
2000000
3f80000
7f376e8
7ffffff
0000300
0000080
4000000
0000001
0000300
7fa9f81
3ffffff
0000140
2000000
7ffff7f
7ffff80
4000000
0020dc4
007f000
0000001
7ffff80
4000000
4000000
0000080
3f80000
0054e04
4000000
3ffffff
7ffff7f
7ffffff
7ffff7f
0000140
00001c0
4000000
0000200
2000000
0000001
7f80000
007f000
00001c0
7ffff7f
00000ff
4000000
3ffffff
4000000
7ffff80
0000080
4000000
7ffff80
4000000
3f80000
0000140
00001c0
7fde982
7ffffff
4000000
7ffff80
3ffffff
7ffff7f
0000000
7ffff80
0000300
2000000
0000200
0000140
000007f
0000140
000007f
7ffff80
0000080
4000000
7ffff80
00001c0
4000000
4000000
4000000
0000001
6000000
000007f
4000000
0000140
0000080
7ffffff
3ffffff
0000001
0000001
0000001
4000000
7ffff7f
0000300
0000140
4000000
0000080
0000000
00000ff
7ffff7f
0000001
7ffffff
6000000
0000200
4000000
6000000
0000140
4000000
0000140
7ffffff
4000000
4000000
7f80000
0000200
2000000
00000ff
0000080
0000200
3f80000
7f80000
0000140
4000000
2000000
0000001
7f80000
3f80000
4000000
4000000
7f80000
3f80000
0000100
000007f
007f000
4000000
0000000
007f000
7fe2d3e
0000001
4000000
0000080
2000000
2000000
3f80000
7ffffff
0000300
0000080
7ffff80
000007f
0000001
0000200
00001c0
7ffff80
000007f
4000000
0000001
0000080
3f80000
7ffff80
0000080
0000001
000007f
7ffffff
0000200
0000000
000007f
0000300
2000000
4000000
7f80000
4000000
4000000
0000000
0000080
0000200
3f80000
00000ff
00000ff
4000000
3ffffff
2000000
007f000
7fa75ce
3f80000
7ffff80
7f80000
7f80000
2000000
7f80000
0000001
007f000
0000100
0000200
007f000
0000001
3ffffff
007f000
0000200
6000000
7ffff80
7f80000
00000ff
4000000
4000000
0000200
0000200
4000000
0000300
000007f
7f80000
7f113f7
0000300
7ffff80
3f80000
0000140
7ff5707
00239c0
0000001
4000000
0000100
000007f
2000000
0000080
007f000
4000000
7f80000
0000140
7ffff7f
0000140
0000000
000007f
0000300
0000140
00000ff
0000300
7f0247a
0000200
0000200
4000000
0000080
0000000
3ffffff
7f80000
0000200
0000001
4000000
3ffffff
6000000
7ffff7f
4000000
00000ff
4000000
3f80000
0000000
7ffff80
000007f
0000300
3f80000
4000000
2000000
4000000
0000300
000007f
0000100
3ffffff
000007f
6000000
007f000
007f000
0000200
4000000
0000000
000007f
00001c0
2000000
0000300
0000080
0000200
2000000
0000000
7ffffff
0000080
00d8fa9
0000001
0000100
4000000
3f80000
0000300
0000080
0000000
0000000
0000300
7ffff80
7f80000
4000000
6000000
7ffff7f
7ffff7f
0000140
2000000
0000080
0000300
7ffff7f
4000000
2000000
0000140
0000001
3f80000
00000ff
7f9e7c5
0000140
0000080
3ffffff
0000200
4000000
0000200
7ffff7f
0000200
7ffffff
0000000
000007f
0000080
0000200
0000001
0000000
0000140
0000300
0000000
00d02d6
0000000
7ffffff
0000200
7ffff7f
7ffffff
0000100
000007f
3f80000
0000200
7f80000
0000080
3ffffff
4000000
0000140
7f80000
6000000
7f80000
4000000
4000000
00001c0
00001c0
0000080
0000080
4000000
6000000
007f000
0000140
7ffff7f
3f80000
3ffffff
000007f
0000080
4000000
4000000
4000000
2000000
00000ff
0000200
0000140
00000ff
3f80000
7ffff80
7ffffff
0000100
3ffffff
7ffffff
00000ff
007f000
00001c0
0000140
0000140
000007f
2000000
0000140
6000000
3ffffff
00000ff
7ffffff
7f80000
7ffff80
2000000
0000001
00e96a9
4000000
00000ff
4000000
0000000
4000000
00f23f7
007f000
7ffffff
3f80000
000007f
0000080
0000080
2000000
0000000
000007f
7ffff80
00000ff
00000ff
7ffffff
2000000
6000000
0000300
3f80000
0000001
0000080
3ffffff
3ffffff
00001c0
7ffff80
005731b
0000200
0000140
4000000
0000140
000007f
7fa14d3
0000200
7ffff80
0066a1c
0000000
4000000
2000000
007f000
4000000
000007f
0000140
000007f
7ff145f
0000200
6000000
00e8f57
0000000
00000ff
0000000
00000ff
4000000
0000000
0000080
6000000
3f80000
2000000
0000080
7ffffff
4000000
0000200
0000300
0000080
0000140
6000000
7ffff80
4000000
0000200
7ffffff
007f000
4000000
4000000
7ffff7f
0000100
4000000
0000140
3f80000
00000ff
00000ff
3ffffff
7ffff7f
4000000
0000100
0000100
4000000
0000001
7fd9305
7ffff7f
00001c0
0000140
7ffff80
3ffffff
7f80000
6000000
0000000
0000100
0000100
00000ff
7ffff7f
3ffffff
0000001
6000000
0000100
7ffff80
7f80000
00001c0
007f000
7ffff80
7ffffff
7f80000
7ffffff
2000000
0000080
0000080
0000000
00000ff
3ffffff
0000080
3f80000
00000ff
0000140
4000000
0000080
007f000
007f000
000007f
7fbd0c3
3ffffff
00000ff
7f7d0fe
7ffff7f
0000001
0000100
000007f
00001c0
0000000
0000140
0000001
7ffff80
3f80000
6000000
7f80000
3f80000
4000000
3ffffff
00001c0
7ffff80
00001c0
0000100
0000000
3f80000
3ffffff
4000000
6000000
0000001
0000100
0000001
6000000
0000001
0000001
4000000
4000000
0000080
4000000
4000000
4000000
6000000
0000140
7f80000
4000000
7ffff7f
7ffff7f
0000001
3f80000
0000100
7f80000
7ffff80
0000200
4000000
7f80000
0000080
7ffff80
7ffffff
2000000
007f000
7f6c0c3
0000200
0000200
7ffffff
4000000
0000001
007f000
0000300
000007f
2000000
0000300
0000000
00000ff
4000000
4000000
00001c0
3ffffff
00001c0
0000080
00001c0
2000000
00ae655
3f80000
000007f
0000100
3ffffff
4000000
0000001
007f000
0000200
6000000
2000000
00001c0
000007f
4000000
0000300
3f80000
0000200
0000200
4000000
7f80000
3ffffff
4000000
0000300
0000000
7f80000
7fe1e21
7f80000
0000001
4000000
0000001
0000000
0000100
7ffff7f
00001c0
0000000
3f80000
7ffffff
00000ff
0000100
0000100
000007f
7ffff7f
3f80000
6000000
3f80000
4000000
7ffffff
3ffffff
7f6003e
7ffffff
00000ff
6000000
0000001
000007f
0000300
0000140
4000000
4000000
0000100
6000000
3f80000
7f80000
0000000
0097f6e
0000000
4000000
0000000
7ffff80
4000000
3f80000
4000000
00001c0
2000000
4000000
7f80000
0000300
007f000
0000080
007f000
0000200
0000300
7ffff80
7ffffff
00185e4
7ffff80
6000000
00001c0
4000000
00001c0
0000140
0000000
00000ff
7f80000
2000000
0000200
7ffff80
4000000
6000000
0000080
7ffffff
4000000
4000000
2000000
4000000
4000000
2000000
0000001
7ffff7f
0000200
3f80000
4000000
7f80000
4000000
0000200
0000100
7ffff80
00001c0
7f80000
005526e
7ffff80
7ffff7f
000007f
0000140
0000080
7ffff7f
6000000
0000100
000007f
7f80000
0000300
0000100
0000300
0000300
00001c0
00001c0
0000100
7ffff80
0000140
7ffff7f
4000000
0000080
0000100
00c25e1
0000080
0000001
00d27b3
7ffff7f
7ffff80
0000100
0000300
007f000
0000080
0000300
0000100
000007f
7ffff7f
0000000
7ffff80
4000000
4000000
3f80000
7ffff80
4000000
0000300
3f80000
000007f
007f000
4000000
0000300
007f000
00000ff
000007f
00000ff
0000001
000007f
0000200
6000000
6000000
000007f
00000ff
0000000
0000300
000007f
0000200
7f80000
0000080
3ffffff
0000000
000007f
0000300
7ffff80
4000000
0000300
6000000
4000000
7f80000
0000140
00000ff
7f04505
0000080
4000000
0000300
7ffffff
00001c0
0000300
7f80000
00000ff
4000000
00000ff
007f000
4000000
00001c0
00000ff
0000080
7ffff7f
0000200
4000000
3f80000
007f000
7ffff80
4000000
00000ff
0000100
0000300
000007f
4000000
0000001
00000ff
7ffff80
4000000
0000000
2000000
0000080
7ffff7f
7ffffff
0000080
7f80000
0000001
00000ff
00001c0
0000300
6000000
0000100
0000001
7ffff80
6000000
0000100
4000000
0000080
00001c0
3f80000
7ffff80
0000100
3f80000
4000000
007f000
3f80000
2000000
6000000
0000200
0000100
00001c0
7f80000
0000080
0000001
0000100
4000000
4000000
4000000
4000000
0000200
7ffff7f
0000080
7ffff80
000007f
4000000
7ffffff
3ffffff
0000200
00001c0
7f80000
4000000
2000000
0000140
2000000
4000000
7f80000
3f80000
00000ff
2000000
0000001
0000300
0000200
7ffffff
7f80000
7ffffff
0000140
0000200
000007f
6000000
0000000
0000080
0000080
0000080
0000000
4000000
0000200
7f80000
00000ff
0000001
00001c0
007f000
0003e26
007f000
4000000
0000000
007f000
0000140
4000000
4000000
00000ff
0000080
7ffffff
7ffffff
0000000
4000000
0000140
0000001
3f80000
7f80000
4000000
00000ff
00001c0
2000000
4000000
7fb8795
3ffffff
0000000
7ffffff
0000100
0000100
0000100
6000000
4000000
4000000
00000ff
0000140
0000140
0000300
0000001
00001c0
7f438df
0000000
7ffff80
0000200
00001c0
00001c0
4000000
00000ff
7ffff80
3ffffff
4000000
7ffff7f
7ffffff
7ffff7f
4000000
7ffffff
7ffff80
0000140
00001c0
00001c0
000007f
3ffffff
7ffffff
0000000
2000000
3f80000
0000001
0000100
00000ff
00001c0
7f80000
0000200
0000080
0000200
0000200
0000300
0000080
7ffff7f
3f80000
0000300
3ffffff
4000000
2000000
0000300
6000000
000007f
00000ff
0000200
007f000
7ffff7f
3f80000
6000000
0000000
0000200
0000080
0000140
7ffffff
7f80000
0000080
007f000
7ffff80
0000080
7ffff80
4000000
0000300
7ffff80
007d602
0000200
000007f
0000080
0000080
0000140
00001c0
3f80000
00000ff
6000000
00000ff
007f000
0000300
00000ff
7f80000
3ffffff
00001c0
4000000
007f000
0000140
7f94402
000007f
00000ff
2000000
4000000
000007f
0000200
0000001
3f80000
0000001
7ffff7f
7ffffff
006425c
2000000
7ffff7f
00001c0
0000140
009d826
0000140
0000300
0000100
000007f
007f000
0000000
2000000
2000000
7ffff7f
0000300
0000100
007f000
6000000
6000000
7ffff80
7f7a55f
001d082
4000000
0000100
2000000
00001c0
4000000
00001c0
3f80000
3ffffff
0000300
000007f
4000000
3f80000
0000140
4000000
0000001
0000200
3f80000
3f80000
3ffffff
7ffff7f
007f000
0000000
7ffff7f
0000100
7f1d810
0000200
4000000
0000001
0000200
0000300
0000001
3ffffff
00001c0
7ffffff
0039f33
7ffff7f
000007f
0000300
4000000
0000001
2000000
0000140
3f80000
000007f
7ffff80
2000000
000007f
0000200
7ffff7f
4000000
2000000
0000000
7ffff7f
7ffff7f
7f1cb2b
2000000
0000140
7ffff7f
7ffff80
6000000
0000080
7ffffff
2000000
7f80000
007f000
7ffff7f
2000000
7ffffff
6000000
7ffffff
0000000
7f80000
3ffffff
3f80000
00001c0
007f000
3ffffff
6000000
0000100
6000000
0000200
3f80000
7ffff7f
7f80000
2000000
7ffff7f
0000080
7f80000
0000200
00000ff
3f80000
7ffff7f
00001c0
7ffff7f
00001c0
7f80000
00020fa
2000000
00001c0
4000000
0000001
0000100
0000000
3ffffff
0000001
007f000
7ffff7f
7f80000
000007f
00001c0
7ffffff
007f000
3ffffff
000007f
0000140
3f80000
00000ff
4000000
0000080
3ffffff
0000300
3ffffff
0000100
6000000
7ffff80
0000080
3f80000
7ffff80
007f000
0000080
7ffff7f
4000000
0000001
00001c0
7ffffff
007f000
4000000
0000080
2000000
0000080
007f000
7ffffff
0000100
0000001
7f80000
7ffffff
4000000
000007f
7ffffff
0000140
4000000
00001c0
3ffffff
0000140
7ffff80
007f000
007f000
4000000
0000000
00001c0
007f000
3ffffff
00000ff
00001c0
0000100
2000000
7f378d9
00000ff
007f000
0000300
0000080
00000ff
4000000
4000000
3ffffff
00484f4
0000200
2000000
4000000
0000140
3f80000
00000ff
0000001
2000000
00001c0
0000100
4000000
7f80000
007f000
0000140
0000080
0000080
7ffffff
7ffff7f
0000000
00000ff
000007f
000007f
7ffffff
7f80000
0000001
007f000
0000200
00000ff
7ffff7f
0000140
6000000
7ffff80
00001c0
0000200
00b0a5d
3ffffff
7ffffff
4000000
4000000
3f80000
007f000
007f000
0000001
0000000
00001c0
4000000
0000140
000007f
00000ff
00000ff
7ffff7f
2000000
4000000
007f000
00000ff
0000001
7ffff80
00001c0
7f80000
0000080
7f8fb59
4000000
0000080
2000000
4000000
3f80000
6000000
0000080
0000300
007f000
3ffffff
00000ff
007f000
00001c0
0000080
7ffffff
2000000
4000000
0000001
0000000
4000000
4000000
0000080
4000000
3ffffff
2000000
7f80000
000007f
0000080
004e593
0000140
0000080
0000200
000007f
4000000
00aba38
0000300
7ffffff
0000300
7f40177
7ffff7f
2000000
0000200
000007f
7ffff7f
0000100
3f80000
2000000
7ffff7f
4000000
0000000
3ffffff
7ffff7f
0000200
7ffff80
4000000
00000ff
000007f
3f80000
7ffffff
00001c0
7f80000
7ffffff
7ffff7f
0000001
6000000
7ffffff
0000140
7f80000
0000001
00001c0
0000100
4000000
0000300
3ffffff
0000300
0000140
0000200
2000000
4000000
3ffffff
0000001
4000000
00001c0
4000000
2000000
0000001
7ffff7f
7f80000
4000000
007f000
00001c0
0000300
7ffff80
00001c0
3f80000
3ffffff
6000000
000007f
0000080
7ffff80
4000000
007f000
3f80000
4000000
007f000
0000080
7ffff7f
0000100
0000080
7ffff7f
6000000
7f80000
007f000
4000000
0000080
6000000
0000000
4000000
0000000
00001c0
3f80000
000007f
3ffffff
7ffffff
3ffffff
7ffff7f
00000ff
00000ff
0000300
0000300
0000080
0000140
7f80000
7ffff80
0000200
007f000
3ffffff
7ffff7f
00001c0
0000100
4000000
0000001
0000300
007f000
0000001
0000200
0000300
007f000
7ffff80
7f80000
0000080
0000080
2000000
005cc9d
4000000
7ffffff
4000000
0000001
2000000
000007f
4000000
0000080
0000140
7ffff7f
7f80000
7ffff7f
4000000
4000000
00000ff
7ffffff
0000001
000007f
007f000
0000300
0000001
3ffffff
7f80000
0000200
2000000
0000100
0000140
7ffffff
6000000
0000200
4000000
7f80000
7ffffff
0000001
00000ff
6000000
0000001
00000ff
0000300
0000200
6000000
4000000
7ffff80
7ffffff
00001c0
00001c0
0000140
3ffffff
3f80000
2000000
00000ff
0000100
00001c0
4000000
7ffff80
4000000
7f59b0e
0000100
00000ff
0000200
0000001
000007f
000007f
0000000
0000300
7ffff7f
000007f
7ffff7f
3ffffff
0000001
000007f
00001c0
00001c0
7ffd436
0000000
6000000
0000140
4000000
7ffff80
007f000
000007f
007f000
0000140
7ffff80
6000000
00c32a3
7f80000
7ffff80
000007f
00001c0
7fb89c7
0000100
3ffffff
0000000
7ffff80
6000000
00000ff
7ffff7f
0000001
3f80000
00fd006
3ffffff
0000080
7ffffff
0000001
7ffff7f
7f80000
7fa7eab
0000100
2000000
7ffff7f
7f80000
3ffffff
7ffffff
3f80000
0000001
6000000
0000080
0000100
4000000
007f000
0000100
0000001
0000001
4000000
0000001
000007f
006da3f
3ffffff
0000001
3f80000
000007f
0000140
0000001
007f000
7ffffff
00001c0
3ffffff
4000000
0000000
0000200
3ffffff
2000000
7ffffff
007f000
0000300
00001c0
0000000
0000140
2000000
0000001
6000000
0000100
00000ff
00001c0
4000000
0000300
00001c0
0000200
0000300
6000000
3ffffff
007f000
0000001
7ffff80
7ffff7f
0000001
3ffffff
00001c0
3f80000
4000000
00000ff
0000300
0000001
0000001
0000140
7ffff7f
007f000
0000200
0000100
7ffff7f
7f7d925
0000080
3ffffff
6000000
00000ff
0000100
0000001
0000100
7ffffff
000007f
0000300
7ffff80
0000140
0000000
6000000
0000080
4000000
0000300
7f80000
0000001
000007f
0000200
4000000
7ffff80
0000100
4000000
00000ff
7f80000
4000000
2000000
7f95fde
7ffff7f
4000000
0000080
7ffff80
0000100
4000000
7ffff7f
7f90761
007f000
7f80000
4000000
2000000
0000001
00001c0
3f80000
0000001
4000000
2000000
0000140
0000001
3f80000
0000080
0000000
000007f
4000000
00001c0
0000001
00000ff
7ffff80
3f80000
0000001
0000200
00001c0
2000000
0000300
7ffff7f
7ffffff
0000100
3f80000
0000080
7ffff80
3f80000
7f4632f
7f10d1a
7ffff80
7ffffff
4000000
007f000
0000000
0000300
7f80000
0000300
000007f
0000100
3f80000
2000000
3f80000
7ffffff
3f80000
2000000
000007f
4000000
4000000
4000000
0000100
0000001
00000ff
00001c0
6000000
7ffff80
000007f
7ffffff
0000140
0000140
007f000
7ffffff
7f80000
0000200
7f80000
3ffffff
007f000
4000000
000007f
00000ff
4000000
0000000
3f80000
7ffffff
3ffffff
0000100
0000200
007f000
0000080
3ffffff
00001c0
4000000
4000000
7ffff80
000007f
0000100
0000100
0000200
2000000
2000000
007f000
0000001
0000300
7ffff80
4000000
00001c0
0000140
4000000
0000200
00abbe6
00000ff
000007f
0000001
0000000
4000000
0000300
4000000
00001c0
7ffff80
2000000
7ffff7f
000007f
0000080
7ffffff
4000000
7ffffff
7ffffff
0000001
3f80000
004872d
7ffff80
000007f
0000100
000007f
6000000
2000000
6000000
4000000
7ffff80
4000000
4000000
00000ff
00001c0
0000000
00000ff
4000000
0000140
6000000
0000100
0000200
3f80000
7ffffff
0000140
0000200
0000080
4000000
007f000
7fa7698
4000000
3f80000
7fb1ff9
3ffffff
7ffff80
3f80000
0000140
0000080
7ffffff
7ffff7f
7ffffff
4000000
0000000
0000000
00000ff
7f80000
4000000
0000080
4000000
7fa8f84
7ffff80
00e19d5
3f80000
4000000
7ffff7f
00000ff
0000140
000007f
3ffffff
6000000
0000000
2000000
000007f
0000080
4000000
00a809a
6000000
7ffffff
0000300
0000140
0000080
0000080
00001c0
0000300
0000300
2000000
6000000
3ffffff
00000ff
6000000
007f000
0000001
4000000
7ffff80
3ffffff
7ffffff
0000300
00001c0
00000ff
6000000
007f000
7ffff7f
0000100
0000080
7ffffff
7ffffff
00001c0
0000080
3ffffff
2000000
007f000
3f80000
0000080
4000000
0000001
0000200
3ffffff
00000ff
0000001
4000000
0000140
3ffffff
0000140
000007f
0000100
7ffffff
7ffffff
0000000
7ffff80
2000000
00001c0
000007f
007f000
00001c0
0000200
3f80000
0000300
007f000
4000000
000007f
0000080
7ffff80
3f80000
7ffff80
0000080
4000000
0000300
000007f
4000000
000007f
7ffff7f
0000200
007f000
4000000
007f000
0000200
4000000
4000000
0000001
0000140
3ffffff
3ffffff
0000001
7ffffff
0000300
4000000
0000001
7f80000
0000140
4000000
7ffff7f
7f80000
00d8c33
7f80000
2000000
0000001
7ffff7f
00001c0
4000000
7ffffff
0000300
00001c0
2000000
00001c0
0000200
7f80000
3f80000
3f80000
4000000
0000200
0000080
7ffffff
7ffffff
0000300
7f9b189
00000ff
007f000
007f000
7ffffff
0000080
007f000
0000100
0000000
4000000
007f000
4000000
6000000
007f000
005ae33
7f80000
0000100
0000300
4000000
7f09b32
0000080
000007f
2000000
0000200
3f80000
4000000
0000080
7ffffff
4000000
0000000
0000000
4000000
6000000
007f000
0000000
007f000
0000001
00001c0
007f000
3ffffff
7ffffff
002f522
0000001
4000000
4000000
0000000
4000000
0042199
0000200
6000000
0000000
0000080
00000ff
0000200
4000000
7ffff80
7ffffff
0000001
0000300
0000140
4000000
7ffff80
0000080
4000000
000007f
4000000
7ffff7f
00000ff
4000000
6000000
6000000
0000100
0000080
7f6f431
0000200
7ffff80
0000000
4000000
0000300
0000140
7fba513
4000000
4000000
0000080
7ffff80
0000001
0000200
00ff669
7ffff80
7ffffff
2000000
4000000
6000000
00000ff
7f80000
0000200
00001c0
0000080
7ffff7f
3ffffff
0000200
4000000
7fda8fe
6000000
2000000
3ffffff
3f80000
7f80000
000007f
3f80000
7ffff80
4000000
2000000
0000100
00001c0
7ffff80
0000100
0000100
7ffff80
0000000
00001c0
00b5005
4000000
0000000
000007f
007f000
4000000
0000080
4000000
7ffffff
4000000
0000100
0000200
7f80000
7ffff80
0000000
00001c0
4000000
0000140
0000200
3f80000
0000200
6000000
0000140
6000000
0000000
3ffffff
3f80000
0000001
3ffffff
007f000
3f80000
7f80000
4000000
0000000
000007f
7ffffff
6000000
4000000
6000000
0000000
7ffff80
008bc1c
0000001
0000001
0000140
7ffff7f
0000200
7ffff80
6000000
2000000
00000ff
005e8f1
0000200
0000200
0000200
7ffff80
0000100
7ffffff
4000000
0000100
0000100
6000000
7ffff80
7ffffff
6000000
6000000
0000100
0000200
0054328
3ffffff
0000080
00001c0
4000000
0000100
0000100
0000001
7ffff7f
3ffffff
6000000
7ffff80
003b2b5
0000000
4000000
4000000
007f000
7f80000
3ffffff
0000001
2000000
7ffff80
7ffffff
0000200
7f9dae1
0000000
7ffff7f
7fdf784
7f80000
0000001
4000000
6000000
0000000
0000000
0000100
007f000
0000000
0000300
0000000
0000001
7ffffff
3f80000
007f000
3f80000
00953aa
4000000
0000140
3f80000
6000000
7fc3cff
0000140
0000300
0000080
0000200
0000200
4000000
2000000
4000000
007f000
7f80000
3ffffff
7ffff80
0000200
0000100
4000000
0000080
4000000
0000001
4000000
7ffffff
0000200
7ffff80
7ffffff
7f80000
0000000
4000000
2000000
4000000
0000001
3ffffff
0000140
7ffff7f
4000000
0000000
3ffffff
00001c0
00001c0
0000000
7f80000
4000000
00001c0
0072e8a
3f80000
7ffffff
0000080
2000000
3f80000
000007f
7f9efe7
000007f
00001c0
0000200
000007f
000007f
000007f
7ffffff
00000ff
7ffff7f
00000ff
0000140
4000000
0000300
4000000
00001c0
000007f
7ffff80
007f000
007f000
0000100
4000000
0000140
7f80000
007f000
4000000
7ffff7f
0000140
00000ff
4000000
0000200
6000000
7f80000
00000ff
4000000
0000001
4000000
7f80000
0000140
0000200
7ffff80
0000140
007f000
0000200
2000000
0000100
7ff848c
0000140
3f80000
7fad651
0000140
007f000
0000300
0000080
7f66f23
00000ff
2000000
0000001
3ffffff
00001c0
00000ff
7ffff7f
0000080
0000140
0000200
00000ff
0000100
0000100
00001c0
0060c37
4000000
4000000
2000000
4000000
0000300
0000001
7ffff80
007f000
0000080
4000000
7f80000
00001c0
0000140
4000000
007f000
4000000
0000140
0000200
0000000
7ffff7f
3f80000
7ffff80
7fa4b57
000007f
0000140
0000100
007f000
0000000
3ffffff
0000100
0000300
00001c0
7ffff7f
7ffff80
0000080
000007f
00001c0
7ffff7f
7ffff7f
000007f
4000000
00001c0
7f80000
0000001
0000140
00000ff
0000001
0000000
7ffff80
7f80000
00000ff
0000001
2000000
0000080
3f80000
0000000
0000000
3f80000
000007f
7ffff80
3f80000
0000140
0000200
7ffff80
00204b2
000007f
2000000
0000100
7ffff7f
000007f
0000100
7f80000
7f80000
0000140
0000200
00001c0
0000140
0000200
00000ff
2000000
6000000
3ffffff
3f80000
00000ff
0000100
7ffffff
0000000
000007f
7ffff7f
7ffff7f
4000000
7fa0b36
7ffffff
7f80000
007f000
4000000
008a1f7
4000000
4000000
00000ff
0000001
0000000
0000140
3ffffff
4000000
0000100
00001c0
7f80000
0000001
0000100
2000000
00001c0
0000300
0000300
000007f
7ffff7f
0000000
4000000
7ffffff
00000ff
0000200
3ffffff
7ffff7f
0000200
0000100
3f80000
7ffffff
007f000
0000140
6000000
4000000
0000200
0000000
3ffffff
0000100
000007f
0000300
0000200
7f80000
000007f
4000000
0000100
3ffffff
3f80000
0000001
0000140
6000000
0000080
007f000
007f000
3f80000
4000000
00000ff
4000000
000007f
7f80000
7fc9eb8
6000000
0000200
4000000
0000000
0000000
2000000
00000ff
4000000
3f80000
7ffff80
00000ff
0000080
0000001
0000000
0000140
007f000
0000300
7f80000
0000200
7ffff7f
0000080
0000100
3ffffff
4000000
7ffffff
0000001
7ffffff
3ffffff
3ffffff
0000140
6000000
3f80000
00000ff
0000140
7ffff80
0000300
4000000
007f000
4000000
7ffff7f
3f80000
2000000
4000000
3ffffff
000007f
4000000
007f000
4000000
6000000
6000000
0000001
3f80000
00000ff
000007f
0000001
007f000
00001c0
4000000
7ffffff
0000140
0000000
000ece1
4000000
0000140
3f80000
0099f8d
000007f
7ffffff
00000ff
00c2d2c
4000000
0000000
00001c0
7f80000
3ffffff
0000000
000007f
7ffff7f
7ffffff
7f45036
6000000
0000300
3ffffff
7ffff80
0000001
0000080
0000140
00001c0
0000080
0000001
3ffffff
0000100
3ffffff
0000140
7ffffff
00000ff
3f80000
6000000
007f000
007f000
0000300
000007f
001caa4
4000000
0000200
7ffff7f
7ffff80
0000100
6000000
7ffffff
7ffffff
3f80000
00001c0
4000000
4000000
3ffffff
4000000
000007f
7ffff7f
7ffff80
007f000
4000000
000007f
0000001
0000140
3ffffff
4000000
6000000
0000300
7ffffff
6000000
3f80000
3f80000
7ffffff
4000000
00001c0
7ffff7f
4000000
0000200
0000001
0000300
0000200
007f000
7ffff80
0000140
4000000
0000300
0000000
7ffffff
0000001
0000100
3f80000
0000300
3f80000
0000000
0000300
0000001
0000140
0000000
0000200
0000001
4000000
4000000
000007f
0000001
0000100
0000200
0000080
0000140
0000080
6000000
0000000
0000300
0000080
007f000
0000200
0000200
7ffff80
7f80000
0000080
7ff1b83
4000000
0000080
00000ff
3ffffff
7ffffff
0000100
007f000
00c2a4b
0000001
0000100
0000100
007f000
0000001
2000000
00000ff
0000000
0000140
0000200
0093f13
0000140
3f80000
0000001
000007f
3ffffff
6000000
4000000
4000000
7ffffff
0000100
0000140
3f80000
0000001
4000000
00000ff
0000140
7ffffff
0000100
0000140
007f000
00001c0
00000ff
7ffffff
0000200
7f80000
0000200
4000000
3ffffff
0000080
0000200
2000000
7f80000
0000200
4000000
0000001
7f39a33
0000000
0000100
00001c0
7f80000
3f80000
0000000
7ffffff
4000000
6000000
2000000
6000000
3f80000
000007f
6000000
0000200
00001c0
2000000
7f80000
7ffff80
7ffffff
007f000
0000200
00001c0
00001c0
3ffffff
4000000
6000000
3ffffff
007f000
00000ff
0000100
0000100
3f80000
0000080
0000000
4000000
4000000
7ffff7f
00000ff
3f80000
0000000
000007f
6000000
00c932f
0000140
3ffffff
3ffffff
7ffff7f
0000000
7ffff7f
0000140
4000000
00000ff
00001c0
4000000
0000001
7ffffff
3f80000
0000200
2000000
0000100
0000100
0000100
007f000
0000200
4000000
002adf9
7f80000
7ffff80
7fe43e1
0000001
002dcc8
3ffffff
00ba84a
00000ff
6000000
4000000
0000100
7f80000
0000200
007f000
7f80000
002ec83
2000000
0000001
00001c0
7ffffff
000007f
0000001
0000200
7ffff7f
009a53e
3ffffff
0000140
0000140
0000140
0000200
000007f
2000000
007f000
4000000
4000000
0000140
0000000
3f80000
7ffff80
0000000
7ffffff
0000300
0000100
4000000
3f80000
2000000
3ffffff
0000300
0000000
000007f
0000000
0000001
3f80000
7ffff80
0000080
007f000
0000100
7ffffff
0000140
00001c0
00001c0
4000000
000007f
4000000
4000000
4000000
3ffffff
3f80000
7ffff80
7f80000
4000000
4000000
00000ff
000007f
7ffff7f
0000140
2000000
7ffff80
0000100
0000080
2000000
6000000
7f80000
6000000
0000200
7ffffff
6000000
3f80000
0000300
007f000
7fe18eb
0000300
00001c0
4000000
0000000
4000000
0000000
6000000
0000140
0000100
3f80000
007f000
4000000
0000140
0000080
3f80000
7ffff80
2000000
3ffffff
7ffff80
0000000
4000000
00001c0
7f80000
3f80000
000007f
4000000
0000000
3ffffff
7ffff80
0000140
0000140
4000000
7ffffff
3f80000
0000140
7ffff80
0000100
7ffff80
0000001
000007f
7ff652f
0000000
3f80000
00000ff
4000000
4000000
7f45516
00000ff
0000080
0000300
0000140
2000000
0000001
0000200
0000080
2000000
4000000
0000100
0000200
4000000
003dca5
000007f
0000000
7ffff80
6000000
4000000
00000ff
000007f
0000200
6000000
0000080
0000001
00000ff
7ffffff
0000100
3f80000
00001c0
0000140
4000000
0000080
6000000
7f291c7
007f000
00000ff
0000140
007f000
0000140
000007f
4000000
0000140
0000300
007f000
4000000
2000000
0000080
3f80000
3ffffff
7f80000
7ffff7f
3ffffff
7fb6c0b
0000140
4000000
0000001
000007f
3f80000
6000000
4000000
4000000
7ffff7f
00001c0
0000140
0000140
007f000
0000300
2000000
00000ff
0000100
3f80000
0000300
7fcb769
0000200
7ffffff
2000000
4000000
000007f
00000ff
4000000
3f80000
4000000
4000000
7ffff80
3ffffff
0000300
0000001
0000140
4000000
7f80000
3ffffff
0000080
4000000
000007f
3ffffff
0000000
0000200
4000000
7ffff7f
00000ff
0000140
0000100
007f000
0000200
000007f
4000000
7f5758c
4000000
7ffff80
0000000
0000080
0000000
3ffffff
00000ff
3f80000
2000000
7fd724a
4000000
6000000
0000140
7f814f7
7f80000
0000140
007f000
3f80000
000007f
0000001
7ffff80
4000000
3ffffff
7ffff7f
0000100
00000ff
4000000
00001c0
0000140
3f80000
4000000
0000200
7ffffff
0000140
0000300
0000080
4000000
7ffffff
00e8fe7
00000ff
4000000
4000000
00001c0
00001c0
0000001
0000200
0000100
6000000
7ffffff
3ffffff
7f80000
00001c0
4000000
0000300
4000000
4000000
4000000
4000000
0000000
0000300
000007f
4000000
00001c0
0000300
7f80000
007f000
0000080
7ffff7f
0000100
7ffffff
7f80000
2000000
3f80000
0000080
4000000
000007f
00001c0
00001c0
7ffffff
0000200
7ffff80
0000080
6000000
007f000
00001c0
0000200
7ffffff
007f000
4000000
4000000
00cfe96
0000000
7f80000
00001c0
4000000
0000200
6000000
7ffffff
7ffffff
0000000
0000140
0000080
7ffff7f
0000000
0000100
7ffff7f
0000001
00001c0
4000000
7ffffff
3ffffff
7ffffff
000007f
0000200
4000000
3ffffff
7f80000
4000000
7ffffff
3ffffff
4000000
4000000
00000ff
7ffff7f
7ffffff
7f71496
7f80000
3f80000
00000ff
0000001
7ffffff
0000140
4000000
2000000
0000000
7ffffff
0000080
0000100
6000000
2000000
2000000
3ffffff
0000001
00001c0
0000000
2000000
0000200
0000000
00000ff
00cb69c
0000140
6000000
6000000
3ffffff
7ffffff
4000000
0000300
7ffffff
2000000
7ffff80
3f80000
4000000
0000200
0000140
0000000
0000080
7fdc3c1
00001c0
0000000
7f80000
0000080
7ffff80
7ffff80
0000200
7ffff7f
4000000
0000001
007f000
7ffffff
0000000
00000ff
0000000
00001c0
7ffff80
3ffffff
0000200
7ffff80
00001c0
3ffffff
6000000
0000100
0000200
3f80000
0000200
7ffffff
4000000
4000000
0000080
007f000
007f000
7ffff80
00000ff
2000000
007f000
0000200
0000200
0000200
3ffffff
4000000
0000100
7f1cafc
0000200
2000000
0000080
000007f
0000100
0000300
0000300
0000001
0000140
0000001
0000140
3ffffff
7ffff80
4000000
0000140
007f000
0000100
0000000
0000140
0000080
7ffff80
2000000
0000200
6000000
7f80000
0000200
00000ff
000007f
4000000
0000080
00001c0
7ffff7f
4000000
0000300
7fa2b79
0000300
007f000
00001c0
4000000
2000000
7f80000
4000000
4000000
0000000
7ffff80
7ffff7f
0000200
3f80000
4000000
00000ff
7ffffff
7ffff80
3ffffff
3f80000
7ffffff
4000000
00000ff
7ffff80
007f000
0000000
0000080
7ffff80
6000000
0000080
0000000
7f80000
00001c0
0000080
4000000
0000100
7f80000
3ffffff
2000000
0000000
3f80000
2000000
0000080
0000300
3ffffff
7ffffff
00001c0
0000140
0000000
0000080
6000000
3ffffff
3f80000
007f000
00120d5
0000001
0000100
00000ff
000007f
00000ff
00000ff
0000080
00001c0
7ffffff
0000200
3f80000
0000140
4000000
0000080
0000000
2000000
4000000
3f80000
2000000
3ffffff
0000080
7ffffff
3ffffff
0000140
0000001
0000300
7f80000
000007f
00001c0
3f80000
6000000
000007f
0000100
4000000
000007f
4000000
6000000
7ffff80
4000000
0000300
7f80000
00001c0
3f80000
7ffff7f
0000000
0000080
6000000
3f80000
3f80000
4000000
00000ff
7f062de
00001c0
00000ff
7ffff80
00001c0
3ffffff
000007f
0000080
7f80000
7ffff7f
0000000
7f80000
3f80000
00000ff
0000080
3f80000
0000100
6000000
3ffffff
0000000
000007f
000007f
0000000
3ffffff
0000000
0000001
4000000
0000200
3ffffff
6000000
0000200
000007f
4000000
0000080
0000080
0000080
2000000
7ffff7f
0000200
7ffff80
0000300
0000001
0000001
4000000
7f8f1fd
0000300
0000080
000007f
4000000
0000140
00001c0
0000200
2000000
0000001
00001c0
007f000
7f80000
6000000
7f80000
0000100
7ffffff
3f80000
6000000
00001c0
4000000
4000000
4000000
0000200
6000000
7f80000
0000001
2000000
0000200
0000300
0000100
0000200
0000100
009fe9c
000007f
00000ff
7f80000
3f80000
00001c0
4000000
7ffff80
3ffffff
00001c0
0000200
7ffff7f
007f000
2000000
6000000
4000000
00001c0
3f80000
4000000
7ffff7f
007f000
00000ff
000007f
0000140
4000000
00000ff
0000300
3ffffff
6000000
7ffff80
0000200
0000000
0000140
7ffff7f
3ffffff
0000001
4000000
7ffffff
4000000
0000080
0000001
000007f
7f57c90
7ffff7f
0000000
7ffffff
0000080
3ffffff
7fbfc33
00000ff
004198f
4000000
4000000
0000080
3ffffff
7ffffff
0000300
00000ff
0000200
0000300
0000100
0000001
7f06422
4000000
3f80000
0000100
0000080
0088bc3
4000000
0000080
4000000
00001c0
0000001
00000ff
0000001
0000140
6000000
0000300
007f000
0000000
0000300
7f7f07b
0000200
4000000
0000200
0000000
7ffffff
0000080
0000200
0000000
4000000
7ffff7f
4000000
2000000
2000000
6000000
4000000
4000000
0000000
00000ff
0000100
000007f
0000300
4000000
0000000
0000000
0000200
6000000
7ffff7f
4000000
2000000
4000000
4000000
000007f
000007f
2000000
0000001
4000000
3f80000
3f80000
000007f
7f27d0a
7ffffff
0000300
3f80000
0000300
0000200
3f80000
4000000
007f000
0000080
0000140
4000000
0000140
7ffff80
0000200
2000000
00000ff
3f80000
4000000
4000000
0000001
7fa5dce
2000000
00000ff
7ffffff
2000000
6000000
000007f
6000000
4000000
0000140
00000ff
0039edc
6000000
0000080
7ffff7f
7ffff80
7f80000
3ffffff
4000000
007f000
0000001
0000140
0000100
7f80000
00000ff
6000000
7f80000
2000000
4000000
0000300
007f000
4000000
4000000
3ffffff
0000100
7f80000
0000100
007f000
7f80000
4000000
7ffff7f
3f80000
000007f
6000000
7ffff7f
0000080
3ffffff
4000000
7ffff80
3ffffff
7f80000
0000100
00e9a1b
0000140
4000000
3ffffff
4000000
7ffff7f
4000000
007f000
0000200
4000000
0000100
7ffffff
007f000
0000300
0000140
6000000
4000000
0000200
2000000
0000140
3f80000
2000000
4000000
0000200
6000000
0000300
3ffffff
0000100
7fa1957
0000200
7ffff80
3ffffff
0000300
000007f
007f000
00001c0
6000000
00000ff
7ffff7f
4000000
3f80000
0000000
007f000
7ffffff
0000300
3f80000
7ffff80
0000140
4000000
00001c0
0000000
0000000
0000140
4000000
0000200
0000200
7ffff7f
00000ff
4000000
0000300
0000080
7ffff7f
0000140
0000140
0000300
7ffffff
0000000
0000100
6000000
2000000
7ffffff
0000140
7ffff80
0000200
2000000
0000300
0000140
7ffff7f
7ffff7f
0000300
00cbeca
7ffff80
0000100
4000000
0000300
007f000
0000001
0000300
007f000
7ffffff
4000000
0000100
4000000
0000080
4000000
7ffff80
0000001
0000000
3f80000
7ffff80
0000100
00000ff
0000000
0000140
0000300
7ffff7f
0000001
0000140
4000000
7ffff7f
7ffffff
0000001
7ffffff
4000000
0000000
7ffff7f
4000000
00000ff
0000140
3f80000
0000080
2000000
00001c0
007f000
7ffff7f
2000000
4000000
0000001
6000000
0000140
7ffff80
4000000
0000000
0000100
0000001
2000000
00000ff
00001c0
7ffff80
00001c0
0000140
7f68986
000007f
2000000
0000001
007f000
7f80000
7ffff7f
7ffff80
0000200
2000000
7ffff7f
007f000
0000080
4000000
4000000
7ffff7f
2000000
4000000
4000000
0000001
6000000
4000000
0000080
7fc8d3a
2000000
7ffff7f
0000100
000007f
7ffff80
3ffffff
0000001
2000000
00001c0
2000000
00949c5
2000000
4000000
0000080
0000000
0000100
000007f
000007f
0000000
0000100
7ffff7f
00001c0
4000000
4000000
0000140
00001c0
0000000
0000001
7f26f6d
00483ea
0000080
0000300
4000000
7f80000
7ffff7f
007f000
0000100
00000ff
4000000
3f80000
0000100
0000001
0000200
7ffff80
0000300
2000000
0000200
7ffff7f
0000001
00001c0
00001c0
3f80000
7ffffff
0000000
000007f
0000080
7f80000
3ffffff
6000000
7ffff7f
7ffff7f
0000200
0000140
6000000
7ffff7f
7ffffff
0000140
0000200
0000000
7f80000
0000200
7ffff7f
00001c0
4000000
3f80000
0000140
0000001
7ffffff
0000140
3f80000
6000000
7f80000
0000001
007f000
7ffffff
4000000
0000000
00001c0
00000ff
0000300
7ffff80
0000300
0000300
7ffff80
00bb487
4000000
0000000
2000000
7ffffff
7ffffff
7f80000
4000000
0000100
0000001
000007f
7ffff80
0000300
6000000
0000001
0000200
0000001
7fe957b
00001c0
3f80000
0000000
4000000
2000000
4000000
4000000
00001c0
000007f
4000000
0000140
7ffffff
0000200
3f80000
007f000
0000200
4000000
00001c0
0000001
7f80000
0000200
3ffffff
7ffffff
0000080
0000080
3ffffff
0000100
7f80000
0000300
3ffffff
0000300
7ffff7f
4000000
000007f
4000000
0000080
7ffff7f
0000200
00fe150
00001c0
0000080
0000000
6000000
4000000
0000200
7f80000
0000140
007f000
0000000
00001c0
0000200
00000ff
0000200
0000300
2000000
3f80000
4000000
0000300
6000000
4000000
0000200
2000000
4000000
7ffff7f
0000000
3f80000
0000200
4000000
0085aa8
00000ff
4000000
7ffff80
2000000
4000000
007f000
0000001
0000000
2000000
7ffffff
4000000
3ffffff
0000001
4000000
000007f
000007f
6000000
00000ff
0000140
4000000
7ffff80
3f80000
00001c0
3f80000
00001c0
00001c0
3ffffff
4000000
0000140
7f80000
00000ff
00a515c
000007f
0000100
000007f
2000000
4000000
00001c0
0094df4
000007f
0000000
0000001
0000140
000007f
000007f
7ffff80
3ffffff
0000000
3ffffff
4000000
4000000
7ffff7f
0000300
0000001
0000001
4000000
0000140
00000ff
0000300
7f29916
7f80000
4000000
3f80000
00001c0
3f80000
3f80000
7ffff80
0000300
4000000
6000000
0000140
7ffff80
0000000
4000000
7ffff7f
00000ff
0000001
2000000
0000100
7ffff7f
004a7fb
000007f
0000300
7f83663
4000000
4000000
00d4cb9
7ffffff
4000000
7ffff80
0000200
0000000
7f378f0
00001c0
7ffffff
0000200
0000001
6000000
0000140
0000300
0000001
3f80000
00001c0
2000000
4000000
4000000
007f000
3f80000
7f3c8f6
0000080
0000140
007f000
0000300
7ffffff
7f80000
7ffff7f
7ffffff
007f000
3ffffff
4000000
4000000
6000000
7f80000
000007f
0000080
00000ff
4000000
00000ff
4000000
7ffff7f
000007f
007f000
0000001
0000100
7ffffff
7f80000
4000000
00000ff
4000000
0000100
007f000
0000140
2000000
4000000
4000000
4000000
3ffffff
0000001
0000000
3ffffff
00001c0
4000000
7ffffff
00b7a77
0000200
0000300
7ffffff
7ffc96c
0000200
0000100
0000140
4000000
0000001
0000000
00001c0
3f80000
4000000
7ffffff
6000000
0000080
0000001
7f76443
0000300
0000300
7fa82f4
0000200
0000080
0000300
0000140
7ffff80
7ffff80
0000200
000007f
00001c0
7f05426
0000001
0000100
7ffffff
00af7d1
7ffff80
00001c0
007f000
0000300
0000300
7ffff7f
0000300
7f80000
0000080
7ffffff
7fd2827
0000000
000007f
0000001
0000100
0000140
7f80000
4000000
000007f
4000000
007f000
6000000
7f80000
0000200
4000000
0000140
7ffffff
0000001
7ffffff
6000000
3ffffff
00001c0
00d6727
4000000
7ffff80
00f53bd
000007f
7f80000
6000000
7ffffff
3ffffff
0000080
3ffffff
7ffffff
0000200
00001c0
00001c0
0000140
0000001
7ffff80
2000000
00001c0
00000ff
4000000
4000000
4000000
3ffffff
00001c0
3ffffff
7ffff80
00001c0
00001c0
4000000
4000000
0000080
00000ff
2000000
4000000
00001c0
2000000
00000ff
2000000
3f80000
7ffff80
0000200
00000ff
0000140
0000001
4000000
4000000
3f80000
0000080
7f80000
3ffffff
0000100
4000000
0000080
00000ff
0000000
7f80000
4000000
7ffffff
000007f
0000080
7ffff80
7ffffff
4000000
007f000
3f80000
2000000
007f000
0000000
7ffffff
0000200
0000200
00000ff
7ffffff
7ffffff
00000ff
4000000
0000080
00001c0
00000ff
7ffffff
2000000
3f80000
4000000
000007f
6000000
7ffff7f
3ffffff
3ffffff
0000100
00001c0
7ffff80
7f80000
7ffffff
4000000
3f80000
4000000
4000000
0000100
0000000
3f80000
007f000
0000200
2000000
7ffff7f
0000140
7ffffff
0000080
00001c0
00001c0
00001c0
007f000
4000000
0000300
0000100
2000000
7f4a2b9
0000200
7ffff7f
007f000
0000100
00001c0
4000000
0000080
0000001
0000000
000007f
0000000
00001c0
0000080
002fcad
4000000
0000140
7f34f9b
3ffffff
00dd75e
2000000
7ffff80
0000100
4000000
7ffff80
2000000
3f80000
0000300
007f000
0000000
000007f
0000080
0000200
7ffff7f
7f56134
7f80000
4000000
0000300
2000000
00000ff
7ffff80
6000000
0000140
00000ff
0000140
0000100
3f80000
0000300
3f80000
0000001
4000000
3f80000
000007f
7ffff80
007f000
007f000
00001c0
0000001
4000000
000007f
6000000
0000200
7f80000
00000ff
4000000
0000080
7ffff7f
0000200
3ffffff
0000001
00fb13a
4000000
0000080
6000000
2000000
4000000
0000000
0000200
3f80000
4000000
3f80000
007f000
00001c0
3ffffff
0000100
4000000
2000000
000007f
0000080
4000000
7ffff7f
4000000
3f80000
7f80000
3f80000
0000100
0000140
4000000
0000000
3ffffff
7f80000
00001c0
7ffff80
7ffff80
4000000
6000000
2000000
00001c0
7ffff80
000007f
7f80000
0000001
0000000
4000000
00000ff
7ffffff
7ffff80
3ffffff
3ffffff
4000000
4000000
00000ff
6000000
7ff5b22
0000080
000007f
7ffffff
7ffff80
007f000
7ffffff
0000200
7ffffff
3f80000
00001c0
7ffff7f
0000140
0000100
0000080
7ffff7f
3ffffff
7f80000
000007f
4000000
4000000
3f80000
3f80000
000007f
0000200
4000000
7ffff7f
00001c0
0000001
7ffff80
0000300
7f80000
7ffff7f
0000001
000007f
0000200
000abab
7f80000
0000100
00000ff
00000ff
4000000
6000000
7f80000
007f000
7f04a2a
4000000
000007f
00000ff
3ffffff
0000080
007f000
7ffff7f
0000001
0000140
4000000
007f000
0000140
7ffffff
7ffff80
7ffff7f
3f80000
7f983fc
3f80000
7ffffff
6000000
3ffffff
4000000
3f80000
000007f
0000000
7ffff80
0000140
7ffff80
0000001
0000200
6000000
0000300
00000ff
0000001
0000140
0000140
3ffffff
4000000
0000080
6000000
0000001
0000200
7f80000
7f80000
4000000
0000200
0000140
007f000
0000200
0000300
7f80000
0000001
000007f
7ffff7f
7f80000
0000200
0000001
7f9ce4a
7fe930a
0000300
4000000
0000140
0000080
0000000
3ffffff
0000140
0000140
3f80000
6000000
007e307
7ffff7f
7ffff80
00001c0
00000ff
0000000
0000080
4000000
0000300
00000ff
7ffffff
7ffff7f
2000000
2000000
0000200
7ffffff
6000000
7ffff80
7ffff7f
7ffffff
7f80000
6000000
7f80000
2000000
7f80000
0000140
00000ff
0000100
2000000
4000000
3ffffff
7f2a4b6
007f000
7ffff80
2000000
7f80000
009cd91
0000140
0000300
000007f
7f80000
7f80000
007f000
0000001
0000300
0000100
007f000
00000ff
4000000
4000000
4000000
7f80000
0000080
0000300
7ffff7f
3ffffff
0000200
00bc198
00000ff
2000000
7ffff7f
2000000
7ffff7f
3f80000
7ffff7f
0000000
007f000
007f000
00001c0
00000ff
0000300
00000ff
00001c0
7ffff7f
00001c0
7ffff7f
2000000
0000300
4000000
007f000
2000000
0000300
0000001
0000100
0000080
7ffff80
4000000
0000001
0000000
7f80000
0000001
7ffffff
0000100
4000000
7ffff80
7ffff7f
0000140
000007f
0000080
00001c0
0000001
0000001
7ffff80
0000001
2000000
000007f
7f80000
3f80000
0000100
7ffffff
4000000
0000140
7ffff7f
0000300
3f80000
0000200
6000000
0000200
0000080
0000140
0000140
0000140
2000000
0000140
0000140
4000000
4000000
4000000
4000000
7ffffff
7f80000
007f000
7f80000
4000000
4000000
7ffff7f
0000200
7ffff7f
00001c0
0000200
3f80000
6000000
7f80000
0000000
0000000
7ffff80
7f7e4f0
4000000
00001c0
7ffff80
7ffff7f
00ca245
3ffffff
0000140
7ffffff
0000100
7ffff7f
7ffff80
7f80000
0000140
3ffffff
2000000
6000000
0000100
007f000
7ffff80
6000000
0086e13
7ffffff
0000100
0000200
7ffff80
009e6c1
4000000
00c5c20
0000080
7ffffff
7f80000
0000100
0000000
0000140
7ffc7da
3ffffff
00001c0
0000080
3ffffff
007f000
7ffff80
4000000
2000000
3f80000
3f80000
4000000
4000000
7ffff80
0000080
0000100
0000001
4000000
2000000
7ffffff
0000300
0000001
4000000
3ffffff
0000300
4000000
7ffff7f
7ffff80
3ffffff
0000200
00001c0
4000000
3ffffff
7ffffff
007f000
3ffffff
4000000
7f6a810
000007f
3ffffff
4000000
0000140
0000100
7ffff7f
6000000
7f80000
6000000
0000100
0000200
00001c0
000007f
7f80000
0000100
000007f
7ffff80
00b03d4
7ffff7f
7ffff80
00000ff
7ffffff
7ffff7f
0000001
000007f
7ffff7f
4000000
2000000
0000001
0000200
7ffff7f
00001c0
2000000
00001c0
00ae255
7ffff80
6000000
0000200
7f80000
4000000
4000000
0000200
3ffffff
4000000
4000000
00000ff
00001c0
0000300
4000000
3ffffff
4000000
0000200
0000300
0000140
4000000
4000000
0000080
0000000
7ffffff
0000000
003febc
00001c0
4000000
7ffffff
0000001
0000300
00ba548
0000080
2000000
3ffffff
0000100
007f000
7f80000
6000000
4000000
6000000
0000200
0000000
00000ff
0000001
7ffff7f
000007f
0000200
7f80000
0000200
0000100
4000000
4000000
7ffff80
4000000
0000300
3f80000
0000200
000007f
7ffff7f
