2f7d083
49d9258
7b6c4de
53b0776
4eb5e6a
1916001
36a191c
65720d7
0b22c4c
6df406b
530aef8
77ac403
08f70e8
2e60881
41f9e75
6fa1a1c
1aa274d
2303032
103b9c1
0a59507
66c9a7e
1c615a6
665e5e1
277623a
1b9973b
1311697
7d3ff8f
549e6c4
04ad2b2
7248c16
28722fc
7707e21
1a57b0b
23271c3
537dc5c
4e3c1bd
53e96e3
359330f
2333b72
1b512be
3a233d2
1057789
223f3aa
1ea9465
58d4411
27c2525
4a00d5e
26d54c6
6845c3d
660024b
5142129
0c9cd23
2448610
08f3264
6240e72
08fdf77
3a80402
180addf
295c35f
09d9eb7
3d644c1
2fb510c
77299bf
46343f8
5a4e164
160ee6b
695f304
1c254a8
5a275c6
3dabb32
13b80a1
4568e4d
1d356a3
64cb078
6f0ad71
55db957
0dd8510
6cb08a2
73a949c
21e2870
2f8f4bb
4508347
3e94c9d
7c75aa6
25b4e39
50be604
6e2b693
1f47169
609bc9a
4cd6c83
5bc055e
2fe7d5b
05e375d
4df6789
4d4408e
3793a4e
542d019
60c7c30
7aca267
39dd347
579faa7
2cb5774
04a8264
498331b
77690bf
0914669
0fb000a
016fb8e
085c5e5
6bf829c
27f6cc5
00666fe
711a961
6295018
0d9a7d4
4d04e20
1de8053
4587ab5
412c5c6
6a7ccd0
7bfa22a
66b6a0c
24d92ef
557fe66
1dc8ae7
3082af2
2a90136
08a3eb0
0fc67d8
72bd49a
30336ff
0236300
6339d9e
7fa0d93
21de30e
5c9f955
166fca5
2dae4d0
0bb3c8d
0f5da65
73be8a3
41d1c6a
534cc07
4859d38
7bcd5d5
7375b39
1181306
29aa3bf
281d177
4432a93
3bd7190
5ce3721
5b68b89
0720210
056dd72
2c1e87f
122ff88
35b026c
73af4ac
5dd196a
653e475
2b97405
2ca7377
581c6cd
1f51216
6a75aae
06e2c06
21718ca
5b3fdb0
3b71e78
207d3b1
48af33b
7f50b6e
10b80e1
4e9b24e
4fed693
0d865a3
70852f9
0e23d3f
395f79f
7d067ab
574cfd1
130de8a
3708410
26f105f
6953431
797e82a
6c7290a
14e8977
29bf2e6
01d4f4c
1a02e35
25aef26
3d87720
39b468b
4589179
6379905
6de1f9d
058d67e
0515473
301e110
3302ba7
377cd6b
7b33edf
582eac0
0d9dfd8
7d0277a
5fc31e3
73288d8
0011d95
6e5bd08
3310ac6
5521c3a
59549df
396bc86
297a3f7
4d4da25
2dfe2f8
305d6c6
0d99ab1
6b686b3
782542b
0a8a89c
38ea59f
6b4607d
3c3016c
4160365
5235f1c
7b8c39c
4a74f01
6ad90d3
223a744
470172b
07a05fe
441cc2c
560540b
7309f8c
169f3cd
7a7bdda
746b627
1d009d5
74670fc
2b18231
03128c3
593af04
53485d2
2d4568e
7c28588
2b5d8ab
40296d1
465217e
3d7cc05
5541920
3e2381a
4f161ea
247c411
2a66767
5f8f8c8
25d89fe
3ee4111
5227449
4d1c8d4
318d255
0991adf
3240542
37ae5f4
077aac1
307f542
4991c75
778ad77
44a9176
21ea6cc
0e9c0a2
67279d5
44bb00d
435bc17
794a3d0
5e660b5
1b8f7f0
4352b46
556632a
277f7fb
605a331
316d524
4c473be
28202b8
4dbc524
123c1b3
7aebc02
30457c5
41a7166
6fe74a9
00a9cd0
29e0dc7
1044e0c
4ece31d
2e8ae4b
7aedcf0
71c6782
679aabc
5d33766
578d78e
6d6582b
187d44d
23086c2
1ab0ece
1892d26
197b5cd
3634588
156eaa2
6f1effb
0c41637
657b834
18cc4af
32d2505
71ebdfe
76b10ea
7f0aac0
1cdd67d
6e70e40
2861851
669f75c
4d12238
28c152a
6f9bb82
23e9330
36a0c3b
2a5474f
47c319c
159da6f
4066c74
700d431
05ecbea
53287d4
0fd45cd
2080960
295ccf5
191fc84
24f2519
5e8ba1f
7d76e85
0ffa245
3e99189
6df694e
71a55a7
60b441f
2a73cb0
141f119
0158ec1
14ee041
14aab14
2436f2c
2fbc670
03da864
1da9b7c
3fc40ef
58601b6
22ea812
7a53ea0
7843fcc
15b0aa9
55b453f
7e578b1
2748454
0e24613
48b7d03
2f04913
351cee7
68f8628
085eb14
20db451
638975e
6d63730
64d22ea
7f32e4f
1c0d676
42f516c
0b8ae4a
381d763
6e7c626
0bb81e7
524343b
60d393f
3c690c0
7d6daf0
43a7550
3414dac
3f0f344
1c35dd3
0800942
431d72c
4d38b4e
44182f2
0340fd8
29dbcb9
24239b3
78815e2
5d1d2f9
3330e56
6e45a7f
6993cea
3294630
474128c
08ecafa
0e642c9
7717f53
3bbfa8d
0bf2de9
238483c
45e640e
164b6b3
45db0ec
6f4d5fe
7b329b5
2ccc2d6
366b844
67c26e2
0447822
0b25212
06f9361
7d4acfa
17573f0
305eeb7
4e3828c
67c3031
6d46a1a
7c607ec
165e285
60ab48d
6e2fdaa
51484ad
68c7c83
2b113a7
606aac2
5474c62
202cb09
7e5a83f
3dae744
6d9b96a
358e8ce
30413ae
18b1836
5953aea
0714a02
18a5a1d
1f4b042
6e90d96
3f65548
764af31
64b3f44
6c56858
1d8285a
7e1d9e2
0a9e174
3cb78e1
7e0e99a
519934e
7afbec9
6e2c4ed
3ba3a3e
07fae4f
27489aa
6a6dcbc
0985d3d
4edbfb7
032e966
751c854
46ac81d
0bafb97
0c09865
4c0357d
1fd046c
3dbac35
62446aa
3e2c54c
293d401
68c64f4
5388f2e
3d3c936
0a3f92c
52397f5
260e514
790e9ad
5b33279
2382aef
48a79f4
7f28687
7e93ed0
07baf31
5ce8a75
461bbaf
7253136
358eaac
663d475
01a46c6
17f36f9
7594f30
422a100
2a2f39d
112fdeb
3068e53
32785b6
4b0a257
3f271a6
342bbf4
19dc472
31bfa5f
5fd9392
212927a
1754fe3
6ada537
185f26b
4dabc2a
6fad937
61fccb9
5284fe7
0b372e2
44cbcfe
722ca2c
27fcd0f
4762135
6fd78c1
4f9f103
1525764
10bc241
3b19975
5b840b6
5532104
0c5645e
181f346
2b38b18
3be5157
06c6db5
12fefb6
1ffe20f
704ea55
4ab4fa3
6d9bad4
6c36224
50bb56d
14054a6
559333e
0cb7c4e
01ca6de
634c423
442b395
7d6d148
71cc196
4d32a4c
559a63d
67f85ff
1db3d66
535dd65
12bd26a
4b2f17f
164312b
5ea8865
55c17c8
22f5023
6eda24c
099175c
4e9e962
4f5ffbc
5912f7b
044cc7a
239a554
25ca58c
3f45b63
0dd002f
03bb2a3
00cce16
4889267
11733b5
3d649b6
18a8350
6055bd1
554d2ad
1aba9f2
54e13c1
1419760
5d30501
0c0e7f2
23db556
32937be
02f3834
4e3d4c8
09cc969
1dee11e
65e9b16
6cc5e55
36f200d
590aae7
5c2e7eb
2b2103e
5ef497d
433d16e
718b7c7
679e826
49d6780
07a0b30
649d832
4da2e60
5b823b5
652a980
5f2b76e
3b28791
170539d
77592fa
67ad5e9
715bf94
7d565d0
7bbb294
0f5469f
09fc02b
28bdba9
75f29d4
5134d4b
6ca6e15
67dd4fa
2e2bff1
20efe27
53eb4ce
238bf67
4917372
0e80548
19bac6c
460470b
77aa5ba
177691c
3302dbe
4f2b50d
437154d
3262761
5a96d1a
40884a3
087b8b6
6a3202d
712bede
3d896dc
2673740
0dc4131
158c37a
6c8b1f1
549421d
248740a
1233d83
1af4702
5aaba46
11c5b8e
70074cb
197a953
6d12dca
10b2d42
28f3119
3773c76
388155c
2ad3b17
12158e8
76ed179
5bd7732
419fc20
4a9e8e6
7bc084f
3f0aca7
7e7a566
4ad842f
050d943
10350df
754fd15
41db2fa
6df440e
47a8b66
3aa967c
06a4d80
7bea612
24ca6fb
14226ac
026be14
022c50e
00f9ded
2b97626
6526c33
42585ea
3f01f27
3abf758
4363460
4b63444
01b4ad9
73d40e8
7699e16
3dd0e00
4dfc6ec
6d36cf5
798a418
47a657c
3a4287b
0a4e8c9
5b32987
6ec4f61
7518b8d
6c7d19a
6938bb9
071a382
1d956e3
2f16dfc
6661d28
08d42cc
1609cbb
381f886
3119f58
15e1c48
010d169
25d1c50
0a729c3
2a2c7b9
396816f
0d19024
6e059db
2adf09c
251b28a
211e7f0
6d71333
0b3c6da
1f3a9a6
233c72e
568f254
541a221
25feab4
6f9936e
6dfa81f
0b4d4bb
10b5804
7a9d06f
667e864
09e3cbc
60ef8a6
307e3b6
4914e49
36f0992
09ea9a9
5a4ca71
7d4c4aa
2407908
6e5a655
209f1ed
2bea9bc
4a5d629
58c0883
4e8e195
59a4315
37cfbef
693365d
2986317
57b7590
74f4cce
6ad1c84
6704805
630a175
2a6260b
4527344
3b1fc22
2d7e09d
3d58184
2004c36
251e7c9
429023b
07725fe
17fa5fd
265e80b
44f564f
4721ac0
2bce3e3
414dc48
3475193
0a07819
50ed080
47e01bb
5b5e1fe
0e0a70f
62ea1c3
2e7cf8d
0426fbb
397d559
35156fb
4ed04f8
36cb418
3347b2c
3a603af
7717347
45fa158
149c82a
41a6d83
5da8b6f
37e8c95
7175997
341eac1
5ebce8f
2c2e6d6
5eb2e20
244316b
7899235
322ba39
22e622f
6645547
518a218
500eef8
4756582
2c81d6c
3bd6f67
72f70b5
7acf682
4236125
6838bb9
7d87a5d
719aa41
66a0e0a
4d8be72
621f6a8
4cd97c7
0d69c23
382922e
3f1614e
5cff02b
6039aa0
42e2d0f
0eb9846
675a96a
6977c1c
7f7ec5c
52169d4
3041452
4c6e429
79f0a90
39903f6
630a7e7
3852c68
0b96e22
771a0c1
11c6794
33cc52c
284a083
7627f90
7ed76b2
330d005
766ae92
176f163
580c017
0ef23be
0f7c9bb
2260499
29db65b
6ddecb5
7584d48
28f48c5
6f050be
68fdbf0
628fdc1
4e55c16
356f335
096302d
3df6f45
4b8d69f
6f1ded0
4f4f6e1
7ad55ee
58d2cc7
68b2615
3201f37
21212ee
1e6ef67
2065172
663d503
633ad26
3515987
7cd1e27
6a3069b
4092a78
2178a91
67a9120
5b32c8b
5abbe42
061d5c7
502f142
023debd
4d45bac
4bed684
6dda856
67e1075
273498c
312828a
43e9d9c
4f51c4b
31ba256
0432ebc
663912b
62c5787
6a4c4b0
69a4499
00c40f6
1ca5877
1a5a1dc
6b011d7
50c4b4e
12453ca
5e64ed7
4a39fbf
58135f7
63dc849
502fb22
3b60a07
4b5e34b
0f4a4bb
0a53946
1be92ff
426bf14
0e67677
3ae9217
25c4586
4d2e5fc
6a94d53
1a1f85b
46ac1d3
0670853
3830909
296f3ef
36a73cf
7232607
6becaa3
260b21e
121ffbd
6808261
6dee8df
0121b8e
6090547
4d4139c
3bdf4d0
2d4a5cf
6267238
621eb39
7f3466a
17874aa
0aaae75
7431a66
524dfa1
39dcce7
7538eac
0a2457b
2df9314
30d61da
6ac91ed
557e935
06795ba
0e079ea
25077d6
65e75c5
4dc1490
6d8b1d2
033a52a
375516a
042a574
2308dc8
1499e0c
75663cb
7e7a3ff
508dc12
17a03a7
64f7ca1
3ab9702
36c528a
08d9a77
2f8947f
618580b
77a7f8d
6764d77
29d5d50
05c7fdf
0fee539
0e65bc5
2eea383
3be2875
2e068fa
38ff29a
47462e4
1af4184
31d73ca
44eaa95
3ff8242
6089f19
318193e
74b407d
3c4df1e
44beb83
7d134d6
52f94c1
37d8695
63041d5
4e02751
265b2dc
4b2392a
4c0320e
6a7af10
53881fe
03fcb0a
63e1f46
1f60d1e
544b2f1
071a98c
0a5815f
017f6c8
1b587a6
438ff34
5f6b62f
16c9b29
0812d18
4bc4c1d
301b9aa
760b5bd
7f7a2c3
7e35dac
216e81c
2188b83
678a681
152d0a6
6338916
4adc979
3ff21ad
102d05f
656f1ba
37c8260
784027d
4c8f40f
0f73a73
2360030
50aa6e1
5a8db09
1af7d82
1fd52a4
2763e4f
78a9808
1a8a10d
6be305d
295f03d
3bbdcc3
74bcc51
0358872
03a02c1
43a4342
0c58328
1e0495d
5244196
4b423e3
445ae9b
264b8ec
3edc478
154b6b5
0fd465b
2d03dc9
0638f52
25f938b
134dfd9
6b04965
2492417
582ef2c
0605fe3
53160fb
3bfedbb
2c6f714
28eedfe
278bdc0
10f5dd5
274d04e
2ccab0c
6ae10fe
445821b
6087191
17978d5
69a3c50
1b447d8
657eaa6
0f4fc27
0b89ed9
32c17a3
4ecad80
2b1604f
6a2125c
13746ae
49c0ee2
1b8da1a
0c4747c
2c4e6d4
3bd7bb9
1f1dc2c
245c396
5fa732f
682f716
6358cc6
2bec060
57a2af7
0268449
53abe0f
1ed7d98
37126a0
24bcea3
51590a1
626dddb
590a83e
6f5b110
438209f
3cb9746
50fa9bc
20887eb
48d7a24
0baa606
5aa0190
389f937
7a149c5
125bf78
191d417
7b3d6c9
6d66356
5fa1456
10828e2
57c03c4
5f1d82c
36b5253
1bfd62e
570bcbd
1a7e3ce
659b927
11df8c6
0d1c901
7adac73
1e9da7b
65d6687
51286ce
3c0959c
451287a
74f1e2a
4cc086a
78220a1
29bf500
434f062
5c8693d
017e46d
5e80f9d
416a25a
603b228
75baded
4b61ee8
700c6af
1313b44
728d8be
64e4f5c
3e5da6c
552264d
437b85c
2bedd2d
75cfee7
2ce41d8
1f7d773
20fd6f7
48d6889
3cb6d9a
019ef07
4808e25
54ec815
66c85e8
3211deb
49565b1
73f31e7
084e421
1727260
5128a80
13ff0ac
029f6e8
5a7dae4
2890d74
2e0e9b1
09b943c
07df74b
40ccb07
4e3bdbe
5e5c965
24dcd03
2792e14
115d372
148b530
1ef5303
39e851d
599cbfc
3ed767b
2680646
6ee8fd4
06640e1
3491411
4cc1853
0a68f9c
0d9f86e
59b460a
449c574
03589ab
65be261
44f648a
48a04de
0c62d2c
1fc4a6b
62f9d2b
72093d5
4e7eb71
1dee860
07dc1cd
525bc8d
449a867
420b697
3152796
4b2da90
7ec311d
675c838
6a27708
2faed15
11f6b91
64a77cb
4ce6bfd
2591de6
1c7849f
097b947
3dbc60b
62d5672
1c306f7
5b5e448
7680289
1bbf83f
165d858
69279e6
29c646c
098caf3
54b1a1f
397071a
5896d71
0b39950
78add00
33e74c6
5c8c17c
2e4b90e
175342a
462e631
20b2930
4b74ad8
75d19cd
3268f72
22d9ea3
20385fb
62b1961
1c7eab6
258fb50
555adbe
2d90fdb
0c4b91c
0e45535
3ce974c
4f2375b
02ef77d
732e109
7c872aa
37cad52
296ac2e
2452111
72bbbbd
3e478c4
77b89ce
3a26134
1166c57
3f02df6
08172be
47f8d70
67834f2
0081849
6e5ed62
1fead2a
4052e2a
1c2f26a
6be4057
72ca741
2a5cd47
3a1a18d
22e428e
7b0d115
7193d49
6a31f66
1c796d6
289711f
0069b1f
5bc0c05
21f7c3e
61dd966
6728e89
54b8240
3268b24
0c0ae3b
3b27747
1e1b3bc
2e00728
138617b
7e4ffcb
7667cff
1057c43
4f70dc3
13e9228
131fd1b
52dad84
3498a1e
1779c7a
00f72cf
4882495
194f2f5
0b81a4a
0c246e3
25a18f1
7c05aa0
1880cdc
2c3b0d4
0055393
4a9138d
4a8a3f9
5196968
4d6bbf3
37c845d
387fa22
0ec6cdf
3e1f6b7
0ef9fee
79f6586
60f5697
11a0fed
41b54e1
6866236
333ea8f
4f7d51c
109f5c9
469cdf3
6926c2f
2b86120
2e6cb9b
410770f
696ecdc
3b0a8fb
66659de
6b4371d
65aa9f8
1e8c999
2abb5e2
60bc4e3
3ddd3ab
765a973
26ef856
409aaf8
02cdcfd
67abca6
609cf48
110daf7
016df63
23d2661
05ce4bc
72297e3
6c048a6
2c824a7
2e1e98f
7f401ac
79db041
0aa8565
376058c
3cf2803
68028cf
58bf2d2
1b60d6a
1ce12ae
5c1c831
186526e
0b095c6
0dda0bd
3f9cad7
566b958
01514b5
2b0a100
618b46b
18d6139
390b6b1
397ebb6
6121c3f
28f1f33
2ebdf23
363fbdd
163af79
67576c9
4466a14
5b40d9f
3d34334
1d2a9ac
62d1a16
101321f
32c8768
5b9541e
410e02d
34de51f
633d310
74ab9df
2941fa6
2186823
682544e
6d224d1
257fea6
2220546
1cb7f22
3d2042a
55b1dac
0c79807
0591be0
22f586b
67157c1
18c7236
4fc53f4
2ef789c
5922ef9
6baadf9
7cce513
5bacd99
716a6cc
64114d0
2d5991e
49f74f8
29b3eb5
7af50fb
6bedb04
2dbd962
1b264a7
11853c2
5dd00bc
7b012bd
4ac9ea7
106f316
295aa63
26eab32
036ccba
4f606bc
07cb82a
66e415e
6cef341
31ceeda
50d00ed
1bbd89b
3a6ae85
73ba679
02063a4
2a84e17
7f01109
34e77e6
67540b0
40a0024
05911c3
428128d
217b989
6fba995
65680f1
1690b06
121885a
1e22c46
1ae62fa
75c5599
07a0188
7f27040
3ade117
0cfd587
4fd999e
1c74a74
0367730
209be9e
7b87c66
7927c04
637dbd6
15d2ad9
66984c3
47b8ca8
19edd08
4da8082
28cdf96
5af8351
0240691
6b22a40
74eb4be
507a056
4a0bc86
2201d79
192dd60
0ba3417
751f2e7
027ca61
09f32de
771fa6a
391d12f
3255e37
227e89d
10a5a3b
648bd4d
17dcd00
71fdcfa
21a639b
1146cbd
09686b3
3acdacf
2486928
6ff37ed
493fa00
44e6931
5f61cc4
12cbb7f
0b0a42a
25742e4
07effbb
701ed58
5c06c56
000bf2f
12ebc10
21ee950
29c79af
7b50c34
4d83eb2
1cd8610
5fb996d
07c9384
595835b
524c0d1
48a8d7c
52c1e3c
2497016
415a921
03859ae
36caedc
0e5aa3b
4dffd37
2475ba3
33fc979
3e015c5
2d8db6e
77ce955
2fd157c
031a079
3e9a470
570ce9d
73d7d17
1445f18
546f384
7e5a1dd
25b6b6a
634d22f
15294a3
1829c08
351c170
3aff5aa
32eddf5
20b1e2b
428c1f0
517c53a
792e1b8
03f4bff
65dcfd9
3c89eeb
46c384f
7f10ebe
22a6671
779f915
1b596f7
183851c
61a60fb
47fede8
7d80c9e
5db5eb8
19af124
55af037
006f5f3
60f3624
0088a72
23e9390
18bc5aa
315b911
72ce295
6759358
5958f9c
6aea2e5
62e2959
238aef5
4656346
27a0e60
4367efb
502129e
5c13d27
771385a
171f766
54da5b9
25ce94a
59981c3
2c02e37
4fa8d6c
1ef4feb
1eb971a
3efda08
5bc8cb9
36ee0af
37c64b0
30d1648
66d91b5
16d6eb3
3aa927b
2d3cf79
729d528
1b98efc
72573aa
1c2f325
7a28b1d
5e069d8
3963279
5eb0885
143f71f
006e625
5910c71
5cd613a
10c01d5
523abfa
59a657d
60335a0
1a9f942
07a3869
2a97090
7d04f5c
7fc32e1
790fba1
3c7dbef
60b57b2
6c02a53
4c2f14b
5df8a9c
65b249e
2a014b1
758a06c
46e6eaf
1fbf118
0146e21
1de3526
5d6ef97
24b2255
7fc3d2d
4e55c70
135d0b2
74fdd6a
1ca3b6c
1f9d619
2f612c1
0da3978
125362b
65d1ffa
336384b
6148838
0a52417
722c1f6
5e9fb01
6617d4c
1da252c
6ecda24
66dd16b
79ad768
5ba917f
7352e49
28585c6
4813fca
07a56c2
6fbe02f
50a2e16
21f4573
1896fb7
6c39dfc
05546c7
67b8f86
178faa5
5db1f09
580c5a0
20dfb27
2bcc395
26e15a1
0f234ab
6997ea7
1a6c71f
7815fd2
07af6a3
01f6fbb
2c27008
7751d0c
42fd7be
0bab717
3ef924e
6090733
1da6565
6205497
2f99c5a
50d9e52
5a970d9
59186f9
29a13a9
675ea22
11a7d2c
685866f
76c06df
4339c02
6efbd68
7ecb133
0afbb18
5748819
705756f
17ec4a0
7b37a50
448f906
61cf5a4
4ad1a06
57f2285
09d6d66
1866860
753e395
0104317
229414f
15d1423
6ae197f
5a4dc69
4d0372a
1fae250
650f7b6
3bfec2a
106c75d
251fb24
4631bdf
72edfb3
3403922
77753ee
458a5d6
2c3969f
6b43ad3
1bdac43
1c08c04
74c590f
59b7c21
7075a6a
2cec241
5a49c8e
6035852
5978724
4d34079
3886cdb
2a697bf
535de5f
138ed31
57f9702
0dc2316
54f9693
3d53804
467bc51
7f69374
1e26fac
594fe90
2ef5895
2fcdd39
6a08e2d
58188fb
5432ddc
6b8b630
09ac58e
5daecf4
3e4e03e
6d9a94d
67ccf29
2a9ea69
7e60b29
0dd9232
7ce07ce
239597d
7686491
08a76cd
1e37866
48b6bb6
1c49b32
6b8360e
75ba76e
74ba00e
3d8f1d3
1603430
5a5d9a4
0d754b8
11e1593
1d771a9
7382657
6364177
176c4ff
454a326
429e69c
1ba5094
67998fb
647483c
13022c5
7fa47dc
1c37f0c
42df0e4
24445a4
4d361f0
44db06a
6741f75
73d896c
162d299
4d6a145
0afce8b
3a0094d
4afceac
6a3a0d6
58bc4e5
5e03294
0c55b0a
1005868
5b35190
0ade58b
3b75dbc
250b30c
16bba81
43e28c6
58e2df2
7f70ff4
5d94a91
5bb9c70
4bea4b2
2143218
66045dc
71ce836
338f86f
32c1383
0e10abe
3c96e05
2080c72
742d592
517f3fa
1aa72d4
49e3577
0fbfbb0
4217fe5
3d98b7e
6e80344
77c5745
72641a9
2c7bafb
5fdfdbb
0cb8969
37c0865
591a284
4389907
6d199af
0f868ae
6e4d577
14752b9
41a370a
1a6e100
79980ee
74087be
5c00245
0eac94a
0293430
7394c83
1ab2e09
780d56e
513352f
34b026b
57550d1
6211197
4beeadd
0595dae
780344a
4dd46fd
7327703
5997b2e
30516e9
0d665d6
47a4623
3528e44
555249a
759ff35
4a9dc91
72e1ef0
73873b0
41e994e
203ffc3
254730e
2072639
0af649b
020e603
79567bb
06e47a1
0277a11
3428016
5cb10ca
7b99415
1c778b9
59588d5
6e59959
20f938a
4448934
5058e62
0e4a700
71f2104
6f8cc30
5af0ba8
694698c
78a4b8f
1899733
392aa19
180c4c3
0021bcb
1fe8188
2c967ce
64dd054
66d170f
60ee4a3
1ce9761
6a39455
40fd4a1
3cbb6b1
14071dc
4beb783
5837d0e
458809f
66669ef
245b8b9
55d9f47
650e7ad
5217760
0d0d7e2
2f7987b
5272b61
1e623d1
6c63bb8
38a828e
3be121e
7b468a0
24a2fae
3e8edb4
204dc8b
4e5204a
4c53488
7ee9fb2
39dfdc7
40ca1b0
7143af8
0d18bdb
5850bac
1a96afd
35c3c0b
624b624
6d92f5a
0235d4b
1f19e20
6d21d2d
6774999
0da0d74
411ddbb
0c14653
4a8ee15
2b5db11
46c9f7f
1d38720
0d1f5c0
19b646c
0ea1257
566a53a
7a0a433
01f0edb
04e38a1
2af6adf
650b361
68a5a94
186e20d
7e82889
5e9c571
75f5452
48f9a40
1a8265e
5b147b0
1e20a02
0833eeb
6e34bea
499cc53
6093aa4
2410b59
14637f6
36e96ef
5075c64
608d856
2b8b3f3
04f695c
31a3a24
5714d95
4d3ef3a
3df9f4d
6756e8a
778c387
37c924b
48d7948
43c0cca
46f0fb4
7e8a9b6
0c6aec6
1fb873e
7a8ffa8
2ce3056
5dea1c4
34a6a5e
760949e
75fdbb4
29c655a
39ef30a
26b5522
3710747
3e7c10f
37dd4fd
4239ddb
1e32556
413f8bd
5b90f13
46dbab8
6c28c95
590bd36
7c5bc6d
4337202
77fa120
633b917
43502a8
1cc352c
125e4dc
22cdf7a
0aea858
76b7f5a
107c046
7694995
3ab9848
01d7e2a
4e7d2b0
6d7e37b
7b6b46f
3086bd1
617ea74
112a28d
402608d
6e22f8f
1f069ee
07d90de
79cca2a
1823b4a
365cb52
41c855b
6afdeda
747c66d
4b0d567
578a244
3b4a866
0048414
32f1b56
3104e33
296eac6
55373fd
4291285
096851c
4f652f3
2b36298
6c690a3
28160b3
6d3281c
71525c1
66cd508
1786507
353bc0f
39a6867
07f868f
3ec9f98
007ae47
3c9e2f5
778177c
2574375
02630a1
224739a
15056fc
56cd374
0154ae9
201d9a2
5aede2c
3cbc592
6d82922
4c9d293
3810e79
732a729
528e7fe
283ad15
5497f69
669042f
651bc40
568ed2b
664efed
3ca3867
4f00e2e
336b1f8
66fd5fd
7986fad
64cdb75
0b42b60
4c7554c
6080048
0c3ac40
5f32cde
7d27d64
2a07e5f
32a73a4
5fae01d
7a247b4
748f7ef
333c918
1f8c371
0d1914a
00ca863
5e3d59e
3a65d15
66b09ae
10183bb
202a0f2
64f8e47
3fd58f3
5fd7c4e
611c2ac
5d7e8e3
6d66668
00be88b
1ae66f3
7a1e29e
00f3e9e
7b46dca
7f39088
76b097c
32ce397
602b6b1
22ebc29
6380858
40db91b
65af884
4461228
33dba3b
257e09a
77da335
5ea5c64
486b88d
0eefc69
0cdb65c
68282cb
14d2542
4856398
4dce686
61df5c3
58f41b2
34f7497
785c045
6477b70
6ad353d
08743dc
21e09ea
16f27c2
342f2fa
038dfae
2a14d00
1d872f8
2beed37
5660b0b
1659d5e
3280fec
0319eca
77297c7
69959ec
10e38e2
1403482
6a537eb
50f1d31
5ac1210
797e3f9
3d3bf93
0689ef9
5655092
527c60f
2b18797
7d93574
1e69563
0aeca0d
537fe8d
697ec48
2d75f79
0fe3f65
765c2fb
76c50dd
5f3e13f
1d2ef86
01f5296
71f979b
26db258
34c514b
4bab9d0
6e1279a
766e6d3
2ca07fb
65b716c
72a68cf
1e2e701
500abb4
5b9f339
3c89617
08fce77
42d7e90
2c21be3
7c2ca47
403a7d7
12bbd3e
089276c
445fcc3
5c50ac8
1c771dd
0d79835
5823f00
69605f9
2bce465
38e6035
4f0e538
39dde6e
73e33f2
744136f
7b6b295
7e4b3d1
607df97
30ee0a0
6abd2a1
37a3f27
0170281
12e7124
04170b7
5186553
78036b0
4a86485
4e3471e
3aa57a9
19a2c15
6fb867c
22c2fa2
5301172
7ee7d18
17bbfee
24cbfc9
23f4350
6e876bd
7be9409
718ffd6
46b8141
66392c1
3417bb5
2a16cc8
66dbfa8
4149290
78f9a8d
31d405d
14e5d14
3f06955
2a54c03
2e4f14d
2a42f6f
1a01f5f
38f3b59
4fe180c
04c1483
1b74b87
2d780cb
169439d
7189ebb
37a3c4a
1e56d73
2aaaeef
1cff86c
7060e6e
2cc076f
01bfb3c
69f6cbc
24c3ec6
2b9cc1b
1af13fb
0fc50aa
42c8a23
075642c
4fe70db
313cf8a
23733b5
14bf3e7
2002a08
4868ba9
11321a3
4489a34
491841f
702655a
2c816f6
7158e3b
191fb29
41aa108
3cbb7a2
05647a5
519e139
38cebae
1950c11
16dfb95
39fe491
77f55e8
74bba46
776cc6c
76ce4cf
19eda09
2e4b0d2
58a4ecf
78053cd
34e5c68
4d764c9
3992285
491750c
17128ca
3d1ea82
3a70db2
2dc56c5
6d0b065
2ce060c
094d605
0a50098
249c1a9
3b9e7cd
08ecb2a
4324864
7236375
0040135
5713582
0f6d3da
7668213
4e474ac
1f0bf2a
592300a
7855f4d
33bcab0
5b6334b
6700f24
6618f3c
3b07d33
2aa1a16
1265563
5956a92
2d64605
5bca6ee
3fbc7c6
5e3c10e
5d313b7
481115f
151c35a
266f555
7847b92
7272f44
6801441
45dd281
12a79ec
6e51c61
3c2ecfb
44d63ea
6521619
5717e8c
2353674
0531f56
7c09b58
7966516
6d5b4cb
1424244
577152b
3215e6a
74b5d9a
1079d23
5b4468a
2eb8fc8
4d94d39
403975c
3ca6239
31352e6
715e839
715bddb
7265c17
4a17331
31c1105
3db96b4
477a655
463223b
537e954
1de6f56
1922bd3
14c2c2a
306cfe8
646bfd4
375056e
162860b
737beb0
4e529cc
1604648
0289985
76fa506
247160b
1e3b775
6263504
440b89e
3da81cd
4575b36
512dfd6
6b5507c
3085dd0
23a1f3c
00767fa
1670311
544b753
68e88f6
0be5bd7
1d4dc6c
68fe9fa
1907ac0
215fb2d
726d952
5fabc0f
5ea6275
3a95951
697febd
744e01b
4e78d7c
6a36367
223e787
1261860
5b462e7
1b66b76
0d30430
4ed1981
56bbf0c
42ca2d8
6bc965c
1d518c0
7eaed70
1da5717
4f5f00b
488c8c9
1f0e9f2
7a97428
6044ce5
2a523ba
58d91d8
6f92bf9
70e2871
70c7606
08aebf4
3e00d9f
7d6fd82
6595261
0b22888
617f771
21b2272
21e647c
0fc331d
3d7ceab
591c754
7ea6d01
0ac4b20
6b4fe9f
1e55303
3b4085a
4e701b6
7e1b950
60b35db
7e5a1ee
0fffc09
0a83a4d
14e48c1
32b50fa
14badee
6d3a69c
2a6a5a6
1f43242
64eae87
7227cef
23e54c9
71f77ce
114076d
7c75e6d
642ee67
6f0cc49
11f7938
7779f85
6cc7c52
7e11722
7982881
66f1719
269c31d
08a5300
28bdb32
19ffa91
2105f64
4a6f529
32c06fe
08251c8
4b1fa9b
4c7fc5a
079c61e
4ea3cd8
77098cb
7dbf78c
46ac572
320e7d4
58c4895
0e8d507
0e5b7b5
1207901
7cf31e5
4558fdd
463f1a0
31b2b9c
3eb9dea
35d5a6c
627748e
2a4e655
5a87598
31d8f1e
05bdc1e
3fede93
65e9427
0c66f39
7bf4efa
3218c0c
6f744ce
7750a43
2f3c6f1
72888ac
0ebe7cd
39f4a4d
226c5a0
27942eb
61fd7af
5209ef5
09297be
1a62140
4a21ca8
34224f1
28c7d01
10088fd
6f9d7bc
4615acc
3059bf9
6cf9155
49ba9a3
0a08c1a
4f0c6aa
4de493e
5052855
3862095
1098eec
1405a3d
005eb45
34884fa
63e36b5
00021f7
42480da
3ec8c79
5db4097
4e400b8
12484ee
4a89aba
0a56419
7b022eb
027ce05
567cb28
6f8a0c7
08ebb8b
63a6ad8
01634e3
0019db9
5c0ba97
22bfaeb
25bd2ae
3c7d0a4
0a9d917
6e6c339
7fddf33
66c1b67
5819e65
3ed0f83
564c8ef
5ba2345
6783966
4489f39
62002b3
6d1529d
6344578
14fa013
4e0a428
6d2cb94
2224a18
77d26f6
54b2c48
61b6d44
428a338
1d7c2cd
12b2ac0
3367765
5c154e5
003250e
654c17d
4780c52
3f37ce7
0f73c1b
0315f3f
1ae373c
1ba2b38
031fecc
57262b1
35dff77
63b33e2
6e95fb9
446dfb1
69b1779
7a2fefa
684828d
6d91524
13b27e6
71ebba3
6e1728b
42ed3f1
46734e7
18941c8
28cbc46
572270d
4656950
5eb9a46
78be181
082cc2a
4b5bb61
528a287
45e64b2
5db211c
242e770
25eeabf
72696cc
14e3681
0cefff4
30159d4
2299f88
5236003
2079dea
32cb868
2c677f0
16a68dc
65c2d26
7ffdac9
2d69067
7e2646b
0df66b5
589490a
22f4563
2eb9cb0
0bc6b45
1d21ad4
0c0e3c5
55a3212
5257f1a
11dcf5d
2025c13
776228b
2a74e04
4deddaf
4e4d7e3
4d621e5
4069aef
2de0e5e
2aaf2f5
7b88e9f
0564c15
5668099
4a5479d
0913766
708696b
02ba121
15e970e
57eca61
60756b5
41dc9ba
15a02b0
3e21111
0bfee78
021c254
685ed77
1d134ff
48a8891
56303d3
1cb6faf
76a8816
025f2f0
51d6027
444ffd2
5abc595
720577b
004b98d
7975d6a
7ae968f
2efec70
2f16c83
738b172
6adb0e6
7ce9158
0b39891
319aa5c
2d0e986
1ba7fe6
05150f9
458cfc0
58f68e4
4728efe
11bd764
742fbca
0b44f10
7a39e59
47a41b5
1708344
257242a
2eccffa
6fba1f2
56153e0
1258aad
5cf3453
4015ac5
283db7c
5f955c6
4ae4767
3f99637
058fc4f
3ff8750
327346a
53f8640
74582d6
3045e7a
207771b
7960007
3b8b91f
54ceac8
7fedf23
4111e4c
565a5f6
4946aa0
1e50de2
5a00257
5f12820
5f606ce
6c9d119
1cfe790
290bf96
2fbbaf8
71f1564
5ddd915
325f84f
10539ae
10a08a8
3ad74dc
2bda010
3af4a38
02e0370
3f954a3
4975c5e
6d73d30
0b2e865
52859f4
764a444
2a3270b
6e395d0
3144496
05edc61
276660d
466b814
35a6101
6acbd60
644ff05
028e63d
20cefa8
3027ef1
3c76d03
5c3f404
4eabc63
5582870
1729d63
3e0946f
27aa3c7
431b11d
7050a0a
6a13164
338554c
41a294f
67100c5
5a2d34e
16c256e
17a269b
58e1994
79659be
74477b6
7deabb4
36b4bc0
0e66503
3bf19cf
2d34048
469e35c
32dffdf
6a1e757
43754a7
640ec88
4494786
39dfc55
0e0aaa6
7974f37
25e17ae
6ffd073
75cb0cd
2ce829f
2be4825
0e08d20
4a9c6bf
5ba2563
4ebb2d7
1633633
38b89cd
78c4adb
593313d
130f846
34c5fba
75ccef2
7e1b1cd
03d599a
6987b65
448ec64
6feee03
6043a07
0683f7c
0715b54
17bba88
27092ec
721e4c2
349f517
5134d43
43f8fc7
40da26e
306b089
5e84b7e
5fbc76e
59ce328
5cda1d0
5e67725
3568f23
2a01a27
34a01a7
4dd776a
3d76103
0f14ea7
43cbc27
35b4a34
3bce8d6
69df34c
7aee9de
285438d
0524be5
393b7d8
2d2442c
5eaf043
2f3225d
2a490d4
3f3c7f8
20d2d64
00c73c0
37723b2
68a77a5
510d7dc
58eb492
0bd0cb9
6cebe41
544e599
63e5f10
08c5b53
680957f
424457d
6581704
1ca9f9b
2ae9253
5e39e05
2f63dd8
648541e
614e323
5915e41
7c5cac1
5508835
7af1e8c
4eba26e
40aca3a
5415986
4f15b0c
610d14a
2c6ef3a
4a4d2dc
7f8e05d
5b2d97f
2cccf4f
74daf52
2a3cd5c
4808c9a
31d7aa5
093d3f4
20519e0
0bae1c0
3fdb194
5aef00f
6df5153
4fb7bb8
32ed889
2be4869
1701704
5b6ff19
7288471
1135bc6
6661848
492591c
6a74c15
0d37ce4
4efb432
7668afb
2381473
0419166
1d736f4
449f97c
4b9e698
30e70f0
6cc8e6d
5cfb6d8
0d2c578
081b60f
2e13e07
0cfa1af
49dd82c
542929c
178c7ce
516568a
7e75c93
14ffb0f
6b6004a
3005ffb
4064281
182234b
65a3306
6833be1
57d919a
49c8414
4c0190a
05976f5
22bace5
307ded5
2e37efe
3fb12d5
150fdba
4838310
54781cd
5b8173b
4dc39a5
1b8124e
537b631
0747e21
46e4436
2fb709e
2a444e4
65a9097
3bba214
60f0474
0e6ec83
7bffdaf
4bf21bd
64c4a46
4d856ad
368e7f6
46d5150
20da947
4610068
70ebb84
0b11ca6
38803f8
680224c
139d811
18b6a61
5d1394f
0de3f98
653c8b9
30f764e
0749b5b
55bd96d
5daa499
053602d
65508ce
540ad8b
18f8a89
37b01ef
44f0a64
179d676
20b8f44
02976bf
3ab5c71
1c916e3
7c7e65f
2f6526d
7c0da23
4523044
6033108
1f07edf
61d93e8
65953d3
6c0d715
78d20ef
59f3b4e
0e87426
4e0979a
3a31196
424c1ea
60cbd2d
4396fbc
342b9bb
1cc1780
0de962a
2fe315e
2aff62f
772011b
30d99a8
0f02955
3282757
22c140d
05b1192
6565bd7
0933ae3
3151295
02cfdbc
06cfcd5
7bb51f5
2eb3acd
420a3aa
4ff26a7
58e6a3d
487e775
21f8183
3ddf73b
356294c
45870fe
5290845
25e3492
5eca5da
48d17cf
02b1396
625ef4e
2a69342
2cbde83
2bb27b0
1672b65
68228da
48d15cf
3563f65
06118ee
1f833ca
16517a4
757218d
4ce18a2
0a71558
3d0abb1
00c2f50
11a57ed
6e17745
02c7028
46218f7
3cf2559
20701fc
39e33ff
60c370d
14ffb16
612e8f1
1249e48
0e173f4
1c3fba9
60dcf80
73fcada
0475936
40f76ea
7395598
4846746
68842c0
5273c25
39db87e
1c027ea
6ff82d4
1fc7fed
0722661
2f23d20
0a02fd8
452548a
04a88f3
4250e51
2908136
4415e7b
7ee9107
4cb7804
5c6ddad
6ed2b23
7e7de7b
4e7c8dc
56ce0d0
1d87901
49ebefe
1bfbeb3
57c80d1
5ac3606
5b26b2a
31c1cb9
2cf7f97
2589894
2ef55e3
64c1874
76ac554
5742158
2d951b2
3ef5677
28382a7
443d96a
561be66
77eb708
53de9e8
2698e68
3e4b483
7fa9a54
17e9dea
58f7065
426f89b
23f970a
69ab2dd
3b4212b
060f53d
00f9ffa
6b61ca1
4ee07ce
699cc50
76709e4
729493a
0f9617a
1a03db2
002c59c
457072e
42cf455
5f9081e
6b5de22
423d985
7cd6abd
07e809b
3fad12a
5656d2a
415f800
12c35a5
351db14
4c5041e
39bcefe
76a9eb5
3d85b99
67e4f9b
285247d
74c211e
56548a3
4b884fd
359c7cf
78b503c
08203de
3351c3d
37cf4d2
198490e
181bd03
3c970ad
4d4cf06
23aafd6
0dbd5d1
01f8b30
7d36e69
659be2b
64d5194
2a4beb2
708ef2c
558b775
7900679
1633cdc
65719c4
3128962
020178c
3a1fde1
1bb3717
0aebde9
5c9d205
4cb9e66
610d7cd
52d4705
0e08857
7f97a54
4c4c7fd
52a9e16
4ba2d1a
5fe65e4
40b7542
2f50745
60ba460
49c337c
32cbdf4
349d3d4
253c7ec
4c49173
1a43dd0
3d4846e
7887e45
688df1f
7b02ea9
24fcfc8
6a59756
13d69c1
22b55aa
7a77327
2ba8f79
1bebad1
2aca990
212513d
053f1c8
5a945c3
5894fd3
2866f60
10a6b43
7c7cab4
0ee5040
547b72b
5c5f45e
3381a5f
764a4cc
72944e4
3fa796b
4601692
2a07e2d
569982c
6655b85
55af3e9
3852c2d
510567e
6484908
36213dc
279cb69
3831ea1
7662565
0ccdf36
2fd0325
15d87e1
72148ef
11657c3
5289bb8
2b03a38
27ce42e
3ff35cd
40e0d50
63d699d
4ea42ad
6d0b6d9
1bb3536
00a3fbd
073155b
1931840
7587099
7f13781
1de1179
4dda563
7cb12b9
77aad16
12608cf
04c301e
7a58db5
5a556b8
42149d8
1be2f54
2f7dd86
0297f48
39509d9
7bbffbb
678cc69
4e59f95
22a3d91
61615ac
513163c
4cedeea
4805e90
71e68a1
262735d
5f7531e
57b8f3c
3a30ac3
3c2156d
259a46f
3ff48f8
4e6bb4e
17501bc
610b0b9
1445d40
1d15a2b
2095869
6ed1480
3b27014
4e68cc2
0bdbccb
23a40f0
6cd8b91
6861ad1
76aaf89
34b08d2
539dc03
4bc6ab6
796fd05
5b005d7
1f70429
185d9a3
56b5e61
7c8d969
2d64e77
0ffde84
6776a23
23bcf41
0fd78cb
1f1ae4b
1a7c442
28c0e91
7d897b3
49a05fa
3fc33cb
286e62f
3c7adb0
331364a
4eb5972
6e88c6b
7b46674
0f9c04b
57d2e0c
38a5c90
7965397
19b044d
4ac319c
3d0d1cf
076be28
5198453
4e8df1c
5b457c6
55b5a8d
7104f51
502d493
676b7a6
694c8dc
41a72e5
31d8c33
7214fa1
7150c24
76aef11
11fc724
67a186a
0ff0e80
4ce251b
2f583f5
06bc7bd
258e1d1
772b7a4
016f02c
005455b
0a18e08
05a250e
595c10e
12e974e
6c9b5aa
3dee3f1
2f85ca6
4f9b3bb
35582a6
5b22857
272b10a
37cba5d
4db5e25
0493ea3
1dde277
6d45f88
6902840
160f4a4
60c3cfa
56d3c3a
1c7d0e4
4c35311
51d91aa
3b5522c
627df92
5d38c2b
5d14001
394003e
512397e
60fc4d5
5f421c0
58ef1d8
45b07f9
18a3a6b
26e2ae6
2a90697
35bec3e
0f981e1
14517c9
363d517
3460d6f
6633990
6337727
70759b8
147afb9
077345f
2b98252
13e5f69
11e583c
1be407b
7d01f0c
64b31cd
235e41d
7b5c839
6ef09ac
3b9b336
6bed326
1f2e0f3
7270aaa
3439e31
4e035af
60abc08
5758dfc
5269ee4
1b1e95e
102566a
122f661
10677fd
2088656
28cbb16
01f1ad9
45c62f3
6c694ca
0d3270e
4bbe949
0069260
6e7672b
1e948ff
3d2b876
08173ca
0ac0e8e
2fcfb17
331e97f
2fa7c0a
6f22cae
7eecb5d
5ff657d
1e0a183
7ed659a
51b391f
7518f16
2b0f84f
387f552
5b3a473
331344f
6c7b052
4d6cd52
34721d6
02a36f4
3c0578b
1fe51d1
37491f6
0f3f7b4
1e4c2ad
65219ea
4121f1d
6187d75
768da6b
0fa992f
5b8e385
2306baf
63fc29d
4665345
7e6fe54
12716e5
01020ab
3326f32
157595a
0ee8a99
48f5f4a
492564b
1d4bc9e
4e9cd6d
48442d8
71d6ca0
3de4574
1278c45
6622494
3f33e18
6fcf459
490ffe3
27c1c21
4410332
73f2660
6fd0227
7d3c759
57f1698
42ed307
0c34c00
405ff32
0facf38
02686e5
13177f8
5278f6b
6876932
3540ece
2e26934
245b94a
3e5694e
3297068
6dbd819
234dad5
6909c57
160c9c5
2af3365
5ce3dbd
6387283
5636d64
0ce5a3f
683b3d9
2c9df9d
50aca17
16be294
749de51
6286283
5bcb481
5c09966
179e51f
63823d2
40492e8
19362f9
1cfa9b6
329737b
1de7a42
4d14698
2af095e
14234d6
23a2624
1f9905b
0046631
32bc6b8
420c781
72030dc
621da6c
3572444
11fedb0
05e5e03
7e31dea
418148c
69b2c95
7a23fa3
16a0c34
61c9f00
09953c9
4c92956
53155b2
243ce56
2bb0b20
3235cfa
58d4ac4
59fb9cd
47fd648
36d6142
7db0b53
13fea47
423ea56
05af1ca
76ddc8a
1b288da
4bae2e1
597c6a9
2796d7f
42ccf26
6def9a9
5aec602
25c9daf
4c9e28e
2328f71
2c41313
3850d87
49769eb
560ee50
1686780
4b258d0
0506978
5ec99bb
5314516
02d4048
0483c87
2128af9
5587536
4499c21
17d9128
584681a
2db4376
0485ca5
154dd51
114ddf5
7e69873
167b017
658e2f9
35d3f81
3eabc41
55c8b59
3bcb707
42a75c4
75d3123
4b95656
2255885
595dbb4
5012390
248ab3b
0c0ddb2
49a7bf9
1b5ec2c
4a62257
7c5012f
34b26f1
0cc6929
0ed687d
42d312a
2401560
2b696c8
7265756
2418ae4
4a3c16b
4ac55e2
41bc26c
2004e06
41b7ffc
113fc82
4059cd8
02a0c1f
45ebbfb
56f3c88
003848b
2f9aa2d
6051d49
19fa3fa
26f8c28
0d4f55d
41ae92c
69d5b38
6465f12
1666894
543855b
0769796
266f0a6
0d4256d
09776aa
1a8b7c3
21125cd
5d58b47
2749ab1
089aa78
3f63f83
62a6b3d
4652ce8
05161fc
25f49d1
5896ad6
1905788
4f292cd
00f612e
0d60bb7
19915c7
51a2719
365b6a4
5f9b610
3989f02
7ea9dba
78fd107
664032e
5ba9c17
521a6e9
5ed296d
2a33914
790942e
6755e06
25e8746
5eb948c
3d9cca9
78848bf
31f4bb8
208df7b
735afe6
4c9317e
4b56c8f
69c0c82
7f52a17
6d77452
4f21d82
54bb02d
1f269ea
2045371
1c27e2b
1c79f00
512111a
1f62044
66f27b4
6fae2a2
535a2d7
4474f7b
73b90b4
14d6ee0
57c8734
32b2c5d
6564cb4
0bab2bd
125d5d1
6b68fad
103dc0b
25ddd94
44f09ea
50838b0
241beef
49af12e
5da177d
5da0d40
13c2216
546b932
7c9c8d8
08d63eb
7a26888
4c9b0f9
1066d07
3905ebd
331a4f5
1d2128a
37f776a
453da53
65785fc
5280316
4dcfe30
2322255
6b39cdd
2063029
791b83f
4e31dff
1e08aa0
732860b
4524bea
4cfce89
61d175f
35b3ff0
1d0f6fb
3c33109
7caca96
6b1bf04
6c2d59d
0cd65ab
6ab859f
7f3625d
318dd6a
0efc6c8
71ee745
0b6523c
56139ae
6f47edc
23aee38
5219820
0b22f2f
559a093
7d431bd
7bab3c2
74c3651
5aa7c98
7c667a0
24bee2b
709f994
7c4cde2
6f7ee4c
2b1bbc5
7ba093f
1a76f8c
728dbfe
13f43fe
5dfe7d2
3e74531
0ca3048
68911e4
449cc3a
78623b9
4f5e504
2820f9f
4bc7fdb
1ccbaa9
4255e52
6d6338d
26b615a
6f7937d
314f737
2db1033
0999fbd
24e2edc
048a2ae
703190b
058f2ad
338b837
6c1de93
0de0deb
7110045
20ef468
07704aa
3c04549
7125f53
6959c6b
416bd30
73ff9a4
042612e
075a4c6
0cc8061
0edd167
6cfa146
71d0baa
50db605
513c234
450599d
09acb20
5a24eee
309f59d
23a0191
49fb713
556f924
71cfa56
08d67fc
1cbad31
7e5f405
30c070b
0bc53bf
50a80e8
73ed451
2420ad0
6d0b450
481953f
420f7e6
29de529
4b4b069
4f5be88
76c0637
0eb5238
4d0f7a4
1c0ce67
15fc880
301d181
7e2fdd6
2353bbf
4aed0dd
065ab28
439f421
3e3f9f0
20ba4fc
07633d2
458fa14
455dc8d
22dac83
46156fd
7ea07da
64c749e
46a7342
66cb475
704f3a9
65052ff
1f7fd30
742735a
700fcd9
6018aa1
5928496
3ef285b
2ca9f1d
0211941
3d390e8
472048e
0a7dccb
42c3c3d
55e0784
0ce00ca
0f13bb9
3f1312a
135049c
1a18e9f
264a124
08e2cea
09bbd5f
5b16e7e
464de14
1ef9d90
5e1328f
23aeaed
30d1a9c
67437d1
7e8e090
105f674
7181f0d
1292e96
6360efd
67fd0d8
21c2935
5e44c4b
43ad23d
723d765
62c3116
381bc93
450d2b9
3c68f88
162a9a8
0f886d7
721dd46
0da0b3c
0ce6460
1a825e0
7a3cb1b
7265ad0
5c47044
017f0b0
2a7fe8d
1c503bd
0a3abfa
64554bb
5a135a2
3d2ca96
449cb10
5022e24
6cb0dd2
5d53313
0b73e7d
1d50793
2450beb
6c27b6f
30e6159
71a28e8
4ac4c7b
661925b
3c755f2
471a179
1ac33d0
5118088
6fde829
1c73a9d
50e22ba
4c2be92
7a45707
64beef4
2d23c17
1287faf
3bef48a
3b409f3
288b1e8
0bfc50f
26284f4
04dd012
127948e
557cae9
27af82e
020ea08
1c56ab6
56094b8
4f57b28
1462bac
33bd701
4fac23a
6a0f72b
011f460
05dbc12
1b12a74
4b64143
42fb38e
55ee9ec
13ab048
4c39339
2121fe1
2645fc6
0b7cf87
433054d
7d712a2
3216d7f
2ba695e
69db01b
74d4975
2b620ef
3922fbd
6d312da
0d5bc53
2c6f730
65fe124
4c1316d
38b7e5f
2633a7c
1a65ee9
3a608e9
3364a4e
4f1eb20
2d6f6a3
1dbe906
6bd88f6
3779fe4
00311ce
685ac7b
4056e67
4ca8229
79ae880
3bf5c76
31bb3cb
143d36b
6abe596
6f5038a
420d0d2
674b496
0c0c3be
763acfa
2ce65ee
1cf6551
7db74e0
219dfc2
3abbbe5
58d1b25
0342509
555d46b
25723b9
6f6b1cc
1378130
4d89235
0b7977f
25d0183
3eb31c5
6449834
0c421ee
1701abd
5e0d6d8
0d0ae68
5310568
0812be4
3cdefa7
041e622
77ba5cd
02374ab
39f92b3
0df48a7
30e6afd
52ac192
4ed8dc9
3c97f27
6b3d213
5915f56
21afb83
22a6d1c
1b00dfc
630e203
76b5cd0
7397067
5ef261d
29a2894
35bfb5a
23368a0
0ead8b4
30eacbf
213f989
729ca5a
187ec0f
5403810
11f4c21
62d789c
40a5419
27f6fca
7c2c2e0
4ac9e4e
32181b7
1c18db2
57b1ed4
278eec1
7e9b490
26ae862
3f10d3e
0585c0c
5a6cfae
7efa41a
782c949
2133d8d
43f8d89
461ffed
02a6fcb
7224f66
281aa55
67f72ad
3bda953
7bd89a6
408a0f9
617201d
20e5a6e
320199a
6c841ae
61ed50c
48cee0f
3c67a48
4ec9f09
1d69532
0aadf93
49c2df1
7272f8b
3040fac
158983a
78b0885
09bff01
1d9ce31
2ccec4a
6757269
1431abd
26c159f
5799762
121684e
329a9b5
2f9805e
5ce60c4
7fea837
13fb1ae
6c5e68a
27b9756
33690cd
49277d8
5597ec0
7b609a0
0d6cf71
65ab1bf
5f186b8
409f50f
653fafc
34166f2
409c7ef
5d25da4
7519de1
5a9e023
7decb5c
00988ea
0db8e01
20feaa1
243946a
1fcd86b
6915080
1b58df9
3a48dff
1eab0d1
5e3944b
4cda8a2
0552d47
01c26f6
331e981
6c227b2
5592439
1cc8e86
110e162
657de95
7cc5d3b
4bd794b
33423ec
429ed52
4f706b3
0642859
1ce7c42
056d37f
7ac2922
7b5d8f2
4bc1e98
52f8821
3eddb47
2683ac1
65a1570
31df54c
0528877
4f6bd68
16e77fe
17821bd
2c3abd9
0b095d9
122a67a
6f6f0c0
2f8e69d
6c2cf22
72a2279
5d848ce
722985e
1d46b02
5650640
072c748
7e8e406
0ba5d99
25b502e
37d2082
340a119
6d1f8d1
7b18ee6
6c765dc
0bf2e6c
4afcaab
4fa9b94
2c5ba73
59248fd
7c679be
0fab866
5f9e174
3d60601
532a37a
7c53277
23f39c2
312a653
21ff73f
29579ee
040032c
234faab
73d3541
719478d
29a0846
6c97bc2
17f32fc
2351780
5a6041d
265bde2
3b7de59
0fbdedd
63f5ec1
247b885
6ca62d3
39ed47b
3b2f1bb
3dbb386
36c03aa
1365636
69a62f3
756bfc7
3491e2c
01db5b9
4037107
43deefc
52391d7
59e3a55
0c72267
0e8ab75
14e3717
236de30
3594a4b
644aae8
4f9c362
506438a
3a8d48f
3ad3776
5d4087a
1b73bb3
2051eb6
5381489
7631dba
2d1e442
3a0ef49
4159430
532b8dd
61b5e73
0e31fbc
3f757de
2668333
5688cd7
0d56fbd
66aad8e
7e4df66
1396453
3d2f44e
2c7e0d1
6b79061
7a86192
0fbb1e7
7e5f4ad
498e2b6
142ab6a
1dab852
37efaf6
498beb7
3f1b131
52a41a1
7e7e8ea
6bdb2d9
15a5754
2a63e24
72e6315
1ba2933
5ea5580
0fa1ae1
5f87229
7c2db16
7ed63e4
3517e8b
51180aa
0c1cf37
7cde3ce
46d0ff9
15d14f0
3e606a7
776a202
2853791
3b3a034
586660b
7717ba6
6db2645
38a5137
3ca110d
477a81e
3d31b74
23ff594
3077fee
5fc9997
2294380
3afe55f
3cada09
37b86c4
44ffcf0
6e8b554
1a2fe9d
40dcc02
39b6921
4cb5269
1341dd4
5ec541f
2ae4e04
1d30b20
51ff798
483fdce
7ada9b2
2fd6041
0cd1761
0d6fb42
57dd88f
3805f95
6d8d7ed
7e322d4
4e72867
05dffe7
07466ec
1b01401
4079760
3376a30
4a0ab92
146759e
2a41c36
1a6ae13
6c3fc3d
21df57d
54d8984
0bd76df
33da513
7f6c465
41047a2
198f28e
384fe06
39cf622
457100d
51dbb35
4c6a20a
581b9a1
20fbad3
44b116c
45ee0e1
51caaa2
2acd231
3250ebc
057508f
400f448
3a7afff
7314632
6c8dea0
483ba20
7947e1f
38c31db
4c56a4c
21fd663
1969b4c
55e8e72
7f9c265
11d7d40
1bba2db
7872204
097b655
2fe4c86
2814529
5fde39a
5f9e824
7c61090
1b8dcf2
24126ad
2454861
064cb18
54c7e3e
7c1f379
66204ee
4149896
21f5c9a
04e459d
3aba127
206170a
5b76636
4018068
182f024
612ae55
56a97a9
39b1a0b
7563375
038af5e
3c676a6
5cf0ec2
4a907c4
702cc9d
77c1c95
1d79a94
5147da6
1553d25
4bc493e
25735be
0531d85
2034a74
684e791
01f09e0
0b163ab
5311d46
613e050
353f338
4808097
65da6e9
292beec
31c5be6
3520f8c
5b3331a
69f3901
171423f
2b94323
1b32a8f
7a6bda4
66a5d57
1f6afe0
6a946f2
1a9382c
1e11191
56c08e3
192053b
2b34b36
142ebcb
02f7482
3126533
15fb9ef
1c1cd62
531cb60
7d5e221
740913c
1c5d251
5a5415a
5af23dd
6247287
7d007e1
74e5be0
350d71d
50ee39e
1ea6624
0f92ebb
1a92e6b
7f30c31
0b39a3d
778b987
2bae2e2
6f27acc
2e9f6ff
652cce1
3d45223
1a1ee73
2533ca8
4045edd
7f67401
4a89b05
4daf661
3c0eff9
2db19cc
1d8b08e
526dfc5
61262ba
41beba2
2bec257
7a4e703
3f1d0d0
5c404b3
4c9dbf4
309c19f
74f4ba3
520957c
030437e
3a58933
0972874
3e81910
44d60c3
2f066a0
59bffc0
76ce52f
736be5e
1c81c62
5d3063f
289891d
537844d
6cc10d7
33fd749
6a7eda9
251122f
5bddd6b
5671a45
4415639
5d5a1d7
0ab46b7
064d0ec
4523737
7f22e59
13dfad8
0a14911
56829a3
69fe9fc
1f1ade8
32983d2
55b0913
3c21f6f
0a505dd
593742b
1b4e58d
640c291
6130731
04a0be6
66d8f11
1b926ad
4957fa6
3cf38c1
238f1f3
2718a89
1a05cc2
45fe696
3129d42
6aa6727
7d7f642
694b3e5
044b921
6022cfc
6e4b563
7820a08
07e0004
1fc4c08
7273a61
32f03e7
6a66134
2a92107
423e2ad
3540d93
5a3ea8b
699eee5
0c6b905
12a34b9
739c589
0ca4a6f
737e77e
05d40b3
17345b9
2e7ddd4
1726982
383f046
7c8b32c
5147384
78c15c1
1f70cc5
272d1b0
4b8380c
466f9a6
2f420fc
34f43c2
4990f73
347b054
664e3b7
116d423
4c265fb
63fe97f
1b01138
7e2e029
18c7232
5f32a7e
76b9398
103a32e
607c958
5989192
21c9a63
108a523
5af6495
41e6058
3177af3
5ace3b6
6484371
1211510
4cfe4be
2938365
0f30beb
354a57d
009c64f
235da06
0bb1790
497138f
5449e08
6e1ba17
48982af
7c897ee
2c92375
480dc9a
59966ca
60059c3
3262a0f
655dcde
5c9dbbd
43c2e3f
7aa6f22
0bae80b
21ba1c8
46bfb2e
4dabad4
7ea46c2
6d44a2e
0c4e652
38f28cc
4ecddd3
40d19ef
0b6b8da
4e4972d
1c9a78e
2defe87
62368ff
78a95a0
3982a5c
518a87b
78860cb
6c4fd34
4961b01
27fcaa6
726d3a1
7f50de6
19a86b0
5d0c37c
3403c43
7d68d9e
1b99001
345d887
6085432
4b899ac
231f5b8
672507a
2a003c0
37cd2b3
20a722c
313ef1c
3aa7be2
061f789
606cbb5
7972aad
0fd49d1
17045ef
172ef11
08bb6fe
39c19d0
16aabca
0fb5d67
7f23cf9
04698d0
3419aa5
4379c08
3de1675
51cd7c5
3e076c4
6b99d5e
21d445b
1c38c90
2e49b30
37c1e80
7d16884
21472b9
72fe2eb
79872af
56fffb9
77959e2
3c21571
4a9b989
7d594c2
7afec5d
0f082f6
33026cc
79ce3d5
4ba3536
34a5da5
11da6c8
5ccf89e
7175275
418b0f6
6371b23
777d154
61920f2
019ffbe
63f5eca
032e422
591eaf9
740a7ee
089c0d0
0097034
52a9f1d
6fc4505
66e9c90
64d63e0
4a5f712
7208bee
61c7ab5
229b9d2
764cf56
769440e
6d6f400
2729a43
77da8d1
3bd6599
0557fdc
077f0ab
3cf6700
0c071e6
36d7269
6ccc89c
3543d28
29f17eb
10c9ed9
5dc4439
34fc2e9
32db7f8
45bcc1b
288d2a4
2697851
2889e88
3ab93fe
4520f30
474f873
6a08aa6
0e5ebac
03b0744
79979f2
4cef203
7e45e15
4adea3d
761df26
21ea5a9
6cacbb0
64cf505
1bcc1e6
627015d
52ff812
506a542
19a8733
5f0112c
6da3958
0a84fbc
044609e
2a8748c
48e1b27
555d282
49ee62c
24b1906
5f279f2
0f55f48
2ab88ff
7dca157
06aed6e
71de8fd
4a04b78
65828a2
75f20a1
2d297eb
3ce1165
25f1e99
4a524cd
2704894
613d670
02bf1b9
3b15303
7d1c04e
48f9439
25a9e09
11308ac
6c9bfa5
575477f
3d58ac2
30dc952
114568c
0767e9f
3811104
55f405a
1551506
3acd0f0
1e30f0f
366004a
12acbc8
2a151d3
2af8cea
34f4bf8
3ce586e
7c1ec97
06feee4
49790fb
5e46f0b
41f09a8
6d9b862
59ffd55
70252bc
1c3b1a9
78a7a50
231e9f2
632e15c
55d4dc1
02598a4
44db71b
29bbc98
5ca8e04
009ed8a
5e70cb2
3c9efef
2785a3d
64087fd
07581cf
70af090
3e03ae7
4ae4063
7aa507b
7d32855
3c569f4
174f85e
6aebb38
23677cb
22cf50b
14e328c
2f3dfa9
47a92e5
77bc209
5c98f36
697c650
6e7233d
4f6d72f
4808a7d
040f0b0
1ef7ec5
737a25f
03fbab0
2e203c8
487367a
0b8d830
3b9977b
552d29b
06664ae
23d7fe4
30daea9
289f298
369b014
143ec54
0931a07
1bc4179
310ca43
3753833
08df9d0
679dd60
2308e98
1b6a2d8
1e1cc8b
527ecb3
52e7d9f
16dbff7
500d789
4101009
6fd4bac
35e992d
4899f24
7b23e1a
295e797
2f47490
02f38d6
5d361ee
4043391
38a8ea6
32446b2
1d5b879
7fa9cd3
6489867
7e92779
6a68d28
2459816
5aa669c
3a6e645
509e26b
6169c27
7961491
5ed38aa
4983c36
603ebd6
635f1f0
5425586
0eddd9b
041a570
34a95a9
20b275c
3b6e052
5f9f464
56dd015
31cf1ba
260571c
65d9c09
2e23d4a
51274a8
5306614
2e1e8b0
6f154b5
3664a4e
147fc5b
7ea17b8
0ebfc2b
0f43954
01f84bb
658f8ca
1965469
1d1d0e7
5fc4d4f
3693c84
11be941
46164d5
1637836
1603208
50024a9
467cf1f
7d02d0e
7e7babd
05a91d8
13d1549
3254942
5152640
4f94aeb
3a570d2
288d510
558887d
7d77a2d
633d40b
0412791
01b2c22
5eff022
2dfc109
70a82d1
3497d17
77d33e9
17ee95f
2e3cfb6
5933be3
102cb28
7e3db3d
5fd3ad7
3f8ddf5
129f5c1
290945f
2397a78
6d26288
71341fa
7666523
4f0a15e
1d6316f
0cf9972
6a52cc1
5475779
7e19514
24700cf
706c728
1ce8836
7afe6e1
68db8be
7800209
07c85cc
5c39189
0b85827
07a83ae
3a51642
3786eb4
61a6b2d
7555109
4b869f5
3c1b285
7f26dde
1be674f
5632004
3616b2c
1ccb827
6867d66
0596c9e
3619f91
026f29e
7ee457d
5f95759
5b6126f
66f126b
20f737f
6822465
1a4afcd
1b0a1da
2c38fc1
000ca0c
0fe4179
2a123b6
3c2746f
102d234
0ba67ea
65c6af0
59c9686
1fb7356
287e207
123a2c4
3de7ea6
5948062
6b848eb
6402f1b
3218709
048a4ac
119c120
406f19d
37e9f2d
7cc1d01
4cd89fe
5293f92
0e2c372
47df6a0
01dad31
0402a98
42c2df2
7184711
4769702
2b63f01
0aeb068
6c7c54c
2380682
3982b15
102c38d
1d11a75
52e1c27
599e201
208aac6
78893ff
27f92d6
5916e3e
6332db1
320ea71
6698120
0f24a34
6616f71
4b6382c
510e92a
75e1bd0
39ba346
1bb2f29
7ded31d
79541a1
37bd028
6a3a3cd
36bbf27
059e2dc
4e5e8c3
7cd12c5
6995eb5
2f38635
07e2318
2d4f06d
2fdcd6d
4bcf2ad
53acbcd
35e549f
67ac1d5
7369362
35738b7
7cc282f
6d86a2b
2470714
37d457d
1e19028
182c86d
25a727e
2d2d607
7a6ff48
531a5c9
21b0c49
0cd87ca
46213ee
3b542a8
501a2c9
0feaeaa
68601f8
2184cad
7513d00
1ec25b6
7094041
5e5f33e
3c0937d
3bb975e
0908d82
2469dad
7c85e22
03cbb2b
644d35f
06c4643
7ec91b0
7dc9ac5
5b458d7
2215fa2
5805dea
4fd6de0
5bea7fb
551a505
2a1348a
42a987e
54f2bbc
2cd09cb
4a85ad5
3b2e03f
7dc2a95
5e1bbcd
541442d
291e22b
0adc334
0c52e37
61e9c92
40e6423
30f6abe
338ee7e
53f989f
696724e
64345db
510f6cd
4ac01a5
70cd35f
19a58a3
0b4659d
54cebe3
1a2368c
5d59e59
1814c6a
7debd6c
4e6ff98
379d45a
086464a
6f6b533
35a1553
2c562e4
1a74cb6
741db39
3073afd
0482a24
0290c0c
5408a84
2503b84
265bc03
22f807e
2da08b0
2179df5
49e08ac
566420c
55f14f1
7293e59
5911e5f
3d75f4d
6de7bf8
7fe4549
0e3d868
46333dd
7256e58
23a81c8
06e9329
2f2e2be
4a3397c
296a74e
567bf7d
624afec
29248d4
21470e8
07b4077
1455f20
571c702
4ff87a5
5bfd35b
27de3fb
30ff722
4887fbb
3601344
59d2848
329a6ec
2e73a84
257ec57
3239496
0cf71bb
76ce3bb
6b26caa
0f25ba9
2d20c03
7295ff5
2a973cc
089d08e
75d1e14
41bd7fd
0963b7d
58bebea
5b8cdb6
1581603
6e7f57f
5c96323
2406bbe
29bea44
4f90fb4
3afa76f
5e8b841
635c436
1373e88
25035ec
4ef71b3
20d6062
2ff1e5d
601610a
5c1db10
5261b22
0815ab4
7d6ce50
0910fb4
1b1d23e
17cb0b4
273b3a4
751c44f
19b42fe
011d914
37688eb
337e778
2482d03
7980c4c
74653ae
57e1113
40d62f9
1f6d935
4a9093c
2f6d154
162670a
131b4cd
74a2e28
335735b
5ab4469
1b9e2b7
798cf41
0be441e
3a0182d
2894bbe
4627972
7cfc298
25a793d
0aee743
386173d
75d0dac
34fc1df
078ee94
595127d
5085f4c
640054f
577c59c
4c3a283
7842910
2e34887
36e46d5
1b3c753
106a944
5389900
7a7a453
6548db2
123de8a
2ce925d
4fb8ba1
2b740a1
347b430
19dd6b5
5c6a672
141b2a0
4559b2c
736a1a5
6919be9
391ba32
4cf5bc4
2c7e0f1
7967d13
4f0f556
2e5bdf0
365cead
28e3cf1
1aa7feb
204a451
69e6d87
349fba7
350bcef
742b757
328eba4
2845ad2
621f8b9
370e7ae
19fcf96
3afd107
3e4fde2
2a39443
460d010
5152b93
6d743cf
3f2dc2a
23e94ae
41e5cd2
65f829d
0384d45
7304574
7d5f9cf
02c16da
1e4dd94
266f997
239c921
1c578d6
07b0cc6
09ddac6
40df553
3888928
7e14c1e
3922a3b
21f44a0
0a25f93
2b3129c
78babe9
5934b0c
145e30e
1b07704
473b476
1844f2e
7696657
4f127c0
1d70cb2
4a78557
07cc5ba
0a931e5
3ca5970
33b83ed
2241986
5b7cb55
6933ad6
7732df7
0519c1e
0ca90d2
0e01f23
2ede653
1daf237
4737aac
11e5535
205e832
47178e9
6b25f52
0a64021
52f6f19
670beec
33da4d4
7ff9c30
561c64d
708e5b1
7736120
60e8dd9
4aa89ab
12311ac
100a476
47312d0
4ed741b
230f406
0fece50
66944ea
7de4469
7a65423
6f14928
6d464f4
7121f09
611c757
15d6754
036325c
34793c6
2ea8730
587075b
01ba283
78c3985
628768f
3df3eb4
01b7707
5b86802
70fee6d
240b075
583638b
76280bb
4a28a3b
1438a58
19ae56f
04555de
02ddc25
4574167
053e7ce
0807798
5ac5edf
06bbb31
440908d
7c92181
79936a9
5fdf9f7
4b8f95b
4cfa3f3
7416d39
5e602db
6db6825
66b815c
599a50d
4c384f6
49749a7
27cc300
2440aad
6894f22
6401a0a
6aa1fb1
6ce1bbe
4c1db30
73d9a46
02da39e
3bbdc3a
2f7c565
4305f04
79fcb51
642d82d
7731750
68219d9
7565e6c
7839585
515a978
3fdb8f1
09af6f4
7772d14
3aefa5d
7b360c5
3042ebe
13cd29f
21c6590
199c96d
6e5f1d3
364acf6
5e13d37
1e854e6
00088fc
27a9b4c
063d40b
1efa599
52c4699
045aeca
4d31583
258d985
18dcee8
0c8cc65
38fa5d0
74ef343
3848b5c
5fb373b
3e7f824
7d6e46d
52e3f4b
3bb33ce
425320d
25b4666
0d7b222
21c651e
47a9c17
1cb9e0c
4c977c7
1773ed0
04e8de3
1240b01
48ffb2e
4dd4dde
7c1b50a
6b80e04
45f38c8
696d0a9
65d2122
19c89db
73dc214
1c397ad
4734ab3
7b7e698
6f3d3e5
12bcced
4eeb2e9
1755f15
3813c96
1e032c9
680e7a4
589b223
6627626
4589702
1e98c73
7fe512d
08b03e6
5b64167
749867d
00f2486
305f267
7eb32b0
5a87b03
5df59f3
2f02c69
1f55471
49ff1b1
738936c
4b44edf
2ab89d9
4209d1d
753ecc7
7cb0b11
0390d20
547f753
7a2c084
25a609d
11be73c
6d26935
417a520
136feb8
120e6d4
7368e42
72b362d
49734f1
526855b
44ad36c
104c1f2
19dcd99
58a46f0
172f976
4d231ad
660e5b3
17c1595
6c78e34
24d7877
3374e32
3bea984
3d06bf3
14c712d
3a34429
11dcc5c
6967e62
46f387c
3ab10c1
6494340
0cf4ca6
28b07f8
66f7e4b
1474b86
254131d
5ec07df
0499b46
4fbd17c
2ef7f8c
41bd0d9
128c45b
22b5253
7820ced
1ad1715
2f82289
16f06b1
3fd5aeb
0d50d96
32e6baf
44e1230
6964cd7
16411bc
3ec95bb
0663184
31f5637
6237134
5469cd5
42a4b76
487b627
7ebd97b
0128ea6
2e68e58
06cca27
63578ee
75da52a
6e27fc3
530dafe
2501f15
7e94d7f
39f8b34
71d9e29
1fc921c
40ce762
5717e24
10ed4f2
69d012e
65f4aa1
4a0bd83
555c134
5f963bc
04011ef
6042c00
0ce5dd5
43254ec
1cc7e5a
77613cf
0ecf533
6e4e9c9
3770a2d
2d3ca6d
5340ca2
488c280
73d76e7
78cd0e2
40d3841
505a07e
014c42a
556fc81
0be0ff3
4828561
7f628f5
6ccf160
1d2d24c
57c4f16
689dd2f
3df1e43
145a784
4bc6d2d
0527ec2
2048759
0133ce0
43b6920
18c4d36
5f76433
74e7307
476c21e
28b8760
0a45d8e
54b9de1
08f7df3
0f9a3af
2da7af7
0fc0a44
7735273
3218652
02bb966
5569323
5cbfdf6
2382a51
7d9b432
29a26da
44907e5
4e826e8
18a2ca5
108a662
76b68d2
25780ae
4db2903
19a7939
1a6ae10
4087a18
2ba5560
74d7c36
361c3c4
36552bd
43a6d15
7a85854
7881c01
6c98d76
762e202
50ee3b5
024cf23
49dad3f
79f5eeb
5b79ba1
30e2fdc
75db770
0b0299d
70ad712
1c6d751
57f6eba
3bfb93d
26e0575
5b98537
4c263ae
47c1ca8
0a0c77b
37f70c7
25c0b72
3fb91e2
19be9ff
286a54c
2f3e3b0
5772d4e
7328d0d
30c93ba
54761c6
1f21c77
715016a
317e798
31d058c
0c3d334
206ca99
1512e80
04cc078
52d6f96
04539ce
306ac2c
54f3dbd
4402ce8
6f948c1
5e88c4d
1183d87
0734010
3f72de7
092aab5
2b07c68
105db95
13ebd5f
6924701
3646776
148cb3e
72b0fd0
29cab37
378c966
3f271d9
3ebeef8
73f30d6
5fee1e0
5ebf390
506eaeb
745f9bd
37f987d
2b8a3d6
3672a67
02122a3
4001179
0231a68
63dbf04
68d8da9
75c203e
418ea24
2d7bfe8
4f2ea10
18d0e07
76a46db
3a035dd
7c77c4d
01c1dec
6dbb45f
6316c55
642dc49
2b89e36
61bd24e
637d9ed
0e3414e
752889e
0753ff2
46e8d5a
0542dfd
612be13
6ce01dd
3aed3ab
1d5509c
4fd6280
765bf1b
7deab58
750b3c1
1986322
26ae029
3d7405c
755c846
0d5cb64
02b0da7
64136ff
1507a7b
54e3872
3fcde20
62ce7e9
75597c9
7ec960f
70aa299
5816004
0d709bc
229bfdd
4d4e32c
4099386
17abcae
5b9b315
0b15560
45956cb
3bc8808
7e40f12
121b8f6
6cbb8ed
0ab1a95
2f2cc24
743391a
3657eca
2516520
3c09215
6451007
71d047f
1b1ce3b
0b25a2b
70dadbc
70e6387
697a149
2e6f9c6
60cb0e5
3d39649
1b60ef1
29ec8f3
0629fa7
3d42ec4
6695c9c
3c46d61
19bfd93
6276fb5
49c89bc
736f563
6c25aa0
344be65
3058b92
0ef0254
387db6c
34010f8
6fa8622
5711a7c
1b5521c
7203a10
75568f0
7af3df2
2f97a22
7aa1607
245ebc3
5fdcb9a
3ebdad1
323da93
62f429b
77bf1d3
1d78787
1d13477
2eedf17
02e94cd
2554148
3bbdccf
597db11
6cee935
3b9fa12
08a5aee
2b52228
516d0a3
2d6b333
4be7f25
4799c54
36aea7d
12f5809
2ce0e29
758d8ee
27b5592
7af260b
28c1f40
78eeae8
4fd4465
72bc9fb
190da75
6a4e6dd
4d2972f
42d5ba8
117eb01
778134a
6c8e5eb
0597895
78914ba
742be72
03064ef
368d2db
7c80f4a
009c5dc
0d158b6
7483dbc
62c05ac
7ebd628
2e92f5f
17c1eb8
1127d62
26c2386
08c8c32
5751bfa
5013c32
7608a61
7f496fc
366354f
63e041b
47b34d5
53df65a
3b292e3
6a44bea
01b0396
2b62810
1a10678
23d3e24
3b3cbe4
5ba75fd
00fc2a1
41f5f87
7c6df26
5bd9288
12cedc1
3a9dd40
1dcdb89
6191031
42927f8
035d9cc
2481144
72fbc8a
664104a
063ed42
4625424
6d432b7
4612929
5c28278
28e580b
7f1bc73
18c8df9
11d8d1e
67d30f6
0763424
0a71713
161fe15
66b1292
1e0b920
786e292
6b0da9d
7dba505
3725e8c
08dc123
320c378
35dd081
4e2b827
07ee5e9
651dcfc
61736a0
09b9b17
53adfe4
72bf309
7357a78
17820e6
7632a13
236de11
4290906
13d8685
22bfbbc
4712ff9
277d3e5
3f9bf5b
0430d44
54d171c
5c90fef
5000463
7c77ca1
2b1d08f
1f2329d
1ffdc91
7c7e2af
7083d71
335d371
5cfb31d
3bf5f0b
0433cb8
3667100
6ba8d06
6a0798c
701868c
242bd62
7dc1324
3870447
089b17f
06e9ae3
6059571
34abdb6
6dfbc66
25a96df
09f3fb1
27a5d21
3b72628
4c7a626
2797dcb
343f78b
3c00136
491e38b
7aa5724
540be88
37a0cf3
307aa03
453ea42
48aae41
737e93e
16043e6
7779359
3a79447
448d49c
0853b82
3519cce
22313f7
1d129ea
6f63333
315addc
7b6b0e8
0c56eb1
4796e36
2983e68
622b8be
2437f55
36d3618
68bfc6e
1c70761
5dbecd5
1286a4f
6d3f854
43e4e69
746e883
50110cd
027d3d0
6a88f6c
2763827
4704180
3dabb87
5e3a704
4cad39f
545c2b6
29f7c6c
59090b8
199ec4a
29fbaf2
6b212bf
2fe9ca8
6823a34
56261ca
24fc8b2
3b2d11d
1a8ace8
7d2c760
66dbda8
57dfbe3
70a415d
42d24af
10d32f0
2bb7e76
205da56
1ef924f
4319c9f
4d51a92
2b81787
16c2f67
7cfd870
29da9a1
1c0cb52
4243b79
6e0a680
2ba2f18
4838d6f
328ba50
373cd1f
462eb88
3147859
37b7ae6
41c97a2
1ed2d56
73f8fad
23180b4
1b43859
56e7a33
0b830ab
036cd62
4d552e4
30c8614
3f568b1
21d942d
74a5276
6126b1e
5c746ba
0ada792
14b9df2
2aa999e
637aaf9
6f9db7b
6fa974e
39fa406
39ac15c
16bd64b
1843515
215a1d0
0ae5960
5816dc1
0a86546
4aca317
477fce4
32c7554
29060da
6a863c6
5f14f42
465241c
707568f
4c9da10
04540d8
48e4645
6bb18a7
6ee8e0b
0971f8d
1a9432a
2a54014
2b11263
4515464
501666a
0ab6615
678206e
49641fc
6bd5e38
0653505
0677600
7f59c16
0c36147
5b9cd64
2d66a28
1bdff7d
17791b3
10343bc
37ebdc9
6f52b77
5ed0d42
673ebf1
49fc8ec
108d0c4
21c41d0
3871792
71326ed
4993b11
016f783
1749a38
3f9a177
2286c6a
4570d58
51ddb29
0b0a4f6
14f1cf4
5d209cc
2f63742
3052807
1facd65
098fc8a
16e7a81
1c79017
5a37f98
3f7fe3b
219d83c
12ab892
2ac442f
5b8a863
148dac4
1503f67
5d46d74
38144c6
73d7573
11c3d7d
7312e6c
58360df
00ba0f0
6ebc071
5f9a6a8
0099b2f
7e7cf73
7fb1fb7
62937db
6766504
0a27601
724f511
1e65ba7
23e5b6f
439b150
75666a2
03ad590
043a77d
57f12ee
217318c
4c7625a
1bc8c5e
5888e47
358007f
06f7422
46c0e8e
3ad3e2d
597006f
3a4d267
38614e6
22b4160
362c188
54d551d
2151a26
5280fd0
4ab6de5
3b8c6d5
0073283
5ebc825
21d5a0d
6abc1ea
6ac22e5
1f7e764
709edca
1cd7273
658e782
479a808
2f72cc6
141ba36
4554bb0
478ad30
0d31e6a
66ad6f8
252eec1
45095d9
6f88e63
59b75c5
58907c2
73547e7
3242380
146a9d6
20c169a
6dad611
30cbe49
1c90969
15e6eb5
7dcbf24
2bfdbcf
265918f
506c305
452cf51
61629ed
41179ba
46cd0cb
0910d31
636b06f
103c52a
4facdf6
6ff1486
6193bf0
40bdcaa
68e4dc5
7f16f09
076f62c
207780d
0eb8488
721152b
3c4e1b9
5b483e6
28e57f1
4cb16e9
2c0a3f7
29e9381
200a8aa
1265c4f
36faea7
5e3e90c
4552c47
31bda31
135a7ed
228e48f
01c9a22
20e0544
0717dec
4239e17
21cc29b
11ddad0
257cefd
56ec2c4
490ec37
702ef72
33422c3
755eeac
47bc499
3b016d8
12ff0c4
6013e40
69ff6a9
72ba22b
5c0b229
63615ba
6d4a476
6617263
4ad65f2
71942a4
393b98c
78242d4
35c4d30
319336b
3e3c798
1267d2b
5eac6b7
7f45843
051a133
51a7536
4bb2643
66f9de4
744307b
5988011
1ae9899
362c2d7
35bd374
1d6823d
564de32
08c7216
24e9301
66dabe8
76658a1
4ae7d91
0ad9c94
6f86816
28bf8b8
1db901b
24d24a5
0a11871
54dbf0f
4385488
5e92dba
6e3a0cf
25d3aab
7b9bf9b
6de71bc
40bbbc0
4b4f4bc
4f2fdc6
6cc42c3
2480985
5e91305
19ad292
38ac882
64467a7
13f7323
7646d11
14bec44
434e8a8
6f7f68c
76cdf2a
7f7921c
0e76dff
35a514b
478e088
5409359
117670e
667c93a
2cafd89
499e523
0761ebc
56148d6
1ee0d23
0f106d8
306f0eb
22e0157
69dd98b
7f07e24
60e06f8
3c3a93a
0af1530
29ec6a9
76f7d63
547c708
0dcaaa7
4bb5df9
6cca17a
772812f
28452fb
573d987
15747bb
3639f53
1f88da3
629e9f0
71f192c
4ccbdd1
6abb8f4
1b0f15a
10bdcda
7b98cb7
4702be7
7d5a6c4
786cc0e
75ec13a
06064a1
4416319
62f5190
5f86b68
7898e47
6759a4a
5f73e5e
2fd12c2
3ea7e85
6d8a865
75f790a
015db6d
5e0d602
4d8efec
1520832
3dadadf
4fbd429
5d4c96f
65fa3a2
4a20f8d
2623535
3cfb00f
5186bfd
3257395
062bf8d
4407595
556ae7a
6dcd9f2
0be7664
0850178
59f9c91
3626347
0492ad1
6c5caf2
7c6c59e
2c7d83f
483bf7d
15d8346
4a8b4f8
5f5de6f
03f6c8e
2b26c75
3cf140a
23b715e
14a5e6f
475bbbd
27a18a7
658a501
1c07ff0
105daf2
66a5444
6aedc3a
237691a
122455f
33a36c6
75aa567
05776bd
028a673
3b1edf3
14006a1
23bc67b
16b89a9
437b99f
3a4d097
2fc9a18
68fd799
06d10e3
7754c7f
4a7a962
306efe3
6c8a2bf
5b53e40
20abdc9
6a4d581
33f8db3
287ef93
78562ad
24e5d10
6bc0f77
334777b
19281e2
05d1961
1b6fbe8
4e997c9
21989bd
6512cee
3c28378
4e59b77
4fdb0db
3b12cea
4c48cc3
71dc207
5209616
3470421
28b32cb
027dbcf
51c0709
165ad84
1ad2e5c
0b880b9
22dc864
40efba8
0c1c3dd
60dcc3f
5af8d4a
11320b7
2534b25
51a1761
2001426
3dbf394
12fadba
576cb27
2f86d3a
4e061d7
05636f4
22b5a80
74ef266
097c79f
14e8223
210bfae
14a3d3c
27a73d1
3f2ae40
7c4d7eb
0210d01
4c65051
484a422
76f4f1c
362cc07
13ef7bd
2e358aa
4b16104
6d9c832
6ae519c
3ebb513
7949060
7cd8f92
0d01bc8
6a3d1a4
08a9289
63061af
4a6d919
67697a1
15fb1a1
670041d
59aaceb
47ace29
361dc4b
2655d8d
122dad2
2060e93
786bff4
0826710
0d5af6f
3a78f71
3fc64a1
79e600f
7d847df
4af2ee9
4052d21
135b1e6
112e69a
548108a
788b508
6cf9b07
3d11316
55f46bf
5bdd1b5
4fc2679
4d5c4db
5999f0e
51161af
2e7c7f0
6675826
29fe7d8
10cadef
5c6b573
3c8280b
0cd09a4
7eb524f
4db4e72
3cf0b0e
33d11e2
2295c5a
2c5c803
16f3841
5942d14
1711b4d
45d4c98
2d3db9a
41ae477
7d9197f
21433bc
71c203d
4cfdf97
28431d7
43ace64
7413162
4c6428c
5329e78
2a326c0
0388c02
3df6d92
1474b53
59eeb7e
3f60a3b
23350a7
7456795
123bffa
30391dd
43bf86f
5b8595b
31372af
14aeadc
4534acc
01ea8fd
08af3a4
6039193
0c2efe0
0dfab08
725d61b
42e9a11
07babd8
602e5d9
643446a
1229e84
486c768
0648d0a
358f1c8
71901ba
444206b
63834b4
52c03fd
1bc25ae
4dfa7f2
7a5fdaf
70da1cf
175e942
01d7738
3106030
26f9699
09c9e4c
789847d
7666601
3c342e4
1768b6d
0578ebb
6bd158b
1e90f92
1bac0fb
34ceb5d
0f0248b
6014e6d
29053ed
4b96963
4147496
31a4b5d
3ebb735
33181a9
6898181
0f98c32
5413913
6c0f05d
0d10d7d
3dd0161
7f1d256
5a34fc4
35c9b89
7de78d4
678f142
6e43a07
6bfce04
418d005
4f506cd
34f6a46
1367087
2c57802
5702a1b
3eb8953
62cab14
04e4cce
4ed5023
1e10817
02f0aac
20539aa
5ceee3c
2bbe7b3
26c7745
5330125
1fe9e2d
230be28
5b2ab9f
4ab1147
550c92d
4c77159
335c617
418949c
196ca74
11733b3
2b02180
166d03c
0c1a7a4
032d1f6
720124a
6f04fea
5bb3224
5dbec96
278ec60
6619f72
669a385
1cc82b4
1f1158c
7a16565
00bf1eb
3bb78c2
41c5e45
1e5b12a
1c8abd2
16f709f
6311377
11dffab
52b0c3a
5df9aab
1aadd1e
7022ebf
7d1c872
4f7261a
526857b
38a86c8
49b3cb8
130089a
6328548
67e3cb5
31e6640
6f4ea4d
6303a5f
230cd61
132cc82
4ae67ae
3ca5520
7c3c65d
10c8b05
2a0657a
5c3f428
501ca49
0893c16
5662f62
126753a
12b1d6c
30891a9
1f51340
4824058
116edb0
38b9cf7
46773a6
4004a3a
088a612
7d6c0e9
5934fc9
7f4c485
00affce
5d2e5d1
4dd2575
66f5273
6b2dba7
4855d53
64717f8
4af6424
5d1c4d1
2e60273
3c057a3
3bf372d
74675fe
56f7995
3ef9c75
2e34cbe
1e29221
218cf2f
3edb5a3
0bc30ef
66f4527
7582479
06fb761
3dabd0d
28d2756
0333871
6611f92
22cf0ed
6c010f1
31b7473
3803939
7b870a2
2764b55
61dde32
42b2e75
1894de6
032a0a4
178987d
4709f67
10d89ca
3f6bd51
1bbf186
5c6ad40
0f1f727
5615f77
48b4385
5d94d2f
5e7439f
46d34f9
40e996b
7d17489
6c72deb
677b842
6d2ba58
7e51f04
5de885e
366dc87
36b6284
3bf159d
6c66e47
284df2d
0de4a8b
580521b
30c9d15
034da2e
7390f21
6b4fd0d
585309c
229ae8c
47a8d18
144e9d6
507d91f
5739090
7c4f82f
4dfe912
0d64da0
36178d4
2d1a598
6149597
6a9539c
02ec68d
54bab65
27a5f21
76f6dfd
281795d
100f095
5f6ea8f
3d114a6
1a86fb3
7285f87
1a5114d
6151605
5335e12
3443dc6
4ca5a0e
797834a
300f01f
1f2c9e9
14b7646
08c00cd
442c101
1156295
525de6b
36df454
365be0a
536f9a8
259886e
7d7333a
1dbfc6c
5bc7e90
781a608
49e8ab8
3d94d2d
0df817b
736525d
186f4d6
51571f1
58eb0ee
131420a
3789186
5654af4
75acbc7
35d9f7f
1958eaa
775e621
4638c8e
7168c3e
4516bde
7e0bde2
3301e10
39ca7c3
7471f42
16afa59
720d1c9
7d81702
6edc242
018e7cf
633b078
1329310
15e61ee
30c4bd3
3823807
42b54d9
7679ee1
54535c4
50d8f49
2302d6b
6a885b8
7de5a61
03a9b6a
72b4590
56549fd
57d4090
7693fd7
422d698
4bdda3a
58db2fb
5ede245
3f43909
29998ab
17beee9
24f7782
7746722
6411318
4be9a9f
651a2df
6d2fd34
12fa4d6
4a04288
2f31115
0fd0a0e
7c022f9
26d03a8
698fef7
016b9dd
5f6aa48
3ad946e
64012a6
53fafc9
1f620c6
24c1ae6
795df7b
01d423c
3b599f9
2ad4dda
1bba447
4e35736
354b4e3
7d8424f
59d3cc2
387fca9
7268fa2
7ca646b
33ee5f5
402db76
0de1aeb
6673655
2eb21c9
3b30286
694fd05
64f73bd
77030d7
58c2e67
146bc0f
49d9fac
0ec0d96
48c3af9
676ca4d
3e94ccd
044a941
1ffe711
643c763
3f41d79
5869108
4b50921
6b1776e
1cfc05a
76ba6bc
5c85f1b
12b1a4e
6f27d99
060180d
71a50f2
0f1c4c7
7d31c65
74722d0
61545ec
31e759f
4b5484a
44c59c1
0231b6e
05e0479
0cc8cb3
6a9e19f
79a8ece
33387b6
6321e2a
48cb0c4
78ec2c4
0c7dbd3
544bed1
569ba41
6e4f153
30d611b
725f402
1899f9e
75efc67
2eccf63
2aa7961
7b8f12a
6a153d6
1eb8ee8
3ce74fa
50ed77c
487067f
070cbf2
423fd6f
38bb9f7
1cf5b1a
7bde353
4c314dd
7395106
22082f3
7a92b97
2507073
4a96e1c
4aef0a9
43346b2
6c61bf2
378d577
1921d81
7510584
134c80a
65c6229
5dd91a5
6e351e7
72e85ce
2b317e2
51ff880
6e776ad
14eb2b2
4ea5754
52ee8f0
2fcdff7
58c258a
047757e
4d40ea4
132b5ca
250d5e3
1d20bd8
74b8be6
7a98cac
3f07136
731f2de
6c300c2
16f517c
0785af9
1db22cf
4a57b30
18d3241
0560b83
5dda1bb
05a860a
2ceb63f
5a934a3
7c88015
21adcd8
69356b5
06104ff
2db30d5
10c536e
241612d
4d678f9
326e3d4
48f8530
0db062d
5eb96b5
5b861ce
2362095
42d6ac8
4fbf19c
0e06782
211f793
4805445
681128c
4131810
5233899
57ffc5d
0aefae6
4baeab9
3bf5db1
359db29
2d04989
204dd3f
61ea41e
02c80f4
4d6635e
12696d6
221758e
202da7d
49f52a3
15e2c2b
1e6185c
60f04f4
072ec63
1e6c674
4423f71
41f9077
2346621
2b9340b
08c3ecb
612250a
5f271e9
1bd2e24
1d589df
215e230
327dbed
3dea76e
79ff097
0306b61
49d3108
551e6fb
4fcdacd
6cab805
57947f6
2d4a596
0c2539e
0fc26b6
3e7ca27
721314a
1a40e4b
53e7a89
5126eff
523e097
6786ff8
11693d8
3a426f3
43fc6ac
23d6067
2451344
6e4e169
7b63d8c
1404699
27659fb
48c00b3
005c262
40d8c03
6e48303
72baea2
6d1efc3
2902246
2455c47
208d630
0751e94
46f5312
5cd9091
6f6a006
782c9e5
5034d4b
6b3b26f
5cddf5c
363c6cf
7e64c90
7f7e229
3a70f47
23e4cde
084c461
5c3d14c
0d18eac
158d1ff
35b2ecb
6151eb7
1e4b41d
5b1e522
2208674
698b24e
099fb2e
3ca09f6
4123a09
1a76f84
64f5c34
0af68bc
4493417
6b5e1f4
530c719
5b6e622
6970939
52001f5
17d7bec
7839190
2d61886
2a08880
0cff369
0fd5d18
18e1986
432af5f
4882ced
6c2c468
1de9fd2
7fd3a7a
444f2c4
5294384
6fbc766
7a4adab
7230c90
54ded6c
511f8a8
74132e5
4842570
7ce133f
7c88008
313679b
6dde721
42bd552
6d8936a
53ca63d
6b47182
2506969
5c4eaed
729d5ff
7753eb1
046b627
507e521
3762486
02c4423
07d8503
6b65ece
625b1c5
0f62d0c
1370df2
6b4abd7
3f7eba6
12a9bb1
6e13c78
33f91cd
0744eea
6d4c836
2b10cf7
1af52cd
2403e5a
3f1728a
7ff9880
6e20789
662da5f
6e51b68
52bbfc0
58f017a
59b553f
5336362
45456c3
4ef4d8f
1832f08
428a982
25f02e1
7feb895
4275911
1133884
57eb618
0674e23
49362e5
516697d
29c20aa
5d9fd9a
4f30338
18f0b58
19e0b2f
46dbf2a
3385da5
2ff0ac9
449b4b7
73ede5c
1dd63a3
59a81ca
6a6b4b6
3b83a3a
4616b59
10dddc2
11c6195
14258d6
21cb989
392f018
060d818
2c4188e
5b22b44
123f290
3de2cd8
2fda3f9
75066c0
6f0acec
1bd8bec
607cba2
58e107b
3f9a2f7
71dee46
51c8bc3
49aa249
59d9d7c
0148da2
1380396
7cab427
3cfd10d
3f06afb
7802bf4
073fa7d
74d3736
197e20a
2464308
73eaef1
17bf84a
1e33421
5d35ffe
51f0bd6
197f611
120214b
562d963
26833a1
33eeba4
1db6fd5
018bedd
48a33d2
5f42b42
3ffffd4
5e850da
7c47968
15b4183
16bd8e8
17d0c2a
125c0af
5de5fe7
61e089b
47e0117
18fab20
1af5c29
372ffd7
54edd12
4ddac1d
72cc45a
2c8c4cc
4d1d452
3e161cd
541734b
4c34e78
1fce2be
53fd454
5cf1dd2
5e50a67
2503cc3
1cb1ba2
165cc7c
75645f4
228666d
15c75ea
26e3977
1250d8c
4760b76
0872123
75f4b56
1da402c
1d78c53
71b324b
2e40548
7960401
78a43df
2defbbb
3d8b3f6
4035501
18705d1
5d3f9a9
26a2c28
2b2c971
3b6b13b
14d4c19
0664bc6
57ff548
739ba48
235f5df
4ab7d97
754eb28
68c98a1
460f232
621590f
2826d76
101fe9e
478fec3
1651487
2ba4bcd
6b9cc50
3e314db
2752bb3
45d818a
26b6489
654e329
5bd045b
720e961
57bb5ca
4261d8f
493c9a3
475ab47
2b7c19c
6a1a720
238419d
3658440
2fce5b7
70b1914
390f93e
05e01ee
0841f71
02cd696
029b063
0ae0d62
6d2ecde
048e827
313d358
3e6fe00
1e53fe2
77ba040
790608e
41c80cb
34f2db9
644d61f
23955f8
757cc04
721a6d6
3e26961
700ec25
289bbdf
6e9d7f2
5bd3fed
79da13a
7130cf0
32b81b2
7f0641c
1eac1f1
2618743
7e4ede1
078fee0
13e46f5
1154b01
0d9e774
091d79d
74938a5
2cb24d7
42f71cb
368f4fa
50fc529
4df331f
765534e
70d36fe
726af81
657cb25
199b703
359fafd
036575b
6470f71
45b1475
5ded620
705a8d8
2e7e458
32bcc9b
4895d5f
6373912
6c47df3
2e04e1d
59d2aee
3747094
06d5422
524f890
2112a85
762be0d
7dd4a3f
159d3f1
50d18be
6bcfcc3
3c179b2
4a3c931
5e204b0
73eb19b
7809703
2899add
7685434
1315430
15186fd
3121fab
196246d
1da48d9
2186464
276c65b
4eaca2b
40bc5f4
67ca6c6
5663933
394b9d3
73d3b38
5b74228
1b22a88
36dac00
7856362
40be2d9
4cb4dfd
2aa8595
77d018f
171d4ab
3f31091
319ad18
0155b1f
6fcbe6d
502d820
1b0c1a7
68c0a68
58b46e0
76f0adf
7203e54
679795f
18f007e
4159618
1384216
10f9f00
44b6c82
5e6eb5d
0e5f314
406c6b3
7b50c0e
583a813
09a727c
2a13d75
0445729
442a990
4dfcf0a
11ec745
0f1329b
6d63d94
14f297d
0b66d39
40f8ab7
338976b
6b65f1e
2db0d60
44433d3
36ef600
5dae707
7341518
2300084
08a7d96
3c9b7cb
4ed1999
340257d
292f090
6a88584
7a73827
394b8cc
7d6f1e2
629590f
6b04a0a
58a0086
2482e79
7bcd7a6
27465e9
27696b0
75c2d87
370fa1c
688267b
09fac6c
05d2169
7178aae
24576a0
404cf73
48b4254
019ef65
5311699
0c3ebbf
1673410
788de16
0029a0c
72bad39
237f761
3a32488
3a0e51d
14182c5
613de9e
7e49373
7114fb1
7f202eb
65ac70d
6364a52
0a7b5ff
21888a2
1c2ef9b
77f7f62
75ef26c
4b27dfc
0698e7e
66971c1
592ca04
283fea7
6b98103
6a11058
1c3e259
0709705
2ea66d8
7b433af
12918ee
6d5f4c7
3bcea76
4c6c917
0ec7545
20973d3
1d3bb2a
3f3383a
2b1cb3a
7090be8
163e5a9
77c9ef2
46df758
3fcb2fb
00f7017
696ec02
7b3c9e2
6063986
4291f0b
55f05b0
0279c13
25ff8d0
21814b8
129848d
7bd7478
58dcf27
40132e4
5f2abca
62b9a24
0d78265
1e4b48a
53dd530
4893339
481e44f
590a5f9
4db08d2
653ddcb
1c1a2fc
0a479a2
0e969d5
609ff78
18a8b8d
3aa07aa
0cf2b26
037ab6c
5b4f033
78f1793
2621bdd
6c3bab3
5bcefb0
2891fad
5bbbeea
2b2268c
71c3cf4
68e2fc0
16c88e5
650047f
0992537
2d95870
0cef97a
6f11ec0
127fabb
5946191
48e8660
7bb039d
3077657
1406184
5af7da8
5b45fb6
46341d0
422abeb
5d74bad
18f3c1d
36ff7d6
0b8d3b0
7b6b040
5bb1157
3360e11
3ba805f
6ecd597
79100d1
50fd2ec
5c5e67e
54640ca
78da6ad
63c3e19
0e294ca
1cbb7c9
46317e9
010598e
1529295
427b073
5d0883c
734270b
0936872
3a8a659
5e939fc
07d97b8
12139b1
28a3769
03f0b9d
2a96c76
71169e4
5832c65
70976b5
37bbb23
2237214
0e51c1a
3d52e56
2b268a2
24e0053
4899762
70defe3
6e1a398
28cf644
266fe31
7a43f26
6ed7bdd
25a73d6
3967a67
1e15032
7666ff7
26c6db7
0fc32b7
2be6e83
234ced9
2e7d234
734e8ab
32bfcfb
54258cd
72fb164
62c2b47
78143a0
47eb28b
1df64b2
7ca4ab3
2079b66
5ddc6a6
4aa4165
7ce5169
27b9cc6
466673c
32359e6
58f8c3e
6b891a9
7414644
1d24a8b
007f82e
1a7525b
003bea4
45bf181
60a6879
6aea2d2
44506c9
0a3f1f6
463cd87
7bdf4e7
0b9583c
1494372
6b5f8fd
45dab7b
50c5512
6261859
130fc3b
090a65f
5f49a02
1af29e0
344264c
450a56d
1a4b9dd
1726b71
4d0f4a2
3d06c6b
53d7c43
4e7427c
1ed07ec
11197a0
1690189
59faa13
790ef96
47de070
3963f02
1b8f0cf
6fbf89d
122182e
1b2cb01
10e18e9
4a8bd24
706d062
4b2d6bb
0d4cc89
0a4169d
4baaa48
52665b8
45f7fed
675f0b3
0ffbcde
660062f
6de9a37
17e5057
4d8458e
2a5fa03
1c99824
27457fb
6eb6924
62e73d3
3980a80
0a675b6
2ca5542
73bf1d2
7833aa1
7f2fafa
77d3443
4e04ac3
49a9346
752e58b
61821cc
69257bb
21392ff
72a2044
066bd72
6ddd708
0e95581
66362d2
4874d5f
61bcd08
3061fa2
13489c5
21666a8
0aac78c
37b69a2
6b0283a
15723e2
76bd579
128412a
10f8bd7
7357002
2872bf7
286f135
5e15225
57e742c
0e81460
4257674
50a487a
75fd982
71a8a77
5a594aa
5b402aa
7463b98
58926ad
187cf49
45a4ad9
3f35127
6a2eb38
170b34e
6ef35e1
20af5fb
606b4ba
770b398
3b14376
012f74f
7a47c27
116968d
169fb77
3568fef
0d4d22f
79eeae2
7551e87
650e377
76e021e
7193076
77f5ea9
6fbc80b
655c03f
6be7f97
2c5b176
5c1c6dd
3019533
0a1a269
0143f8c
2526044
0f6160a
395087b
64f61e4
351b54a
4a12a51
4a9cda8
3e08559
4f515a2
696ff89
150a4e2
39e3fe6
228a50e
1031b1d
3f9271e
1ea4877
2c72db6
6c9fdbb
5e7b741
219c1f8
187c185
76d6b4f
4d9fe1c
6f51c7a
63c3bd3
48ddfcd
6205879
21b5f16
239b176
2d8301a
4649dc1
5d3e112
63f27d1
296de4f
615737b
73a70b2
31b5405
3c7abf2
091caa9
7fdc0b3
1e2a564
1ac8118
7c2ca69
75630e5
05121b9
6e441ca
21b88bd
1bae24e
581ebcb
58c694f
164af8a
40bd6ff
01e7b16
522b391
65b0b74
4a3a631
0e5b2bf
68ef377
1744c89
378940b
3f6084c
3ccc239
5959435
50b4ad2
26f4561
7139e9d
6dff6f0
5663b70
68a299c
25a5109
5b05bde
5fd2b9b
5b6fe37
0cf5473
494c5eb
4243d19
313269c
228b6c5
2b52abd
50b340a
2f86c5c
2c4b7c7
5aa3f38
07697fe
2b39810
5db95d0
0b7887a
03e63c7
7d3f35e
3c3d4fc
64bdeee
52b049f
762179c
6bf2963
79ee9d6
22147cc
5b81ee8
6b0b34e
789e898
7bb7917
1eb91c6
4a362e5
44f728a
2e9c98a
254bdbc
40b21fc
069874c
10e3d66
112689c
253b31c
1464a88
359f7f4
138fa1f
0ab504a
7252338
409789d
56bf4ec
42068af
0be2f10
5a54c21
18869d0
0c91ff6
7af47e9
07062fb
652c8e5
75819cd
1b39130
4ba352e
30114d6
0ab2a74
1d21506
15b92a7
70e9f69
16a0cf0
61a641f
740b620
03ad20d
169b265
7d9be48
1b7ed41
3ef106e
7a2b64a
13f6da5
2a5bf81
2d4ab8e
49ae9a2
50c8420
0cbd72e
724f45f
31a6bf1
7e2bb59
75828f5
7eb74c6
2034753
532af40
6517363
756fc75
017b2c9
20fd503
7e53bd0
268c74e
0ff19ea
631ab14
55993a7
2324bf2
4e644cd
665361b
06a190a
7a60628
03a2d58
75a4b94
2d10e2d
31f7553
0aa2b3c
2eca743
43913a6
3dc22fc
3bf631f
5c13499
42e55e1
0f866bf
43680cc
0534e9c
5513f29
17bddfa
5aeeb56
2f28038
094392a
49012a3
7e8848c
406242e
3f92e46
028d52a
65a7627
778ad4c
315f86e
712c3fb
4efb0ab
75035f0
54fa0c4
14b5f72
14b0da8
7313221
061da27
13ee255
73bc118
4ca38e5
23d7c69
796a0f7
00515ac
17336b1
568d54a
51a7238
1fce7a0
06b733f
537a298
7d4be91
4735429
23e7d9d
6c9ddad
1d5ffee
6180d88
7855f98
1d9c72c
1ab270d
0665ce6
7c2aeb4
7d9ca78
3059fce
2fafe0a
69e2098
706db6d
3a369fd
3d08443
6da2fc5
60eda27
35381d3
3af0ee6
76eb4f7
0927da1
4dacdc6
76fee1c
7d5de6e
77ff470
72656fb
78f4a2d
057fecd
0448731
54f332e
575450e
37d6dbd
087d091
43f9569
11ceab4
1b473b3
5aabb7b
780dc82
6cca96c
7c64272
04af9ad
4176ba7
65d57fb
1618372
24bf3c1
0e0e9c3
03be933
264b0f8
19f3a55
490b54b
57bc707
594b28b
0b38d49
26a62b3
0e0d3d3
343812e
047cdb0
4817c1f
2f9eb7f
13964e3
41303b7
3e50908
3afd06d
1774af5
452f138
50b635b
4965dab
03d8fcf
76d1e72
04febcf
069afd0
53e6bc8
447cf0c
3eb9077
5442a14
1de2695
4b915c3
1244ea4
563e696
29cf5ee
1063968
54548c7
7349bab
209f43b
77327a8
408c161
1dca0d8
77ac863
74b78a1
22f7b8d
0af4d8b
485977a
593d8bb
36946fb
6947f16
2f5300f
67bc6b2
4925111
6d33fbe
072e479
0a75b57
318a580
56b27e6
38346e1
53fe933
20959e2
3e729c7
5c0816f
167590e
61b9c90
7e1c29d
2e10616
62dfe3f
061bb47
57e35bb
0e30039
4fef89e
564f8db
513dc0b
7374597
5e4a1b5
032f269
4178a8c
69b1a18
151c779
534bc53
6e9de40
4a0a23a
6a97da7
2cba71e
23c416b
178b5da
3d0e307
39cdee9
701a2ed
4a08c37
5c26f4e
17e2c83
5d52dc4
3c1dc92
3261564
52792e9
4816b30
10c7680
2c561bf
432fc19
0053ae9
6f7b9fb
4d96761
2552e95
404e899
681afd3
7127a28
5c2a815
225419a
13a7e2d
2abfa38
0a45fa0
3ba4988
6117c9c
4b23c36
7f2dfe9
6856961
65ef8d7
61c765a
28e0191
4cf3eda
61fbee4
154e3b8
3cda9c0
072643c
56c4381
43e79f9
0656dc2
772bb99
2b938b5
477454c
077c7db
4cf1f00
5a7f7e6
3c8849a
465540e
7e95661
0f67ff1
5364d31
27f305f
72460da
506df03
76e786a
15265de
54b86f9
5eb036f
04075d0
3aaec7a
22bb33f
0dbd5d5
7072330
1639621
7809349
4a34a86
4631be4
67609c2
3bc54ac
750e1e9
65084b8
4b1402b
64e0f39
61aa39c
5796690
62a01bb
001c6dd
24a0d30
0a12c8a
551ee47
474e123
15f4245
0c1094f
7e45b37
2722113
76d2e9b
00a4e76
38935ae
44a1d42
4075538
53539e0
2956437
23b7745
00eb317
11e5c27
322cdf8
03b8ab9
0f31e37
22bc0fc
6ee3543
755e771
020836f
426d7df
2a0488c
314d180
7280afb
185c01a
1608295
06d3548
6ba6402
06cbb70
3cf69e9
4d67146
141c758
689658d
748f0bf
1357a50
7948df9
71dfb2d
19146a4
09cb9a1
661dd5e
097fdf8
74af382
321b008
1eaf6aa
560bdc4
1e41ba2
52a1df3
6a9dbf6
386b366
37ec9d2
01b2a5b
13a389f
2386a6f
04d0f7c
177e648
63eb2c2
27ad935
1a15087
196030f
0f3c9fa
7ec10a1
56d626e
7025dc1
7c0ebd3
58cbe4e
4e025da
368e27d
0292383
41935c6
0718935
50983ce
079f69f
046d6d4
120a431
4dd1153
74a4439
58a8ace
7c6e06c
50592d7
1406532
5d886a5
37bcf5b
7511178
4de78a1
1ed9dcd
49eaecb
7211759
690db39
773b5c6
4dc2e03
058cdcf
50e06f2
680cf4c
14ee343
5749cb1
44e0260
453b1e6
6c517dc
315fea6
3261160
70eff3f
61df2d6
3db8299
24fe192
609205a
6c34098
40a6df0
0c34fd1
3d2331d
6c3a0ef
6649a9e
5c668bc
615b0c5
57d9d06
79bfb9d
2041e3b
45d8246
3cfab43
00ef535
4f0cda1
598023e
3efcd23
40c3c1d
3fc086d
02dd171
0f05497
51c9d3b
40d272c
3af8b9c
0b7af34
4a00ca6
192eb44
4ac0471
24ccc14
457d513
4d1865d
5b4eaa5
37fa6f6
21fc1e2
08e4ae5
48f3b14
65bee63
7f49b49
25ddc67
1ea8e9a
78f3265
36ce08e
03ff05f
790f388
47a85cb
6d47da9
5a2c190
6b8ebad
415dc44
49e8945
2ebbe5e
3099d33
7a09ea7
48c7171
59abedf
15ab4fb
74628c8
357e72f
5a38aa9
5fc112f
34dee54
43c8087
5156c1a
447037d
096bced
3086a3e
0ba222b
02259c9
1916ea9
132bb4e
0650224
769cc90
446f493
138e43c
23c61d9
12f5462
318ba33
33ae6c1
6825abc
50368c4
523b3fd
44e6aa1
3c887ee
46f777c
4f4ad1c
28ff02a
6bf98f5
098bbfe
7a7de0e
7e8c377
7c4259d
76ad515
2d66a30
3f3c8e5
7a6ae51
6c8ca33
35d0f12
427b86c
33428cb
085843b
46f166a
41b8630
176c813
72b5ec1
286958b
2b5ad96
4ef6f2d
7654a28
52c3336
67cc09a
0f31e58
1b38117
01b657a
5a969d5
66bc667
1f0ce62
088e98a
02fd3d6
33cf41a
2242fbb
2673366
40edf97
39102f4
22fd002
6d24ec2
21269c8
6ba878b
58abc38
3e1b298
6690eb7
5500f69
105e3c6
2ec14e6
0f2f081
31372d3
4361b3c
32698d2
32efbb1
351cfa7
4585ce4
30038c7
62a144e
495c359
3fd3943
0baec0e
4c6e528
0ae5018
32ee3b2
55aed69
4349f42
24fc32c
2daf3fa
099b193
6f78eec
346920c
2fa4537
05d41e3
7007ff2
60388e2
20140a5
46672b1
7a2cfef
40f9db3
456a134
3b118de
7fb9707
0043665
622b58d
716b42f
60d41b4
1a64bc3
357768d
6d47227
335116b
3953067
07f5bd2
60ec739
2ca7c6e
37b6d57
393b281
409e750
24b24e9
610122b
40d8568
4eaee1d
25141bb
0538f68
1f257ca
00fca92
372d1fe
2053213
3c31b7c
3b04a24
36498f4
50ddd5e
7074819
38d277e
6616e82
6fb239d
223fb87
56cac5e
75d9723
487fd9f
7443ec4
70c8f0d
0d9b4a1
3331000
2861c7c
1d152a8
7e4364a
5aef4f1
28c20d5
3c01606
6292582
23e9892
313eb81
3ac201b
76afcec
07a2edd
13a0262
741aea5
60a08bd
3643633
6d8fd24
0450ce6
13a5dba
573f790
048d6ae
3cc62c3
3aaedb3
300ed27
08b37ff
7b34f79
1b54430
1e999eb
41f0b40
3f38667
6a9e9df
197b346
7e4f819
39e6237
57d1682
272f810
0d69f87
3496caf
4fab460
61a970d
1a9b137
5576d1a
2479e7f
014967a
35971a6
0783e3b
0705f54
07f3780
56c5196
5520f90
7b3eaf9
60fffd6
2c1d8dc
76e5ec6
444f9e3
2e7a9b2
51d8332
06fce8f
3d434c1
5ca8b25
22e3b16
7892f20
5d7eae7
481fc8b
65b8bc0
2472636
1e7211f
2701943
0399a5f
205bbfb
303b76d
74ecb7e
0cebc23
367acc3
331c0e7
73243ea
3ec45bb
20e6f84
1123cb3
534700b
4bb0ced
2661f7a
70abf7f
4a7147f
72c21c3
4be068c
33d2335
03db70f
0c17f42
69bfb0b
0d1905b
27f3cff
38f8553
411b865
762a54e
6b32c83
2a466d1
6ea71fb
7db4e5f
5919f4d
42d284d
61fdc43
41f2e70
6ca8512
40550e7
777df8e
42fb58e
29087aa
46c80ff
6da2d69
4757308
17b798a
61b7589
1b725b2
1bacac0
3a53f23
229c1fe
74b7914
788f469
2e95237
42035e0
3a2db70
04495fa
0beda7d
0b46df9
1436302
103f2e7
7a0e7c1
0d2ab7a
5a6f155
74e3358
14d5ba9
436df89
21d9b5e
6ef298e
302aa41
7f4e44d
21219ef
3ee08bb
3e5c022
3d495fe
721ea4b
60ed62a
12c2adb
2e154b9
50bf4e2
12bd298
3fd989e
4c91acf
64b7b0a
724d20b
621c256
6eb9238
109da96
5235880
0dbd81e
167fa33
7a7a199
2d7d75b
35fbcfa
50bc389
61fa84d
504fa14
761bd70
21819c8
7aa1116
5c81d42
7a8495d
3b9b51e
61a55e2
158a198
7af3e11
632f58f
7876a57
72aee73
47eaa8b
4070c77
066ab51
386cd56
03fb190
49dadb7
00fff13
4b02bcb
6aaca3b
17fb1ee
5061ae8
338b2c7
7365c67
0a27612
5a6c20e
0355db7
4d98e78
3123b8c
296e006
70511b1
0f1ee4e
1e39661
1ca9870
4a55a29
424fc9b
51d4725
27fb87b
58d3a83
37b1e5e
50205ec
3889bbf
25a7dbd
3764d78
34225ae
1e960e3
0e4ee6b
72e5a57
5d7e835
49b9ba5
7dffe8e
7e443c7
7aae3cc
57f7508
14997ae
1aa1033
00e1cc0
6f899fe
2b3ab9b
38e1679
1f046e4
7ec9c1e
60b8245
5a5ae44
7fb8a6c
7ca145e
6147c99
52f8a6b
3ca4fea
6edd72b
0ac0507
1b41777
2303c65
53e11f1
619a52d
69e4945
76229ae
6af3829
7695c5a
2f92347
765f6ae
63e3e37
3456464
6ff093c
59c1b25
3639601
057a483
2108710
1d942e7
32ca46c
1fd25e2
382112a
6a795f8
05cedcb
19f342d
4dfd4f9
288b5a2
4b0a3c5
7871d9c
167f1dd
24e487e
2c40d36
0c0fdd6
559f970
41be8e4
34f9cdf
683aedb
373470d
217200a
1cb8363
1e07ea9
7379cfd
5b86828
7acba3a
4d5e406
15274cf
1e9bd87
590fa5f
39c8acd
61ca6ea
32eda9a
1bbfccf
63fb95b
5bbdeda
04fff50
44f199b
4a3f17b
1e9a0dd
4d75727
6b2d717
0cab53a
1bd42c0
6760cc1
1020bc5
7cbcd81
7c5e2f7
0741bc4
2ee97c5
4468573
231f12b
285087e
40fb25a
1749683
40414da
33f36ac
5d2529f
4d6c86a
58c46dd
52d478f
57af96a
5810440
2512a5c
656531e
57ac699
5f2e5c0
0a1b447
2a08dc9
5870e52
284a9cd
626e708
5c72c28
29e235c
2384ce2
4505220
7d493cd
6bc980a
1a9fd39
54caf97
03e8ece
61b3228
61a8ed0
255f845
26937e3
28a3017
518bb8d
255056f
5868533
7886e7c
4aa14ad
52e0468
053e3ed
41d3142
09ba16c
2e49a24
1ddfb46
459cf3e
3cf58c2
2628562
0cd8f80
38147a7
1d1c6b5
37fb95f
3a70031
47f6f08
4b10631
5a15926
10becdd
675f046
2ae35cb
2d093b4
06d9287
5655f9a
4d471c1
3a60f3e
315ea38
205df9d
4093238
4516eb8
52db0f8
4b57876
3e06781
1345ce6
2433b79
3c3d721
2808e33
1dd6715
19cdbae
7bcc5e1
7f54c55
24a0513
49c5ce2
12fd05e
59559b4
15d8aca
5fe10f2
5d101ea
69b96bf
62f8725
38cc11d
359d430
7bf8fda
38fbd81
453e54f
2ec41fd
267f7a4
2f88df9
0738ef9
285737d
55581d9
6d9f17f
477fe5d
7259b08
4595139
2601271
37c3139
6c5486e
00c35cf
2ea52bc
3bb0b66
0b9ce19
1b1ac86
190f432
1c8a348
3d61f36
30a16bc
5ccf346
20a21ce
6d3a34e
7a9ecbe
454b765
0dde790
186c61c
45092db
5925d27
599a993
7e2a0ca
31c23c9
75fcb1e
36eb6a3
2115720
7f40711
0b51ca7
076c6d8
247c47d
47bbad5
4f72086
1767b92
46934ed
200d3e7
6250f4b
79795f8
204cd37
76725bd
64bb07c
062e5c5
31f4582
6b7b01d
768ad19
2c3bb26
6ec8aa6
18712b4
60366ab
36b62fc
51aa8f9
711e105
73b7160
15ffb6d
54c8db8
5e3239e
393ed05
316f91b
02b79d9
6e73fe0
57f0758
0999e0a
6731f35
5b8448b
4d6149d
10138b4
5b7446c
13302a6
4f9a19d
303e553
6c62b2a
048f820
471873b
4fd857c
65677f6
4444819
20eaaf2
230c8bf
5e66ab2
565fe00
0d389d8
0ce0652
6fac5b3
724f0e6
4c65c41
6d8e8c2
2233b60
385d7c9
4ac94c2
55b25c0
2d5485e
325cf5f
1e1e984
7146a4d
7a237f4
3119e10
3ea06d0
43ba625
6a70155
5bb3243
687a97b
04083a9
054f8ba
1cc110b
6cd61ab
1aba3a0
4976d83
56080ef
3fca8f8
1ec8a8b
24b0d5a
4a1bfa8
180ffb7
31985e8
2ee7c6e
315aa61
1f2b118
68357db
64947ea
63f3b3b
3ce2e9e
2e3f6b1
7ef4786
3930b7d
397ca7c
641dd9d
663b121
4871350
3690f20
69b0ebb
1c333ac
4408b26
33f1ec6
1ccf2fc
31917c0
0b70837
7773bfb
43d8131
5d77e9f
689395a
4e68492
17185c8
06aa2e8
6601652
3424651
2fb2008
3532805
2015104
0095c8a
667cc7f
50ff372
4a6d61a
3fd0f60
16be92d
1406b83
3596a16
1c5863d
5ca3098
1ec479e
0a5cc4c
7c504cc
45447d8
065d2f6
297d961
394d418
71688fa
347cd82
30565ed
043e7ba
2c2dacc
7fd418d
76ee1b0
2c3409a
2158cdb
4a26b55
67cf0ad
505005b
3bbd145
3f0d5ba
49854bd
2a3e0d2
47bd90c
14f80e0
3605699
074e1ee
031a3db
189ff31
4a1affb
6fa98f8
5e88d06
0f0c17b
63858b5
5cccbfc
3b4cd2c
21c3660
3b28379
5c2e00b
5c59761
4c3cd32
33c7fad
459bed0
44eb8f9
67e55e1
1e3a037
4b1ec85
4c4432a
76e22ce
4f07df0
404da4b
5c388e5
0283ae9
1ab3e9b
2a61754
611344c
301e1b7
5309381
42069b4
0b479cc
3f3f258
27c095c
670d842
7183c61
2dc90f6
3e419b7
25d2fb5
1583326
6132130
6229709
7fd88c6
358b773
643e5ca
0bdd315
09b3ce7
0fc1d33
483adb0
73d9a36
6e1895c
02e5950
1ec8b20
788562d
07f4034
42ab333
07405a7
1a65c11
0012ac4
72492f0
7b6ce91
3a39c7a
0f622f1
68bdf78
48d9d03
3efcbf4
3443d39
1257d5a
6f3b5b6
3e5c03f
09d088c
4252b82
58907de
38a3e26
5c4ce86
5d9871a
622efcb
460791c
5871893
0149351
119c168
3e336fc
5316827
22d6f80
1d99dbf
4eb6e3c
67a1ff2
2c3df2e
4624957
38e93ea
14cb432
431ba9b
03e1407
42bb531
2088eda
3119575
446770d
2c4c7ff
63468bb
74d88bd
77201da
7433441
7c5731c
626822d
04ad0a2
403b9f2
2ed396f
3eead70
2c2b628
4a77760
623aef3
7172fef
640e63c
5ef38f7
763ec1f
7e1480a
7312970
2a5b891
306484b
532d611
1e18b1f
5667205
60216f0
1c8000f
240eff4
0d119da
20b4103
1d66a7d
747b5a4
4562a28
4049034
15996df
0689c3e
41cdb2b
2e83088
1fd850a
68739f7
5cb75df
68124b0
52d4b98
08cf7c4
09f0697
78e471d
66a5a9a
647edf7
1f801ca
117a2fc
24e751f
0692161
2b34d2d
1c6d675
7144641
25414e9
22beb74
76c869f
391c998
0d0d9ca
400a4b0
19cecf2
1ba96c1
7ef8003
49941ff
3e63b7b
6edaaea
179ce1d
29ee2be
52a5f56
5b88622
3fa5b2f
7cdb624
69ca836
5960f71
5dfdb55
3974124
129ca4c
41ec451
27156a6
42c7994
7ebdbb3
2c342df
4c4ba61
424a804
6dc7de2
27cface
253bb3a
60822de
1b28cef
2b9678e
6364fb7
28a3eb5
532678f
04fc98e
59e7077
6c87ab0
4bb0eb7
1b7e809
2bb26f6
1f92d60
295387e
4701b4b
3588c54
3ec913b
6a76025
2d4a2c8
69e927f
236963a
4d023b0
54b666c
51b3df1
6990d83
30f9e3e
4469c6b
0ca7a23
097db4e
024484f
6894acb
64f392c
2e1dc3e
5a35097
6555069
2712e93
139cada
1e72c06
2496a79
3eea802
6e7aa3a
0e1ca6a
51b165d
3e3252b
333090a
7ab91ee
2565d20
5511156
754c6d3
5869b76
5ef6ff2
2ca6ebb
2cad9db
13655ab
19ceea0
4ad8c29
3f45d3c
6177d4f
0fbe541
4a85019
01cb8b1
7e066f0
61cf5f9
6d4524e
04fbeb5
5b91393
67e39dc
70df5e9
2974715
650a4d9
2f4a6f8
7618fff
3c9a718
0005061
1aff199
6fece3b
6dacc31
4630eb3
0a622a0
7bb02b6
4cb129d
2f59330
17358b7
066218d
7c505f0
0b329fb
073a7ce
1296a30
45458a1
1be21d1
0229ac4
4a07a4b
2e99f16
1a80f10
0d32cc3
47eeb9b
26021f9
7f8784f
336fa2d
1ea1145
132176d
4c937e3
395aaf7
039a5f0
050de3f
4725e8f
3d5a861
3bb101f
27ef135
3b11c49
1f291f5
7c4b0c4
74a956a
67f1eac
0107c77
5a82c1a
5c36daf
63b78e5
3eef6b9
5ae1dc7
5b8cb84
09192d3
3c3acf6
57830ca
0fbd011
4de8c02
57feb4b
34d6bc0
7dabda5
7fae988
1b20dfa
60e0660
5838d12
06b9c25
3341b48
19c1735
7b73fa6
0398bff
0cb7933
5964366
29bb987
0647710
6c7f8fc
442b6f8
05c8279
6af506a
34f7895
4c2aff3
3a4c9ae
4c95196
57349a8
64853b4
1d07feb
65ae7cd
05bc30f
6fcb095
55f1b06
2c14ae9
23b21a8
26d31b3
6837f87
076780c
487eee5
387a82a
1b47423
3a26fe5
05566a8
1b257b4
0807b21
63424a0
0ecbcf3
3ceb331
6a65ecf
195ae70
1a22617
43bde82
55f3f87
4628ccd
371bd5d
42b370c
53a5bff
505c9ee
4f17708
3530541
745109b
4d0bd54
1ecddd2
6d1c5ca
152993c
7644520
5e118a8
31e9fe3
5b3c6e6
0deb5eb
7df7b56
5dddb18
789fb5b
02cd8a7
2535e89
7fa1aee
7bb213b
1d76e36
7889118
1430d8e
26fc93e
228e89d
315072b
449f33b
1603244
59300e6
13a89be
68add8f
4aabc10
3944706
77decba
1420c45
028405a
5c414be
36dfb0c
2d87655
6946eb0
148d509
32699f8
6bd6ce2
5fd1dd2
0a2865d
6695e7a
44f5252
4a875e0
253b0df
39b155f
574ece2
69bdceb
71be15d
39e76f1
0ae5d2c
1ea60fd
4a34cfa
75ebbfc
704544c
6bafcc4
6207ffb
1e07710
5e78eae
037ca2b
6fbfe38
16ed5a4
28d1cd2
0334d65
3ca9aec
1899e75
4611f23
1883d62
51c5487
74a1425
4372c49
68a29e7
47b007a
2e14415
06b5de9
28b983f
6d71bd4
3702172
171a5f7
62c202e
6c55b7c
2cee67e
09b87c6
57029ff
12ec8c3
11afc22
4cdba1b
33d2ae3
70a2184
5467bca
09bd5a7
1b321df
7fe64ca
6e9cce1
109a9dd
61e8424
4a12b04
692d319
09e4b0a
6173b9b
6262618
26e1d5a
07fdc5a
280bfc9
5f5b884
5993a46
77f6acb
0d00a77
4d87b5b
4017348
0c74e90
73b40eb
7407e5e
022d861
0a75469
05e05ea
05ce9bf
5beb074
34266f7
315e439
1f7f369
1c2df54
75e3842
43186f8
4aae967
31241b0
5bf38cb
4400fcd
5162a01
5277eee
52caa84
2f8fa1d
39d66d1
6f9ff9d
7178355
09e8f4c
186da1f
2fb8237
2a7f198
2240622
3a59d21
501590e
19fe80b
4edfc5b
5e38d33
4a57e3b
55bff58
78a9307
5b72540
0fae040
1126d70
54c1fce
3a9f859
1f2c874
1258bac
1b4b023
24890aa
3b8deab
21ead93
7ce85e6
14ee255
06f8270
3275fc9
03b2fa5
0b19db6
60109a3
128aa7a
64313c8
0cc4d72
3a189a5
03a9d61
78a3618
22821b0
33b0b37
274e174
1715f69
74bd1e6
1099374
160559a
7393add
5b369b3
45e04be
70a1a31
4a3f95a
0dddb4e
6ed9aa6
06185e5
3d931c1
796fa67
7b04ad1
7c14ebb
0032261
57adf6c
7ffcd45
4905b0a
10f85ac
5896335
5a03f2c
58dd760
1594482
61becee
3a0ab43
1894d01
0936a6f
16980c8
584395f
0c68883
186deb0
5656ae7
0c6b8d9
2c87356
42f79a6
56c69c8
25ca2b4
3102da9
5b358bd
550fdd8
21277d0
67f97df
56ee748
4bc9f1c
3f50252
1237950
2cc77ba
1e457b8
3963b42
7348375
0baef59
568691c
22da28b
29247ae
32ea0c5
6088ac4
5515d99
1b582b8
73749c4
601429f
0753f4b
54b11d7
00ae0f2
2a10fd3
52c5ea5
0fb5572
111da8a
4189820
1c0550d
0ca1c53
518a125
6d6a552
7b59e94
4d871ca
7f75ac6
1674802
2b5db20
52bd810
5020e00
1a6d9b2
15b6fa0
37a5453
3ecc47a
1a79c9e
0b708fd
5c02f6f
1d87099
5ea08c3
526d005
13b3c52
0d74ba3
103f21c
332d7fb
03521e9
51b6f19
220b335
6c3250c
5c2addb
1619b66
0f08520
747fcae
59b9f59
5555eb9
5f1ee7a
0766422
4b603a8
18ae786
4825278
49f2022
0fe26f1
08ea34a
48bc64e
34ef20b
517bcc2
2a62026
4239f27
54a26fa
184c2a8
2d68929
3e5571c
27579bd
2a0fa70
7032a4d
209a560
0290978
28ca64b
22b6550
4a11f6b
2662b96
50cd108
1a772b8
7f820a6
0d59b08
0aa8f7c
388dbc1
22b71fb
5a3d47e
2a77485
3c86a52
15822e9
068b342
2adc4df
06c515a
5a0b9b3
09a2ebc
6ad386b
71a00b6
6e81b02
665996a
06168e4
49b7a0c
0a1a85f
5193f2b
03e01ad
3c82df2
4be6525
7176c0f
4aacdeb
39f1b36
255c318
3b45a21
5083cad
563ff29
48e3485
3572bf2
0237eb1
65f2d86
3e35c68
3d51556
6639170
04220e1
7d3d481
2ea4da1
420f55b
1781dc1
642411a
7c56656
04f80c6
3c7f603
73ae872
78da3f4
6b2be3f
3d6dca9
6c4ab17
3e2a4a4
0da93f0
7f4c837
7b84572
113676a
46298f5
7cf7d98
1000cbe
6383e3c
60eac36
58ac06c
09b165a
247cf25
13355ce
0321119
303a040
30110c6
05db87d
41479b6
5164e80
2aef8fd
69745fc
47dc77d
11e5c86
3018646
2647653
2e971ec
63982d6
7a18cc3
3f02a88
268d341
476085e
7a21022
0b2d0ac
379f2a9
306848c
7f82d1e
7fe55c8
0020846
006ac4b
005b813
006a239
0002fbc
7f9837a
7f0b669
000029a
000962f
002fa23
7fa04d7
7fff10e
7fe84cc
0016671
0032620
007f295
7fd9e7e
0034cd2
7fbd632
7f96ba3
001b0ea
7f4d15e
000b320
0021dcf
7fff761
7f5efd0
7ff9245
002a7af
7fd19a1
7f7941c
7fb693c
7fa2cf2
00842e9
7fa4943
7fd1162
7fbd5bc
0075a5b
7fd88b0
7fe7298
0030242
002acbf
7ff57c1
0013744
7ff1fc8
0018160
7fa4e8e
7fe84fc
7f87136
7fd3224
0065b67
7f47160
7f71efa
006ba80
7f8c976
001063f
7fc4e37
7ffd430
00504c2
7f4fb9d
7fe2ae0
001d140
7fc6cd5
002dceb
7f8ee85
7fc7c8e
0072abd
7f94c9f
7fc00bf
7fd488d
7ffb806
7ff9be3
0044f2b
7ffe886
000ad71
7fb6a79
7fdd6cb
7fd48be
00c6b81
000b7b5
003b5ef
0076215
7f4c866
0038223
004b179
7fd7240
0063c9a
00318b1
007355c
0016d41
0037e42
7fd6e68
002dd08
7fcfc84
7fd9fbb
00a6952
7fef039
00279f9
001d4ae
004b426
7ffe2c1
7fe2ab5
0001054
7fa9a1d
7f8a0e1
001862d
0081802
0034fcc
7fdbac3
004bed2
7fbe41c
7f71750
001c7fb
0028ec9
7fdd4c6
003d8ec
0077024
00186f4
7f8932c
7fe6692
0016e59
7fb3ab5
00094c1
0004b2e
008bd7f
0007175
0055ad4
004a98f
7f88a53
7ffc8a7
7faa21f
7fe2851
003490a
00d9780
004795d
7fb2913
7fe5d24
0016876
7fd1657
7fe45ac
0011c4b
7f8c613
006169f
0034cd4
0012584
7fd4803
00736a6
0044e69
002b0f0
008bd65
00763b8
00b9dc1
005783b
0014eb7
7f7f7b7
7feb06f
7fe8a52
0002b05
006760b
7f82196
006d1b8
0034d1c
005d7c7
0067fe9
7fbce15
005ba84
7fc5ffe
001763c
0069693
00270f9
003ab8c
7facd33
7f8c11c
7faf776
0042719
7fde318
7fa9d47
0033287
7fbcfd9
0010263
7f3ec1e
7fb50a2
7f34580
7fb04db
7f47e89
7ff5cef
0086979
00840ab
7fef2bc
7fc6993
7f20461
7fc5376
006d1d0
00057a7
7fe52ea
7fd2ece
7f861ea
0029772
7fadd26
7ff1709
7ff9eb1
00b483c
7ffd0e2
7f920dd
005ae08
7ff950c
7ffe326
0085f4b
7fb65ef
0028bb0
7ff431b
7fd406e
0056fe9
001aaaa
7f95ba0
7fee99e
7fef8d9
0032a08
7fb34b2
7ffea4e
7ff31fb
003a1cc
7fc4dd3
7ff3644
000cf88
0011a85
002e27d
0008284
0018e85
0098e84
0046afb
001ce05
00602ac
0083bf4
7fedaf8
7f9c542
7fd2319
00800d7
7f96482
0095b44
7ff470a
0031c8c
002c459
004cb53
0001a83
7f7cece
7fd7727
7fe4a96
7ffd553
001a083
0021996
004e049
0026aea
003c9ca
7fe37ac
7ff0529
7f9ed55
0054d40
7fd5e82
005cd99
7f74a16
0005956
7f90d25
0011a98
7fd3032
7ff268a
0024a78
0032d3d
000931a
004a494
7ffabe2
0021c27
00369ed
7fc7785
7fb4e32
7fdef50
7fca3a5
00221ab
006683d
7f4b848
7f78849
002e75a
7fa6ee7
000de99
7f9b932
009af90
7f994de
0007eaa
7fa29ce
7fdc7d2
002f5c3
00a0293
0039f72
7fa58cb
0032930
0021a85
7ff84d8
000d381
7ff0192
7f8ef13
00a34af
7fc6d9f
7f89251
7f4d478
7ffb4d7
005c3da
00115d6
7fe9d1e
7fbc7c5
003d782
002496b
7fa39f0
0036776
007f824
7f7871e
0076432
7fdc1a4
7fdb883
7ffe364
7fdfb6b
003c370
005d52a
7fbe550
7fbd706
0000621
003e857
7fb6dd9
7fe06f9
7f93a78
7ff90a3
005c5ba
7fdab37
7fbede2
0030dc7
00109f9
0017357
005d61d
004cd60
0074fbe
00a8881
005eeee
007ec0e
7fa4e68
009fbbd
002a2fc
7fb3585
0091e0f
002330e
0004dcc
00763e4
005725c
7f8a854
008e67d
7ffe559
7f74355
00d47b8
00534ed
7fa6f37
00537df
7ff5c5a
7fe73eb
7fb7f80
7fd4189
7fd1d62
7fc0a63
0014009
007dbb3
7fb9cfd
00332e2
005fc1b
7fe4578
7fd6c92
00056b0
001b68f
000d77e
7fa47f5
003542b
00147ad
7ff4ee8
00948b4
7ff1d0b
7f7f29c
0000b5d
7fe0ae7
0006ac4
7fcceb6
7ff798b
0028631
7ff24aa
7fc8240
00b45f3
7ff9c8a
7f916e6
0024cb2
003b988
0010ccf
01292ca
0042d80
00d6e5e
000dc89
7ff5da1
7fdcaf8
0003a41
0014c97
7fdbd7b
0038ea1
002607f
7fac842
00572f0
004939a
7ffa31c
7faf3b3
7faf77d
003d3a3
7f9e985
0083515
7fab722
7ff72bf
0065094
002eb3b
7f39e30
005c740
006b51d
0010c3e
00df1e8
003ccfe
7f93f50
7f8d939
001393e
0031472
005e20b
7f4d22f
7fcac1d
002cfd8
7fc4e78
001b163
0066ecb
7fb51b9
7fb769f
7fca58f
7fe8e83
009ea9f
0040915
0016646
7fe0456
7feeac9
7ff0776
7fdd2ce
7fd24fd
7ffb7be
001ad53
7ffb35d
002e9c2
0070e04
7faf2bd
001a9a6
7faab1f
7fe68b4
0036299
7f9a7df
007a7b7
7fcf930
001e38e
00113c8
7fa306f
7fd0de7
0007024
7f8af2c
7fc5f85
7fbbf14
0053ba5
005b32f
7fd0698
7fe413b
001e071
7fc4872
007bc8f
0064fd5
7ff2507
000b6ba
7fe9408
0041075
00b9a2c
003f02f
006e4ce
0012aa3
7f74545
7ffbc40
003fd45
7f9f159
008c7f3
7fbcfe5
0006491
005981e
7f998fd
00411eb
005cccf
0071e56
7f7c6ed
000fe5c
7f89a65
7f91899
7fe5fa1
0097dc3
003cf86
7fd656b
00adbd6
0016326
7fbd1dd
0024b1a
0014310
7faa081
0018350
0098929
7ff34b6
003fa52
00cb75d
7fa302e
7fe7633
0024a41
000c437
7fe0ede
7ff53a6
007a4d8
7fde50a
0066da3
0041095
00c2ab6
003e80e
0054e8c
005acad
7fc99f6
7feb065
0050988
7ffb80f
7fda7ea
007362c
7ff8ad2
001ea7d
0038556
7fbc0ae
0039f19
7fcb457
0046115
7ffa448
7fff47e
7ff10af
7fe349c
7f9f7c7
003a9c3
7fc92dc
0000c25
0039788
7f8e2f2
0021ab4
0011259
00368b6
7ff6890
7fb015e
0015bfe
7fb041f
7fcfb7b
0036e55
7feea42
7f7dc2f
7fd7876
7f4a334
7fc5576
7fa3abd
7fa67e8
007f588
7ffbf8d
7fc5583
00054b0
0036cdf
0005795
7feb9f0
7f7cd93
7fa7eda
7fca543
7f9ce50
7f9c941
7ff4411
7fdd71f
7fe44a9
7fb7dae
7fdc3b7
0045447
7fab39a
7fec302
00529b1
00acb6b
005c594
7fe3601
000ffcc
0087118
00d230f
0053a8e
0071a22
00318f0
7fc0542
7f8f9b9
7fd6441
7fde41e
7fd620d
0036e30
0015deb
00f4c17
002d224
004c822
7fc521d
7f93d62
7ff74ee
7fdc4f1
7ffd4f8
7f8368d
0067fa7
0001e1b
7fa8fe3
7fbfe79
000ed10
7fb8dd2
000dbbf
002b3ef
7fff2fd
7facb01
7f5486c
003efa6
7fe82fb
7ff0169
00459d0
7f832b9
7feabb0
7fb25d1
001b583
7ff6b6e
0038abf
0052f66
0066dfc
000fad9
0024b21
0095575
00059cb
001b0d9
006d7c2
7fe976d
7fec9e7
7fad71f
0030a06
006150e
7fd42dd
005a336
002fdac
0068b41
0017e95
00255c9
004eec5
001841f
006aa0a
00449fb
7fdc4d5
00453d3
7ffaf21
7fe3588
0047eaa
7fe0579
7fe8f83
0055cef
7ff3316
00a29d8
7fec80f
7fdef0f
7fe66d2
7fbd62e
002f0a1
0019e15
00260d0
7f8cbef
0029446
00524e9
0059280
7ff3fdf
7fff486
003e5f4
00879e6
7fb8d0f
00c2bb1
7ff7844
0008326
007c245
001778c
00112a8
00a6364
0012242
005d601
001838b
004f9e5
000f074
003a11b
001a705
0015b60
7f80e9f
7fef19a
002915d
0012e17
0016c0d
004234e
7fa49b0
7f6693f
7f9e503
7fde770
0025fef
0060948
7fc74e8
0055d01
7f854fb
7fa750b
7fe47b4
00b1672
7fceda8
007030e
7ff0525
7f5b2bc
7fd1317
7f142ca
0001759
7fa68f7
001cb70
0053b60
7ff31ea
7fe1cb1
0052944
7fb7d9d
0059639
007ef4e
7fae4b4
001196f
7ff773e
00164bc
7f68b4c
0020cc3
0014171
7f9cbe7
7fe8cae
7fa58ca
7fd548e
000f492
7f9fd9b
7fe7395
7f501c4
7ff2a6a
005fd91
001f540
7fc36b5
7f92b02
7fd3b1b
7fde628
7f66252
7fee41e
7ff2cd4
0023f73
00278fa
0031155
7fda386
0053064
7ff3365
009d8c9
7ffb617
006bcd6
7f4a732
006aff3
7f8a6d2
7fcf4a6
7f31111
0018d19
7f69339
0089359
7f8d75e
7fea940
7fe7caf
0015b5e
0050fb6
7ff48c7
0082523
7fb2274
7f11551
00891e5
00999fa
0008e24
006c7a4
00a0827
003a52a
0048884
0050051
00639a4
00108c8
7fa871a
0074fcf
000d2a5
7fe5f50
0019b6b
00079ec
003fe51
00aa5f6
005e8d1
0095615
7f9c218
0064b0e
00aadbc
0000a3f
7f8573e
7fe5b6b
7fae663
7fd1143
005ce6c
0067e8b
006398b
0060d13
7feccdb
0056c66
7fc3621
7fa4c6f
007e709
0050cd6
0058184
0017b50
7fa346a
005aed7
0027362
7f98639
0072e6a
00487a9
7fcad30
7fa0eb6
00373ed
0033c85
7fd8217
7f8c9ec
7fdac2b
0012da7
0054fe5
002fa65
00a79b5
7fb72d7
7fbf0a5
001513b
7fd4065
7f9ad7c
00daecc
00532d9
7fda976
002cd4e
7f9c759
0096bc8
00191d3
0026fd0
003403f
0043d1b
0001f0f
0027fed
7f80054
7fcaad4
7fa7883
0026929
7ff748e
002ef11
007baee
7ff5078
7fd703c
7ff895f
0062d10
7fcecd2
7fdcea8
7f8a586
0004ace
7ff2b00
7f7d31b
003f0ff
005b9ba
7fde6e8
0070fb0
0034ebb
7fb3f49
7fd8ef1
7f8725d
00b27f0
7facd8a
007cdd9
7f93f81
7fb490d
7f7fb07
7fc96bb
7fbfb45
7fbd7fd
7fda548
7ffeace
7fd4943
002e1d5
7fea760
004daa0
008c744
7ff1cdb
7fc18f9
7fd2efa
003ad80
7ffffd0
008f62b
7fef7e0
7fe6a84
7fe2aa7
00096d6
7fe4240
0041bfc
0037abd
7ee1190
005a67e
7fe9170
7f63693
0037184
7ffbe19
7f9c9e0
7fd881c
00515fa
7fb8e05
0037093
0098c1b
001fb03
7fedd4c
0035e11
001f3e3
00335cd
7f8c071
7fa14e4
7f44f95
0048659
7fec67f
0068160
7fe918d
00c8198
7fdf9b6
7f9d640
0026ece
7fb7cbe
00689c2
004b9e6
7f890ea
7fd5ea3
0019ef4
7fcf126
007f84b
7f98e28
0027ae5
7fc0614
0045f1e
003ae1c
0045086
00224c3
008d2fc
7fd5f2e
7f6f15e
7f63b52
007be37
001f0e5
00b7762
0022919
008d7bc
004880e
0037ad5
00236f8
001fe37
7f73c9e
7fcb8b7
7ff3c8c
7f0a7b0
002ba30
001c982
7ffbebe
7fb8fe4
7f5d260
006eed4
7fdbd48
00bfe3e
7f9fbbd
006ac3c
006faad
0015131
7fbc2c5
0015a3e
7fb24bc
000e337
7f3264d
000c7cd
7f6eada
7f60782
005f132
7fd9d29
7fe528f
001b3b7
7fe2006
006d8ab
006435e
0053123
7fa07aa
7fd3655
7fb1ac6
7fafb2a
006c412
003ad4c
0055fc2
7fba31b
7fbb529
001225a
00367ff
00ba01c
004bfde
7fb0655
0002849
002378b
00788da
001ec8b
0020e16
0007ea0
0000b47
004c6cc
7fdebec
00464f9
00c0a74
7fbbb36
7fd8233
0022bed
7fd3772
0013a92
0029f8e
7f3cc9f
7ff254c
7fe462f
7fffa4b
00728b8
0037fc5
0040b92
00029b2
001bbbc
005de99
7fd2a87
0027155
7ff79ec
7fdcab3
0017255
0005823
0023aa4
7ff740b
7f8bfa8
002a156
003a521
7ff63a9
7fff156
001aac1
7fd58f8
00d62d1
0017af7
000c427
7fab90e
00557ba
7fca19b
7fe7068
7fb28b4
7fd8980
7ffa2da
7fd9582
003a28d
7f6f9a7
7fc0fb7
7fb32cc
00c8768
009630d
7fd747d
0018ec7
002bb5f
005cdf3
00743bd
7f86241
7f901d8
005bda2
0030fcf
7f7fe2b
001cc04
7fecc27
7f9a8eb
00258b9
00c829e
006ee38
005e38e
7fdf221
0001341
0003af3
0022401
0025d6c
7f861f8
000470e
7fa7892
003a7fb
00410b2
7f8722a
7fc88f5
7fae607
7f6b759
7fd48a3
7fbb798
7fb6ae1
7fdc47b
004bbc7
7f179ce
7ff9cf0
001f72b
7fff4b3
7fdc0aa
006a088
7fd754e
001466a
7fa1bd8
7fa0ffc
7fc3cb1
0018ba7
7ff7154
7f533fb
0013b9c
0037500
7f552a7
00939db
7ff9207
7ff2ffc
7fcb769
000ace1
7fb71ab
005be0b
7f65b49
001d1a8
0053e38
0052a55
7ff656f
7fd71eb
001578e
000b78c
00874c1
7ff31e3
7fe5d7f
7fcdb30
0066bf6
0098dd1
00ac65e
00330ee
001e79b
004116e
7f97009
00167a4
7fb2cba
7f7a056
7fd924d
009c30c
7f17e9e
7fd3935
0068e4f
0052adb
7fab3e7
002a9bf
007027c
7f5438f
0025ac5
002f391
7fa2454
7fba55a
000b09c
00237cd
7fd5537
005f68f
001dac0
0069180
7f8e7ba
7ff7182
7fe9754
004a3a6
7fd4d3c
001aded
7f878cd
003d97b
7f73775
7fb6e5d
003f532
7f605dd
0037bf3
00230e6
0064fd3
00463c2
009426c
0085554
0028139
7fdaf7e
00010e5
0098672
000e3ca
7fd36c6
7fdf7d7
00136d2
7f5520f
7fba4c3
7fcef02
7fcd04b
7f971a6
7f68cd1
7fb5171
7fd6df5
006dffd
00301ef
0027900
0027a24
7faeda7
7f854d9
0035537
0059175
0042b65
7fa3dfd
00002a1
7fe09dd
00790c1
005ba3d
009052d
7fa0650
7feb77f
0040225
00604a0
7fd5ab8
001c3c4
001205a
7f82ea7
0000219
003c57d
7ff8c8e
7f838ab
7ffbc79
7f38c0d
0001fe5
00ee831
7fcea84
7f47a83
000a430
7fa0da1
003c322
7fbc660
0006a07
7fa9e66
00139fe
7ffb378
7fc8433
0029078
003a368
0013a99
7fbfc5a
7fc4a78
7fe7786
7fb1404
7fe8bb4
004c989
7fb3bec
7fad05e
0047e78
7f8fb36
7fd74d0
7fcaf8d
00498af
00726f2
00d3e08
0039ff8
7fddfe5
7fea181
7ffd3df
7f5a6d9
0004039
006ca47
004a90e
002a636
0008c42
7fb5a11
7ff8893
00a0301
7fb1ae5
002e544
0086898
7ff4a14
7fffb85
0011614
0029a8f
7fb65ab
7fb1dcd
004ff20
003d412
000a817
000bf66
7f9319e
000702a
000ad43
0016c41
0071582
0003f8b
7ffc6ca
00473a4
7fd5dc3
00be874
7fd4905
7fed3ca
0062436
0006fa8
7fdb3fb
7fbf094
007d4f5
7fac613
002d7fc
7f83f21
7f2f162
006b07a
7f54ebb
007af5b
7fd68a5
003f62a
7ffcd4b
7f545ed
00989e7
7ff9277
7fc69ad
0008953
0001468
7ff5aac
0002199
001e2ad
003d4a5
00a5d7f
0038a7c
0029a05
7fc710a
7f86cf8
0049004
7fd28ea
7fe2097
00441ae
0050476
7f9a7f4
000a1ae
7f91021
7fb9b9e
000bfd2
001ba58
0088285
7fa9656
0082eda
7f339fc
0097a88
006c257
7fdee83
7fd5291
7f85ea5
00007bd
003d655
7fd7ed8
7ffd7a4
006a542
7f76f4a
7fb69a7
003a757
00494fb
0034633
0016f6a
7f7d229
7fe84de
7f89edc
7f9c57e
7fe4dfc
0002b89
7fe37b7
7f6d3a1
00438a1
005ce8a
7ff8924
00bd9ba
001e027
0011725
0039684
7fafb45
000edec
004dc1d
7f2065a
7fc638a
00bda84
7ff38bc
7feef44
0005ef4
0053804
7f8e721
7fd6b21
007adad
7fce936
0013687
7fe4786
005c8ec
002734d
7fe7bfc
0027380
005744f
0044263
00241f1
7ff170e
7f9fbfc
7ff14d8
7f59d00
0032556
7ffd509
00ee363
7f2e587
0069967
0069f0c
00023a2
00608e1
7fd476b
7fb8f14
0024d06
0004711
7fb9a9a
7ff6cee
7f88269
000c732
7ff61b3
7fb95bb
7fe6449
7fd25f0
001b145
0021116
7ffc0c1
0025b78
7fe91c6
7fcb772
002b9ca
7f703e9
7fd7ba3
7fc92ab
005e25d
0092620
7ffe599
004fa53
7fc227f
7fa9554
002c30c
0048476
000aaf4
7fd725b
0022b3e
006b4d5
001741f
0018608
7feb079
000de0d
7fd0206
7ff6071
001ef60
7fbf62b
7fdab4e
7fd0813
0053edf
7ff9fa9
7fe0b42
7f63a43
7fb4e27
007092d
7f7c71e
7ff4e98
7fce203
7f83aa0
0018455
006cce1
7f59724
0076964
005476d
7f8f051
0064920
7ff2c27
7fdfeb5
7f93a9f
007524b
7f80df8
7ff22b5
7fcb53b
7fc14e6
005f48a
0033c92
7f670af
7fd088b
7f7d0ee
003a677
0006a97
001f1af
7ff995f
7ff4863
7f8b6a6
7f5d839
0063d2f
00a3b9e
7f7ac65
7ffe372
0002f5d
00282ea
0077e31
0025d15
0053322
0005fbe
00130d3
7f470ae
003b6cb
004b88b
0038bfa
0069a60
7f9dc31
7ffac9a
7fee890
0035ab5
7ff12fc
7fc6057
00719ea
007e87b
0011890
000505d
7fcdbae
0028514
7fdce31
7fcd263
7febb2d
000a174
0045e8d
000e487
7f8a079
00559fa
7ff0fb8
006afea
7f916a2
001a0d3
002bf41
003b579
7ff3992
00748ef
7fb1a0e
7fa3b94
7fabb40
7ffc56f
002f57e
007ca04
7fbeebe
003f9b1
0055356
006b576
7f606c0
7ffd0d0
7f600b6
0029be4
7fb1d5b
0044611
7fca084
7fdac34
7fe9cbc
7ff1940
0013c95
0029358
0082d23
007ca71
7fcbe90
7f4a747
7fc31f8
00247e8
7f6599d
7f65cb3
006a369
000843e
003c51a
7f8cd62
0046096
7fd8160
7fda9ae
7fe5261
0079853
7ff96c9
00431a6
7fa8f95
0049660
7ff53a7
7fe0f65
006ee79
7f66b0a
7fe8526
004cee1
7fde36a
00adb59
0046889
00764d1
7fdb545
00442ff
7fc9ecd
7fe90ff
004a6bd
7f82acd
7fa58ad
7fad5a9
7fa6934
7f7a8d1
7f7bd47
7fca305
7f58722
7ff294e
0047148
7f745ac
00319e4
7f8637e
006e7c1
7fc6d22
00378de
000184d
7fe71c6
00c0913
004d93a
003f410
0083af2
7fe51da
7fd47d5
7ff4938
00b08a1
7ff93a7
006b021
0010f82
7ff7a4a
005ecd1
7f8060e
0077aab
0069c22
008f551
7fd9b09
001c7d5
7fbb942
7ffe2de
7fda09a
0034828
7f4893a
7f956d4
7fcb672
7fc26c2
7fd75ef
7ff0391
7fec79a
0003c0b
7f952fc
00a6e4c
007e678
000e48b
00a6466
7ff5732
7feee2c
003a00f
7fe4609
0081c51
7fe6f74
004f0ef
7ffb307
7fd9c4c
0033856
00103bd
7fdeba1
7fc5b77
00331b3
7f3fce0
7fb5c4c
7f88ce7
7fcd2a0
0076c9b
0002e80
7fb6e86
7f578b0
0019eaf
0002632
7f61cda
7fa67bd
7f7bbad
00697c3
0079e06
7ff1607
7f886a2
7fa83b5
7fedd9c
001fd8b
7fa8c23
7feb829
7fcebd6
7fdaf18
0085553
7feff9a
006e822
0025528
005d5bf
7fe9473
003d456
00a698d
003067f
7fa15bb
7fd23c9
7fd1189
006c83f
006af5e
0016cf0
7ffd737
0065ec6
7fdd7e3
0024875
7fbec5e
002e556
7fb141d
7fc5a6e
0063ecd
007fc92
0031ea0
0079da1
00536c2
7ffdfaf
00c7353
7fe68df
7fe984e
7faa9dc
006c4f0
00aea27
002c615
0049b06
001ab32
7f610b8
00b72f7
0040a32
00730df
005c3a3
7f93ca4
0020c8d
00be451
7fe30b7
7fc3d67
0004337
00160c3
002c653
7fabe1e
0035d1d
0044b52
7fee3b7
0010795
0059d65
001990c
7fa08b2
00ae6aa
7f648bb
00a0aa8
7fd5aca
0005685
7fd05d9
007ec38
003c82e
7ffe712
7f46b74
00402da
7fb2086
003b3e7
00833b3
7fcfc7f
0042ec0
7f6c44b
005818d
002ceff
7fc7109
00476da
0021167
7fa8ee3
7f62447
007fca0
7f8cd88
7fafe32
7f92097
7fce259
0073f73
7f97ead
001044a
7f915e3
7fce26d
00084c7
004f77d
7fbb8c6
0052867
7ff5808
0011928
0060b7d
00285d5
004254a
7f8a9bf
7fea35c
7ff3714
7fd89da
0044c8e
001c70f
7ff3e98
7ffe6aa
7fc9b2a
001b74a
7f6b5f0
00b293b
00377e4
00b00a3
001bd4f
7fb7009
002e247
006031b
7f6e965
0017448
7f8ebfa
7fea362
00758c5
0035629
0017a60
7ff878f
7fe0f01
00b23e4
001c0af
001a687
7fdd628
003186f
7fc0abe
0012b60
001fbe1
0053482
001c2ab
003112f
7fa5c76
0023f0d
7fc6e5a
0015463
0048721
7ff66ce
7fe9bcb
001c213
0073448
0015978
0005f65
7f5853e
7ffca34
7ffbb3c
7fc9b6e
7fe7c01
7fa8ed5
7fd5446
7fe3541
7fe4270
003edb8
004241c
7fc4163
7f6b1c4
0023ae2
00127b5
7fb341a
00558d4
7fd5d43
7fe57e2
7fea4bb
004bf4e
004be39
006f9ce
002c2e9
001cdcb
001571e
7f77c0f
7f79ba5
7feddd4
003c680
7fea9ad
0036e54
7fd80fc
00de513
0044388
7f972e2
0066208
00298a8
000294c
7fb8d0e
7fcca31
7fceab9
0031684
004985b
7fd90ed
004fda3
005d714
003f61a
007d562
7fa30ab
004e5d0
7fa195b
7ffe09c
0018785
7f9c7b0
7fe8484
7f9bde4
7fcc202
0067682
003fc92
7fbd95a
7f73057
0035ab1
003a023
7ff2a66
003b5b9
00356da
7fc8474
7f8ca12
00900d9
7fe9580
00265a1
0029419
7fb4467
003cdf5
7fb714e
7fab7c4
7fc80e8
7f0f491
0025b88
0021a10
7fe2ee6
7fc04a6
7fb3de8
7fd2eae
7fe4c17
7fe2326
7fa84c8
0022f98
7ffbfcf
7ff8a54
0011749
7fbd026
7fd4832
7f7b167
002fcfa
006527c
004f8f1
004f810
00263a9
7fadbe7
7fad23e
0066e13
005de24
7fc0f2f
009d9b1
7fe57f2
002c53e
7ff9da0
008b4cf
7fbd9f7
7faa664
7fc8d23
00669c6
7fd0dfe
7fcbac0
00da00b
7ffd4f5
003c2b1
0054816
0051589
7f9dd55
7ffe59c
0026881
00409e5
7fd597c
00238b1
0069fee
7ff22e7
000811e
000cef0
7fd51b4
7fd0d99
7f60829
7fd1016
002ee91
006331a
0016b9d
7f8180b
001e8da
00083ab
005bed5
008256d
00484c9
0042175
005d4d3
7f71016
00699b7
7fcb96d
7fe10cc
7f9f243
0014176
009c9e5
7f9be11
0065234
7fcbca1
009d229
00281af
0038340
001cfc7
0000bfc
00048da
0075131
7fdb933
006090c
7fd7627
7fdb06d
0041e51
7fe0f51
7fcfe76
001f618
7ff67ff
7fdb144
7fc710a
7ffd32c
002afa0
00116c5
0021775
7fcfce3
7ff4116
00029f6
005078f
0054eba
0091756
0067141
002326c
00188d2
7fe9678
7ffd348
7fa44d4
00210fd
7fc9978
7fcfc33
7fa52ab
7fef6f8
004349a
0076bd3
7ff0988
7fe4951
004c382
7fc5ee5
7fb862d
005115c
7fb7691
7ff4b88
00346f5
0078480
000879e
0069e2c
0069394
00a16a6
0041477
7ff43cb
7fa37ce
0048501
00393f3
0018f04
007f8e8
004f247
7fb4f16
7f50a82
00091ae
7fbc77c
7fb8392
7fc262c
7fc6ca9
7fdc29c
7ffcd62
7fbe29a
7f8c5a2
004af0a
7fcd90e
004f202
0054316
003cd3a
000b4f7
000230a
0035301
7fbb091
0017d2d
0058163
7fc2ce9
7f761fd
7f9841d
002280d
7fa574a
001d0e9
003b623
001d704
0049dbb
0055d7a
7fee900
002c429
00621ee
7ff88df
00174e0
0045fed
7fc69a3
007476b
000e8dc
7fd41ca
000e236
00578f0
7f6cbf6
7fd2611
7fe50d1
7fd1254
7fa753c
002184e
00356f9
0030efa
7f96d4f
7f49fdb
004600e
003ea75
00a8cc3
7fbe868
00e57a7
7faac02
003e50d
0065ac9
7fb7050
7fd8803
002dd2b
004286f
0060ecd
005dcc3
00c6eb1
00630e8
7f6df0e
7fbeadc
7fbd668
7fb2d74
7fe883d
0082df3
00112de
7feb2c2
7fd40b0
7fdaa83
7feebc9
7fdbcf5
7fdc811
004e406
00384f6
001ccd6
7fbfb21
0017f42
0003be4
7f86887
7f996b7
7f998a3
005cb42
002ecb8
001faf4
000bf79
005c28f
7fc8921
002dd4a
7f93d70
7f9c554
004ccba
0018154
00100b1
0086c24
002da2e
000b8d8
00fda0b
00187fa
7fb7943
00232d6
0016acb
7f26241
003bc99
004d770
7fed87f
001fb8f
7f8ee89
7fd4514
00afee9
7ff5f81
005bd6e
7fe1420
000733c
7ffd3e7
7fbb60e
0065508
005c2f8
7fa030f
7fb50f9
008100a
7fe4571
7f58fb1
7fe2779
000169e
0085401
0004357
005690c
00719eb
003f8ce
0050bf1
004489a
0023d54
0044619
002ebc5
7fd6f0e
7f7fad3
007cca5
7fc9c36
7fb0753
7fdd446
7f8e5a4
0027fb6
7fe877c
0086d86
002bdea
00785a8
7f8fd2a
002df27
7ff1783
7fb9a95
7f7f358
7f83324
000d9eb
0008caf
002f822
7fb1714
0039dcb
0011840
7fbd2d2
7fd22fd
002eb10
7f72012
003cbeb
004f04f
7f4de75
7ff94af
002fcf2
00b9bc0
7ffd565
0016aa1
7ffd61b
000f7f6
0018b68
0059573
0007360
7fd897e
7ff6bfe
7fa44d6
000bcad
7fe5163
7fef332
7fba29e
7fa6ef1
7ffb3df
7f7e6b2
0015a5f
0024ce9
7ff5625
002e689
00349a7
0023e3e
00480b2
0041615
0011097
000b4f3
003247b
7fb4d15
7fc025c
000c204
002f340
7f9d48e
009a69c
00affc6
0018d6e
0009f6c
0040632
7fc3cfd
7fd315d
7fe10d1
009d6bc
7fe5672
7fe293e
0077b1e
7faa876
0038fb3
0007a53
7f93152
0039b99
7fb1f44
7fb1405
7fa6703
7fa2878
0088bea
0000382
7fc5ab5
006f6d4
00422cf
7f56df0
7fc116a
0090c66
006f818
001caa7
0006a7c
007f527
7fbcc53
0026b11
7fa9b89
0038696
7fc234d
006f3b8
7f80cfc
7fb0cc7
0051261
7febc5b
0047c75
7fef902
0059079
7fbe567
000d107
0029667
7fbe557
7fed8be
7fed033
00b61da
001e417
001ed9b
001ca63
000ed66
001b7b3
7facb4b
7feb111
00b7fc4
003aa21
7fb795e
7ff836c
0026bcf
0033adf
00a77f9
7fc99a3
005ff9c
7fefe64
00b6610
7faa069
000a897
0053ba9
7fd3d88
0055472
0095297
7ff3eaf
7fd4560
7fbf366
00165f1
7ffd670
7f77717
7fad684
007fe1f
000b839
7ff46cf
0062ff3
0020b15
7fe8639
00411f3
7fb8d6e
7fe049f
7fdeb80
7fee71e
7f94075
003296c
000ab28
001d02f
7fe326f
7fdac88
7ff0b62
7f918c3
00095d2
7ff353c
7fccc5f
7fdf18a
00393c6
7fca967
7fe8897
7f26c60
7f9b90e
7f61818
0083b34
7fd60af
7f734e7
0018189
005933b
00dc030
005a1a4
00163b2
7f84247
004fb51
0059e6f
7ffa1ac
7fc449c
0033a9f
7f91690
7fdb6b4
0003d55
0035256
7ff0c90
7fa7df5
0045f07
00227fb
0025aed
7fb1a22
009a098
7fb4aa7
7f6db1c
005ae4c
00193df
007c79a
0050564
003d63d
7fa814d
005bc7d
001bb95
7fc0550
7f88437
0017396
7fe8ba8
7f923fd
7fb641b
002c686
7ff6eab
7fb2e5d
0026eb9
7f3deaf
7f2ddb7
000895c
7fdb71e
00847bb
7fa3d9e
7fc3165
7f616b4
001703b
7fd8575
00a0e39
002212e
002f392
7faa36a
0002e1d
7f884a8
002d873
004f6d2
7fa0c44
7f7b83a
7fbd5a8
00519c1
7fb5230
008e255
7fd837a
008d5d6
7feb0a6
7fb94cf
7fb2b20
7fea6fc
7fffabf
7fccc50
7fdcaab
7ffd28d
7feda61
7f965c3
0005687
0009ab7
7f83b82
7fb8672
7fe6ec4
0046677
00a4fc5
7fef2fe
0029da7
7ffa262
7fb99a5
0022d15
003cd14
7fb6702
7fe23a5
7fc7693
00168c3
0058994
001ba60
7fe2570
00232c7
7fabaad
002e965
7fed1a7
0033286
001bdc2
7ffd5bd
0018d7b
002794d
0026ad7
005037b
7fe5029
004d153
7fde3a0
7fc5736
00ad6ee
0039e23
002f224
7fb9cde
7fafe18
7fa6fb0
7f85575
005ce98
7fabada
0068979
000005c
00498c3
00238af
7ff6bc9
7fee75f
7ff336d
7fef000
00180d6
0021822
7fe8fd2
0007684
00f3413
7ffdc06
7f6f630
002b6d1
004ed3a
002961b
7f7d12d
7f41dcb
0064e0b
000d9a2
0013e95
7fa7d37
00534f2
7fc76c7
00ae883
7f1bf4f
00cdb7b
0004d87
7fd9e94
7f64684
7f98552
7fe1ec0
0044ad3
005c6c0
7fcde49
7fa3880
7f85bcf
7f534dc
0045415
000726f
7fb4bde
7fd7374
0001c02
0041970
003775f
7f9c91f
0017480
7fc938e
00167b3
006cf3d
7fdb824
0028691
7fe87c0
00460de
7f84baf
7ff2a15
7ffea37
003265e
7fc3ee4
7f7e160
0040db9
0099f36
7fee16c
7ffad64
7fb59ed
7fa6afc
7ffd286
7fea284
00641f8
0030f05
00181d8
002584e
7fedb29
009b67c
0082109
0026233
00152c6
7fc50ff
7fe5a36
0022eb8
7fe97ef
7f6b916
7feb918
00723e1
7fdabb2
0045336
7f4b6f5
0088878
00815e9
0082fa0
002f984
001d5dc
7ff744b
7fd39e3
0055416
004545f
0019bde
7fefb42
00ab705
7fde8e9
7ff01e7
7fb4a7e
002e3eb
00252b0
7f4e027
7fd1092
003f8d6
00852f2
0077577
0017a12
0014594
7fa9d11
0029446
00531d3
00726c3
7feb73f
008737a
000cd88
7fd5e5b
7f98755
7ff5091
7f62f3b
00a43cd
0053df1
7fd5852
7fca9d4
00b5c31
7fcf89d
002f402
003acf0
0085178
0075a03
005158f
7f9a1e4
000a93e
7fb0b42
0012270
7f66796
7fd0607
00267d2
7ffed14
7ff7443
7fa0ff8
001396c
7fe18f3
7fee86b
0058f2b
7f641a5
7ff58e6
7f57b2b
7f92f8c
7fdcdf8
000e2b5
0013534
006d259
7fc9d3f
7fd0427
7fad3d0
7f708da
7f1b420
7fb2dae
00589f9
0047e1e
0002f6f
00554c6
007c00b
7fc03e3
0001c68
0010a7c
0005a11
7ffe620
7f55d05
7fd1ab3
002f888
7fbc3be
7fdccbe
008cf13
00185e1
0002c00
7fbd035
7ff2f16
7ffd122
7fc893d
7fc143d
7feffde
0032341
004c93b
00f17b1
7ff034e
7fb3a2f
000fb3d
0030587
0011d83
7fbe0ba
0098684
7fedde2
7fe7d66
0004a70
002638e
7fe241f
004b4e6
7fc25db
7fd6368
00314b7
7fed7ff
7fb3673
7ff7d7a
7fbf8d9
7ff13fa
009b4f0
008c5fb
0048ee9
7fb1c1a
0066c24
0049ed5
002058c
002308e
002a5b9
7fc7145
005a11c
7f52e67
7fce67a
7fc9761
7fe2020
7f969ec
0072dee
006e36d
7fc1dbc
7ff825d
00b19b1
004a352
7f7d033
0085339
7f60762
7fc622f
7ff7ad7
0043e38
7fca55d
00857f4
00533b8
0077ead
7f44942
7fedacd
7ff614c
7fc601d
0006b0b
0047f3c
7f9c866
7feb900
0008b22
7fe423f
0071009
7fed4ff
0017ee1
7fdf8e9
7fb35f7
7faf21c
7fbf6c4
00bafae
7f6b079
0089679
0038101
7fc814e
7fe5045
0010f8b
7f7759a
00c6590
007651c
00c6d3a
7fcfbc2
7ff0419
005feca
7fce067
00492a8
7feb234
7fb313a
7fc3a23
7fc4c7d
002f0e1
7ff0831
7feb9b9
7fd67c5
0017248
00191cd
0012748
0002fa6
00a6700
7fefa9b
7ff1870
7fdd8e4
7fc810f
00685b0
7fe5fed
7f8cd6b
0071466
003f0f1
0019b88
7fb16c2
7fffc35
7fe00d9
7fc24ae
00c32b5
7fdce06
7faf785
7fc3067
000db00
7fa7d21
00505e0
00002b4
7fb7d34
7f70616
7fcd5cb
000f30e
001c280
7ff3f11
003bd66
00692dd
7fbc27d
7fde2b8
7feaaf9
7f4d5c1
7f5b098
004bc69
007eaeb
7fcd989
0058af4
7ffdae0
0029c33
7f62abf
0004210
7ffcc04
005ca62
7fba7af
7fcb3ba
0017e48
0005291
7f537e5
004658d
7f8be11
004bdd9
000a96f
7f48fd2
7fcfbc2
7fb61df
0018663
0000259
7ff8ecc
7fe7046
7f9c675
7f9559f
7ff5fc0
7fdfff7
0043cc1
00fa53e
0021fe8
006a3d9
7fc8a47
7ff7d1f
7fefaa5
004c8ee
00362fd
002f678
0014d0c
0087dbf
002bc91
003cb47
7fd9e8f
7fee59b
0068e3d
0078eaa
003e39a
00632e9
7f993af
005e2e7
005d081
7fc9856
7f9f16b
7fec892
0001767
7fb5ab1
003f595
007f955
002e1da
7f55251
0059d2d
002c63d
7fa0b41
00744f6
003a03d
7fbbe24
0029399
002b3ff
001b4ad
003871c
005f3ff
7fa2e4e
7f8d9a7
0087727
7f2210e
0017551
00164ab
0051417
7fee8c4
7fea696
7fe97dd
0063f31
00c4283
7fc7c0e
00d4d95
00372be
00200e9
7f5ab9e
7fb81a1
7f4fe53
002ee0b
00739ae
7ffafc1
7ff99f2
7f96a16
7fcf235
0033388
0078532
001d307
0029a65
7fe4c3d
7fc4b62
00a75a5
001fe35
0014712
0016a6f
0056d4a
7fcd005
7f44900
7fdf027
002780c
007e923
007f57a
7f5eb3b
7fd9880
7feb195
0046262
7fb9917
0062cc2
7ff7b00
7fde150
7fea0c6
006dd81
0034abd
0062bfd
7ff9cd8
00d7369
0009e6e
00534a6
7fb9b42
002c655
004f9d2
7fe9ee7
7f5a870
7f88ad3
7faa30e
7ffb47c
7f9624e
7f6e5c6
0077b1d
7fe565b
002ace8
0041073
0018d8b
003dd59
0020e24
0084ee1
7f6333e
002783f
7fe6079
7ff141a
7f9cf95
7fb5dbd
7f9f860
7f9958f
0080d83
7fde21b
002851f
003c5a9
7feeec1
7fd6f63
0090944
001bb8c
7fdfbf0
006638c
7fc9506
004582b
003077a
7faa16f
007167e
7fe2982
00ca756
002b595
000e134
00485d2
0006e13
007f80f
0043a83
7fc1aec
7f7e4dd
0015533
7fdc4d4
7fc8a5c
7fcc9c2
7fed44d
7f639c8
7fe1a43
00272f0
7ff676b
003ceb5
0016d2f
003ae67
0076553
7f85529
7fe6a20
7fe5b3e
00208ce
7fe753e
006a423
7fc7937
7ff4796
7fc453c
7f8f793
7f3810c
0094567
00a76df
000ac31
7f7a7a4
7fde8a0
0051d14
00313b3
7ff1211
7fd88fd
0007982
008109c
7ff7759
7ff32e9
0016788
7ff438e
0025519
0024a1f
0022987
7fc7f89
0019424
0048fc6
00ae631
002f3ea
001ad33
7fcffab
0077bcf
009fd0a
7fb646b
00062c0
0068bf1
005698b
7fe7507
7fc1971
7f91e56
005aa94
00036a7
7feb240
7fef328
0097662
0044f25
00279a7
004dd92
007ccae
7fdf5a2
0069cb5
7fe5289
7fa35bd
005d042
7f7eef0
7f8ef29
7fccd63
0017d92
7fb70b4
7fd8f1c
7f8a4d5
7fabdbd
00348f8
008d7e8
7fe2656
008697c
7ffdac0
7fcfaab
0041e6b
7ff0a21
7f5415b
7fe5a4d
0018701
7fd1b23
7fbd2a3
7fe0f0a
003e177
7fbabe3
000b41d
0029617
7fd5946
0005f06
7fe79b3
7fe57e6
000c7e4
7f4253c
0083bdf
7f985c8
7f82006
0000f66
0038e86
7f6fbbe
7f94b33
7fe7bdc
007187a
0045242
7fd26f2
7fe669c
0028d1f
7fdfe8b
7fcf54d
01021ee
7f9c87f
7f412cf
0072ee5
7f78976
004cc51
003ca21
7fdf93d
7f2aceb
7ff556b
0002da8
0076d81
008cbf3
0012665
001a1c3
7ff4008
7ff1427
7fe2cce
7febbf8
0035456
0016d0b
7fa126b
00633aa
00912ae
003f3cd
7fd1b80
004687b
7fbb0ee
0049d02
004ebcb
007f8dd
7fa08ca
0016482
7fec3a3
005697b
7ff3a51
0071626
00911af
7f657bc
7fee96b
7fdaaa3
002296e
7f8c3f6
006c59c
7fc0bdc
000a897
00ac8bb
7f47e74
0008298
7f8570f
0042778
0059c52
7ffbdf8
7fdaa49
7fce4a9
005f909
0028951
0000db6
7ff9697
0057937
7fda5a4
006ccb6
7f31ba8
7fc555b
0028559
7ffa82a
7fc598b
7f6bcdb
7fb44df
0030a16
7f1c76f
7ffd1c0
7fe2736
7f8ff9f
7fe6946
7faaded
7fc2bc4
004bb09
7f7d82e
0090de9
001af42
00306b1
7fc148e
0021626
0083b33
006bf6d
7f33724
003d7aa
7fd21b2
7f9dc19
002f549
000bd13
002ceed
7f47c04
7fa71ea
0067264
7fa337b
7fdf6f9
7fbd726
7fc7b66
0030530
7f9a767
002ef67
7f780cc
7f37e09
7fdfcac
002c6ba
7fac005
7ff7df8
7fc749e
005622f
0083bc1
7f71ce1
7ee7e19
7ff9652
7fa44a7
7fba748
7f927e9
7fe8e9c
008be0c
7fb2b88
0006e5a
7f9b752
005c1da
7f9e460
005c582
002e626
7fc33cb
000c3e9
001cf39
7ff803d
0044e77
0028e65
7ff9bd2
0069bce
0075b1f
001278b
006fc47
002a467
0021913
7f61c23
7f503e0
7fca269
007fb09
00664d1
00105ef
7fed13c
7fe718e
00440e6
7fa7622
0011cf2
003196d
7fee93b
009f33b
00a170b
0014f73
7f8d595
0005255
7fff3fa
0053332
00110be
7fa76ae
7fd47f3
0065eb5
7fef0c8
003d520
0049e3c
7fad4db
7f9ff34
7fe4bd2
7fe75c3
7fef0f5
0060a48
7ffe9ac
7feecbb
7fd9155
0053e4e
006b263
7fc1734
00bf915
006ae97
7f99fe0
00ca439
7feb727
0010aef
7f56d57
7f97677
00290c5
7f6e6db
005720b
0035f6f
0014f0b
005dc99
0070a3e
003ef8a
7f6b63c
7f7f4d2
7fa711d
0012841
7fbf631
000ec28
7fd3693
7fe29ed
7fb34e3
7fccae6
7fbb256
0056c6a
00290ce
7f943f4
7fcbc9f
001ff6f
00132a6
7fc6b33
0063f0c
7f7e574
004725e
7fcfb6a
000ea1d
0036722
7fdd095
00c10de
001d735
001442f
7f48a48
005616b
7fd5dbd
0075594
7fb13e9
0091006
7f9423f
7f904d3
7fd6e65
7f9d3c5
7f98cd6
00033cb
7fbbe0a
00097e2
7f6a250
000f74a
7fd79c5
7fb24aa
7f91e01
0018b59
7f81af6
002a42e
00497f5
7ff5ab1
007a988
001f353
7f76027
0007b98
7fc7435
7fefdf7
7fd26f9
0030b49
0010bf3
00168da
004573d
7fbf0d8
7ffa549
7f97085
00cf40b
006abaa
0072b27
7f320ec
000acfa
7fa7e86
001698f
7fe35e5
7fd00c9
7f930c7
004d087
00a4840
0019023
7fa5c60
0013286
008e109
7fec00c
7fd223e
0030576
7fb4613
7fcd0aa
7fc6403
7ffd6e5
002ff61
7fe0942
7fd35d5
00238ae
7fe8cc1
7fe497b
008077f
7f7cf2e
7fe2053
7ff366d
0003754
7fb68c3
0097468
000e79d
7ff1ad7
000978e
0032e8a
0128914
7fd26b5
001e52e
7ff2523
7fd363f
7f97233
001e7a8
0013c63
005d29a
7f67baf
7fe56ff
002d078
7f8ff5b
00550d2
7fd5861
7fe4dc2
7ff9550
7f636a3
0007a3a
7f6f941
7fedd15
7fa612b
7f5c227
7fc5c56
002023e
00e07b4
0078b87
0047d9d
000a4d4
7f8f8dc
000a5c3
7fbe6e2
00a10d6
0030f78
7fc1a7b
0031228
001f2cf
00422cb
7f39496
0003f07
0027de4
7fe935d
7fa13ce
0006a4e
0043835
7f6ec83
7fd641a
7fb355d
00651dd
7fe6a5d
00628be
7fccba3
7f7552e
7fc8df6
005b0ba
00700e6
7fdaad1
001d40d
004a6a4
000ddaa
004069c
005275d
005bdc8
0030671
7fc9d37
7fc82af
7fdc6cb
009639f
7f771ed
7fe5f7e
7fd50ed
7feaf66
0060fbb
0027f3c
7f75d88
009342b
002f42c
7fbc437
00574f7
002fb6b
7fde9cd
003dd1e
005fc0e
0026be7
001b442
0040cc5
7f98648
7ff5d47
7fb9819
7f89a30
001ab44
7ff7077
7fb6b95
7fb67b5
004951b
7f8165f
7ffcf21
7fc5d20
7ff2696
00006ab
7fe1734
7f65e94
002b9e1
7f7573d
003959e
0004c07
005d115
00a92df
7fe66b9
7fbf6e1
00006e1
009cf04
0044941
00fb256
0032561
7fd627d
7ff316a
7fd6ad7
00739b3
000945d
007d92d
006875f
003711a
7fa2093
00398a9
7febf46
0045c0f
00460d8
7f2fe7b
0014391
005e77a
7f90bf9
7fbd1fe
005dbdd
7ff3e3a
0031b97
0026ddb
00747a4
7ff3194
001b93c
0019131
7fa2c8d
7fe65cf
0001d82
7fa9104
004bd01
0062cc6
00005e9
7f9fd2b
7fef96b
7f66978
003f3b1
006fc02
7fada11
7fdec5c
7fd2f7e
00133b6
004f525
003abd8
0038732
001f7e7
7fa47de
008c247
7ff0386
7f85040
001922e
7f7266e
7fb4a5e
7fdeac3
001f621
7ff213c
7fe3d86
7fec64f
003036f
005c865
002e31a
7f95ff3
7fe497d
0027da6
008e4e5
0067373
006cecd
003b7b1
0041ed7
7f952dc
001701e
7fe161f
0048aca
7f978b9
00419ee
7fba543
7fa9fd7
006022b
007911f
004f89e
007e29e
7fed55c
7fc8cf3
0052ef8
0026bc6
7fbcf5c
0027092
0032c83
7f53921
7ff28a3
7fe6bdf
7ff6d20
7fd1390
7fe8069
00383d6
7fb33a2
00b4f7a
7fee45e
00576db
7fdc33f
7fff68e
7f864bd
0028a81
00575e1
0050097
7fe1ab5
0029221
7fae8a2
001edec
0034f42
0060c31
7fe51fb
7febc4e
7faa7a2
7fdd61b
7f83c5f
003c530
7fd2186
7fc3f8a
005feb6
7fb4822
0000749
7ff8a64
7fe7c60
0064058
7f74827
7fd1d7d
0031a95
00524df
001c309
7fea580
7fbba30
7ffa2ad
7feda91
7fcbf03
000b125
7f9263e
0020d92
7feafb6
0009d2d
004c1f3
008ccfb
7fcadb2
000cd4f
00a3929
004cb59
002e78f
7f91a9f
7f5283b
00321a1
0016eee
7fd335f
7fba8aa
7fb3ce8
007affb
7feed84
7fafd2e
7fab742
0015990
7fcd49d
7fb6334
7fe8b0e
0016e3e
0044cbf
7fa4c73
7faa1c7
7fbf6e6
7ff7cca
00873cf
7f50c99
7fcdff0
7fe3ad5
7f69bd0
7fed9c3
00113e4
7f6927b
000c67a
00316bf
006b17b
7ff1301
7fc1b93
7feea9d
00056c2
7fc3372
00330bb
00346dd
7ff31ef
0034816
7fcb200
7fbd0d6
008a00c
7fa42fc
000fc26
7fb6da3
001d851
7fcbdb8
7fc0143
0084086
00166fe
7f9b6ff
7faab2a
004fa95
7fe4b18
004b365
0003931
00030fa
7fd9999
004ba18
7fa471b
00823fd
7fed8e1
7fba15a
007fe03
7fd16db
000638f
7ffc9ad
004758b
7ff33aa
000c745
7fe9e15
7fb26d3
7f89971
7fd1f1a
000e080
0076bb2
7fd95ef
00a35c8
7fce749
7fb6a60
0020594
7f7b1c5
7fd9c43
008f877
7fff7a4
00319d7
7f8be24
000ee40
002eba8
002cc89
7ff9877
0007c6e
0034e3c
7ff1cff
7fdb484
00091e1
0076a4c
7fca0da
7fc3346
7ff7e42
003edae
000e94e
7fe42c4
7ff1d6f
004fed8
0027183
7ffc03b
006009f
003cd6c
000b34e
7fc48fb
7f8dfd9
003023b
7ffff5f
00114cc
7fe232c
001a24c
002fd63
00055a9
7ff1840
7ffc04f
0077d13
7f9a8a2
0029b44
7fbc86c
7fc548d
7fd19e6
0000875
7fd4bf3
004599f
003f3c2
7f68309
0026b26
7faeab6
00987f5
003a80d
001c410
7f7c8ed
006c206
7f6a5a4
0026b56
7ff505e
00af3ea
000f006
7fb878a
7fdc661
7ff0553
7fe6270
0037272
7feb8a7
003d6fe
002176f
7fe9a84
000b2e1
7fc9f98
7fc0b31
0044408
7fe2224
004dc30
7fced84
7ff8b8a
0019f0b
005fe81
7fb5dbb
7fd790c
0087dbd
7ff0d80
003784a
7fa0af4
7fc0bc3
0079444
0022cb2
0054116
003cb3e
005b6df
004c4e7
7fa05dc
7fbcb36
7f9864f
0086a4f
7f4f669
001855c
7ffc156
000f1f7
0078232
0090891
7f7e232
0059699
000750d
001d2dc
7fdd242
0014ce0
00223ce
7f85a54
7f91c94
7fed31b
0053965
0066873
0031455
7ff5de2
7ffe179
000421e
006d9ca
7ffa961
0021104
001cf59
00245e3
7fcee95
002e710
7ff9453
7fe974d
0069ba2
7fbcf7c
0050b4e
7ff8589
0045396
005b701
7fe8530
7f5ad27
7fd7a9c
7fc4f59
7f906d3
002e3ef
7fb9a10
7f724c2
0020419
0044390
7f9e301
7fe18ae
7fa83ad
7f981cc
7f912da
7fec8f8
7f8b889
7fbd75d
0015e7a
7f400d7
006e641
0005dab
7f17818
7fb4f04
7f90d9d
0002dab
7f9339b
0020c81
7fbcaf9
7fb9b3d
002852e
7ff3b15
00041d4
7f7f3df
001cd98
7fe540e
006a3ef
0022133
7f84bc0
00a82f1
00097d4
0066467
7ff88eb
7fced35
7fcb73b
7f8700c
00bbd7b
0009358
7f7c81c
7fe94d2
00274bb
00107c7
7fe7f93
7fd1493
7f76bc7
0048afe
7fc78d1
004c89b
0015124
7f3f4f7
7f7d421
7fed0f6
7f7c196
002841a
000cd3a
0063356
7ff3cdf
7fdb30f
7ff09fd
003998f
004f021
7fde30a
0020baa
7ffc3d9
002741c
001f723
000a06b
7fc92b2
7fe4687
7fd4f04
7f6715c
0036116
7f8a7ef
00671c1
0029a36
7ffc342
7fc660b
0018db4
005a4db
00249c0
0042db2
7fb96ae
00621c9
001da96
7ffeda6
7ff26c2
7fcefda
000ac9d
7fe395e
7fef99a
0045ec0
00b6a90
7f7ab53
0009fa6
0064ed0
00169de
0004e95
7f5c3fd
7f9ab37
0091799
0016859
0059f43
7fb98ed
0013029
7f703f6
7fdc0af
7fbfbd4
00389e1
7fb48fd
7fdca35
001ea34
7f8ba9b
001255f
7fee4b9
7f7abd7
001e69e
006bd0f
7fff2fb
7fc7330
7fb534a
006537d
004eae2
7fb2cf7
7fcc0fc
7f82c81
7fc1cfb
7f90198
00505bd
002c80d
0019e1e
7f97059
0030616
7fb5d20
7faa83f
002aeb4
7f25992
7f99b2c
7f62bb6
7fa28f3
7fdf2e3
7fa4136
002688e
0042800
0012889
0031ec3
7fbfa51
7fd0861
0002a5b
7faa81b
7faee91
7f88a63
7f4ae77
7f9f934
7ff5395
7fca683
001df3d
00083c9
7fcdf98
7f7c594
7fce078
003c7ee
7f5c3c7
7fb5ff9
7ff0506
0079be8
005a1eb
7fa3562
7fb7bd3
0006c12
00382f1
7fecff1
003c2c3
7fd513f
7fb59f6
0002221
0082919
002e52b
7fd2d64
0036220
7fcd7a2
000af13
00880cb
7fa14c7
7fc61f3
7ff9052
7fe6268
006e6f5
000f954
7fc7309
7fa76c6
007dd2f
7ff8926
7fe6d0b
7fc0da8
0009e9e
00360df
7feed0a
7fb7348
7f96878
7fc3b51
000eb62
7ff6a0d
004129f
7fbb2d2
00040c2
7fb46a4
0003a12
0046e28
0050d06
7fbaf3f
7f8831a
7fb6734
7fd9320
7f7e0a0
7ffd9cf
000afce
00063f0
7fa5ae8
0069924
7ff94bd
00281e3
7fe484d
7fd0cf3
7fe29ad
005b588
7f85a01
000c9f9
00965d7
7fd797e
00b107d
7ff4b39
0087da6
7fc6ccb
7fd3ce2
00043c1
7fa8c98
006afc8
001905d
7fecbe8
004737d
7fea107
7ff47fb
7ff22a1
7ff317e
7fe4548
7f8d1d3
00069a8
7fd1116
004fb13
009af98
0012cbe
7fd0f55
7fe6684
7faa5c8
004f032
000a35d
006afd9
009a197
0078311
7f61608
002d10f
0005054
7fc5ee7
7f3a114
0024754
0092d5a
0072366
7fe7312
7ff0deb
7f98a38
001b604
003e235
0010643
002373d
0064886
0098ad0
005cfdc
7fe2834
7fbe920
000eabf
7fccb05
7f7fcfe
003f423
0018f2a
7fe3503
7f2d253
006b642
005d604
7fb9d53
7fb3095
7fa038d
0016708
7fa7637
005b308
7fd12fe
0076bd6
009818a
000ac77
7ff9dbd
7fb73ca
000fd24
7f778d6
005b7f4
7fa90cd
7f7db90
7fb2dee
7ffe4af
7fc98d1
0110a1a
7f79bce
7fec7a1
0035d8f
7fe5165
7f64199
7fea8dd
7ff2f98
000bb4a
000cfc7
7ff10a3
004324c
0020101
002afd7
7fd3abd
0019e77
7f982f0
7f90027
7f7ebf9
7fec0a3
0062414
7fbbd22
7f6fabb
7f6eb38
0010a57
00ca170
7f8f9d4
003b1a1
000ee20
7fed93f
0042e5f
0043f83
7fec8f9
0017695
0016cc0
00a12f6
7fdabeb
0040021
7fe6120
7fe6a92
7fde97d
0025775
007b29d
7fddab4
00b450c
7ffff23
7fe7905
7ff68d1
7fd427a
000cd1d
0032843
7fda205
00289f0
0002025
7fe6248
000107a
7f6a5f0
7f46807
00104b3
0093a5b
005d3b2
001c4e6
00ac0d8
7f87332
7f80f4b
7fe8c17
002ff92
7f9fd70
7fa25ae
000d39b
7feffca
7fa0a89
7fc9f68
005b5f7
003106c
0044f4f
0048c24
0047e2c
00113d4
00008b2
7fc0ead
001883a
0006435
0016fc0
000dcc8
7fa436a
00aa501
0050cf4
7ff2e31
00721bd
7fd7a63
7faf0f2
000f855
7fc4a8c
004021f
7fb2b07
7fe159c
7f9ebfb
7f83b82
0003275
7fb2bef
7fde447
7fb76e7
0024753
7fe4886
0067a3c
000600a
004eb10
7ff30a8
7f70ff3
7fbace5
7f78f41
7fcb835
7fc1d1b
0019314
7ffdf31
001539b
7fd9366
7ff04bf
7fd4f43
7fb070b
7fa076d
7fc5ecd
0014c3d
7f6e7c1
001ab28
0002dcc
0049f48
005e9b9
7fdf886
7fe5030
7feb9bb
00335be
7fff011
7fa3386
7fe99cb
7fe0649
7fc071f
002b58c
7faadf0
7fe076b
7fd39bb
003d723
7ff3231
7fa8f42
00729f2
7fe43e8
7fa1c7d
7fe19f2
7f93477
7fe45dc
7ffd030
005bbf9
7fd882b
7ff7d6c
7fcc388
0015c97
00297e6
003c30c
7fd627d
0007bd9
005fdbe
001aa23
7f87524
7ffdcdd
7fa12cf
00299a3
7fe0f34
7f82fb3
0007223
7ff5f31
7ffe0ff
00557d1
0006179
7fc0545
7ee1ef4
7fff476
005c958
003084f
7fad53f
7fe4ab8
7feee84
0058d9b
7fd160d
7eee189
7fac594
7fdca9b
0035bfa
003c772
00075d0
0068e6e
00789f7
0030e58
00448f8
7f4a3db
7fdc160
00025b1
7fd49d0
7fd95f5
002fc0b
7f3208b
0019ac9
002bb86
00032ff
0043a0f
0082940
00033c2
0003171
00185d7
7fc6a65
0021908
00007e8
0004e9c
7f85291
004c29f
00180f4
0000959
0028064
0057578
7fe4fa8
0031b5e
7fb3806
0055d99
003ae1f
00178e5
7fea827
7fc2160
001beb2
7fcb366
7f47e21
7fcdbde
7fc07b5
7fa8ffc
003862c
7f91e2a
006d4a6
002458e
005607e
00316a4
7f67381
7fd03c2
008c6db
7fb097c
0051c49
7fbb86d
7ff07b9
7ff78af
0011cc5
002a74e
7fde733
0065b92
7ff7fb6
0016245
7f6dab4
7f885da
7fb47d0
0051fa0
001adf0
0065b80
0069833
7f71973
7fd8393
002aa0f
006a44f
00178e8
00272ec
00a375b
007b852
0042f58
0010b2f
003aac2
7f86e3e
7ff6d4b
7fd5bc6
003ab8e
7fc9a21
7fec0ed
0027267
7fce46b
7fc26f8
7fa81d0
00c9f14
00588c4
7f54e7f
0006ff7
7fccc8f
0005bc2
0076c28
002992d
7ffa8c8
0061784
001f412
000e217
7fc6428
002fc07
7f65024
004d0b5
7f38b46
7fecac1
00707d2
7fcf35e
7f7fbc7
7fde60c
7ff3345
7fa2547
7f575f1
7f9ea17
7fd1f26
009d7e0
7fe0753
7f63942
0047616
0090a18
7ffbdd3
7fd9687
002db14
0028f9a
003024c
0023ac8
7fc589f
001722a
7fa0cee
7ff47dd
7fd2fa7
7f93c3e
7f77baf
7fd5d29
7f41a6e
0095860
7ff610f
7fa572e
7fc5502
005b36c
00c3cdb
00482b9
001db7b
0086191
7fd5b8e
7fef0d1
7fa85d4
7ff6919
00075dd
7fc6291
00002a6
00267dc
7f990e0
7f8be1b
7f707bc
000fb92
0032e6e
7fa387b
7f95f6f
0002fdc
004039a
7ffa0c9
0017e7c
002a0d1
0000f4d
002ae63
00080bd
7ffb3ff
00317d1
7ff1215
7f30e37
7f59f39
0032094
0073893
7ff659d
7fe5fd9
7febc15
7fb08a1
7faf6e4
0029c7f
7ff3a70
001f1ed
7fe5982
0050f9b
7ff3f41
004158d
00546a6
7fd7d12
7fb4225
7fe9165
7fce8ed
00be049
7fee344
000f12d
7f7740a
0000b01
7fcd8a6
0022fb0
003c621
7fde236
7fc005a
7fda0e3
00434db
7f3b61d
7feebae
001463d
007d2db
7fa047a
001a14a
00312c4
7ff76ab
7fe8a1f
0062ebf
007d9d0
7fc0eb2
7ff294e
7fb48fe
00756ae
7fc537d
001f320
0058f5d
001d3ca
0018808
0013264
0021cb3
005c072
7fd9308
7fddf37
7fdec21
7fe83df
7f9cb79
7fc1995
7fa51d2
7fb2187
7faef67
7fed08b
7fadf14
0059c0e
7f67571
7fb74e9
7f9366e
0065f2f
7fcff63
7fdfd56
0065663
7fe1f7d
7fcca5a
7ff90d3
004c867
0026ec0
001ea28
000bfaa
7fa4c1d
7fa5dab
000d056
7fba6a5
7fe6efa
0094190
000c1a4
7fb21c7
00333d9
7fa0060
006b4b3
0031fdc
7ff254f
7fc5a99
7fe4c93
7f91004
7fcdf19
7fd242c
7fd23f6
001ba6f
001ea52
00e11a7
7fe7dca
002ab7c
7fea9ab
7fd6eb1
000b0dd
004e9a8
00088a7
002489f
003e23f
00ac1e2
005ba9c
00a20b6
7fe5d31
0003463
00662a6
7fa633f
0007b7c
0059380
7ffa3ac
7f97618
7fe70f3
00159cc
00215c3
7ff9ff6
0007be2
0018df3
7f5bfb5
7ff175e
7fe7049
7fceb5b
0087a99
7fb4836
7fb6784
7fd4d19
7ffc726
7f6137d
004baeb
7ff08b6
7fff97f
001a310
7fc2fca
007991a
0033a7d
7f22e2f
000b658
7fd1548
00055b3
7fcd74b
7feb603
00413f7
00c9c50
0039138
7fe806e
005cdc0
0073644
0046f23
00029a6
005fc2c
004d864
0010959
006fb41
7fdc58f
0011385
7ffe7b1
7fd388a
00270cf
0023e64
000d89f
7fa1b06
7fc36d3
0056704
7ff4be9
0066a3f
0005b3a
7f4a2fb
7fe3d71
7f5bc0b
00125a9
7febd05
00532b3
004ea0a
00270b0
7fee37b
7f88469
002dd79
7f8c153
7fe8532
7fd7e27
7fcc1fb
7f97204
7ff9193
7ffcf67
7ffe1d8
7fdaee6
007daa0
001ace6
7fd3b5f
0028178
0029ac7
7fc3163
7f7aaec
7fba887
7fbf08a
7f495ba
7ff533e
7f40d53
00a2833
7ffe965
7f88bc0
7fc443f
7ff7acf
7faf13a
0071874
7f5a96d
7fdc5ff
7f8fbea
7eee425
7fc1d0a
7fabe31
00085b4
001da76
0060909
001fbea
0042690
7fb55fd
7fb42b7
004552e
00394f8
7fc8613
7fd622a
7f853b0
003d734
0074da0
0007e3d
7f6c385
000ffed
7f47f78
7ff8a1b
004c61d
0044cbb
008ca68
000bb33
7fe7f4f
7f69179
000925b
0017bea
001aaff
7fe8c8a
0029dff
0096f77
7fd9e79
0025323
0029688
005b981
7f70424
002e1c0
00692ac
7fcbe47
001e87b
00dd1b7
00298c2
00a8bc0
7fe84a0
7ff9e3b
001ddc3
7fc517d
7fcc113
7f95930
7f315fd
7fee2b6
0062e48
7fd7b1e
7ff1472
0001065
0004ad8
0027665
7fb04af
001ef25
0028144
7ff4b8b
7ff8161
0019b24
7f3d0fd
002e76e
004453f
002c91b
7f6c596
7fc662a
003851f
7fc24cd
0059b20
7ff4875
7f68e33
7f56629
00070f9
002ac15
00e0930
7faec27
00343f4
001b38d
7fe1e55
0004030
7f6c576
7f7d7d9
001ee14
7fc9bb4
7fbceee
0032fb1
7f85e08
7ff14de
7f86b85
00483e7
004bb7b
00742d0
7fba603
7fa088b
7fffcc6
004af89
000719e
7fba4e4
00a53bf
00392e0
0018de7
7fd8460
7fdb58d
005b472
7fbed1c
002232b
000e24e
7fd938b
0011685
7f9f0ea
7feaf67
7fd5359
7f7978e
003fd6c
0021ec4
7fde959
7fbeb6b
009c9e2
7fd50c0
7facc21
0067dd9
7f73cfd
7f8ca34
7fbb959
7f8dd09
7ffcdfa
000ac3c
001892f
7fee4bc
0036700
7fb8505
7feed5c
7f785fe
001c1d1
7fc56b9
0006e61
7f9b782
007fbc2
000f60c
003c76a
7fb5a3a
002663d
0022dbd
7fc37ae
005e617
7fa5701
010f105
7ffe69f
007fdfc
7fcbff4
7f973d0
0027ad0
7fbe5cf
0000da8
005ee32
0033722
7fcf173
000fd6d
7ffc2ae
005926b
7f2b09d
7f980b6
0038a09
7fe20d5
7ff2a8b
7f5e940
7ffb653
7fa7561
7fc3074
00407ce
7f82034
006daeb
7fb30d3
000c4e1
7fa7bd8
0045afd
0021aa2
7f96a63
7ffc7e9
7ff5968
7ffb3aa
7f56a63
0079d82
00ad908
001a85a
0065c71
7f65fe6
7fe5cbf
7feaaeb
7fffa32
7f8e101
7fdebaa
0055160
7f86967
7f3e3d0
7f4df5c
7fbf41d
7fb3a3f
7fd0eed
7ffd54a
7fd5947
7fffd5d
0055070
0029e9a
0083c07
7f9cd2d
7ffa574
0014564
7feead3
7faf05b
0074e3f
7febab3
0079ab3
00111eb
7fe882c
00642a5
7fe89a9
7fc0827
003863d
004351f
7f2dda4
0012f25
7f9c902
7f968aa
7fd9200
002cd1f
7f99265
007e0c7
00691c6
0059b29
005c5cf
0039ef9
7faf316
7fe813e
7fc809d
0057d5f
0019148
7fbd913
004ee72
7fab387
0070da7
00bc65f
7f553eb
7f81562
7f80bc6
7fcb977
0024ccb
7fa656b
0026cb8
001a82f
00fc605
00119e2
7fafe3c
00a7b14
7ffcb96
001c3ed
7fea338
00011ed
002de0b
0056a6f
00073fe
7ff6c9b
7fd7ac3
0042081
7fe51ca
7fc1797
005cc11
7fbeb14
00354c2
0073c62
7fc4d91
7f6f807
7fdb181
003e4ea
00a2ab6
007ae20
7f9b805
7fcd02f
7fd1821
7f51509
7fcb543
7f81071
002e51c
7f9026b
001f90c
003462b
7ff0b7a
0030353
7ff3567
0050cc4
00c495e
7ef3035
00851bf
0013779
00021a8
7f914b4
004c308
7fb557f
00385e0
7f7ea14
001574c
007ee8c
7f968e9
00aea9f
0073bfa
00d1c18
002824e
7f6ad8f
7fc4185
0033efa
005700a
7fdf8b5
00578b3
7f57747
00226a7
0016b20
006216c
0067b99
7fcea68
0077a20
7fcc612
00005d9
7f82acc
7ff7d6d
7ffd02c
7fac566
00424d5
7fc71e7
0036adf
0058b7c
0020cbe
001ece4
00671fe
7f8a977
009ad26
007b8e0
7f9caa1
7fd9ffe
001e184
005d775
0017b6a
7fa069c
7ff64a8
7fc96f7
004e55a
7fc48a7
0018ad8
7ff1f3a
003b864
7f9204e
003f326
0006161
7ff972f
0021c24
7f564a0
008ba25
00845fc
0097210
7fc7374
005cc87
7f71346
7fdc02b
008f566
000b26b
0028e6d
006a147
7ff5abf
7fc5b35
004ab12
7fd2a2a
0050f0a
7fe252b
000f017
7fc15ee
00574c1
7ff86be
7f9e08f
001353c
7f6a407
0076b71
0035f2d
00470e5
7fe3799
00203a5
00526dd
7faad5f
002d5d3
7fe86c6
7fe96c3
00049a0
7fb7cd0
7f8f7ac
7fcfcf4
7ff8c19
7fbd0bc
7fdabbb
003d780
0030b16
009e841
7f4f204
7ffd455
7fc0e44
004f045
00bbf0a
0004481
002155e
000b05d
7fe6b73
7fcdc98
000d6c2
003d47c
00d6b62
006294e
00a591c
7fdf4d1
7fb8d1d
7fa3163
0038a52
7ffaf3b
0016e2c
008ee13
7f8ee9f
7febc54
00273a7
0015443
000a790
008b491
7fceebe
00d0d48
0026306
7f9f7eb
7ff26e2
00343d8
7fed47a
0080739
003880c
7fe55a7
000eacf
7fbc717
00383ae
7fdf7f1
0018d71
7fb2536
010b729
00005a2
7fdf81b
0051fa7
7fbe867
7ff8232
7fcac11
005529d
7fea9cb
002a7ce
7fde66d
7fcb509
0047f6e
7f891e7
005d378
0043bbb
7f7c4d3
0042ed2
7ffdcdd
005cd8c
0015278
7fdcae2
0037ddd
00815a4
7fe6e75
7fd99a0
7f866b2
00426e2
7fa5d34
7fe1629
7fb9489
005e0d6
7fd9114
009b75b
00957e5
7f67397
005a078
7f84c75
0045e36
7f6bbb5
7fb2cd9
7fa19b6
7fc914a
0022dbe
005ad51
7f981d8
7fe6923
0024020
7ffa47d
7f92b64
004504a
7fef077
7f94035
7f72b45
006ccbb
7ff8ba8
7fcb79d
0064d90
005a3ff
7fc5d5b
0020a85
0038518
7fdd7e7
003d070
7fe320f
7fa37f5
7ff78cb
7fc3e0d
00166e3
7ff457e
0065459
0044625
7fcbf26
7ff01f4
7f9fb6a
7fe5fad
7ff039e
005b735
00d53fe
7f95c2c
7f78167
007b8b2
005e69b
7f84f08
7fbf431
7ffcc4f
0030aea
7fcf796
7f77625
00579e6
0051ca8
7f62eaf
7ff8410
00a6543
00513b9
0009e62
7f44bf0
7fe0fed
006b1b5
7fed24a
7fd23e2
7fe8a01
0039bd1
004da7b
7f99d7e
0035db7
001c426
00486e3
7fde2ee
7ffcc39
7fcd3ee
7fe3329
0091608
7fd98b9
0040b11
006b720
004d907
00379d9
0029746
005b1a5
005cc71
7fe6104
00347d6
0019dac
0011515
007374a
7fd6e18
0011361
0055989
0072e8a
00093ab
0056a6e
7fd9188
00521ac
7fc9848
005303b
0016b7a
0006374
00098c6
007de90
7ffcac4
7f966da
7ff2104
0057f1e
7ffdbf0
0070f32
7fe0856
7fb2928
00bb7a6
00c2955
7fd5f04
0012572
7fbf776
7fa3d77
7f9db68
0038fc2
000bace
0004421
7f458f7
7fb834d
00157c7
7fbc23e
7edab73
7fd1710
7f92c3d
7fee42a
7fb15e2
7fb120d
006842d
7ff99a3
7fe4598
7ff4459
7fcb9b4
0052346
7fe1f60
005ca92
7ff4ab7
7f9419f
0010a89
0001d3b
0003efc
7ff639b
7fe13de
009098a
005ebae
7fa52a9
0001e7b
7fd847d
7ff7fbd
0060f0e
00d84e7
00042f7
7ff1fee
7f7bba0
0011123
001908b
00bcec1
00708de
0015f61
004d3b3
7ff4f14
0006151
7fdafb5
7fc1d4c
0007efd
0084fe3
00da09b
007be04
7fca9ec
7f72267
7fffc7f
005bb89
7fe8d20
0009c65
0018249
7fe4c38
0012a2d
0050f50
002c950
7fc69a2
0007722
001136a
004e584
0061e84
7fea540
7f914d3
0035e97
7fbd6ce
7fb81c4
0023a18
7fca749
0002bb4
7fe939d
7fe372d
005581c
7fdf613
003e85f
00aa70c
002b048
7f5e80b
7fdcada
00ab563
7f99c5d
7fd0a4a
7fbb2a7
7fdd8d5
7fdae7b
7fe4a2a
7f92348
004e018
7f81eb6
7f9c497
005baa8
7ff19b2
00097dd
001a82d
0054c80
008c099
0013852
00a7656
009002e
00179da
7f65166
7f6db30
001c6c1
7ff41be
7fee9e4
002cf13
0000f87
0040620
00570f8
7fbb130
7fe9c65
002c191
008ba9a
7f7c00c
7fb039a
00380c0
7fd007a
7fe4b7a
00a09d9
001c459
005282e
000689e
7f0a13e
7fe3ba3
7ff0873
7fefc7e
0050b91
7f5ae67
7fddfe5
7ff7294
7fd0e02
0079bb5
7fddf26
7fdb0ca
0053724
0040ee2
7f928d0
000d030
00896a0
7ff15ec
002a63d
0088ea5
7fe312c
7ffdacc
7fd24ec
001a342
7fe6258
007d6b0
001ea3d
0059eab
7fd2c92
002f506
00c271b
0057090
7fc7592
000b071
000dce2
0029974
0041034
002fc9e
7fc0c57
0057d2e
7fa80fc
00e09ed
7fb3eea
00372fd
005c658
002db49
7f26c0d
7febd88
7fe576a
004becd
7fce8e1
0012ef9
7fce89a
7fce249
7fd463a
7ff982a
7f83e43
7fe17e0
7fcbf14
001e360
00037b0
0013a8a
001980a
001a34a
7fb0508
0095d78
7fa771e
7ffced1
7fd58b4
7fffc89
7f2d722
7fcb054
7f9fa79
004b21c
7fe24a3
0060596
004f515
7f52b28
7ffabc5
00139bc
7feba4c
0067665
7fe9e3b
7fd0431
00bbe96
001d040
7fd1a44
7fe2080
0032d8f
7f6e802
7fe6e42
001984c
003b359
7fde690
7f81c55
00357e5
7fc2e5b
7fe4bb2
7fc0cee
7ffe2f8
002769d
7fd7dc5
7fbae7c
005f90d
0074cb0
0022099
7ff5d99
00439b0
0051486
001515a
7f38ce0
7fe35d0
7f97a7a
001a278
7ffb39e
7f59549
7ff4c45
7f41b0f
0030ccc
002d2df
0068d2c
00553d6
7ffc0b3
003abbc
0077fd8
003717f
0061396
0008f1c
7f8fcd1
7faf086
7fc60aa
7f92e22
0024783
003b0f0
001e55e
0039620
0009134
0003cb5
7ff8d82
00688b6
7ff9726
7f5ba19
7fbe208
002da1f
008dafe
7fd0b24
7fd4596
7ff9143
00370ad
7fcc31f
7fdc7d8
005a260
005fe6a
7fdcbb1
006ea1e
7fcdb3c
7fd1025
7fc6a9b
000ae69
7fa410d
7fdac77
00350e7
7fe54fe
007a942
001a9a6
005d1ad
004a414
0051b21
003dd3f
002b5f5
7fc28bc
7fe3502
006c2a1
7fe56ea
0035fcd
008940c
010b68b
7fd8b72
00327e0
7f7fc95
002574e
7fd0755
7f961e2
7ff5fa6
0023661
7ff46f7
7fdfefd
00938ea
004a65c
00207f8
000af81
7fcd3a8
00541fb
7f9d4e6
0034b96
006aa32
7fc6a8d
0032b84
7fe7eca
7fcce57
7ff8e0e
7fdc594
7fe7792
0032037
7fd5561
7ff632f
7fa17a8
7fb2fc5
7fe8862
7fb7314
7ffa62c
0030101
006ef5a
0020bf8
7fede07
7f530e8
7fe4626
00080ce
000c4de
7f9cd3e
004eacc
7f9e41f
7fd8289
00432db
008ef14
0001a9a
001f328
7ff31ea
7feaca5
7f57155
7f5fd9d
7f9b189
7ff6305
00303d8
005e8ec
005c9e7
001c95d
0004e27
004ca13
0008e23
0002615
0087050
0051aff
0097f06
7fcceb1
00750f8
7fa18fc
7faf350
7fc9ef4
7f86edb
7fa606c
7fd7dad
0096e0b
001ea34
7fc846b
001214c
7f6b80d
0083334
7fc4de4
001272c
7fd1f07
000b6f4
7f86851
004c644
7fd398b
004c3b1
7ffc479
0037fd5
7ff86a7
7ff45dd
7f99e16
7f9c847
009d2d2
004efff
001ac8f
7f9acfc
0086343
7f5cb22
7f73ba2
7fa8c89
006a07c
000f885
7f9cfff
000ea88
0078f85
00687ef
000d6e5
0066cb9
002a576
7fb8e42
00111c0
008606a
005736f
7ff53bd
00856fb
7fafbe5
0019afc
7fd506f
7f654a1
7f0e7ad
005447c
000c842
7fe6a28
001bd1b
7fe4de0
0070628
7f456ec
7fc8b9b
0009401
0046846
00223b1
009afaf
0090110
7ffa4d0
7f93919
002f77e
002a0ab
00b506f
0010559
7fcf368
0012020
7f9eb0a
00749ad
004a2bf
7f59854
008e6b6
7ff873c
7f728f0
7fe2e83
0020d69
0056894
7fdc836
00460fc
7fdaf9a
7fa9bf4
0072467
0003c95
0086b8c
7f9699e
7fbce2b
0032bee
0073fc5
7fe7785
7fc591c
006b6fa
004572b
7ff28c0
005fa51
7fc7397
7fd73da
7fd707e
7fccb1b
0029b89
000fb49
000348a
7fc4159
7fba973
0039b9e
00347c5
7fb85be
7fe4db1
7fcc758
7fdd903
7fc21bf
0038a51
0011da4
7fda1f3
009e135
0025e7c
00277cd
7fd07bf
7fdb6e2
7fac76d
7fa1ad7
7f7d9fb
7fd9872
7fa5d09
7fc518f
7ff06e7
7ffce0f
7fe2fcf
0008a12
7fabec5
7fa6e30
004fe8c
7facf60
7f96970
00456cf
7fe96ec
0001767
7f96bdc
7f59209
00504a9
0036934
7f81fc0
7fa6010
001e333
00707d2
0063331
001fb10
00398bc
7ff4a13
003bfc3
008aa86
0092891
00492ad
7fc1374
7fdfa85
7fc624f
7f6cc0e
0011676
7fc12bd
004ca8a
7fde5bf
0001af0
002885e
7ffc98c
0034bb4
7fd18c1
003a43e
0047830
7fcf24e
7f1d666
00a0cb9
005d6b2
005d8a5
0031320
000ebc4
0073061
7ffd907
7fdadad
00147ac
0028690
00410a3
0086c69
7fda6bb
000cd19
7fdf40e
00863df
00397eb
004b1ab
7fa0ad6
00618b0
0087f6d
7fa8152
0037e20
001546b
7fb495f
0033cf4
0082aff
7fa6948
006cb31
003c340
7f9eed8
7f13ee2
7fc0dc2
7f3611b
7fd51e5
7fe0f7a
002a1af
001e5be
0017ca8
003398a
002137c
7fec89b
007fff2
007f438
0046335
7fd23e4
00706ca
7fe7070
008f796
00620c7
00a09e0
009c073
00270d2
7fb6c1f
7f74d41
000cf24
009de0a
7fe1c39
001ea3d
006243e
7ffee1a
004cf1c
000a8e8
000c736
000d15c
0003261
7fbf5bd
0000d6e
7fcd71c
7fd50e4
0024a7c
7fccdb0
007c98e
7f473d3
004b6ff
7f8aca4
7fd240e
7ffe22a
0049f2c
003b8b9
00093e7
00166a4
7f96106
001e9f3
7fc9da1
00338ef
7f5ce28
000b9dd
0047aed
00478dc
7f60017
0052aa1
7f3b243
0040ab6
00316da
000e5d6
7f2e582
006f32c
7f2bd04
7fbb51c
0037c4c
7f6d9cc
7fcfe94
00415fa
7ff1e47
7ff938f
002045f
7fbb879
00ce675
00035a8
7ff5bb0
000b8c6
000b7d6
7fa5181
003e74e
0050156
7fe24ba
7fe6dfe
7ffc138
000ab90
7fccc93
7fe32dc
006bc00
00457cd
7fda2b3
7fd6fb5
0001082
7fdc33f
7fbc11c
7f4218a
0050747
0083305
0046a51
7f99d60
00265a8
0045100
0011457
7ff3e84
0002599
0040ae8
007ee80
001c8c8
000029e
0026520
0004c61
0041d37
00b4adb
7fbfcd9
7f765eb
7ff7cfd
00192ff
0039ed0
7f9b46b
004d6cc
00282e7
7f4f653
004234b
0090fc3
7fed52b
7f92015
7fd5617
00120c0
7fed36e
003d27c
7fc6209
001de4f
0087646
000f657
0048906
7f7c621
00280f2
7f8099e
0050d60
7fb1a48
0064a88
7fb78a5
7fd0aaa
7fb8643
7f52822
7f9ef86
000b86a
0080dfa
7fce862
7fbddc3
0059bcc
0004b41
00195df
0081b43
7ff7b8f
7ffb2ed
008e252
7fdf40e
0096543
005eebe
0001a22
0091942
003bc9a
007e1f6
7ff6952
7f7bda2
0064a4e
7f48262
009f340
7f9eea3
7fe2e22
00303e0
7fe21ce
00192ca
009556b
00283d2
7fe3c26
7febe43
000c87f
0061c9f
7fd8b28
00d74cf
0076233
7ffc7ba
7f9c0e3
00374ba
005023a
7ff5192
002f150
008e9da
002a0e4
7f7665f
7fbc7f3
0040fba
7fa3bb2
0047ff2
7ff1b16
005df4c
7fbde51
00422c9
7f956c2
00053b5
008cb71
0003e0a
005f1ea
000f015
7ff11ac
00db58e
7f971ed
7fc9aaa
0003cf1
0007deb
00253bd
7f846b1
7fc901f
003bab2
005c162
7fab718
0047a6d
0019dba
001d389
7f680f1
0004c95
7fff23e
7ffa1ea
7fbf91b
7ffd61d
0092788
7f004b3
0003f1f
7fd58b8
7fdffb9
00679c9
7fb3531
003f163
00372c4
007600b
000505d
004840f
7ff7d8f
001e1c9
7fe03ce
000c4db
7fe6a37
7fd2ab7
7fdbab1
7fc8587
7f928bc
7fc7768
7fe85ce
009b9a7
0000ff8
000c494
7fe7b5c
7fdb57c
0028af6
7ffb55a
002244c
006933a
006bb1f
0006e53
7fed9b4
0028739
7f9a4c5
00874c7
00c572e
0041e57
00362cb
0015c75
7fd50b3
7ff36c4
00127a9
7fc72aa
7fcf994
7fd08a9
0015621
7fe51f6
0081488
7fde594
0039df5
7fe870d
7fd1ffa
009aae8
7f48875
0037ded
7ffff67
7fda466
005500f
005bbc4
0003d84
0090cf0
7f6aa96
7fe8d33
7ff3907
00044ef
7ffa7cb
7f505a3
003dc04
7fc5963
7fa9391
7fc43c2
00406d7
7fb909c
00f9a30
7fe58f6
7fc4d7d
7ff6691
0047e04
001e9ff
7fd18c8
7faa0de
000c0e4
7fa90de
7fc60e6
7fcdeb9
7ff25fe
0018add
7fecb55
7ffce5e
000cb0b
002a50f
006da07
7fe3da2
7ff8ca0
7ffe6ba
003fb71
007d05d
000c475
000620e
003b9e0
7f6bff2
7fb6070
006e39d
0008d62
7f6cb69
7fa3565
000e12e
0007d3a
7fc3cc3
7f769f5
7fedf79
7fe5648
000a03a
00598d2
7fc244e
0077027
7feb932
7fb3e45
003fd7a
7fdd843
7feafa0
0007a3d
7fb284e
7fb2f1e
7fa6cee
0047fac
00c50da
7faf223
7fd2540
0005000
0039bdb
006fcd0
7fd6530
7fa7952
0051a54
7fe989d
7fb767f
00120c7
7fadeff
0008230
7ff5616
0038e99
0011eac
7f86e8b
7ff628b
0054152
7fd8c80
0004c69
007ecb0
7fdb20b
00668b5
005a910
7f7f7c5
0069cb2
7f933fa
7ffc443
7f98aaa
00aaf70
7fe4ede
7fdc9dc
0040941
005c6f0
00397db
0035632
009e360
008fcc2
008998a
005c7bf
006cf1e
7fb3388
001ce57
000e85b
7ffdea3
00393c4
7faa984
7f9242d
00517e6
7ffbdae
7faf08c
7fc7e86
003219f
7fcf7d4
0054af7
7f8714b
7fd8d6e
003311d
7f8a660
7fce3d9
7fe5a68
007afe6
7fec715
7fbc6cd
7f76533
0014df8
0025e4b
000d7d3
7fa61d0
0075072
003d699
00a13ca
005c664
004330a
00757ed
7fd19fa
7fa8fb5
0057c59
7fc8953
7efb124
7fc895e
000f3bf
003ce11
0056c15
7f696ca
001b913
0042011
7f9d818
00b02e2
7f763f5
7ffaa02
7ffb52d
004a9cc
0052712
7f5927a
0059078
7fa1e03
006ef08
008ba95
7fed9bf
002bff1
7fdb4e1
00506d5
7fcfb41
7fde2e0
7fa7488
7f96263
7fffbe5
7fd71da
7f93f78
0030132
7fec27d
0026792
0097070
0094c88
006a0c6
001195c
7fe76d3
7fe998a
00b8dda
7f9e89b
00010b1
0002d6e
7fc14fb
7f7d987
7fab0af
7fb2159
7facd41
001d24a
005147b
001035d
006b0f7
7fe7c70
004b77c
000d7e1
7fece37
7f88517
00351c7
7fbf0f0
7fc0fd4
7f90cdc
0031a95
7f68e64
7fc9414
003acdb
7fbcf4f
7fdd918
7fd369e
7fa2e10
7f88e92
000cb6f
003423f
7fe908c
00362fe
7fc73c2
002cf7b
0027f45
0065604
0064846
7fac260
7fcf899
002649d
7fe10e4
7fb6c6b
0036217
7fcd28a
003d779
7fcdf1e
7faf4af
7ff95ef
7f42ec7
0045c74
00999c6
7f9b9ed
7fe78d5
007aa12
003007c
7fcc221
0060c1a
7fcd29e
0051b8a
002e004
00050b4
00141a9
7fd0acd
7fd4519
0028812
002338a
7fb9f70
007d28f
0058e97
7fb2f33
7fa8eab
001eb16
0014416
0019eaf
002282c
7fb13d0
7fa2fe7
7fabc72
002944d
7fdd607
7fe2920
00344da
7feea06
006ce2e
000b82c
0020b0b
0002b4b
0010d49
008e5a8
00004d9
0022a13
7f93e59
0091b45
0027932
7fba708
0048de8
7fae783
0007d4b
7fb8352
7f4ed0e
007c912
0061810
003f581
003836d
7fbfbf4
7f8440a
00829b7
7f726fd
7fc3587
7fa8d85
7fbc96f
7f7c464
7f67dde
7fac4bc
00099dd
002554f
7fea6f8
7fea447
001fa21
0050f15
7fa002e
0096009
00951a3
0027122
7f93b1a
0060f62
0048ef1
004800c
7fba561
005df87
007aca2
003ef2c
005d802
000b4ca
7fd0155
7ff9eb1
7fe8cd2
0040355
0058388
7fa9a7e
0023eb5
7fd3092
7fd90a7
7f71c96
7fa49c8
7ff0411
00004f2
003db54
7fdeca8
002345c
7fc2781
7fd0715
7ffbedc
0034550
7f7b30a
0034cc8
7fc54ed
001a06b
0076b89
005e542
00643f0
00297c3
7fe0e32
003af14
00857d1
7fca9d6
003750e
7f94ece
7fe46f0
002a619
0030495
004a17a
007979d
7ff804a
7f65fd1
00c50fb
7fc94dd
004bed7
002e587
7ff21a5
7fc2f04
7fbbbc4
7ea9a37
0041c81
009d525
0012b69
00d4607
00229a0
7f6d73c
7fe1067
0015ac7
0087ab2
7fd0c1a
000f683
0002b2d
0003125
0007594
003e319
0047af1
7f841b1
7fe5bde
7fe9975
00711f0
7ff1005
0010ef1
005f574
7fc0778
004ec5e
0001c29
0045ae5
00414c6
002dfdb
7f98064
0092036
7f5883f
7fd3cba
0011cf7
005b3ac
7fcf0e7
7fb0585
7fadfbf
00b192d
7fce309
0088cbf
0010ab3
7fdf67b
002683d
00bf52b
0062936
7ffe79f
0044ce5
7fc14db
000a41e
001a08d
000b6f7
7ffb87c
7fe7d61
00082f1
7ff62a5
00beb11
003c640
7f98d74
0062ccc
7fc66ec
004e930
7ff5e71
7f90e5c
001faa7
7fd6cde
7fc62e6
007da28
0032388
003a3a3
7ff7118
006a5c7
7fbf5ea
0058be7
0063323
0076ff8
7fc40c4
7ff96d9
7fa29d7
7f43083
002e637
7fb103f
001e557
00462c7
009e23f
7ff48d6
7fcbf31
7fb89ab
0016bda
00106fe
7ffd468
001c07b
0039b01
7faaaac
0006158
7fcd887
002e799
0018939
7fe3684
7fde371
003aba3
7f9143f
7fe0744
00049ec
004e1cb
005ecc2
7f6427c
7fcaeb2
0034010
0003b20
7fe73ca
7f7ec01
00443e7
7fffb25
7fb2ac4
7fec10e
0097842
7f5de67
7fc51af
7fe91fe
7fd576f
0024657
7f94ab8
7fe42fc
7fd1970
00d0594
7f6bc78
001f34b
002ae03
7ff29ab
002a5af
7fff24e
0039e60
0027800
7fa704d
000fa45
000192a
7feec43
7fff478
7ff3dab
00090b4
7fe41fd
7f6304b
7fe1a75
7feee50
7ff5cb3
7f84bc5
7fd929a
00707eb
7fdee6b
7fdb6ba
7ffdab4
0036677
003c416
7fed6e7
002edc0
7faef91
7fa14fc
7fa9363
7fe769b
7fdf36f
004c4c0
7f52906
7fb5a36
00dc75f
003f3bc
7fb4570
00693f8
7feb103
7f8abe1
7f8103c
002401c
7fb915c
7fa3ab9
7fc63fb
006beb5
002bea3
7ff0d2f
0039e28
7ffa3f6
0082835
7fa6a4c
7fca789
7fdf335
001ddb8
7fadb6f
7f4ff8f
7fe0473
7ffce25
7fb00b2
7f9976f
7ff5ad8
0043d52
7fcfade
7ff2dcf
7fc94f2
7fe2d7f
006636d
005dd8b
7fd1a63
7fc35aa
001f160
7f9e302
0088af1
0015f1d
7f904c9
7fff1aa
7f9bfdc
007485c
7fbec9d
006e95f
7fc40db
00385f1
004f3c7
0000ae3
7f9ed02
7f6c82b
7ffb0e4
0079ff1
7ff1e23
003a756
005386d
7fed48f
0048ffa
008a4a0
002feb5
7f54c36
7fa9f79
7ff9920
7feca7e
006b443
00888c2
7f7c597
7fee201
00207ad
009a5a2
7fa361e
7fbd30c
005262e
0017527
7ffe0ad
7fc0ca1
7fbe881
00a341f
7ff3021
0027ef2
7f9b7bf
003790e
004e254
0007336
0013c45
7fe0139
000068c
7ff1a2e
7fc7e76
00300f0
007c712
7ff946f
7fcfcfb
0064904
7fca128
002be16
7f4bd47
7fd3a29
001906f
7fa7cb7
0013d73
0031492
7fa5586
004415b
0005c9a
0063427
7ff7953
00acb43
7fa429e
7f771bc
00b5d7a
0015608
7f8d8c1
7fb78c2
7fc2acc
003f792
0095f1b
7ff452b
001faea
7ff1447
0047ead
0060d1b
7fece4a
7f93d6d
00080d1
007fd7e
7fe0567
004c307
0061c4a
7fca38f
0098a60
7f5d959
00462a0
7fd7b97
0030561
7fb2acc
002f172
7fea738
7ffc4e7
0009ce6
7fa1fd8
7f8fcf8
7fb2cf4
0015e27
7fb9cb2
7fd0aa9
7f9d82b
0050d23
000fdd7
0050f45
003c2f8
7fae4c9
7feef89
003d8d7
000cb0d
7fef2d6
7f5c032
7f81a22
002a65e
000cd20
0004b14
7ff9e5a
00942fb
7fb9355
000376c
00aa684
7f826e4
0032bc3
7fd7cbe
7fdf00e
0011f77
001c2ca
005ec03
7fb82ef
7fdcb76
0073766
0026be2
7fcdd94
0012b21
7f691ae
003a649
0006862
007b383
0030827
7fb0554
0060062
7fa5d26
00e18fe
7f9de03
7ffa208
7fed412
0046934
0068402
0061e12
0042673
00166a6
004086f
7f85268
7f7f249
7fbb2bc
7ff7caa
0096387
0017519
7fe8a38
003b51b
0016a1b
00bb5c3
005821e
0056f24
7fe6f90
7f91717
7fbd872
7fabf45
006a387
0006276
7fa4670
003f097
7fcc9f8
000ea82
004f0e0
7f9ee9c
00038cf
002abc6
7fd0b85
7f9c719
002b686
002815c
7f6ca3d
0072702
0012942
7fc9312
7fe4a71
003655a
007006d
001f0d5
0085e5c
0003e6f
00068a4
005e44a
0042e14
0000709
7fd4f24
000bcff
00b1f4a
7f7a68a
7f5e3e0
001d2ca
7faec97
0028bc5
001838c
7fcc710
7fc2c3a
0052233
00490b7
00034c2
000fc69
0025fa2
002023f
7ff1a1f
0003020
7fffef4
001b6cd
0067a5f
003f493
00cf07c
7fb98b3
7f692db
00805aa
00290d5
7ff10dc
0069c81
003f42f
7ff6006
002f019
7fe9b0d
7fd441d
0023fcc
7fff11c
001aad6
008cf7a
0035453
0003795
0011a62
0024db4
7f56209
7f69a06
00475cc
7feabd5
7ff681a
0034a0b
0015e55
7fcf359
0036e9a
003e45a
7f92128
001b051
001ec68
7ff45e7
7fa5358
7f88770
0071a1c
7fd0949
0042fc2
7ff675b
001b7be
0064945
006db19
0018ded
001f81b
7fd69e8
7ff0b7f
7fa58e7
0013531
007f2d0
7fc3b9f
7fe3090
006c4e7
7ffaf87
003494a
005b7e2
7ff027b
7fbbfce
001cc7a
0049b7b
00632aa
7f85322
7ff8151
005657f
002cbcf
0098d53
7fb653b
7ff1a47
005ca82
0017782
7ff36f4
00c4fe8
7f687e3
7faa94e
7f7f009
0075deb
7ff5e82
7ff8e86
00a32ba
7f9bfad
7fd7425
00396c4
7fa8e92
004be96
00017bc
000d5cb
00a1ea4
00b1645
0051142
00374f5
7ff0fb9
7ff4626
002a583
7fcb579
007d58a
000bd3a
004ac96
7fe3587
0076c02
0044194
7fb9afd
7f85d1e
7fac167
0037ef0
7f94b0a
009d8a5
7fd0d01
0043e8d
003b1a7
7f99959
0047780
00f0d0d
0013ee7
7f79951
7ffd25e
7fd90b5
00815f0
00425de
003c62b
7f95dd2
00065a5
001177f
7fc2d51
7f88299
7f4ec87
009c982
7fe6b69
003dabc
00041ae
000e931
7fa9164
005d086
7fcac03
7f90386
006cdd3
7fd8087
7fdbd12
007b3a6
7fd6e69
0083c14
009a87e
7ff515a
7f5d734
7f8b912
004a873
7ff89d3
0020496
7fe586d
0040e69
00670a8
7fe6239
0038444
004114c
000db1e
003e555
002194c
000c0cc
009d3c4
7f84c77
002fa25
7f30da2
7fd7c3b
7ffde46
0020c1e
7ff02c9
001b49f
001aec8
00209ea
7fbd72e
0021d24
003fcc2
001f2d5
7f9d6b2
7fb4fb4
7f6b41f
005f4ec
0075081
7ff5c68
7fd056d
0060990
7fea922
7fa055e
0014efc
7fc6ea2
0074b12
006dcdb
7ffeb8d
00343f8
7fa4390
7faa638
7f8461e
7febf3a
7fd4d31
7ff7415
7fe484d
7fe7842
0022f94
0096eb7
7ffb125
0006741
002d247
7fd7f18
0050bdd
0012a27
00689dc
7fe1f0e
7fab530
001ffff
009a363
7fe8e32
003300c
0040915
0054d4d
7fe5686
00520e7
002e35f
00035a0
0018992
7ff25cc
7fca313
7f635b5
7fab9f6
0066f13
7fa72f3
7fc1c69
7fb2eef
005b22a
7fff68e
001ceb6
0035997
7fd32ef
7f4d803
005b20c
7fb9448
7f61d6c
7facc58
7fc4f2a
0034c18
7fec9ab
002326b
00677e5
7fd8647
7fe13b8
7ff77a4
7fd1358
00271f0
7f9dd9c
0082b59
7fa3393
7fd8b50
0040205
7fd770d
7fcc84c
00196b4
00819c6
0001960
7fdae82
7fafaf6
003cde6
0072ac5
7fc76b2
0014221
7fce532
7fa50ec
004ae0f
0015db8
7faca67
002cabc
0034675
7f6661f
00169f1
7fa9081
0061eac
7fbe843
003074d
00467f8
7fad025
7fede02
007269f
002f97c
0014d0c
7ff531e
7fd23b7
7fb4f98
0057e05
0071821
7fca969
002fa41
000ab3e
7f97a78
7ff8e38
7fe5306
0049f97
7ff2769
7fd5354
005de7d
7ff2421
00487ff
7fb205a
7fbe468
7f96571
7faadfc
7fe6b9e
008b325
003ff8e
7ff1a56
00c1826
7fcaea9
007d75d
7fcf1cc
0002400
7fbb45b
0003c87
0027294
004668a
002288d
0046a8d
001c208
00322dd
7fd3eb2
7f98e26
0010d8d
000e9e8
00a81be
0035c8d
00123c3
00054cf
001572f
7fffc34
7fa08bb
000b57d
7f63876
7fa2d0f
00295d2
009a7e3
000783d
7fe20f2
00036c8
7fa8a4d
0073d4b
7fa4f45
7f6ac88
7fc1432
00578d9
004f033
7fc4662
7f76bf4
7ffebd2
0050bc1
7fc729f
003f189
7fc5adb
00187dd
7fbc646
7f9c492
7f4c805
000bc48
7fdfb58
7fdc1dd
003d597
0000adc
7fc1464
008fe89
7f47a40
0015d7d
7fef3a0
00081a0
7fd9b16
7fd3b1c
7fcadde
002bf8c
006b7ac
0023701
7fa8cfb
7fb5b92
7fe6380
7fabf49
7f96c07
7ffc5a0
0095626
7fb5105
0050665
006bd40
000a23d
7f30f83
004bff1
7faddb6
7fada9b
005639a
0008b42
7fbc8e4
0075ed8
002d995
7fd921c
7fd79ce
0059ac1
00030d3
00cebe8
0082d01
0009150
00042e7
7fcc43e
7f8b0b6
7fda91e
009dc37
7fd688f
7fc2042
00c4e6b
0074fe8
007e3e6
7fec966
7ff62a0
00403db
006f966
7fc776c
7f6ce34
7fe10da
009634f
7fc7a8b
7ff4a2f
007edde
7fd53d5
0017205
003f550
005066c
002f63a
7f930be
7f93606
00551e6
0033199
7fe52fd
7fd5dee
7fb43e5
7ffe47e
00100c7
7fdc62e
7fc8454
7ff7abd
00721e8
7fda735
7f389e0
7fd84bf
0041651
7f64456
7fc6de0
7fe4d7e
0041c96
001961e
7f888e6
7f673bc
7faa48c
7fa512b
7ff9bb7
006acc0
0038f69
7f6c31b
00455c2
7fcb082
7fd5e24
003497a
7f97e7f
7ff300c
00257a1
0047a07
00713a7
7fb0912
006de27
000e0f3
7fe0588
7fad7f8
000c3fe
00080ff
00a064c
7f6ef9b
7fc3480
7ffb9d6
7f85932
7f5215f
006afa1
7fd554b
7f76a28
7fc2505
7fdb8ef
0060cde
7f911df
7f45468
0058a4e
7ffe855
001af93
7ffbc0b
7fbf3f2
7ffc0c2
7f99147
7f49a0b
0057760
004250c
0022740
7fd923d
7fb9447
00664b0
003195d
7ff26b6
7f680a9
7fd2614
0094c00
7fb34c7
7fe098e
00011d6
00703b0
004db31
7ff47e3
7fde375
00154e5
7fdf49a
7fa801c
003af5d
7fa5efb
7f341f4
7f97f6d
7fe4e2a
00edc03
7fdb8e3
003b358
7ff8d08
7febc02
008a386
004a03a
002262d
7ffcb95
7fd2e63
0028b82
7fb5bca
7fda09f
7fce0f6
0010235
7ffd061
002ce27
7ffdcba
7fa66c0
009f4cc
7fab28f
7ffa1a1
004dd6b
006b6c4
7fbb5e2
7f79540
007d383
7fd783d
7fff15c
000773e
00108e2
0007dc1
7faeb0c
00ab751
001ae00
7fcb14b
7fe7123
0037863
7fe6a96
7fe78b7
7ff7236
001837e
7ff5422
7fde65e
001dfed
7fe1ecd
000a3dd
00660b5
00abb09
7fbafa0
00052be
003b069
7f63587
0017c86
00643ee
7ff1724
7fb9c93
0043505
00587a1
0013637
7fc5a6a
7ff5914
002c518
7f64826
003000a
0056a5a
003ca3c
00929a7
0005563
001cbe1
7fc61ef
7f76131
7fb4a75
7fbb252
00334a6
7fd6523
009606c
7f9f5bc
004d7e4
0004e84
7f6e007
7f898f8
7fef177
7f60ac9
7fb11be
7fe24c9
7f2fabc
003d3cd
7f9795e
7fbea3d
7ffa20b
7ff78a5
003c237
000f7b1
7f5c70e
7fef98c
000d280
7ffd53f
7fdd0f6
002608b
7faf760
7f7d9ed
000e9f9
7fa3caa
0035a06
7fd1a08
7fbb20f
7fe5d99
7fe95f9
7f7a1b6
003a3a5
0055347
00d9bc9
004454a
001411f
7ff8245
7fd3492
00031a7
00720a7
7f6e4a9
002fd35
7f7e709
004cfe4
7fe17bb
7ffad90
7fcb293
7fcaeb1
00b154b
00390ee
7fd3a52
7fdb599
7faf87e
0028c52
0017f9f
00198db
7fe4a7d
7f86e4a
0061a30
7f4eb46
7fb3173
002b0f2
002b40b
0038115
004086d
006f97b
00641cb
7fdbe32
7fd5926
005aae4
00189ed
7fb4ede
7fcd707
00789fe
001ea02
008a03e
7f2b862
00303f0
0036200
000a855
7f911eb
7f7b0fa
7ff6a7e
0000910
7fd660a
00b3073
7ff88b5
006a6c2
009733e
7fcb951
0004ff8
7fa8850
0019936
00467c0
002c902
0036b8f
00294d0
7f95f35
00205a5
7fa06b0
7fd5e3f
0040bf9
7feeabc
7fa53ae
7fc2801
006e9bf
004d102
7fbfb32
00e411f
007b4b5
0028abb
7ffb8cd
002906a
7fbba7f
7fe1de2
0027513
7ff4be4
000833f
7fe48e6
7fbb3e2
006e4bb
7f9ff18
0093a2f
001fb42
002219c
7fdd547
0033a53
7ff8db8
7fe077e
00d987f
7fee433
0034540
00aecb1
7fb7da4
7f9c695
0034f96
003bf47
0058d75
7fd5f19
7fb42e8
0014db5
7f9f265
0055075
0047af2
000f2d3
7fafbaf
7fadb84
7fd997f
00453d3
7ff0ea1
7ffb422
7fc3310
7fd50b1
004a963
7ffe7cc
7fef4a7
0097154
003f1e7
00590a2
7f96379
00804f6
7fe8d01
002e278
000c17c
0038e43
00291a2
7fa2c92
0009a38
7f67168
003a6b0
0037691
7ff9aa9
7fed213
000471e
00516fe
00064a3
00122ac
7fd548d
7ff37ee
00a1bd9
7fa9acb
002b7c0
7f96e2d
0019a15
001e842
7ffec5f
0014a1a
0043ce5
00792f2
001f521
002367b
7fbe550
005b92f
0033499
006f3c0
7f4977f
00c4e7a
000c3fd
008da2b
0051d83
7f999ec
7fc10fc
0064743
7fd6ebb
7fe433a
7ff8a13
7fe32e5
0029929
7fdfb9f
7ff7f85
7fe5135
7f7fa2f
00433a3
7ffedf8
0043451
7fa76b5
7ff292d
7fa0c5e
7fe1c7d
0066961
0024175
7fceddb
00ad546
7ff4772
007784f
7ff69b7
002c4a9
0044d62
7fd6200
00274d0
7ff5069
0064513
0047931
003f062
0002b27
7fe23ad
002d1f0
7fa8f54
7f6b683
004fe42
00160a2
7fe182f
7f96ba7
001ad2b
00bc585
005eca7
001ef7c
001ca37
0014e46
0013319
0027b31
00910ce
00731c4
0008124
00750cd
7fa0299
002b24c
7fff4fa
00184ec
7fa9500
7f69418
005ec71
002db8e
0057b40
7fbc8be
0053497
003028f
00123fe
0000682
000a59c
7ff02f5
7ff4a89
0007f0f
7faf191
7fe5350
0028a46
001d3f5
005bff2
0027d7f
7ffa75e
0034c00
0061169
005a82d
7fa05f8
0069f94
7fe1bc7
003d442
7fc8ae3
7ff4b2d
7fd25ad
00984c9
008db44
0062699
0060704
7feeced
7fb0c16
7fc11bf
008526d
7ff98b0
7febf47
00640b4
7fc2a01
0068719
7fa01f0
0020bb0
7fdf3a1
7fa4b5b
7fcdff9
7fd623c
001b0be
0038f2f
0024593
7fd2050
7fc3aa0
7fd97a2
00327f3
7ffe687
7f9c5cf
0033b24
002a327
005b48e
7fb8d03
0002b87
7fca94f
009a4c0
7f87647
006a8dc
7fd0d21
7fc26d5
003dce5
7fde321
7fbf4c0
003c06e
7fbb759
005e863
7fe27f5
7f6b04e
7fefe90
7fdf3d2
00a11e3
002065a
7fd29ea
7fd5e32
004e2fb
7fbc0a8
7f955d5
0037201
000e0a0
002534f
008318e
003bdce
7fa3301
7fd9445
001149f
7f5e6b3
0006018
004de32
000863d
7fd2748
0050354
7fb9e82
003498a
0021ffd
7f9b85f
0031590
000fd67
7fec134
7fc026a
7ff5289
7fb8ef7
7f99fa2
0013562
006d074
7f98294
7faf948
005623e
0027947
0045fdc
000159d
7fe8ac8
7ffcfa8
002eb5d
7f63cfc
0070102
7f54694
002c2f9
00fa21e
7ff86ce
0026974
0004971
7fb9a00
7fb3d5b
7f85943
7f86a2c
007b7c1
7f3c322
7fa7be8
7fe9326
001926e
0018b2b
7fdfda8
7ffa583
7fdc2c7
007c20d
002ab9c
00373b1
007f2c0
7fe141b
7f40773
006092f
00283ec
7fec49a
005250c
7fc349e
004188e
7ffbce7
7fa7f09
003ca73
00853aa
7fbe74d
00014ef
7f7ac98
7f8e7a9
0010f50
7f9d1f2
0018c29
0094845
002bcbe
7fe1a7f
00e6b43
7fde93d
005a2b2
7f84179
001dbef
0056825
003d694
7fd13b5
001636a
7ff22e1
7f77812
7fdaf6c
7f7b71d
000358c
003a69b
7fc7e5f
7fff583
000c7ae
00941ee
7fc91e2
00111a9
7f9c767
003c351
7fede85
009d186
7fdb626
003040f
7fb06af
001c220
0074de6
7f9bc67
0074481
7f75708
0053e02
0004227
7fb7a5d
009f659
7fd5dd7
0030dba
001f3b8
7fa5dfe
7f7fb32
7ff809e
003439b
002f676
7f7dbdf
003e2cc
7fba267
7f8e1a6
7fbab14
0062a3d
0025315
7f43bb1
0010d49
0065d8d
7fbb76a
7faa18b
7fbe072
00298da
0048b0f
7fcd5cf
0052a7d
7fda74c
003f64f
00005f0
001f52c
0036e29
7ffe153
7f84988
7fcc823
00359b5
00373f9
0008c1c
7ffa8c1
7f4e710
7fd79fb
7f91a1d
002ae02
00017cf
7fbf631
0072fd7
002c84e
0011cfc
0036ab8
0003d38
7ffa177
0033712
0050fc0
0025c16
7fcba77
7fcdc6a
0030838
002bdf8
0048c9c
00a5f1b
7f8e2ea
00142bb
00a624b
0040e7f
0035938
7fe8052
7f2c444
7f76b3d
7fd5bb8
0031cfb
006218a
006e60d
002565b
7fd95a8
0011f26
7fdd412
004fc0d
00a9938
0008f2f
00cffc0
7f512e1
004ee02
001dfa6
7ffd940
7ff5c46
7f9843c
00ab33c
7f943dc
7fc0bd1
0066dad
7fac9ee
00788ee
0029bf1
7fc34b5
7fa4a6a
006b6ad
000259b
0045814
000c811
000def9
00035c5
00395bb
7fbb31e
7fb9a95
0067d29
00542d4
0009d74
002bb80
00060ae
7fb1f62
0053575
7ff12b7
7fce246
001737d
008d2b7
7fe9508
003bcc8
7ff2623
7fc5651
005d748
7fc25bb
7fae67f
005cd99
7fd0dcd
006331d
00141a3
7f7c53a
7fc9dd2
7f9b67d
7fe2bbe
7fc8a10
7fbe6e2
7fb2c9c
0069d3f
7fdb5bc
009572f
7fe5a29
000c38f
7fa0035
7fb7551
7f7c377
0015e7f
000f598
7ff6800
7fbcf6d
7fe80a7
7ff2033
7f66c87
004ae5b
7fb6cdb
7fe44df
003bc52
7f7881a
00d713d
7feae49
004881c
00025e1
00a0602
00b98e7
0063195
008a879
0030942
7ffddee
006a65f
7ffc690
00a3555
7ffd3b4
7fa4a51
7f632dc
7fa3263
0089da8
005bf31
0005344
00a9cdc
7f84cdd
7fadc05
000acd4
000f96e
7fe25dc
7fe987c
7f099d3
0003091
007285d
002eb93
7f8a7a6
0047d3d
00380cf
7fddc77
007107c
00795d5
7fb3a49
000c4c8
008cf8d
0027e54
00e9277
002fc3c
0001570
7fe6989
7f9656e
7faa6fa
7f910c6
7fec445
0002e7c
000c3e9
008175c
00273d1
0019a39
0018c49
7fee091
00123c3
7fd1ab9
7fab3fd
7fa06a5
7fe2597
0036cb1
004febc
00132bc
0032335
0064411
009f7d2
0036f34
7f69d07
7fbfe56
008f234
001e5d3
0056da1
7f93e3e
004149c
7ff7dfb
002d2f8
7fa0ad4
00950da
003ea5d
7f35fec
00a6ebd
0062fe1
7fca037
001aa04
0033a89
0037750
7fb52e2
004545c
7f949a0
7fab72f
001b988
7fc793f
0046d72
0011e51
7ff8806
00734c5
7fc4ae5
7fd2dba
7fe90cf
00ad6d0
7fe531e
7fc5818
00005e5
7fb72ea
002cec5
7fea65c
0028f41
008f5ce
7fe0ac6
7feb94c
00cf4a7
7fb0379
7ffefe1
0062f3d
7f7d464
7fe3d74
7f59ca8
7f9bba9
00edf70
7fda8e6
007dfa1
0045662
002c278
7f73115
003ab07
008c120
7fc3945
7fadc56
0062df6
7f6ea6d
00843e7
0075743
7ff12f8
007a854
7f7af0a
7fc76a1
7ff6c01
7faedb0
008967c
0013e6a
7ffa692
7fd5c24
00481ff
0016e0a
0003f59
7fd0593
000c3bf
0061146
0042569
7fb2476
7fc2bad
7fb4990
7f9407c
7fe6ed8
000927b
00451bd
00eee2c
7ffa55d
7fc2110
7fedfb2
7fd512e
007d700
002b02c
000c6b0
7fec1c4
0005918
7ff775c
0086701
0000329
004044c
7f5be3d
0021ab0
0038f19
7f65813
007e3fc
008452a
7f88f22
7fd2720
001812a
004f771
0010e5d
7f62d54
0028720
7fe6a77
7fbca13
7fd8ce0
0004bb4
7fe41fd
7ff06db
0069b6a
000e13e
00143ba
0074e28
0066b88
006bc21
7fea691
7f65ac5
0055f2e
003bc9e
7f9558a
004f4d2
00540b3
7fedb67
001087c
00415b4
7f9114f
7feca93
007d350
001e563
001200c
7fbd498
7fc03bf
7fa2c81
7ff4693
7f8a0ed
000bad0
0021bda
7fe9473
00436da
001634b
7fce78e
0043b9a
0014dd1
7feb41f
7f60380
7fea5a7
7fbe9fe
7f986a8
7fd5413
7fb8999
7ff4d59
7fcdceb
7f96857
005d279
7fd6729
7fb07d7
003fb34
000180d
006b15c
7f7c623
7fae188
7f3187b
7fa957e
7fe1d82
00a1348
7fecbca
001a218
005be6d
00448c3
0005aa7
0008d70
001a49b
0033af8
001874b
7fb3068
7fcd0e8
007ea1b
000237d
7fc68db
7f6d79a
7fa7f9a
7fbbe43
7fa4e1d
7ffb959
7f90162
7f9b404
7fed267
7fde9ca
7f968aa
00207a3
0082bc4
7fdb5f7
7ff952f
7f19b45
0008f83
7fee8d6
0019d38
0073937
7f91a36
001a106
7f97b54
7fe4bab
7fd0966
7fc6635
7fd5da9
7faaa04
004507f
006784d
7f9303c
002dfe0
00046be
7f6154c
7f9ad89
7ff89dd
7fc055f
00029ce
7ff0986
7ffa41b
0007caf
0026d24
7fe78a0
7f86d37
00589a4
005e40e
7fb1dd6
0026c82
0088b9a
7fe5c32
00276dc
0010c55
7fe9f39
0013c09
7f7d78a
7fe6494
7f81121
004e3a5
0036516
7fedb70
000d368
00729c7
7fbadb2
00cec78
007e000
7fd2f89
00353fd
7ff4334
0093065
7fa1783
7f441bf
7fc2603
000cda9
0063961
7ff98d5
7f79197
7ff2a2b
7f99c95
0041bf6
0005032
7ffd9f8
7fd778e
7ff1657
004fe44
003352b
7fb2836
003ed33
000e69a
00642df
0064c21
7fa128c
7fe47c0
7ffff04
7fab393
00773c1
0012cab
0064d2e
7fe40a2
7f88058
7f76bef
7fff1e0
7fb3d5f
7fcc8d8
7f4e236
7fd6e17
7ff53a4
00592cc
0003871
7ff7202
0064c84
006586c
7ffd140
7fd8ef2
7fca758
005486b
7f8bcef
0054de7
0041fbc
7fa3351
7fc7dff
7f84a08
7fb42ca
000e38c
7fd4ac0
006ddc3
0053adb
003b53f
0023a44
001db94
7fa8830
0017824
0096c4d
7fba17b
7ff66d5
7fcf889
7fe6913
000db73
7fef2d7
00033e0
002f8d3
002de7a
7fe3633
005a583
7fddb1d
0049828
0022cc7
00377c0
7fd9fb3
7fbcc83
7fca45d
0063a82
7f80719
7f9e039
7fe4974
7fc7c6f
7f9ede2
001f68f
005f218
0012423
000ace5
7fc3869
00362c3
7fb085e
7fafa4f
7fe3d6e
004358d
7f98a0f
0048e5e
7fe1dfb
0095fb0
7fba1fd
7fca364
7fde466
7ff2f51
7fcd714
0017330
00013aa
7ffabea
00105b9
7f6028b
7fdd5d0
7fbbdbb
7fe99fa
7f8badc
7fedc4c
0058a59
7fe982b
7fd859f
0006315
7fe0789
000b9bb
7fa2a0c
000a25c
7fe6e17
7fe8d29
7ffc7cc
0056ffd
00831a9
7ff7766
0079d79
0025f24
7fe23d5
0058de4
7f8c748
004e2e9
7fb2107
7fecf70
00b0ccc
7f091d3
7f90500
00b9c60
7ffeea9
7faddc7
004376d
7f8e101
008a43a
7fa6d33
002631d
002d2ec
7fcffeb
00361b7
008553e
00330e3
7f783b7
7ff6da0
0006506
0050611
7ff58d4
00be0d9
003b1c1
0035a9d
001f0ef
0029e21
7fda016
7fc8144
7facc65
001e32a
00384b3
007ea1b
7fad94c
7f9e776
0061f07
7ed91ac
7fb1312
000e261
00cb18c
0009702
0053030
002080a
7fd44b8
0074d72
00c5366
0049941
007c8cf
7fcaa50
006227e
00138d7
7ff3e1f
0028afc
001c9cd
001103d
7f8c599
000a6e1
002edbf
7fa652b
7fa73a2
004f875
7fc9ab6
7fb38e9
7f67768
0028bbe
7ff047b
008c4b8
7fc04e9
7fab2d3
7fcb72b
7ff050f
00640bc
7faf12e
7fd866a
7fdf954
7fcb619
006a79b
003e06f
003fa48
7f68099
00a8898
00734c6
00267d2
7fbd205
7fd1ddd
0004c24
0050099
008700b
7fb9525
003fb89
7ffed69
7fab037
7fdf798
7fdd29e
0086d12
7fff02c
7fa6ffb
003df10
7fb1df7
000c6ed
7f703cd
0089d75
0067ad5
0107d32
7ffb3d5
0011cdc
0045257
00a1c6a
7f65225
004e93a
7fa6c9a
001a8b9
001f573
0014c39
7fdfdd7
0059dad
7fc8486
00156fa
7fe433a
7feb5e1
7f8bc97
7fd3113
005e32b
7fe2c75
002e7e5
0077f80
0026a8a
7fe6b24
0028b99
0003b59
001d71c
7ff4fdf
7f8d903
7f68524
0030d02
7fb5c7e
7fd98d4
0099c52
7fe5e98
004647e
7fc953b
003a136
007a740
006ee68
7f9efd2
7fe6a2f
7fd89a0
7ffc562
0015fd6
001f272
00526e4
00ab6ab
7f575f7
7fa4c33
0023fc0
7f7a97c
7ffc975
00c82e0
7fdbfd0
0068985
007c682
004d7a7
7fbe74e
00146b8
0001da0
7f49fb7
7f68170
7fc2741
7fd3e45
7fd17cb
7faea93
7fc2c4b
0024bab
7f7b47d
7fc1cfe
0035e8d
004835d
0027b24
0030e1e
7fcaea7
0020371
7f761cf
000a49d
0051ea9
7ffdeb2
7f694ac
7fc54cd
7fdd468
7fef2eb
7fbdefd
00554a4
7ffd204
00206d5
00b9624
003f20d
0031738
0048a91
007d850
0074b9e
7fc027f
0012b38
0077be6
7f916eb
7feea24
7fb342c
7ff8187
00160db
0066514
7fb9eea
00038c5
008eb19
0037bf1
006f762
7fba5a7
7fd7d16
7fd8ff0
7f50cfe
7f8d773
7fcc879
00833ca
7fea560
009127e
0020e02
00d8724
7ffee77
000bf4c
7ffaba8
7fd178b
7fcfc1f
0033d4c
00088db
00270de
7fa521e
7fe477f
00b2dc2
001d95a
00136a1
7fa28d2
000b512
0035350
0012a29
0060958
003339b
0021d31
7fa14b2
7fc1efc
00274d5
7ffb592
7fd3050
7f990d7
0049e56
7fa9ca9
7fc59be
7fc4390
7fe3e60
000384c
7ff7df5
0024afa
0012c8a
0009250
7fdfd19
7ff3081
7fa7404
7faa392
0019fc2
7fbdfe7
001d1b9
7fb82a0
7fd2833
004b253
7fea787
7fb3e3d
004c087
000f025
7febd22
7fbbc29
005b75b
7f9e8dd
0012a5d
7ff47b8
7fc86fb
7fc1263
7fb0bf1
7f9b75d
00450e6
7fe2646
000fb0c
7f0ec12
7fee40b
7fe735a
007da09
005d1f0
7fb81ca
003c6a7
7fc2be3
0090b2d
0031e57
001ea8b
7f8de7f
001e583
004abdc
7fc7465
0047d2d
7efebc0
7f8f90f
7f5d7a7
7f9022b
7feb2ef
001dd64
7f86b83
7feed30
008817b
0055cb0
7f676b7
7fd158d
7fb32bb
006d053
0018e30
00e4192
7fd9f4e
7fb97da
7f91654
007e1e2
003780d
0011134
7f53537
0012ef1
0027863
7fe8c64
00998d3
7f8cc43
0049876
00345b6
7fdaf80
00511b4
00144d2
7fd9028
0021844
0100491
7f5b2c8
7fc7105
003fce0
003cdd9
0079903
007dbaf
7fe18be
0003130
7fc8961
0038ebe
001bf46
7f88618
7ff2d3c
000aa9c
7fdbd34
00284a2
7fd3595
7fb3483
7fdf5d4
7f8b3fc
00430a3
7faf6bf
0010ce2
007d628
7ff1a33
004b4a9
7f995b7
7fb999a
7f754e5
7f95d9e
7f8ac2e
7fa5b7b
00145b7
000f748
006f4ce
7fd5336
001dafc
7f9fd2b
7fbe52f
000b498
7f9cf61
00549c3
00c8cf8
7fe6662
7fe8b6f
7fe935d
7fab56d
7f9e52c
7fada69
7ff95b7
7fbcdd2
003cb42
002212f
7fcd543
7fd0150
003c788
7fcc552
0042249
7ffe71f
7fc4392
008d98b
7ff562b
7f2f024
00087a3
00a503e
7fbbf95
7fd98fa
007aab1
7f8731f
7fe68cb
7fd3c45
7f9535d
7f47bfa
7ff2fa8
0031ee6
7f7aa28
0034077
0013aff
0006ed9
00671d0
001666e
7fe23ed
7facb0f
004d8a3
005c4fa
7fa8884
7fceaca
7ff1409
00238a3
0016c11
0039e10
7ffedef
7fd09a3
009990a
7f8f4f5
002162c
7ff6e33
004c6d8
00552a7
00446ae
7fe3eef
00357dd
7f685c8
008856c
7f80670
003d10e
0058790
7fff3e0
000ba89
7fb3894
7fcc527
006580b
00089cd
00a3e1d
00087b4
004dc9d
00b9938
7ff87dd
007856c
005dc2a
7fea371
005cded
00026b4
0048136
00b384a
7fe1a1a
004adc8
00051ad
7fc5a5a
000728c
7fae37b
006a669
7f954e0
006a833
002fffd
0068fe9
7f5cd5c
00a30a8
0085614
000f766
7fe9bdd
009c657
00105c6
7fac044
00e8ee7
7fa5295
7ff5f58
7f9adb9
7fd9e89
0037ecb
7fae520
000f1d6
7ff401f
7ffd85a
7fc49ab
0005847
0039799
000214d
7fecf40
003c7cd
005af59
7fa9afe
004b7a9
7fd0246
0045453
7fd52f8
7fcb34d
7fe1d56
00215af
0006fb1
7fe7aa6
7f6f065
0044ba4
005e322
7fd993b
00a21de
0038624
7f9c0b7
005e86f
7fecc25
0019ac9
7f80919
001aea9
7fc8da3
7fc553e
003da22
0084397
003ef80
009f08f
0010e33
7fd02bd
7fc8f10
7ff816f
008cea8
7fa853b
0047d32
7fadc0d
7f61d3f
00039c9
0058024
7fe7538
00425bb
7fd93b0
00379d3
0050311
7ff0323
008ff21
00c34f1
7fcf1d8
005b857
0020b72
005fc21
004fe3b
7fcd303
000d263
7f94998
0057f46
7ff83c2
7ff02f6
00b2ccf
7fab10f
7ffa536
7ffc26f
7ff8fe7
7f7a3cc
005cb01
7fe3641
7faa5b4
7fed241
7f97137
7f202f5
7fbc778
7fd6e29
00413cc
0038ec5
00271af
7fb102a
007ab92
7f59d2b
7fd2625
00a4fc0
003f9fc
7fd3118
008557d
7fabc3c
005a77b
7f47d68
001382c
009d0d0
7fb950a
7f51423
7ffbd67
0006ec5
00492e9
0096300
7fdfc17
0011c25
7fb437a
7fe5d4c
7faa952
7ff454c
002bb7b
005b06b
004441b
002c5b2
7f55340
007a794
0099c1f
7f810db
7fe23ab
7f7ef4b
7fae1e2
002bbc3
00b628b
008c1d2
7f93729
7fe9109
7f61af2
7ff4c33
005a530
0039b64
7fc3beb
7fbdc6a
7ff0e0b
7fd7c98
7fb31e1
7fd4de4
7fd3a77
00180db
7fd97ef
005669f
004eec5
7fb1663
7f721a7
00102b1
7fac99f
0020789
7fcc99b
7ff84e4
7ff617b
0034450
0061bd9
7fc85c6
7f9328a
001b934
7f8980c
7f74f05
0025c7e
0099f14
0008fa3
0004e0b
00248be
007ae1c
7fadd72
7ffedf7
7f49716
004cd80
0019fc3
7fe4b6f
0050aae
7ff7850
00882cb
7fb77a7
00206d2
7fc67d5
00187ef
7fe89cf
00a4a46
7fdfb18
0031b23
0052ef8
7fd0887
7fc641f
00180d9
7f972e9
00556f2
7fdde4e
007f9ae
002eb4a
7fa7bd9
000a684
7f88ee7
7fcc6c0
002337f
7fda8f1
004a3f8
00609fc
7ff0b29
7ffb916
7f9eef6
7feb3fa
001ead8
0069fcc
7ff5e72
002c950
7f93ca8
003873d
0009c27
001279c
7fc839f
006d805
000041e
0034b61
7f673d3
0029c25
0036a3e
0068a96
001e144
00b3848
7fdc41c
7ff15ad
7fa7f88
7f861a0
7fe93db
00b5352
003e27a
0051a94
006a633
7f541dc
0060537
7fa39e5
7fd41b0
7fce8c5
001d344
7fbf652
002008b
000d363
002bfe6
00c0267
00cda77
0077667
7f812ca
004a090
7fe5106
7fd1d23
7fc02a4
7fdb9cb
00662b9
7fa8515
00479a1
7fa7b41
7f6a768
002d5a2
006edb2
00023af
7fa5720
004ba84
00568f4
7fee263
004a315
004d0d2
7f7d8b6
0039bfc
006a8d5
7fea95a
7fbcfb3
004597d
7fc9d71
7fab6b5
003f6f3
0007195
7f7096a
7ff126f
003a868
000456e
0062fe8
7fdce16
00044ff
7ff5833
000b3cf
7fe6c72
7ff2523
000c177
003d818
7f30460
0051523
7fe2e63
7fa4416
0075300
0035ca0
0015386
7fe5810
0021023
7f7d5d3
7ff653b
7fde186
7fa1db7
7fec9ee
7ff9f10
008fcc4
0083ff0
7fe83ea
002753b
7fdbec3
000a824
7ff183d
7f60603
000044f
002fd8b
0062f8a
000cca7
7f8f75d
7f6f513
7ffe779
7fee1bf
005893d
002bf85
003443e
0006743
7fcd6ac
7f7d8f7
00658dc
7fc24d7
001efa5
0016863
7fab878
0053681
005d29c
000ed1e
009fb17
7fcadfc
7f41bcb
00194b0
0004919
7f9e83f
0091444
0093421
7f8519c
0052a33
005e55e
7f73620
001c064
0035f79
001ec3f
7f71e88
7fccb73
00114a9
005a761
00333df
7fe599a
0031702
7fa2895
7f53d43
7fed662
0025629
7fa31a9
002498b
0020ef1
00182d3
7fe60cb
001d134
0082770
7fd6070
00430a0
00454b1
003772e
7fd153d
7fdb7cd
000b6d9
0035d5e
7fcd7b0
002f967
7f9d73b
7faef09
0033063
7fd478b
005ef5c
002e9b7
7f6e805
003c71b
0028be1
7fe1fa8
7ffe2a6
0012f52
7fd2861
0066c76
7ffec7d
002bfa9
00248cf
0003aa0
003dabc
7fe6db2
0042f58
7f91572
7fe9c14
00a51d4
7fd9cbc
0055e51
006a66c
7faf9b1
0016e44
7fadf6f
0051433
7fcc558
7f28587
000dcac
005c8ef
0048df9
002b55e
00294cf
0014ca3
7f65574
7fb9e09
7f8c969
7f8d3b1
0019092
7f71c61
7f9f848
004a4fb
7fcc1da
7fc5b49
7fdbcb5
0026eaa
0056db4
0071ad2
002a304
0061798
7f89b83
0056b66
7ff1e80
004e8d6
00286eb
7fccc00
00284c6
00a23db
7fd411f
7fe6ba7
7f56fc6
7fd2e04
7fb203a
7fd3d6e
7ff194d
007edab
7ffa238
7f31dc1
003e9d0
7fbe254
7feda22
00335ef
0044240
001f962
7fdff84
002550b
001cb96
7fd3e17
0020cee
008b40c
7fe889e
00209a7
7fa7aab
003aa39
004a6de
00373e2
00447eb
7ffa8d9
006f398
7fe941d
006d6e5
0013075
00240bb
7f7cf44
7fee960
7fe0f7b
00093d4
00463f4
002d7ab
7f77ef8
7f8dbcf
7fb82cb
7fd5fd7
7fdbb48
004b34e
7f64fb3
7fcc158
7f8185c
7fd3e57
7fb2354
0003a39
0035d2c
008b1a7
7fd5e17
7fbade7
0031848
008adb9
7fef95a
0046a86
006b418
006f059
7fe5c82
004deb9
0036973
7fbeaa8
0015777
7fc6068
0047b22
006e108
7f75df5
7fdd03f
7fdfa89
7fcdbaf
7ffe4b4
0062363
7fd5b4b
0001bb0
7fe9070
00639fb
7fea468
008329a
00c5d9f
7ffab95
000e8f8
00091b6
7f93538
0085a25
00788d4
0003174
006fd73
7f84f89
7f98f3b
0039c2b
002d377
7f69656
0029bc8
7fad75f
0038a36
000898f
7fdf384
000b428
7ffde6c
0026a49
7fae861
7fd1781
7ffd35c
7f2e089
7fefcbc
0043887
7faadd6
00215b2
7ff30d3
7fe103f
7f2dc3f
00003ea
7f7dbf0
004fa19
007412e
002d14c
7fcdb18
7fd849e
003b680
0074bb5
7ffa8b7
7fe6237
003ae0b
00158a4
0037263
002d359
0033611
7ff0c78
0013e93
7ff8715
7fea24f
003cf7e
00a1f35
7ff9a8a
000c535
7ff46fc
7f8f17a
0049c8d
7fccf88
003d1d6
7feb029
0024b2b
7f65336
00092e0
7fff385
7ff92e6
7ffbd68
009c826
7ff494d
0032617
7f42c66
7fcab6a
7fa0298
7fcf505
000b08c
003d71f
7f7271c
7fadea6
0050595
7f9f557
7fe6f88
7f4b075
7fde142
006b824
7fc8141
0066245
0012c92
7ff3036
0077c04
7fd3cf0
7fccc40
009b4e6
00661e6
0002525
7fb911b
001731e
000c24a
00a7a81
7fbbb77
7f9fdb9
7f91a71
0046a93
7fa9040
0069443
7f8bed5
000a75c
7fd8824
7fe1fd5
002a17f
0036335
7fd101e
00550b6
7ff8d9d
0089956
0023296
0020e5c
0099abb
009c548
0041895
002046c
7fca393
0039e87
7fefa29
7fafec1
7fcd10c
001eb1d
0009b41
0080d5e
7fd20b1
0049102
0080bbe
7ffa3a0
7f96059
00095c7
001f47b
7ff73b2
0034706
7fcdfaa
7fea240
002a779
7f8c616
7f8eaa0
0086e53
7fef9db
002b981
7fd0a8c
7feecb5
7fc058b
003494c
0059814
7fc624b
7f9b6bb
7fe3fa9
7f96935
0019278
7fda3e6
008d6e4
003b9a8
7fa81cb
0005ae4
0036fd6
0091965
7f5877d
001a48b
7faa228
004c335
007ddb2
001772d
7fb1be5
00049ee
7fbdbe4
007dfba
00a9f99
7f965c8
006d7ad
00645ca
001fa02
7f9f6d4
007ace4
7faec17
00c26c9
0040d31
00291e5
001661a
000264d
001f8c4
0001d20
7f82d5a
002a4b1
0079a71
7fb92ca
7ffebd3
7fd60ca
0016fb9
7fbc2f0
004b026
0013c3c
7fc18c0
7fcbea5
00442af
7f5eab7
7f625b3
0093fd3
7ffff7f
4000000
004ffd9
000007f
2000000
3f80000
4000000
0000080
00001c0
4000000
4000000
7ffff80
0000100
007f000
00001c0
0000080
0043ec8
007f000
0000001
0000080
0000001
000007f
7f80000
3ffffff
0000000
00001c0
0000300
00001c0
7ffff80
2000000
4000000
3ffffff
4000000
4000000
4000000
7ffff7f
7f80000
0000100
3f80000
4000000
7f80000
7ffff80
000007f
0000001
00000ff
3f80000
0000140
007f000
2000000
00001c0
0000200
7ffff7f
000007f
4000000
0000300
0000100
7f80000
007f000
3ffffff
7ffff7f
3f80000
0000140
007c4e6
0000080
4000000
4000000
7f192b5
7ffff80
0000300
0000000
0000100
6000000
00000ff
3ffffff
007f000
0000080
7f449f7
4000000
7ffffff
4000000
3ffffff
0000300
4000000
003c58c
0000000
0000080
0000140
7ffff80
0000080
007f000
7ffff7f
0000001
0000001
00000ff
3f80000
000007f
0000000
7f80000
2000000
7ffff80
0000001
0000000
4000000
2000000
0000140
000007f
7ffff7f
0000080
6000000
7f1be43
7f80000
0000200
0000140
3ffffff
00000ff
0000001
7ffff80
0000300
7f6b582
3f80000
6000000
7f80000
0000100
4000000
0000100
4000000
0000080
00001c0
0000140
7ffff7f
7ffff7f
0095472
7ffff7f
0000300
0000200
4000000
7ffff7f
7ffff7f
7ffff7f
7f58007
0000300
7ffffff
000007f
7ffffff
0000000
4000000
000007f
0000100
00000ff
3f80000
0000200
3ffffff
4000000
0000100
2000000
007f000
0000300
00001c0
0000140
00000ff
007f000
000007f
7ffffff
4000000
3ffffff
4000000
3f80000
2000000
7f80000
0000001
7f80000
7f118af
3ffffff
4000000
7ffffff
0000000
007f000
000007f
2000000
4000000
4000000
4000000
0000100
0000100
000007f
0000140
2000000
00000ff
00000ff
6000000
0000200
00c7f46
7ffff80
0000000
00001c0
3f80000
6000000
00000ff
6000000
00000ff
7f4d524
0000080
3f80000
7ffff7f
0000080
7ffffff
0000140
0000000
000007f
4000000
7ffffff
0000300
7f80000
007f000
7ffff7f
0000140
0000000
3ffffff
00001c0
4000000
0000000
6000000
3ffffff
2000000
3f80000
007f000
00001c0
6000000
3ffffff
0000200
7ffff7f
7ffff80
7f80000
0000080
002be5e
0000000
007f000
0000140
3ffffff
3f80000
0000080
7f80000
7ffffff
2000000
6000000
00000ff
00000ff
3f80000
0000100
0000100
7ffff7f
0000000
0000000
000007f
0000140
0000300
7ffffff
0000300
4000000
0000140
0000140
3f80000
2000000
0000080
3f80000
4000000
0000100
0000300
3ffffff
004b5db
00001c0
007f000
7f1d2a1
7f98db0
0000000
2000000
2000000
0000300
3f80000
7f6969f
4000000
0000200
7f80000
3ffffff
0000140
0000300
007f000
7ffff80
7ffff7f
0000300
4000000
7ffff7f
4000000
00000ff
7ffffff
6000000
7ffffff
4000000
0000300
0000080
7f80000
3ffffff
00001c0
3f80000
000007f
0000001
4000000
3ffffff
7f8b8d2
0000100
0000200
000007f
0000000
3ffffff
3f80000
4000000
7f80000
0000140
2000000
0000300
0000140
2000000
4000000
0000080
0000100
0000080
7ffff7f
00001c0
0000100
4000000
0000300
7ffff80
7ffff80
0000100
2000000
00001c0
7ffffff
0000001
00001c0
7f23409
7ffff80
007f000
0000140
7ffffff
006272a
7ffffff
3f80000
0000300
4000000
000007f
3f80000
0000200
4000000
0000140
0000080
0000000
0000001
0000200
6000000
0000001
0000140
7ffff80
0000100
0000140
4000000
0000001
0000000
6000000
0000000
0000001
00000ff
0000000
6000000
007f000
0000080
0000001
7ffff80
7f80000
00000ff
0000200
7ffff7f
7ffff7f
7f008f3
4000000
0000000
0000000
7f80000
0000001
7ffff80
0000300
4000000
0000100
00000ff
6000000
00000ff
4000000
0000001
3ffffff
0000300
3f80000
0000140
0000100
0000000
002682f
00001c0
0000080
4000000
2000000
0000000
4000000
7f80000
0000200
7ffffff
4000000
0000200
4000000
0000140
0000000
0000140
000007f
4000000
7f80000
0000000
4000000
7ffffff
0000001
4000000
000007f
7ffffff
000007f
2000000
0000000
4000000
0000200
7ffffff
3f80000
0000140
0000001
000007f
4000000
0000300
4000000
0000140
00001c0
7ffffff
0000001
7fac5f3
2000000
4000000
4000000
0000300
00001c0
000007f
0000300
007f000
0000000
0000080
0000200
2000000
7ffffff
3ffffff
2000000
2000000
00000ff
7ffff7f
0000080
7ffffff
7ffff7f
3ffffff
00001c0
2000000
0000140
3f80000
0000080
0000000
0000001
000007f
3f80000
0000080
7ffff80
0000140
4000000
2000000
7f80000
4000000
0000140
4000000
7ff9d14
7ffffff
000007f
007f000
6000000
0000000
2000000
2000000
3f80000
7ffffff
007f000
00000ff
00550d6
7ffff80
0000001
0000200
0000100
0000200
0000000
00001c0
0000080
6000000
007f000
0000200
0000140
00000ff
7f17d4f
0000001
6000000
3f80000
6000000
0000100
7ffffff
00001c0
0000000
000007f
007f000
0000000
0000100
007f000
7f80000
00000ff
0000000
3f80000
2000000
7ffff80
4000000
007f000
2000000
4000000
7f80000
00001c0
3ffffff
00001c0
7fec090
0000200
7ffff7f
7ffff80
0000001
00001c0
00001c0
7ffff80
4000000
00000ff
00001c0
000007f
6000000
4000000
0000000
0000300
00001c0
3f80000
7ffff80
00001c0
3f80000
7f80000
000007f
4000000
007f000
00000ff
0000200
0000140
3ffffff
2000000
0000001
7ffff80
7ffff80
7ffff80
2000000
0000140
0000140
0000200
00001c0
7ffff80
6000000
0000000
00001c0
0000100
2000000
7f948b7
000007f
00000ff
00000ff
7ffff80
00001c0
0000200
0000000
7ffff7f
000007f
00000ff
6000000
0000200
0000300
00001c0
007f000
0000140
0000200
3ffffff
00000ff
00001c0
007f000
0000001
2000000
2000000
0000100
2000000
3ffffff
2000000
00001c0
7ffff80
0000140
007f000
7ffffff
7ffffff
4000000
0000001
0000100
6000000
0000140
4000000
00000ff
4000000
0000080
007f000
007f000
007f000
7f80000
000007f
3f80000
0000200
0000001
0000000
6000000
4000000
0000100
6000000
7f80000
0000200
00001c0
0000300
6000000
7f80000
0000080
7fe538a
0000080
2000000
0000300
4000000
7fcb92a
007f000
7ffffff
00000ff
7ffff7f
0000200
000007f
4000000
0000080
4000000
007f000
4000000
2000000
2000000
4000000
6000000
6000000
6000000
3ffffff
7ffff7f
007f000
0000300
7ffff7f
7ffff7f
0000080
000007f
7f80000
0000000
007f000
4000000
7f6905a
0000000
0000000
0000001
00001c0
7f5ed16
00000ff
0000100
00000ff
007f000
0000300
007f000
4000000
3ffffff
7ffff80
4000000
0000000
7fbf264
0000000
0000000
0000000
7ffffff
0000100
000007f
7ffff7f
0000000
4000000
3f80000
7ffff80
0000200
7ffff7f
0000001
000007f
2000000
0000080
0000000
0000140
0000200
0000200
0000140
4000000
4000000
007f000
4000000
0000200
4000000
7ffff7f
0000140
0000140
7f80000
7ff692c
0000001
000007f
7ffffff
00001c0
4000000
3f80000
000007f
0000001
0000200
7ffffff
0000140
7f80000
6000000
3f80000
6000000
000007f
00a0687
0000300
7ffffff
3f80000
7ffff80
3ffffff
4000000
0000001
7ffff7f
2000000
4000000
2000000
6000000
4000000
7f80000
4000000
002c758
0000200
0000000
0000200
000007f
0000140
007f000
007f000
0000300
4000000
7ffff80
7ffffff
007f000
7ffff7f
00000ff
0000080
00e3e9d
4000000
0000080
0000300
7ffffff
00001c0
7f80000
7ffff7f
0000100
2000000
3f80000
4000000
4000000
0000300
7ffff80
7ffffff
0000300
0000001
00001c0
7ffff80
6000000
0000300
7f80000
4000000
4000000
0000140
3f80000
0000001
0000140
0000300
6000000
007f000
4000000
7ffff7f
7ffff80
6000000
7ffff7f
00001c0
7f80000
3ffffff
000007f
7ffffff
0000001
2000000
7ffff80
4000000
7ffffff
0000140
7ffff80
0000001
0000001
0000300
3f80000
7f80000
7f80000
7ffff80
00001c0
4000000
7ffff7f
3ffffff
7ffffff
0000140
4000000
7ffffff
3ffffff
00000ff
4000000
00001c0
3f80000
0000080
4000000
6000000
7f80000
4000000
7ffff80
0000140
0000100
0000000
000007f
000007f
000007f
2000000
007f000
0000001
0000300
0000000
0000200
4000000
0000140
3f80000
007f000
0000200
7ffffff
000007f
0000140
4000000
3ffffff
00001c0
7ffff80
0000000
0000300
7ffff80
0000200
0000300
7ffff80
7ffffff
7f80000
3f80000
7ffffff
000007f
3ffffff
3f80000
3f80000
0000001
4000000
0000080
2000000
4000000
007f000
3ffffff
4000000
7ffff7f
3ffffff
7f80000
6000000
2000000
0000200
000007f
0000001
7ffffff
0000300
0000001
2000000
0000100
7ffff80
7ffff80
7ffff80
00000ff
007f000
00001c0
00001c0
4000000
4000000
7ffff80
7ffff7f
4000000
3f80000
7ffff80
4000000
2000000
4000000
0000140
2000000
0000000
7ffffff
0000300
0000080
3f80000
4000000
00000ff
4000000
2000000
4000000
3ffffff
0000000
0000080
3f80000
0000000
3ffffff
7ffffff
00000ff
0000100
0000100
2000000
0057e4b
7f80000
007f000
0000001
0000080
00000ff
7f80000
7ffffff
0000100
3f80000
3f80000
7f80000
3f80000
4000000
4000000
7fb5c37
00000ff
4000000
0000140
3ffffff
7f80000
7f80000
7ffffff
00000ff
0000140
3ffffff
4000000
000007f
00001c0
007f000
0000300
3f80000
3f80000
0000100
0000300
7f80000
000007f
0000100
0000200
00000ff
0000140
0000100
0000300
4000000
0000140
0000300
4000000
0000100
4000000
4000000
0000000
000007f
0000001
0000100
7ffff7f
7ffff80
0000080
0000080
00d873c
2000000
3ffffff
007f000
4000000
7ffffff
4000000
000007f
4000000
2000000
7ffff7f
0000080
6000000
4000000
7ffff80
0000100
0000080
2000000
4000000
005f314
000007f
0000140
0000080
2000000
7ffffff
000007f
6000000
4000000
000007f
007f000
3ffffff
0000300
2000000
00001c0
0000300
7ffffff
00000ff
0000300
00a4939
0083eee
7ffff7f
0000001
0000300
4000000
0000140
000007f
7ffff80
3ffffff
0000001
00001c0
7ffffff
0000140
4000000
0000100
0000200
007f000
2000000
0000000
4000000
4000000
0000300
7fd33ae
0000140
7f80000
00001c0
00000ff
7ffffff
7ffff7f
0000140
0000001
00001c0
0000300
7ffff7f
0000000
00001c0
0000080
0000000
4000000
0000100
007f000
0000080
4000000
6000000
4000000
7ffff7f
0000300
00000ff
0000080
7ffff7f
0000300
7ffffff
0000000
00001c0
4000000
7ffffff
0000140
00001c0
4000000
3ffffff
7ffff80
0000140
4000000
2000000
7f80000
4000000
7ffffff
7ffff80
3f80000
0000100
7f30605
0000100
3f80000
7ffffff
0000140
007f000
3ffffff
6000000
7fba717
0000000
0000080
0000140
00b068f
3ffffff
7ffff80
6000000
0000140
4000000
00e9005
0000300
0000300
000007f
0000000
4000000
3ffffff
4000000
7ffffff
0000140
0000001
2000000
0000200
3ffffff
0000000
0000080
00000ff
0000200
0000300
0000080
007f000
4000000
6000000
0000080
7ffff80
4000000
7f80000
0000080
3f80000
3ffffff
7ffff80
6000000
3ffffff
0000100
4000000
0000000
7ffff7f
00001c0
7ffffff
4000000
4000000
0000080
7f80000
000007f
0000000
3ffffff
7ffffff
3f80000
0000100
7ffffff
00000ff
4000000
3ffffff
0000001
7ffff80
4000000
4000000
0000300
7ffffff
0000000
0000300
0000000
0000140
4000000
0000080
7f80000
4000000
000007f
4000000
3f80000
000007f
0000080
0000100
7ffffff
7ffff7f
7ffff7f
0087eb1
4000000
0000140
000007f
0000300
007f000
7ffff80
7ffff80
7f80000
0000300
3ffffff
0000100
4000000
00000ff
0000140
7ffff7f
2000000
0000100
2000000
007f000
2000000
4000000
002f541
00001c0
6000000
6000000
007f000
0000140
7ffff80
00001c0
0000080
007f000
0000200
3ffffff
7f80000
7ffffff
00001c0
7f80000
7ffff80
0000200
2000000
3f80000
4000000
00001c0
7ffffff
4000000
4000000
4000000
00000ff
0000140
4000000
0000080
00000ff
000007f
0000100
7ffffff
007f000
0000001
0000300
3f80000
7ffffff
0000001
3f80000
4000000
7f80000
3ffffff
6000000
007f000
7ffff80
0000000
7f80000
000007f
0000080
007f000
0000100
0000080
4000000
7f80000
7f80000
6000000
4000000
0000080
0000000
0000001
4000000
0000300
7f80000
2000000
0000200
0000200
4000000
00001c0
0000300
0000000
4000000
0000100
0000080
6000000
7ffffff
7f80000
6000000
7ffffff
0000001
000007f
7ffff7f
6000000
0000100
7ffffff
4000000
0000080
0000300
0000140
7ffffff
0000001
0000100
4000000
00000ff
3f80000
0000100
00a23fe
7ffff7f
3f80000
4000000
7f80000
7ffff7f
0011954
0000000
7f80000
0000001
00bb144
0000001
4000000
4000000
4000000
7ffff80
4000000
7f80000
0000100
4000000
7ffff7f
4000000
6000000
0000000
0000100
0000100
7ffffff
00001c0
0000001
005c937
7ffff80
000007f
7fcfa5d
0000001
4000000
0000300
4000000
6000000
4000000
0000300
7ffff7f
007f000
000007f
6000000
0000100
00000ff
4000000
7f80000
000007f
3ffffff
7f80000
00000ff
0000300
0000100
0000140
0000100
2000000
4000000
0000200
7ffffff
3ffffff
7ffffff
7ffffff
7f80000
4000000
4000000
0000000
0000000
7f80000
3ffffff
0000300
0000080
00000ff
4000000
3f80000
0000000
007f000
0000100
0000140
4000000
0000080
0000000
4000000
0000080
4000000
0000001
7fd9c05
0022206
3f80000
7f80000
00f43fd
3ffffff
00001c0
000007f
0000100
6000000
2000000
3f80000
4000000
0000001
0000001
7ffff80
2000000
0000000
007f000
000007f
0000300
003061a
4000000
3ffffff
3f80000
4000000
4000000
6000000
4000000
007f000
7ffff7f
0077342
7ffff7f
0000080
00000ff
3f80000
0000001
6000000
7ffff7f
2000000
3f80000
4000000
7ffff7f
7f80000
007f000
007f000
7f80000
0000001
0000100
4000000
0000080
3ffffff
0000200
0000001
6000000
7f80000
7ffffff
3ffffff
7ffff7f
00000ff
4000000
00000ff
7ffffff
4000000
0000001
7ffff80
3ffffff
0000001
4000000
4000000
0000080
0000300
7ffff80
0000000
7f97364
2000000
7ffff80
4000000
7f80000
4000000
3ffffff
0000080
7f80000
6000000
3ffffff
7f80000
00000ff
4000000
0000000
0000080
0000200
00000ff
7faedb8
2000000
3ffffff
6000000
000007f
7ffff80
0000000
0000100
0000200
0000100
00001c0
3f80000
3ffffff
6000000
000007f
7fd38b9
3ffffff
0000001
3f80000
3f80000
7ffffff
0000080
0000300
007f000
3f80000
7ffffff
2000000
6000000
4000000
7ffff7f
007f000
00000ff
0000300
6000000
0000001
4000000
0000080
2000000
0000200
6000000
3f80000
7f80000
7f80000
0000001
000007f
7ffff80
4000000
7f80000
4000000
4000000
0000300
4000000
0000100
3f80000
0000001
6000000
0000100
0000100
4000000
0000300
2000000
0000080
0000300
0000200
6000000
007f000
00000ff
6000000
7f80000
007f000
0000300
00001c0
7ffff80
6000000
4000000
7f52485
0000300
7f80000
7f80000
0000001
7ffffff
4000000
0000001
0000001
7ffff7f
0000140
7f80000
00000ff
0000000
0000140
00001c0
4000000
7f80000
7f80000
4000000
7ffff80
6000000
0000080
4000000
000007f
6000000
0000000
3f80000
000007f
0000300
7ffff80
0098550
3f80000
0000140
00001c0
4000000
0000001
0000080
00000ff
3ffffff
3ffffff
7fa24a9
7ffffff
6000000
7ffffff
00001c0
7f80000
4000000
7f64791
0000001
0000080
007f000
7ffffff
4000000
2000000
2000000
4000000
00000ff
00001c0
3f80000
3f80000
007f000
0000300
0000000
7f80000
3ffffff
3ffffff
00c7c55
00001c0
000007f
4000000
0000001
4000000
7ffffff
4000000
4000000
6000000
4000000
7ffff80
3f80000
7ffff80
6000000
7f80000
3f80000
0000080
0000100
0000100
7f80000
00001c0
0000300
0000200
000007f
0000000
0000000
7ffffff
00001c0
0000000
7ffff80
00001c0
7fec9ce
0000000
000007f
0000000
4000000
0000200
3f80000
4000000
7f80000
0000000
0000000
0000200
7ffffff
2000000
7ffff80
4000000
4000000
2000000
4000000
0000080
7f80000
0000001
0000100
7ffff80
7ffff7f
3f80000
00001c0
2000000
000007f
0000200
4000000
0000080
7ffff80
7ffff7f
0000000
007f000
0000000
000007f
0000140
7ffffff
4000000
3ffffff
3f80000
3ffffff
7f80000
0000001
0000100
00001c0
00000ff
4000000
4000000
0000000
7f80000
4000000
00001c0
0000100
0000001
4000000
4000000
7ffff7f
0000140
7ffff7f
7f80000
7ffff80
0000000
3f80000
4000000
3ffffff
7ffffff
7f3e5a9
4000000
00000ff
0000200
4000000
4000000
00000ff
00001c0
4000000
3ffffff
7ffff7f
00001c0
007f000
3ffffff
0000080
7ffff80
00a8cf1
7ffff80
0000001
0000200
0000000
00786a0
0000300
0000001
4000000
0000200
7f80000
4000000
00001c0
0000100
2000000
00000ff
0000001
7ffff80
2000000
000007f
0000001
7ffff80
0000001
4000000
2000000
0000300
6000000
0000200
4000000
0000140
4000000
0000100
0000100
4000000
3ffffff
0000001
0000140
0000100
7ffff7f
0000000
7fbc243
3ffffff
0000001
007f000
7ffffff
0000300
0000080
0000080
00001c0
0000000
7ffff7f
000007f
000007f
6000000
7ffff7f
0000140
7ffffff
000007f
4000000
000007f
000007f
0000140
7ffff80
7f80000
0000140
00001c0
00000ff
6000000
3ffffff
0000300
7ffff7f
7ffff80
005019a
0000001
007f000
000007f
7f0101d
7ffff80
2000000
0000140
7ffff7f
3f80000
0000300
7ffffff
0000080
3f80000
00000ff
000007f
4000000
7ffffff
0000200
0000000
00000ff
3ffffff
3ffffff
7ffff7f
0000200
0000080
00001c0
000007f
007f000
7ffff80
2000000
4000000
7ffffff
4000000
0000000
7ffff7f
0000080
7ffff7f
6000000
7f80000
7ffff7f
0000001
7ffff80
4000000
4000000
0000200
7ffff7f
0000200
0000001
7f67ad6
0000000
00001c0
0000200
3f80000
0000200
2000000
3f80000
0000001
7ffff80
007f000
7f80000
00000ff
3ffffff
0000080
6000000
007f000
007f000
7ffff80
4000000
7ffff7f
00001c0
0000000
3f80000
0000200
2000000
0000080
000007f
6000000
0000300
2000000
007f000
3f80000
7ffff80
0000000
3f80000
0000080
0000100
3f80000
000007f
0000000
000007f
000007f
000007f
4000000
0000140
0000001
00001c0
00000ff
7ffff80
4000000
007f000
4000000
0000000
7f80000
00001c0
007f000
0000100
6000000
0000001
0000000
0000100
7ffff80
0000300
0000100
4000000
2000000
7f80000
4000000
0000200
00a74b8
4000000
7ffff7f
0000200
007f000
0000001
4000000
0000140
0000200
7ffffff
7fe252f
4000000
6000000
7ffffff
00001c0
00000ff
007f000
0000200
4000000
00001c0
000007f
0014a83
0000140
7ffff80
4000000
4000000
7ffff80
7ffff80
00000ff
2000000
7ffff80
7ffff80
00000ff
007f000
0000080
00fd29a
00000ff
7ffffff
7ffff7f
0000000
00001c0
7ffff80
7ffff80
0000100
7ffff7f
0000200
0000001
2000000
00001c0
7f80000
4000000
2000000
0000100
00001c0
0000100
00000ff
0000200
7ffff7f
00001c0
3ffffff
0000100
6000000
7ffff80
6000000
0000080
0000080
0000001
0000000
0000200
0000200
007db06
0000100
0000100
0000001
0000200
7ffff7f
3f80000
0000200
3f80000
00001c0
4000000
7ffffff
0000080
0000000
7ffff7f
7ffff7f
7ffffff
7ffff7f
7ffff7f
0000140
0000000
0000000
7f80000
2000000
3ffffff
0000080
4000000
4000000
2000000
0000080
2000000
0000080
0000200
0000300
0000080
3f80000
6000000
7f80000
4000000
0000200
4000000
4000000
00f4a6c
00000ff
00000ff
001e16d
0000100
7ffffff
000007f
0000001
6000000
003f4ba
4000000
0000001
0000001
7f80000
7ffff80
7ffffff
0000300
0000001
004f4ba
0000300
4000000
3f80000
2000000
00001c0
7ffffff
000007f
0000100
7ffff80
7ffff7f
4000000
0000200
2000000
3f80000
0000140
7ffff80
3ffffff
0000080
3ffffff
2000000
0000000
7ffff7f
7f80000
4000000
2000000
3ffffff
3ffffff
6000000
2000000
6000000
0000300
7ffff7f
4000000
00001c0
7ffffff
3ffffff
6000000
4000000
0000200
3f80000
0000080
0000140
000007f
00000ff
00001c0
4000000
0000001
0000001
6000000
0000100
6000000
0000300
000007f
3f80000
3f80000
4000000
7f390f8
0000001
00001c0
0000100
0000200
4000000
00000ff
7ffff7f
6000000
3f80000
7ffff7f
0000001
00ce463
7f3abf8
00001c0
4000000
0000140
00000ff
0000001
0000080
7ffffff
0000001
00b6e61
4000000
2000000
7ffff7f
7ffff7f
3f80000
00000ff
007f000
4000000
0000100
4000000
7f80000
4000000
4000000
000007f
007f000
7f322ef
0000080
7ffff7f
0000000
4000000
3f80000
4000000
00001c0
007f000
7ffffff
7ffffff
000007f
4000000
000ae98
7ffffff
0000000
0000080
4000000
7f80000
7ffffff
0000000
0000300
00001c0
2000000
4000000
3f80000
0000100
7ffff7f
0000300
0000300
6000000
0000200
0000080
2000000
0000000
3ffffff
0052d0b
2000000
0000001
7ffff80
4000000
0000100
0095fd9
4000000
0000001
3ffffff
0000140
0000200
4000000
7ffff80
007f000
0000000
7ffff80
3ffffff
4000000
7ffff7f
4000000
7f0551b
0000001
0000200
7ffff80
2000000
7ffffff
4000000
7fe103c
3ffffff
7ffff7f
7ffffff
00001c0
0000200
0000080
3ffffff
7ffff7f
00000ff
0000300
6000000
7f80000
007f000
0000200
0000000
0000080
7ffffff
7ffffff
007f000
0000140
7ffff80
0000001
0000300
4000000
2000000
4000000
4000000
00000ff
00001c0
7ffff7f
7fdb9c0
7ffff7f
000007f
0000200
0000140
0000100
4000000
00000ff
007f000
4000000
000007f
2000000
7ffff7f
0000200
2000000
000007f
000007f
7ffffff
000007f
000007f
7ffff80
7ffffff
0000001
00000ff
7ffff80
7ffff7f
3ffffff
0000001
4000000
7f80000
2000000
7ffffff
4000000
2000000
0000100
6000000
7ffff7f
0000100
0000000
4000000
4000000
2000000
000007f
7ffff7f
0000080
2000000
0000000
7ffff80
2000000
0000300
0000300
7ffff7f
0000300
3ffffff
7f80000
2000000
2000000
0000140
3f80000
4000000
00000ff
3ffffff
4000000
007f000
2000000
00000ff
3f80000
4000000
000007f
7ffffff
000007f
00df22b
00000ff
0000100
7ffffff
3ffffff
0000300
3f80000
0000001
00000ff
00001c0
7ffff80
0000200
0000300
0000140
0000000
3f80000
6000000
6000000
3ffffff
0000140
000007f
4000000
0000140
000007f
7f80000
009557a
7f80000
0000001
3f80000
0000000
000007f
007f000
000007f
3f80000
7ffff80
6000000
0000100
7f80000
0000140
2000000
00000ff
0000100
4000000
2000000
4000000
0000001
0000000
0000300
4000000
7ffffff
7f2bfdb
00000ff
0000140
7ffffff
6000000
0000100
7f80000
000007f
6000000
0000001
007f000
6000000
0000100
0000001
7ffffff
0000000
0000100
2000000
4000000
00001c0
007f000
3f80000
0000001
0000080
0000000
7ffff80
3f80000
0000100
4000000
0000000
7ffffff
0000001
6000000
6000000
0000300
4000000
0000080
0000300
0000001
007f000
0000140
0000140
0000300
0000000
7ffffff
4000000
7ffff80
6000000
7ffffff
2000000
7ffffff
0000080
7ffff7f
4000000
00001c0
0000300
0000001
0000001
00001c0
007f000
4000000
00000ff
7f80000
00000ff
6000000
7ffff80
4000000
0000100
0000000
0000140
7ffff80
0000300
0000000
4000000
0000100
0000001
0000080
2000000
0000100
4000000
2000000
000007f
0000100
000007f
2000000
0000140
0000200
0000080
000007f
0000300
007f000
0000000
7f80000
0000200
7f344e7
0000200
4000000
7f80000
007f000
2000000
00000ff
00edac2
7ffff7f
3f80000
0000140
6000000
3ffffff
000007f
7ffff7f
7ffffff
0000080
7ffff80
4000000
0000080
0000100
0039eab
2000000
4000000
0000001
6000000
2000000
4000000
3f80000
00000ff
007f000
6000000
000007f
7ffffff
0000140
007f000
3f80000
7f80000
0000080
7f3bf24
0000100
4000000
7ffff80
4000000
4000000
7ffff7f
4000000
7f80000
0000140
7ffff7f
0000140
4000000
3ffffff
7f80000
0000140
2000000
4000000
006b756
2000000
7ffff7f
0000300
3ffffff
4000000
2000000
00000ff
0000140
00dc103
4000000
0000140
7ffffff
7f80000
0000001
7ffffff
4000000
0000100
0000200
0000300
007f000
007f000
0000140
00000ff
00000ff
7ffffff
0000000
4000000
7f80000
000007f
0000200
4000000
6000000
00001c0
00000ff
00000ff
4000000
0000200
007f000
2000000
4000000
7ffff80
0000080
7ffff7f
2000000
00000ff
3f80000
7f48eea
0000080
0000000
0000200
7ffff7f
4000000
7f80000
0000000
7f5969e
4000000
00001c0
007f000
7ffff7f
0000080
3ffffff
0000300
007f000
00001c0
00000ff
3f80000
6000000
0000100
00001c0
7ffff7f
7ffffff
7ffff80
3ffffff
00000ff
0000100
007f000
4000000
007f000
7ffff7f
6000000
7ffffff
0000001
2000000
0000200
00cc2bb
4000000
0000140
7ffffff
7ffffff
4000000
4000000
0000140
3f80000
2000000
4000000
7ffff7f
7ffff80
7ffffff
000007f
4000000
7ffffff
6000000
0000001
7ffffff
0000300
7ffff80
0000200
2000000
3f80000
0000001
4000000
0000001
3ffffff
4000000
0000080
0000100
3ffffff
4000000
0000080
4000000
2000000
2000000
6000000
7ffff80
0000300
7f8acd7
3ffffff
007f000
7f80000
7f80000
7ffff7f
0000001
00001c0
00000ff
7f80000
3f80000
4000000
0000000
0000140
6000000
4000000
4000000
4000000
4000000
7ffff7f
6000000
2000000
0000100
0000100
0000000
0000140
0000100
0000140
0000080
4000000
7f80000
00001c0
4000000
7ffff7f
007f000
0000300
0000100
3ffffff
00000ff
7ffff80
00001c0
007f000
7f80000
00000ff
00000ff
3f80000
6000000
4000000
0000300
7ffff80
7ffffff
4000000
3ffffff
0000001
0000080
7f80000
0000000
0000140
000007f
7ffff80
3f80000
0060d95
3ffffff
3ffffff
00001c0
00001c0
009201e
7f80000
3ffffff
0000001
7f80000
0000300
7ffffff
7ffff80
0000200
0000300
7ffffff
000007f
0000100
0000000
3ffffff
0000080
6000000
3ffffff
0000200
0000080
6000000
0000300
0000100
0000001
0000140
2000000
0000080
007f000
0000300
0000080
000007f
2000000
7ffff7f
7ffffff
7f80000
0000100
0000100
002b791
3f80000
00001c0
00347c9
00000ff
000007f
7f80000
0000001
3f80000
3ffffff
7f80000
6000000
0000001
0000100
00000ff
007f000
0000001
4000000
007f000
00001c0
6000000
7ffffff
0000140
4000000
4000000
6000000
7f87075
4000000
7f80000
7ffff7f
00000ff
6000000
0000100
0000001
4000000
0000300
7ffff7f
0000080
7ffff7f
3ffffff
0000100
4000000
7ffff80
00000ff
7f43fe6
7ffffff
4000000
7fbabeb
7f1ffca
7f80000
3ffffff
0000200
007f000
6000000
0000300
7f80000
3f80000
3f80000
0000001
4000000
3ffffff
3f80000
0000080
0000200
0000200
4000000
0000100
0000200
00000ff
4000000
0000100
0000000
0000001
00001c0
7ffff80
7ffff7f
0000100
3ffffff
0000140
7ffff80
6000000
4000000
000007f
0000001
7ffffff
0000300
7f34868
7f80000
3ffffff
7ffff7f
4000000
7f80000
4000000
3f80000
0000001
0000000
0000100
0000000
0000100
3f80000
3ffffff
7ffffff
4000000
7ffff80
7f895cb
7ffff7f
00000ff
7ffff80
4000000
7ffff7f
3f80000
4000000
00001c0
00001c0
0000000
7ffff80
0000300
0000140
0000001
7ffffff
0000000
7f80000
3f80000
007f000
00000ff
3f80000
7ffff7f
7f80000
2000000
3f80000
0000300
0000300
7ffff80
3ffffff
6000000
0000200
0000140
00cda4f
0000080
000007f
0000000
4000000
00001c0
00001c0
3f80000
6000000
4000000
000007f
0000200
0000200
2000000
4000000
00000ff
00000ff
7ffff7f
00000ff
0000001
0000300
2000000
0000080
6000000
7ffffff
2000000
7f883cd
0000080
4000000
4000000
4000000
0000000
000007f
7ffffff
0000200
000007f
4000000
4000000
000007f
7ffff80
7f81ef0
7ffff7f
7ffff80
4000000
7f7a4a7
3ffffff
0000140
6000000
0000080
0000100
2000000
00000ff
0000300
6000000
0000080
4000000
7ffff80
7ffff80
6000000
7ffff80
00000ff
00000ff
7f80000
00001c0
3f80000
0000000
00000ff
0000200
7ffff80
4000000
000007f
0000080
4000000
007f000
00001c0
7f80000
7ffff7f
000007f
007f000
0000100
00001c0
3ffffff
4000000
00000ff
00001c0
7f80000
0000100
007f000
2000000
0000300
00001c0
4000000
0000100
008bdc8
007f000
0000140
0000100
4000000
2000000
00001c0
2000000
000007f
7f80000
007f000
0000000
7f5ef28
7f42bff
007f000
00000ff
4000000
4000000
7ffff80
4000000
6000000
0000080
7fbb741
3ffffff
4000000
0000300
3f80000
0000000
4000000
007f000
0000001
4000000
4000000
3ffffff
7ffffff
7ffff80
4000000
0000140
0000200
7ffffff
0000000
7ffffff
7f80000
3ffffff
0000001
0000000
0000100
0000200
3f80000
4000000
7ffff80
7ffffff
0000200
0000001
7ffffff
3f80000
0000200
7fee703
0000140
007f000
0000140
000007f
0000200
0000100
2000000
0000300
7ffff7f
4000000
4000000
4000000
0000200
4000000
6000000
0000100
7ffff7f
3f80000
00000ff
0000100
7ffff80
6000000
0000001
3ffffff
6000000
0000100
00000ff
0000000
6000000
3f80000
00001c0
0000140
0000200
000007f
7ffffff
7fd3616
0000300
4000000
0000080
0000300
00fdf66
7ffff7f
3f80000
3f80000
0000080
0000200
0000140
4000000
3ffffff
0000140
4000000
3f80000
4000000
002d669
7ffff80
4000000
0000140
00000ff
000007f
4000000
4000000
4000000
000007f
7ffff7f
0000001
4000000
007f000
007f000
4000000
3ffffff
0000200
7ffffff
7ffff7f
7ffff7f
00000ff
0000300
0000000
0000140
7fe52ae
7ffff80
000007f
6000000
00000ff
3f80000
4000000
0000001
3ffffff
7f72c62
0000300
00000ff
4000000
4000000
7f80000
000007f
0000200
0000200
0000200
007f000
0000200
7ffff7f
000007f
00000ff
4000000
0000200
00fae12
7f80000
4000000
0000001
0000140
0000300
7ffff80
0000100
0000140
00000ff
00000ff
0000000
000dd57
0000100
0000100
7f80000
00001c0
00001c0
3f80000
0000080
7ffff80
0000001
0000080
0000140
3f80000
0000001
007f000
0000001
4000000
0000080
00001c0
7ffff80
0000080
000007f
3f80000
000007f
0000000
7ffffff
0000200
7ffff80
0000001
7f80000
0000300
000007f
7ffffff
000007f
7ffff7f
0000140
3f80000
3ffffff
7fb4435
4000000
0000001
3ffffff
3f80000
0000200
0000100
4000000
7ffff80
7ffff7f
007f000
7ffff80
0000080
3ffffff
4000000
0000100
0000300
00000ff
0000100
4000000
0000140
7f374ce
7ffff7f
0000100
6000000
0000100
0000080
7ffff80
0000300
7ffff7f
6000000
0000000
0000300
000007f
0000001
4000000
007f000
0000100
6000000
7f80000
0000200
3f80000
7ffffff
3ffffff
007f000
7f6d970
7ffff7f
0000300
4000000
4000000
0000200
0000300
0000140
2000000
00001c0
0000100
0000000
7ffffff
7f80000
7ffff7f
3ffffff
7ffff80
6000000
7ffff80
0000140
007f000
6000000
00000ff
0000300
2000000
6000000
0000200
7ffffff
0000080
0000000
007f000
4000000
7ffff7f
0000080
7ffffff
2000000
7ffff80
00001c0
00001c0
0000140
4000000
3ffffff
7ffff80
4000000
7ffffff
7ffffff
4000000
4000000
0000001
0000080
00001c0
2000000
007f000
4000000
7ffff80
0000100
0000001
0000000
0000001
0000140
4000000
7ffffff
00001c0
0000300
0000200
0000140
0000080
2000000
7ffffff
7f80000
0000000
00001c0
6000000
4000000
4000000
3f80000
0000001
4000000
3ffffff
4000000
0000000
4000000
7ffff80
7f80000
0000000
0000100
2000000
4000000
7ffff80
00000ff
2000000
0000100
0000200
3ffffff
4000000
0000080
7f59f4f
0000300
7ffffff
2000000
00000ff
6000000
7ffffff
4000000
7ffffff
009d735
3ffffff
0000300
00d8238
2000000
0000001
7ffffff
7ffffff
7ffff7f
000007f
00000ff
2000000
4000000
7ffff80
00001c0
0000200
0000200
7fc9262
007f000
007f000
6000000
0000080
0000080
2000000
6000000
6000000
0000001
007f000
0000100
4000000
2000000
0000001
7ffff7f
4000000
0000140
4000000
0000080
3f80000
0063a79
7ffff7f
7ffff7f
4000000
2000000
7f80000
0000100
7ffff7f
00001c0
007f000
0000300
0000300
0000080
00000ff
2000000
00001c0
7fb2eb7
000007f
00000ff
7f80000
7ffffff
7ffff7f
0000001
000007f
7f80000
0000080
0000140
3ffffff
3ffffff
7ffff7f
0000001
4000000
000007f
0000100
007f000
4000000
7ffffff
00000ff
007f000
0000001
3ffffff
6000000
0000200
007f000
4000000
3ffffff
0000000
7ffffff
7ffff7f
4000000
0092009
7f80000
0000080
3f80000
00384a8
3ffffff
2000000
0036360
7f80000
0000300
0000080
00000ff
0000100
7f80000
0000001
007c653
007f000
7ff3d69
0000300
7ffff80
2000000
2000000
3ffffff
3f80000
0000200
7ffff7f
0000080
2000000
4000000
7f80000
0000001
4000000
0000300
007f000
4000000
6000000
00b2fbd
0000300
7ffff80
6000000
0000100
7ffff7f
002f47c
4000000
0000140
7ffff7f
6000000
7f80000
7ffffff
008cbe6
0000200
7ffff80
7ffff7f
7f765cd
0000000
0000080
0000001
0000000
3f80000
000007f
0000140
0000140
7f80000
7ffffff
00001c0
7ffff80
00001c0
0078fef
007f000
0000080
7ffff80
7fe5cff
7ffff7f
3ffffff
6000000
4000000
4000000
0000000
3f80000
7ffffff
4000000
4000000
007f000
0000100
0028f94
0000140
3ffffff
00001c0
00000ff
4000000
3f80000
0000001
000007f
0000140
0000140
0000080
0000100
00deeff
0000001
7ffffff
0000200
0000140
0000200
4000000
3ffffff
0000100
0000200
0000001
4000000
0000000
4000000
00001c0
0000200
0000100
7ffffff
3ffffff
3f80000
00001c0
0000140
4000000
00a719c
0000100
0000100
0000080
3f80000
0000140
4000000
00000ff
7ffff7f
4000000
0000200
0000100
7f80000
4000000
00001c0
7f80000
4000000
000007f
007f000
007f000
7ffffff
0000000
000007f
4000000
7f80000
4000000
0000001
6000000
0000140
000007f
0000140
0000300
3f80000
007f000
00000ff
0000080
4000000
0000200
0000300
7fd40c8
3ffffff
00001c0
7ffffff
007f000
7f80000
0000140
0000100
7ffffff
3f80000
0000100
00001c0
0000300
000007f
0000080
0000300
2000000
2000000
7f40bea
0000080
0000001
0000100
0000100
7ffffff
000007f
007f000
0000300
7f80000
4000000
4000000
000007f
3ffffff
4000000
4000000
0046fa9
0000001
000007f
0000080
0000200
007f000
7ffff7f
0000200
0000000
00001c0
0000300
4000000
0000001
0000300
0000080
4000000
3f80000
2000000
4000000
00000ff
4000000
6000000
7ffff80
2000000
0000000
4000000
0000001
0000080
0000000
4000000
0000100
4000000
0000001
007f000
7ffff80
0000001
006cf9c
0000001
2000000
0000000
4000000
6000000
000007f
0000200
7ffff7f
4000000
4000000
00001c0
00000ff
000007f
7ffff80
007f000
7ffff80
0000100
0000080
007f000
0000100
0000200
7ffff80
00000ff
0000001
0000300
007f000
000007f
0000100
2000000
000007f
4000000
7ffff80
7ffff7f
0000100
7ffffff
0000001
0000140
7ffff80
3ffffff
0000001
7ffff7f
4000000
00001c0
007f000
007f000
0000080
0000001
000007f
7ffff80
0000140
0000140
0000001
3f80000
4000000
0000001
4000000
000007f
003064b
0000100
0000100
0000100
0000100
7f80000
7f80000
0000200
3ffffff
7ffffff
3f80000
0000300
6000000
00000ff
0000080
00000ff
0000001
4000000
0000200
0000001
007f000
7ffff80
00000ff
007f000
2000000
000007f
0000300
4000000
0000100
00001c0
0000300
4000000
7ffff80
0000300
7ffff80
7f4c908
0000140
4000000
7fa04fe
7f80000
4000000
4000000
0000140
2000000
4000000
0000001
0000140
7ffff7f
4000000
2000000
0000001
0000200
7f09427
3f80000
3f80000
0000300
3f80000
0000001
7f43e21
0000100
7ffffff
007f000
0000140
6000000
3ffffff
2000000
00001c0
0000200
0000080
00000ff
3f80000
007f000
4000000
7f80000
0000080
4000000
0000080
7ffffff
0000300
7ffff80
4000000
3ffffff
0000300
00f065f
0000001
0000140
7ffff80
6000000
4000000
0000100
4000000
7fa111e
3ffffff
0000300
0000200
000007f
0000200
2000000
7ffff7f
4000000
2000000
0000080
7ffff80
4000000
0000140
0000200
0000100
3f80000
7ffff7f
0000140
3f80000
4000000
009fc7d
3f80000
7f80000
0000300
6000000
0000140
3f80000
7ffff80
2000000
000007f
0000080
0000000
6000000
000007f
0000140
0000080
7ffffff
7f80000
7f80000
0000200
0000100
007f000
2000000
7f80000
4000000
7fa586d
7ffff80
4000000
7ffffff
7ffffff
0000100
4000000
2000000
00000ff
000007f
0000001
6000000
7f2945e
007f000
7ffff7f
7ffff80
0000100
0000080
4000000
00000ff
00001c0
0000140
0000100
00001c0
00000ff
2000000
3ffffff
00001c0
0000100
0000200
3ffffff
7ffffff
4000000
7f80000
7f80000
0000000
0000100
0000200
0000200
4000000
7ffff80
3f80000
0000001
4000000
0000080
4000000
00e6bb7
0000080
4000000
0000001
0000100
007f000
0000001
0000000
0000001
7f80000
0000300
0000001
7ffffff
0000300
3ffffff
00000ff
0000200
7ffff7f
00001c0
0000000
008f95f
6000000
7ffff80
2000000
00001c0
3f80000
2000000
00001c0
7ffff80
0000100
000007f
00000ff
0000001
007f000
0000100
0000001
7f80000
0000001
3ffffff
0000001
0000300
4000000
4000000
7f80000
7f2df7f
2000000
0000200
2000000
3ffffff
3f80000
0000080
00001c0
7ffff7f
007f000
2000000
4000000
7f80000
0000200
0000300
0000080
0000200
3f80000
2000000
0000080
000007f
7ffff7f
7f5d0d1
7ffff80
0000200
0000000
7ffff7f
0000001
0000200
0000300
6000000
0000100
7ffff80
3ffffff
0000001
00db763
4000000
000007f
0000000
00000ff
0000300
0000080
0000100
0000100
0000001
00000ff
2000000
0000140
0000100
3ffffff
7f80000
00000ff
3f80000
2000000
0000080
6000000
000007f
000007f
0000080
00000ff
0000080
0000100
7ffff7f
7ffff7f
0000200
4000000
007f000
7ffff7f
0000001
0000200
4000000
0000100
007f000
0000140
3f80000
3ffffff
000007f
00000ff
0000000
3ffffff
007f000
7ffffff
7f80000
4000000
007f000
0000001
0000000
7ffff80
00000ff
00000ff
4000000
0000200
7ffff7f
0000000
0000200
007f000
6000000
0000100
00d3d5e
0000140
2000000
00000ff
0000200
007f000
0000200
2000000
6000000
007f000
0000300
00001c0
0000001
000007f
7fa99f0
7ffffff
00000ff
0000000
3ffffff
0000001
00000ff
4000000
0000200
000007f
7ffff80
0000300
0000100
0000140
3f80000
4000000
4000000
0000140
0000001
0000200
000007f
000007f
7ffff7f
0000080
0000300
0000100
00001c0
7ffffff
3ffffff
0000140
0000200
6000000
7ffff7f
7f80000
6000000
4000000
4000000
4000000
4000000
00001c0
3f80000
7f80000
007f000
0000200
7ffffff
7ffffff
0000200
00000ff
7f80000
000007f
0000140
0000001
007f000
007f000
4000000
7fd3413
0000300
00001c0
4000000
0000300
3ffffff
000007f
0000300
4000000
0000001
00000ff
0000000
000007f
0000001
4000000
7ffff7f
7f80000
0000080
3f80000
0000000
0000140
2000000
7ffff80
0000100
0000001
6000000
0000001
4000000
0000300
7ffff80
0000100
3ffffff
0000300
0000100
3f80000
2000000
7f9d914
7f80000
7ffff80
7ffffff
7f80000
7f80000
0000080
0000200
00001c0
0000000
00000ff
0000200
4000000
0000140
0000200
0000001
4000000
000007f
000007f
000007f
7f80000
00000ff
000007f
0000200
4000000
3f80000
3ffffff
0000140
4000000
0000300
0000000
7ffff7f
0000200
4000000
00001c0
0000300
00000ff
0000001
4000000
4000000
0000300
0000200
3f80000
3f80000
00001c0
3ffffff
0000000
3ffffff
0000200
0000100
0000140
2000000
0000100
7f80000
0000080
7ffffff
0000100
007f000
00000ff
4000000
7ffffff
0000140
0000001
007f000
0000000
00000ff
007f000
4000000
007f000
7ffff7f
000007f
0000000
000007f
7f80000
000007f
007f000
7ffffff
7f80000
00001c0
3ffffff
0000300
0000080
2000000
7f80000
7f80000
00001c0
007f000
0000001
0000080
007f000
0000100
3ffffff
0000080
000007f
7ffffff
0000001
7ffffff
7f87f5f
00000ff
7f1e2dd
0000080
0000000
7f532fe
2000000
4000000
00343e7
000007f
2000000
6000000
0000080
2000000
0000300
0000000
0000080
7f80000
0000100
3f80000
0000200
6000000
0000300
6000000
2000000
000007f
7f80000
2000000
000007f
6000000
000007f
000007f
7f80000
007f000
007f000
00000ff
4000000
007f000
0000000
0000000
7ffff80
0000200
0000080
007f000
3ffffff
3ffffff
7f80000
0000000
0000140
00000ff
4000000
0000200
3f80000
008d7e0
000007f
2000000
6000000
6000000
007f000
6000000
3f80000
0000001
7ffff7f
000007f
7f80000
4000000
4000000
4000000
007f000
00001c0
4000000
3ffffff
7ffff80
0000140
0000000
007f000
00000ff
0000300
4000000
0000140
0000001
4000000
3f80000
00000ff
2000000
2000000
00000ff
0000001
0000001
0000000
7ffff7f
3ffffff
0000300
4000000
7ffff7f
0000000
0000140
4000000
0000000
3f80000
3ffffff
0000000
007f000
3f80000
00000ff
007f000
00001c0
007f000
7ffff7f
007f000
7f80000
3f80000
7ffffff
0000100
000007f
0000200
7f80000
0000140
0000080
00000ff
4000000
007f000
4000000
7f80000
000007f
0000001
0000001
0000000
4000000
3f80000
00000ff
4000000
000007f
0000100
2000000
0000300
0000001
7ffff7f
4000000
6000000
2000000
4000000
0000080
007f000
0000300
3f80000
2000000
0000100
007f000
000007f
007f000
2000000
3f80000
3ffffff
0000080
0000000
4000000
2000000
4000000
7ffff7f
0000300
0000100
0000140
6000000
6000000
00001c0
00001c0
7ffffff
4000000
0000140
0000200
0000080
000007f
4000000
3f80000
3ffffff
0000001
3ffffff
0000001
7ffff7f
4000000
0000100
0000300
4000000
0000140
4000000
000007f
000007f
00001c0
4000000
4000000
0000200
00001c0
007f000
7ffffff
0000080
3f80000
000007f
0000000
4000000
4000000
00001c0
0000140
0000001
00001c0
7f80000
7f80000
2000000
0000080
00000ff
7ffffff
7ffff7f
6000000
0032b8d
4000000
007f000
0000100
7ffff7f
4000000
0000300
4000000
2000000
6000000
006a6df
7ffff7f
3ffffff
00000ff
0000140
0000200
000007f
007f000
3ffffff
0000300
0000300
4000000
0000100
7ffff80
0000140
7f80000
0000200
007f000
7fe156e
00001c0
007f000
7ffffff
3f80000
7ffff7f
3ffffff
3f80000
7ffff7f
0000200
000007f
00001c0
0000100
4000000
6000000
7ffff7f
7ffffff
0000100
00000ff
0000100
4000000
7ffff80
00001c0
2000000
7ffff7f
7ffff7f
0000100
007f000
3f80000
3ffffff
4000000
4000000
0000080
0000200
3f80000
0000200
7f80000
6000000
0000100
7ffff7f
4000000
0000100
00000ff
00001c0
0000000
3ffffff
7f80000
0000100
7f80000
0000100
4000000
005ca4d
7f80000
7ffffff
4000000
3f80000
4000000
2000000
00001c0
4000000
3ffffff
7ffff7f
7f80000
6000000
0000300
3f80000
4000000
6000000
3ffffff
4000000
0000140
0000001
2000000
000007f
00bc319
3ffffff
000007f
0000140
0000001
7ffff7f
2000000
0000000
0000140
7ffff7f
0000100
2000000
4000000
0000100
4000000
0087013
0000001
00001c0
7ffffff
7f80000
0000001
00d5967
7ffff80
007f000
6000000
0000300
0000001
0000001
3f80000
007f000
7f80000
4000000
3f80000
7ffff80
4000000
4000000
0000100
2000000
000007f
6000000
4000000
3ffffff
002b73f
0000200
00001c0
2000000
7ffffff
0000000
3f80000
7ffff80
00001c0
00000ff
7ffffff
2000000
4000000
0000200
4000000
4000000
0000080
4000000
0000300
3f80000
00000ff
2000000
0000000
7f15be0
7ffff80
7ffff7f
0000140
6000000
2000000
4000000
0000300
0000140
00001c0
0000300
2000000
007f000
0000140
0000100
7ffff7f
3ffffff
0000000
007f000
7ffff7f
3f80000
3f80000
7f80000
0000080
3ffffff
00001c0
0000080
2000000
0000001
00000ff
4000000
0000000
0000080
0000200
7ffffff
0000080
7ffffff
0000300
2000000
000007f
2000000
4000000
007f000
0000140
0000000
2000000
2000000
0000200
4000000
0000100
4000000
3ffffff
0000080
007f000
0000100
3ffffff
7ffff80
007f000
00cf3fc
0037e2e
6000000
7f80000
0000140
4000000
3f80000
3f80000
0000140
00001c0
4000000
6000000
00001c0
0000300
6000000
0000001
0000200
0000300
007f000
4000000
0000300
3ffffff
00000ff
0000000
0000080
0000300
4000000
4000000
00000ff
3f80000
007f000
00000ff
0000140
00001c0
0000140
0000100
7ffffff
3f80000
00000ff
00000ff
0000000
3ffffff
0000300
7f80000
00001c0
7ffff80
3ffffff
000007f
3f80000
7ffff7f
0000080
00001c0
0000200
0000140
4000000
3ffffff
0000001
4000000
4000000
0000140
0000080
00001c0
0000140
0000080
3f80000
6000000
3f80000
7ffff7f
0000001
0000200
7ffffff
0000080
3f80000
6000000
2000000
0000100
7f83af3
2000000
00001c0
0000080
4000000
7f80000
0000200
00001c0
0000000
0000001
3ffffff
3ffffff
3ffffff
00001c0
7ffffff
0000080
4000000
0000200
000007f
3f80000
3ffffff
4000000
6000000
00001c0
006069b
00001c0
0070a1a
4000000
7ffff80
0000200
0000140
0000080
7ffffff
2000000
6000000
0000001
7f1a657
0000000
00c9ae3
00fc813
4000000
6000000
3ffffff
2000000
0000000
7ffffff
000007f
4000000
000007f
0000080
0000300
6000000
0000000
0000080
7ffff7f
7f80000
4000000
4000000
3ffffff
0000200
0000000
0000200
4000000
0000200
0000200
0000000
00000ff
7ffff80
4000000
0000140
0000000
0000300
0000001
007f000
7ffff80
4000000
7ffff80
6000000
7f80000
7ffff7f
4000000
2000000
0000080
2000000
000007f
7f0481c
7ffff7f
7f91b92
000007f
4000000
7ffff80
4000000
2000000
0000080
3f80000
0000080
0000001
7ffffff
001d833
0000080
0000001
0000300
0000080
0000300
0000140
3f80000
00000ff
000007f
7ffffff
000007f
2000000
0000080
4000000
0000080
0000300
3f80000
007f000
4000000
0000000
00000ff
0000001
7ffff7f
0000140
3f80000
0000100
4000000
0000100
000007f
4000000
0000300
3ffffff
3f80000
3f80000
0000080
000007f
00001c0
7ffb4af
4000000
0000300
0000100
3ffffff
0000100
0000100
00001c0
7ffffff
4000000
007f000
3f80000
4000000
0000140
007f000
4000000
7ffff80
007f000
4000000
2000000
007f000
2000000
4000000
0000080
007f000
0000140
0000000
6000000
4000000
00000ff
3ffffff
0000000
000007f
7ffffff
00001c0
00000ff
0000080
007f000
6000000
4000000
7f6eb91
0000200
0000100
6000000
000007f
3ffffff
00000ff
0000080
0000080
4000000
0000140
0000200
00000ff
0000200
0000300
7ffffff
7ffff80
7f80000
7ffffff
00001c0
4000000
3f80000
4000000
7ffff7f
00000ff
7f80000
7ffffff
7f80000
000007f
7ffff7f
00000ff
0000100
4000000
0000200
00ba102
4000000
00001c0
4000000
4000000
0000140
0000001
0000100
00159be
4000000
3ffffff
4000000
0000000
4000000
4000000
4000000
0000001
0000001
3ffffff
7f80000
00000ff
00000ff
7ffff7f
7f80000
0000001
000007f
00000ff
7ffff7f
7f80000
0000001
0000080
7ffff7f
7ffff7f
4000000
0000100
7ffff7f
0000140
7ffff80
000007f
00000ff
0000300
0000300
3f80000
0000080
0000200
7f920e9
007f000
4000000
7ffffff
4000000
6000000
007f000
00001c0
0000080
7f8f1d8
0000000
0000080
4000000
3ffffff
4000000
7f80000
4000000
0000000
00001c0
0000100
7ffff80
3ffffff
7ffff7f
0000200
4000000
0000140
2000000
0000140
0000080
00001c0
2000000
00001c0
0000200
000007f
0000200
7ffff80
2000000
7ffffff
007f000
7ffffff
0000100
0000200
7ffffff
3f80000
0000140
4000000
0000080
0000001
0000200
4000000
0000000
4000000
007f000
7ffff7f
0000080
4000000
0000140
0000080
0000140
3f80000
00001c0
003a29c
4000000
0000001
4000000
0000001
007f000
7ffffff
7ffff7f
0000100
7ffff80
7ffffff
4000000
4000000
007f000
0000300
00001c0
0000100
7ffff80
007f000
0000200
7ffffff
0000001
4000000
7f61c82
3f80000
4000000
00000ff
4000000
007f000
6000000
0000001
4000000
0000000
0000000
007f000
0000140
0000001
3ffffff
00001c0
0000100
0000200
0000140
007f000
6000000
0000100
00000ff
7ffff7f
0000140
7f29252
007f000
4000000
007f000
0000140
0000000
000007f
7ffffff
6000000
4000000
0000100
7ffffff
007f000
7ffffff
00001c0
0000300
00c7755
3ffffff
6000000
4000000
7ffffff
0000000
0000100
0000001
6000000
00e358b
3f80000
7f80000
7ffff7f
00000ff
3f80000
4000000
3f80000
4000000
0000200
0000200
7ffffff
0000140
7ffffff
7f80000
00001c0
0000001
4000000
7ffff80
7ffff80
0000100
6000000
7ffff80
000007f
7fdd8e9
7fe7052
0000001
3f80000
7ffff80
7ffff7f
7f80000
7ffff7f
0000080
000007f
3ffffff
0000001
0000100
0000001
0000140
000007f
0000140
0000100
0000140
4000000
6000000
0000080
0000300
7f80000
3ffffff
0000200
4000000
000007f
7ffffff
007f000
7ffff7f
007f000
0000001
0000001
007f000
0000080
7ffff80
3f80000
7ffffff
0000140
000007f
00000ff
2000000
0000001
0000080
7f80000
7ffff7f
00001c0
0000300
00000ff
4000000
7ffffff
4000000
4000000
007f000
0000100
0000001
0000200
0000001
007f000
7ffff7f
4000000
000007f
0000140
4000000
2000000
00d9a30
00001c0
00000ff
2000000
0000080
00000ff
0000300
0000000
7ffff80
4000000
4000000
6000000
6000000
0000140
0000300
7f80000
4000000
0000140
7ffff7f
0000080
7f80000
0000300
000007f
0000001
4000000
4000000
00001c0
7f1e6ed
7ffff80
0000200
3ffffff
7ffffff
0000140
4000000
7ffffff
007f000
4000000
0000001
7ffff80
2000000
00000ff
4000000
7f80000
3ffffff
00001c0
0000000
0000001
4000000
7ffff80
3f80000
6000000
7fe3a9a
007f000
4000000
0000300
0000100
0000001
4000000
0000300
0000200
0000140
007f000
0000100
0000080
6000000
0000200
3f80000
4000000
7ffffff
0000001
00de21f
00c877d
0000080
00000ff
0000001
0000080
0000100
4000000
000007f
7ffffff
4000000
2000000
000007f
0000300
7ffff7f
0000300
0000000
7ffff7f
000007f
7ffff7f
2000000
3f80000
3f80000
7ffff80
3ffffff
7ffff80
000007f
3ffffff
0000000
0000140
3f80000
0000080
0000100
0000100
000007f
0000140
7f80000
4000000
0000200
6000000
00001c0
0000100
7ffff80
4000000
009a8e0
0000200
007f000
0000001
3f80000
2000000
00001c0
2000000
2000000
7f80000
4000000
0000001
3f80000
0000080
0000200
00001c0
7ffffff
3f80000
7ffffff
7ffffff
6000000
0000200
4000000
6000000
0000100
7f80000
0000300
007f000
4000000
6000000
0000200
3f80000
0000001
007f000
00001c0
7f80000
000007f
007f000
000007f
6000000
0000100
0000001
0000000
007f000
6000000
007f000
0000100
2000000
00000ff
6000000
4000000
0000001
0000200
2000000
0000001
4000000
7ffff80
7ffffff
4000000
0000001
00001c0
00000ff
00001c0
4000000
0000300
000007f
7f80000
0000080
3f80000
7f80000
3f80000
00000ff
0000001
0000300
7f80000
00001c0
4000000
0000000
0000000
0000000
000007f
0000080
0000200
000007f
7f80000
0000300
4000000
00000ff
6000000
7f6d94c
2000000
00000ff
0000140
0000200
4000000
2000000
0000200
0000000
007f000
4000000
4000000
0000200
7ffff7f
7ffffff
7ffffff
0000300
3ffffff
7ffffff
0000000
0000001
2000000
6000000
007f000
009d7f6
4000000
4000000
0000300
0000100
0000000
00001c0
4000000
0000200
0000000
3ffffff
0000000
2000000
0000200
2000000
00001c0
3f80000
00001c0
0000140
2000000
0000300
7ffff80
6000000
7ffff7f
00000ff
4000000
4000000
7ffff80
0000000
0000001
0000000
0000080
0000000
4000000
002266b
7f7afde
2000000
0000001
00000ff
00001c0
6000000
4000000
0000080
0000300
0079aaa
0000300
7fcb726
4000000
7ffffff
6000000
4000000
6000000
00001c0
0000001
0000200
4000000
0000001
0000000
000007f
007f000
000007f
0000100
0000000
7ffff7f
000007f
6000000
0000140
3ffffff
4000000
7f80000
3f80000
000007f
0000001
00000ff
00001c0
4000000
7ffffff
2000000
7ffff80
3ffffff
0000080
0000000
0000140
00000ff
7ffffff
0000001
00000ff
7ffffff
0000140
3ffffff
00001c0
2000000
007f000
7f80000
0000140
0000300
00001c0
4000000
0000300
0000200
000007f
6000000
4000000
7f80000
0000001
0000001
3f80000
7ffffff
007f000
4000000
7f86013
4000000
00000ff
4000000
2000000
2000000
0000100
3ffffff
4000000
4000000
7f80000
0000140
0000080
7ffffff
4000000
4000000
7f80000
00000ff
7ffff7f
00000ff
3ffffff
0000000
0000000
0000080
0000140
0000140
0000140
7f80000
00001c0
0003fae
4000000
007f000
7ffffff
2000000
0000300
007f000
0000001
4000000
4000000
4000000
7f80000
00000ff
0000300
7ffff80
2000000
4000000
4000000
0000001
0000080
00000ff
0045b1d
4000000
2000000
4000000
000007f
6000000
3ffffff
0000140
0000000
2000000
007f000
00001c0
0000200
007f000
7ffffff
0000200
0000140
7ffff80
6000000
4000000
7fddb82
4000000
3ffffff
0000001
0000140
007f000
3ffffff
0000000
7ffff7f
7ffff7f
0000080
4000000
4000000
0000000
007f000
006e8d8
4000000
6000000
0000140
7ffffff
7ffffff
0000000
7f80000
0000100
00000ff
7f80000
0000001
0000200
0000140
0000000
0000000
7ffff80
4000000
0000140
3ffffff
4000000
00001c0
0000000
7f80000
000007f
0000100
00000ff
3ffffff
000007f
7ffff80
4000000
0000140
4000000
4000000
0000100
4000000
6000000
4000000
000007f
7ffff80
2000000
0000100
6000000
7f80000
4000000
0000200
0000000
2000000
7ffffff
0000140
4000000
4000000
4000000
00001c0
6000000
6000000
0000001
7febbda
7f80000
7ffff80
4000000
7ffff7f
0000080
7ffffff
00000ff
4000000
4000000
4000000
0000300
003b24e
0000001
4000000
0000300
0000001
3ffffff
4000000
0000140
0000200
0000100
0000100
3ffffff
007f000
00001c0
0000200
7ffff80
0000140
007f000
0000300
4000000
6000000
0000140
7ffffff
0000100
2000000
0000000
7ffffff
007f000
0000000
4000000
3f80000
0000080
3ffffff
4000000
4000000
0000000
3f80000
0000300
00000ff
0000200
3f80000
0000000
007f000
7ffff80
00000ff
4000000
00b62a1
7f80000
7fc4bde
00000ff
0000100
0000080
007f000
00000ff
0000300
4000000
0000300
000007f
00000ff
7ffffff
0000080
7ffffff
7ffff7f
0000200
00001c0
0000200
007f000
0000080
0000200
4000000
3f80000
0000140
7ffffff
0000300
0000001
7ffff80
3f80000
00a6451
7ffffff
0000000
4000000
007f000
0000200
6000000
007f000
0000200
000007f
0000200
000007f
4000000
4000000
3ffffff
0000300
2000000
007f000
7ffffff
007f000
6000000
4000000
0000140
7f80000
0000140
0000080
0000140
7ffffff
0000000
7f80000
3f80000
7f80000
7ffff7f
0000001
4000000
7ffff7f
7ffff7f
0000100
3f80000
0000140
00000ff
7ffffff
0000080
00000ff
0000000
0000080
0000140
0000300
4000000
4000000
4000000
0000698
000007f
7ffff80
007f000
0000001
000007f
0000080
7ffff80
7ffff80
000007f
7ffffff
7ffffff
4000000
00000ff
0000080
0000080
3f80000
7f80000
00000ff
7ffffff
6000000
000007f
7ffff80
7ffff7f
3ffffff
0000100
0000140
7ffff7f
0000000
4000000
0000300
6000000
00bfc52
4000000
0000000
0000001
7f80000
4000000
0063af6
4000000
0000080
4000000
0000080
00eab54
6000000
7f80000
7ffff7f
7ffff80
007f000
0000300
7f5486e
7fd6ecc
7fca106
2000000
0000140
2000000
00001c0
0000300
005eb53
0000001
7ffff7f
00001c0
0000140
0000100
0000000
7f80000
0000080
4000000
3ffffff
4000000
00000ff
007f000
6000000
00001c0
0036b00
0000080
0000200
7ffff7f
4000000
4000000
7ffffff
4000000
0000200
0000000
2000000
000007f
0000001
0000100
2000000
0000000
00001c0
3f80000
7fd781b
6000000
3f80000
7ffffff
7f80000
6000000
7f80000
7ffff80
0000080
0000100
3f80000
4000000
4000000
7ffff80
6000000
0000200
3f80000
00000ff
7ffff7f
0000080
4000000
3ffffff
2000000
00000ff
7ffff80
7ffff80
0000001
0000000
0000080
3ffffff
0000100
0000100
0000200
4000000
7f80000
4000000
4000000
0000100
000007f
007f000
7ffffff
000007f
7ffffff
7f701f9
7fef3a2
0000100
007f000
3ffffff
7ffff7f
0000200
3ffffff
0000080
3f80000
0000300
2000000
7ffff7f
7ffff7f
007f000
00000ff
0000140
6000000
00001c0
0000140
0000100
00001c0
7ffff80
4000000
007f000
0000080
7ffff7f
000007f
7ffff80
0000200
0000200
7ffff7f
4000000
7ffff80
00001c0
4000000
00000ff
0000000
7f3922e
4000000
4000000
6000000
6000000
0000300
4000000
7ffff7f
7ffff80
000007f
7f80000
0000001
0000300
000007f
4000000
3f80000
4000000
3ffffff
00001c0
0000140
0000001
4000000
4000000
007f000
6000000
6000000
0000001
0000001
007f000
0000200
0000140
0000200
3ffffff
0050066
3f80000
007f000
00001c0
7f1266a
4000000
0000300
3ffffff
7f80000
0000000
3ffffff
0000000
007f000
00e918e
000007f
00643fe
007f000
7f80000
7ffff7f
0000080
0000001
0000080
4000000
0000000
0000001
4000000
4000000
00000ff
0000000
007f000
0000140
4000000
00000ff
3f80000
0000300
4000000
4000000
0000300
2000000
0000300
3f80000
7f80000
0000200
4000000
7ffff80
6000000
7ffff80
00da52f
0000100
0000300
0000080
0000140
3ffffff
3f80000
6000000
0000001
0000300
4000000
7ffff80
3ffffff
0000100
7ffffff
7ffffff
6000000
00000ff
3f80000
7f80000
3ffffff
000007f
000007f
000007f
0000200
2000000
7ffff80
00001c0
7fc430d
7ffff7f
2000000
007f000
7ffff80
0000000
4000000
00000ff
4000000
0000080
0000080
0000300
000007f
0000200
000007f
0000001
2000000
3f80000
7fe0e96
2000000
4000000
007f000
0000080
0000001
0000080
3f80000
0000080
4000000
6000000
3ffffff
7ffff7f
0000001
7f80000
0000300
0000200
3f80000
0000001
003aa2a
6000000
4000000
0000140
0083483
0000300
4000000
007f000
0000001
0000001
7ffffff
0000080
0000300
0000000
0000100
4000000
4000000
7ffffff
000007f
2000000
7ffffff
4000000
0000200
7ffffff
0000300
4000000
3f80000
4000000
7ffff7f
008f7f0
4000000
4000000
0000100
7ffff7f
0000001
4000000
0000001
0000300
7ffffff
4000000
2000000
7fbc558
0000080
7f80000
2000000
4000000
0000200
0000000
0000001
0000200
007f000
7ffff80
4000000
0000000
7ffff80
4000000
7fab689
7f80000
0000140
0000080
2000000
4000000
7ffff7f
0000000
2000000
0000001
6000000
007f00a
0000300
0000300
00001c0
7ffffff
7ffff7f
2000000
3f80000
0000140
7ffffff
4000000
7ffff80
00c03c1
001f700
0000300
4000000
4000000
7f80000
3f80000
00001c0
000007f
0000001
7f80000
00000ff
0000000
0000200
7ffff80
00000ff
0000200
0000140
7ffff7f
7f80000
00001c0
3ffffff
00000ff
0000100
3ffffff
7ffffff
4000000
00001c0
0000300
7ffff7f
4000000
4000000
0000001
0000000
00001c0
2000000
4000000
0000000
4000000
00f333b
6000000
4000000
7f80000
6000000
00001c0
0000140
3ffffff
7ffff7f
3f80000
7ffff7f
0000001
4000000
2000000
0000200
7ffff7f
007f000
7ffff80
0000300
4000000
0000001
7fa2d65
2000000
4000000
000007f
007e485
3f80000
0000300
2000000
7ffff80
0000000
000007f
0000080
7ffff80
0000001
3f80000
0000000
0000100
0000300
0000000
00cf65c
6000000
0000140
0000001
3f80000
000007f
7ffff80
0000300
00001c0
0000001
7ffffff
0000000
7f80000
7f80000
7ffff80
007f000
4000000
0000200
3f80000
0000100
7ffff80
0000001
0000200
7ffffff
4000000
7f80000
7f80000
0000140
00aa913
3f80000
000007f
007f000
0000080
0000001
3f80000
000007f
7ffffff
000007f
2000000
0000080
000007f
0000001
0000080
3ffffff
6000000
7ffffff
7fa7e78
00000ff
3ffffff
6000000
0000000
000007f
0000200
4000000
00a2f25
007f000
7ffff80
4000000
7ffffff
00000ff
0000000
0000140
0000140
00000ff
4000000
3f80000
007f000
0000140
000007f
7f3cd67
0000080
2000000
7f80000
7ffff7f
7f80000
00000ff
007f000
7ffff7f
6000000
007f000
6000000
0000080
3ffffff
3f80000
000007f
2000000
2000000
0000001
0000001
0000001
4000000
4000000
00000ff
7ffff80
0000080
2000000
4000000
7f41b81
7f80000
00000ff
4000000
7ffff80
007f000
4000000
2000000
00001c0
000007f
3f80000
7ffff7f
0000000
4000000
0048769
0026362
00000ff
3f80000
0000300
2000000
0000100
4000000
6000000
6000000
0000000
7ffffff
0000100
3ffffff
7ffffff
4000000
0000080
000007f
0000200
3f80000
0000200
007f000
000007f
2000000
0000100
7ffff80
0000000
0000200
2000000
7ffff80
0000000
2000000
3f80000
0000300
4000000
00001c0
007f000
7fda050
3ffffff
4000000
4000000
0000001
7f80000
0000001
0000300
7ffffff
0000300
4000000
0000140
0000140
00f064c
3f80000
00000ff
0000100
7f80000
00001c0
7ffffff
7ffff80
0000300
00001c0
2000000
7ffff7f
0000300
0000300
00001c0
0000080
4000000
7ffff80
0000001
4000000
7ffffff
0000080
7ffff80
0000200
7ffff7f
0000000
3ffffff
007f000
3f80000
3ffffff
000007f
0000300
7ffff7f
0000080
4000000
7ffff7f
00001c0
2000000
00001c0
7f4d837
0000300
4000000
3ffffff
4000000
3f80000
7ffff80
0000080
0000000
008e6e4
0000140
3ffffff
3f80000
00000ff
4000000
7ffff7f
3f80000
00f49d6
00000ff
7ffff80
0000200
000007f
2000000
0000200
0000001
7ffffff
0000200
4000000
7ffff7f
005f842
4000000
0000080
7ffffff
0000200
00000ff
00001c0
0000300
0000080
7ffffff
0000200
4000000
7f540e7
00001c0
4000000
0000080
0000140
0000300
0000001
4000000
0000001
0026935
3ffffff
000007f
0000080
0000000
000007f
6000000
4000000
2000000
7f91fc0
4000000
0000001
0000140
000007f
0000000
7ffff7f
007f000
7ffffff
007f000
3ffffff
00000ff
0000080
0000000
3ffffff
3ffffff
0000001
7ffff7f
7ffff7f
0000140
006344e
4000000
7ffff7f
0000140
007f000
0000000
0010701
0000200
6000000
4000000
4000000
00001c0
3ffffff
4000000
0000000
3f80000
3ffffff
007f000
3f80000
0000300
0000300
7ffff80
00001c0
0000300
0000001
0000140
7ffffff
7ffffff
007f000
0000080
7ffff80
4000000
000007f
00001c0
0000001
4000000
0000140
00000ff
7ffff7f
4000000
3f80000
0000000
4000000
4000000
0000000
0000300
7f80000
4000000
7ffff80
4000000
4000000
7ffff7f
4000000
2000000
7ffffff
7f670c9
0000300
6000000
0000080
2000000
7ffffff
0000000
0000200
4000000
7ffffff
0000300
000007f
4000000
0000080
0000001
0000300
7ffffff
007f000
00000ff
0000200
0000001
0000000
0000140
3ffffff
4000000
6000000
2000000
0031198
0000001
6000000
7ffff80
7ffff80
0000200
4000000
00d2300
007f000
007f000
3f80000
7f80000
7ffff80
4000000
007f000
0000200
0000300
0000100
2000000
0000200
0003b65
4000000
7ffffff
00d34c8
00000ff
4000000
0080d20
4000000
4000000
00001c0
7ffff80
007f000
000007f
00000ff
2000000
3f80000
4000000
0000300
4000000
3f80000
7f80000
4000000
0000000
4000000
000007f
6000000
7ffff7f
4000000
4000000
4000000
7ffff80
4000000
0000001
0000100
7ffff7f
0000001
0000000
6000000
0000000
4000000
007f000
7ffff80
00001c0
4000000
00fc9bb
7f3e7c0
4000000
00825d8
007f000
0000000
0000080
6000000
6000000
4000000
0000000
0000100
0000100
7f471b3
0000000
0000080
3ffffff
007f000
3ffffff
2000000
000007f
0000001
7ffff7f
000007f
00000ff
0000001
7ffffff
7f80000
2000000
0000200
2000000
00000ff
3f80000
3f80000
6000000
0000000
007f000
2000000
0000140
7ffff7f
00a86e5
7ffffff
7ffffff
0000300
7ffff80
0000300
7f1f891
7ffff80
3ffffff
4000000
00000ff
4000000
0000000
0000200
7ffff7f
0000200
4000000
7ffff7f
3ffffff
0000001
0000100
4000000
000007f
0000000
4000000
0000000
00001c0
3f80000
0000001
7ffff80
00001c0
00000ff
7f80000
007f000
7ffffff
0000300
4000000
0000100
7ffff7f
7ffff80
7ffff80
0000001
7ffff80
7f80000
00000ff
7ffff80
4000000
00000ff
00000ff
0000001
7f80000
6000000
0000300
4000000
0000080
0000140
0000100
00000ff
7ffff80
4000000
7ffff7f
0000001
00000ff
0000001
6000000
4000000
0000100
0000100
4000000
7ffff7f
0000300
00001c0
4000000
7ffff80
0000000
4000000
00000ff
7ffffff
000007f
2000000
0000300
3f80000
0000140
000007f
3f80000
0000300
4000000
0000300
7ffff7f
4000000
0000001
7ffff7f
2000000
0000001
4000000
4000000
3ffffff
7f80000
7f7cc52
7ffff7f
6000000
0000001
4000000
00000ff
4000000
0034e9f
2000000
7f80000
4000000
007f000
00bc522
00edd69
0000300
7f80000
00001c0
007f000
6000000
00000ff
4000000
000007f
7fd14db
7ffff7f
7ffff80
6000000
6000000
7f86659
7f80000
6000000
3ffffff
6000000
2000000
0000001
3ffffff
7f80000
0000200
0000001
7f80000
0000080
00001c0
7ffff80
00001c0
3f80000
6000000
0000080
0000080
7f80000
00001c0
7ffff80
7fe0215
0000001
0000200
0000200
7ffff7f
007f000
0000200
6000000
3ffffff
4000000
007f000
7ffffff
7ffffff
007f000
4000000
00001c0
4000000
0000000
0000200
0000080
0000300
7ffff80
7ffffff
3f80000
4000000
7ffff80
00000ff
7f80000
000007f
7ffffff
7ffffff
4000000
4000000
0000100
7ffff7f
4000000
6000000
00000ff
0000000
000007f
4000000
2000000
0000300
3ffffff
4000000
0000100
7f80000
007f000
3ffffff
00f3ff2
6000000
0000001
4000000
3f80000
4000000
00001c0
007f000
0000000
0000200
0000100
0000000
3ffffff
00034a8
2000000
7ffff80
4000000
6000000
0000080
0000001
0000080
0000001
7ffffff
007f000
7f80000
6000000
4000000
4000000
4000000
00000ff
4000000
0000300
7ffff7f
007f000
0000000
7ffffff
3ffffff
007f000
000007f
2000000
0000000
6000000
0000100
0000300
00001c0
00001c0
0000140
00001c0
0000140
3ffffff
6000000
00000ff
3ffffff
0000200
0000080
7ffffff
4000000
3ffffff
000007f
0000001
4000000
4000000
7ffffff
0000080
7ffff80
3f80000
0000080
00001c0
7ffff80
3ffffff
4000000
0000001
0000080
3f80000
6000000
0000001
7ffffff
0000200
0000300
0000100
4000000
3f80000
0000140
0000140
7ffff7f
00000ff
3f80000
0000080
0000001
4000000
0000001
7ffffff
4000000
0000000
0000140
6000000
00001c0
7ffff80
0000000
0000300
0000001
4000000
0000000
0000080
0000100
4000000
7ffffff
7ffff80
2000000
3f80000
7ffff80
6000000
0000100
0000100
2000000
7ffff7f
0000300
0000001
0000100
007f000
3f80000
0000001
007f000
007f000
4000000
4000000
000007f
4000000
7ffffff
6000000
0000200
3f80000
7f80000
3f80000
7f80000
00a79e7
3f80000
4000000
0000080
7f80000
3f80000
000007f
0000140
7ffff80
7ffff7f
7f80000
00001c0
2000000
4000000
007f000
0000140
3ffffff
2000000
0000300
00001c0
7fe45cc
0000000
0000001
4000000
0000300
0000200
0000080
0000100
001d6ed
6000000
0000001
0000200
00001c0
2000000
0000200
3f80000
0000100
7f80000
4000000
7f80000
6000000
00000ff
0000140
3f80000
0000200
7ffff80
7ffffff
0000200
000007f
0000200
0000001
7ffff7f
3ffffff
00000ff
2000000
7ffff7f
0000100
0000001
7f80000
7fed5c6
0000300
4000000
3ffffff
0000001
00001c0
3f80000
3f80000
0000100
007f000
3ffffff
0000100
0000000
000007f
0000000
7ffff80
0000000
0000100
000007f
0000080
004824e
3ffffff
7ffff80
0000140
3ffffff
0000080
4000000
4000000
6000000
00000ff
7ffffff
00001c0
7fbe92c
0000140
007f000
0000100
7ffffff
0000200
7ffff7f
7fb1d67
00001c0
6000000
000007f
00e4a8c
0000000
7ffffff
007f000
6000000
0000200
2000000
2000000
00001c0
00001c0
4000000
0000140
3ffffff
7ffff7f
007f000
0000080
0000140
00001c0
2000000
00804dd
7ff618b
0000000
00000ff
2000000
7f80000
0000080
007f000
00001c0
7ffffff
000007f
7ffff7f
0000001
4000000
0000140
4000000
00481ee
3f80000
2000000
000007f
0000100
7f80000
4000000
002a71b
4000000
0000100
0000001
3f80000
3f80000
7ffff80
4000000
7ffff7f
0000300
7f80000
7ffffff
0000140
00000ff
4000000
7ffff7f
4000000
0000100
2000000
4000000
7f80000
007f000
0000001
0000000
000007f
7f80000
000007f
0000140
007f000
3f80000
00001c0
7ffffff
4000000
6000000
000007f
0000080
00001c0
00001c0
0000000
00000ff
0000080
7f80000
0000140
7ffff80
0000140
000007f
0000080
007f000
6000000
0000140
0000001
4000000
0000100
4000000
0000300
6000000
7f80000
3ffffff
7ffffff
2000000
4000000
007f000
7ffff80
007f000
00001c0
6000000
0000000
007f000
0000300
0000001
3ffffff
7ffffff
0000200
4000000
000007f
0000300
4000000
4000000
2000000
00000ff
2000000
0000300
0000140
4000000
7ffff80
4000000
3ffffff
000007f
0017d8f
0000000
7ffff80
7ffffff
4000000
2000000
4000000
4000000
7f80000
0000000
3f80000
0000140
0000100
7fe26b5
3ffffff
0000300
007f000
0000300
0000140
0000140
00d745b
3ffffff
7ffffff
00000ff
00000ff
2000000
7ffff80
0000140
3ffffff
6000000
3ffffff
0000200
0000100
0061544
0000300
7f80000
00001c0
0000080
00000ff
0000300
0000000
7ffff7f
0000001
0000000
4000000
7f80000
7ffff7f
00644a2
6000000
0000080
7f5d0cf
0000000
6000000
000007f
00000ff
3ffffff
6000000
7f80000
0000080
0000200
00000ff
2000000
0000080
4000000
7ffffff
0000080
7ffff7f
2000000
002129f
007f000
3ffffff
4000000
4000000
4000000
007f000
00000ff
000007f
00000ff
00fc8e6
7ffffff
6000000
3ffffff
00000ff
3ffffff
007f000
0000100
00000ff
7ffff7f
3ffffff
4000000
2000000
7ffff7f
3ffffff
4000000
00000ff
3f80000
7f80000
4000000
7ffff80
4000000
0000001
0000140
2000000
0000100
00000ff
4000000
7ffffff
4000000
007f000
00001c0
0000001
0000080
0000001
00000ff
4000000
007f000
7ffff80
7ffffff
0000200
6000000
4000000
4000000
0000200
0000000
00000ff
4000000
7ffffff
7f80000
00f8ce2
00001c0
7ffffff
6000000
0000001
000007f
3ffffff
4000000
3ffffff
00001c0
0000080
0000080
0000100
0000300
7ffffff
0000001
7ffffff
00000ff
4000000
0000140
0000000
0000000
4000000
2000000
4000000
2000000
000007f
0000300
3f80000
0000140
4000000
7ffffff
000007f
0000200
0000000
0000000
7ffff80
0000140
0000140
0000140
0000300
7f80000
3ffffff
0000300
6000000
4000000
0000200
0000300
7ffffff
0000100
00001c0
000007f
7ffffff
7ffff80
4000000
00e79e7
0000080
0000001
001bcac
0000001
6000000
0000300
0000200
000007f
7f80000
00000ff
4000000
4000000
2000000
0000100
0000000
2000000
7ffffff
6000000
0000100
4000000
7ffffff
7ffff7f
7f80000
6000000
7f80000
0000200
00000ff
0000000
0000001
0000300
0000100
0000300
2000000
0000140
0083fd7
00000ff
7fb1cfd
0000300
0000001
0000000
000007f
7ffffff
7ffffff
0000200
2000000
00000ff
00001c0
0000000
7ffff80
4000000
0000140
0000000
2000000
000007f
00ba7ed
7ffff80
00000ff
7ffff80
4000000
7ffffff
4000000
2000000
0000140
0000100
0000100
0000300
7ffff80
007f000
00000ff
6000000
000007f
0000080
7ffffff
0000300
0000300
7ffffff
2000000
007f000
0000100
0000100
0000140
3f80000
0000200
6000000
0000100
000007f
00000ff
4000000
0000100
4000000
4000000
00001c0
4000000
6000000
0000001
000007f
00e0b85
6000000
00001c0
0000080
007f000
006afcc
0000080
4000000
7f5ed83
00000ff
6000000
00000ff
00001c0
0000000
3ffffff
0000000
4000000
000007f
7ffff7f
7f80000
4000000
7f3d295
0000140
0000000
7ffff80
0000001
6000000
7ffff80
7f80000
000007f
4000000
7ffffff
4000000
000007f
007f000
0000001
4000000
4000000
3ffffff
00000ff
00000ff
6000000
0000200
0000000
4000000
3f80000
0000001
0000001
000007f
4000000
0000000
00001c0
0000140
7ffffff
00000ff
7f80000
0000080
7f80000
0000000
7f064e1
0000001
0000100
7ffffff
0000300
7f80000
7ffff80
0000100
0000080
4000000
0000001
0000001
0000000
3f80000
0000200
0000300
0000100
7ffffff
0048370
0000100
007f000
0000100
0052961
4000000
0000000
007f000
00001c0
000007f
7ffff7f
007f000
0000140
4000000
4000000
000007f
00000ff
4000000
3f80000
4000000
7ffff80
7f2706b
00000ff
4000000
0000200
3ffffff
7f80000
4000000
000007f
4000000
7f025d0
0000100
0000300
4000000
00001c0
4000000
4000000
3ffffff
0000080
0000080
4000000
0000140
6000000
7ffff7f
0000000
0000001
6000000
00a0f07
00000ff
4000000
0000001
0000080
007f000
7ffff7f
0000300
3f80000
3ffffff
0000001
7ffff80
0000200
7ffffff
7ffffff
4000000
3ffffff
00c3ee8
00000ff
3ffffff
2000000
3f80000
0000200
0000300
00000ff
00000ff
3f80000
0000140
4000000
0000300
0000200
0000300
7f80000
0000100
4000000
4000000
00d5271
0000300
0000140
00000ff
000007f
3f80000
2000000
00001c0
7ffff7f
7f80000
7fd5310
00000ff
00000ff
7ffff80
0000000
7f80000
000007f
4000000
0000140
7ffc4de
3f80000
6000000
0000080
007f000
3f80000
0000080
00001c0
007f000
0000001
0000200
7ffff80
0000100
00000ff
00001c0
7ffff80
6000000
3ffffff
3f80000
7ffff7f
7ffff7f
4000000
7ffffff
0000080
0000001
4000000
00000ff
0000001
00000ff
0000300
00001c0
4000000
000007f
7ffffff
00000ff
3ffffff
3f80000
0000200
0000100
7f80000
7ffff80
7ff7921
3f80000
7ffffff
4000000
7ffffff
0000300
007f000
00cda91
4000000
0000100
0000000
000007f
000007f
7ffff80
001ce3d
0000300
7fcb8ba
7ffffff
0000200
6000000
0000100
2000000
0000140
6000000
3f80000
7f80000
0000080
0000300
7ffffff
7ffffff
0000140
000007f
7ff8120
000007f
0000140
0000140
7ffffff
00000ff
0000080
7ffff7f
0000140
00001c0
4000000
7ffff7f
0000200
2000000
0000000
7ffff80
0000200
7ffff80
009e49f
4000000
4000000
005c57a
00001c0
0000001
00000ff
0000140
0000300
4000000
0080da2
7ffff7f
0000001
00eee71
0000000
0000001
007f000
7f6ed1e
007f000
3ffffff
6000000
0000200
00001c0
2000000
0000000
0000140
0000001
0000100
7ffffff
0000001
0000100
0000001
3ffffff
0000140
0000000
4000000
7f80000
000007f
7ffffff
4000000
0000300
7ffffff
0000200
0000001
0000080
2000000
0092463
3f80000
7ffff7f
000007f
0000200
4000000
0000001
4000000
0000080
00000ff
0000140
00001c0
7ffff80
4000000
7f80000
4000000
00001c0
4000000
6000000
7ffff7f
0000200
0000100
0000300
4000000
0000100
7ffff80
7ffff7f
7ffff7f
0000200
00001c0
4000000
0000140
007f000
000007f
7ffff80
2000000
7f5dd73
0000140
4000000
4000000
000007f
000007f
2000000
6000000
0000200
007f000
6000000
007f000
3ffffff
4000000
00001c0
3ffffff
00000ff
3ffffff
3f80000
0000200
0000001
0036083
0000100
7f4bec6
0000000
7ffff7f
4000000
3f80000
7f80000
7f80000
0052965
00000ff
00001c0
7ffff80
4000000
0000300
00000ff
0000200
7f80000
00001c0
0000100
0000140
0000300
0000140
0000300
0000100
4000000
2000000
6000000
2000000
00000ff
0000080
0000140
0000300
0000000
4000000
4000000
6000000
007f000
00001c0
00000ff
7ffff80
6000000
4000000
0000080
6000000
007f000
0000080
0000000
7ffff7f
6000000
00577a4
0000100
7ffff80
7ffff7f
0000100
000007f
2000000
7f80000
3ffffff
0000080
00000ff
7ffff7f
0000080
7ffffff
7f80000
0000140
0000300
00000ff
7ffffff
0000300
0000200
3f80000
0000100
00001c0
000007f
4000000
0000000
0000080
0000300
4000000
0000000
0000080
4000000
0000001
7f80000
0000200
7f80000
0000001
000007f
7ffff80
3f80000
2000000
0000001
0000000
7ffff80
4000000
7ffff80
7ffff7f
7ffffff
00001c0
007f000
0000100
0000200
6000000
6000000
0000140
2000000
2000000
00001c0
3ffffff
3ffffff
00000ff
007f000
4000000
3f80000
0000000
7ffffff
2000000
4000000
000007f
4000000
0000001
7ffff7f
002040e
3f80000
7ffffff
4000000
4000000
3ffffff
4000000
0000001
00ff494
3f80000
0000080
0000001
2000000
7ffffff
0000000
0000080
6000000
7ffff80
0000300
3f80000
0000080
0000140
7ffff80
7fefaa9
000007f
4000000
00000ff
4000000
7f55188
00b5654
4000000
7f80000
7ffffff
7f80000
7ffff7f
0000300
0000001
00001c0
4000000
7ffffff
6000000
4000000
000007f
7ffff80
4000000
6000000
00001c0
00000ff
3ffffff
3f80000
0000001
0000080
007f000
0000140
0000001
0000140
0000000
00001c0
3ffffff
2000000
4000000
7ffffff
0000080
0000080
4000000
000007f
007f000
4000000
6000000
007f000
00001c0
3f80000
7f80000
000007f
0000100
0000300
6000000
0000000
0000200
4000000
0000080
0000000
4000000
7ffff80
7f80000
7ffff80
0000300
4000000
4000000
3f80000
4000000
3f80000
2000000
7ffffff
000007f
0000100
4000000
007f000
000007f
007f000
0000140
000007f
0000080
4000000
4000000
0000140
0000300
007f000
00000ff
00000ff
0000080
000007f
0000000
3ffffff
3ffffff
7ffffff
000007f
0000000
2000000
7f80000
00000ff
7ffffff
6000000
0000300
00001c0
0000140
3ffffff
4000000
0000200
7ffffff
00f2dec
0000140
00000ff
0000300
0000300
0000140
6000000
007f000
0000001
00001c0
7ffffff
4000000
4000000
7ffffff
3f80000
00001c0
7ffff7f
0000300
00001c0
4000000
00000ff
0000140
00001c0
0000000
0000080
00001c0
7ffff7f
7ffff80
0000100
0000300
7ffff7f
0000000
4000000
0000001
0000001
0000000
0000200
4000000
000007f
7ffffff
000007f
0021cf2
0000080
6000000
0000300
3f80000
007f000
6000000
7ffff80
0000200
007f000
00b0773
0000080
7ffff7f
7ffff80
3ffffff
4000000
0000001
00000ff
6000000
0000140
3ffffff
4000000
0000200
0000000
0000300
00000ff
6000000
4000000
2000000
0000001
000007f
4000000
3ffffff
0000140
7ffff80
3f80000
0000200
0000001
00001c0
0000300
3f80000
7ffff80
0000001
2000000
0000140
3ffffff
0000200
00001c0
0000000
2000000
0000080
00000ff
7ffff80
00001c0
7ffff80
4000000
4000000
4000000
7ffffff
007f000
4000000
0000100
2000000
2000000
7ffff7f
0000001
6000000
0000100
4000000
0000000
0000140
0000140
7ffff7f
7ffffff
007f000
7ffff7f
0000001
4000000
3f80000
0052a11
0000140
0000200
2000000
007f000
0000000
7ffff80
4000000
000007f
0000001
4000000
6000000
00001c0
00001c0
7f80000
000007f
0000200
0000080
7ffffff
0000000
00355ca
7ffff80
4000000
4000000
4000000
000007f
0000300
0000001
7f62cd7
7ffffff
0000300
6000000
0000000
00001c0
0000100
6000000
0000300
7ffff7f
0000001
4000000
7ffff80
7ffff80
00000ff
4000000
7ffffff
3f80000
4000000
7f80000
2000000
4000000
007f000
7ffffff
2000000
0000140
3f80000
7ffff7f
0000001
7ffff7f
7ffffff
0000000
7ffffff
0000300
7ffffff
0000080
4000000
00001c0
0000140
3f80000
00000ff
7ffffff
3ffffff
0000080
4000000
000ffed
4000000
4000000
0000300
0000100
007f000
4000000
3f80000
3ffffff
000fb23
0000000
0000100
0000140
000007f
0000000
007f000
7f72b06
7ffffff
3ffffff
7ffffff
000007f
7ffff7f
0000140
7ffff80
000007f
00e833e
0000001
7ffff7f
7ffffff
0000300
3f80000
0000000
0000140
4000000
00001c0
0000000
0000080
3ffffff
0000100
0000001
0000100
4000000
4000000
0000300
7ffffff
00001c0
2000000
0000200
2000000
0000000
0000080
0000200
4000000
6000000
0000001
6000000
00000ff
00bd5cb
0000100
3ffffff
6000000
3ffffff
7ffff80
7f5136a
000007f
007f000
2000000
7ffffff
000007f
000007f
00000ff
2000000
0000200
7ffff80
4000000
00000ff
0000140
7ffff80
7ffff7f
000007f
3f80000
7ffff7f
3f80000
0000140
0000000
3f80000
0000300
3ffffff
7ffff80
0000300
0000140
4000000
2000000
3f80000
0000000
0000001
4000000
7f80000
0000000
6000000
00fc506
3f80000
7ffffff
4000000
0000001
4000000
0000140
7ffff80
3ffffff
0000140
7f80000
00000ff
7f80000
7f80000
7ffffff
00000ff
00000ff
4000000
3f80000
3ffffff
00001c0
7f80000
000007f
7ffff7f
7ffffff
3f80000
000007f
4000000
00000ff
3f80000
0000100
007f000
0000080
4000000
7ffff7f
00000ff
3ffffff
0000000
3ffffff
3f80000
7f9be5e
3f80000
4000000
0000001
6000000
4000000
4000000
2000000
00000ff
3ffffff
7ffffff
4000000
4000000
0000200
7ffff80
0000001
000007f
0000001
7f80000
0000001
3f80000
7fcc979
7ffff7f
0000140
0000100
7ffff80
0000300
000007f
00000ff
0000000
7ffff7f
00000ff
0000140
0000200
7ffffff
3ffffff
0000000
00001c0
000007f
3ffffff
00000ff
4000000
007f000
6000000
0000140
7ffff80
3f80000
007f000
0000001
4000000
0000200
0000080
0000001
00f85be
3f80000
3ffffff
00ad61f
007f000
7ffff80
3f80000
0000200
0000080
7f80000
000007f
00c45a7
4000000
7ffff80
0000001
0000140
0000300
7fa1171
7ffff7f
6000000
6000000
2000000
0000300
7ffffff
7f80000
000007f
7ffffff
0000100
0000300
3ffffff
6000000
3ffffff
0000200
0000200
007f000
0000000
00001c0
3f80000
0000000
4000000
7ffff7f
4000000
4000000
00000ff
000007f
4000000
0000200
4000000
7ffff80
3ffffff
3ffffff
4000000
3ffffff
00001c0
0000001
0000300
0000080
7ffffff
0000080
4000000
7f42d7b
4000000
0000140
4000000
0000140
0042a34
0000100
0000200
00000ff
7ffffff
00555e7
4000000
3f80000
7ffffff
00001c0
3f80000
0000200
6000000
0000100
007f000
7f80000
0000200
000007f
2000000
0000100
7f80000
0000200
4000000
0000300
4000000
000007f
0000000
0000200
000007f
7f80000
00b239f
4000000
007f000
0000000
3ffffff
007f000
0000200
4000000
3ffffff
3ffffff
7f80000
4000000
0000000
7ffff7f
0000100
0000140
00000ff
2000000
0000300
3ffffff
00000ff
7ffff7f
0000100
4000000
00000ff
3ffffff
0000080
7ffff7f
00001c0
7f80000
7ffff80
6000000
4000000
4000000
0000140
0000000
4000000
4000000
0000080
0000001
7ffffff
00000ff
4000000
4000000
7ffffff
7ffff7f
0000000
3ffffff
0000200
0000100
4000000
0000080
7ffff80
3ffffff
0000000
4000000
6000000
7ffff7f
7f80000
4000000
4000000
00000ff
7f80000
7ffff7f
6000000
0000001
00000ff
3f80000
007f000
7ffffff
4000000
000007f
0000001
0000001
0000001
0000000
0000140
7ffff80
2000000
4000000
4000000
7ffff7f
2000000
7ffff80
4000000
000007f
7ffff7f
3f80000
3ffffff
7ffff80
007f000
0000200
4000000
00001c0
000007f
0000300
7f80000
00f28ed
0000000
2000000
00001c0
7ffff80
0000140
0000300
2000000
7ffff7f
4000000
7f80000
0000100
7f6f660
007f000
0000000
000007f
0000200
4000000
0000001
00001c0
4000000
0000000
000007f
3ffffff
4000000
7f93853
7ffff80
3ffffff
7ffffff
6000000
000007f
007f000
0000300
0000100
4000000
0000300
0000001
000007f
2000000
00000ff
0000000
4000000
0000001
7ffffff
7ffffff
2000000
00001c0
4000000
7ffff7f
00000ff
0000001
7fb2de6
0000000
00000ff
7f10d0c
3f80000
7febaaf
00001c0
7ffff80
000007f
0000001
0000140
00001c0
2000000
00001c0
0000001
4000000
0000300
0000001
3ffffff
0000000
00001c0
7f80000
0000300
0000300
7ffffff
7ffff7f
0000200
000007f
7ffff7f
0000001
0000080
00000ff
00000ff
4000000
4000000
0000200
0000300
2000000
0000001
007f000
0000000
7ffff7f
0000000
0000001
0000140
00000ff
0000080
2000000
000007f
7ffffff
0000100
3ffffff
3f80000
7f80000
002a2cd
0000001
007f000
0000140
007f000
3ffffff
0000140
6000000
6000000
0000200
2000000
4000000
0000001
0000300
2000000
0000000
6000000
0000200
4000000
000007f
0000080
7ffffff
7f80000
7ffff80
6000000
2000000
0000300
7f80000
00b5ffa
007f000
0000100
7ffff80
6000000
3f80000
3ffffff
0000300
00001c0
7ffff7f
4000000
007f000
0000000
2000000
0000140
4000000
0000000
3f80000
7ffff7f
0000140
6000000
0000140
3ffffff
7ffff7f
00395b0
00001c0
7ffff80
00001c0
7ffff80
4000000
7ffff80
0000140
7ffff7f
7f80000
0000200
6000000
7f80000
7ffffff
0000000
0000100
7f80000
3ffffff
0000001
0000140
0000001
6000000
0000001
007f000
7ffffff
4000000
3ffffff
4000000
007f000
7ffffff
4000000
007f000
7f93bfb
7ffff80
7f80000
3f80000
0000100
0000300
6000000
7f80000
4000000
7f80000
3ffffff
00000ff
3f80000
4000000
7ffffff
0000100
3ffffff
6000000
7ffff7f
6000000
0000001
0000000
0000100
7f16486
2000000
7ffffff
007f000
0000080
000007f
007f000
4000000
3f80000
3f80000
7ffff7f
7ffffff
0000100
2000000
3ffffff
7ffff80
0000000
4000000
6000000
0000100
4000000
7ffffff
3f80000
4000000
7ffffff
7ffffff
0000100
00001c0
0000300
0000080
0000000
7ffffff
0000001
4000000
0000001
00001c0
0000000
7ffffff
00000ff
7f5730d
3ffffff
0000100
3ffffff
007f000
007f000
2000000
3f80000
4000000
0000100
7ffffff
0000200
7ffffff
0000140
0000140
6000000
0000140
3f80000
7ffffff
3f80000
2000000
4000000
7f80000
0000300
2000000
007f000
0000080
4000000
0000001
4000000
3ffffff
0000200
0000000
6000000
0000200
007f000
4000000
7f80000
0000000
0000200
007f000
4000000
0000000
7f80000
7f80000
007f000
7ffff80
0000200
7ffff7f
00001c0
000007f
3f80000
0000100
3ffffff
4000000
00001c0
0000001
6000000
00000ff
0000200
2000000
7ffff80
000007f
3f80000
4000000
0000200
0000000
0000100
0000300
7f80000
7fde393
7ffff7f
7ffff7f
0000080
2000000
000007f
0000001
0000140
0000001
7ffff7f
3f80000
0000200
7ffffff
4000000
4000000
0000300
4000000
7ffff7f
0000200
0000001
0000300
007f000
4000000
0000080
0000000
7f798c5
00000ff
0000001
4000000
4000000
0000080
0000100
7ffff7f
00001c0
00001c0
0000300
0000140
0000080
7f80000
0000140
3f80000
2000000
4000000
4000000
0000001
7ffff7f
0000300
7fda2b7
7ffff7f
0000100
0000001
4000000
4000000
4000000
0000140
3ffffff
0000100
009b2ee
0000080
0000001
0000001
3f80000
0000100
2000000
7ffffff
0000200
4000000
0000300
0000080
7ffffff
7f80000
7f80000
6000000
00000ff
0000140
3ffffff
00259dd
4000000
0000200
4000000
00f14c6
000007f
0000001
7ffff80
0000140
0000300
2000000
7ffffff
007f000
00000ff
00000ff
7fad4be
7f13209
4000000
7f80000
7ffff80
3f80000
00000ff
7ffff7f
4000000
0000001
3ffffff
00000ff
4000000
4000000
0000300
00001c0
4000000
4000000
0000080
0000140
4000000
7ffffff
0000140
4000000
3f80000
007f000
0000100
0000200
000007f
7ffff7f
0000200
3f80000
2000000
0000000
4000000
0000000
7ffff80
0000200
4000000
0000140
0000300
4000000
0000000
0000200
00001c0
3f80000
7fa8252
007f000
2000000
4000000
4000000
0000300
7ffffff
0000000
3ffffff
4000000
0000001
0000300
7ffff80
7f80000
0000080
0000000
000007f
7ffff7f
4000000
0000001
2000000
00001c0
7ffffff
0000140
0000140
7ffff7f
3f80000
00000ff
0000200
00000ff
7ffff80
0000300
00000ff
000007f
7ffff80
0000200
4000000
4000000
0000100
0000001
0000100
3ffffff
7ffffff
7f80000
00000ff
000007f
7f80000
3ffffff
0000300
0000300
0000080
00000ff
00000ff
0000080
7f80000
7f80000
0000000
0000300
7ffffff
0000200
3f80000
4000000
00001c0
0000000
0000200
7ffff7f
7fc7095
0000200
7ffff80
0000100
00001c0
7ffff7f
000007f
2000000
0000000
6000000
7f894a3
7ffff7f
7ffff80
00370b6
0000140
0000000
4000000
4000000
2000000
0000000
0000200
0000200
2000000
3ffffff
2000000
7ffff80
007f000
000007f
3ffffff
00000ff
0000140
4000000
6000000
7ffff7f
007f000
007f000
7ffff7f
0000200
00001c0
6000000
3f80000
0000000
7ffff7f
0000001
007f000
4000000
7ffffff
7ffff80
00000ff
0000200
7ffff7f
0000140
6000000
0000200
0000080
00001c0
0000000
7f7f4d2
0000000
007f000
7f80000
4000000
0000200
7ffff80
3f80000
0000080
0000300
3ffffff
000007f
0000001
005b4eb
0000080
7fee886
7ffffff
6000000
0000100
3ffffff
00001c0
4000000
0000100
00000ff
4000000
4000000
00001c0
0000140
7ffff80
7ffffff
007f000
7ffff80
0000000
0000001
4000000
0000200
2000000
00001c0
7f6f20a
4000000
0000300
7f80000
7ffff80
4000000
4000000
4000000
0000000
2000000
2000000
0000200
0000000
2000000
7f8a849
0000140
0000200
0000080
0000100
7ffff80
007f000
0000100
000007f
0000001
0000300
7ffff80
000007f
2000000
00001c0
0000300
7ffff7f
4000000
2000000
3f80000
00001c0
0000200
4000000
7ffff80
3f80000
4000000
0000001
0000140
00001c0
00001c0
000007f
00001c0
0000000
7ffff7f
6000000
2000000
3f80000
0000080
0000200
4000000
0000001
000007f
7ffff80
7ffffff
7ffffff
0000100
007f000
0000080
0000000
4000000
3ffffff
4000000
00001c0
007f000
0000080
7ffffff
3ffffff
0000001
007f000
7ffffff
0000140
000007f
0000001
7ffff7f
0000000
2000000
2000000
3ffffff
0000100
4000000
4000000
7ffff7f
3f80000
7ffff7f
0000300
0000140
7ffffff
4000000
7ffff80
0000000
000007f
0000001
4000000
0000080
7f80000
3f80000
7f80000
4000000
6000000
3ffffff
7f80000
2000000
7ffff7f
007f000
4000000
007f000
7f80000
007f000
4000000
7ffffff
3ffffff
6000000
0000080
7ffff80
0000080
7ffff80
00001c0
2000000
4000000
0000200
0000080
7fd1a9e
7f80000
0000100
7ffff7f
2000000
0000300
4000000
0000080
6000000
0000200
00000ff
0000300
0000100
007f000
0000080
4000000
2000000
0000100
00000ff
7ffff80
007f000
2000000
3ffffff
7ffff7f
6000000
7ffff7f
0000300
00001c0
7ffffff
3ffffff
2000000
7f80000
4000000
7ffff7f
0000001
00000ff
00000ff
00000ff
2000000
007f000
3ffffff
3f80000
2000000
3ffffff
4000000
3ffffff
7ffff7f
00000ff
0000100
0000200
3ffffff
0000200
000007f
7ffff80
0000080
2000000
0000100
0000300
7f80000
3ffffff
3f80000
7ffff80
3f80000
00000ff
7ffff7f
0000000
4000000
0000100
3ffffff
0000000
00001c0
7ffffff
2000000
7ffffff
0000001
0000000
4000000
3f80000
0000080
7ffffff
0046008
0000200
4000000
3ffffff
0000300
00000ff
0000200
4000000
3f80000
4000000
2000000
7ffff7f
0000200
3ffffff
0000001
7f80000
00001c0
0000080
00a4786
0045e25
3f80000
0000100
2000000
3f80000
2000000
4000000
00001c0
4000000
7f80000
000007f
0000100
7ffff7f
7f80000
7ffffff
6000000
7ffff7f
00000ff
7ffff7f
3ffffff
000007f
2000000
4000000
00000ff
0000200
0000140
0000080
7ffffff
4000000
4000000
3f80000
3f80000
0000300
7f80000
0000200
0000000
00000ff
4000000
007f000
7ffff80
7f80000
4000000
4000000
0000080
4000000
4000000
7f80000
7ffff80
6000000
0000300
7ffff7f
0000100
7f80000
7ffffff
007f000
0000000
2000000
000007f
0000300
3f80000
4000000
0000100
0000001
7f80000
0000080
7ffff7f
0000300
7ffff80
2000000
4000000
2000000
2000000
6000000
7fb9fa2
0000100
7f80000
7ffff7f
7ffff80
7ffff80
0000140
0000080
00001c0
3ffffff
3ffffff
007f000
4000000
000007f
4000000
7ffff80
0000200
00001c0
0000300
00001c0
00001c0
00000ff
6000000
007f000
7ffff7f
4000000
0000200
0000300
2000000
000007f
007f000
7f80000
007f000
000007f
4000000
7f3c903
4000000
3f80000
6000000
0000080
3ffffff
00001c0
7f80000
00000ff
7ffffff
0000000
4000000
00000ff
0000300
7ffffff
0000080
7ffffff
0000140
00000ff
0000300
7ffff80
4000000
2000000
6000000
7ffff7f
3f80000
0000001
3f80000
7f80000
0000080
0000300
0000000
7ffff7f
0000140
7ffff80
00000ff
0000080
0000100
3f80000
0000001
0000000
00ab16e
0000200
0000100
007f000
6000000
3f80000
3ffffff
3ffffff
2000000
00000ff
000007f
3f80000
2000000
3f80000
0000100
7fccbe6
0000001
0000080
00001c0
0000100
0000080
0000100
00001c0
7f80000
3f80000
3ffffff
2000000
00000ff
0000001
3ffffff
7f80000
7ffff80
4000000
6000000
7ffffff
4000000
4000000
7ffff7f
7ffff80
3ffffff
4000000
007f000
7f2cb38
0000000
6000000
2000000
0000080
7ffff7f
2000000
0000100
4000000
4000000
00000ff
00cb1bc
0000000
0000140
0000100
7ffff7f
00000ff
0000001
4000000
00001c0
6000000
0000001
0000140
0000200
2000000
6000000
0000080
000007f
00000ff
00000ff
0000100
4000000
4000000
6000000
7f80000
4000000
4000000
6000000
0000100
0000300
4000000
4000000
00000ff
0000080
0000080
2000000
00000ff
00000ff
0000000
7f220c8
2000000
0000140
6000000
000007f
007f000
000007f
2000000
7ffffff
3f80000
4000000
0000300
0000200
0000140
4000000
00ce28b
0000100
7ffff80
00001c0
0000001
0000140
6000000
6000000
0000200
0000100
6000000
00001c0
7ffff80
7ffffff
00001c0
3ffffff
0000200
0000200
4000000
4000000
