Copyright 1986-2021 Xilinx, Inc. All Rights Reserved.
----------------------------------------------------------------------------------------------------
| Tool Version      : Vivado v.2021.2 (win64) Build 3367213 Tue Oct 19 02:48:09 MDT 2021
| Date              : Tue Sep  8 22:03:06 2026
| Host              : nc23 running 64-bit major release  (build 9200)
| Command           : report_timing -max_paths 20 -file E:/ae_syn/hb_h1/runs/eng64/route/timing.rpt
| Design            : top_eng64
| Device            : xczu7ev-ffvc1156
| Speed File        : -2  PRODUCTION 1.29 08-03-2020
| Temperature Grade : E
----------------------------------------------------------------------------------------------------

Timing Report

Slack (VIOLATED) :        -0.696ns  (required time - arrival time)
  Source:                 u_eng/wb_row8_reg[2]_rep__5/C
                            (rising edge-triggered cell FDCE clocked by clk  {rise@0.000ns fall@1.649ns period=3.298ns})
  Destination:            u_eng/wb_data_r_reg[94]/D
                            (rising edge-triggered cell FDRE clocked by clk  {rise@0.000ns fall@1.649ns period=3.298ns})
  Path Group:             clk
  Path Type:              Setup (Max at Slow Process Corner)
  Requirement:            3.298ns  (clk rise@3.298ns - clk rise@0.000ns)
  Data Path Delay:        3.974ns  (logic 0.692ns (17.413%)  route 3.282ns (82.587%))
  Logic Levels:           7  (LUT3=1 LUT6=3 MUXF7=2 MUXF8=1)
  Clock Path Skew:        -0.010ns (DCD - SCD + CPR)
    Destination Clock Delay (DCD):    0.020ns = ( 3.318 - 3.298 ) 
    Source Clock Delay      (SCD):    0.030ns
    Clock Pessimism Removal (CPR):    0.000ns
  Clock Uncertainty:      0.035ns  ((TSJ^2 + TIJ^2)^1/2 + DJ) / 2 + PE
    Total System Jitter     (TSJ):    0.071ns
    Total Input Jitter      (TIJ):    0.000ns
    Discrete Jitter          (DJ):    0.000ns
    Phase Error              (PE):    0.000ns

    Location             Delay type                Incr(ns)  Path(ns)    Netlist Resource(s)
  -------------------------------------------------------------------    -------------------
                         (clock clk rise edge)        0.000     0.000 r  
                                                      0.000     0.000 r  clk (IN)
                         net (fo=251811, unset)       0.030     0.030    u_eng/clk
    SLICE_X53Y91         FDCE                                         r  u_eng/wb_row8_reg[2]_rep__5/C
  -------------------------------------------------------------------    -------------------
    SLICE_X53Y91         FDCE (Prop_FFF_SLICEM_C_Q)
                                                      0.076     0.106 r  u_eng/wb_row8_reg[2]_rep__5/Q
                         net (fo=7, routed)           0.840     0.946    u_eng/wb_row8_reg[2]_rep__5_n_0
    SLICE_X52Y131        MUXF7 (Prop_F7MUX_CD_SLICEL_S_O)
                                                      0.063     1.009 r  u_eng/wb_data_r_reg[126]_i_278/O
                         net (fo=1, routed)           0.000     1.009    u_eng/wb_data_r_reg[126]_i_278_n_0
    SLICE_X52Y131        MUXF8 (Prop_F8MUX_BOT_SLICEL_I0_O)
                                                      0.026     1.035 r  u_eng/wb_data_r_reg[126]_i_96/O
                         net (fo=3, routed)           0.447     1.482    u_eng/wb_data_r_reg[126]_i_96_n_0
    SLICE_X50Y126        LUT6 (Prop_E6LUT_SLICEM_I3_O)
                                                      0.148     1.630 r  u_eng/wb_data_r[126]_i_31/O
                         net (fo=4, routed)           1.170     2.800    u_eng/wb_data_r[126]_i_31_n_0
    SLICE_X50Y222        LUT6 (Prop_G6LUT_SLICEM_I2_O)
                                                      0.090     2.890 r  u_eng/wb_data_r[94]_i_11/O
                         net (fo=1, routed)           0.017     2.907    u_eng/wb_data_r[94]_i_11_n_0
    SLICE_X50Y222        MUXF7 (Prop_F7MUX_GH_SLICEM_I1_O)
                                                      0.067     2.974 r  u_eng/wb_data_r_reg[94]_i_4/O
                         net (fo=1, routed)           0.626     3.600    u_eng/wb_data_r_reg[94]_i_4_n_0
    SLICE_X44Y246        LUT6 (Prop_E6LUT_SLICEL_I0_O)
                                                      0.123     3.723 r  u_eng/wb_data_r[94]_i_2/O
                         net (fo=1, routed)           0.133     3.856    u_eng/wb_data_r[94]_i_2_n_0
    SLICE_X44Y248        LUT3 (Prop_D6LUT_SLICEL_I0_O)
                                                      0.099     3.955 r  u_eng/wb_data_r[94]_i_1/O
                         net (fo=1, routed)           0.049     4.004    u_eng/wb_data_r[94]_i_1_n_0
    SLICE_X44Y248        FDRE                                         r  u_eng/wb_data_r_reg[94]/D
  -------------------------------------------------------------------    -------------------

                         (clock clk rise edge)        3.298     3.298 r  
                                                      0.000     3.298 r  clk (IN)
                         net (fo=251811, unset)       0.020     3.318    u_eng/clk
    SLICE_X44Y248        FDRE                                         r  u_eng/wb_data_r_reg[94]/C
                         clock pessimism              0.000     3.318    
                         clock uncertainty           -0.035     3.283    
    SLICE_X44Y248        FDRE (Setup_DFF_SLICEL_C_D)
                                                      0.025     3.308    u_eng/wb_data_r_reg[94]
  -------------------------------------------------------------------
                         required time                          3.308    
                         arrival time                          -4.004    
  -------------------------------------------------------------------
                         slack                                 -0.696    

Slack (VIOLATED) :        -0.686ns  (required time - arrival time)
  Source:                 u_eng/tile_buf_reg[6][118][6]/C
                            (rising edge-triggered cell FDRE clocked by clk  {rise@0.000ns fall@1.649ns period=3.298ns})
  Destination:            u_eng/wb_data_r_reg[62]/D
                            (rising edge-triggered cell FDRE clocked by clk  {rise@0.000ns fall@1.649ns period=3.298ns})
  Path Group:             clk
  Path Type:              Setup (Max at Slow Process Corner)
  Requirement:            3.298ns  (clk rise@3.298ns - clk rise@0.000ns)
  Data Path Delay:        3.966ns  (logic 0.790ns (19.919%)  route 3.176ns (80.081%))
  Logic Levels:           8  (LUT3=1 LUT6=4 MUXF7=2 MUXF8=1)
  Clock Path Skew:        -0.008ns (DCD - SCD + CPR)
    Destination Clock Delay (DCD):    0.021ns = ( 3.319 - 3.298 ) 
    Source Clock Delay      (SCD):    0.029ns
    Clock Pessimism Removal (CPR):    0.000ns
  Clock Uncertainty:      0.035ns  ((TSJ^2 + TIJ^2)^1/2 + DJ) / 2 + PE
    Total System Jitter     (TSJ):    0.071ns
    Total Input Jitter      (TIJ):    0.000ns
    Discrete Jitter          (DJ):    0.000ns
    Phase Error              (PE):    0.000ns

    Location             Delay type                Incr(ns)  Path(ns)    Netlist Resource(s)
  -------------------------------------------------------------------    -------------------
                         (clock clk rise edge)        0.000     0.000 r  
                                                      0.000     0.000 r  clk (IN)
                         net (fo=251811, unset)       0.029     0.029    u_eng/clk
    SLICE_X58Y93         FDRE                                         r  u_eng/tile_buf_reg[6][118][6]/C
  -------------------------------------------------------------------    -------------------
    SLICE_X58Y93         FDRE (Prop_EFF_SLICEL_C_Q)
                                                      0.079     0.108 r  u_eng/tile_buf_reg[6][118][6]/Q
                         net (fo=2, routed)           0.631     0.739    u_eng/tile_buf_reg_n_0_[6][118][6]
    SLICE_X52Y112        LUT6 (Prop_G6LUT_SLICEL_I1_O)
                                                      0.149     0.888 r  u_eng/wb_data_r[126]_i_835/O
                         net (fo=1, routed)           0.008     0.896    u_eng/wb_data_r[126]_i_835_n_0
    SLICE_X52Y112        MUXF7 (Prop_F7MUX_GH_SLICEL_I1_O)
                                                      0.056     0.952 r  u_eng/wb_data_r_reg[126]_i_406/O
                         net (fo=1, routed)           0.000     0.952    u_eng/wb_data_r_reg[126]_i_406_n_0
    SLICE_X52Y112        MUXF8 (Prop_F8MUX_TOP_SLICEL_I0_O)
                                                      0.026     0.978 r  u_eng/wb_data_r_reg[126]_i_160/O
                         net (fo=6, routed)           0.411     1.389    u_eng/wb_data_r_reg[126]_i_160_n_0
    SLICE_X50Y109        LUT6 (Prop_A6LUT_SLICEM_I3_O)
                                                      0.090     1.479 r  u_eng/wb_data_r[126]_i_47_replica/O
                         net (fo=2, routed)           1.216     2.695    u_eng/wb_data_r[126]_i_47_n_0_repN
    SLICE_X52Y220        LUT6 (Prop_F6LUT_SLICEL_I5_O)
                                                      0.123     2.818 r  u_eng/wb_data_r[62]_i_10/O
                         net (fo=1, routed)           0.011     2.829    u_eng/wb_data_r[62]_i_10_n_0
    SLICE_X52Y220        MUXF7 (Prop_F7MUX_EF_SLICEL_I0_O)
                                                      0.064     2.893 r  u_eng/wb_data_r_reg[62]_i_4/O
                         net (fo=1, routed)           0.728     3.621    u_eng/wb_data_r_reg[62]_i_4_n_0
    SLICE_X49Y242        LUT6 (Prop_H6LUT_SLICEM_I0_O)
                                                      0.053     3.674 r  u_eng/wb_data_r[62]_i_2/O
                         net (fo=1, routed)           0.112     3.786    u_eng/wb_data_r[62]_i_2_n_0
    SLICE_X49Y242        LUT3 (Prop_G6LUT_SLICEM_I0_O)
                                                      0.150     3.936 r  u_eng/wb_data_r[62]_i_1/O
                         net (fo=1, routed)           0.059     3.995    u_eng/wb_data_r[62]_i_1_n_0
    SLICE_X49Y242        FDRE                                         r  u_eng/wb_data_r_reg[62]/D
  -------------------------------------------------------------------    -------------------

                         (clock clk rise edge)        3.298     3.298 r  
                                                      0.000     3.298 r  clk (IN)
                         net (fo=251811, unset)       0.021     3.319    u_eng/clk
    SLICE_X49Y242        FDRE                                         r  u_eng/wb_data_r_reg[62]/C
                         clock pessimism              0.000     3.319    
                         clock uncertainty           -0.035     3.284    
    SLICE_X49Y242        FDRE (Setup_GFF_SLICEM_C_D)
                                                      0.025     3.309    u_eng/wb_data_r_reg[62]
  -------------------------------------------------------------------
                         required time                          3.309    
                         arrival time                          -3.995    
  -------------------------------------------------------------------
                         slack                                 -0.686    

Slack (VIOLATED) :        -0.676ns  (required time - arrival time)
  Source:                 u_eng/wb_row8_reg[3]_rep__1/C
                            (rising edge-triggered cell FDCE clocked by clk  {rise@0.000ns fall@1.649ns period=3.298ns})
  Destination:            u_eng/wb_data_r_reg[82]/D
                            (rising edge-triggered cell FDRE clocked by clk  {rise@0.000ns fall@1.649ns period=3.298ns})
  Path Group:             clk
  Path Type:              Setup (Max at Slow Process Corner)
  Requirement:            3.298ns  (clk rise@3.298ns - clk rise@0.000ns)
  Data Path Delay:        3.955ns  (logic 0.693ns (17.522%)  route 3.262ns (82.478%))
  Logic Levels:           7  (LUT3=2 LUT6=2 MUXF7=1 MUXF8=2)
  Clock Path Skew:        -0.009ns (DCD - SCD + CPR)
    Destination Clock Delay (DCD):    0.021ns = ( 3.319 - 3.298 ) 
    Source Clock Delay      (SCD):    0.030ns
    Clock Pessimism Removal (CPR):    0.000ns
  Clock Uncertainty:      0.035ns  ((TSJ^2 + TIJ^2)^1/2 + DJ) / 2 + PE
    Total System Jitter     (TSJ):    0.071ns
    Total Input Jitter      (TIJ):    0.000ns
    Discrete Jitter          (DJ):    0.000ns
    Phase Error              (PE):    0.000ns

    Location             Delay type                Incr(ns)  Path(ns)    Netlist Resource(s)
  -------------------------------------------------------------------    -------------------
                         (clock clk rise edge)        0.000     0.000 r  
                                                      0.000     0.000 r  clk (IN)
                         net (fo=251811, unset)       0.030     0.030    u_eng/clk
    SLICE_X50Y241        FDCE                                         r  u_eng/wb_row8_reg[3]_rep__1/C
  -------------------------------------------------------------------    -------------------
    SLICE_X50Y241        FDCE (Prop_HFF2_SLICEM_C_Q)
                                                      0.078     0.108 r  u_eng/wb_row8_reg[3]_rep__1/Q
                         net (fo=128, routed)         1.035     1.143    u_eng/wb_row8_reg[3]_rep__1_n_0
    SLICE_X52Y195        MUXF8 (Prop_F8MUX_TOP_SLICEL_S_O)
                                                      0.069     1.212 r  u_eng/wb_data_r_reg[122]_i_89/O
                         net (fo=3, routed)           0.805     2.017    u_eng/wb_data_r_reg[122]_i_89_n_0
    SLICE_X50Y236        LUT3 (Prop_B6LUT_SLICEM_I0_O)
                                                      0.125     2.142 r  u_eng/wb_data_r[114]_i_113/O
                         net (fo=4, routed)           0.569     2.711    u_eng/wb_data_r[114]_i_113_n_0
    SLICE_X45Y246        LUT6 (Prop_G6LUT_SLICEL_I1_O)
                                                      0.097     2.808 r  u_eng/wb_data_r[82]_i_35/O
                         net (fo=2, routed)           0.320     3.128    u_eng/wb_data_r[82]_i_35_n_0
    SLICE_X41Y250        LUT6 (Prop_A6LUT_SLICEM_I5_O)
                                                      0.150     3.278 r  u_eng/wb_data_r[82]_i_11/O
                         net (fo=1, routed)           0.011     3.289    u_eng/wb_data_r[82]_i_11_n_0
    SLICE_X41Y250        MUXF7 (Prop_F7MUX_AB_SLICEM_I1_O)
                                                      0.058     3.347 r  u_eng/wb_data_r_reg[82]_i_5/O
                         net (fo=1, routed)           0.000     3.347    u_eng/wb_data_r_reg[82]_i_5_n_0
    SLICE_X41Y250        MUXF8 (Prop_F8MUX_BOT_SLICEM_I1_O)
                                                      0.028     3.375 r  u_eng/wb_data_r_reg[82]_i_2/O
                         net (fo=1, routed)           0.450     3.825    u_eng/wb_data_r_reg[82]_i_2_n_0
    SLICE_X41Y263        LUT3 (Prop_D6LUT_SLICEM_I0_O)
                                                      0.088     3.913 r  u_eng/wb_data_r[82]_i_1/O
                         net (fo=1, routed)           0.072     3.985    u_eng/wb_data_r[82]_i_1_n_0
    SLICE_X41Y263        FDRE                                         r  u_eng/wb_data_r_reg[82]/D
  -------------------------------------------------------------------    -------------------

                         (clock clk rise edge)        3.298     3.298 r  
                                                      0.000     3.298 r  clk (IN)
                         net (fo=251811, unset)       0.021     3.319    u_eng/clk
    SLICE_X41Y263        FDRE                                         r  u_eng/wb_data_r_reg[82]/C
                         clock pessimism              0.000     3.319    
                         clock uncertainty           -0.035     3.284    
    SLICE_X41Y263        FDRE (Setup_DFF_SLICEM_C_D)
                                                      0.025     3.309    u_eng/wb_data_r_reg[82]
  -------------------------------------------------------------------
                         required time                          3.309    
                         arrival time                          -3.985    
  -------------------------------------------------------------------
                         slack                                 -0.676    

Slack (VIOLATED) :        -0.675ns  (required time - arrival time)
  Source:                 u_eng/tile_buf_reg[9][112][6]/C
                            (rising edge-triggered cell FDRE clocked by clk  {rise@0.000ns fall@1.649ns period=3.298ns})
  Destination:            u_eng/wb_data_r_reg[102]/D
                            (rising edge-triggered cell FDRE clocked by clk  {rise@0.000ns fall@1.649ns period=3.298ns})
  Path Group:             clk
  Path Type:              Setup (Max at Slow Process Corner)
  Requirement:            3.298ns  (clk rise@3.298ns - clk rise@0.000ns)
  Data Path Delay:        3.953ns  (logic 0.741ns (18.745%)  route 3.212ns (81.255%))
  Logic Levels:           9  (LUT3=2 LUT6=3 MUXF7=2 MUXF8=2)
  Clock Path Skew:        -0.010ns (DCD - SCD + CPR)
    Destination Clock Delay (DCD):    0.020ns = ( 3.318 - 3.298 ) 
    Source Clock Delay      (SCD):    0.030ns
    Clock Pessimism Removal (CPR):    0.000ns
  Clock Uncertainty:      0.035ns  ((TSJ^2 + TIJ^2)^1/2 + DJ) / 2 + PE
    Total System Jitter     (TSJ):    0.071ns
    Total Input Jitter      (TIJ):    0.000ns
    Discrete Jitter          (DJ):    0.000ns
    Phase Error              (PE):    0.000ns

    Location             Delay type                Incr(ns)  Path(ns)    Netlist Resource(s)
  -------------------------------------------------------------------    -------------------
                         (clock clk rise edge)        0.000     0.000 r  
                                                      0.000     0.000 r  clk (IN)
                         net (fo=251811, unset)       0.030     0.030    u_eng/clk
    SLICE_X57Y87         FDRE                                         r  u_eng/tile_buf_reg[9][112][6]/C
  -------------------------------------------------------------------    -------------------
    SLICE_X57Y87         FDRE (Prop_DFF_SLICEM_C_Q)
                                                      0.078     0.108 r  u_eng/tile_buf_reg[9][112][6]/Q
                         net (fo=2, routed)           0.581     0.689    u_eng/tile_buf_reg_n_0_[9][112][6]
    SLICE_X48Y98         LUT6 (Prop_B6LUT_SLICEL_I3_O)
                                                      0.090     0.779 r  u_eng/wb_data_r[126]_i_812/O
                         net (fo=1, routed)           0.009     0.788    u_eng/wb_data_r[126]_i_812_n_0
    SLICE_X48Y98         MUXF7 (Prop_F7MUX_AB_SLICEL_I0_O)
                                                      0.056     0.844 r  u_eng/wb_data_r_reg[126]_i_395/O
                         net (fo=1, routed)           0.000     0.844    u_eng/wb_data_r_reg[126]_i_395_n_0
    SLICE_X48Y98         MUXF8 (Prop_F8MUX_BOT_SLICEL_I1_O)
                                                      0.026     0.870 r  u_eng/wb_data_r_reg[126]_i_154/O
                         net (fo=5, routed)           0.615     1.485    u_eng/wb_data_r_reg[126]_i_154_n_0
    SLICE_X48Y131        LUT3 (Prop_F6LUT_SLICEL_I2_O)
                                                      0.123     1.608 r  u_eng/wb_data_r[118]_i_70/O
                         net (fo=4, routed)           1.051     2.659    u_eng/wb_data_r[118]_i_70_n_0
    SLICE_X48Y215        LUT6 (Prop_F6LUT_SLICEL_I1_O)
                                                      0.089     2.748 r  u_eng/wb_data_r[102]_i_32/O
                         net (fo=2, routed)           0.169     2.917    u_eng/wb_data_r[102]_i_32_n_0
    SLICE_X48Y214        LUT6 (Prop_E6LUT_SLICEL_I0_O)
                                                      0.147     3.064 r  u_eng/wb_data_r[102]_i_11/O
                         net (fo=1, routed)           0.007     3.071    u_eng/wb_data_r[102]_i_11_n_0
    SLICE_X48Y214        MUXF7 (Prop_F7MUX_EF_SLICEL_I1_O)
                                                      0.056     3.127 r  u_eng/wb_data_r_reg[102]_i_5/O
                         net (fo=1, routed)           0.000     3.127    u_eng/wb_data_r_reg[102]_i_5_n_0
    SLICE_X48Y214        MUXF8 (Prop_F8MUX_TOP_SLICEL_I1_O)
                                                      0.026     3.153 r  u_eng/wb_data_r_reg[102]_i_2/O
                         net (fo=1, routed)           0.731     3.884    u_eng/wb_data_r_reg[102]_i_2_n_0
    SLICE_X43Y242        LUT3 (Prop_D6LUT_SLICEL_I0_O)
                                                      0.050     3.934 r  u_eng/wb_data_r[102]_i_1/O
                         net (fo=1, routed)           0.049     3.983    u_eng/wb_data_r[102]_i_1_n_0
    SLICE_X43Y242        FDRE                                         r  u_eng/wb_data_r_reg[102]/D
  -------------------------------------------------------------------    -------------------

                         (clock clk rise edge)        3.298     3.298 r  
                                                      0.000     3.298 r  clk (IN)
                         net (fo=251811, unset)       0.020     3.318    u_eng/clk
    SLICE_X43Y242        FDRE                                         r  u_eng/wb_data_r_reg[102]/C
                         clock pessimism              0.000     3.318    
                         clock uncertainty           -0.035     3.283    
    SLICE_X43Y242        FDRE (Setup_DFF_SLICEL_C_D)
                                                      0.025     3.308    u_eng/wb_data_r_reg[102]
  -------------------------------------------------------------------
                         required time                          3.308    
                         arrival time                          -3.983    
  -------------------------------------------------------------------
                         slack                                 -0.675    

Slack (VIOLATED) :        -0.665ns  (required time - arrival time)
  Source:                 u_eng/wb_row8_reg[3]_rep__3_replica_2/C
                            (rising edge-triggered cell FDCE clocked by clk  {rise@0.000ns fall@1.649ns period=3.298ns})
  Destination:            u_eng/wb_data_r_reg[60]/D
                            (rising edge-triggered cell FDRE clocked by clk  {rise@0.000ns fall@1.649ns period=3.298ns})
  Path Group:             clk
  Path Type:              Setup (Max at Slow Process Corner)
  Requirement:            3.298ns  (clk rise@3.298ns - clk rise@0.000ns)
  Data Path Delay:        3.943ns  (logic 0.690ns (17.499%)  route 3.253ns (82.501%))
  Logic Levels:           6  (LUT3=1 LUT6=3 MUXF7=1 MUXF8=1)
  Clock Path Skew:        -0.010ns (DCD - SCD + CPR)
    Destination Clock Delay (DCD):    0.020ns = ( 3.318 - 3.298 ) 
    Source Clock Delay      (SCD):    0.030ns
    Clock Pessimism Removal (CPR):    0.000ns
  Clock Uncertainty:      0.035ns  ((TSJ^2 + TIJ^2)^1/2 + DJ) / 2 + PE
    Total System Jitter     (TSJ):    0.071ns
    Total Input Jitter      (TIJ):    0.000ns
    Discrete Jitter          (DJ):    0.000ns
    Phase Error              (PE):    0.000ns

    Location             Delay type                Incr(ns)  Path(ns)    Netlist Resource(s)
  -------------------------------------------------------------------    -------------------
                         (clock clk rise edge)        0.000     0.000 r  
                                                      0.000     0.000 r  clk (IN)
                         net (fo=251811, unset)       0.030     0.030    u_eng/clk
    SLICE_X47Y274        FDCE                                         r  u_eng/wb_row8_reg[3]_rep__3_replica_2/C
  -------------------------------------------------------------------    -------------------
    SLICE_X47Y274        FDCE (Prop_AFF_SLICEM_C_Q)
                                                      0.077     0.107 r  u_eng/wb_row8_reg[3]_rep__3_replica_2/Q
                         net (fo=16, routed)          0.796     0.903    u_eng/wb_row8_reg[3]_rep__3_n_0_repN_2
    SLICE_X41Y303        MUXF8 (Prop_F8MUX_BOT_SLICEM_S_O)
                                                      0.074     0.977 r  u_eng/wb_data_r_reg[124]_i_119/O
                         net (fo=3, routed)           0.279     1.256    u_eng/wb_data_r_reg[124]_i_119_n_0
    SLICE_X41Y296        LUT6 (Prop_A6LUT_SLICEM_I1_O)
                                                      0.150     1.406 r  u_eng/wb_data_r[124]_i_37/O
                         net (fo=4, routed)           0.857     2.263    u_eng/wb_data_r[124]_i_37_n_0
    SLICE_X50Y250        LUT6 (Prop_C6LUT_SLICEM_I1_O)
                                                      0.123     2.386 r  u_eng/wb_data_r[60]_i_17/O
                         net (fo=1, routed)           0.021     2.407    u_eng/wb_data_r[60]_i_17_n_0
    SLICE_X50Y250        MUXF7 (Prop_F7MUX_CD_SLICEM_I1_O)
                                                      0.068     2.475 r  u_eng/wb_data_r_reg[60]_i_7/O
                         net (fo=1, routed)           1.075     3.550    u_eng/wb_data_r_reg[60]_i_7_n_0
    SLICE_X50Y202        LUT6 (Prop_E6LUT_SLICEM_I5_O)
                                                      0.148     3.698 r  u_eng/wb_data_r[60]_i_2/O
                         net (fo=1, routed)           0.176     3.874    u_eng/wb_data_r[60]_i_2_n_0
    SLICE_X52Y202        LUT3 (Prop_D6LUT_SLICEL_I0_O)
                                                      0.050     3.924 r  u_eng/wb_data_r[60]_i_1/O
                         net (fo=1, routed)           0.049     3.973    u_eng/wb_data_r[60]_i_1_n_0
    SLICE_X52Y202        FDRE                                         r  u_eng/wb_data_r_reg[60]/D
  -------------------------------------------------------------------    -------------------

                         (clock clk rise edge)        3.298     3.298 r  
                                                      0.000     3.298 r  clk (IN)
                         net (fo=251811, unset)       0.020     3.318    u_eng/clk
    SLICE_X52Y202        FDRE                                         r  u_eng/wb_data_r_reg[60]/C
                         clock pessimism              0.000     3.318    
                         clock uncertainty           -0.035     3.283    
    SLICE_X52Y202        FDRE (Setup_DFF_SLICEL_C_D)
                                                      0.025     3.308    u_eng/wb_data_r_reg[60]
  -------------------------------------------------------------------
                         required time                          3.308    
                         arrival time                          -3.973    
  -------------------------------------------------------------------
                         slack                                 -0.665    

Slack (VIOLATED) :        -0.663ns  (required time - arrival time)
  Source:                 u_eng/wb_row8_reg[3]_rep__3_replica_3/C
                            (rising edge-triggered cell FDCE clocked by clk  {rise@0.000ns fall@1.649ns period=3.298ns})
  Destination:            u_eng/wb_data_r_reg[116]/D
                            (rising edge-triggered cell FDRE clocked by clk  {rise@0.000ns fall@1.649ns period=3.298ns})
  Path Group:             clk
  Path Type:              Setup (Max at Slow Process Corner)
  Requirement:            3.298ns  (clk rise@3.298ns - clk rise@0.000ns)
  Data Path Delay:        3.944ns  (logic 0.678ns (17.191%)  route 3.266ns (82.809%))
  Logic Levels:           7  (LUT3=2 LUT6=2 MUXF7=1 MUXF8=2)
  Clock Path Skew:        -0.007ns (DCD - SCD + CPR)
    Destination Clock Delay (DCD):    0.021ns = ( 3.319 - 3.298 ) 
    Source Clock Delay      (SCD):    0.028ns
    Clock Pessimism Removal (CPR):    0.000ns
  Clock Uncertainty:      0.035ns  ((TSJ^2 + TIJ^2)^1/2 + DJ) / 2 + PE
    Total System Jitter     (TSJ):    0.071ns
    Total Input Jitter      (TIJ):    0.000ns
    Discrete Jitter          (DJ):    0.000ns
    Phase Error              (PE):    0.000ns

    Location             Delay type                Incr(ns)  Path(ns)    Netlist Resource(s)
  -------------------------------------------------------------------    -------------------
                         (clock clk rise edge)        0.000     0.000 r  
                                                      0.000     0.000 r  clk (IN)
                         net (fo=251811, unset)       0.028     0.028    u_eng/clk
    SLICE_X52Y246        FDCE                                         r  u_eng/wb_row8_reg[3]_rep__3_replica_3/C
  -------------------------------------------------------------------    -------------------
    SLICE_X52Y246        FDCE (Prop_AFF_SLICEL_C_Q)
                                                      0.079     0.107 r  u_eng/wb_row8_reg[3]_rep__3_replica_3/Q
                         net (fo=8, routed)           1.023     1.130    u_eng/wb_row8_reg[3]_rep__3_n_0_repN_3
    SLICE_X54Y191        MUXF8 (Prop_F8MUX_BOT_SLICEM_S_O)
                                                      0.074     1.204 r  u_eng/wb_data_r_reg[124]_i_155/O
                         net (fo=3, routed)           0.881     2.085    u_eng/wb_data_r_reg[124]_i_155_n_0
    SLICE_X52Y240        LUT3 (Prop_A6LUT_SLICEL_I1_O)
                                                      0.098     2.183 r  u_eng/wb_data_r[116]_i_70/O
                         net (fo=4, routed)           0.391     2.574    u_eng/wb_data_r[116]_i_70_n_0
    SLICE_X50Y242        LUT6 (Prop_E6LUT_SLICEM_I3_O)
                                                      0.148     2.722 r  u_eng/wb_data_r[116]_i_24/O
                         net (fo=2, routed)           0.307     3.029    u_eng/wb_data_r[116]_i_24_n_0
    SLICE_X47Y247        LUT6 (Prop_G6LUT_SLICEM_I0_O)
                                                      0.090     3.119 r  u_eng/wb_data_r[116]_i_9/O
                         net (fo=1, routed)           0.017     3.136    u_eng/wb_data_r[116]_i_9_n_0
    SLICE_X47Y247        MUXF7 (Prop_F7MUX_GH_SLICEM_I1_O)
                                                      0.060     3.196 r  u_eng/wb_data_r_reg[116]_i_4/O
                         net (fo=1, routed)           0.000     3.196    u_eng/wb_data_r_reg[116]_i_4_n_0
    SLICE_X47Y247        MUXF8 (Prop_F8MUX_TOP_SLICEM_I0_O)
                                                      0.028     3.224 r  u_eng/wb_data_r_reg[116]_i_2/O
                         net (fo=1, routed)           0.589     3.813    u_eng/wb_data_r_reg[116]_i_2_n_0
    SLICE_X50Y230        LUT3 (Prop_H6LUT_SLICEM_I0_O)
                                                      0.101     3.914 r  u_eng/wb_data_r[116]_i_1/O
                         net (fo=1, routed)           0.058     3.972    u_eng/wb_data_r[116]_i_1_n_0
    SLICE_X50Y230        FDRE                                         r  u_eng/wb_data_r_reg[116]/D
  -------------------------------------------------------------------    -------------------

                         (clock clk rise edge)        3.298     3.298 r  
                                                      0.000     3.298 r  clk (IN)
                         net (fo=251811, unset)       0.021     3.319    u_eng/clk
    SLICE_X50Y230        FDRE                                         r  u_eng/wb_data_r_reg[116]/C
                         clock pessimism              0.000     3.319    
                         clock uncertainty           -0.035     3.284    
    SLICE_X50Y230        FDRE (Setup_HFF_SLICEM_C_D)
                                                      0.025     3.309    u_eng/wb_data_r_reg[116]
  -------------------------------------------------------------------
                         required time                          3.309    
                         arrival time                          -3.972    
  -------------------------------------------------------------------
                         slack                                 -0.663    

Slack (VIOLATED) :        -0.657ns  (required time - arrival time)
  Source:                 u_eng/wb_row8_reg[0]_rep__12/C
                            (rising edge-triggered cell FDCE clocked by clk  {rise@0.000ns fall@1.649ns period=3.298ns})
  Destination:            u_eng/wb_data_r_reg[45]/D
                            (rising edge-triggered cell FDRE clocked by clk  {rise@0.000ns fall@1.649ns period=3.298ns})
  Path Group:             clk
  Path Type:              Setup (Max at Slow Process Corner)
  Requirement:            3.298ns  (clk rise@3.298ns - clk rise@0.000ns)
  Data Path Delay:        3.936ns  (logic 0.940ns (23.882%)  route 2.996ns (76.118%))
  Logic Levels:           8  (LUT3=1 LUT6=4 MUXF7=2 MUXF8=1)
  Clock Path Skew:        -0.009ns (DCD - SCD + CPR)
    Destination Clock Delay (DCD):    0.021ns = ( 3.319 - 3.298 ) 
    Source Clock Delay      (SCD):    0.030ns
    Clock Pessimism Removal (CPR):    0.000ns
  Clock Uncertainty:      0.035ns  ((TSJ^2 + TIJ^2)^1/2 + DJ) / 2 + PE
    Total System Jitter     (TSJ):    0.071ns
    Total Input Jitter      (TIJ):    0.000ns
    Discrete Jitter          (DJ):    0.000ns
    Phase Error              (PE):    0.000ns

    Location             Delay type                Incr(ns)  Path(ns)    Netlist Resource(s)
  -------------------------------------------------------------------    -------------------
                         (clock clk rise edge)        0.000     0.000 r  
                                                      0.000     0.000 r  clk (IN)
                         net (fo=251811, unset)       0.030     0.030    u_eng/clk
    SLICE_X53Y186        FDCE                                         r  u_eng/wb_row8_reg[0]_rep__12/C
  -------------------------------------------------------------------    -------------------
    SLICE_X53Y186        FDCE (Prop_DFF_SLICEM_C_Q)
                                                      0.078     0.108 r  u_eng/wb_row8_reg[0]_rep__12/Q
                         net (fo=134, routed)         0.807     0.915    u_eng/wb_row8_reg[0]_rep__12_n_0
    SLICE_X61Y155        LUT6 (Prop_C6LUT_SLICEM_I4_O)
                                                      0.145     1.060 r  u_eng/wb_data_r[125]_i_807/O
                         net (fo=1, routed)           0.021     1.081    u_eng/wb_data_r[125]_i_807_n_0
    SLICE_X61Y155        MUXF7 (Prop_F7MUX_CD_SLICEM_I1_O)
                                                      0.061     1.142 r  u_eng/wb_data_r_reg[125]_i_392/O
                         net (fo=1, routed)           0.000     1.142    u_eng/wb_data_r_reg[125]_i_392_n_0
    SLICE_X61Y155        MUXF8 (Prop_F8MUX_BOT_SLICEM_I0_O)
                                                      0.030     1.172 r  u_eng/wb_data_r_reg[125]_i_153/O
                         net (fo=3, routed)           0.720     1.892    u_eng/wb_data_r_reg[125]_i_153_n_0
    SLICE_X55Y160        LUT6 (Prop_H6LUT_SLICEL_I1_O)
                                                      0.150     2.042 r  u_eng/wb_data_r[109]_i_29/O
                         net (fo=4, routed)           0.502     2.544    u_eng/wb_data_r[109]_i_29_n_0
    SLICE_X53Y190        LUT6 (Prop_D6LUT_SLICEM_I1_O)
                                                      0.088     2.632 r  u_eng/wb_data_r[45]_i_10/O
                         net (fo=1, routed)           0.025     2.657    u_eng/wb_data_r[45]_i_10_n_0
    SLICE_X53Y190        MUXF7 (Prop_F7MUX_CD_SLICEM_I0_O)
                                                      0.069     2.726 r  u_eng/wb_data_r_reg[45]_i_4/O
                         net (fo=1, routed)           0.660     3.386    u_eng/wb_data_r_reg[45]_i_4_n_0
    SLICE_X53Y224        LUT6 (Prop_H6LUT_SLICEM_I0_O)
                                                      0.152     3.538 r  u_eng/wb_data_r[45]_i_2/O
                         net (fo=1, routed)           0.235     3.773    u_eng/wb_data_r[45]_i_2_n_0
    SLICE_X53Y232        LUT3 (Prop_B5LUT_SLICEM_I1_O)
                                                      0.167     3.940 r  u_eng/wb_data_r[45]_i_1/O
                         net (fo=1, routed)           0.026     3.966    u_eng/wb_data_r[45]_i_1_n_0
    SLICE_X53Y232        FDRE                                         r  u_eng/wb_data_r_reg[45]/D
  -------------------------------------------------------------------    -------------------

                         (clock clk rise edge)        3.298     3.298 r  
                                                      0.000     3.298 r  clk (IN)
                         net (fo=251811, unset)       0.021     3.319    u_eng/clk
    SLICE_X53Y232        FDRE                                         r  u_eng/wb_data_r_reg[45]/C
                         clock pessimism              0.000     3.319    
                         clock uncertainty           -0.035     3.284    
    SLICE_X53Y232        FDRE (Setup_BFF2_SLICEM_C_D)
                                                      0.025     3.309    u_eng/wb_data_r_reg[45]
  -------------------------------------------------------------------
                         required time                          3.309    
                         arrival time                          -3.966    
  -------------------------------------------------------------------
                         slack                                 -0.657    

Slack (VIOLATED) :        -0.656ns  (required time - arrival time)
  Source:                 u_eng/tile_buf_reg[9][112][6]/C
                            (rising edge-triggered cell FDRE clocked by clk  {rise@0.000ns fall@1.649ns period=3.298ns})
  Destination:            u_eng/wb_data_r_reg[6]/D
                            (rising edge-triggered cell FDRE clocked by clk  {rise@0.000ns fall@1.649ns period=3.298ns})
  Path Group:             clk
  Path Type:              Setup (Max at Slow Process Corner)
  Requirement:            3.298ns  (clk rise@3.298ns - clk rise@0.000ns)
  Data Path Delay:        3.934ns  (logic 0.725ns (18.429%)  route 3.209ns (81.571%))
  Logic Levels:           9  (LUT3=2 LUT6=3 MUXF7=2 MUXF8=2)
  Clock Path Skew:        -0.010ns (DCD - SCD + CPR)
    Destination Clock Delay (DCD):    0.020ns = ( 3.318 - 3.298 ) 
    Source Clock Delay      (SCD):    0.030ns
    Clock Pessimism Removal (CPR):    0.000ns
  Clock Uncertainty:      0.035ns  ((TSJ^2 + TIJ^2)^1/2 + DJ) / 2 + PE
    Total System Jitter     (TSJ):    0.071ns
    Total Input Jitter      (TIJ):    0.000ns
    Discrete Jitter          (DJ):    0.000ns
    Phase Error              (PE):    0.000ns

    Location             Delay type                Incr(ns)  Path(ns)    Netlist Resource(s)
  -------------------------------------------------------------------    -------------------
                         (clock clk rise edge)        0.000     0.000 r  
                                                      0.000     0.000 r  clk (IN)
                         net (fo=251811, unset)       0.030     0.030    u_eng/clk
    SLICE_X57Y87         FDRE                                         r  u_eng/tile_buf_reg[9][112][6]/C
  -------------------------------------------------------------------    -------------------
    SLICE_X57Y87         FDRE (Prop_DFF_SLICEM_C_Q)
                                                      0.078     0.108 r  u_eng/tile_buf_reg[9][112][6]/Q
                         net (fo=2, routed)           0.581     0.689    u_eng/tile_buf_reg_n_0_[9][112][6]
    SLICE_X48Y98         LUT6 (Prop_B6LUT_SLICEL_I3_O)
                                                      0.090     0.779 r  u_eng/wb_data_r[126]_i_812/O
                         net (fo=1, routed)           0.009     0.788    u_eng/wb_data_r[126]_i_812_n_0
    SLICE_X48Y98         MUXF7 (Prop_F7MUX_AB_SLICEL_I0_O)
                                                      0.056     0.844 r  u_eng/wb_data_r_reg[126]_i_395/O
                         net (fo=1, routed)           0.000     0.844    u_eng/wb_data_r_reg[126]_i_395_n_0
    SLICE_X48Y98         MUXF8 (Prop_F8MUX_BOT_SLICEL_I1_O)
                                                      0.026     0.870 r  u_eng/wb_data_r_reg[126]_i_154/O
                         net (fo=5, routed)           0.615     1.485    u_eng/wb_data_r_reg[126]_i_154_n_0
    SLICE_X48Y131        LUT3 (Prop_F6LUT_SLICEL_I2_O)
                                                      0.123     1.608 r  u_eng/wb_data_r[118]_i_70/O
                         net (fo=4, routed)           0.266     1.874    u_eng/wb_data_r[118]_i_70_n_0
    SLICE_X48Y140        LUT6 (Prop_A6LUT_SLICEL_I1_O)
                                                      0.050     1.924 r  u_eng/wb_data_r[70]_i_33/O
                         net (fo=2, routed)           1.063     2.987    u_eng/wb_data_r[70]_i_33_n_0
    SLICE_X48Y213        LUT6 (Prop_G6LUT_SLICEL_I1_O)
                                                      0.123     3.110 r  u_eng/wb_data_r[6]_i_9/O
                         net (fo=1, routed)           0.008     3.118    u_eng/wb_data_r[6]_i_9_n_0
    SLICE_X48Y213        MUXF7 (Prop_F7MUX_GH_SLICEL_I1_O)
                                                      0.056     3.174 r  u_eng/wb_data_r_reg[6]_i_4/O
                         net (fo=1, routed)           0.000     3.174    u_eng/wb_data_r_reg[6]_i_4_n_0
    SLICE_X48Y213        MUXF8 (Prop_F8MUX_TOP_SLICEL_I0_O)
                                                      0.026     3.200 r  u_eng/wb_data_r_reg[6]_i_2/O
                         net (fo=1, routed)           0.619     3.819    u_eng/wb_data_r_reg[6]_i_2_n_0
    SLICE_X45Y241        LUT3 (Prop_G6LUT_SLICEL_I0_O)
                                                      0.097     3.916 r  u_eng/wb_data_r[6]_i_1/O
                         net (fo=1, routed)           0.048     3.964    u_eng/wb_data_r[6]_i_1_n_0
    SLICE_X45Y241        FDRE                                         r  u_eng/wb_data_r_reg[6]/D
  -------------------------------------------------------------------    -------------------

                         (clock clk rise edge)        3.298     3.298 r  
                                                      0.000     3.298 r  clk (IN)
                         net (fo=251811, unset)       0.020     3.318    u_eng/clk
    SLICE_X45Y241        FDRE                                         r  u_eng/wb_data_r_reg[6]/C
                         clock pessimism              0.000     3.318    
                         clock uncertainty           -0.035     3.283    
    SLICE_X45Y241        FDRE (Setup_GFF_SLICEL_C_D)
                                                      0.025     3.308    u_eng/wb_data_r_reg[6]
  -------------------------------------------------------------------
                         required time                          3.308    
                         arrival time                          -3.964    
  -------------------------------------------------------------------
                         slack                                 -0.656    

Slack (VIOLATED) :        -0.656ns  (required time - arrival time)
  Source:                 u_eng/tile_buf_reg[7][16][6]/C
                            (rising edge-triggered cell FDRE clocked by clk  {rise@0.000ns fall@1.649ns period=3.298ns})
  Destination:            u_eng/wb_data_r_reg[110]/D
                            (rising edge-triggered cell FDRE clocked by clk  {rise@0.000ns fall@1.649ns period=3.298ns})
  Path Group:             clk
  Path Type:              Setup (Max at Slow Process Corner)
  Requirement:            3.298ns  (clk rise@3.298ns - clk rise@0.000ns)
  Data Path Delay:        3.936ns  (logic 0.719ns (18.267%)  route 3.217ns (81.733%))
  Logic Levels:           8  (LUT3=1 LUT6=4 MUXF7=2 MUXF8=1)
  Clock Path Skew:        -0.008ns (DCD - SCD + CPR)
    Destination Clock Delay (DCD):    0.021ns = ( 3.319 - 3.298 ) 
    Source Clock Delay      (SCD):    0.029ns
    Clock Pessimism Removal (CPR):    0.000ns
  Clock Uncertainty:      0.035ns  ((TSJ^2 + TIJ^2)^1/2 + DJ) / 2 + PE
    Total System Jitter     (TSJ):    0.071ns
    Total Input Jitter      (TIJ):    0.000ns
    Discrete Jitter          (DJ):    0.000ns
    Phase Error              (PE):    0.000ns

    Location             Delay type                Incr(ns)  Path(ns)    Netlist Resource(s)
  -------------------------------------------------------------------    -------------------
                         (clock clk rise edge)        0.000     0.000 r  
                                                      0.000     0.000 r  clk (IN)
                         net (fo=251811, unset)       0.029     0.029    u_eng/clk
    SLICE_X32Y248        FDRE                                         r  u_eng/tile_buf_reg[7][16][6]/C
  -------------------------------------------------------------------    -------------------
    SLICE_X32Y248        FDRE (Prop_HFF2_SLICEL_C_Q)
                                                      0.080     0.109 r  u_eng/tile_buf_reg[7][16][6]/Q
                         net (fo=2, routed)           1.231     1.340    u_eng/tile_buf_reg_n_0_[7][16][6]
    SLICE_X48Y185        LUT6 (Prop_G6LUT_SLICEL_I0_O)
                                                      0.097     1.437 r  u_eng/wb_data_r[126]_i_683/O
                         net (fo=1, routed)           0.008     1.445    u_eng/wb_data_r[126]_i_683_n_0
    SLICE_X48Y185        MUXF7 (Prop_F7MUX_GH_SLICEL_I1_O)
                                                      0.056     1.501 r  u_eng/wb_data_r_reg[126]_i_330/O
                         net (fo=1, routed)           0.000     1.501    u_eng/wb_data_r_reg[126]_i_330_n_0
    SLICE_X48Y185        MUXF8 (Prop_F8MUX_TOP_SLICEL_I0_O)
                                                      0.026     1.527 r  u_eng/wb_data_r_reg[126]_i_122/O
                         net (fo=3, routed)           0.940     2.467    u_eng/wb_data_r_reg[126]_i_122_n_0
    SLICE_X52Y230        LUT6 (Prop_A6LUT_SLICEL_I3_O)
                                                      0.124     2.591 r  u_eng/wb_data_r[110]_i_54/O
                         net (fo=4, routed)           0.541     3.132    u_eng/wb_data_r[110]_i_54_n_0
    SLICE_X48Y241        LUT6 (Prop_A6LUT_SLICEL_I0_O)
                                                      0.035     3.167 r  u_eng/wb_data_r[110]_i_17/O
                         net (fo=1, routed)           0.009     3.176    u_eng/wb_data_r[110]_i_17_n_0
    SLICE_X48Y241        MUXF7 (Prop_F7MUX_AB_SLICEL_I1_O)
                                                      0.064     3.240 r  u_eng/wb_data_r_reg[110]_i_7/O
                         net (fo=1, routed)           0.146     3.386    u_eng/wb_data_r_reg[110]_i_7_n_0
    SLICE_X49Y241        LUT6 (Prop_B6LUT_SLICEM_I5_O)
                                                      0.149     3.535 r  u_eng/wb_data_r[110]_i_2/O
                         net (fo=1, routed)           0.270     3.805    u_eng/wb_data_r[110]_i_2_n_0
    SLICE_X47Y247        LUT3 (Prop_D6LUT_SLICEM_I0_O)
                                                      0.088     3.893 r  u_eng/wb_data_r[110]_i_1/O
                         net (fo=1, routed)           0.072     3.965    u_eng/wb_data_r[110]_i_1_n_0
    SLICE_X47Y247        FDRE                                         r  u_eng/wb_data_r_reg[110]/D
  -------------------------------------------------------------------    -------------------

                         (clock clk rise edge)        3.298     3.298 r  
                                                      0.000     3.298 r  clk (IN)
                         net (fo=251811, unset)       0.021     3.319    u_eng/clk
    SLICE_X47Y247        FDRE                                         r  u_eng/wb_data_r_reg[110]/C
                         clock pessimism              0.000     3.319    
                         clock uncertainty           -0.035     3.284    
    SLICE_X47Y247        FDRE (Setup_DFF_SLICEM_C_D)
                                                      0.025     3.309    u_eng/wb_data_r_reg[110]
  -------------------------------------------------------------------
                         required time                          3.309    
                         arrival time                          -3.965    
  -------------------------------------------------------------------
                         slack                                 -0.656    

Slack (VIOLATED) :        -0.646ns  (required time - arrival time)
  Source:                 u_eng/tile_buf_reg[15][38][6]/C
                            (rising edge-triggered cell FDRE clocked by clk  {rise@0.000ns fall@1.649ns period=3.298ns})
  Destination:            u_eng/wb_data_r_reg[46]/D
                            (rising edge-triggered cell FDRE clocked by clk  {rise@0.000ns fall@1.649ns period=3.298ns})
  Path Group:             clk
  Path Type:              Setup (Max at Slow Process Corner)
  Requirement:            3.298ns  (clk rise@3.298ns - clk rise@0.000ns)
  Data Path Delay:        3.925ns  (logic 0.719ns (18.318%)  route 3.206ns (81.682%))
  Logic Levels:           8  (LUT3=1 LUT6=4 MUXF7=2 MUXF8=1)
  Clock Path Skew:        -0.009ns (DCD - SCD + CPR)
    Destination Clock Delay (DCD):    0.021ns = ( 3.319 - 3.298 ) 
    Source Clock Delay      (SCD):    0.030ns
    Clock Pessimism Removal (CPR):    0.000ns
  Clock Uncertainty:      0.035ns  ((TSJ^2 + TIJ^2)^1/2 + DJ) / 2 + PE
    Total System Jitter     (TSJ):    0.071ns
    Total Input Jitter      (TIJ):    0.000ns
    Discrete Jitter          (DJ):    0.000ns
    Phase Error              (PE):    0.000ns

    Location             Delay type                Incr(ns)  Path(ns)    Netlist Resource(s)
  -------------------------------------------------------------------    -------------------
                         (clock clk rise edge)        0.000     0.000 r  
                                                      0.000     0.000 r  clk (IN)
                         net (fo=251811, unset)       0.030     0.030    u_eng/clk
    SLICE_X53Y94         FDRE                                         r  u_eng/tile_buf_reg[15][38][6]/C
  -------------------------------------------------------------------    -------------------
    SLICE_X53Y94         FDRE (Prop_BFF2_SLICEM_C_Q)
                                                      0.080     0.110 r  u_eng/tile_buf_reg[15][38][6]/Q
                         net (fo=2, routed)           0.595     0.705    u_eng/tile_buf_reg_n_0_[15][38][6]
    SLICE_X49Y111        LUT6 (Prop_A6LUT_SLICEM_I0_O)
                                                      0.100     0.805 r  u_eng/wb_data_r[126]_i_517/O
                         net (fo=1, routed)           0.011     0.816    u_eng/wb_data_r[126]_i_517_n_0
    SLICE_X49Y111        MUXF7 (Prop_F7MUX_AB_SLICEM_I1_O)
                                                      0.058     0.874 r  u_eng/wb_data_r_reg[126]_i_247/O
                         net (fo=1, routed)           0.000     0.874    u_eng/wb_data_r_reg[126]_i_247_n_0
    SLICE_X49Y111        MUXF8 (Prop_F8MUX_BOT_SLICEM_I1_O)
                                                      0.028     0.902 r  u_eng/wb_data_r_reg[126]_i_80/O
                         net (fo=6, routed)           0.455     1.357    u_eng/wb_data_r_reg[126]_i_80_n_0
    SLICE_X52Y106        LUT6 (Prop_D6LUT_SLICEL_I0_O)
                                                      0.089     1.446 r  u_eng/wb_data_r[110]_i_43/O
                         net (fo=4, routed)           1.152     2.598    u_eng/wb_data_r[110]_i_43_n_0
    SLICE_X52Y203        LUT6 (Prop_H6LUT_SLICEL_I5_O)
                                                      0.051     2.649 r  u_eng/wb_data_r[46]_i_14/O
                         net (fo=1, routed)           0.010     2.659    u_eng/wb_data_r[46]_i_14_n_0
    SLICE_X52Y203        MUXF7 (Prop_F7MUX_GH_SLICEL_I0_O)
                                                      0.064     2.723 r  u_eng/wb_data_r_reg[46]_i_6/O
                         net (fo=1, routed)           0.765     3.488    u_eng/wb_data_r_reg[46]_i_6_n_0
    SLICE_X50Y245        LUT6 (Prop_A6LUT_SLICEM_I3_O)
                                                      0.100     3.588 r  u_eng/wb_data_r[46]_i_2/O
                         net (fo=1, routed)           0.159     3.747    u_eng/wb_data_r[46]_i_2_n_0
    SLICE_X50Y245        LUT3 (Prop_B6LUT_SLICEM_I0_O)
                                                      0.149     3.896 r  u_eng/wb_data_r[46]_i_1/O
                         net (fo=1, routed)           0.059     3.955    u_eng/wb_data_r[46]_i_1_n_0
    SLICE_X50Y245        FDRE                                         r  u_eng/wb_data_r_reg[46]/D
  -------------------------------------------------------------------    -------------------

                         (clock clk rise edge)        3.298     3.298 r  
                                                      0.000     3.298 r  clk (IN)
                         net (fo=251811, unset)       0.021     3.319    u_eng/clk
    SLICE_X50Y245        FDRE                                         r  u_eng/wb_data_r_reg[46]/C
                         clock pessimism              0.000     3.319    
                         clock uncertainty           -0.035     3.284    
    SLICE_X50Y245        FDRE (Setup_BFF_SLICEM_C_D)
                                                      0.025     3.309    u_eng/wb_data_r_reg[46]
  -------------------------------------------------------------------
                         required time                          3.309    
                         arrival time                          -3.955    
  -------------------------------------------------------------------
                         slack                                 -0.646    

Slack (VIOLATED) :        -0.646ns  (required time - arrival time)
  Source:                 u_eng/tile_buf_reg[7][16][6]/C
                            (rising edge-triggered cell FDRE clocked by clk  {rise@0.000ns fall@1.649ns period=3.298ns})
  Destination:            u_eng/wb_data_r_reg[70]/D
                            (rising edge-triggered cell FDRE clocked by clk  {rise@0.000ns fall@1.649ns period=3.298ns})
  Path Group:             clk
  Path Type:              Setup (Max at Slow Process Corner)
  Requirement:            3.298ns  (clk rise@3.298ns - clk rise@0.000ns)
  Data Path Delay:        3.926ns  (logic 0.579ns (14.748%)  route 3.347ns (85.252%))
  Logic Levels:           9  (LUT3=2 LUT6=3 MUXF7=2 MUXF8=2)
  Clock Path Skew:        -0.008ns (DCD - SCD + CPR)
    Destination Clock Delay (DCD):    0.021ns = ( 3.319 - 3.298 ) 
    Source Clock Delay      (SCD):    0.029ns
    Clock Pessimism Removal (CPR):    0.000ns
  Clock Uncertainty:      0.035ns  ((TSJ^2 + TIJ^2)^1/2 + DJ) / 2 + PE
    Total System Jitter     (TSJ):    0.071ns
    Total Input Jitter      (TIJ):    0.000ns
    Discrete Jitter          (DJ):    0.000ns
    Phase Error              (PE):    0.000ns

    Location             Delay type                Incr(ns)  Path(ns)    Netlist Resource(s)
  -------------------------------------------------------------------    -------------------
                         (clock clk rise edge)        0.000     0.000 r  
                                                      0.000     0.000 r  clk (IN)
                         net (fo=251811, unset)       0.029     0.029    u_eng/clk
    SLICE_X32Y248        FDRE                                         r  u_eng/tile_buf_reg[7][16][6]/C
  -------------------------------------------------------------------    -------------------
    SLICE_X32Y248        FDRE (Prop_HFF2_SLICEL_C_Q)
                                                      0.080     0.109 r  u_eng/tile_buf_reg[7][16][6]/Q
                         net (fo=2, routed)           1.231     1.340    u_eng/tile_buf_reg_n_0_[7][16][6]
    SLICE_X48Y185        LUT6 (Prop_G6LUT_SLICEL_I0_O)
                                                      0.097     1.437 r  u_eng/wb_data_r[126]_i_683/O
                         net (fo=1, routed)           0.008     1.445    u_eng/wb_data_r[126]_i_683_n_0
    SLICE_X48Y185        MUXF7 (Prop_F7MUX_GH_SLICEL_I1_O)
                                                      0.056     1.501 r  u_eng/wb_data_r_reg[126]_i_330/O
                         net (fo=1, routed)           0.000     1.501    u_eng/wb_data_r_reg[126]_i_330_n_0
    SLICE_X48Y185        MUXF8 (Prop_F8MUX_TOP_SLICEL_I0_O)
                                                      0.026     1.527 r  u_eng/wb_data_r_reg[126]_i_122/O
                         net (fo=3, routed)           0.624     2.151    u_eng/wb_data_r_reg[126]_i_122_n_0
    SLICE_X48Y224        LUT3 (Prop_A6LUT_SLICEL_I2_O)
                                                      0.050     2.201 r  u_eng/wb_data_r[118]_i_86/O
                         net (fo=4, routed)           0.474     2.675    u_eng/wb_data_r[118]_i_86_n_0
    SLICE_X48Y206        LUT6 (Prop_G6LUT_SLICEL_I1_O)
                                                      0.035     2.710 r  u_eng/wb_data_r[70]_i_21/O
                         net (fo=2, routed)           0.195     2.905    u_eng/wb_data_r[70]_i_21_n_0
    SLICE_X48Y201        LUT6 (Prop_H6LUT_SLICEL_I0_O)
                                                      0.099     3.004 r  u_eng/wb_data_r[70]_i_9/O
                         net (fo=1, routed)           0.010     3.014    u_eng/wb_data_r[70]_i_9_n_0
    SLICE_X48Y201        MUXF7 (Prop_F7MUX_GH_SLICEL_I0_O)
                                                      0.057     3.071 r  u_eng/wb_data_r_reg[70]_i_5/O
                         net (fo=1, routed)           0.000     3.071    u_eng/wb_data_r_reg[70]_i_5_n_0
    SLICE_X48Y201        MUXF8 (Prop_F8MUX_TOP_SLICEL_I0_O)
                                                      0.026     3.097 r  u_eng/wb_data_r_reg[70]_i_2/O
                         net (fo=1, routed)           0.752     3.849    u_eng/wb_data_r_reg[70]_i_2_n_0
    SLICE_X41Y252        LUT3 (Prop_A6LUT_SLICEM_I0_O)
                                                      0.053     3.902 r  u_eng/wb_data_r[70]_i_1/O
                         net (fo=1, routed)           0.053     3.955    u_eng/wb_data_r[70]_i_1_n_0
    SLICE_X41Y252        FDRE                                         r  u_eng/wb_data_r_reg[70]/D
  -------------------------------------------------------------------    -------------------

                         (clock clk rise edge)        3.298     3.298 r  
                                                      0.000     3.298 r  clk (IN)
                         net (fo=251811, unset)       0.021     3.319    u_eng/clk
    SLICE_X41Y252        FDRE                                         r  u_eng/wb_data_r_reg[70]/C
                         clock pessimism              0.000     3.319    
                         clock uncertainty           -0.035     3.284    
    SLICE_X41Y252        FDRE (Setup_AFF_SLICEM_C_D)
                                                      0.025     3.309    u_eng/wb_data_r_reg[70]
  -------------------------------------------------------------------
                         required time                          3.309    
                         arrival time                          -3.955    
  -------------------------------------------------------------------
                         slack                                 -0.646    

Slack (VIOLATED) :        -0.639ns  (required time - arrival time)
  Source:                 u_eng/tile_buf_reg[7][16][6]/C
                            (rising edge-triggered cell FDRE clocked by clk  {rise@0.000ns fall@1.649ns period=3.298ns})
  Destination:            u_eng/wb_data_r_reg[14]/D
                            (rising edge-triggered cell FDRE clocked by clk  {rise@0.000ns fall@1.649ns period=3.298ns})
  Path Group:             clk
  Path Type:              Setup (Max at Slow Process Corner)
  Requirement:            3.298ns  (clk rise@3.298ns - clk rise@0.000ns)
  Data Path Delay:        3.919ns  (logic 0.673ns (17.173%)  route 3.246ns (82.827%))
  Logic Levels:           8  (LUT3=1 LUT6=4 MUXF7=2 MUXF8=1)
  Clock Path Skew:        -0.008ns (DCD - SCD + CPR)
    Destination Clock Delay (DCD):    0.021ns = ( 3.319 - 3.298 ) 
    Source Clock Delay      (SCD):    0.029ns
    Clock Pessimism Removal (CPR):    0.000ns
  Clock Uncertainty:      0.035ns  ((TSJ^2 + TIJ^2)^1/2 + DJ) / 2 + PE
    Total System Jitter     (TSJ):    0.071ns
    Total Input Jitter      (TIJ):    0.000ns
    Discrete Jitter          (DJ):    0.000ns
    Phase Error              (PE):    0.000ns

    Location             Delay type                Incr(ns)  Path(ns)    Netlist Resource(s)
  -------------------------------------------------------------------    -------------------
                         (clock clk rise edge)        0.000     0.000 r  
                                                      0.000     0.000 r  clk (IN)
                         net (fo=251811, unset)       0.029     0.029    u_eng/clk
    SLICE_X32Y248        FDRE                                         r  u_eng/tile_buf_reg[7][16][6]/C
  -------------------------------------------------------------------    -------------------
    SLICE_X32Y248        FDRE (Prop_HFF2_SLICEL_C_Q)
                                                      0.080     0.109 r  u_eng/tile_buf_reg[7][16][6]/Q
                         net (fo=2, routed)           1.231     1.340    u_eng/tile_buf_reg_n_0_[7][16][6]
    SLICE_X48Y185        LUT6 (Prop_G6LUT_SLICEL_I0_O)
                                                      0.097     1.437 r  u_eng/wb_data_r[126]_i_683/O
                         net (fo=1, routed)           0.008     1.445    u_eng/wb_data_r[126]_i_683_n_0
    SLICE_X48Y185        MUXF7 (Prop_F7MUX_GH_SLICEL_I1_O)
                                                      0.056     1.501 r  u_eng/wb_data_r_reg[126]_i_330/O
                         net (fo=1, routed)           0.000     1.501    u_eng/wb_data_r_reg[126]_i_330_n_0
    SLICE_X48Y185        MUXF8 (Prop_F8MUX_TOP_SLICEL_I0_O)
                                                      0.026     1.527 r  u_eng/wb_data_r_reg[126]_i_122/O
                         net (fo=3, routed)           0.940     2.467    u_eng/wb_data_r_reg[126]_i_122_n_0
    SLICE_X52Y230        LUT6 (Prop_A6LUT_SLICEL_I3_O)
                                                      0.124     2.591 r  u_eng/wb_data_r[110]_i_54/O
                         net (fo=4, routed)           0.453     3.044    u_eng/wb_data_r[110]_i_54_n_0
    SLICE_X50Y241        LUT6 (Prop_C6LUT_SLICEM_I5_O)
                                                      0.088     3.132 r  u_eng/wb_data_r[14]_i_17/O
                         net (fo=1, routed)           0.021     3.153    u_eng/wb_data_r[14]_i_17_n_0
    SLICE_X50Y241        MUXF7 (Prop_F7MUX_CD_SLICEM_I1_O)
                                                      0.068     3.221 r  u_eng/wb_data_r_reg[14]_i_7/O
                         net (fo=1, routed)           0.283     3.504    u_eng/wb_data_r_reg[14]_i_7_n_0
    SLICE_X51Y248        LUT6 (Prop_A6LUT_SLICEL_I5_O)
                                                      0.035     3.539 r  u_eng/wb_data_r[14]_i_2/O
                         net (fo=1, routed)           0.238     3.777    u_eng/wb_data_r[14]_i_2_n_0
    SLICE_X50Y248        LUT3 (Prop_D6LUT_SLICEM_I0_O)
                                                      0.099     3.876 r  u_eng/wb_data_r[14]_i_1/O
                         net (fo=1, routed)           0.072     3.948    u_eng/wb_data_r[14]_i_1_n_0
    SLICE_X50Y248        FDRE                                         r  u_eng/wb_data_r_reg[14]/D
  -------------------------------------------------------------------    -------------------

                         (clock clk rise edge)        3.298     3.298 r  
                                                      0.000     3.298 r  clk (IN)
                         net (fo=251811, unset)       0.021     3.319    u_eng/clk
    SLICE_X50Y248        FDRE                                         r  u_eng/wb_data_r_reg[14]/C
                         clock pessimism              0.000     3.319    
                         clock uncertainty           -0.035     3.284    
    SLICE_X50Y248        FDRE (Setup_DFF_SLICEM_C_D)
                                                      0.025     3.309    u_eng/wb_data_r_reg[14]
  -------------------------------------------------------------------
                         required time                          3.309    
                         arrival time                          -3.948    
  -------------------------------------------------------------------
                         slack                                 -0.639    

Slack (VIOLATED) :        -0.624ns  (required time - arrival time)
  Source:                 u_eng/tile_buf_reg[12][0][0]/C
                            (rising edge-triggered cell FDRE clocked by clk  {rise@0.000ns fall@1.649ns period=3.298ns})
  Destination:            u_eng/wb_data_r_reg[80]/D
                            (rising edge-triggered cell FDRE clocked by clk  {rise@0.000ns fall@1.649ns period=3.298ns})
  Path Group:             clk
  Path Type:              Setup (Max at Slow Process Corner)
  Requirement:            3.298ns  (clk rise@3.298ns - clk rise@0.000ns)
  Data Path Delay:        3.903ns  (logic 0.758ns (19.421%)  route 3.145ns (80.579%))
  Logic Levels:           9  (LUT3=2 LUT6=3 MUXF7=2 MUXF8=2)
  Clock Path Skew:        -0.009ns (DCD - SCD + CPR)
    Destination Clock Delay (DCD):    0.020ns = ( 3.318 - 3.298 ) 
    Source Clock Delay      (SCD):    0.029ns
    Clock Pessimism Removal (CPR):    0.000ns
  Clock Uncertainty:      0.035ns  ((TSJ^2 + TIJ^2)^1/2 + DJ) / 2 + PE
    Total System Jitter     (TSJ):    0.071ns
    Total Input Jitter      (TIJ):    0.000ns
    Discrete Jitter          (DJ):    0.000ns
    Phase Error              (PE):    0.000ns

    Location             Delay type                Incr(ns)  Path(ns)    Netlist Resource(s)
  -------------------------------------------------------------------    -------------------
                         (clock clk rise edge)        0.000     0.000 r  
                                                      0.000     0.000 r  clk (IN)
                         net (fo=251811, unset)       0.029     0.029    u_eng/clk
    SLICE_X65Y346        FDRE                                         r  u_eng/tile_buf_reg[12][0][0]/C
  -------------------------------------------------------------------    -------------------
    SLICE_X65Y346        FDRE (Prop_EFF_SLICEL_C_Q)
                                                      0.079     0.108 r  u_eng/tile_buf_reg[12][0][0]/Q
                         net (fo=2, routed)           0.821     0.929    u_eng/tile_buf_reg_n_0_[12][0][0]
    SLICE_X66Y326        LUT6 (Prop_E6LUT_SLICEL_I5_O)
                                                      0.123     1.052 r  u_eng/wb_data_r[120]_i_621/O
                         net (fo=1, routed)           0.007     1.059    u_eng/wb_data_r[120]_i_621_n_0
    SLICE_X66Y326        MUXF7 (Prop_F7MUX_EF_SLICEL_I1_O)
                                                      0.056     1.115 r  u_eng/wb_data_r_reg[120]_i_299/O
                         net (fo=1, routed)           0.000     1.115    u_eng/wb_data_r_reg[120]_i_299_n_0
    SLICE_X66Y326        MUXF8 (Prop_F8MUX_TOP_SLICEL_I1_O)
                                                      0.026     1.141 r  u_eng/wb_data_r_reg[120]_i_106/O
                         net (fo=3, routed)           0.366     1.507    u_eng/wb_data_r_reg[120]_i_106_n_0
    SLICE_X69Y329        LUT3 (Prop_A6LUT_SLICEL_I2_O)
                                                      0.050     1.557 r  u_eng/wb_data_r[112]_i_94/O
                         net (fo=4, routed)           1.039     2.596    u_eng/wb_data_r[112]_i_94_n_0
    SLICE_X57Y318        LUT6 (Prop_F6LUT_SLICEM_I3_O)
                                                      0.037     2.633 r  u_eng/wb_data_r[80]_i_30/O
                         net (fo=2, routed)           0.404     3.037    u_eng/wb_data_r[80]_i_30_n_0
    SLICE_X49Y316        LUT6 (Prop_B6LUT_SLICEM_I3_O)
                                                      0.149     3.186 r  u_eng/wb_data_r[80]_i_10/O
                         net (fo=1, routed)           0.017     3.203    u_eng/wb_data_r[80]_i_10_n_0
    SLICE_X49Y316        MUXF7 (Prop_F7MUX_AB_SLICEM_I0_O)
                                                      0.060     3.263 r  u_eng/wb_data_r_reg[80]_i_5/O
                         net (fo=1, routed)           0.000     3.263    u_eng/wb_data_r_reg[80]_i_5_n_0
    SLICE_X49Y316        MUXF8 (Prop_F8MUX_BOT_SLICEM_I1_O)
                                                      0.028     3.291 r  u_eng/wb_data_r_reg[80]_i_2/O
                         net (fo=1, routed)           0.440     3.731    u_eng/wb_data_r_reg[80]_i_2_n_0
    SLICE_X51Y312        LUT3 (Prop_H6LUT_SLICEL_I0_O)
                                                      0.150     3.881 r  u_eng/wb_data_r[80]_i_1/O
                         net (fo=1, routed)           0.051     3.932    u_eng/wb_data_r[80]_i_1_n_0
    SLICE_X51Y312        FDRE                                         r  u_eng/wb_data_r_reg[80]/D
  -------------------------------------------------------------------    -------------------

                         (clock clk rise edge)        3.298     3.298 r  
                                                      0.000     3.298 r  clk (IN)
                         net (fo=251811, unset)       0.020     3.318    u_eng/clk
    SLICE_X51Y312        FDRE                                         r  u_eng/wb_data_r_reg[80]/C
                         clock pessimism              0.000     3.318    
                         clock uncertainty           -0.035     3.283    
    SLICE_X51Y312        FDRE (Setup_HFF_SLICEL_C_D)
                                                      0.025     3.308    u_eng/wb_data_r_reg[80]
  -------------------------------------------------------------------
                         required time                          3.308    
                         arrival time                          -3.932    
  -------------------------------------------------------------------
                         slack                                 -0.624    

Slack (VIOLATED) :        -0.622ns  (required time - arrival time)
  Source:                 u_eng/tile_buf_reg[3][109][1]/C
                            (rising edge-triggered cell FDRE clocked by clk  {rise@0.000ns fall@1.649ns period=3.298ns})
  Destination:            u_eng/wb_data_r_reg[105]/D
                            (rising edge-triggered cell FDRE clocked by clk  {rise@0.000ns fall@1.649ns period=3.298ns})
  Path Group:             clk
  Path Type:              Setup (Max at Slow Process Corner)
  Requirement:            3.298ns  (clk rise@3.298ns - clk rise@0.000ns)
  Data Path Delay:        3.900ns  (logic 0.924ns (23.692%)  route 2.976ns (76.308%))
  Logic Levels:           8  (LUT3=1 LUT6=4 MUXF7=2 MUXF8=1)
  Clock Path Skew:        -0.010ns (DCD - SCD + CPR)
    Destination Clock Delay (DCD):    0.020ns = ( 3.318 - 3.298 ) 
    Source Clock Delay      (SCD):    0.030ns
    Clock Pessimism Removal (CPR):    0.000ns
  Clock Uncertainty:      0.035ns  ((TSJ^2 + TIJ^2)^1/2 + DJ) / 2 + PE
    Total System Jitter     (TSJ):    0.071ns
    Total Input Jitter      (TIJ):    0.000ns
    Discrete Jitter          (DJ):    0.000ns
    Phase Error              (PE):    0.000ns

    Location             Delay type                Incr(ns)  Path(ns)    Netlist Resource(s)
  -------------------------------------------------------------------    -------------------
                         (clock clk rise edge)        0.000     0.000 r  
                                                      0.000     0.000 r  clk (IN)
                         net (fo=251811, unset)       0.030     0.030    u_eng/clk
    SLICE_X61Y318        FDRE                                         r  u_eng/tile_buf_reg[3][109][1]/C
  -------------------------------------------------------------------    -------------------
    SLICE_X61Y318        FDRE (Prop_HFF_SLICEM_C_Q)
                                                      0.079     0.109 r  u_eng/tile_buf_reg[3][109][1]/Q
                         net (fo=2, routed)           1.041     1.150    u_eng/tile_buf_reg_n_0_[3][109][1]
    SLICE_X68Y316        LUT6 (Prop_D6LUT_SLICEL_I0_O)
                                                      0.122     1.272 r  u_eng/wb_data_r[121]_i_798/O
                         net (fo=1, routed)           0.009     1.281    u_eng/wb_data_r[121]_i_798_n_0
    SLICE_X68Y316        MUXF7 (Prop_F7MUX_CD_SLICEL_I0_O)
                                                      0.056     1.337 r  u_eng/wb_data_r_reg[121]_i_388/O
                         net (fo=1, routed)           0.000     1.337    u_eng/wb_data_r_reg[121]_i_388_n_0
    SLICE_X68Y316        MUXF8 (Prop_F8MUX_BOT_SLICEL_I0_O)
                                                      0.026     1.363 r  u_eng/wb_data_r_reg[121]_i_151/O
                         net (fo=3, routed)           0.500     1.863    u_eng/wb_data_r_reg[121]_i_151_n_0
    SLICE_X66Y314        LUT6 (Prop_H6LUT_SLICEL_I5_O)
                                                      0.124     1.987 r  u_eng/wb_data_r[105]_i_29/O
                         net (fo=4, routed)           0.794     2.781    u_eng/wb_data_r[105]_i_29_n_0
    SLICE_X58Y316        LUT6 (Prop_D6LUT_SLICEL_I5_O)
                                                      0.146     2.927 r  u_eng/wb_data_r[105]_i_10/O
                         net (fo=1, routed)           0.009     2.936    u_eng/wb_data_r[105]_i_10_n_0
    SLICE_X58Y316        MUXF7 (Prop_F7MUX_CD_SLICEL_I0_O)
                                                      0.063     2.999 r  u_eng/wb_data_r_reg[105]_i_4/O
                         net (fo=1, routed)           0.400     3.399    u_eng/wb_data_r_reg[105]_i_4_n_0
    SLICE_X52Y303        LUT6 (Prop_H6LUT_SLICEL_I0_O)
                                                      0.150     3.549 r  u_eng/wb_data_r[105]_i_2/O
                         net (fo=1, routed)           0.208     3.757    u_eng/wb_data_r[105]_i_2_n_0
    SLICE_X51Y303        LUT3 (Prop_H5LUT_SLICEL_I1_O)
                                                      0.158     3.915 r  u_eng/wb_data_r[105]_i_1/O
                         net (fo=1, routed)           0.015     3.930    u_eng/wb_data_r[105]_i_1_n_0
    SLICE_X51Y303        FDRE                                         r  u_eng/wb_data_r_reg[105]/D
  -------------------------------------------------------------------    -------------------

                         (clock clk rise edge)        3.298     3.298 r  
                                                      0.000     3.298 r  clk (IN)
                         net (fo=251811, unset)       0.020     3.318    u_eng/clk
    SLICE_X51Y303        FDRE                                         r  u_eng/wb_data_r_reg[105]/C
                         clock pessimism              0.000     3.318    
                         clock uncertainty           -0.035     3.283    
    SLICE_X51Y303        FDRE (Setup_HFF2_SLICEL_C_D)
                                                      0.025     3.308    u_eng/wb_data_r_reg[105]
  -------------------------------------------------------------------
                         required time                          3.308    
                         arrival time                          -3.930    
  -------------------------------------------------------------------
                         slack                                 -0.622    

Slack (VIOLATED) :        -0.622ns  (required time - arrival time)
  Source:                 u_eng/wb_row8_reg[3]_rep__3/C
                            (rising edge-triggered cell FDCE clocked by clk  {rise@0.000ns fall@1.649ns period=3.298ns})
  Destination:            u_eng/wb_data_r_reg[36]/D
                            (rising edge-triggered cell FDRE clocked by clk  {rise@0.000ns fall@1.649ns period=3.298ns})
  Path Group:             clk
  Path Type:              Setup (Max at Slow Process Corner)
  Requirement:            3.298ns  (clk rise@3.298ns - clk rise@0.000ns)
  Data Path Delay:        3.901ns  (logic 0.645ns (16.534%)  route 3.256ns (83.466%))
  Logic Levels:           7  (LUT3=2 LUT6=2 MUXF7=1 MUXF8=2)
  Clock Path Skew:        -0.009ns (DCD - SCD + CPR)
    Destination Clock Delay (DCD):    0.021ns = ( 3.319 - 3.298 ) 
    Source Clock Delay      (SCD):    0.030ns
    Clock Pessimism Removal (CPR):    0.000ns
  Clock Uncertainty:      0.035ns  ((TSJ^2 + TIJ^2)^1/2 + DJ) / 2 + PE
    Total System Jitter     (TSJ):    0.071ns
    Total Input Jitter      (TIJ):    0.000ns
    Discrete Jitter          (DJ):    0.000ns
    Phase Error              (PE):    0.000ns

    Location             Delay type                Incr(ns)  Path(ns)    Netlist Resource(s)
  -------------------------------------------------------------------    -------------------
                         (clock clk rise edge)        0.000     0.000 r  
                                                      0.000     0.000 r  clk (IN)
                         net (fo=251811, unset)       0.030     0.030    u_eng/clk
    SLICE_X39Y240        FDCE                                         r  u_eng/wb_row8_reg[3]_rep__3/C
  -------------------------------------------------------------------    -------------------
    SLICE_X39Y240        FDCE (Prop_GFF_SLICEM_C_Q)
                                                      0.078     0.108 r  u_eng/wb_row8_reg[3]_rep__3/Q
                         net (fo=85, routed)          0.868     0.976    u_eng/wb_row8_reg[3]_rep__3_n_0
    SLICE_X55Y214        MUXF8 (Prop_F8MUX_TOP_SLICEL_S_O)
                                                      0.069     1.045 r  u_eng/wb_data_r_reg[124]_i_169/O
                         net (fo=3, routed)           0.775     1.820    u_eng/wb_data_r_reg[124]_i_169_n_0
    SLICE_X53Y244        LUT3 (Prop_G6LUT_SLICEM_I0_O)
                                                      0.090     1.910 r  u_eng/wb_data_r[116]_i_73/O
                         net (fo=4, routed)           0.694     2.604    u_eng/wb_data_r[116]_i_73_n_0
    SLICE_X46Y246        LUT6 (Prop_G6LUT_SLICEM_I3_O)
                                                      0.090     2.694 r  u_eng/wb_data_r[100]_i_33/O
                         net (fo=2, routed)           0.281     2.975    u_eng/wb_data_r[100]_i_33_n_0
    SLICE_X44Y245        LUT6 (Prop_C6LUT_SLICEL_I0_O)
                                                      0.146     3.121 r  u_eng/wb_data_r[36]_i_9/O
                         net (fo=1, routed)           0.010     3.131    u_eng/wb_data_r[36]_i_9_n_0
    SLICE_X44Y245        MUXF7 (Prop_F7MUX_CD_SLICEL_I1_O)
                                                      0.057     3.188 r  u_eng/wb_data_r_reg[36]_i_4/O
                         net (fo=1, routed)           0.000     3.188    u_eng/wb_data_r_reg[36]_i_4_n_0
    SLICE_X44Y245        MUXF8 (Prop_F8MUX_BOT_SLICEL_I0_O)
                                                      0.026     3.214 r  u_eng/wb_data_r_reg[36]_i_2/O
                         net (fo=1, routed)           0.569     3.783    u_eng/wb_data_r_reg[36]_i_2_n_0
    SLICE_X49Y225        LUT3 (Prop_B6LUT_SLICEM_I0_O)
                                                      0.089     3.872 r  u_eng/wb_data_r[36]_i_1/O
                         net (fo=1, routed)           0.059     3.931    u_eng/wb_data_r[36]_i_1_n_0
    SLICE_X49Y225        FDRE                                         r  u_eng/wb_data_r_reg[36]/D
  -------------------------------------------------------------------    -------------------

                         (clock clk rise edge)        3.298     3.298 r  
                                                      0.000     3.298 r  clk (IN)
                         net (fo=251811, unset)       0.021     3.319    u_eng/clk
    SLICE_X49Y225        FDRE                                         r  u_eng/wb_data_r_reg[36]/C
                         clock pessimism              0.000     3.319    
                         clock uncertainty           -0.035     3.284    
    SLICE_X49Y225        FDRE (Setup_BFF_SLICEM_C_D)
                                                      0.025     3.309    u_eng/wb_data_r_reg[36]
  -------------------------------------------------------------------
                         required time                          3.309    
                         arrival time                          -3.931    
  -------------------------------------------------------------------
                         slack                                 -0.622    

Slack (VIOLATED) :        -0.616ns  (required time - arrival time)
  Source:                 u_eng/wb_row8_reg[2]_rep__5/C
                            (rising edge-triggered cell FDCE clocked by clk  {rise@0.000ns fall@1.649ns period=3.298ns})
  Destination:            u_eng/wb_data_r_reg[86]/D
                            (rising edge-triggered cell FDRE clocked by clk  {rise@0.000ns fall@1.649ns period=3.298ns})
  Path Group:             clk
  Path Type:              Setup (Max at Slow Process Corner)
  Requirement:            3.298ns  (clk rise@3.298ns - clk rise@0.000ns)
  Data Path Delay:        3.894ns  (logic 0.597ns (15.331%)  route 3.297ns (84.669%))
  Logic Levels:           8  (LUT3=2 LUT6=2 MUXF7=2 MUXF8=2)
  Clock Path Skew:        -0.010ns (DCD - SCD + CPR)
    Destination Clock Delay (DCD):    0.020ns = ( 3.318 - 3.298 ) 
    Source Clock Delay      (SCD):    0.030ns
    Clock Pessimism Removal (CPR):    0.000ns
  Clock Uncertainty:      0.035ns  ((TSJ^2 + TIJ^2)^1/2 + DJ) / 2 + PE
    Total System Jitter     (TSJ):    0.071ns
    Total Input Jitter      (TIJ):    0.000ns
    Discrete Jitter          (DJ):    0.000ns
    Phase Error              (PE):    0.000ns

    Location             Delay type                Incr(ns)  Path(ns)    Netlist Resource(s)
  -------------------------------------------------------------------    -------------------
                         (clock clk rise edge)        0.000     0.000 r  
                                                      0.000     0.000 r  clk (IN)
                         net (fo=251811, unset)       0.030     0.030    u_eng/clk
    SLICE_X53Y91         FDCE                                         r  u_eng/wb_row8_reg[2]_rep__5/C
  -------------------------------------------------------------------    -------------------
    SLICE_X53Y91         FDCE (Prop_FFF_SLICEM_C_Q)
                                                      0.076     0.106 r  u_eng/wb_row8_reg[2]_rep__5/Q
                         net (fo=7, routed)           0.840     0.946    u_eng/wb_row8_reg[2]_rep__5_n_0
    SLICE_X52Y131        MUXF7 (Prop_F7MUX_CD_SLICEL_S_O)
                                                      0.063     1.009 r  u_eng/wb_data_r_reg[126]_i_278/O
                         net (fo=1, routed)           0.000     1.009    u_eng/wb_data_r_reg[126]_i_278_n_0
    SLICE_X52Y131        MUXF8 (Prop_F8MUX_BOT_SLICEL_I0_O)
                                                      0.026     1.035 r  u_eng/wb_data_r_reg[126]_i_96/O
                         net (fo=3, routed)           0.264     1.299    u_eng/wb_data_r_reg[126]_i_96_n_0
    SLICE_X52Y140        LUT3 (Prop_C6LUT_SLICEL_I2_O)
                                                      0.096     1.395 r  u_eng/wb_data_r[118]_i_101/O
                         net (fo=4, routed)           0.841     2.236    u_eng/wb_data_r[118]_i_101_n_0
    SLICE_X51Y172        LUT6 (Prop_H6LUT_SLICEL_I1_O)
                                                      0.099     2.335 r  u_eng/wb_data_r[86]_i_32/O
                         net (fo=2, routed)           0.818     3.153    u_eng/wb_data_r[86]_i_32_n_0
    SLICE_X49Y215        LUT6 (Prop_E6LUT_SLICEM_I0_O)
                                                      0.100     3.253 r  u_eng/wb_data_r[86]_i_11/O
                         net (fo=1, routed)           0.012     3.265    u_eng/wb_data_r[86]_i_11_n_0
    SLICE_X49Y215        MUXF7 (Prop_F7MUX_EF_SLICEM_I1_O)
                                                      0.059     3.324 r  u_eng/wb_data_r_reg[86]_i_5/O
                         net (fo=1, routed)           0.000     3.324    u_eng/wb_data_r_reg[86]_i_5_n_0
    SLICE_X49Y215        MUXF8 (Prop_F8MUX_TOP_SLICEM_I1_O)
                                                      0.028     3.352 r  u_eng/wb_data_r_reg[86]_i_2/O
                         net (fo=1, routed)           0.472     3.824    u_eng/wb_data_r_reg[86]_i_2_n_0
    SLICE_X48Y241        LUT3 (Prop_C6LUT_SLICEL_I0_O)
                                                      0.050     3.874 r  u_eng/wb_data_r[86]_i_1/O
                         net (fo=1, routed)           0.050     3.924    u_eng/wb_data_r[86]_i_1_n_0
    SLICE_X48Y241        FDRE                                         r  u_eng/wb_data_r_reg[86]/D
  -------------------------------------------------------------------    -------------------

                         (clock clk rise edge)        3.298     3.298 r  
                                                      0.000     3.298 r  clk (IN)
                         net (fo=251811, unset)       0.020     3.318    u_eng/clk
    SLICE_X48Y241        FDRE                                         r  u_eng/wb_data_r_reg[86]/C
                         clock pessimism              0.000     3.318    
                         clock uncertainty           -0.035     3.283    
    SLICE_X48Y241        FDRE (Setup_CFF_SLICEL_C_D)
                                                      0.025     3.308    u_eng/wb_data_r_reg[86]
  -------------------------------------------------------------------
                         required time                          3.308    
                         arrival time                          -3.924    
  -------------------------------------------------------------------
                         slack                                 -0.616    

Slack (VIOLATED) :        -0.613ns  (required time - arrival time)
  Source:                 u_eng/g_rq[28].u_ms/x_sel_r_reg[18]/C
                            (rising edge-triggered cell FDCE clocked by clk  {rise@0.000ns fall@1.649ns period=3.298ns})
  Destination:            u_eng/g_rq[28].u_ms/u_core/g_barrel.plo_r_reg[25]/D
                            (rising edge-triggered cell FDCE clocked by clk  {rise@0.000ns fall@1.649ns period=3.298ns})
  Path Group:             clk
  Path Type:              Setup (Max at Slow Process Corner)
  Requirement:            3.298ns  (clk rise@3.298ns - clk rise@0.000ns)
  Data Path Delay:        3.891ns  (logic 0.887ns (22.796%)  route 3.004ns (77.204%))
  Logic Levels:           8  (CARRY8=4 LUT5=1 LUT6=3)
  Clock Path Skew:        -0.010ns (DCD - SCD + CPR)
    Destination Clock Delay (DCD):    0.020ns = ( 3.318 - 3.298 ) 
    Source Clock Delay      (SCD):    0.030ns
    Clock Pessimism Removal (CPR):    0.000ns
  Clock Uncertainty:      0.035ns  ((TSJ^2 + TIJ^2)^1/2 + DJ) / 2 + PE
    Total System Jitter     (TSJ):    0.071ns
    Total Input Jitter      (TIJ):    0.000ns
    Discrete Jitter          (DJ):    0.000ns
    Phase Error              (PE):    0.000ns

    Location             Delay type                Incr(ns)  Path(ns)    Netlist Resource(s)
  -------------------------------------------------------------------    -------------------
                         (clock clk rise edge)        0.000     0.000 r  
                                                      0.000     0.000 r  clk (IN)
                         net (fo=251811, unset)       0.030     0.030    u_eng/g_rq[28].u_ms/clk
    SLICE_X54Y198        FDCE                                         r  u_eng/g_rq[28].u_ms/x_sel_r_reg[18]/C
  -------------------------------------------------------------------    -------------------
    SLICE_X54Y198        FDCE (Prop_HFF_SLICEM_C_Q)
                                                      0.079     0.109 r  u_eng/g_rq[28].u_ms/x_sel_r_reg[18]/Q
                         net (fo=33, routed)          1.178     1.287    u_eng/g_rq[28].u_ms/u_core/x[18]
    SLICE_X41Y246        LUT6 (Prop_H6LUT_SLICEM_I3_O)
                                                      0.053     1.340 r  u_eng/g_rq[28].u_ms/u_core/g_barrel.plo_r[19]_i_31/O
                         net (fo=2, routed)           0.251     1.591    u_eng/g_rq[28].u_ms/u_core/g_barrel.plo_r[19]_i_31_n_0
    SLICE_X35Y246        LUT6 (Prop_E6LUT_SLICEM_I0_O)
                                                      0.124     1.715 r  u_eng/g_rq[28].u_ms/u_core/g_barrel.plo_r[19]_i_39/O
                         net (fo=1, routed)           0.014     1.729    u_eng/g_rq[28].u_ms/u_core/g_barrel.plo_r[19]_i_39_n_0
    SLICE_X35Y246        CARRY8 (Prop_CARRY8_SLICEM_S[4]_CO[7])
                                                      0.156     1.885 r  u_eng/g_rq[28].u_ms/u_core/g_barrel.plo_r_reg[19]_i_18/CO[7]
                         net (fo=1, routed)           0.026     1.911    u_eng/g_rq[28].u_ms/u_core/g_barrel.plo_r_reg[19]_i_18_n_0
    SLICE_X35Y247        CARRY8 (Prop_CARRY8_SLICEM_CI_O[2])
                                                      0.067     1.978 r  u_eng/g_rq[28].u_ms/u_core/g_barrel.plo_r_reg[26]_i_18/O[2]
                         net (fo=2, routed)           0.524     2.502    u_eng/g_rq[28].u_ms/u_core/g_barrel.plo_r_reg[26]_i_18_n_13
    SLICE_X42Y240        LUT6 (Prop_C6LUT_SLICEM_I3_O)
                                                      0.088     2.590 r  u_eng/g_rq[28].u_ms/u_core/g_barrel.plo_r[19]_i_3/O
                         net (fo=2, routed)           0.952     3.542    u_eng/g_rq[28].u_ms/u_core/g_barrel.plo_r[19]_i_3_n_0
    SLICE_X48Y194        LUT5 (Prop_G6LUT_SLICEL_I0_O)
                                                      0.089     3.631 r  u_eng/g_rq[28].u_ms/u_core/g_barrel.plo_r[19]_i_11/O
                         net (fo=1, routed)           0.008     3.639    u_eng/g_rq[28].u_ms/u_core/g_barrel.plo_r[19]_i_11_n_0
    SLICE_X48Y194        CARRY8 (Prop_CARRY8_SLICEL_S[6]_CO[7])
                                                      0.115     3.754 r  u_eng/g_rq[28].u_ms/u_core/g_barrel.plo_r_reg[19]_i_1/CO[7]
                         net (fo=1, routed)           0.026     3.780    u_eng/g_rq[28].u_ms/u_core/g_barrel.plo_r_reg[19]_i_1_n_0
    SLICE_X48Y195        CARRY8 (Prop_CARRY8_SLICEL_CI_O[5])
                                                      0.116     3.896 r  u_eng/g_rq[28].u_ms/u_core/g_barrel.plo_r_reg[26]_i_1/O[5]
                         net (fo=1, routed)           0.025     3.921    u_eng/g_rq[28].u_ms/u_core/plo[25]
    SLICE_X48Y195        FDCE                                         r  u_eng/g_rq[28].u_ms/u_core/g_barrel.plo_r_reg[25]/D
  -------------------------------------------------------------------    -------------------

                         (clock clk rise edge)        3.298     3.298 r  
                                                      0.000     3.298 r  clk (IN)
                         net (fo=251811, unset)       0.020     3.318    u_eng/g_rq[28].u_ms/u_core/clk
    SLICE_X48Y195        FDCE                                         r  u_eng/g_rq[28].u_ms/u_core/g_barrel.plo_r_reg[25]/C
                         clock pessimism              0.000     3.318    
                         clock uncertainty           -0.035     3.283    
    SLICE_X48Y195        FDCE (Setup_FFF_SLICEL_C_D)
                                                      0.025     3.308    u_eng/g_rq[28].u_ms/u_core/g_barrel.plo_r_reg[25]
  -------------------------------------------------------------------
                         required time                          3.308    
                         arrival time                          -3.921    
  -------------------------------------------------------------------
                         slack                                 -0.613    

Slack (VIOLATED) :        -0.613ns  (required time - arrival time)
  Source:                 u_eng/tile_buf_reg[5][30][5]/C
                            (rising edge-triggered cell FDRE clocked by clk  {rise@0.000ns fall@1.649ns period=3.298ns})
  Destination:            u_eng/wb_data_r_reg[21]/D
                            (rising edge-triggered cell FDRE clocked by clk  {rise@0.000ns fall@1.649ns period=3.298ns})
  Path Group:             clk
  Path Type:              Setup (Max at Slow Process Corner)
  Requirement:            3.298ns  (clk rise@3.298ns - clk rise@0.000ns)
  Data Path Delay:        3.893ns  (logic 0.676ns (17.365%)  route 3.217ns (82.636%))
  Logic Levels:           9  (LUT3=2 LUT6=3 MUXF7=2 MUXF8=2)
  Clock Path Skew:        -0.008ns (DCD - SCD + CPR)
    Destination Clock Delay (DCD):    0.020ns = ( 3.318 - 3.298 ) 
    Source Clock Delay      (SCD):    0.028ns
    Clock Pessimism Removal (CPR):    0.000ns
  Clock Uncertainty:      0.035ns  ((TSJ^2 + TIJ^2)^1/2 + DJ) / 2 + PE
    Total System Jitter     (TSJ):    0.071ns
    Total Input Jitter      (TIJ):    0.000ns
    Discrete Jitter          (DJ):    0.000ns
    Phase Error              (PE):    0.000ns

    Location             Delay type                Incr(ns)  Path(ns)    Netlist Resource(s)
  -------------------------------------------------------------------    -------------------
                         (clock clk rise edge)        0.000     0.000 r  
                                                      0.000     0.000 r  clk (IN)
                         net (fo=251811, unset)       0.028     0.028    u_eng/clk
    SLICE_X51Y187        FDRE                                         r  u_eng/tile_buf_reg[5][30][5]/C
  -------------------------------------------------------------------    -------------------
    SLICE_X51Y187        FDRE (Prop_DFF_SLICEL_C_Q)
                                                      0.079     0.107 r  u_eng/tile_buf_reg[5][30][5]/Q
                         net (fo=2, routed)           0.919     1.026    u_eng/tile_buf_reg_n_0_[5][30][5]
    SLICE_X51Y116        LUT6 (Prop_C6LUT_SLICEL_I3_O)
                                                      0.050     1.076 r  u_eng/wb_data_r[125]_i_739/O
                         net (fo=1, routed)           0.010     1.086    u_eng/wb_data_r[125]_i_739_n_0
    SLICE_X51Y116        MUXF7 (Prop_F7MUX_CD_SLICEL_I1_O)
                                                      0.057     1.143 r  u_eng/wb_data_r_reg[125]_i_358/O
                         net (fo=1, routed)           0.000     1.143    u_eng/wb_data_r_reg[125]_i_358_n_0
    SLICE_X51Y116        MUXF8 (Prop_F8MUX_BOT_SLICEL_I0_O)
                                                      0.026     1.169 r  u_eng/wb_data_r_reg[125]_i_136/O
                         net (fo=3, routed)           0.216     1.385    u_eng/wb_data_r_reg[125]_i_136_n_0
    SLICE_X51Y116        LUT3 (Prop_E5LUT_SLICEL_I2_O)
                                                      0.114     1.499 r  u_eng/wb_data_r[117]_i_89/O
                         net (fo=4, routed)           0.736     2.235    u_eng/wb_data_r[117]_i_89_n_0
    SLICE_X52Y170        LUT6 (Prop_D6LUT_SLICEL_I1_O)
                                                      0.099     2.334 r  u_eng/wb_data_r[85]_i_29/O
                         net (fo=2, routed)           0.631     2.965    u_eng/wb_data_r[85]_i_29_n_0
    SLICE_X52Y205        LUT6 (Prop_F6LUT_SLICEL_I0_O)
                                                      0.035     3.000 r  u_eng/wb_data_r[21]_i_10/O
                         net (fo=1, routed)           0.011     3.011    u_eng/wb_data_r[21]_i_10_n_0
    SLICE_X52Y205        MUXF7 (Prop_F7MUX_EF_SLICEL_I0_O)
                                                      0.057     3.068 r  u_eng/wb_data_r_reg[21]_i_5/O
                         net (fo=1, routed)           0.000     3.068    u_eng/wb_data_r_reg[21]_i_5_n_0
    SLICE_X52Y205        MUXF8 (Prop_F8MUX_TOP_SLICEL_I1_O)
                                                      0.026     3.094 r  u_eng/wb_data_r_reg[21]_i_2/O
                         net (fo=1, routed)           0.679     3.773    u_eng/wb_data_r_reg[21]_i_2_n_0
    SLICE_X51Y228        LUT3 (Prop_D5LUT_SLICEL_I1_O)
                                                      0.133     3.906 r  u_eng/wb_data_r[21]_i_1/O
                         net (fo=1, routed)           0.015     3.921    u_eng/wb_data_r[21]_i_1_n_0
    SLICE_X51Y228        FDRE                                         r  u_eng/wb_data_r_reg[21]/D
  -------------------------------------------------------------------    -------------------

                         (clock clk rise edge)        3.298     3.298 r  
                                                      0.000     3.298 r  clk (IN)
                         net (fo=251811, unset)       0.020     3.318    u_eng/clk
    SLICE_X51Y228        FDRE                                         r  u_eng/wb_data_r_reg[21]/C
                         clock pessimism              0.000     3.318    
                         clock uncertainty           -0.035     3.283    
    SLICE_X51Y228        FDRE (Setup_DFF2_SLICEL_C_D)
                                                      0.025     3.308    u_eng/wb_data_r_reg[21]
  -------------------------------------------------------------------
                         required time                          3.308    
                         arrival time                          -3.921    
  -------------------------------------------------------------------
                         slack                                 -0.613    

Slack (VIOLATED) :        -0.609ns  (required time - arrival time)
  Source:                 u_eng/st_r_reg[1]/C
                            (rising edge-triggered cell FDCE clocked by clk  {rise@0.000ns fall@1.649ns period=3.298ns})
  Destination:            u_eng/tile_buf_reg[14][43][6]/CE
                            (rising edge-triggered cell FDRE clocked by clk  {rise@0.000ns fall@1.649ns period=3.298ns})
  Path Group:             clk
  Path Type:              Setup (Max at Slow Process Corner)
  Requirement:            3.298ns  (clk rise@3.298ns - clk rise@0.000ns)
  Data Path Delay:        3.802ns  (logic 0.343ns (9.022%)  route 3.459ns (90.978%))
  Logic Levels:           3  (LUT4=1 LUT5=2)
  Clock Path Skew:        -0.010ns (DCD - SCD + CPR)
    Destination Clock Delay (DCD):    0.020ns = ( 3.318 - 3.298 ) 
    Source Clock Delay      (SCD):    0.030ns
    Clock Pessimism Removal (CPR):    0.000ns
  Clock Uncertainty:      0.035ns  ((TSJ^2 + TIJ^2)^1/2 + DJ) / 2 + PE
    Total System Jitter     (TSJ):    0.071ns
    Total Input Jitter      (TIJ):    0.000ns
    Discrete Jitter          (DJ):    0.000ns
    Phase Error              (PE):    0.000ns

    Location             Delay type                Incr(ns)  Path(ns)    Netlist Resource(s)
  -------------------------------------------------------------------    -------------------
                         (clock clk rise edge)        0.000     0.000 r  
                                                      0.000     0.000 r  clk (IN)
                         net (fo=251811, unset)       0.030     0.030    u_eng/clk
    SLICE_X50Y244        FDCE                                         r  u_eng/st_r_reg[1]/C
  -------------------------------------------------------------------    -------------------
    SLICE_X50Y244        FDCE (Prop_HFF_SLICEM_C_Q)
                                                      0.079     0.109 r  u_eng/st_r_reg[1]/Q
                         net (fo=27, routed)          0.289     0.398    u_eng/st_r_reg_n_0_[1]
    SLICE_X53Y244        LUT4 (Prop_H6LUT_SLICEM_I0_O)
                                                      0.090     0.488 r  u_eng/tile_buf[7][117][7]_i_6/O
                         net (fo=5, routed)           0.322     0.810    u_eng/tile_buf[7][117][7]_i_6_n_0
    SLICE_X52Y232        LUT5 (Prop_G6LUT_SLICEL_I1_O)
                                                      0.123     0.933 r  u_eng/tile_buf[15][127][7]_i_3/O
                         net (fo=16, routed)          0.143     1.076    u_eng/tile_buf[15][127][7]_i_3_n_0
    SLICE_X53Y231        LUT5 (Prop_D6LUT_SLICEM_I4_O)
                                                      0.051     1.127 r  u_eng/tile_buf[14][127][7]_i_1/O
                         net (fo=257, routed)         2.705     3.832    u_eng/tile_buf[14][127][7]_i_1_n_0
    SLICE_X48Y99         FDRE                                         r  u_eng/tile_buf_reg[14][43][6]/CE
  -------------------------------------------------------------------    -------------------

                         (clock clk rise edge)        3.298     3.298 r  
                                                      0.000     3.298 r  clk (IN)
                         net (fo=251811, unset)       0.020     3.318    u_eng/clk
    SLICE_X48Y99         FDRE                                         r  u_eng/tile_buf_reg[14][43][6]/C
                         clock pessimism              0.000     3.318    
                         clock uncertainty           -0.035     3.283    
    SLICE_X48Y99         FDRE (Setup_GFF_SLICEL_C_CE)
                                                     -0.060     3.223    u_eng/tile_buf_reg[14][43][6]
  -------------------------------------------------------------------
                         required time                          3.223    
                         arrival time                          -3.832    
  -------------------------------------------------------------------
                         slack                                 -0.609    

Slack (VIOLATED) :        -0.609ns  (required time - arrival time)
  Source:                 u_eng/wb_i8_reg[0]_rep__28/C
                            (rising edge-triggered cell FDCE clocked by clk  {rise@0.000ns fall@1.649ns period=3.298ns})
  Destination:            u_eng/wb_data_r_reg[68]/D
                            (rising edge-triggered cell FDRE clocked by clk  {rise@0.000ns fall@1.649ns period=3.298ns})
  Path Group:             clk
  Path Type:              Setup (Max at Slow Process Corner)
  Requirement:            3.298ns  (clk rise@3.298ns - clk rise@0.000ns)
  Data Path Delay:        3.888ns  (logic 0.521ns (13.400%)  route 3.367ns (86.600%))
  Logic Levels:           6  (LUT3=1 LUT6=2 MUXF7=2 MUXF8=1)
  Clock Path Skew:        -0.009ns (DCD - SCD + CPR)
    Destination Clock Delay (DCD):    0.021ns = ( 3.319 - 3.298 ) 
    Source Clock Delay      (SCD):    0.030ns
    Clock Pessimism Removal (CPR):    0.000ns
  Clock Uncertainty:      0.035ns  ((TSJ^2 + TIJ^2)^1/2 + DJ) / 2 + PE
    Total System Jitter     (TSJ):    0.071ns
    Total Input Jitter      (TIJ):    0.000ns
    Discrete Jitter          (DJ):    0.000ns
    Phase Error              (PE):    0.000ns

    Location             Delay type                Incr(ns)  Path(ns)    Netlist Resource(s)
  -------------------------------------------------------------------    -------------------
                         (clock clk rise edge)        0.000     0.000 r  
                                                      0.000     0.000 r  clk (IN)
                         net (fo=251811, unset)       0.030     0.030    u_eng/clk
    SLICE_X54Y196        FDCE                                         r  u_eng/wb_i8_reg[0]_rep__28/C
  -------------------------------------------------------------------    -------------------
    SLICE_X54Y196        FDCE (Prop_AFF_SLICEM_C_Q)
                                                      0.077     0.107 r  u_eng/wb_i8_reg[0]_rep__28/Q
                         net (fo=65, routed)          1.775     1.882    u_eng/wb_i8_reg[0]_rep__28_n_0
    SLICE_X38Y303        LUT6 (Prop_A6LUT_SLICEL_I4_O)
                                                      0.050     1.932 r  u_eng/wb_data_r[68]_i_67/O
                         net (fo=1, routed)           0.009     1.941    u_eng/wb_data_r[68]_i_67_n_0
    SLICE_X38Y303        MUXF7 (Prop_F7MUX_AB_SLICEL_I1_O)
                                                      0.057     1.998 r  u_eng/wb_data_r_reg[68]_i_43/O
                         net (fo=1, routed)           0.000     1.998    u_eng/wb_data_r_reg[68]_i_43_n_0
    SLICE_X38Y303        MUXF8 (Prop_F8MUX_BOT_SLICEL_I1_O)
                                                      0.026     2.024 r  u_eng/wb_data_r_reg[68]_i_15/O
                         net (fo=1, routed)           0.965     2.989    u_eng/wb_data_r_reg[68]_i_15_n_0
    SLICE_X51Y235        LUT6 (Prop_H6LUT_SLICEL_I5_O)
                                                      0.124     3.113 r  u_eng/wb_data_r[68]_i_6/O
                         net (fo=1, routed)           0.010     3.123    u_eng/wb_data_r[68]_i_6_n_0
    SLICE_X51Y235        MUXF7 (Prop_F7MUX_GH_SLICEL_I0_O)
                                                      0.064     3.187 r  u_eng/wb_data_r_reg[68]_i_3/O
                         net (fo=1, routed)           0.541     3.728    u_eng/wb_data_r_reg[68]_i_3_n_0
    SLICE_X50Y224        LUT3 (Prop_F6LUT_SLICEM_I2_O)
                                                      0.123     3.851 r  u_eng/wb_data_r[68]_i_1/O
                         net (fo=1, routed)           0.067     3.918    u_eng/wb_data_r[68]_i_1_n_0
    SLICE_X50Y224        FDRE                                         r  u_eng/wb_data_r_reg[68]/D
  -------------------------------------------------------------------    -------------------

                         (clock clk rise edge)        3.298     3.298 r  
                                                      0.000     3.298 r  clk (IN)
                         net (fo=251811, unset)       0.021     3.319    u_eng/clk
    SLICE_X50Y224        FDRE                                         r  u_eng/wb_data_r_reg[68]/C
                         clock pessimism              0.000     3.319    
                         clock uncertainty           -0.035     3.284    
    SLICE_X50Y224        FDRE (Setup_FFF_SLICEM_C_D)
                                                      0.025     3.309    u_eng/wb_data_r_reg[68]
  -------------------------------------------------------------------
                         required time                          3.309    
                         arrival time                          -3.918    
  -------------------------------------------------------------------
                         slack                                 -0.609    




