acf8
b4d8
f894
7c57
9351
e4d6
53b0
9f8d
7906
8707
78c3
ed98
d807
d23f
aba9
ab06
8ddf
e120
a160
2123
f8a7
0423
66dd
bd59
a756
4112
6013
ce8f
b574
9666
6485
f414
57e5
d153
cd39
3e9b
798e
24e8
2943
5591
6d40
7281
250f
00f5
81b1
97a0
e7fc
9a06
cae1
7cd2
e57b
edac
ce63
9214
fd9c
0344
0996
5de0
1f79
7e0e
b190
b589
a87f
3ed6
e836
7264
0312
446b
c371
f15d
3000
3110
1b8d
9181
c514
31a3
8596
1a91
e054
812f
b4c6
1cc6
1409
2d3a
045c
53b7
7f4f
87bb
4434
9996
f57f
30d7
a92f
6fae
6f3d
6fc0
c339
fa97
a268
8fa3
b02b
0749
27dd
d596
0b51
a908
2c98
35cb
f14b
5ac0
bebd
ea1e
dce8
531f
2d0b
02a5
b173
20ff
b6ac
217a
66fe
3e20
6e0a
244f
3376
37ca
07ee
8daa
28ea
265a
1f4a
7f1f
d50c
fc9a
5e5a
6e53
fee9
fa6f
3ebc
a75c
0f9d
dd89
7fd6
a995
2060
60fd
db83
c5e5
5e46
aa36
c27a
759e
ebde
8708
a381
defa
497d
660a
2e5b
7241
031a
7871
c1ef
b64c
2a36
1a9e
861b
49e5
437e
de9f
11c9
94cc
e137
7b88
701c
b493
2842
2f96
25d9
f90c
40bc
33ae
dbfa
d9b1
d538
e942
741f
746a
030b
ca77
6122
b9ae
6a67
ea8f
8cd2
2cb6
397c
72fe
0b45
a163
9c0f
4100
0786
89cb
c4ff
c6ec
4ceb
60e5
e1a5
749c
08d4
2121
cbc6
9945
b7d4
b966
45dc
59ae
d4ee
711e
ab29
bbfa
7c0f
c01a
2612
7721
c783
2c6f
5180
7c50
b5b0
1bde
fa09
0b1f
caab
28f2
4a57
6e44
2179
fa97
b522
2894
d8bf
b9ee
3313
a873
7ab4
c8bc
b8dd
a755
bff2
3352
c0fe
92fc
b5c6
6e13
3952
35d3
31fb
2ecc
c539
1f0e
aabc
7c9c
f107
365d
c76f
f1e5
1995
3cfc
a55b
f74c
6fc1
cd69
e162
2daf
8eaf
3084
342f
3afc
4ca1
568a
b07e
475d
74c8
2af2
4ddd
7f6c
7392
3206
379e
b6ea
d288
5ec8
fced
8c69
fdbd
31b5
e0e3
d432
bb56
1914
2d0f
111f
dad5
94d0
4f8b
13de
c79f
5130
685d
282e
5d11
81da
4d9b
5415
04e5
627a
f8f3
1086
fd0c
7273
0533
8fdb
86d7
7db3
8164
89bd
7f03
61da
ea51
08cc
7cb6
33ab
dc54
5c86
7ce1
fff7
8692
b003
8780
68ac
33f7
79ef
b561
4e31
2e5b
58d8
09fb
d065
1925
9c5f
dded
5acc
64f0
42b7
295e
95fa
f3f5
1620
0d6f
5438
0631
2ded
90b8
83dc
ee14
6766
42e5
80ba
8142
1d55
1221
3854
a938
fbe5
496f
bf60
0e44
262a
dfde
f61e
8874
092a
8ab2
426c
1ab3
6de7
63de
e23e
b101
1709
c6bd
32b2
cd58
d6d0
e81c
a802
49a6
0815
9e1a
ced4
baef
14e3
71b1
5ddb
8abb
afb0
b369
d1c9
3773
742c
f108
7a06
52c3
89d8
f78d
a899
c33c
2941
6d7f
8c88
8820
4f62
4705
9c86
f750
063e
aad0
5e96
3ab0
eac1
4826
7e88
5b58
4ac3
3bab
a92d
c758
7021
6b59
35a8
52d6
4dc4
2123
aa09
8b97
2e28
d7d9
184f
5f60
55a7
7068
f903
9d06
d8ba
08ca
dbb0
7031
0f70
f44f
9ca8
0c35
d46c
2c80
4657
acb0
71d0
a9e1
e9d4
e05b
be1a
9483
d44e
120f
db2f
e1e0
87cb
7554
ffe8
7cc5
211a
0a2d
1ec3
347e
0e25
5cd9
fd54
62da
3401
cdc6
a0f1
4939
1d1d
9233
7249
2621
1227
ee9f
1ee2
c8ce
12ba
e7df
46a3
e916
a07b
f436
f8b6
1fb4
6ecc
30ce
5563
d469
cca9
5be1
02bf
7019
074d
e83d
2b65
46fb
69b0
1f7d
c5c2
0264
efa8
cc86
9634
989e
048a
b844
d437
c872
311b
372e
cc9f
e88e
8dd3
591a
14ad
8db0
7dcf
77cf
7abd
11d2
5bf6
f75b
2494
13ad
aa1f
54ba
4ba2
5aa9
24a8
6312
1535
3b4f
5b6c
01e1
6b35
e16a
45c4
8639
5e34
959f
35b8
6ad3
1aee
ef6d
5f63
8ae5
e0d8
920c
1e61
f36a
7e63
b06a
f2b1
3a17
93d8
b805
a759
2db6
d470
ed1f
b725
b107
9db8
3cfd
bb3f
ec44
01d0
9bf1
8be0
d0b9
f57f
88ca
56e5
5e00
bb74
917d
a402
a176
ecca
9cc4
9381
45b5
e40e
e423
cc9f
770e
4bcc
6c7c
7602
402d
d867
29bd
d8c2
862a
4b6e
84c5
48aa
eced
5933
b7d4
e5a6
e0c1
aa09
e59c
84c1
01d3
d5cc
0c0b
4b36
71c8
93f6
54a5
44d6
551f
17ba
a4b2
a05a
574a
5a6a
8840
be9a
5446
952c
aa45
33c2
5636
aa66
d843
a851
44ac
9fee
70a6
7857
10f1
5ed4
3670
bd3c
d4ee
3204
d612
abbc
ee8a
e1cb
1392
b692
950b
e151
f9fc
6f1f
75de
af13
7028
fb45
4dcc
e6b7
21b6
6b29
3bc8
ba68
869c
720c
94fd
f7ee
d4bc
9c60
5242
3720
afdd
fc69
22bf
bb4b
43d4
d66f
97ae
36ed
56be
279f
7717
5e91
9bc0
65c9
e5f8
37c4
8559
12e0
4ac7
2839
c3b9
a6af
8561
66a1
275b
b944
771c
e667
c5fa
56c5
668b
702d
129b
d31f
8d16
5b86
1ba7
bd1d
397b
4a96
f9db
6462
91f0
397f
ecc1
d681
5e0f
b08f
1041
860d
6f35
1806
44e2
cd12
480f
6f89
c2eb
f0af
58d0
eb7c
8e54
8bd6
d0fe
a776
7ab0
4e88
19b2
d210
65ce
a80e
0592
8c84
341c
8ef9
8c54
005a
e6d0
1084
f88d
a1d2
bf3c
3c80
4b19
2603
d0c7
5771
bf45
5d81
6e38
69cd
4e06
9e00
fe2a
46c3
9051
c72f
5fb3
7455
a013
4e46
c9b9
a265
d2e1
4683
1da3
0a5e
1650
5669
ff49
e408
bb93
1cbc
49d2
c2be
77d3
92c3
4f51
e631
d182
7786
f6c7
fed9
be41
a672
9907
8492
6407
c4eb
f9ac
86cb
0fb7
f980
f319
2ee6
61f0
9ae7
2afd
7088
3c23
b41d
8bdd
2213
710c
f9a0
5f47
4902
c64b
516d
db30
086e
ad84
7f12
3568
80c2
375e
1659
3b50
97a4
513f
4ec2
1ece
a6b7
a982
4baf
0bfa
73ce
4e5a
1107
aa91
c0e4
ff7b
0f3f
bb6a
dbe9
856d
06d1
c4b2
01c3
b9af
82ec
4ae8
09c2
89c6
6e78
7922
a4e6
b8be
1ec1
34da
fd10
dab0
a404
c5b7
4851
e00e
6f32
aee2
4ac3
05f3
15bf
bfe0
3b31
f00e
c659
4c9d
320e
d344
e8f1
3039
da92
093c
295d
6b6e
260d
9276
f448
2df5
ddea
0036
8703
08e7
a34a
b646
26d3
d742
16c2
f3ab
c87e
fb02
3f77
1653
a781
a645
e138
80e5
f02a
5f8f
4f00
4665
55f1
ef0c
4071
2a28
b738
f6a4
8256
1ec0
788f
93c2
5d6d
3ac9
f714
1996
c652
8ac4
3e77
465e
e08e
955e
3bf6
ed89
8447
a289
c1b6
fdc7
36fb
346d
e7db
003b
852e
bf30
ddd1
9a65
50c3
18f3
c403
da74
73ea
dd29
3301
8796
e911
4c6b
da11
fb33
35ca
75ec
b59b
7367
11a1
a58a
18b8
e08f
6274
9d03
32e4
d7da
99b0
a306
8299
9fc9
d9e8
6001
6e57
33ee
1ef9
ee5e
5a7a
e4de
021c
23b9
765a
ecb2
7192
7d94
50fb
5ed6
1e0a
f818
f43c
72c0
e245
a925
2073
f654
fca6
926d
a609
df16
1d73
038f
41b0
a2d2
790d
72ad
a53c
79df
d57b
10e2
38b4
144d
dd82
ddeb
8692
a313
ce17
8a01
6b98
15fc
e4a7
faa9
9311
b36d
8b71
a92d
dbcc
e46d
e0da
6a88
4280
add6
145e
13bc
c873
5e24
710e
a6be
5674
99b8
4bfc
2ff6
bdac
c3a1
9a73
4ba2
c702
dfc4
c1b8
61bc
abe2
8641
8632
0818
6145
e33b
3cc2
7043
860f
97e4
63ef
e3ca
4c00
6556
1914
dc62
af78
e3af
1b3e
e163
c48c
36d8
4269
19ea
19b0
efc7
5794
5d0e
ec46
52fe
232a
01d7
6d21
aa9d
6000
d6e0
0f0b
72fe
7327
f6f3
8d9c
17dc
c36e
e745
a14b
77d7
ab2a
ed5b
565a
93b8
9016
2c06
cdb9
a2cb
6ad5
6764
7b2c
9d51
af40
b5df
57c0
89b3
a981
26c7
1853
1824
5187
b835
c571
badb
7449
088b
28c2
29d8
195c
9d03
f142
8fac
b9c2
4797
51d4
9832
97ac
ff7d
6397
7cd0
809e
6284
8c49
2823
baf5
0a82
7853
67c5
1c79
df5c
f7c0
15d6
a0d5
09ac
095e
7d46
e695
1813
8d03
a5d8
2d4b
4f7b
54e8
6c8f
2638
05e4
7549
32fa
ee08
03c6
62eb
b2d8
389b
7986
2383
b3ca
bc66
578f
1910
e67a
ee19
8828
9a23
5ead
e072
5edf
9f10
e0f6
c8a8
320c
b4b9
e10d
4799
3e3e
792e
d851
e956
745d
3186
627b
5c76
e4bf
280c
bc43
5c32
8223
7ce7
855e
3112
3f7f
7aa4
c917
2f3a
a888
6c32
ec9f
f40d
aa02
465c
fa65
f08c
7b9f
ddb5
e034
58c3
6736
dcc9
a5ab
2dc3
9692
5092
d3bf
d999
d2f5
1655
716c
66f6
176d
1fcf
2ec6
5206
ce12
2943
347a
fda8
2ebd
6e69
415b
9930
5282
4d36
8283
d9ea
fcf6
e287
8752
2318
b7e0
8ed1
0a84
8ca3
e816
8b66
dcbe
7065
16d2
d75f
4d97
0d0e
f9e4
1352
98e7
5141
9eb5
7412
a0cc
84f9
0644
7aaf
8ced
ede3
b279
a774
894d
553e
a520
e464
38d3
ec68
3578
6294
5d8c
2eea
dc60
ce9e
a5a7
705f
e7c0
7f20
b23a
30c3
a129
9dff
f52d
7cdc
a335
0f99
a8bf
9bb7
0184
9834
151c
7902
c431
ba21
c81b
6eea
7de9
4daf
6d4c
d846
8d72
0251
61d1
6402
613e
0c41
4f9d
d284
a2fa
44b6
a0ac
2014
bef6
bf9b
63d2
0c7b
4d08
ce8c
70e9
8cf8
bc7c
2ec7
853f
3224
3c6c
575f
28c7
bf11
11d7
5418
7c76
a2b2
6632
cc5e
941d
01b0
9325
f337
0fcc
0599
7745
9688
d06a
eb49
b484
5f46
8d8c
16cd
8b11
09d6
9ee6
a049
fd49
fba7
f4c3
ba3b
abbc
ad3b
e844
2d3a
6981
c648
cdeb
dcf6
e097
41a7
0101
8991
e7bf
4f14
ec67
8d85
59fa
b6e7
e96e
d911
2860
9ea7
4155
6fbd
a31f
39ac
ebd6
4ff5
7250
79e8
49b9
9e27
ddb3
d109
e9ae
ac42
e48c
5f88
cef1
0ad4
c16b
e53d
d882
668b
5dda
4f3a
26e0
1ec3
e083
0c53
0035
acaf
4ce8
4fe5
6170
0c6f
ba7e
f2cb
e52f
95ce
dd2d
661f
2ba6
1e68
4d26
f17d
908c
60d6
0b1c
8396
fc82
053c
7a4c
2c9d
1109
6c9b
6b25
72aa
3e6f
94f3
44e9
9fdb
73c6
e92d
33df
db7c
29fe
330f
7faf
4f60
cb77
bd29
2ae1
6565
59cc
3dda
e9dc
7678
9dc2
ddc1
db86
ea23
390a
2ccd
f304
c83c
893d
34b5
05c9
7410
44ed
7f4f
d13c
8abd
6ee8
3597
4e26
e77b
e941
d122
d065
10cc
fd30
82eb
d132
3ff6
bfe0
6c29
5126
7a0d
4283
610b
cf24
1d77
1029
fbeb
2def
7f9a
77e0
6965
ff85
cadc
de59
9592
fea3
4e77
2516
0cc0
c37a
3eb5
7df8
f362
052a
9a6d
18e7
2be4
0144
c1e3
9a85
c3d3
a78e
d7eb
5050
1361
3b29
dda9
e305
6a61
8a27
987a
88da
db0a
6bd1
0add
0c81
8eb0
f47b
4aa5
3e2f
130e
7961
ec5d
8899
a817
3129
3b7d
954c
dd37
b0c6
2324
46aa
cd7c
c173
641e
0ca2
c77a
c2b9
dbd4
53bc
f4df
ff0e
48d2
07c8
8476
e41d
3bc5
500b
9b86
ba01
580b
190a
f218
cf80
54d8
3697
787f
8999
5220
30a6
be76
4c08
6df1
ea73
a027
ef6f
7f6a
5125
8e15
af2d
5819
0979
de78
9e57
4cfa
f3d8
d718
0d9c
a529
e08a
a1b6
e5fe
b0df
ef60
0102
8a6a
ab70
e8c6
1095
8878
7c4c
2402
9db3
f540
7e9f
f97e
63c6
121a
4f7f
3f2a
fe45
227c
73ad
0c0a
4388
19cc
2782
75b9
5a98
7b3a
ef1d
f2e7
51e0
f9ce
158b
bf66
3ec6
4fea
805b
354c
80f5
5ef3
0f22
d929
a483
0551
af21
a28b
a07e
749b
968c
623f
b050
21ca
a62b
f00c
a4d5
efbc
1db2
e209
5324
f9bf
c8e6
24cc
3468
e377
d762
4c9b
ccde
68c7
c611
232d
5897
1f1b
9fe3
24e6
1d68
410f
7a36
a325
a82b
fcc7
345c
4e6c
459a
a25d
25d1
74fd
294a
e320
dbfe
0341
b06f
d32f
95b7
6478
15a3
a0ab
f228
e548
f381
e3f8
df63
feac
e453
3cc1
ab87
f93e
7a90
e6bb
1d68
db72
fd65
c234
fbdf
7715
eb65
53b7
c7a5
daca
d13f
ff8f
ea15
c314
3bd2
35eb
833a
716d
3471
f9c7
d16e
a524
8b30
6594
03b4
bad5
8045
9804
1bb2
e876
a0f4
b6af
d752
cd94
6f12
08f2
2afd
fc5c
4d70
9459
2213
d92d
99df
c1e5
21c8
ccab
4de2
43d8
378f
d24c
c660
43ed
6d9d
9976
e78a
e1ef
3367
698e
43eb
f8d9
7ee6
055b
176e
baa8
3db2
3560
a145
98d1
16af
5d88
42f2
d413
8bb9
9950
1f9d
8b89
eba5
d056
d94f
9154
911d
5411
2dec
f754
baf7
b95d
0e55
dda6
cf6d
67a6
132e
d595
ee7f
b90b
2da0
1dca
9762
5076
cdd5
b45c
5afd
a405
b1de
96f4
3c5f
e080
a208
a973
ecd8
40f2
6065
1593
08eb
4e90
11c2
8782
4c29
12d5
3a71
bfbf
95ca
ff5c
e639
c1cf
6f88
e966
0e2a
2359
70bb
a878
56ec
4193
9a14
d3b0
a6b5
b0e5
3b08
9898
c998
a50c
59a3
d01d
c352
8c1c
a6c7
de95
51a3
d51f
8e0d
4ac7
5a90
dc32
c5af
962e
79af
f30e
f118
0ff7
11fe
cf0e
5819
e385
3207
1067
ba94
6a99
1d38
f727
001a
e469
7845
a595
325b
bf94
1e7e
53da
1c5b
a1d2
7a25
18b3
6af2
5ad3
8dcf
b2b7
17ba
bfcb
3531
e65f
2ff9
2cb2
0829
3906
b292
473e
a8c4
188d
9f99
8d3f
779d
a035
1a55
f0d7
4751
03c6
0111
1c81
7162
1d5e
e5d7
7fac
058f
7751
09cf
ddf4
6fc3
5c46
7de1
e58d
d617
4739
e7e5
6a7d
95b6
a624
d088
007c
2c1f
64c0
38df
557e
ea7a
b531
5c7c
e3e7
e752
4ed5
7f64
8f1d
074d
fe0b
9238
e3ae
66e0
a9d5
d781
0dac
8044
8d67
ffa0
afff
1f10
92a0
97ae
39c2
d137
16f1
f755
a193
d961
a9a1
3c1d
84f8
fb7c
bee7
ad31
3caa
92c5
b178
2538
b5b9
3c63
0c53
2268
9f98
04a8
6390
8132
6c63
3d20
c26c
9cb4
c649
d80d
9b28
ef13
9a92
7baf
7b71
6d35
e6bf
e07b
8870
8620
3d55
4bc8
e6b4
508d
d225
2f09
2350
3c68
31ef
5c7a
586f
af2b
eb62
4dd7
5da2
e465
355c
b3fe
0f70
620c
e65b
f96b
c9c9
16f7
6d61
2fd6
eac1
a1a4
bdf3
f2a1
0abf
fcb9
425b
23b1
b7ba
38e8
5b05
cdb2
c4e1
9180
014c
618a
bbe2
a567
e5bb
c85d
5254
d900
94d6
676d
1318
2d29
1247
9a17
8ef8
c9b9
c84f
c136
a071
1ad2
48f0
6520
1ba2
6aad
c167
2a49
9f1e
4008
9e74
de3e
18a8
72ae
497d
da99
99ed
8a1f
94e5
530b
5b4c
47f8
18f9
144b
b88e
bc4e
ca46
0b09
8445
2655
8d71
cfc0
4f98
e019
0868
f6eb
fccb
83f3
e0c9
10db
c37e
c3cf
ce34
1b8c
52a8
7965
c317
a693
5d6b
dcdc
9081
c177
083c
f228
586a
637d
1122
939d
1973
7824
0fa3
fb9c
9974
9c2e
4fda
b0d7
5343
03ca
bccf
961f
ecbe
abd2
ccb4
6dbe
2147
4b89
87cc
8726
da2e
4a77
76dd
8362
80f7
2562
10c3
7e4a
7f91
e486
138e
40c3
a7b3
3ba7
8953
b0f8
7cfb
e4fe
6136
2d70
d732
19ec
ee3b
a08f
9e22
e6f8
a972
b7d2
4d10
fafd
7661
9a2d
a182
f66e
c3c2
aac8
df9b
f8ce
f39a
9414
eaf0
303f
34e8
cb4f
1519
bd7e
9a52
e3df
8206
562b
61bd
ff6b
fdee
7e38
fc5e
9ed2
1e0d
d78c
ecdd
f94e
02c2
cd6b
048d
0c76
53fe
a82f
447a
977f
228b
b309
131e
8fe9
43ec
f09c
d850
fb72
4d12
93c8
ff74
ad5e
4902
765e
0b56
a62e
b995
579d
c55b
d053
725e
6caa
5edf
477d
e2d7
be84
e300
625f
01a3
9c26
59a0
9e5a
9af0
1a56
2fa5
2c74
5719
2b96
6bcf
f387
0781
ade8
548e
ab69
448a
fd94
3a3d
a22c
e6e4
3872
9abf
2f9a
8c8e
2244
3fc3
3dd7
831d
9ebf
40f0
344c
0d33
59a1
6719
30fe
556a
57fe
ec2d
b449
949f
6a6a
8977
46ea
febe
25f2
d36b
54a6
7499
009c
ac21
5d76
8a8c
adfd
2946
d336
294f
f130
49d0
1859
57ad
dc85
4c0d
a8bd
d528
0f1e
0a9c
5555
fb99
6a7d
e229
295d
0c9a
3378
d86f
be26
507a
991d
4bcc
029a
3971
975e
5c6e
7239
c6ec
9f73
69c1
8620
2803
f3ab
be34
f1e8
ba1a
1be5
7f73
4fcb
2b90
9bbc
3e9d
3a42
c8b2
4dba
a508
4c46
c78b
c075
aaaa
13e8
5c9a
a14f
5001
0ba7
08ca
961c
3787
1010
2210
aaaa
fb91
454a
d839
d8f1
0494
0a94
6942
bcbc
b4d1
966b
976b
ff4d
48b0
ae83
ff52
93ce
f221
f528
e8ce
61ab
8d6f
bda2
1b35
c472
c5e6
84ca
9090
37e7
84a6
30eb
af0f
ad0c
4f30
97cb
7218
9d84
f73b
ee44
00af
04bd
34a3
e37a
a707
7096
5fad
737d
3481
70d8
57f7
58f7
a43b
eedb
1940
61e0
4f41
c756
14e5
4032
b951
5850
3723
af10
8634
e90d
7142
0960
f165
135e
b9b1
4fef
6cae
841b
8465
417f
f049
82e4
f2cf
bf93
d4a2
73fb
ed47
ce4a
fa37
d4ab
a25b
46cc
d183
b8ec
22aa
c065
a4ef
728d
cb16
fdff
9918
a5bf
bf15
1433
d420
12d7
ec98
7eba
c9ea
bff4
502c
a058
a8a8
adef
c849
b79d
7c45
8295
ee53
9ce8
af30
165e
117a
48f4
f372
0501
50ed
1633
ad6a
3f49
fdb4
2054
fdea
a434
8abe
758d
b061
5eb2
0deb
482d
aa9e
5986
b26d
931f
7b86
2689
2566
3396
db9e
df47
8a35
b854
42be
a0b7
7c4f
854e
aaa0
d841
5516
9606
90bd
0d15
b0ce
fe53
4cd6
ee5e
61a8
1cef
c295
cd6f
8a08
1bd3
2781
1151
4a46
3e5f
6e40
4574
e582
a617
b60d
c36a
daa3
b465
5fb3
8a42
6585
ea1f
c7ef
a76e
c884
06f1
dbe0
c244
cda8
6838
1200
9718
1d9c
9f7c
85f0
a8e4
fb48
6c52
7cae
4b70
e5d9
2244
9431
068a
38bd
4f7f
8bc2
02d8
031e
759c
cc06
4796
84d3
6412
47e7
1d13
b0c1
aa82
9f20
ff3b
bb6c
5ffa
b29d
ae6c
94fb
493a
c0b7
e3cb
1bb7
3445
a302
4f89
5b69
c30b
5fda
e467
34f0
8341
ae1f
ffc4
377e
0228
9a3e
61e9
084a
738c
b43f
dffc
2d0a
953c
ea3a
f91c
b323
1fe8
7f20
3186
f85d
caef
c553
9139
36cd
6daa
fd8f
087c
a5f5
4bee
9b05
0b4c
486d
ef8a
a5f8
399b
d4ee
e7d2
4674
3d2b
299f
4f86
9917
d7b5
537e
e7a6
64c0
baca
95f6
3861
0502
c2af
1c96
44f2
7739
0a7e
657a
6108
779a
d3ba
3759
369e
4346
cfc6
dddd
f322
75fc
36e4
2bbf
971f
f967
1105
c603
f3cf
d68a
a11d
9357
e985
e78b
c4cf
6aa2
6a1d
2ccc
87ea
7521
dc31
f9e7
2ca0
dc73
6d52
cd97
71ce
c540
e4f5
d5ee
6123
b0dc
eb2d
9a7a
8dec
b592
92fd
92ff
5a34
84e3
e503
0738
2257
0f7e
b271
89f4
5eec
335c
cd34
c4fb
5688
b046
aebc
4a43
0bc1
203d
5c44
167e
cfa6
7b67
3e6c
c222
2b58
7e1d
6239
7d50
d2dd
4004
aee7
5df8
7915
38ce
f862
4195
df55
af85
6a18
9a8b
8db0
c3e8
1ccd
fcf5
c0fb
febc
0a00
d0ce
ea84
a68f
48da
1e6c
fb81
15a7
ae52
bd95
785f
ac6f
4613
386b
4a17
3402
bac1
66b7
1848
2d48
439e
be88
ac93
c261
2463
8752
47f5
6691
7f28
60e1
a56e
defc
23b7
de0d
d083
23f4
1d82
e6d2
fb27
f2a8
31c1
ae8a
0104
d624
00cc
280f
6a2c
92af
27ee
5f99
9cf8
32db
2323
9794
4f7f
fe03
1993
a1bd
1e7b
cb25
1aa6
17a5
de0c
fbb3
b553
44a1
158c
97f0
bc3f
05b0
413d
bbce
66c5
9134
e86e
8707
f62c
398e
bf3d
2860
c9e1
8e52
418c
0527
158d
6afe
3e65
e370
c77a
a0a8
c8f5
4e32
863f
779c
1945
d396
ad7e
fa9c
f708
ca1a
130d
b22c
5b0f
0388
14e4
5a4d
6d29
8a52
5c67
9b26
62e3
7249
e037
b495
11be
8c65
201a
5b31
04fb
9b87
c9a2
543b
88c7
4a45
327d
fb0a
5aa8
35ef
b8df
1e63
026a
f363
e673
a054
3eee
e07e
8bab
e587
11f7
9a2b
32fc
755a
3369
e660
bb89
27d0
79fd
32b6
78c5
0c68
7dd9
23a2
b48a
793f
0db5
3952
190e
389e
a9bf
77b2
4a9d
a853
f8fd
3bae
7157
1a4a
f42e
bd49
fe06
1282
32ed
eacd
337d
eea9
e3b7
17a9
38e2
e59d
4d4b
62db
89ad
9d19
8792
89d5
bb3a
7afc
1193
e9bd
0d9f
28c3
212c
dfda
9114
711c
589d
8591
9cea
c8c1
f60c
a13a
7eb9
22a7
ae51
6dc3
b7eb
9b17
b99b
921d
6e3a
4c9f
ccf7
4de7
df76
8c46
12bf
abc2
ee3d
9bc1
ff37
5235
7594
9464
5a53
4e88
5317
5aca
eb98
51d2
e569
0def
733c
fe5f
8f55
9f70
c0ac
6202
40c1
8ccc
9b77
78ce
a245
5951
b443
5220
63c9
a873
4540
1a65
5cbf
ac34
ad53
e59e
9b0b
5675
94c0
ea9f
e9bd
a33c
2a9e
7409
d1ea
7ec9
19f9
df8a
cb4f
0ff8
d543
0a4b
1574
d3d5
6b0a
2a0b
5454
7669
6c42
834d
8c95
07c3
1128
dae3
beb7
f29b
59bf
0589
0b2f
11cf
88f5
6784
f770
7c82
b6d5
fb91
243d
1751
0a8b
6c4e
f063
e276
1723
aca6
4110
930b
3f25
7a27
c4e9
8361
3b3c
a5b0
a4e2
8df0
bbad
a88c
22d8
2c46
c9e1
baf3
cac0
50d1
e078
da72
c954
711d
01c0
5ea2
8405
6686
83d1
bee4
c767
904a
e7c2
f666
61bf
ebb8
6e51
1afd
96d0
20e9
12b3
04ce
ed8b
ee38
8101
0fa8
96da
2ef9
eb06
7118
2551
9023
3e7a
6685
e09d
4b11
8145
f6a0
f733
b8b5
afcb
33b3
d409
0e1b
08cb
c55b
0f23
3e41
3516
7729
90d6
b0f3
2b50
8c4d
6330
d939
fc58
2a3d
3702
2d22
df18
129b
2750
8c53
3d78
ba75
0bcf
142c
6cf9
e50c
7860
8cd9
8bb7
a776
b78b
c5e8
1155
df83
a981
a362
df0e
f959
92f9
3ec2
a706
d34d
45a5
6510
9c4c
dd6d
127b
03b2
2bbd
625b
2185
1753
1fd6
3eb6
9149
56cd
d6a6
5727
6761
295d
c079
5f7f
6e10
e448
923b
7709
84d0
3198
516f
0b9d
3cd1
84e6
70cb
4e85
6419
97da
b181
f2f3
4c3d
0cfc
f1cb
ff0a
9c95
3a3f
d459
15df
2f22
d373
f5a1
9223
7a2e
d545
5a46
df5d
5e85
400e
5a94
8b5d
1f90
0139
d28a
7599
12a9
ce0d
7736
25dd
eaa0
a983
083d
8200
ca27
faee
135c
8f51
18ae
cca1
8b38
9d4f
b663
d3d4
8d71
248f
20e6
68a1
2a7c
25bb
9e72
e361
c215
9d4a
b1e3
38f7
b0fa
edaa
53a5
d32c
9376
8753
5c17
e127
ba6a
fd08
5749
08c1
6958
577c
77f5
fa6d
b84a
6d33
ffe4
02cf
720d
0636
205e
aa72
1af8
bf65
9169
ece0
7b06
8290
93c5
6cd7
e7ce
92c0
be8a
e574
6ebc
89dc
bd27
5175
68da
4735
2c0a
0982
2965
4cfc
bead
323d
1011
1922
9c1f
cb80
e446
febb
d71d
194b
3c95
2ea7
39f4
3f0c
3b5d
aa87
6ba1
02ba
5501
60f3
da1e
b0fc
d992
acda
e410
717b
0f95
1a6d
e0d7
9630
5544
95a9
2928
c43c
b19e
4853
001b
42d1
4cc2
763c
b68c
11d9
b8b7
0988
10aa
a07b
f37c
d9b7
df2f
9b2d
d8d5
e539
13c8
71c9
fbea
f40e
cc90
809f
8613
53fd
8cc8
2464
2698
4dcf
6d90
8b25
eae6
2db4
e114
e951
60cf
cca3
45c3
21ed
c743
101a
5709
514f
10ca
6b6a
9741
ec05
4b84
3900
da7f
748a
44cb
8fa5
a4a5
817b
e946
915a
05f7
4ffc
c974
0c89
1884
8591
a86d
9383
5e1b
1397
e13b
7c93
6830
09e7
8f10
c214
20b2
6882
da05
dce9
c8d9
17d5
13cd
2a22
4fe3
d1b2
f739
e04b
b3e2
13fa
6d2d
072c
84df
6d05
cb8a
6739
1b02
9e1f
07e7
7cc3
be67
4a59
4945
3707
1e94
2790
f613
5be8
9d65
a908
b845
13cf
79bc
4fc7
8db8
4881
cc2e
5dd5
7728
e27a
c87e
76ec
b34f
9e37
c31f
218e
c66f
780c
3cd6
c93d
ae1d
1858
d2cc
e0d2
5093
5cc0
cf3a
db7d
0422
2b0d
b0ec
3746
eefc
054c
5ac7
4016
8f1a
01dd
e99b
334f
f863
ca08
723b
5e2f
b27d
1ffd
f999
7e90
0d1c
ad10
623f
3fbb
a32e
65c5
cbec
6154
dffd
2c47
b60e
43e7
6cd6
0198
c213
5da1
2b86
7451
c6ec
3972
b772
9bd5
bfc6
48d8
5207
ecb7
c7c3
9171
5c7e
dd64
533b
af13
7a45
82c6
fa80
02d5
53de
411a
0ae4
eee5
cc30
383a
b47e
e361
9d8d
bbdd
d83d
696f
0955
3dda
98ad
9cdd
0082
55f8
3f16
e8a5
a342
69ca
9005
23fd
0268
be15
7711
67f7
ccec
8f24
d4ff
368f
bef1
3d42
f72d
b96f
cba3
76d5
de8e
741e
8060
402e
e553
f714
7927
7a55
78a8
4313
ed05
c12a
db2d
595d
bc61
e4be
e1b0
90d9
26d8
bf10
6957
1d09
0fd2
b918
62c2
e670
320b
fd8e
1c55
b2b6
e5ce
949f
caa8
72ba
20af
3512
d32b
2366
f7c1
968a
61d5
1dc2
56a5
0a2c
c5bc
c9eb
42e6
6523
b4f8
19f1
4f8e
4707
098a
0a1f
2dd7
be0d
112a
4644
19fd
ed71
375b
5816
ba86
2e9f
e97e
7eff
d755
f2a4
ecb4
6a8b
c4a8
2675
6226
86af
31cc
96e3
9feb
7bcd
3e11
78b6
2731
8b0e
78d2
384c
6db3
308a
33b7
9354
4446
2afc
4b10
7d3f
b74b
415d
40aa
4aff
52fe
e93e
3b92
f5ed
b26c
f71f
e74e
b095
76af
2552
0278
cfe9
a7d3
a7a2
4de6
1537
19ce
16b5
e8bf
6750
00e7
153c
a90b
b508
b5fb
12f8
0f72
1ac6
ed83
8042
4c51
7ddf
0d6c
bf5b
b495
9838
33e6
9505
b811
0246
26bf
e937
32fc
c159
a32e
5fd4
eb8d
316c
7c5e
22ec
8c48
9f64
b244
1d9b
e8e0
03fc
895e
b477
02a9
406a
1ff4
6026
8a90
5fc0
e390
ac70
f65c
961a
0ec1
45ef
e3a9
de9c
7f79
cff9
7947
82e2
661e
0e93
7927
4318
e591
6d96
d44f
dc0b
495c
2b65
e4ce
424e
c4ea
93a8
7f27
161c
48f0
7463
15e4
931a
808d
88f2
41d5
6ae6
ba59
444f
79eb
9d15
54d1
956e
abe6
dd9b
5429
fae3
7a52
aa94
6293
63e5
8d48
5e58
74ec
f1f8
ac5d
479a
28fc
24e1
f423
5aa8
b8da
c4e4
1f79
08cf
835a
11ef
bb88
303a
0a97
6eee
239c
a852
95af
74a5
a913
c7f1
91c5
24c7
22cb
e0f9
c444
3ed8
0d14
93e2
bc8c
f326
c49e
5514
4b51
8826
7f2b
9fd1
925f
962e
00f4
834b
46b1
c977
d8b4
9b34
5b42
ffc1
383f
8a6f
341d
7133
6f21
9d69
9ade
d233
c2f3
9610
b85d
8d20
235a
f05d
f12d
e5c7
58d1
b9f2
2a85
79eb
90b2
27ff
d53e
99c6
001c
fcfb
1a6f
d7e5
a710
aa98
e519
41e0
4510
1e5e
75fb
840b
0b35
693d
4f9d
d8c4
fce2
e429
c99c
8ca3
ad2f
31a6
37e4
f284
ae55
9868
fccf
2a8a
a8a8
9b7b
1087
064a
2cb1
2d5e
845f
1e25
552d
5168
bc1b
6fa3
d517
0bb9
9a14
934b
713c
a47a
008b
efca
7839
6ee0
964f
255a
04e5
a328
81fb
fc45
18b2
8f4d
3797
1a31
3179
da11
5816
41de
b815
f639
5548
94bb
aa14
9068
7e38
7289
6cf5
3da2
c000
ad6e
73a3
0e5a
fdc9
790d
b6f5
ca13
e668
10a6
8d8f
1518
3918
453b
7b9e
405d
e5c0
8e9c
d81c
2376
3081
dff9
2184
f74e
a395
dbe3
1498
0623
3902
0772
e2db
9d4c
3880
d257
15e5
2c00
23b9
4dcb
5ce8
6879
7331
296f
66d4
d95c
6630
51bd
073f
0912
5b7b
39dd
3a14
1013
94e6
67e5
2089
be24
454e
66a8
ec0e
f8ba
03d3
78d7
6dad
81c3
c259
c63e
e492
9c42
fa64
01f7
7e3f
9c54
21ad
bc6f
4534
7102
9b8c
0294
1f9d
8333
f300
cfa3
b246
79c8
93e5
6756
90f3
718f
3664
e832
cb11
c490
0266
fd8d
10f9
ea86
5698
b6d9
1351
e6d7
7472
60ec
9832
eb4d
0397
3dcb
5182
80cd
1562
6a50
1856
89f9
396d
af76
e648
9157
3dff
ac11
8a07
4e90
957b
e2a1
e524
450e
a45d
ce73
04ae
4dd2
d64c
1069
37da
c09e
a551
619d
faab
15e8
4b59
27b2
a3cf
7019
a4ac
2064
b3b1
239d
5966
2f98
37a4
a041
906f
d8ca
5075
df0e
c407
dec9
cd96
3659
488e
0d73
6f28
f238
9b2a
cec3
b093
915a
d960
7502
f533
a72a
899b
da03
5da5
3677
378f
9276
7a01
717a
6e9b
8475
80b6
75a4
6e36
2340
1eb9
5de2
2df2
844f
1e61
8af7
bf51
d5b4
1dec
0376
0ffb
d405
7b1e
0430
727d
1f4c
77d4
b54c
3176
3604
e9d8
8b70
db9f
a9f1
1629
fe09
1ef6
66b9
cb8d
eec7
8e54
5715
f36c
2075
f950
c4d0
1505
0029
9b44
ed5b
8cef
b9c7
377a
8ade
e474
af61
b79b
2802
7a4b
f571
842f
8480
7a5f
6378
c2ba
8315
b2e7
5b62
f2c8
7119
9c86
6e38
4f68
6865
07da
bd19
3bd9
e4fd
c311
e057
0be9
53c5
2c1d
df62
1bd6
d2d9
8e7c
d855
6fed
20d9
84db
36cc
2034
44d1
6a4b
e245
c80c
fa06
8279
3c28
d445
10fd
ebba
2d80
fb6c
a01a
2223
3db0
5c1b
1168
17ab
0100
51f8
4c52
9360
3195
8abf
5245
cbcd
6b74
9b0b
d1d9
99b4
ae86
4c78
c759
4034
358a
2010
5266
751f
3171
7957
2039
152f
f01f
2b36
fd3d
ff33
e4e4
c0e8
b5fb
14ec
b0a2
5894
dba3
5773
cc3a
6008
2cc4
5f4e
1241
ed91
0579
8af9
66e5
866f
71a3
cbfe
330d
4dcb
b755
0714
a221
a9c4
7a04
7f25
cc68
5e37
8ec3
9738
76b4
47bc
2479
cacb
6adb
26f0
b60d
2154
7a80
23dd
881c
a45f
928a
209a
7696
a3dc
fda8
1fa8
4369
12e1
fdd4
8873
573b
6b9f
7511
7a76
afd1
1dac
e923
3aee
7ee8
bda8
cabf
9aba
cbdb
f09d
e2d8
1373
7d8f
61c0
38e8
1a0e
1736
bbdd
add1
196e
595b
08c3
fba0
a51c
b2c5
e038
0c98
faf1
a15c
3d19
e60d
c406
4bf5
adde
3bd5
f2ae
40b4
e9ac
2407
994b
2625
dd3e
4a22
fac5
274a
49d6
d37b
b74c
254f
e636
e4bd
163a
1bda
f9c6
0605
07b9
9c0e
896a
b6fc
829a
016d
0892
47bd
6c29
f6f1
8da3
0942
9c99
cfcc
61b1
86cf
e4e4
c54c
554c
94b1
cfa4
03e3
bfc1
8be3
e102
2356
006f
20c4
224c
7bc8
7a2f
0767
6ecc
958a
095b
5a0e
d015
7339
1782
e1e8
e1cb
17d9
9269
3ceb
391f
cb01
55ef
ee72
9b5e
a188
e588
f036
410d
618d
785e
1b7a
b6bb
b82b
5fa5
79b1
6601
1eea
3b4c
d1d9
38f2
2663
94df
f646
71f4
af1e
fb78
76e3
689c
0bd6
73d2
3c7f
22df
2bf5
250f
5acf
c78e
f790
0c5b
1948
cc2a
8813
e7d8
fef1
a146
202f
7cf8
c58d
cdff
e59d
e378
0a55
62a4
9a7e
f9cc
e27d
6483
f030
b160
6c02
0e52
6a85
d5ad
6009
53ff
05a7
91e9
988e
81c5
68d6
b47c
6335
395c
cfcd
9c3c
7abe
f68b
ec18
d830
091a
af76
8797
5c92
a448
e85b
3521
d87c
9053
5cc8
9ac9
9691
8104
7a0a
8c81
c03b
f046
6088
8daa
9957
a8ed
ff74
97e1
03e5
ab4d
3149
a829
d9f8
4bad
d1cc
6277
4233
3630
271a
d8aa
698f
279f
88a8
ba57
cb0c
c0d1
7553
234f
d456
6438
c855
e015
19d8
e1c7
4778
58f2
2670
aa96
3eea
904f
39ae
5dcf
0128
a5f1
f358
59e1
2f19
d3b8
684a
c548
1777
1e65
f079
4f23
3b59
ba07
341e
b05d
9f43
223c
ba93
68fc
44e4
9f28
1f59
894d
d0fd
848e
2b48
d3ce
5ec5
8433
2815
8063
b54a
7af2
c59c
4301
58dc
4532
a44b
fdac
3d3b
0976
2322
4dbf
f477
8f92
d923
8428
35da
eeb8
af67
12b5
2cb8
4287
2e8d
a664
457a
2398
d60d
e47c
d435
193c
ada3
464d
378e
ebec
8383
3b79
4581
c0a0
3be7
a182
9ef4
e944
b31f
8472
21ff
ae69
44da
c098
7d4e
446d
e764
8be1
273a
8666
e2b3
1f5a
221d
5ede
54d5
b5d9
6a6b
6788
03ba
cefb
38df
597d
7ab2
4b9d
0f1e
7fae
ed2b
80bb
b3b8
df6f
99d2
fe42
bf28
4da6
7802
a084
64ae
b210
c615
83fd
1745
c7ac
26ff
81c3
2278
4c0d
a34c
563c
fd79
c7fd
95b0
691d
2c83
a610
01bd
60d3
5ef9
3e61
3a1a
56bd
37c1
d1f6
630f
1ec7
2671
e4b9
9c36
4dff
776d
cb6f
97b0
d25d
7309
d771
7dd5
67d9
0933
c59b
4c5b
715a
d53f
d7a4
44c5
9b24
f7a7
d3ab
26cb
4d3d
561f
2015
6257
ac2b
7ccf
0e56
6bf1
857e
b5db
2fee
3aff
11b2
75ad
50b4
ad07
44e6
42d2
b84c
06c5
5e0c
bad7
a667
99f1
b9d7
24a2
6232
945b
2d1e
9cbb
3af6
15c6
ee16
32ac
ab12
07b6
7d58
34aa
fd11
a9c9
3e4d
a0bc
5fdf
4d5e
4d46
4339
410e
9ab2
ecfa
4fc8
981d
2464
70c4
ee88
3e62
a666
1352
aa05
4ba6
f0d0
4192
8004
5b0d
a9f7
0043
92e9
d27c
7a36
ba16
475d
546d
baed
4b35
9ec1
3415
df3b
8805
b975
f29a
74eb
177c
1e8e
e626
f158
ca27
ed15
631a
f00e
929e
a929
0a28
5a49
bb34
7345
1108
9c6c
bc4f
e3bb
df23
8cec
2941
e732
6306
5852
1465
c930
c853
fa30
a773
6423
c505
293f
859d
dafa
480e
3388
4d70
45bc
db75
8ab0
153c
2bc6
81ea
33e5
0a77
7643
cb13
d990
1281
f9c9
923c
30cf
9264
af56
7bb1
2c58
7ab7
3846
d6a7
20d5
520c
b378
4157
c020
8317
5c98
baba
07fe
0c6e
1303
3db0
9b43
5250
581e
7d39
a799
593c
9e51
ffa9
07d6
32b3
eea5
d943
fd6e
e132
6618
42b2
bd9d
e350
e4b6
a812
54f1
3872
0c8c
cf9b
4326
a98d
d832
a3b2
680f
7d4c
e615
c7cf
1fc7
98ac
f007
5f41
21a4
60c5
123b
479e
29b8
1b49
a735
156a
48bc
11b4
dacf
6296
ae90
9d59
5300
7030
52b6
617e
697d
e264
aa0d
4cfc
1939
7673
1010
beac
176e
230b
57c2
6f11
159b
4b9e
5656
fa01
bb86
37c3
4722
46e8
f094
aeea
b996
3d80
db27
dac7
dcc3
18f1
6610
37ad
5a5c
8e7e
3ea2
04aa
ad68
285b
237e
30d5
b4bd
286c
ac08
bb77
a3cd
deca
2c0a
56d7
3109
3d7a
71aa
325a
512b
f616
94c9
dc41
4513
5381
e9e4
325e
dfac
e71e
c568
13e5
e29a
a2ab
3707
cacf
2371
69b9
c0c1
7461
aa68
3c9a
0bc5
c70b
0c5c
0c0a
e6dc
cb70
f2a6
ab04
4bd2
813e
1148
d64c
ff07
2eb3
4931
a7e2
6950
3f0e
cad3
59b9
c277
1f2a
9650
f0fd
6b46
c7e1
f006
2247
bdb3
f2a0
7317
2cc2
e3e2
5359
908e
46e6
1a92
6307
d450
5fa0
3bf4
8575
507a
3540
5ad6
c2f3
ce07
8930
1344
f205
d026
5189
beb2
68c2
3e3e
6d07
93ac
f945
f65f
b32b
dce1
70ff
f1a7
8f7a
6faa
525b
44a9
1f77
f672
4173
fd8d
e941
1bcf
9b35
c42e
8dad
b16d
136c
4f8c
dbc6
8de6
836b
13ac
70ad
98ac
f088
67d1
ea30
b8f8
8999
2747
9583
2c6d
e2d1
74be
5fa8
51e0
8a0a
ab88
46a8
e9e9
b559
0a6a
4876
3e45
34b6
f302
57f0
028d
2443
c6c6
2a48
d620
78c8
14fd
c92e
a882
3849
66d3
c397
b406
d275
36c6
878f
efbd
edbc
6ada
76ee
4e4c
ccc7
a5e5
9caa
2832
3248
d7f8
5262
7725
6ab2
bad6
fba6
ebe0
ca66
f9fd
4e1e
e83a
9073
fdd1
4d69
46f6
84e0
11f5
59e7
8d2f
97f3
dbdc
767b
26ee
19d2
5ecf
1ad6
0d39
f85c
6693
433e
3dff
5805
abd2
18dd
3501
47e1
adf3
b345
77db
92cc
92f5
f98b
4217
a2a7
cb04
f3b8
6ffc
636c
94ac
32d8
cbd4
8058
42c4
651c
f849
039b
0d40
bf7b
98a2
c2db
3c3f
ae73
1045
6430
8a31
8841
2fa3
d0e0
2492
1b05
0f85
2561
50b5
8af9
2722
13aa
19c0
4485
a741
fea4
2ac9
db0d
9b61
9510
587d
32aa
9644
cec8
3435
d246
40ef
aaa5
72c2
032c
0363
fd4c
b090
e71a
1e8e
7e45
e330
1c48
8244
3835
6f4b
ee13
f859
0867
ce9b
1996
0e6d
7afa
61e2
f465
36af
216d
e138
9ea5
23e5
735b
3c97
f16f
6d23
3b18
b3ac
e314
c44e
e057
8d7f
de7e
76ae
f582
a01b
7c54
afb9
284e
a584
2a1f
db97
a38f
f728
8989
b6c8
80d9
8598
ac5b
9693
769a
c058
be18
475b
125e
460e
0416
b0af
291d
303e
c5a1
ba74
3a1c
6d15
9d2d
1679
7e1f
19f9
29f3
cb76
6af6
9db6
8956
f437
5a4d
fd52
164b
2f63
1f5f
e1aa
cfd5
9b52
cdb6
27ff
d44f
2f01
8869
8ad6
345a
3976
d4cd
9e9e
1e79
080a
a56c
162b
1221
a7b3
000a
d7ba
171d
a8ee
84a7
17aa
3a00
e80c
1565
a7b2
d29d
f691
8b25
c4bf
3f32
3c04
8a39
9e15
c0d5
378c
128d
4f21
04b1
4c3a
1704
5d39
5fbd
ff64
ad54
1ed2
5a13
93c3
4bea
1ae4
57fc
6cfe
4eea
1a35
ac89
8b86
a1e4
cb52
4652
dafe
4fc2
bf65
e453
c8aa
ebfd
8db2
838f
98ea
1fa9
0f4d
1030
2845
d4c3
24ee
7a28
a660
4006
8aa1
3a39
09c0
a575
9427
0654
ba71
d857
9705
ace8
737b
f816
176a
fed0
282b
b9b7
273a
9f5a
c305
31f5
f365
b5e0
52c2
7f03
9b47
9c68
8d51
54da
f9be
2d67
5fb2
92a9
b6a9
e044
067a
4dcb
52ac
43d9
b069
bbb3
19cb
da9c
4a62
a872
d2b5
cd09
8577
e40c
1e23
a5da
abe6
3f08
2420
5c10
84c1
39d0
edaf
f506
e04d
5e81
45dd
863d
380e
5951
28e5
fc37
e86b
c261
e877
e81e
aa71
26cb
b19a
7220
431d
2c43
03ce
b96c
dd14
e0bf
7a59
3380
a9b4
3c8c
4f47
030a
4d79
3882
8a18
1e10
0ff1
f6c1
580d
6e12
f45a
0138
3230
e009
b693
2b8e
9784
8ab4
103f
b65d
0380
f730
aa42
7bb8
4a72
d2a1
9df3
91c8
da6e
821f
af43
940b
f777
df8d
11fa
949f
459d
b852
3f0b
d0cf
b88a
5cd5
74f7
a485
76df
71a8
ce3f
53e1
1af8
db29
c8fb
35b8
bad9
eb24
963d
f79b
d3e0
3c18
bd9e
40e1
8822
af10
858b
c57c
6fbd
ba92
ed3a
250a
8b5a
8dc7
5a76
acc9
06f1
2ea9
aa6f
94f1
bca1
8aaa
5232
f848
bfff
d251
aaea
b4b4
c604
1c16
e5df
2c2a
3435
3d6b
467e
3b3d
4818
dadd
fce0
4e59
73a9
fb10
4bdc
e527
8f35
32f8
792e
dee2
6dbc
1215
d14d
4903
e4a1
52ff
d18d
3a82
6701
c8ae
33cf
d11a
2d36
6f2e
779b
cc85
3b81
2102
5398
c105
5640
663f
0dcd
e34d
4aa6
d52d
d0e0
4050
d389
746e
a692
cf7a
e3ba
87dc
82f1
c6c0
2495
f94f
73e6
00b0
582d
f6bb
d2fb
257f
383b
efb5
691c
0f5e
6bca
1618
52aa
565d
8979
5714
10ff
e759
6320
10d2
4862
9900
7df6
a2f1
432e
6587
e1f0
7730
44a1
b338
12a8
84a7
2a36
d8aa
b9d7
09cb
cf81
a13a
828a
f7c2
8ad8
2f7e
5926
5cb8
2990
53fd
186c
3cbe
073e
bec8
272a
ac8b
e253
cc5e
d428
8f9b
9649
0013
3a02
2d4c
d94d
90c9
93f1
9e2d
da66
aed1
67f3
529e
d32a
61c8
25a0
d1d5
7568
2bde
1ab9
f7b2
6a59
86aa
da4f
5b04
2f07
2486
5547
6442
8540
d021
f8f9
972c
595b
b155
208a
78dd
09e0
2c0b
1097
f20d
95f1
9e41
1e0b
a2c9
7a4f
1163
5036
b019
b0e8
04c8
ae52
c8e8
5161
3908
a1aa
8c09
ed94
a26a
ec09
53b8
84bb
1dd3
6652
0383
2912
02a5
4e09
3555
0797
a200
d99b
3344
fe2f
60f6
9377
789d
3c30
738e
8088
f808
416d
db9f
a8bf
3880
6c7b
2997
fe97
6309
6b14
1bea
2f95
e4b7
a6e6
731d
b46e
5c52
18f7
4e25
65f9
0af6
7898
74af
56c2
d808
c5ae
978c
5e27
7751
8b9b
a55e
5037
56b8
6483
af67
6421
a3d7
6f7c
72f2
ee38
a8ad
80f4
bfc4
1a0f
83d4
6829
a05f
5fe1
99a3
f56b
505a
2436
726d
cb87
bada
ea16
0c1a
a452
6566
a2d0
b720
9f55
542c
c41c
4eb6
851b
3d64
dc01
6d89
20c8
0fc4
9752
282d
c008
59e0
0a3e
c92b
78a5
2d24
1afc
87de
a200
0030
1b51
79ac
6e30
9eef
aa71
55a4
9146
8956
7ca2
b5dc
5527
d34e
2987
37d5
162a
6557
685f
544a
1ae3
d5b2
206c
0c8a
7c3a
5564
8ab2
d1f7
99ea
3e38
f892
c3da
2d28
3cf8
2897
acca
f783
08ab
19b0
f7f1
e08e
b5e1
3d97
b7a2
daa5
4203
5039
9cb5
faa4
da43
3ec7
7c72
e841
2448
b0c1
7033
0a74
588e
06eb
59b5
a825
7202
ce84
b033
effe
53cf
1937
162e
edc4
5d79
5bed
d179
bca9
1258
f7c6
c13d
4858
0da6
60f3
7f37
f61f
2102
faf4
fa67
9342
1a08
221f
0c90
7533
2309
4382
9a69
5209
c46f
8e39
2db3
027f
8516
e075
ec13
45d7
5560
89e3
8de4
12a8
14f4
d3d9
107c
a0c2
280a
0915
77fc
5b8c
1f58
7ab2
9da9
0ab6
0257
8846
1871
0864
b9b7
627e
6cfa
97d9
2908
dff5
cfc6
242e
5c71
531d
a311
a663
927a
238a
db88
1f36
faf5
2c05
34d7
6139
7047
0df5
2449
2b74
b12d
bbd4
df22
7d22
4040
27fe
0a4a
df16
d2d4
f50f
045c
a8b0
5418
62f1
ab73
e5e4
fc5b
15c8
8db9
590e
2755
a9ef
f312
a525
a3cc
c6b6
6750
4d8b
4c99
ae4b
18a6
6ab0
8316
81dd
20e0
eb79
cca2
91ed
1892
8fac
c6f1
df79
049c
71d8
21f9
a9fd
bf7d
09e4
83b0
ef58
e873
2908
cbb3
1a50
02ac
5560
84c3
1dc6
8d52
6835
e1bf
f86d
b476
6e97
83de
f35a
7c43
cb8f
9164
6d2b
fc14
588f
cffc
fab7
9e20
daea
f64a
8e86
e503
9142
ad94
0aa1
71e7
6dab
b9e8
ffa1
60ae
fe9d
97e3
0554
33e5
4842
e45a
4acc
2d0a
3faf
31a4
e939
9b24
68ac
528c
f11f
0f5d
ba34
daf3
a1e8
99fd
284b
e25b
c155
83a4
3f87
1284
bef8
3142
a04d
1e2c
4ab5
d93b
9e42
cb70
2164
9791
4271
526a
e6ab
7087
a84b
aa43
a143
61c2
eb4b
5a83
43fa
0ebc
2798
8471
1731
6105
30a4
fdf9
2da0
43c4
7549
171c
f6b7
8c4b
a2b5
c963
74ab
9a30
82ba
1006
5f0c
65b7
23c4
4823
221f
84fd
84ca
4a37
2e01
cb63
6dfb
9558
1369
d7fa
c35b
ac1a
25b8
bc7c
9ae3
0dd7
f33e
2da7
60e1
7096
29aa
9741
e588
87dc
964c
0be1
3c64
21d9
75aa
5ec5
84c8
feff
af0b
5c0c
d988
f2fd
e52a
1a66
683c
a4a8
6671
ae6e
f1b3
7beb
ecb5
943b
6e46
0bab
12ca
d64a
4f84
9204
61b9
58ec
ce52
344b
109e
3cd2
b2c8
402f
ae87
aa6f
c065
f4c6
55bc
965c
0a03
937d
c5c2
6f05
18d5
c1dd
3499
21f0
4ed7
1fab
b3ee
5ecb
3aff
8375
a770
7d18
f2dc
df96
7f30
00b0
93ca
1ebb
3a10
a3a5
030f
4d22
1b9f
168d
00e4
b6ce
8b5e
360c
488c
4d57
85a4
7cec
b3e1
cd2e
b326
6ffb
65c9
35df
8d13
1348
09c2
09eb
8ad4
bc29
9c64
615d
eb9d
46ee
d65a
f584
69fd
ddbb
9e32
f941
6b28
f756
72a3
fecd
85e7
77af
4be4
5c70
410b
9809
a37a
5a3d
1aa0
652e
d3f5
40c9
3322
2a3c
817e
d520
7ac4
b161
15eb
7615
8582
8a30
eb8d
cc87
29a1
3cca
37c2
d9be
07de
18e8
8962
87af
492e
7b02
e9a9
52a8
1dd0
b837
c686
ce3a
8fb2
df5d
1004
e478
5aef
1ae5
92bb
02c1
d50f
018c
a6e0
204b
a2f4
5fa3
1c9d
3150
5536
c80f
4cc6
3186
5b61
3552
2077
c181
ac22
54d0
d806
3390
1abb
e40e
72c4
e3ff
9f00
c7e5
dd21
fc4a
e02d
cb75
8e64
ea92
290b
f060
ab15
4dc5
2b37
4a42
c8f5
11c4
9d4f
a33d
f9a4
ce15
f2f8
9542
c8db
156c
182a
2e7f
80ab
978d
95ac
faad
86ee
d100
3150
1868
f038
8fd7
43e7
d4b0
bdaf
b33c
7de5
8d2a
bc3c
06de
7d81
b250
f309
c099
da1c
eec4
b88a
0bc2
c666
8ff2
c4cf
f384
1098
8426
325c
5472
e962
2207
4a33
6925
521a
ff6b
c1e2
86e4
ab4c
ed6f
9e8d
87ea
70aa
803a
715a
3314
2552
c2e8
fff3
99e4
d6b3
2f9d
732a
bac2
0391
1c0f
9d7d
95eb
8cf9
8a6f
e24e
16b1
7124
ad36
4c74
4bbc
9aa3
d955
fd22
84dd
bfb2
bf36
df83
43af
b047
3901
f5c8
e325
fe04
305b
5f65
db97
9ad5
5a16
3704
e349
9aa5
b8e3
b5b7
e96a
7b48
3451
5db5
746e
89b2
0435
5b26
f6ee
f418
4667
5411
edf2
904e
53e0
6a9b
fafd
e77d
ee4d
6e3b
02a2
8423
6a12
dc0d
ee7f
0ef6
9f46
1292
1c76
556b
3ae4
05e9
7f32
4eaa
b718
9a6c
8608
2bd6
9d4b
6bdb
3fa9
fa9d
743b
633a
5b49
fd51
0127
7de5
900e
3ef5
3805
f53a
763a
3c06
6a98
f9c7
cc1e
7f7d
5015
1937
b7de
eb4a
7ec1
3720
5a25
05a7
06f1
7856
e56f
c90a
ae7d
938c
ffa1
9103
6d1f
72f5
9f4a
87b3
8b2d
c166
c098
b9b2
b8a1
033d
4d4c
b5a4
978e
133e
f85c
a3c6
e53d
a873
9e1b
3794
2a61
77b2
ddee
9beb
a4e8
4e44
ee2a
fba6
f2ec
cedb
5605
6ae0
674f
ba37
0d19
a6b4
f2b5
1b16
676f
d528
7b3d
7c0b
e090
467c
9459
89c3
63ec
de25
7ad7
07b5
6d28
a642
d1e2
85a2
5b1d
5aec
dc25
6d38
6dc4
9b35
aef0
2968
fd60
16b3
0915
8d49
df12
3f6d
8a4f
bc69
3034
9f87
4617
e35a
26a5
32c6
429f
45bd
ebf5
76cf
639e
a166
43f8
2fe9
6768
d7d0
c878
b8c9
f6fd
6b72
a38d
bb40
7e63
19b1
9700
7f8a
b8f5
3c1c
9c52
1e36
e80f
a433
3881
2026
9085
aba9
9c5e
86ae
3434
b432
722f
11f7
1b95
9451
b6ea
67df
6a40
97b3
5d8d
dc77
38a8
7a3f
6302
5fb7
2822
dac9
184f
be4a
a224
ed71
0e0c
cb1a
c24d
6e98
ad3f
d4fd
b38b
5957
130d
047f
27d6
622b
91b3
42b5
4603
6f11
c9f1
784f
a38f
74da
4085
77d2
ed9e
8902
ab91
7640
87d5
4730
bc60
4ec4
f3ff
f1fd
8451
a3ba
baaf
85f5
fbc8
eaa7
0593
7440
a176
d3b0
8c97
0f13
4f90
4189
c1fc
fc54
ad9e
10b0
d2e2
9208
670c
503d
2243
6c1c
9efa
1c9a
e7ee
b4e8
95e1
5d5f
194c
7b43
1775
c449
32da
d888
ad89
77ba
cf6c
eac5
012d
0b61
9f1d
dba5
80b2
46cd
b0d6
1a07
25a2
73e7
24df
66e7
88f8
944a
7f07
3ad1
4548
6b2a
79c2
9766
7a29
01fc
88ee
944a
43a5
db37
9175
3bf2
2016
a570
5334
f195
e837
ed34
458d
d721
b9f7
8b05
4422
4293
4b47
8264
b428
534d
439e
7c3c
c610
2c57
a8d6
54d1
5f7e
9e51
007f
e125
1414
9fbe
717a
107e
1ecc
4822
a83d
06c8
da52
0c2e
8adb
01de
ba2a
04ad
2360
81a1
36f7
0669
7b52
24db
2a5a
6f41
1f43
0e98
8e01
1e58
50f4
0061
e62d
7651
dbb9
b8a5
1c57
be81
d05c
7545
965f
9d3f
40b0
9b03
9c86
f915
2b16
1c85
899c
b711
7421
a288
834a
ce9f
8133
8da7
d67f
0885
7e83
6f6d
bc72
0824
292d
3f38
7de2
f3f4
9c8d
3e12
1953
3504
cb46
cd96
5be0
430a
ab18
0e87
5586
cdc1
e761
0a5f
c293
6bec
a87c
776f
07df
8ccd
1da7
0ced
df32
32ed
2ffa
7179
c36c
9f36
4a0a
7906
3169
e506
eb86
294a
ec46
894c
b24a
3982
89ce
0b1f
d88c
5191
4a58
3c1c
67a5
e7a2
ed08
7a11
b347
4c5e
1cb5
4925
f45d
ccff
ae1c
1911
b868
4827
9043
8994
cd06
df04
b9f1
d6c6
00bc
e03f
9f97
c5da
6da0
f327
9455
d3fc
bb18
0f7e
7ecf
9023
6932
4ac6
3ff6
3f5f
aa19
874e
21c1
6093
597e
54d4
a15a
1f5d
4972
e6c8
5a25
781d
23c7
66a9
8773
b938
4831
fa68
b835
6a7f
9533
b4ec
a2d9
7709
1c90
7764
011d
e70c
18eb
9560
927e
9858
a6eb
bf67
1482
a325
591c
f50b
3ff1
c71e
b05d
b41f
a744
3cc9
3d90
02b0
4ad3
ec75
eb95
7764
01c6
e82c
3cd1
8d40
633d
8888
7056
5242
d26b
f335
83e5
a0fc
7eec
5195
de16
f358
0166
94ef
0d74
8311
ddce
b764
5b3d
b33e
31b1
a211
7cb9
5b0c
1d48
f549
9d4b
e4bc
acc8
92b9
9839
c32a
e473
96d8
332b
1680
7283
65c3
c9ef
f0ed
6f2d
cf46
3a1a
d206
3b4f
11ad
45c2
db92
f644
64ea
17c6
475e
8a40
1804
ad81
349e
b8ba
66a8
b149
8d02
bd32
c4fe
eeca
cfc9
b6c7
431c
4f1d
1513
3378
0599
4bcc
fb29
8839
b269
e6e0
89d5
90b8
7afe
5fd6
185b
2ecc
fb36
0b29
3edb
623f
0829
b999
bfdb
fd4e
b6c5
5321
b698
f4bd
e9cb
1d6a
75c4
81f9
16fd
dadb
a146
2a7c
89ae
6a7f
cc8c
14e4
2c12
6424
b630
1030
6b52
1f53
3ebc
cc58
8f46
1ca8
a07b
1cc4
21de
0c6c
3921
158f
e59d
751f
672b
bd4e
44c5
cd28
a559
dda1
ce0e
4d0b
7e42
aa6b
4354
a2f9
929b
060f
9ec4
f82d
0a8a
ca04
65ea
0839
175c
2217
6eb7
bff4
2922
76c3
b2a5
3d7f
5f0b
686c
7f9b
540d
f332
b5a0
6f73
9c6e
6a25
051b
1a29
aaae
f787
ed09
7913
f9bb
7ab4
2dd9
15f6
fbaf
e7c8
cef0
6117
cc8c
cdf1
6530
9c58
ff45
c94d
f26b
818d
f5eb
26f8
281c
50fe
95ea
b32a
39e5
d0e9
cb3a
8724
5adc
576c
34da
96c1
bcda
ab5e
da76
7c0b
588a
105b
7b82
5f1c
4e6b
705e
e8ca
f3fe
cd86
c711
1fab
63d8
09ee
7e1a
aca0
2ad9
1f95
21c7
398e
2a6f
0201
d3d1
9cb4
68db
d143
21b0
ae87
2a4c
72b3
cd8b
3974
d222
f6e0
c68d
0ed2
fe7d
a39e
9830
1293
a1af
b986
2b8a
a26c
3214
7f06
b135
6c9e
e544
9607
8793
43e7
0d63
233b
662f
c96a
bcf8
2ef8
5d86
bdf1
0c21
8693
113c
6c04
4fc9
2b3b
9ceb
b917
10e4
bab8
261a
c398
b7f5
9216
b89d
032b
0d41
8208
e74f
887d
d95b
2f76
510c
6431
a35c
91bd
ca33
7191
f311
7c3d
1dcb
c2c7
41f8
af62
228c
5b12
f000
72c2
c47a
bf5b
e915
e938
5b54
8149
1e34
6041
925d
4f18
48e4
4942
869b
493f
f6e5
9eb1
e94d
8aab
47bc
2028
2386
92e3
95be
cc97
b4ca
5db1
5cad
e075
93de
e12f
81c9
edb8
860b
a21b
7db7
2d5f
1f4d
0e1a
1c3e
a231
899f
f476
002b
7f5a
f159
49da
0a91
619d
7bcd
8d5d
6f10
80d2
aa6a
a954
9a24
6a1c
2e2d
83c8
e4bb
3d2f
786c
241c
e162
c908
ef90
d6be
71d1
d3e3
b6fb
ee3e
7bd1
9225
7b99
4014
48bb
138c
5bfa
ea5d
5496
9f60
91ff
281f
6d55
0b69
223d
dce1
16df
9ac4
123c
506b
c7ef
64b3
176c
973e
87d6
3089
24f3
342f
8315
d983
bb10
dd11
87e7
a606
d1cb
e072
e3a4
89b3
a1a0
d0ff
f58d
f008
82a0
15f2
e464
2cb7
267a
3e3f
e6d3
6c87
b2b9
b083
9a8f
eeee
9285
662b
15ec
2306
5439
4786
0e1b
ab1f
9cea
3ce5
895b
a180
d474
6763
51d5
1c47
a696
8a7c
cc24
0e02
6ecb
e4ee
c4db
44cf
7a05
a926
ebe4
2e90
79f9
cb0a
e677
034f
2518
0f29
147d
0661
2ea3
52cf
f39d
f8cb
a68c
bd8c
6f79
2538
efd2
5e59
75a1
8dfd
2a59
33ce
24bf
a7ff
b686
9f1c
d452
870a
7d32
90b6
d48c
d18b
efc2
aa11
e309
a5b7
465c
7e2c
893d
5c8a
7a36
255e
bd09
d448
b5b1
b87b
31ba
a703
7621
0992
b8d9
8b30
b8ce
987c
28ea
0446
4afd
9365
319f
4e8c
9053
7078
d412
fe43
6d3c
1d4e
ef5f
a487
25a9
2a84
a27c
2ed6
a740
0023
b40f
722a
375f
4a44
db43
a99a
e6b2
16d6
1229
615f
e33e
8064
478f
0e7f
1cd3
0a3c
cfc7
a979
5beb
67de
ae6c
9af3
f512
59a6
8d92
3604
e05d
8454
95ce
096a
80f0
f5be
066b
3ed3
3689
ab6c
56d1
b90d
d79f
668a
4735
15ce
80c6
5649
5f97
c51d
118f
b616
7a50
3d96
e92f
7cc9
3eeb
c40f
2c57
4c3e
78cf
3458
7c09
3ab3
e8cf
08a8
9e9a
2aed
27ba
7f6a
16a5
4d1a
a9e8
5250
4a86
ad68
6117
c785
fcb4
cf37
636e
d171
5a19
802c
1669
ef7f
47e0
a469
e932
4a9c
9913
fec7
2059
8ba5
9348
953d
6c19
9163
7cb5
68db
9368
581d
15c2
9c23
b8a0
ae1f
68ab
8fe7
945d
ee71
9df2
df58
05a1
7cc8
0876
ac43
edc4
1d66
c0bf
168b
bc20
3306
e664
a65e
a693
e7a1
d5dc
ae0e
d55a
2d61
64a1
d360
ea79
9e42
bf4f
8a52
441b
a8af
dc4a
202c
d447
5409
fc0f
d42d
3ba4
3af5
a3d9
fd61
4d7c
3518
a959
30e7
5923
5211
9755
4fc9
5014
2177
3e76
7385
b338
17e0
7657
6c99
1a5e
4d39
0847
0c10
817c
7a63
4f52
57d8
ed8a
550e
8ff9
20d8
b180
bce7
2cb5
6bb9
044a
9b58
1aac
d9ed
54c0
ff44
df8f
02f7
232d
f07a
7a62
68bc
4802
b07f
6608
df24
b90c
87b0
f2f4
72f7
a0f2
fa14
aac6
4c9f
44a1
2ba1
1768
0551
7b3d
d557
f4e9
3653
c199
085b
f22e
68c0
7122
583c
9832
f461
dbc5
3cab
c699
3f96
a49d
1e33
9c86
ecfb
d2dc
62a6
9dc0
4bed
e9ea
c089
d44b
a9a0
cb23
cb6c
3586
9aa9
9dd4
331c
ac13
7cf0
d60a
e9e0
e876
3363
6bd4
71fe
5bb2
5f0b
b868
1904
aa7d
a394
4b18
b825
7a34
fbb0
93d2
b48d
49f7
62ca
52ea
4c68
285c
60b6
f43e
3044
ab65
0928
8d2e
31f3
076c
4e2e
bda1
2eb2
184c
790b
8df8
dcdf
0a84
64d4
8ed2
1022
74e0
fdc3
897a
bfbc
44d9
ef99
3fa6
69d2
fa87
7146
7c67
e535
8a79
6eb3
e0d3
91a7
b7b4
a0c9
4217
6a9b
1c2f
dfd6
5f2d
10b7
fac1
7e88
2d20
769b
a3da
b3a5
02f1
e1a0
4578
de44
1ba8
9998
b2c8
519c
bb65
84ac
3068
7900
7397
34a2
36da
d3e0
5422
9ba9
0241
c904
0f38
7cb4
8138
b514
a816
5592
c1e9
89b4
26c6
80e9
bd83
06a3
1d3d
e1f0
def3
2781
4e39
9f08
d543
ecf2
e8cb
916e
eedf
9863
4821
48a4
1f6d
d72f
0f08
d60a
e9d6
8826
2852
297f
d838
73c6
82ca
551c
6a7d
8182
ec76
2715
184a
7a72
5c4f
f36c
a5bb
fc96
a275
ee2a
af8f
02a3
e8f0
d9e5
fa99
06b7
858e
a358
fae2
8155
3d57
7a53
f2a7
7250
f5f3
587b
0678
858c
21eb
07c0
f77e
5726
0c7f
2997
9123
ad24
1d0e
419e
8c2e
1923
8e0b
ee31
1d94
0c1c
0dd5
d3d2
820e
45e2
0eec
175a
4d38
06f2
3bf2
2ac9
cb2d
e964
d388
29d5
199d
ee4a
553f
0164
753a
1bff
f0aa
69d6
4706
a4f2
328e
85ba
c091
84c1
d849
aba6
939c
557c
8444
25e6
38f9
ed10
c3d8
162d
51ad
0371
36b9
35fc
5d38
4082
401c
64c1
e412
bebd
fbeb
6d75
e62c
d72d
46ca
0f03
864e
a4a7
f478
ea05
a977
7696
3300
4e11
9fae
37cf
40a1
664a
347e
7dfa
57dd
769e
2f48
e418
fc2a
5483
8409
526c
3133
2fde
b635
93ff
d223
c986
582d
8e73
172e
3c09
84ac
c8bc
1c6d
b2f3
c431
fcb5
b791
64e1
ea64
f109
0d88
13ae
7c04
bc18
cdb6
e81b
6c81
297e
9642
fb43
53b6
1098
dd54
87a7
9a28
c840
cb1e
76b6
0bd5
630a
315a
dd8a
76b0
1700
7304
621a
f605
59a5
2357
0fc6
4e04
9656
fda6
db6f
1af6
ab80
36d4
1dfe
8df3
d8d1
15cd
5d61
291b
1c01
cd08
b5e7
03f6
da95
0be3
03ab
d1d8
7e0e
457a
acf0
889a
f08a
bc43
4e6d
ee01
3476
fefc
c6d6
265b
a5a4
9872
abed
dde5
a0ca
540c
f3fe
4c70
0e95
c076
ca85
928a
70d9
56f4
fb9e
3f0e
0594
9ba0
a7b7
fa72
92b3
9ab0
aab9
c29f
495a
dcc7
7680
bf82
08ad
2d75
7d7a
c349
76fb
f0d7
3455
a3ac
da15
5c61
93db
ad01
05e2
021d
a41f
72ee
88d5
745c
95e3
2167
441b
1c13
fc32
2554
864c
654a
fa44
56a6
1d7a
bdee
5164
d852
d361
2392
b205
17c2
71c4
9c6a
3d04
2ffb
ad28
a461
60e6
7189
b60a
6ba9
74a6
ba83
fa8b
a868
f6ba
10a3
2b35
39d5
0741
a168
fee1
0188
2458
2514
de48
f4fa
a3a2
2457
3418
a37a
46b1
5159
dd81
4b08
edc4
0e81
404e
4ad4
e505
0cd2
6c35
da59
e182
af35
e2e4
d683
ab7b
343b
9046
27fc
2ba0
3f39
ea27
798b
210c
f547
79eb
6a23
32b6
665f
3cad
5e6d
3a79
2311
8aeb
deb5
c641
65bd
fcc1
1028
6711
210f
9fba
b61e
b5a8
57b3
4eb3
9fc5
5347
b18c
f3a9
5af0
ab68
8000
435c
1283
30a1
1f6c
03f0
1f29
acc1
7d89
b21d
41b0
a7b5
898e
b00a
a8a9
ced1
4e46
ae98
78f8
83c6
1e14
7840
bb74
1684
a1fb
f736
0eb3
5c79
8bd4
9fae
db2e
d184
5205
583d
e338
e7b6
739d
6bb9
cb3a
c059
aead
4c63
189a
7218
1d04
8338
8db1
780a
b942
22b4
658c
61bc
a736
1a24
6e41
2633
778e
f638
312f
ab48
ee90
677e
4415
f28e
9b9c
4af0
6922
d823
67e3
77cf
d1a9
fb1e
d252
958e
40fb
f167
d3d6
7483
5665
2a97
e7ef
5c8b
102d
5a69
dc2d
b0f5
2291
2584
190d
d931
b87a
a314
af2a
5331
83ed
c06a
23d7
85c5
be46
4585
a3b8
3755
8b33
8359
c8db
0664
7a4b
626b
e4ed
6d68
e6f8
26fc
b2e8
3a8e
f0a6
b2c4
0579
039c
e338
8253
78eb
553d
35b4
08b6
5c4f
e27f
89b0
af94
459a
caa9
73ee
42d5
71d5
0129
8687
6840
33c9
3d15
9e98
e999
aa1f
1c20
e3f1
4df6
b577
aa99
c5a8
d07a
1512
803f
561c
b28a
1d3c
9705
0618
c298
ae90
9417
6cc6
84d8
0bf6
4fe2
2cd1
d400
6e81
313b
b748
286f
c916
9a4e
6b2e
60fe
6918
1936
716b
904f
28ec
6674
9bd1
5f9c
972f
1daf
3b0e
9df1
3587
3aa0
8b88
5b3b
079b
f61f
aebe
5906
2da7
123b
0f75
f0a3
3a52
e2d7
1c44
4197
72de
2838
3c39
b870
2283
7b39
6dbe
0722
d649
727f
cfd5
dbb0
10c9
ac89
69f3
043c
4ffa
dca6
3282
cdfc
4486
3aa4
f842
6da4
f0a6
e8fb
e958
7fc0
5158
f272
6951
1dcb
c2ed
8ae7
4bea
cde3
eaac
c3a9
647c
10cc
7df4
c587
0f51
3786
781a
6ccc
273b
34f5
0aab
6831
c8bb
600f
dcf8
e496
12b7
ea0a
b9e3
2368
6306
faa2
187d
114b
60b8
535c
1bb1
da40
51ca
9b0c
eadd
7b5f
f88b
449f
b2c5
9666
85ec
ca36
72d7
fde9
e591
9ecd
3e99
3e1c
ecb0
3f1f
c816
6b5c
cf61
ac03
6736
852a
d53e
6b77
3504
7418
adeb
0ebb
6ca1
5f06
df1e
e865
b6fb
c79a
ca94
0f1a
d1ff
2c98
6987
bc38
3aa3
960a
c5e6
2b3a
7e93
989f
4be3
e4b4
883f
314a
9220
f3bf
c44a
5917
2d5b
471c
18c0
ef87
f526
c4ce
99df
2e0d
6d0a
679d
343a
4d9b
798b
cbb7
e080
8c82
ef46
e44e
6201
706a
5b3c
5cc4
684c
42f2
93b8
5e6a
830b
73c9
fc05
186b
f968
39af
1225
596a
de8c
392d
b3c4
dd10
da5d
86d1
2d2e
8be4
3dec
766a
6647
beae
3285
3012
6bcd
5ed9
2a20
611f
933c
47f1
dc28
8e86
4615
9541
b051
da1d
2844
c849
1f76
c3dc
11ca
3860
fe08
1c0d
3bb7
f270
46c5
273d
f816
7da5
9d71
5910
d757
f222
7c2d
e5cc
ba64
9fe4
b585
0674
c793
d9e5
7755
e5ed
3246
2e40
9f20
c291
143a
a61a
4cec
df3e
df8c
c391
6358
dc00
83f0
ca77
5ae7
78b4
bd5c
6a27
79f8
dde4
4d96
8b9d
e3f1
2575
b32b
dbd1
7f86
18e8
1780
303e
db18
7860
00a1
54ac
557a
ea05
d112
5794
6a31
f85e
af24
178f
9e3a
46a0
d3de
79d6
79d6
6b5f
0aa8
903d
625b
6a60
3e9c
16eb
dc84
0fc4
4d62
d4cd
6078
93a7
6477
9b51
9de9
70e9
41e8
e096
462d
34a3
b886
6950
9760
ad48
793d
1dfc
48a9
b024
c4d3
738e
fbe6
8309
12a1
aa32
d57b
0a37
6765
48e5
d9ea
bfd0
ff31
2140
c004
bda5
d196
6f70
e0cb
650f
27db
f12b
5e63
d2bf
9615
2085
f5b4
afc7
5d18
6596
9833
40e8
c39f
09b3
b98b
a3b8
3332
4b94
54a0
a02b
a195
ab3f
cc47
39fb
36de
2589
2355
8caa
2dc1
5c91
9309
7767
946b
312b
97f6
e3fe
df7f
a511
a670
5c35
86f2
e568
315f
81f1
66bd
94b4
e346
de14
8d94
4a15
0f12
bd59
3714
1c35
048f
b0e2
6202
3f3d
7525
42e5
dfb3
4706
751b
ab06
4b5f
72a4
dbd4
e1d1
6a13
8ca3
659a
846d
64ca
17a0
1c65
cef4
c2c9
e0b0
13db
9f52
0b74
100f
ae04
1b9b
7d4c
47c6
a344
77cc
0643
da93
5d85
eff1
4b9e
322c
6891
184b
f85f
1299
bb74
e598
96e0
60f9
e3dd
c61d
6d91
2f36
714e
2df7
1f0e
4710
19ec
cfc4
28a9
d05f
e6e1
5ae7
ec45
efe0
3cb6
f198
6751
be0f
d1b1
7767
69b0
731b
0fd3
bc26
bd0d
8bf7
7219
819d
1ad1
6f8a
62cf
2fc8
0e20
2385
d801
3600
5748
e10a
e255
b47d
d4dd
a3ff
2e26
5a7c
0ee3
b145
21c1
78af
701b
ecc5
27f0
7406
c418
d889
7435
dd52
d01b
b44d
2a6b
dddf
2b87
f8ad
b637
d06c
2ed0
3379
5d0b
745f
ce27
a2a7
2fbe
6711
4493
92b4
6259
8814
e9bf
e82d
d436
bbdb
aa29
af9a
47bc
cac2
ccc3
41ae
cc4d
2cdd
f007
4588
1d74
6be7
2ff6
088e
7c70
77f7
deab
0146
5dc1
7587
5a5b
0f3d
9c4d
5353
7321
8d85
3239
aacd
9b18
af21
9eb5
8fb2
a4e5
ef19
d2ef
8039
4ca1
9579
94e1
6979
5e5e
cfb7
5d52
9f3a
f283
6bc1
34e8
377b
4e17
8f25
53ee
0641
cb24
5efa
fac1
bd64
3397
28e6
dc91
bc86
ab2a
8b89
70ee
8be2
8c3f
a543
1b92
bbcf
83d1
5caf
3247
70ea
9214
4adf
4015
4637
dcf3
c937
36df
dfd2
4e35
0a48
21fa
5544
df38
ef31
fa28
91f7
b739
4a92
591f
46d8
5e3d
f881
4b1c
af11
2a8a
57f6
2355
b355
974a
ffe2
ed64
794e
5693
6e5b
2924
ee94
4d72
0991
ff4d
b86a
dabd
219f
ab4f
11c0
9a37
54cb
5e7a
2a70
8b37
7257
4ea0
ebb3
c7d0
a0ac
1665
06dc
015b
8908
b008
8f5e
a8a0
c6af
1138
48d8
deed
0776
b926
e6b1
da50
244f
5200
573e
8c52
e22c
cd54
324d
78c8
2a82
bbb8
97c8
9cdd
9cec
0ffa
6b03
6503
126a
d0df
b82e
9c71
639d
0440
e5c9
d497
91e3
191c
5ac0
4f78
735f
1eaf
aa58
e8c1
2be6
a60c
d115
6f4d
820a
60d4
c7f8
4676
a863
d2e2
3aad
05be
da2a
1c50
e041
fc7d
62df
edd2
3f21
76b8
5e82
22c7
adfb
2a6f
d920
314b
c28d
3dc5
34db
1fbb
d328
c4c2
a4e0
9a0b
643c
809d
45dd
149f
d5b9
6475
f979
ee25
4e7a
8df8
474b
5a61
171e
b28d
9bae
5466
45d5
e2fc
116e
9496
0f4e
e5bf
c838
cb0d
7fd5
1a07
094b
ff98
a544
4010
f28f
01a7
fd30
266d
d4fe
09db
2091
b0ea
2df5
ae3d
0149
c313
b973
57e9
e707
31aa
299f
413b
a3b2
dbd8
a599
bfa8
b483
a8fc
a4da
0067
e61a
75d8
8078
0c56
fd9e
555b
f2a4
dfd1
a393
4632
b4a0
e255
24ff
0bca
b023
4372
6a25
bfc4
8724
d060
d2d6
e43c
550a
3351
ee97
5f6f
6a0c
511e
666e
2b86
0b16
aabc
8008
1df8
18f5
9c97
641c
1d0d
cc01
e2f4
fdaf
9f75
19c0
fa0f
b619
6498
39c6
5dd5
8e09
e277
bd13
c79c
c145
b5ab
6c0d
cc64
cb16
d082
b4aa
5fd3
2212
56b2
eba6
d6aa
a57d
2f33
55b9
a1df
d486
584d
5856
e822
64c6
a570
c4e6
2038
e31c
b9f9
520f
2440
cf9b
04c3
1d73
1fae
274c
8227
2da3
4cd7
331c
f688
1b44
fe10
ed0f
8add
d053
bbfd
516c
9e07
e734
540d
cf8e
67ca
dcf3
2242
708a
7f65
73d5
934b
7562
7c7b
bdce
b409
887d
2797
cc4d
26b8
1e0f
1139
3329
7433
52a4
cc68
4db5
31ac
5e5e
8387
42f3
920e
07ed
6f37
e4a4
7476
a1b6
e2d1
2b95
0670
4d84
34c8
9cc7
2daa
637c
ce31
eb3b
5d39
46ee
b3c4
0e91
4a3d
4026
84fc
d427
0773
28e9
9a98
c9d7
7dcf
c20e
6795
2721
324c
a9a3
a305
cb6b
24af
c119
fea4
8971
c856
a549
1d95
1a06
031b
a1fe
5b9a
3153
d192
e9a1
a16a
89fd
4508
f395
7ce9
f051
abcb
ef35
366f
0282
6f0b
a9b6
aeaa
3d18
2713
ce38
5f15
49bd
1303
2a6d
0dfd
d56e
4b3a
3846
f9d4
276a
e730
15bc
11df
6191
a5e6
7af8
c94b
a48c
72ed
191d
5a4c
5860
c7c3
b6c3
fc66
3b66
e8d9
46eb
c2a1
4674
40b9
de81
221f
4701
30bf
3285
1a47
c1a6
dd39
c335
39d1
91ca
1200
ecb4
398a
23e9
665d
6c0b
f4f1
52d6
dd26
e4a2
2179
e4ae
2ad8
3cee
9f48
033e
f0f3
e897
8519
bf70
386c
6114
f0ed
2c11
e8c6
57ef
b114
8494
c47f
d34d
a241
d27a
0382
03a0
e23d
b4da
25bd
b71c
c13b
73bf
dff5
a037
4c0c
5d89
0d3f
c5bd
0238
ae3c
0899
b74f
1041
ce36
f92b
b06a
e029
5c2b
e162
3f56
ef73
21ed
3eb0
6fe8
0152
2b3d
ce93
687e
5e63
1c3b
66dc
667a
6f80
b433
6c9e
e2a3
b3ed
5983
f9f5
8171
b78e
50f2
d72f
13a8
4bd4
4cc8
f26a
c392
0712
a87d
d1de
f539
ecc8
8750
f44b
8265
6caf
6a2c
ff3d
0630
72cd
5f71
0caf
f463
49c8
631d
ec1f
843b
8d43
61f4
c763
6bb1
220a
fe55
e515
efbb
3904
4964
d26e
b660
001d
23ce
37f2
e023
0921
7fdf
aea4
8406
7960
1d2c
66cc
4a49
4366
ae39
8c53
747c
2273
2c36
fe9e
e404
9393
e7b2
ea6a
a605
6fd8
1b07
d8fe
4ea4
cfc1
16af
704b
913f
1ca7
accb
4ecc
9f7d
9b17
7db0
a64f
31c0
4c66
0703
4b20
fe8c
b236
1e00
5a9d
8b4b
c866
b329
b19e
6a84
35fb
b74e
b1e2
6507
e0e4
ca8f
9029
8ade
6b5f
0708
00b3
86c4
aa04
8b1c
67ec
daa0
e8ba
99ae
cfbd
3802
a7b2
3477
8901
e894
6cde
0dff
178b
05ba
9a82
c752
b695
cca0
7256
2874
3e71
5f4c
419e
3e4e
84e8
7721
85b4
7afb
e1a5
5fcd
e4a9
c60d
3049
777c
bed6
17dc
a5bc
44f8
dba4
e3f9
bcda
8d67
11a9
5599
a39d
3c79
95cf
74f0
eb81
fb84
407a
b559
4ec0
ecce
98a8
f25a
9a1c
c70b
5b50
3b5a
8987
636b
6d9e
2325
3a7a
c9c4
eec2
e3be
6027
b9b5
5988
8703
18a8
60aa
bc52
0102
55be
1219
33c7
9f4f
6e33
6425
2dfe
4c3d
77bb
36f1
cf16
bc00
1456
a360
9001
9f92
1f5e
4bd2
3fc0
1644
1139
8699
a4ad
5a4c
d69f
a594
197e
07c2
b452
d6fc
901a
6859
e211
b314
411c
1756
cc5a
226f
fa4b
b77b
af52
3cea
4f0b
2389
f686
077f
6c98
e155
4132
e26c
2129
7bb0
9e35
28fe
3dce
2660
f129
0ba8
04fa
3452
1799
e3d7
520e
10f4
eca3
2c45
aedf
c3ab
c435
3729
82f6
2895
d7ee
fead
8c84
449e
2cc3
071f
d752
cc3c
1f4a
6c81
2784
cdec
cb1a
cbe5
6726
12ce
10ba
446a
5535
2313
1512
269a
8bec
827d
7c9e
410b
9dcb
f5d9
2143
5f7e
9883
b507
e19d
7458
705d
1e6b
e3c9
304a
fd50
1d8d
f20c
0ec0
1c0a
2973
9faf
2230
31e8
9504
cdb4
c7eb
f1f2
86ea
45ea
c9c8
e2ac
6e73
fdb8
a644
04cd
c8cb
0236
047c
3ed4
50bd
6a43
b54f
5e5d
c099
f293
db28
8493
bb5c
c822
7970
f505
4eda
e448
c27b
1150
2d90
f99a
8365
c64c
5187
bb82
9ece
618b
11b7
4c73
0d50
a9b8
d89e
b597
843e
6d0f
6681
6f00
82c6
0670
6cd6
b59b
18cb
bac7
a614
9280
031f
704a
7624
9e6d
99ee
a414
d1fc
ca74
f83b
2969
6e29
40ee
9135
0ff7
5cda
68af
6577
6a96
db6c
e635
2e03
78a7
a636
29ad
e328
a6ab
dce9
d25e
b501
fbc8
d104
647d
c268
fe09
b5e6
9f65
2cdd
e50b
91d1
7b45
4704
1660
d7d0
ddc6
28e2
5d0b
f974
7e86
3c23
5685
066e
a1a7
bf6b
788c
fc89
6784
03c9
af13
357a
78b6
9a95
e394
9f5f
1474
5fbd
cffc
c6b9
069d
1b55
9dec
9b30
1d6e
d4e8
3f41
78f9
77e8
f539
a8a8
d0f3
e649
acf0
45a6
07b7
2e34
7c60
c768
ddba
565d
1ce0
cc77
f96d
4841
e005
b29c
263e
bbf5
4158
ec43
8dff
b622
641e
c08e
5950
36d5
c44a
4a55
bce8
8593
16d2
bffb
1255
3525
d768
3b1c
1003
5e1e
c26d
d2f5
b8b6
33b9
e76f
bcad
49d6
898b
7ebf
508d
b749
411c
929f
0b56
226a
a427
05bd
ddf8
4257
2f77
4fdc
6010
59a8
072c
deeb
da89
c87d
8abe
85cb
e78e
e612
6ca9
725c
88df
124f
1c2c
1d1f
3f1f
3a55
ee0c
43cf
d92c
caae
fdec
7451
1934
7c43
b3d5
31a1
3168
77df
e9dd
9520
dc70
7850
c952
0a96
90fb
4065
a173
6344
a23d
ed9c
b1e3
b70e
3aac
0dbf
6db6
7443
27fb
6304
0e7a
367f
7a2d
1879
4efc
7dbb
e806
23d7
d623
55fa
6dbb
21e3
0a14
b971
53cb
e533
acd2
e3b8
bbae
3d44
1ade
9f90
e719
94e1
89f3
d639
b1d7
d061
82a3
df6f
1292
a760
e0fc
77ca
ffa4
8baa
cb5c
6c58
f01d
4790
6a68
0cfc
1a78
af2c
1faa
6da6
41f0
a137
1027
71a0
5592
e6a8
1934
fcee
d923
03e5
99b7
a9f5
6a42
6e6f
8ed8
2c6d
ccae
9705
807e
cce0
1235
d30d
ed56
9452
5eb5
3611
93d5
7e2f
275b
8b3c
cef6
e849
7812
c5f6
4f79
46af
2a99
7c77
2da8
3c9c
5293
253d
5dcc
9bcc
3a78
096a
0413
4b4b
7bc9
4ba9
cc8e
9a7c
60e4
3784
6396
510b
c81a
e60d
31c6
5e2f
a3f4
c9dd
7305
5159
dc85
ced9
98da
6b45
f53e
f37a
a094
7691
e11b
46a9
66a1
1739
50af
6d97
c512
12e9
9c92
12b0
10c9
bfca
07e7
7f30
2bdb
ada6
2084
76c9
cb62
7ca8
f88c
9a7f
da40
a1af
cf48
3e32
9451
e160
8164
ef32
4fe6
6f1a
b9e5
f729
489e
fd03
1457
42c5
baef
4513
a4ac
75e7
90b6
28e7
4583
f613
cecd
4f74
20ef
7405
4afa
9d69
6074
a139
b5ff
1520
3037
ac00
592d
b71a
3d9e
991e
ef73
e286
ab93
9e16
6c3c
ce22
ae43
2c6c
75dc
037e
5aa1
d89c
623d
162d
0096
8d83
3648
0b5f
eccf
4ccb
6a80
7a7d
c9c2
3675
9d9f
c7f0
837e
2221
abf9
e110
4058
c8ff
7078
33a7
39cc
d8f3
f362
226f
7986
2b50
16cd
14b3
c226
e08c
51ba
dca3
5f56
e149
8636
ed6d
7d8a
c97b
4957
9b61
0806
0cf5
c265
347e
b673
2dbc
be68
2335
079a
b025
81e4
9abb
0cd0
891f
1d60
6f01
838e
add3
04a0
b152
585f
959a
38e1
f95f
985c
b9ff
1234
39a7
23a0
8b34
e2fb
8523
a8f4
80d2
5c56
5a1f
9358
077a
4b36
a088
fb5a
9e7f
e20b
b5a8
2c62
f979
8569
8fb7
bec2
9568
9fa2
7bad
aafc
91c6
0516
be45
8ca2
1314
db1d
a96a
efc2
f730
7c7b
cc61
32c3
d741
6d52
54cc
e808
b8dd
74fa
a525
a2ff
6884
0b48
7bb7
1830
cf55
3fc9
635a
6dec
d1df
2828
909d
841f
efd5
df64
65ac
5bf6
f9cc
0cf1
1120
20b8
ebd5
d5d2
fef7
0a45
f7bd
60ea
217c
c20d
54ea
50dd
2839
fbc7
c8d4
1a8c
3fc6
f912
b36e
0949
486f
3e2b
0fac
9817
3227
c605
68f5
422b
ef32
1308
db93
842b
0f9d
337b
a1e7
136d
5f95
74f0
ffb9
53f4
fec3
e42a
b524
4f3a
1def
693d
6000
4d62
6aaa
762f
52d1
010d
de2a
f43c
0d97
0dbd
ab0d
d673
1b6e
caea
eb82
a11d
5a35
e758
0e83
5711
3759
5114
b105
a163
8822
888b
fb92
b67b
f752
ea4a
6a4c
79a3
7c54
1b78
5171
c863
dd35
4a02
a4d6
f26c
3816
50c7
6e04
1c8b
ab6f
6e6f
af21
4206
6a02
a1ff
0cde
91af
4b04
21a9
e24b
e5df
602c
e888
a984
c300
0e3f
3873
308f
bf05
9763
c4b1
0966
fa06
3db3
7fff
07a5
5466
1e49
5d89
312c
66f9
0a2c
87ec
54b2
9d64
dbae
a7be
3e06
59dc
689a
c3d2
2865
a239
bc19
ddf5
79da
d5b6
49b9
e1bd
921f
0285
1bca
529b
e313
0653
2524
2540
2db9
7b13
67d2
d618
831b
946f
e1d9
397b
ce94
e65d
99c0
44b3
f13e
a527
a27d
1df8
e99b
deae
688a
2fc5
acac
83a0
3cf5
b808
d36b
bcfc
917a
2ead
36cf
1aeb
50dd
bc58
7b53
a825
817c
9c8c
8729
2c17
0e3e
52ab
a878
d3fa
e11c
6f35
2a2f
3dec
6387
e3c6
13a2
72f9
d135
bef7
dbfe
a262
7468
d433
efa2
9d15
0422
aba6
033d
1db0
2764
48bf
2d6c
f7cc
7bcf
f928
6413
0ec4
d1ca
daab
1c60
f6ed
b70d
9738
860c
2a7b
629e
3cb0
6b7b
b8b7
8cc3
e4e5
517d
9dfc
eea7
5d2c
5e90
d498
981d
d82c
f68f
9ce2
b9e3
ed12
3c8f
a795
acc1
2cfb
6268
933f
5c13
3a37
8ae4
1860
bdd0
65ac
ba2f
e8d8
bd09
0f7b
4d7c
fb94
7942
a169
408f
5b42
34b3
51f5
2334
0956
37f4
e2cf
9698
dbd7
f46f
5d58
7050
07fe
afe9
b592
db15
f6bc
f0b3
c867
9e56
423f
b447
c231
f4bf
a778
fce4
134a
84af
959d
466d
095a
e3da
dc2c
cd76
e31f
e833
23a3
5165
faba
d704
ebd6
4cd6
35a4
690c
401a
b09d
daff
e4aa
d866
87d4
c22b
8d63
c287
624d
1e09
bc4b
4730
62a6
d005
fdb9
53b8
b4d0
45c5
da34
0679
2336
6ed4
cebf
93b9
95af
0374
3034
e1a9
1aff
6b02
f569
d00d
a489
0342
1447
23b4
ba9c
99e4
1428
aea9
565f
45d9
d5d2
1a0d
625b
718c
0b5f
9436
8675
76cf
b0c6
6538
2726
1d61
6b97
440b
711c
52f7
40b6
40b8
9fdc
43e8
bcb9
6569
02c3
4579
1618
6583
89ee
3ff3
f0dc
d775
56cd
696c
f3c2
ce8d
1f48
8caa
5097
7488
1546
2dd0
e339
f255
5b57
2c1f
25ee
967e
9e9d
6578
ce38
b457
78c1
ff57
0ff5
d233
247d
3e4f
3565
122f
911e
ccf1
d057
41bc
0f05
fe1f
acdf
e392
a3e7
f97d
f8bd
eb2b
bc20
f657
dbaf
382b
f16f
cddd
3188
e6d0
4e2b
4a9f
8abf
1b41
2299
8647
e70a
292b
c40b
d3e2
52bb
6572
7833
3275
e834
023c
200e
27d6
9526
416c
c513
84f7
a3f6
4b47
a591
82aa
d7f4
b1ed
2f0b
5e5d
f984
d48e
1411
3b02
4d20
b2a8
5700
34fa
aee1
e6fe
123e
60e2
1815
5fd7
e8b1
c488
70c9
96fa
c7d7
fb43
f9ab
e2e8
c606
6413
bcda
49e6
2d05
4338
47f2
03f0
cca4
3af9
cbcc
ef86
3740
6333
9dd6
67f2
0972
025a
778b
c2b8
6f2e
996b
6a46
b629
0319
6b11
43c6
28ed
20ce
42b9
8e6c
fdd4
a0ff
3481
8bdc
1d94
3d7d
e4f0
a85f
78e1
ab2f
dd23
bd98
424e
1e2e
1806
f3f8
2df9
8967
19c0
10e6
8e5c
2230
5c64
76a0
2571
6b2a
250e
5019
a569
c97a
6dce
3410
959f
5f35
118f
421b
8c4c
6b0c
53e5
d812
f9a5
51c4
a84a
5d2c
36f5
f02e
8ea2
59fc
021b
1a4a
a5bc
f938
748a
884c
e8ee
086f
1a56
6f57
b884
9296
878a
c410
cd19
917b
4c23
0b05
0f83
1916
14a1
1a2d
d469
cf75
2eeb
8a8a
258e
a0cc
9eda
0103
7b71
4ceb
bc91
df2c
0a82
3124
5bdc
2d19
bcd2
5db4
b0ab
0098
11a1
5b3b
d6fb
a934
e7f8
ab09
3cb7
e783
eff3
a86b
ae5e
9171
4701
08fa
51c3
8c10
888b
9335
7778
daff
95f3
5c0d
963e
4efb
c3e2
c88f
5626
5373
5939
104f
43d0
1ba8
5cf7
97ad
9c6a
c14b
05fe
3935
d6b6
581e
2eba
6ef3
f1d1
b5b8
893d
af64
a37c
b17d
0b7c
a0fd
1fd2
3880
ef75
0d22
46cd
5560
e23e
29b3
a7f7
e168
f85b
b51e
b4f7
55ae
3c6d
0631
f216
e91e
2925
7874
43ae
b840
2833
5f3e
83bd
325e
a78a
892b
0d31
6538
2f28
c9e4
9cb1
c7b8
ea43
54ee
2fc1
82e8
dc7d
7f01
df56
a295
79ee
b8e2
1cf2
8e2d
dd90
bef0
a1e7
6448
410b
8b33
6d50
ac61
934f
54dc
8db3
f5ca
fda0
23f6
99ab
ba77
12fe
1eb4
c424
c163
b44b
71f7
b594
8192
b214
0470
eafb
a4dc
2f8e
91f1
f63f
878b
7331
a7ca
ab35
7736
b367
4f35
d667
a0b7
1c58
7de5
2afc
2b65
c5a8
cf05
2876
bcfd
201a
c905
2362
70e5
a4e2
3656
9f47
2288
0c03
c2ca
1a95
b9bb
7a55
e4c2
235a
b669
b15f
23a1
7c5b
48f2
93fc
0f7c
cf84
cf90
d961
fedd
0bf6
6a2d
7bb2
8ebc
a8d1
9c75
abbd
b2c3
a725
9ea3
14dc
7b4c
1fe6
2587
6840
064c
8840
666b
276b
8cf2
5684
0212
7c9f
f4c4
7e70
60e8
dc36
66ac
4986
eebb
398b
d977
027b
e9f2
d48d
bdb3
4702
ee0e
ff96
3093
db9d
9255
a61f
6452
36c2
76f1
75f1
0d5b
faf5
3376
048c
5575
f143
9588
4ecf
e7b8
718f
b3c3
8494
56ed
34bf
1373
10a9
1476
a514
c04c
a5f6
c8d2
eb75
4eea
3f01
4e03
49f8
0027
4b50
a29f
7a16
372b
885a
0de6
467c
4b98
b62e
a5ac
0e02
79c5
918c
5edb
ce6c
673b
79b7
a1bd
66ec
f61b
365c
0861
2416
73c5
66b2
1f7b
30f7
f99b
0304
189d
f10c
a3c7
98db
c894
a4f2
8705
397b
2ac8
98ce
a3eb
841a
05e8
5135
d997
1fba
f81d
25f2
e7e1
f44c
b4bd
021f
6a43
05fb
1602
dc35
62f9
a3de
5c86
48f2
7373
989a
7120
c9fe
de95
c9e7
c843
b959
fdbc
e2a4
fc0c
ec5b
2266
c350
113d
6c3c
32c2
be20
2dbf
ff0b
bede
fce5
9f07
b539
962c
64a2
9706
e7fd
e648
b85d
7ce9
5681
9b74
4e3f
b8b1
3cb0
c60d
21de
e937
ccea
153a
b548
ecce
4d17
d21c
b89e
d959
e30b
541c
ab37
ef60
c5b4
2e60
13f3
cf68
488b
e2ca
cdd3
2ef5
579c
8c54
7658
607e
4c78
f161
f03f
990f
f688
0285
011f
9db2
ea69
10f5
49ad
cf3b
f26e
04d2
bcce
f4e4
a06b
37ce
6b5d
d43f
55c0
8390
1037
bc35
7668
1a90
d6a6
c55d
3c83
cb18
6ba6
0ee7
84e3
cf61
6c13
070a
f94d
6dde
850c
16ba
134b
288b
4aea
573e
ad15
f1e3
0227
870d
4812
e19c
8420
6b80
40c7
29fe
daf3
0019
abc3
0446
c977
22ab
772e
2f64
ecef
b1ec
f1e0
43c7
1756
631f
9344
2675
a8ef
ae80
1780
c780
1947
e9ed
a414
273c
8770
6843
f474
7188
8274
cfc1
33f8
157a
b009
e67c
8713
3e46
0d9b
8c21
8fb6
e2d8
eb14
3a6c
2137
b765
0f9f
5597
14a0
0723
d544
52d6
e4f4
9779
97db
a5d3
936b
dc8e
b829
e985
9c26
7041
8314
cf9b
18ef
935c
3476
cb29
8635
ae41
74d0
52fd
e5ad
abf9
9225
d726
2aae
b3c2
e4fd
8283
8e2d
38aa
e9e6
8818
e398
f8b1
748a
e2c3
16b6
eb06
8271
436a
1db9
ca24
c869
78cc
ef8e
6059
b305
578f
7706
8e1e
4d47
c3cb
cf3f
53eb
f028
41a0
b93e
0adc
2d61
9445
e42e
70d0
68a4
e466
baf1
025b
742c
52f4
51ad
0f9a
1f89
da9b
beb1
1cd1
3507
20f0
8c5c
e407
d208
bf9b
8bc0
b4a9
593a
7ad1
b421
9749
d942
3f9a
2358
b95e
6442
04e3
7c2b
3584
e9de
4a3b
bc9f
d4be
cfc3
604e
30b1
c7db
bd3a
4841
3ca6
5145
2be6
2a14
dd62
a5ce
0da0
8335
b95f
187e
5e08
3fa4
8e41
5f3b
7879
b164
c0a7
0407
b0d4
ca52
ebbe
bdd2
c0bb
02c5
a27e
8499
6828
a722
229b
5b93
2ad0
f9af
44b0
464f
9cce
e226
583e
6d9f
36b5
28dc
32ff
9903
4b76
3182
0845
ace3
a435
8451
0f46
e1f3
8365
4894
022c
af1a
0c95
9da0
3ae1
5779
a6f8
d311
429d
0f46
9ccb
12b4
e55f
80b2
9fa9
62fe
73f7
9dd8
0dca
0400
ad76
248b
9e0d
4a3f
6750
1900
385f
5d4c
ea6c
9707
d4db
7905
7e95
0a7a
27c7
6ec6
6565
9416
6a88
7a28
c896
00eb
d1b4
5e37
ad28
a323
ed9b
5631
fa33
4ca2
aa7c
ff4e
fdb9
6aa6
01e4
3735
8fd0
0e29
0642
e373
9e18
7cc3
52dd
3a1a
e8fa
0630
a8c9
99ed
8456
a3c5
5a2d
feb6
c2b7
adad
0eb4
c3a4
0864
f704
4d78
534f
cc61
b902
c8f6
be82
be3a
0a80
0ca2
6aaf
8d22
23b6
c777
7f6b
0135
ad2f
f0ea
2e7a
dc02
ae62
1b36
9066
8ed1
c4d5
e51f
999f
a31f
4ddb
4f78
1576
8f7b
53a5
1e98
5c61
2163
d8e4
55dd
8178
38b6
64fd
3b3c
a9d5
327d
6f2f
29b0
7431
1506
f26a
70d3
fc77
aa14
260e
0be2
a002
e308
5539
d83c
cd9f
4098
af0d
d953
3432
bd9a
18ef
9f02
dd66
5e68
87cf
1fc5
df8f
63d8
d3df
1378
086e
6e37
99a6
ccc3
9f92
94e0
f5a1
1040
14d2
41ad
c990
c9af
472e
8a5d
4372
990f
2562
387e
d1a6
e36f
973d
5dc6
c3d4
8536
800e
718f
bdf2
ea31
3ea2
8728
a36e
d734
d090
5e6e
4e4f
1f6f
efa4
71c4
83d7
7d86
42e2
2d73
d0e6
36f2
1533
edfb
15a0
fb76
8463
b9b3
14f1
7a1c
167f
fd67
86b4
6796
c042
41a0
48f8
90ef
b499
1592
f89f
630f
b1b7
4599
c354
b639
3d5f
bf97
3528
2e08
efe1
d91d
5cb3
eff0
3d9c
99f6
901a
9977
8432
8581
0692
d737
6898
9d83
d4fd
1763
c879
0695
0b5d
4671
ebe9
7332
3089
9893
e276
20d5
030f
7452
2a6e
c317
6ae6
bc53
8474
e1c9
72b0
69b7
25b7
5ecb
1368
735d
9fd3
351b
d0f6
85be
06c5
d839
2030
e069
0af0
97f1
ecce
f910
f7d1
dd97
a17a
5207
e805
8db8
cc22
21d2
4532
0963
e767
8f58
61cd
f5e2
9d32
f0f8
faf6
4d1f
84f4
3b4e
02ee
d4bc
53c1
307c
1672
b91a
1886
115e
45cd
ed3a
0b6b
24ee
add6
a345
d85e
54bd
dbf4
f73e
f752
75b7
bebd
f3ee
313c
4cfe
9025
22fa
b8d8
8185
6818
8d87
a170
0dd3
a161
3813
63fc
f031
edda
596b
ede3
df3d
6b94
98e9
79eb
1dea
955a
85a8
978d
b5b1
727e
ebdf
2574
d9a8
dc51
685b
81a3
6988
9bea
5e07
c5f0
7a03
be01
015d
b5bf
a75a
3148
16e9
9fa3
c135
46bf
fe57
cb4c
2de9
cd3c
d557
4c9d
49d2
5b55
acc6
49dc
147c
5af1
025b
9536
cab1
ad5b
9f31
5418
c625
b4b4
8d79
84cc
552f
f103
bffe
ad5f
7c31
444f
4cd7
9a42
17e8
d02b
5a84
10e7
25f0
ebea
e58d
75c1
f8f3
d324
c220
1479
8a94
12e0
7cb7
9aee
7ab1
4f8d
a61d
dfd5
986d
0287
5491
afa4
15f4
fcb2
87e5
d697
7357
05e8
3d4e
0d61
4f37
21a8
759d
4cfe
7046
51d3
1452
6ce0
d365
c4d9
3dc3
16a3
d39f
37ff
0f77
3ecf
89fe
8d18
45a5
ad63
8dc5
1f40
6af6
818c
5e7b
0ece
0c71
6937
52f1
d86f
1eb9
44a1
b517
a715
5249
e582
d482
74f8
b102
92c7
b758
80f0
d435
cb5e
a298
50a8
ae4f
0c62
6e72
a16c
7733
9bc8
55f6
0fdc
3df3
23e5
e073
9519
d4d3
0970
530d
8585
7d51
3f61
6cf0
0b95
5055
1bcb
54d5
b21f
7345
750e
c3ec
a82d
9fae
a7d4
7821
f116
3646
a63c
d7e6
df40
6c21
2f53
b6bf
15c7
9768
be6c
b248
57e1
a7ef
960b
1b17
93fd
ac25
51d0
e93e
d69d
8cae
ea9d
7105
b648
8e0c
b6e9
7f6e
4db3
cd42
f349
3373
9997
cc1d
c367
0f1c
aa2e
f3f3
9673
3463
05dc
6dbe
de41
3a97
eec6
4f20
6a41
3f52
e5fd
ab0a
59ae
15ff
cc51
74b5
4f13
74a3
92e9
26d6
10b6
ccb4
7b40
0895
bd6a
8e6a
2af6
b58f
a1cc
7ad6
5e5a
cf3b
181b
77ac
0734
0769
f95c
bb12
a685
c418
ba96
b796
5ef9
e22e
a826
d62d
5731
123d
a08e
b879
60f9
8ddd
d7cd
9b32
9009
8d70
3b5c
06a9
5876
79d9
91ef
7492
d741
2741
227b
aebb
6ab3
7f5a
6fad
5dd5
8dad
b896
bc9a
9be7
450d
fbbe
4d45
3bae
c361
bba8
09ce
d074
5d32
ec72
80e7
9423
55a0
4901
a029
ca97
9d02
ff51
ca25
3845
f41c
6024
10ea
4c49
2daf
8149
b58c
314d
b526
b300
f26f
c888
e8a4
b130
b8aa
17b4
e7f3
b7f2
76a4
ac57
f2ad
107a
24b4
9e73
95a7
19b6
0556
b1bb
8ff5
0b4e
fd24
b745
617d
3f11
a683
1bb1
fc1c
6aa6
bf05
9021
f873
0fdb
660d
7ee0
e458
064c
c967
d633
21f2
c6fe
4519
985b
6801
2772
eb93
cb97
820c
20b9
cf99
be4f
d1cb
919d
6d13
ed21
7068
a5c4
f6c2
8520
024e
db92
1adc
5436
57f4
418e
34ba
07b3
d0bd
1109
07b7
5949
5b4f
85d4
058a
cd19
2d27
f976
b09e
a70a
cb23
5120
3d0d
f13a
7342
41f4
ae20
0f86
1074
755a
6bce
5baf
a053
2fef
8e5d
f131
b67c
c7a2
9f01
59bd
36ae
6249
6cd0
077a
4577
01ab
89f1
f66d
2663
2cd7
3add
4a56
f104
31db
a5d9
6693
518a
917c
52cc
03b0
5255
0251
12c9
dbb7
61cd
56e9
7512
ec9f
7054
b23c
9ee3
921f
9a88
1dd0
920d
6240
1bb5
d43a
2be6
381e
b1ae
dd68
4bbb
8ca6
a332
192d
40a4
33a9
8c5e
01af
cf10
a99e
3e6b
316e
4938
a364
d028
b69e
9ce6
0b90
70eb
05ef
26d2
b816
8326
f733
1a0e
9454
fb42
6eff
c614
0841
f8b7
27c4
16cc
6bd8
0b71
5a81
4754
bab0
f513
43b5
ddbf
3cad
05c0
9fce
b516
6e47
9d1c
4f4b
36ad
5c1e
ad78
902a
e63e
8c64
c4d7
1ba2
a3e4
2072
efc2
6b82
7fe8
1b99
6293
7fe3
cebf
65e1
bc6f
aefc
91fd
d5ad
5f54
aaee
9683
0257
9222
bbd3
ada0
9850
720e
cc88
b41a
e701
64b2
774d
7252
6784
a798
92d1
4c73
cd85
db02
c563
883c
f468
5dca
68d6
0ebd
884f
35d4
4195
fe90
da26
15da
296a
75d4
ba64
1afd
db27
a793
336c
eb44
3757
1537
a3bb
af95
bb0f
8582
a719
beb0
8d7c
9716
7b14
8023
b97a
27ed
0b10
4198
05a7
ed61
c792
47a2
47b4
7e77
8e79
eb3d
e4c7
0e03
95a3
cc23
69e8
479c
8fbb
2d4f
ac38
5513
1082
b041
e0b6
8dde
dec3
7b3d
8255
e62c
c44f
d4b9
a1a4
b540
74a6
42a7
0c3c
60ac
85fd
95ec
38c4
4993
3a3c
d8ad
23fa
14fa
1a2e
908f
3077
a326
6efa
33f6
52dd
4ebc
f885
1ff1
25a3
9d41
d6b5
3b77
b87a
7929
1e8f
d6d3
26a1
708e
5358
9e9a
b09f
8ebb
7833
d2ae
64f8
1e35
9143
db04
1b1e
5940
37f8
fec0
af11
9d70
9ac2
ce64
a265
3c1f
179d
38ce
aad1
5de9
dc6c
cc35
1e43
80b9
f73b
df50
af0d
a977
dfa8
a826
2be1
d817
d36a
dadd
c28f
554f
3a13
81d3
3647
4538
dbe3
ce9a
ab5e
1569
c550
1a8f
fb46
b09c
7258
dc65
f4c5
7911
1853
2ce7
d3d0
c870
9740
7a4f
7f7c
44d3
9665
d5b9
121a
4a4a
9554
1c55
1e30
9b27
3156
a414
234e
38e0
a599
8254
43ea
a778
2129
4fe9
982e
f18a
7597
35dd
9989
4169
e904
1099
590f
e637
76ab
5f06
e6ad
58fa
f42b
fde4
532e
c5d4
d5bc
5c38
c0ba
2320
b815
3ef1
ec96
0cf4
5e0c
8cc2
5fc8
c482
0300
1528
fb72
0210
368a
2169
9206
b067
a1a3
8eed
f73c
348b
ef27
e65e
567d
9d0a
9623
9ec4
006a
0e35
e525
7623
e9df
297b
2a95
bb46
b688
4456
6fd7
9c1e
d334
0cd0
5c45
ded5
37f0
5459
6e02
d37d
ecef
1b0b
6c83
ee89
d6dd
c070
e356
7b12
7993
20cd
0d47
608e
95ac
7fbd
82e7
d88e
353e
2d7a
7073
ace6
f0b1
2cd9
1a5a
fdc1
0aca
350a
28c5
7082
3e81
adc8
135f
5e40
dbcc
6bc5
ef0a
8956
4bf7
2eb2
e8c3
4c6e
dc04
967a
20e7
c2ee
b297
29ec
c48a
d9ca
d6eb
ce0d
06e8
702f
af54
e580
dd93
b862
86c5
5c24
d8ab
3816
0af3
d08b
0620
7da9
00b7
621d
3e4f
bae4
5ab8
0cd6
d3a6
617e
d85a
32ba
f38f
f77f
a4db
3e33
a9ff
9cf5
9c74
c3f5
236f
316e
b87d
09a6
1e1c
6020
e208
819d
3314
b2f8
2ed2
f9a2
9649
57da
1a52
bb79
a017
ade6
e461
3dc9
19d3
e0d5
c415
f2e8
1c14
8d56
f587
82da
5ad4
a1a5
9051
eddc
3d26
6caa
d3d2
0372
07ee
fe2b
e495
ea94
4309
023e
e3ae
a374
4560
6199
5449
626f
5822
c909
afec
9868
0a33
036b
9bee
c2ad
23e3
6259
a2dc
9c14
d663
fcf8
bf62
aedf
81cb
dc0e
64e8
3e75
dd9b
c2af
033b
f0e5
bea3
2fa4
c956
1d9d
ec53
6a9b
6a0a
2ffe
665e
b687
8955
655f
0609
8d19
1911
7773
560e
a2e2
c2f0
a76e
9413
e009
f874
abe9
210b
6239
131c
7248
eeb1
1c82
4c2f
f40c
7629
aa51
be6a
b561
3fc0
d10b
92c8
29dd
2501
78ff
1b8f
c8f3
b4df
a8dd
042c
8b20
a684
3622
e72c
8d12
4ad9
ead7
ce4a
1c7c
8843
82cf
7343
84a0
ef33
d959
ea2e
05d4
4a0a
ea87
32e8
dbdc
9815
c2d0
5e2c
9106
833f
1375
92ad
fbfd
bc94
f666
841a
49f1
5986
6e93
38e8
f9f1
792c
7423
1c11
c1d5
c03f
0788
9317
e1f5
ab5f
ba0e
17d1
462a
f2d6
659c
ad6c
ba64
59d2
79f9
f6af
cbdc
9d1a
d2a0
dde5
b247
51a2
64ba
b123
13e1
505c
d132
f858
ebfb
e223
0f07
1506
2d9c
6254
6d12
7bad
8029
f0d6
338d
7511
1a53
1907
10ff
60ff
bf90
0911
c2df
1172
af1f
d20a
bdb0
8e93
ce52
03c0
635e
ee4e
4532
468c
e917
cb1a
46ac
ec25
3c7f
a2aa
0117
7da1
4c42
24d4
5d66
e03b
dc52
579b
7bbd
e1b4
4a9e
7b3b
0741
3bb5
ecb1
a570
233f
de73
d8f5
7a1a
b612
496a
7bd4
d262
8c65
349d
ed84
7d84
87cb
ee55
3993
602d
298d
eddc
252d
414f
259f
0f32
d7fa
3040
1f69
06cb
99d7
badd
af34
57ba
c3de
8798
8891
465c
262b
c3cb
f77f
10e1
312a
9a3d
97bd
be78
86da
1afa
5638
2d62
3f34
fc16
f569
01f5
dd27
e065
48ca
4613
70a4
a090
3e73
86f6
c2dc
3f23
d9f0
2ae7
a699
373f
52ec
7dbd
affc
42db
495c
3fd3
7051
4bdb
b957
8373
ad6f
ffae
9970
2288
a48b
b60e
aab7
1e89
3490
b954
c9a2
5a72
9719
72af
cfe2
9186
f1e1
977f
d2f9
b674
b3a4
239c
c8d0
bf51
059e
cd5e
5c18
9222
7fdc
39e0
10cb
b88c
2ce7
22d6
66f8
69b8
8f28
e68b
5e1b
5675
d2af
d96f
a247
4575
0af4
7a52
3198
f51f
dd01
d6e4
54d3
08dd
03ae
34c2
c4c1
2b07
46c4
f398
7907
aebf
bf9f
9027
01f3
548d
980c
45e7
c566
1828
9218
1350
ad0f
efd4
5387
c4ae
b4a2
4538
1cb8
c759
9db0
b136
e615
4d4b
29a6
05a5
6bbf
8f79
ca0e
588c
dd75
a01b
1927
4723
2d0f
0fcc
2813
fcea
4bed
b92f
72e5
0a0d
3ed4
04ac
216d
ad72
de23
c1df
84cd
edab
83f4
728b
a50d
ba2a
761d
d0d8
1470
e3e0
f787
d749
d310
637e
51de
efd3
bc6b
98e9
af5d
c29c
accf
104d
3d2d
8351
1135
933d
90fd
77a0
cae5
2a8a
b224
8c7b
c265
2a4b
5d94
990e
4be8
53c9
80f2
145a
3554
507f
2fc9
ea74
49d5
c9ea
5bc9
3800
9603
fdcd
2c8b
51ee
012e
cd89
740f
46ed
0ccc
9edc
dd85
5bab
6055
e5d9
1d89
d7e1
9869
8dc9
0f6f
c394
ea0b
0b3c
aaa8
3c56
fb47
b2cd
4cbe
05fc
0fe2
5e20
ee9e
172d
ecbb
ba1d
d6c6
2902
50da
79b1
ed39
9da7
1b52
d285
03ab
651d
1cb4
9258
57de
6e96
c2c7
9688
0044
fe47
2823
63cb
0d20
c559
2118
3455
a518
c21b
af3d
1f8d
4c33
c84d
3532
6a68
b652
ecf0
9f17
b8fc
1066
2046
c29a
3b4a
9fe1
a4c5
2e79
25b6
3f4c
efed
a927
65b3
f562
4f86
63d2
d80b
83df
e611
4be6
b49f
d47e
bbc7
12d0
12a5
01f3
38e0
16ac
d588
2999
ef45
6f9a
e5e7
1dc0
03ce
d687
3bcd
7279
df2f
4d18
58b4
949b
fd99
8730
71ae
6056
5764
29f2
43b6
9904
d550
fa19
c917
f26c
8052
a35d
2ea5
128a
a02f
202b
fdc1
8c18
890b
aa56
d665
694a
32ef
63a9
eae2
ce41
33af
0b37
02f5
7ad4
3d99
d007
1699
0e9e
5a80
503f
09aa
f533
b1c5
6fd4
946d
bdc0
4f4f
6063
e10c
b154
16e6
6a66
79e8
b99b
12fb
b1bf
3734
a697
4074
66ff
3a79
5705
7672
f477
8d67
1789
0760
4caa
c7ca
50ee
27a1
ab92
3cd4
6556
50b3
616f
4c0f
d35f
a1f0
dd44
14e9
07c7
8544
a8c3
1a43
b464
32e8
f8de
eebe
c49e
02aa
ad39
3683
e561
9dbf
f103
be6e
601d
46cc
26a2
3ff3
0b93
2d07
46e3
246d
8d0f
9f0c
55b8
452d
4869
9858
c8d4
607e
7999
4433
4774
1818
42d7
4294
8360
3115
9eb0
3ab0
3224
b079
9bd9
68ac
a6be
263d
20e2
3326
eefc
d0db
b9f6
f8ca
ffcd
875c
22ac
f3c2
0706
e506
faa3
da25
6640
9adf
7cce
e585
f5c2
0f59
ab64
afc0
ee2d
35df
5649
ac6f
287b
fda1
236b
e1e9
9b19
222b
ff76
d4ce
e3ee
07ca
79c3
a293
c9f6
bf7c
38ff
e0a6
2015
a473
75af
3ba7
9bd7
72b1
6797
903c
637e
d71f
36c4
b958
c88c
6000
85f6
153d
4824
46e8
ba26
38b4
0bcb
83fe
2d34
5c0a
ff8e
6f6d
019e
46ed
f5d2
55db
20b7
c609
34ee
7f3f
0d42
bc60
0b7c
f1e3
e77d
a3bc
02c7
750a
319d
05ae
19f7
c3de
bcbc
e9c3
8d7a
3979
168e
d97c
6545
0ca2
a4f4
619b
ad16
a827
af82
cf11
bdd8
cb53
f468
f7d5
c296
fd16
54ef
db23
083e
6ab1
d33e
98ee
2dac
d2fe
25ae
003c
9149
2c02
5a6c
65dd
8b54
1b7d
1c19
c369
8cea
1954
caff
f223
0f77
7332
dc33
9eac
b5c3
59ed
2361
e77a
4ce0
844d
1ae6
b624
3a8c
b47a
12df
6186
51cf
397a
21f8
93be
e0ca
54aa
1eb2
3162
369f
6556
2411
e2c8
ffcd
6166
5ed2
0d3f
25da
a364
3d75
0096
08a1
65bb
de90
24e7
7202
8fda
4d9d
57cd
c599
203e
91f8
4662
9232
adca
864d
20ae
f303
a8b2
d5e4
456a
509f
980e
a04e
98f6
9001
3a47
017e
5f95
27aa
d80b
9845
2b9d
9ed4
3cbe
fe45
7713
faf2
c85d
67c0
7229
1d9a
edb2
ee34
bc11
6f8d
d942
d878
2f64
b37e
3b4b
a5f3
5745
a15a
99de
2553
77c0
e380
82e2
498e
7dd7
8b46
3ade
e0ec
6665
10df
8778
5d32
b5ba
5dfe
ecaf
c0f5
32f7
1acf
0dd0
549a
138b
4046
d1c1
e8cc
c862
da2c
562e
0965
98e9
2c9a
1f1d
2c16
75f4
37b2
0e32
190b
64fa
6551
8f4c
39c7
6d4a
41dd
8d14
73af
4bd1
9e48
930f
feb3
776f
69ec
0d10
94e0
e53e
be3d
8944
2f75
8b1e
06de
8851
edf8
ca9b
7d35
eb93
2027
cb24
b862
ce38
d01c
9890
f350
b84d
9b18
f1bb
3735
104b
e502
0613
2c14
6fde
f0f9
bdc0
3f33
ece3
8601
e3be
d00e
4bb4
56b8
9fae
16c9
e892
5a73
3576
7541
811a
07a4
593e
8ed3
a4fc
1a08
f431
25ab
5fd9
7025
cb17
27b8
6960
c178
3e5a
fd89
1adb
8f8b
0b01
2ef6
3620
4436
bb73
1fcb
4dc6
3a81
717c
dcb2
3e64
2b79
a644
18d7
4eff
ccd2
fd97
1a4e
37be
8c87
5e75
1655
1b18
d8a1
31c3
8d3c
1c94
de90
3a68
50de
e93e
cfc5
42a2
21bc
a1cf
6cbd
2751
6435
cfab
9589
db81
aca7
b58b
588e
0cb0
c944
465f
b828
e7c5
45e0
ac17
3759
8c5d
ffdd
0bd8
0946
a4dc
9988
cd21
db3f
77cb
2fc1
1902
8333
54cb
7a8b
a007
660b
f046
9d2c
62bc
5992
975d
92f9
5f89
68b8
0f78
8118
553e
76da
906f
7396
ffaf
414d
69b1
fa1b
6ebd
12bd
d031
b5a6
e6b8
5629
0638
9712
a1b5
f2ca
aba8
d890
4dd8
f7d6
e235
95ba
a32f
ae6f
4495
d17f
e181
c4ec
78ab
1108
c90e
4375
6f17
4f4c
b359
4aee
8389
8347
1174
5b41
35dd
0b41
479c
649b
7f6b
2e09
9054
30c4
eef2
3c16
d88f
7438
195d
7afd
4212
b147
398f
d94c
7301
1e00
fccf
d30b
0117
c4bd
7175
8463
aba1
cf89
5a2a
32e4
aa22
56e9
12ee
19b2
d568
2e1a
c87f
62f0
1cca
fcc9
6318
7540
a7cc
9b37
740e
a0a8
81ad
e09a
e643
fb7c
50cf
000c
d101
71de
d1f1
3c89
8078
03ba
99d1
4d3e
c676
d51c
22da
a3a4
14bd
d931
654d
457b
6548
4028
6754
092a
27c8
f62c
3f9f
f928
0656
7479
d06f
9dab
636d
c89b
3eaf
7934
a45f
3529
728f
8ada
29d3
9496
a597
c105
c096
4499
822b
a4e4
563d
91fd
d690
a7f4
8d7d
d095
7478
702e
8416
44fd
cf27
16e2
fd7b
f0d4
85bf
3cd7
c63c
4417
6733
1f78
9faa
bfa8
5b90
3c57
a641
c03d
9524
30f8
95c2
3936
a1f6
9628
949d
1734
1ce6
825e
b954
10e2
47fd
b81a
2305
b95b
6d22
998c
c173
de75
162b
4079
7ddb
34fa
4cde
6aed
af0f
1c07
1b82
f19d
4422
fc82
17ef
a791
c397
6cba
a88c
d296
b727
4891
6b76
8b08
2c9e
7b46
e149
7537
54ba
0631
6b85
8f19
8360
9130
6b40
c747
9495
1384
d233
be39
8951
9716
b030
d072
38e2
c308
c8cb
988e
129e
fe3e
a8a8
7880
079c
e099
422b
88f5
0b41
6bf0
cf6f
1876
9d4d
89e7
4307
dc79
3b68
5853
f85c
3daf
db3d
2665
8f54
171b
6ec3
0d0c
c42f
c024
0c91
7f74
1129
c6e7
36a5
cc37
9400
1435
fa2f
c7d4
4d3e
0303
e994
3ee8
b4ac
5a71
a06c
949a
2fb6
b25d
0a66
23a1
5afe
f025
e5ae
9155
5901
3eac
d79b
5a30
01bd
73cc
5d50
431a
2dab
9882
f116
a3de
7f33
fce4
8e62
68db
f8dd
e59c
1c0e
367d
ebcf
4f97
5f5f
dd71
9c83
15bf
7db1
c82f
8e6e
8116
cbb5
9b76
982b
11fc
8ad2
a516
a521
6f40
f883
b4e6
9950
14ff
2136
1260
aad6
4f91
1428
21d7
d95b
7bec
36ae
9cf4
2461
8a5b
462f
fa28
ffb7
6366
3fdf
282a
48ae
8b69
c569
b1e3
8dd6
96c9
df82
ea06
cfae
c380
67f1
abe6
b4af
9ad1
135f
0c2f
2ecb
337d
03f8
21d9
5cb6
c908
cb1c
5e4e
81d2
ff98
6210
8156
63bf
edba
0fff
d74f
64cf
8024
8a71
321c
a6d5
9456
1ff5
2e5f
2f21
46b8
89ac
07ab
2665
2c26
1515
bea4
69ff
ebb1
a0db
7058
2a4b
f406
d233
9519
19a9
a3ad
0788
0b18
4e33
5231
42bb
0e8d
a58b
d8fd
7179
9ce5
3c5b
2d4f
b307
79fd
cbce
6bd2
e69f
df84
ed41
ecd0
a236
b737
d0ab
eb70
fe3b
339b
0901
8c4f
fd7a
7363
d846
7dd3
2ce4
02b1
6135
4e26
01ae
a7a2
c362
cf47
9e62
830d
6573
5b04
1744
baf7
0d31
569d
5d63
3c28
4431
26b2
7052
1175
9e10
cc17
5989
7f1b
5a14
960b
1c19
33dc
c6ce
0397
6c90
0015
5ad5
176d
8fd0
b6e4
5488
500b
c5df
ca4b
e533
d418
048c
434a
a3d8
c1c9
07be
7486
d4bc
3d4a
5793
99c5
108c
91b8
6ddd
bba0
1e0b
1736
bdb2
8e60
1ff0
9dbf
2fea
2376
b99c
38c8
565e
17ff
257d
bad0
4535
f9bd
dcbf
2b2e
7b8f
fd56
afc3
f562
86c4
19cf
ea30
40ad
2c3c
daf4
a3ea
3283
6ed2
99ec
5451
9046
0cec
6830
9bb9
2525
b5bd
3ab4
dae0
1880
ed12
4b98
08e8
3dee
bd05
cb40
e224
32a7
3f37
dc6f
dbeb
89e2
b090
7103
9478
4628
d575
a74c
223f
39a6
8fe9
c90e
d70e
53aa
df50
7928
f312
3828
fdd7
0df9
b239
64b7
8762
af20
dd8c
f281
a0e0
a10c
9acf
ed4b
f39a
f021
019b
6e39
5702
365a
d4c3
6920
e8ae
3304
349c
f3ef
cad9
a3e0
a762
cb26
043f
c983
b293
97a6
bbd7
a30a
f7e6
9b23
60c7
eefd
0474
1adb
de6a
182f
f480
f018
d3dd
d872
5f20
186e
9c6c
266f
06ca
a5a0
e684
4fbd
bba0
a266
d777
6d84
4f79
c6ae
9b49
bde0
7b52
8d6e
4a66
50cc
7c45
c1c4
06db
aca2
41a4
edc1
b792
73e4
910e
63a0
42d9
6776
4178
7886
6203
0580
2c95
9728
926b
bd47
d230
1d84
70c3
7d2b
9e3f
523d
3eea
9746
6489
1437
a97e
1606
ebe6
90e3
b64a
f48d
74f5
843a
16d9
c5e5
3e28
bf26
a07b
b7e3
a554
5e6b
a271
0207
6f29
7ca7
d1da
f247
56e1
fdad
eb1b
a8a7
5a9c
b416
7fc7
04f1
80b7
170c
2cdd
7239
62cc
782c
b072
5021
5c32
60e0
5838
dd3e
aa9a
d1a0
aff4
ff4b
5df4
0456
b240
4f63
da36
e95c
f27a
8f61
6b4d
5cc6
eec7
8f21
ac3a
7462
1681
0a41
26e5
cb3c
4d2b
8723
359d
7987
6830
fd6b
1ad5
73c9
4080
3312
68b8
96b3
ffa0
40d0
dce5
a0a3
1b96
a723
33b4
7298
301d
8d9f
4494
e1a5
9125
ad48
52d1
a282
e623
ebcc
3148
528d
4d7d
dd26
7816
fa70
c750
c73a
9a26
a9f0
188b
b12f
4ee7
d5ef
015d
9186
6173
128c
92ba
df73
8467
f714
765e
ba6b
7a5c
c72f
4bc3
68bf
d91c
5cac
d64b
cd7f
ad08
6a26
9d9b
1e2c
7b65
0e4d
6546
cd57
abef
c583
7596
b128
9db8
196c
209c
5b90
0673
e0f0
8d30
f88d
0ba0
93a5
9a4b
a324
a31d
4053
9f52
c3c4
9a02
6845
378b
e955
8397
32cb
a7ca
fa70
1abc
59da
8393
6b6a
c0be
75c7
0460
846e
ec3c
7cf0
d7f9
08b1
a950
fca3
aa4c
573a
557a
3b8a
e329
e9a3
1d79
254b
7acc
f6d2
ddbf
25e2
94f6
5f64
1945
5d41
a883
54a1
1056
f687
3496
cf61
9102
75f9
be6a
7e5b
ff8d
d788
df91
d936
5d51
038c
cdd8
97dc
0baf
75be
43ac
469c
7294
7391
2fd1
5259
be8c
7b2f
68d9
4807
5d6b
0999
080a
febb
ec5a
49cc
3bf2
3040
e3dd
1b15
c2a3
9a15
67b9
faec
546f
f566
7571
2fc3
835e
d279
ab81
8cde
4a41
674e
07a4
b33f
f023
54de
4b6f
651f
b77f
ad31
4104
c010
a72c
fa58
37ec
14e8
1a1c
77f6
9a5e
e36f
8010
0713
6aa4
be50
d4ad
8694
32e4
2342
028a
85da
1ee1
6981
83a7
0c35
6f79
4265
0cf0
f903
b99c
79e7
c2a4
c902
11c9
99a0
af74
34d9
614e
8a77
dbd8
13fb
2c2f
90ea
ea3d
64ed
429d
c650
55b9
8a24
b5bc
8c5a
4fde
955d
93ae
925c
a80f
22b0
3147
e3b8
5ba7
caf0
8017
cfd1
498f
0306
20b7
7bf7
8374
5beb
6014
cdf2
30ba
447d
85a4
f961
23e3
6619
2883
06ea
4e2f
0360
129a
1849
5879
014f
1d96
19bf
57f0
5f41
2d0a
ae00
028e
29a3
451c
5ec5
b611
e5e1
04a6
5280
7f3c
bb63
a9cd
6d18
3099
d461
5835
41e9
3419
1526
f06d
3fe8
2b6d
0eab
4290
d0d4
24bf
934f
e2f5
2a3c
74be
4216
41c1
0d30
96a3
f05e
ef09
2f91
73e7
f479
23aa
bd62
0470
08c5
d5f2
31d6
c5fa
db93
2772
7e49
84cc
c0a6
0d36
7e4c
c61e
3514
f7d3
7865
6539
cfe8
0b28
9653
72b5
d6a3
4556
96df
80cc
0016
2889
14f5
c042
9572
e62f
c428
af45
d77d
1054
fc18
2678
4dc9
f836
916a
3035
eaef
be4d
4aab
9fcc
d4bd
daba
31c0
964e
0e66
0ffb
24e2
4814
5173
46fd
368c
820c
af80
e8a9
eecc
b416
5fac
b6b7
b798
24a4
c76e
4825
0001
0004
0030
0002
ffff
ffff
ffff
0101
0100
0001
ff00
0002
00ff
0004
0001
0030
0008
0064
0030
0001
0001
ffff
0008
7fff
0064
00ff
8000
0004
0100
0040
0008
8000
0060
0002
0100
8000
ff00
0064
ffff
ff00
0004
fffe
8000
0004
0101
8000
ff00
ffff
ff01
0004
0008
0060
ffff
012c
ffff
00ff
0004
012c
0038
0064
0010
7fff
0038
00ff
ffff
0030
0064
0008
ff00
ffff
00ff
0001
0028
0002
0010
0030
0100
0100
ffff
0010
00ff
0101
0030
0004
012c
0101
0038
0100
012c
0060
ff00
ff01
0030
0040
012c
012c
7fff
7fff
0100
fffe
8000
0038
ffff
0010
0004
0002
0001
0040
0001
0101
0060
0004
0001
8000
fffe
0100
0064
0100
ffff
ff00
0040
012c
0064
00ff
7fff
7fff
0008
0038
0028
0008
0001
ffff
8000
0028
0010
ff00
0040
0038
0038
0004
0028
0004
0060
0030
0064
ffff
0064
fffe
0100
0064
0064
0002
012c
0060
0010
0008
0002
0101
0040
0101
0001
ff00
0040
0010
0010
ffff
0100
7fff
8000
8000
0002
0004
0038
ff00
ffff
0040
0002
ffff
012c
0010
0101
8000
fffe
ff00
012c
0002
fffe
0030
fffe
ffff
ff01
0028
0002
0038
ffff
fffe
7fff
0100
0002
0100
0002
0010
0038
012c
fffe
0028
0064
0100
0030
0004
0008
0004
0002
0101
ff00
012c
ff01
0028
0040
0040
0028
0030
ff00
0030
0064
012c
fffe
0038
0028
ffff
7fff
0004
fffe
0038
0010
0038
0100
0101
0002
0008
8000
0004
0008
ff00
ff01
ff01
0040
0028
0028
0100
ff00
ff01
0038
ff01
0101
0040
0030
0060
0004
0038
0040
0060
8000
8000
0060
7fff
0008
0038
fffe
fffe
0101
0028
0028
8000
0064
0030
0064
0101
fffe
0064
0002
7fff
0008
0064
0100
fffe
0060
7fff
0001
0040
0028
ff01
ff00
0064
0040
0060
0038
0010
00ff
ff01
0064
0060
fffe
7fff
fffe
7fff
0010
012c
0004
0038
0002
ff00
ffff
0028
0060
0028
0100
ff01
0060
0040
0028
0040
0064
ff00
0038
0002
0100
0008
0100
0004
0030
0030
0010
012c
ff01
0040
0002
ff01
012c
fffe
7fff
fffe
0002
0004
0001
0064
0010
012c
8000
0060
0004
0010
012c
7fff
0008
8000
fffe
0030
0101
ff01
0040
ff00
fffe
0101
ff01
0060
00ff
0060
0100
7fff
0101
0040
0100
0101
0030
0040
0030
0038
0002
0028
0010
0100
0038
012c
00ff
ff01
0004
012c
0008
0002
012c
00ff
0028
7fff
00ff
0002
00ff
00ff
00ff
0001
0060
ff01
0038
0100
0002
00ff
0010
0060
0004
0101
00ff
0010
0038
00ff
ffff
0028
00ff
00ff
ff00
ffff
7fff
ffff
0010
0008
0001
0101
0002
0004
0101
00ff
fffe
0028
0001
0101
0030
ff01
0002
0004
0101
0001
0008
0028
fffe
012c
0001
fffe
0040
0100
0100
0060
0001
0038
8000
0040
0038
0101
fffe
ff01
ff00
0030
0001
7fff
0002
0028
0100
0028
0010
ff01
0064
fffe
7fff
0038
012c
ff01
ff01
fffe
0060
0028
0100
0008
0001
0002
0040
0060
8000
0028
0004
012c
0010
0040
fffe
0038
0028
0060
0001
0001
ff01
0028
012c
7fff
0064
fffe
0064
ff01
ffff
0100
0101
0010
0038
8000
012c
00ff
0001
8000
0100
ff00
8000
7fff
0030
012c
0060
0028
0010
0008
ff00
0060
0028
0002
0004
ff01
0008
0101
00ff
0100
0001
0001
ff00
012c
0038
00ff
fffe
ff00
0002
0001
0101
0064
fffe
0038
8000
0038
0001
ffff
0004
0060
0040
0038
0030
0040
0030
012c
0028
7fff
ffff
0101
0030
ff00
7fff
0028
0002
0028
ff00
0002
00ff
012c
00ff
0010
0101
0040
fffe
0028
0008
0004
0038
0002
0101
0100
ff01
0064
7fff
ffff
0060
8000
0004
0001
7fff
0030
0002
012c
7fff
0060
ff00
ff01
0030
0040
0030
8000
012c
8000
ff01
0028
0010
0101
7fff
0100
ffff
0060
0064
0030
00ff
0001
0100
0040
0001
ff01
0040
fffe
7fff
0064
0028
0002
0101
7fff
0038
ffff
ffff
0010
0008
0028
0101
0008
0004
0038
8000
0040
0100
012c
00ff
0060
0030
0060
8000
0010
fffe
0064
0004
0002
0100
0100
ff00
0030
0002
0030
0030
0004
8000
0038
0100
0040
0060
ff00
0038
0100
0004
012c
0101
0038
0001
0004
0004
0060
0004
7fff
0002
8000
00ff
8000
00ff
0001
fffe
0060
00ff
ff01
0030
0004
ff00
7fff
0002
0030
7fff
ff01
012c
0001
0002
0040
0040
0038
0040
0100
8000
0038
0064
0040
ff01
012c
0040
ff00
0030
0100
ff01
0002
ff01
0028
0001
0060
ff00
0101
0100
7fff
ff01
0010
7fff
0010
0001
ffff
0064
0064
0064
0101
0028
fffe
ff01
0028
0038
0008
ffff
0028
7fff
0001
00ff
0040
0100
0001
ff01
0030
0028
0004
00ff
0010
0028
0101
0008
fffe
ff01
0008
8000
0064
ff01
012c
0030
012c
8000
012c
0008
0064
ff01
0100
0060
fffe
fffe
0008
fffe
0004
0002
0030
00ff
0101
0008
0002
0008
0030
7fff
0064
0038
0028
0002
fffe
ff00
012c
ffff
7fff
012c
0008
7fff
00ff
0010
0004
012c
ff00
00ff
ff01
0030
ff00
0064
0101
0010
0060
0001
012c
0038
0038
7fff
0008
0038
0028
0001
0008
0010
0038
0040
0038
0028
0100
0002
fffe
0064
0001
0038
0038
7fff
0038
0101
0030
ff00
0001
fffe
ffff
0001
0028
0002
0030
ff01
00ff
0002
0010
0064
0040
0002
0101
0001
fffe
0004
0004
fffe
0060
0002
fffe
0038
0028
0002
ffff
012c
0002
fffe
0064
ff00
012c
0038
0028
ffff
ff00
0101
8000
0010
ffff
0028
0001
0040
7fff
00ff
8000
7fff
ffff
0100
0100
8000
0030
0030
0030
0004
7fff
0064
0001
ffff
0001
012c
0060
0030
0040
0004
0100
0008
0010
ff00
012c
8000
00ff
7fff
0038
0100
0060
8000
0004
0038
0028
ffff
0028
0028
0004
7fff
0040
fffe
ff01
8000
0010
7fff
7fff
ff01
0002
ff01
0002
fffe
ff01
0028
7fff
0100
0001
012c
00ff
0001
0002
0060
012c
0030
7fff
ff00
0064
0100
fffe
ffff
0064
0038
0010
0002
0008
0028
0008
0101
0008
7fff
012c
0004
012c
0040
00ff
0064
0060
0028
0004
ffff
0004
00ff
7fff
ff01
0030
0101
ff00
0060
0038
0038
0004
0004
0060
0060
0002
7fff
0100
0008
ffff
0100
0030
0001
ff01
00ff
0040
0002
0060
012c
0038
0004
012c
ff01
0001
0028
0002
0028
0100
8000
0008
0060
ffff
0101
7fff
0100
0002
012c
0040
0002
0064
0100
0064
ff01
0030
0060
00ff
0030
0010
0030
0101
0008
7fff
0101
ff00
0010
0010
0038
0064
0028
ffff
0101
7fff
0030
ff01
7fff
0004
0001
0030
0038
7fff
0064
0101
ffff
ffff
0008
0008
0038
0060
fffe
0008
fffe
0064
0028
0008
0028
0002
0028
0004
0008
7fff
0100
0030
0008
0064
7fff
0004
0001
00ff
fffe
0100
0004
ff01
0060
00ff
0004
ff00
0008
0100
8000
0101
0038
0064
0060
fffe
0040
0040
0008
ffff
ff00
0008
0028
8000
ffff
ffff
0038
fffe
0060
0040
7fff
012c
8000
7fff
0101
0008
0030
0010
0010
ff01
0030
0028
0030
0040
0001
7fff
7fff
0001
ffff
fffe
0060
012c
0038
0008
0001
ff00
012c
0010
0004
0028
0100
0001
ff00
0038
fffe
012c
0008
0030
0064
8000
0064
012c
0060
0030
0038
0001
0002
0100
012c
7fff
0004
0001
0028
ffff
8000
0004
8000
7fff
ff00
0100
7fff
0101
0002
0038
012c
8000
0004
0002
0100
0004
ff00
fffe
fffe
0010
00ff
0040
0010
fffe
0101
0030
ff01
0001
0004
0008
0030
0002
0008
00ff
012c
7fff
0001
0100
0100
fffe
0030
7fff
0001
0101
fffe
7fff
0008
00ff
0064
0100
0030
7fff
0004
00ff
ffff
ffff
0064
7fff
0100
0100
0064
fffe
8000
0030
0101
ff01
0004
ff01
0008
0010
0030
012c
ff00
0030
0100
00ff
0028
0004
ff00
0008
0100
ff01
0008
0030
0030
0001
0010
fffe
0038
8000
0002
0008
0004
0060
0004
ffff
0064
0060
ff00
ff01
7fff
ff00
ff01
0038
ffff
0002
8000
0100
0010
0040
7fff
0008
0030
0028
0064
7fff
ff01
0001
0004
ffff
0100
fffe
ff01
00ff
ffff
ffff
fffe
ff00
0040
ff00
0028
00ff
0060
0030
0038
ff00
ff01
0030
ffff
7fff
0002
fffe
ff01
0010
0101
0100
0028
0030
0008
0001
ff01
0002
0008
0004
0004
012c
0002
fffe
0060
0004
0038
8000
8000
0064
0060
ff01
0028
ffff
0101
0040
ffff
0010
0004
0030
0001
012c
0101
012c
8000
0101
0028
00ff
0028
ff00
7fff
0004
0101
ff00
0038
fffe
0030
0010
0010
00ff
0028
0100
8000
7fff
0008
0064
00ff
012c
0038
0060
0038
012c
fffe
fffe
0038
fffe
012c
0004
0004
012c
0101
0100
8000
0040
0038
8000
0040
0060
0008
0008
ffff
0101
0028
8000
0028
0010
0040
0028
ff00
fffe
0101
0001
0064
ff01
0060
0030
0004
0004
0101
00ff
0002
8000
0030
0040
0100
ffff
012c
0004
0004
0101
0001
7fff
0100
7fff
ff00
0040
0008
0101
0004
0010
00ff
0001
0001
0028
0002
0100
0030
0001
ff01
ff01
012c
ff01
7fff
0028
8000
0010
0001
0001
8000
0060
7fff
ff00
0064
012c
8000
00ff
0008
0001
0060
0064
00ff
ffff
0004
0101
7fff
0038
0010
0004
fffe
0008
0010
8000
8000
0038
0010
ffff
0100
7fff
00ff
ff00
0028
0030
0060
0001
0028
7fff
0064
ff00
0001
012c
0001
ff00
8000
0040
ff01
0101
00ff
0002
0001
8000
00ff
0008
0030
0001
0101
0028
012c
fffe
012c
7fff
0038
0064
0010
0030
0001
ffff
00ff
0010
0040
0004
8000
0004
0100
012c
7fff
0010
0028
fffe
0002
0030
ffff
ff00
8000
0040
ff01
0001
0001
ffff
0101
012c
0008
0004
ff00
0008
7fff
0002
0001
0030
0100
0010
0004
0010
0002
7fff
012c
00ff
0004
ff00
0100
0040
0100
8000
00ff
8000
0038
0038
0100
0038
ff00
0004
fffe
0064
0030
0028
ffff
0040
0008
0001
0001
0101
012c
7fff
0001
012c
0001
0040
ff01
0038
0028
0101
0030
0002
00ff
ff01
0100
0008
ff01
fffe
0028
0004
0001
0040
0038
00ff
0030
00ff
0038
0101
0001
0028
ff00
00ff
00ff
0010
8000
0060
0030
0064
0002
0101
0064
ff00
0100
8000
0064
ffff
0028
ffff
012c
8000
ff01
7fff
ff00
0001
00ff
0040
0028
0060
8000
0002
8000
0064
ff01
0008
0004
ff00
0001
8000
00ff
0040
0001
0040
0002
0004
0100
00ff
ffff
0060
00ff
0040
0060
0001
ff00
ffff
fffe
0004
0030
0060
0040
0004
0001
0060
0010
0060
00ff
0064
8000
0008
0064
0030
8000
8000
0001
0010
8000
fffe
0030
0008
0008
0028
ff01
0002
0101
0008
0100
0002
7fff
012c
0001
0008
00ff
0030
0008
0101
fffe
0004
ff01
0038
0010
ffff
ff01
0030
7fff
0101
fffe
0008
0008
ff00
ffff
012c
0101
0004
7fff
0008
0060
00ff
0064
0060
0010
0002
7fff
0100
ff01
7fff
fffe
0004
0038
ff00
fffe
0030
0060
fffe
0038
0100
ff00
0008
0001
00ff
0004
0004
fffe
0004
7fff
0064
0028
fffe
0030
00ff
0064
0002
0004
0040
7fff
0002
7fff
0004
ff00
0038
0004
0010
0008
0010
0001
0100
0004
ff00
0001
ff00
0002
8000
0010
0040
0008
0101
7fff
7fff
0040
0040
0004
0004
ffff
0028
ff00
0008
7fff
0004
0038
0030
0002
7fff
0008
0100
0101
00ff
0028
0038
0038
0010
ff01
0028
0002
0101
0040
ff01
0038
ff00
0040
0060
0030
0038
0060
0060
012c
0038
0101
ff00
fffe
7fff
0038
ff01
0060
8000
0001
ff00
ff01
ff01
0008
012c
8000
0064
8000
0004
0010
0064
0040
ffff
ffff
00ff
0004
0100
8000
0060
00ff
0028
0101
0040
0002
012c
ffff
0004
0101
0004
0060
ff00
012c
0040
00ff
8000
0002
0101
0060
0100
8000
ffff
0100
0040
0030
0101
0028
0038
8000
0028
fffe
ff01
7fff
0004
0064
0101
0064
0040
0100
ff01
0010
00ff
0028
0008
ff00
ffff
0002
8000
ffff
0064
00ff
fffe
0028
ff00
0060
8000
ff00
0002
0008
0008
0002
012c
0001
0040
0008
0028
0001
0064
0001
0100
0030
0100
00ff
7fff
0002
0038
ff00
0040
ff00
0028
0100
0060
0030
0060
7fff
0001
0028
fffe
0028
0004
0060
0038
ffff
0010
8000
0101
8000
0100
0028
0004
0002
7fff
0008
0030
ff00
fffe
012c
0040
0004
0008
0060
0004
0064
00ff
0060
ff00
0028
0040
0002
0060
ff01
0064
0060
0008
7fff
00ff
0010
012c
0100
0004
0010
0100
012c
0010
0040
ff01
8000
ff00
0010
0040
00ff
0030
0040
ff00
7fff
0100
0030
ff01
0038
ff01
8000
0064
0010
0040
0038
fffe
0064
0004
0010
0064
0060
0064
0101
7fff
8000
ff01
ff00
0100
0008
fffe
0001
012c
0002
012c
0101
00ff
0002
7fff
0100
0008
0002
0030
0028
0030
0100
012c
0064
0038
8000
8000
0038
012c
0010
0001
7fff
0002
0030
0060
ff00
0028
0064
0040
fffe
0001
00ff
0008
0001
ff00
0040
0008
0008
8000
0100
0060
fffe
8000
ff01
0001
8000
0064
00ff
0101
7fff
0101
0030
ffff
8000
ff00
fffe
0002
0064
0100
0060
ff01
0040
fffe
0004
0101
7fff
0100
0001
012c
0064
8000
8000
00ff
ff01
8000
0064
0064
0010
0004
0101
7fff
0101
ff00
0008
8000
0004
0038
0030
0060
0010
0101
ff00
0010
0028
0010
0030
0100
0002
0038
0001
0060
00ff
0101
0028
7fff
012c
0100
0008
0004
7fff
0028
0100
ff00
0064
0040
0001
0028
0040
012c
0101
0001
0101
0001
fffe
0060
00ff
0038
0008
0004
0010
ff00
ffff
0038
0010
ffff
0101
0060
ffff
ffff
ff01
0060
0100
0064
0028
8000
0038
0100
0060
0100
0004
0028
ffff
0040
7fff
012c
0064
0064
0040
0030
0028
0010
0064
0030
ff00
0060
ff00
ff00
012c
0002
0060
ff01
0028
0040
012c
0038
0030
fffe
0001
00ff
ff00
0101
8000
ffff
012c
0040
ffff
012c
8000
0028
0060
0002
8000
0002
0101
7fff
fffe
0064
0100
7fff
0001
fffe
8000
ff00
0002
0008
0038
0010
fffe
012c
00ff
fffe
0101
0040
7fff
7fff
0060
0040
0040
0040
0008
0038
fffe
0001
8000
ff00
0064
7fff
ff00
0038
fffe
00ff
0064
fffe
0038
0001
0002
ff00
0038
0004
0064
0002
0064
ff00
7fff
0008
0101
ff00
0008
00ff
0028
0001
7fff
0004
ff01
0010
fffe
ff00
012c
00ff
7fff
ff01
0004
0060
00ff
0060
0101
8000
0028
00ff
0101
0002
0030
0038
0040
0028
0101
fffe
ff00
8000
7fff
00ff
0064
0101
0008
0002
0038
0060
ff01
0030
012c
ff01
00ff
0028
0101
0028
ffff
8000
ffff
0040
ff00
0040
0040
0101
0038
0040
0001
0100
0028
fffe
ff00
0004
0004
00ff
00ff
0030
012c
0038
0010
0030
7fff
0064
0030
7fff
ffff
0030
0004
8000
0002
0100
0064
8000
ff01
0008
0040
0060
0002
0101
0064
0004
fffe
8000
ff01
00ff
ffff
ff01
0101
0100
0001
0040
0064
0010
0001
0030
ff01
0028
ffff
ff00
00ff
ff01
0002
ffff
ff01
0002
0064
ff01
012c
ff00
0030
ffff
ff01
0064
0010
7fff
0060
ffff
0038
ff01
0064
ff01
0004
0060
fffe
0004
0008
8000
0060
0008
0101
7fff
0064
fffe
0008
0001
012c
0028
0060
ff00
0008
0064
012c
0002
012c
0004
0008
8000
ff01
0008
8000
0008
0100
0100
00ff
0100
ff01
0001
0101
0100
0038
7fff
0002
fffe
fffe
0008
0038
0100
0101
7fff
0100
ff00
0040
0038
ff00
ff01
0004
0060
8000
ff00
0030
0060
0101
0010
ff01
0100
8000
fffe
0038
0100
0008
0040
012c
0060
00ff
0100
00ff
ffff
ff01
ff01
0040
0060
0100
0028
0060
fffe
0064
0040
0028
8000
ff01
0004
00ff
8000
012c
8000
0100
0038
00ff
0038
0002
0004
0100
00ff
0008
012c
fffe
0060
012c
0010
0001
0001
0064
0101
fffe
0100
0060
0064
7fff
0100
0038
8000
0064
0101
ff00
ff00
fffe
0008
0101
0030
0028
0010
0040
0001
012c
8000
0028
0028
0040
0064
fffe
7fff
0030
0008
0060
0004
0101
0101
0002
012c
0008
0001
012c
0001
ff00
0028
ff01
0060
0030
0060
0004
00ff
0028
0101
fffe
0040
ff01
00ff
0064
8000
ff01
0101
0001
ff01
fffe
0001
0101
00ff
fffe
7fff
0040
7fff
0100
0064
0004
ff01
012c
0101
0040
7fff
ffff
8000
0004
0038
ff01
ffff
7fff
0004
ffff
ff01
fffe
0028
8000
0060
0040
fffe
0060
0008
0008
ff00
0001
0064
0060
00ff
0038
0028
00ff
ff01
012c
0028
0010
0040
0030
8000
00ff
0004
0040
ffff
00ff
0004
fffe
ff01
0002
0100
0064
0002
0001
0064
012c
0030
0101
0064
0038
00ff
0008
7fff
8000
0040
0030
0004
0010
fffe
0040
0010
8000
0060
8000
0002
0008
0002
ff00
7fff
0008
0004
0040
0064
0064
ff00
0010
0028
0030
ffff
0028
0030
0010
0004
0001
012c
00ff
0064
8000
8000
0040
0001
ff00
0101
00ff
0040
0008
0004
0101
fffe
7fff
0040
0002
8000
0100
0060
0010
0038
0002
0030
ff00
0064
0001
0002
ffff
00ff
0040
fffe
0038
7fff
ffff
0100
0010
ff00
fffe
0010
0030
00ff
0060
012c
0060
0060
0028
ff00
0040
00ff
0100
00ff
00ff
0008
0002
ff00
ff01
0004
0010
ff00
ff00
8000
0040
ffff
0002
fffe
0004
0028
0040
0004
0064
0060
0038
0002
0064
ff01
ffff
7fff
0101
0001
0010
0010
0028
00ff
0002
0101
ff00
0101
0008
0010
8000
0038
0040
0002
0001
0100
0002
0010
ff00
ff01
0101
0030
ff00
0030
0038
0064
7fff
0040
8000
0101
8000
0100
0004
0064
fffe
0002
0101
8000
00ff
8000
012c
0030
ff00
0030
7fff
0040
0030
ffff
0038
0008
0004
8000
ff01
0010
fffe
ff00
0101
0064
0030
0004
0064
0001
0002
8000
7fff
00ff
ffff
7fff
0040
00ff
0004
0064
0010
0101
0001
ff00
fffe
7fff
0002
0030
0060
0001
0004
0004
0038
00ff
0004
0002
0038
ff01
ff01
0038
0008
0060
0040
ffff
0008
0060
0040
0008
00ff
ff00
ff01
0010
0101
0030
0100
ff00
012c
0008
0010
8000
0001
7fff
0060
7fff
0060
012c
0064
ff01
0002
0004
0004
0040
0040
0038
0002
0002
0040
0001
0100
0010
0060
0002
0004
8000
0001
0002
0001
ff00
012c
ff01
0001
8000
8000
0002
fffe
0028
7fff
0101
0040
0040
0028
0101
ff01
0004
fffe
0040
fffe
012c
00ff
0060
0002
0001
0040
00ff
0064
0040
0010
0040
7fff
ffff
0038
0002
0100
0001
fffe
00ff
ff00
8000
ff01
0060
0001
ff01
0064
fffe
ffff
7fff
0028
0040
0002
fffe
7fff
fffe
ff00
ff01
ff01
0100
012c
0004
ff00
0040
0008
0100
7fff
0101
fffe
0100
0001
0038
0028
0040
0030
0064
0004
ff01
0060
ff01
0060
00ff
0030
0100
0028
fffe
0002
0038
0040
ff00
0008
8000
ff00
0030
00ff
0060
fffe
0002
0030
0060
ffff
0030
0060
0010
ff00
0101
0064
0010
0001
012c
7fff
012c
0010
0064
0010
012c
ff01
00ff
ff01
0001
0008
7fff
0002
00ff
00ff
fffe
0004
7fff
0100
ff01
0008
0004
0001
0001
0101
fffe
0004
0040
0064
ff01
012c
0030
0040
0010
0064
ff00
ff00
0038
0064
0064
0008
0001
00ff
0064
0060
0101
0030
ff01
0028
0100
0038
0100
0064
0004
00ff
012c
0064
fffe
0101
0002
0101
0060
0101
0101
ff00
0064
ffff
fffe
0030
0028
0100
012c
0001
0004
8000
ff00
0001
0100
7fff
0064
0008
0001
0100
0101
ffff
0030
012c
00ff
0004
0010
0100
012c
0004
0028
7fff
ffff
0002
0002
0064
7fff
ff00
0028
0038
ff00
012c
0040
012c
ff00
ffff
0100
0010
0028
0030
fffe
0001
0030
0002
7fff
0060
0028
0030
ff00
7fff
0002
0028
0040
ff00
0101
012c
0100
0028
ff00
0001
0064
fffe
0008
0030
ff00
0004
0064
0030
0100
0060
0001
0008
0064
0030
ffff
012c
0060
0100
0002
012c
ffff
ff01
7fff
0064
0001
0060
00ff
ff01
ffff
0028
0001
fffe
012c
ff01
0101
0010
8000
0060
ff01
fffe
ff00
8000
0101
ffff
fffe
0001
ffff
0004
0010
012c
8000
ffff
0010
0100
ff01
0004
0010
0002
0001
0101
ff01
00ff
0028
0040
00ff
0100
0040
0100
0040
0008
7fff
00ff
012c
0101
0008
012c
0038
8000
012c
7fff
7fff
7fff
ff01
0038
00ff
0002
7fff
0040
ff01
0060
ff01
0008
0060
0060
fffe
0100
0101
0002
8000
0028
ff00
00ff
0030
0004
ff01
ffff
0060
0004
7fff
ffff
fffe
ff00
0002
fffe
0010
012c
0064
0002
0100
8000
0030
0010
00ff
0064
0028
0030
ffff
0028
ff00
0040
0004
0038
0004
fffe
0064
0030
0064
0002
ffff
012c
ffff
0002
0001
fffe
0008
0040
ffff
0002
0040
ff01
0004
0001
012c
0010
0008
7fff
0060
0064
0101
0101
012c
7fff
0064
0060
0010
0060
0001
0010
0010
0008
012c
0040
012c
012c
0030
0038
8000
0008
0001
7fff
8000
0100
0002
0030
0028
0060
0004
0060
0008
012c
012c
ff01
0028
0004
ff00
0010
fffe
fffe
0060
7fff
0002
0060
0010
0100
0101
0030
0010
fffe
7fff
0001
8000
012c
0001
7fff
0010
fffe
0101
0010
00ff
012c
0008
0064
ff00
0030
ffff
0101
0030
0101
012c
0040
0001
0010
0004
0100
0008
8000
0040
7fff
0040
0100
7fff
7fff
0100
ff00
ff01
0001
ff01
0004
0028
0040
8000
0004
8000
0064
ff00
0038
fffe
0001
fffe
0064
0101
0010
fffe
0064
0028
0100
0008
fffe
ff01
0060
ff01
0010
ff00
ffff
8000
0038
0008
ffff
00ff
0008
ff00
0002
0038
0064
0030
ffff
012c
0004
0002
8000
8000
0028
ff01
fffe
8000
0002
0060
012c
ffff
0060
0002
0038
0101
0064
8000
fffe
00ff
0101
0001
7fff
0028
0008
ff00
0060
ff01
0101
0010
0001
ff00
0040
0030
ffff
0001
0010
0100
0001
8000
0010
0001
0008
0101
7fff
8000
00ff
0100
ff01
0004
0010
00ff
0001
0101
0064
0040
fffe
0030
ff00
00ff
012c
012c
0100
ffff
0008
00ff
0010
0060
0002
0008
0040
0064
0008
0040
0100
8000
0060
0100
7fff
0040
0064
0002
8000
ff01
7fff
ffff
0064
0004
0038
0038
0002
0038
0004
0010
8000
0028
0008
0004
0001
0004
ff00
0038
0101
7fff
ff00
0101
ff01
0002
0101
0010
0008
0040
7fff
0100
0002
0101
0030
0100
0038
0040
00ff
0010
ff00
0001
8000
0040
0028
fffe
0002
0008
0100
ff01
8000
0001
0064
0002
012c
8000
0028
0008
00ff
ffff
0060
ff01
0060
8000
0001
012c
0010
ff01
0001
0100
0064
0101
0038
0060
0100
0001
0008
0064
0010
0002
8000
ff00
0002
0008
00ff
ff01
0038
0030
0002
fffe
0060
0101
0028
012c
0001
0060
0060
0101
0100
fffe
7fff
ff00
fffe
012c
fffe
0038
0060
8000
0008
0060
012c
0028
ff01
00ff
0030
0064
8000
0002
0002
0060
0060
0064
0038
012c
0030
0028
0010
0010
0030
ff00
0004
0030
0060
fffe
ff01
0004
00ff
fffe
ffff
0038
0001
fffe
ffff
0064
0028
0010
0001
ffff
ff00
0002
8000
8000
0028
0101
0038
012c
ff00
0001
0030
0101
0101
ff01
0001
0060
0100
0010
0010
0101
8000
0001
0008
0004
012c
ff01
8000
0100
0101
0008
0040
0010
0004
0064
0010
0002
8000
0002
ffff
0038
ffff
0060
0064
ffff
0002
0040
0064
012c
0001
0001
0001
012c
0064
0004
ff01
0100
0004
0002
ff01
0064
0040
ff01
0038
7fff
0008
7fff
0004
ffff
0101
012c
0004
ff00
ffff
0030
0001
0002
7fff
0064
0038
0030
fffe
0010
0008
ff01
00ff
ffff
0060
0001
0100
8000
0002
0010
012c
0030
7fff
0010
0064
0028
0060
0004
012c
0004
0002
0101
0100
0030
0028
0101
ff01
0064
012c
ff00
0004
0030
0030
0030
0060
0010
0008
0038
0040
0010
ff00
0010
ffff
0101
0002
8000
8000
0060
0038
0040
0038
00ff
ffff
fffe
ffff
ff00
0060
ff00
0001
ffff
0010
0101
7fff
0101
012c
0010
0030
0002
0040
0030
0001
0064
0040
0028
0030
0028
0010
0038
0101
0038
0101
0064
00ff
ff01
ffff
0038
012c
0001
012c
00ff
0100
0101
ff01
0028
0001
0101
ff01
0004
0060
0002
0001
0040
0004
0040
0002
0004
ff01
7fff
ff01
0101
012c
fffe
0060
00ff
0038
ff00
0001
fffe
ff01
8000
0002
0101
0010
0028
0004
0060
0010
0101
0040
012c
0030
0001
0001
00ff
0028
0002
0064
0040
0100
0101
0010
0008
fffe
8000
0004
00ff
0100
0002
0040
0002
0001
0040
0100
0040
8000
ff00
8000
0001
0060
0040
0060
fffe
0064
0008
0064
0060
0008
0030
0008
0002
ff00
ff00
0004
00ff
00ff
012c
0038
012c
ff00
0002
0040
0100
0040
0001
0001
0008
0001
7fff
0028
0100
fffe
8000
0101
0001
0001
7fff
8000
0008
0060
ff01
0064
0040
0030
0060
ff01
0101
0004
0002
0064
0001
0002
fffe
0030
0100
ff01
0001
0064
0004
0038
0038
0040
0004
0101
0064
0008
ff00
0004
0038
0064
0001
0008
0040
0100
0002
0064
0100
ff00
0040
0060
fffe
0010
7fff
ff00
0100
ff00
7fff
0010
0002
0040
0008
7fff
00ff
7fff
fffe
ff00
0040
0008
8000
0028
0030
ffff
fffe
0038
ff01
0040
012c
0008
0040
0101
0038
fffe
0028
0001
0004
0064
0002
0002
0038
0010
ff01
0038
0060
0004
0002
ffff
ff00
012c
00ff
0002
7fff
0064
0100
8000
012c
0040
fffe
0010
0038
0064
0038
00ff
0008
0008
8000
0028
00ff
0060
0004
0100
7fff
0060
7fff
fffe
0038
ff01
0100
0010
0028
0010
0004
0064
fffe
ff01
00ff
8000
7fff
00ff
00ff
0040
ff01
0038
0028
0101
ffff
0008
0040
0028
7fff
0100
ffff
0001
0004
ff00
0004
fffe
0040
0030
0101
8000
ff01
0101
0101
012c
0001
fffe
0040
0040
0028
0040
0008
0004
0060
0040
ffff
ff00
0060
fffe
0002
0038
ff00
0001
0008
0040
0064
0064
0028
ff01
0002
0101
0004
ff01
0010
ffff
0004
0040
ff01
0040
8000
012c
0028
0001
00ff
012c
0100
0001
0002
00ff
0001
7fff
ffff
ff01
0030
0008
0060
0001
0030
7fff
0028
ff01
ff01
0101
7fff
00ff
0064
0008
ff01
8000
7fff
0008
0100
0030
ff01
0008
0038
0010
0008
0030
ff00
0028
0028
fffe
0060
0010
0028
0101
0040
fffe
0004
fffe
0038
ff01
00ff
0101
0001
8000
0101
0030
ff01
0010
ff01
0038
fffe
ff01
7fff
00ff
0004
0040
0030
0030
0028
0038
ffff
00ff
0040
012c
0040
0010
0038
fffe
ff01
0001
0101
00ff
0030
00ff
0002
ffff
0001
0038
0101
0001
8000
8000
0001
0064
ffff
0038
8000
0004
ffff
0038
012c
0008
012c
0010
0002
ff00
0004
00ff
012c
0060
ff00
fffe
00ff
0030
0001
0038
0001
0064
0028
0030
7fff
0064
0004
0008
0040
ff01
7fff
8000
ff00
0030
0060
0010
00ff
0038
0001
ff01
0008
0100
0001
0001
0028
0100
0001
ff00
0004
0001
0100
0038
0100
0004
0010
0008
0028
fffe
0060
0064
0038
ff01
8000
ffff
0028
0101
0038
ff01
0004
ff01
0002
ff01
7fff
0008
0028
00ff
0038
8000
0101
0001
0002
0010
0004
012c
0038
0010
0100
0001
0038
ff00
8000
0060
0001
0038
0030
012c
012c
0004
ffff
0004
0064
012c
ffff
0060
0008
fffe
00ff
0001
012c
0064
0008
0100
0010
0001
0004
ffff
0101
7fff
0064
0002
fffe
0008
0064
0064
0010
fffe
0008
0040
0038
0010
fffe
0040
0030
ffff
0028
ff00
7fff
0004
0038
ff01
0008
ff01
0004
00ff
ff00
0010
0002
0064
0008
0100
0040
ffff
0002
0060
0060
ff01
0028
ff01
0040
0001
7fff
ff01
0101
0100
7fff
0060
0001
0028
0038
0060
ff01
0030
8000
0100
ff00
0002
0002
0040
ff01
0028
0002
0008
0101
ff01
0030
0001
0002
0060
ff00
fffe
ffff
0040
0001
012c
0030
ff01
0060
8000
0010
0064
8000
0004
0100
0028
ff01
8000
0004
fffe
0002
012c
0038
0101
8000
0040
0038
0038
0064
8000
0060
0001
0040
ffff
7fff
0002
0028
ff01
0028
0004
8000
0030
012c
0038
0100
0008
0008
7fff
8000
8000
0064
0002
0030
0028
0060
0040
0101
0030
0030
0040
0010
0002
fffe
0030
0060
0040
0064
0100
0008
7fff
0038
00ff
0038
012c
0028
0040
0010
ff01
8000
0064
ffff
0038
0038
0008
ff00
0060
0038
7fff
fffe
0040
0040
ff01
0100
0001
0101
0002
0040
0040
0101
ffff
fffe
ffff
0064
fffe
00ff
8000
0101
012c
0040
012c
0028
ff00
ffff
0030
0040
0028
0060
0064
ff01
0001
0101
00ff
0040
0002
0101
0060
0008
0064
ff00
0100
0064
ff00
0010
0028
0028
ff01
00ff
fffe
ff01
0030
ff00
0100
ff00
00ff
ff00
0040
0004
0002
0002
0100
0030
0002
8000
0030
8000
fffe
fffe
0001
0002
0008
7fff
0028
0028
0100
ff00
0060
0060
0010
0028
0100
0060
0038
0030
ffff
0001
ff00
00ff
0038
0100
8000
0100
0040
8000
ffff
8000
0100
ff01
7fff
0100
0001
fffe
7fff
0040
0038
8000
0002
0038
ffff
ffff
ff01
ff01
0040
fffe
00ff
012c
0064
0030
ff01
0001
0002
0028
0101
8000
012c
ff01
012c
0064
0101
8000
ff00
0064
0100
0064
0038
012c
0028
0004
00ff
8000
0040
7fff
0064
0010
00ff
0030
0101
012c
0100
8000
00ff
0040
0100
7fff
00ff
0038
0008
0028
ff00
0002
0030
0010
0010
0100
0004
0038
0040
0010
7fff
0028
0001
8000
0002
fffe
7fff
fffe
0004
0008
0030
012c
ff00
0002
00ff
0002
fffe
0100
0030
8000
0064
0060
ff00
0004
0010
0060
0004
0030
0010
7fff
00ff
0001
7fff
0028
0001
0100
0040
0064
fffe
ff01
0004
0100
8000
0101
ff00
0010
0060
012c
8000
0028
0064
8000
0004
ff01
0040
7fff
0101
ff00
0001
0008
ff00
012c
0060
0040
0101
ff00
0100
0100
0001
ff01
8000
ff01
ff01
0001
0101
0100
0004
0008
0100
0002
ffff
0028
0101
012c
0038
0064
0008
0064
0064
0028
0030
0040
0100
0100
0030
0100
0002
8000
ffff
0010
012c
0001
ff00
ff01
0004
00ff
0002
ff01
0064
0101
0030
0038
0001
ff00
7fff
ff00
0064
0101
fffe
7fff
00ff
0038
0064
012c
0030
00ff
ff00
7fff
0060
012c
0002
ff01
0028
0100
0001
7fff
fffe
ff01
fffe
ff01
0040
fffe
ff01
0101
ffff
0038
0008
0004
0038
0008
0101
00ff
0001
0038
0008
0040
0008
8000
0008
0064
0028
fffe
00ff
00ff
7fff
0038
00ff
0010
ff00
0030
0101
ff00
0001
0028
ff01
0064
0064
fffe
0004
012c
00ff
0101
0101
0028
ff01
0002
0100
7fff
7fff
0038
8000
0064
8000
fffe
0038
0001
0064
0064
00ff
0004
0064
8000
0038
fffe
012c
0064
7fff
0030
0038
0030
012c
00ff
0002
0002
0040
012c
fffe
8000
0038
0010
0002
0008
0040
0028
0002
012c
0064
0030
0028
0100
0001
0004
0038
ff01
fffe
0004
0040
ff00
012c
ff00
0060
ffff
ff01
0040
0004
0064
0004
012c
0064
0004
0008
8000
0001
0100
ffff
0060
012c
0038
0002
0010
0030
ffff
0008
00ff
0030
0100
8000
ff01
0030
0010
0101
8000
8000
0010
ff00
012c
0038
ff00
0038
0008
00ff
ff01
0101
ff01
ff01
0064
0004
7fff
012c
0030
0100
ffff
0038
0064
0028
012c
012c
0064
0030
0002
fffe
0002
0001
0038
fffe
0030
0028
0002
012c
012c
0001
ffff
0064
fffe
0001
0100
0002
012c
0004
0060
0004
0040
fffe
0101
0002
0028
0008
0064
7fff
ff01
012c
0008
0008
0060
0030
0004
00ff
0101
0030
fffe
0038
0028
00ff
ff01
ff00
ff01
0001
0100
0004
7fff
0001
0064
ff01
0010
00ff
0101
0008
0002
0060
8000
ffff
00ff
012c
0004
ffff
ffff
0100
0100
0002
ff01
0030
ff01
0028
fffe
00ff
0040
0038
0040
0028
0100
ff01
0040
8000
00ff
0010
0030
0060
0008
0008
7fff
8000
ffff
0028
012c
0100
0008
0038
7fff
0030
012c
0064
0001
ff01
0038
7fff
8000
8000
0028
012c
012c
0008
012c
0101
0060
ffff
8000
8000
00ff
7fff
0008
ff00
0028
ffff
0030
0064
0004
012c
0001
ffff
8000
012c
ff01
ffff
012c
00ff
fffe
8000
0038
0060
012c
012c
00ff
7fff
0100
0008
0100
0001
0028
0064
ff01
ff00
0064
0040
fffe
0030
0001
0064
0028
ff00
ff00
ff01
0030
0030
012c
0101
0010
0101
ff00
0064
7fff
0004
0101
0030
0004
0030
0038
ff00
0028
8000
0001
0004
fffe
0064
0002
ffff
0060
0001
012c
0028
0001
00ff
0008
ff00
012c
0030
0100
0064
7fff
0002
ff00
0100
0101
0060
0028
ffff
fffe
0001
0101
0010
0002
0004
0040
0060
0028
0101
ffff
8000
0038
0001
0028
0038
0030
fffe
00ff
0010
012c
0060
0028
0008
0100
0001
0064
0100
0002
0064
8000
012c
012c
012c
0064
00ff
8000
ff00
0040
0010
0001
ffff
0101
7fff
012c
0038
ffff
0030
ffff
0030
0030
0002
0028
fffe
0100
ff01
0100
0038
0040
ff01
ff00
0064
0064
ffff
0060
0060
0100
0038
0028
ff00
fffe
00ff
ff00
00ff
ff01
ff00
0064
8000
ffff
ff01
0008
ff00
0004
0101
00ff
0064
0002
7fff
0100
fffe
ffff
0100
0100
012c
0101
0101
7fff
0030
0100
7fff
ff01
0030
fffe
ff01
fffe
0001
0038
0010
ff00
0001
0030
ff00
0038
00ff
0030
0001
ff00
8000
0030
7fff
0001
00ff
ff00
8000
ffff
0040
0004
00ff
7fff
0038
012c
0004
ff00
fffe
0010
012c
ffff
0010
0100
00ff
0008
0040
0060
0100
012c
00ff
ff01
8000
0064
0040
0004
0038
0002
8000
ff00
0064
ff01
0002
0060
0064
ff01
ff00
0060
0010
0060
0004
0002
ff01
012c
0101
0064
00ff
0030
7fff
0040
8000
0004
0064
ffff
0010
fffe
00ff
0028
0002
ff01
ff00
0060
0064
012c
00ff
0101
0001
0101
ff01
8000
ff00
0004
0038
0002
0030
ffff
0060
0030
ff00
fffe
0008
0030
0008
8000
0008
8000
0038
0060
ffff
00ff
ff00
012c
0100
0101
0100
0100
0010
0038
ff01
ff00
0002
fffe
0001
7fff
0004
ffff
0001
012c
0001
0040
0028
0064
8000
00ff
012c
0002
fffe
0040
7fff
ff01
0100
ffff
0030
ffff
0100
0004
0008
0060
8000
0004
012c
ffff
00ff
fffe
0040
0002
0010
0002
8000
ff00
ff00
fffe
ff00
0008
0060
0001
0001
0100
0008
0028
0001
0060
0101
0038
ffff
012c
00ff
0028
0010
0004
012c
fffe
8000
7fff
8000
0040
0002
0038
ff01
7fff
0101
0008
0038
0030
0004
8000
0008
0030
8000
ffff
0100
00ff
0040
0040
0060
0030
8000
012c
0064
0004
ffff
fffe
0002
0040
7fff
ff01
0008
0040
0002
0038
8000
0101
0008
0010
0001
0002
00ff
8000
ff01
7fff
0008
0010
0101
0004
0008
0028
0028
0038
0038
ffff
0028
0008
0038
0028
0028
fffe
0004
0101
ff00
0028
0040
ffff
0060
7fff
0038
0100
0028
0060
0038
0038
0100
fffe
7fff
012c
012c
8000
ff00
0101
00ff
0060
8000
0008
0060
0101
0002
0002
ff00
0060
0101
7fff
0030
0038
0004
0064
8000
0064
0100
0060
0001
0010
012c
ff00
0040
ff00
0008
0010
0002
0038
0001
0010
0040
0030
0002
012c
012c
0101
0001
0030
00ff
7fff
0038
0030
ff01
0010
0028
0064
0101
0008
0008
8000
0101
fffe
0101
0008
0010
0001
ff00
0060
0028
ff01
0010
0060
0030
0010
0064
012c
00ff
0101
0040
0001
0028
0002
ff01
fffe
0101
0101
0001
ffff
0101
ff00
012c
0004
8000
0101
ffff
00ff
0030
fffe
012c
0010
ffff
0040
0060
0060
0038
0001
0004
0040
ff01
0010
012c
ffff
0040
00ff
0040
0100
ffff
0030
0101
0001
0002
0060
0010
0100
0002
fffe
0100
0040
7fff
0002
0100
0060
0008
0101
8000
ff00
ff00
0008
012c
012c
ffff
0008
7fff
0030
0030
ff00
ff01
0028
0001
fffe
00ff
0040
8000
7fff
ff00
0028
012c
0100
ff01
012c
0100
00ff
8000
0008
0028
0004
ff00
0040
8000
0010
8000
fffe
0010
00ff
012c
0060
0028
0004
012c
0038
ffff
0100
0001
0010
ff00
ff00
0001
0001
0060
0038
0030
0064
0100
0040
fffe
ff01
0060
8000
ff01
0001
012c
0101
8000
0001
0008
ff00
00ff
0038
7fff
0008
00ff
0030
ff00
fffe
fffe
ffff
0060
0010
0010
0010
0060
0101
0064
0010
0064
ff00
0028
0030
0002
7fff
0101
ff00
0038
0028
0028
0064
0002
0040
0010
00ff
0040
0030
0064
ff00
0101
0028
0008
8000
00ff
8000
0038
0030
0060
ff00
0040
ff01
0060
8000
0004
0002
0030
0100
0064
0004
0010
012c
0028
0004
0030
0028
0100
ff00
00ff
0001
0100
0030
0060
0101
0101
0040
0038
00ff
0100
012c
00ff
0064
fffe
0060
00ff
0038
0028
0028
0008
0030
0101
0010
0010
0064
012c
0060
0040
0100
0002
0101
0004
0100
ff00
ff01
0060
0010
0002
0030
0002
0002
fffe
0001
8000
0100
0030
0064
fffe
0028
0028
0028
0004
ffff
0101
ffff
7fff
0002
0100
012c
00ff
0101
ffff
0040
0002
ffff
0030
fffe
8000
0008
8000
0060
8000
7fff
0040
0060
0030
0010
ffff
0100
8000
0040
0010
0002
0040
0064
ffff
0010
7fff
0008
0010
0028
ff00
ff00
0010
0100
ff00
0004
ffff
ff01
0008
fffe
7fff
0028
012c
0004
0040
0040
7fff
0010
0004
012c
0038
0004
0060
8000
0038
0028
fffe
0004
0064
0004
012c
0010
ffff
0038
0101
0060
0028
ff00
ffff
0004
0040
fffe
ff00
0030
ff01
0008
0100
8000
0010
0040
0028
0010
012c
012c
0038
0040
0064
0028
0010
0038
0100
fffe
0004
012c
0001
ff00
0101
0002
0001
0002
012c
00ff
0060
0004
0040
00ff
0100
0101
0100
0028
0028
0010
0038
0101
0004
0002
ff01
0030
012c
ff00
0100
0004
00ff
7fff
0028
0040
0030
8000
0060
0040
0002
0040
0008
0010
ffff
0010
0030
0028
0008
7fff
0060
0038
0028
0030
ff01
0028
0002
0001
0010
0030
ffff
0028
0064
00ff
0030
ffff
0101
ff00
0001
00ff
fffe
ffff
ff01
0001
0060
0064
0004
0040
0064
ff00
0008
0008
0028
00ff
0008
0004
0028
0001
ff00
0004
8000
012c
0064
0002
ff01
0100
0002
0002
0100
0064
ffff
0101
00ff
8000
ff01
0064
0030
0060
7fff
ffff
0008
0010
8000
0060
0030
ff00
00ff
0040
0002
0101
0060
0100
8000
0038
fffe
0028
0040
012c
0010
0002
0101
00ff
8000
0060
0010
ffff
0064
ff00
ffff
ffff
0004
0002
00ff
7fff
012c
8000
0008
0002
0064
0101
012c
012c
0100
0028
fffe
00ff
ffff
0001
0002
fffe
0028
0001
0008
0004
ff00
0001
00ff
ffff
ff00
ff00
0101
0101
0040
0028
8000
0001
ff00
0060
0038
0100
0060
fffe
7fff
0064
0100
0040
00ff
0100
ff00
0010
0001
0040
0030
0101
0101
8000
7fff
0064
0010
0004
0004
0028
0064
0038
0010
8000
0038
0002
0028
0030
0030
fffe
ffff
00ff
0100
0064
0002
0064
00ff
0030
0064
0030
7fff
0030
0060
0101
0010
ff01
0064
0060
0004
0064
00ff
ffff
0100
0001
0028
0038
0060
0028
0064
00ff
012c
012c
0002
0004
ffff
ff00
8000
0040
0040
fffe
ff00
0100
ff00
012c
fffe
fffe
0030
0028
0010
8000
fffe
0101
ff00
0004
ff00
0101
0030
012c
0002
0030
0101
ffff
0101
0038
ff01
0100
0002
0101
012c
ff01
7fff
00ff
fffe
0028
7fff
0038
0038
012c
0064
0100
0040
0064
ff00
0008
fffe
0100
0010
0038
0101
0040
0100
0040
0028
0100
ff01
ffff
ffff
0064
0060
ff01
0028
0064
0010
0008
0028
0030
0001
012c
012c
fffe
ff01
0040
ff00
0064
7fff
8000
0004
ff01
0008
ff01
0064
0064
ff01
0101
00ff
ff01
00ff
0060
00ff
ff00
ff01
fffe
0030
0008
7fff
fffe
0040
0008
0001
8000
0002
0060
0040
0010
0100
0001
0038
0028
fffe
ff00
012c
8000
ffff
0002
0038
ff00
0101
0038
0030
0060
ffff
ffff
0008
0060
0002
012c
0064
0064
0100
0101
0030
fffe
0001
0001
0002
0008
0060
0038
00ff
0040
0008
00ff
0001
0030
ffff
0100
00ff
0001
0004
0060
0064
0101
0001
0010
0060
ffff
0060
ff01
ff01
012c
0060
ff01
0064
8000
012c
ff00
0004
0008
0004
0101
7fff
fffe
0010
0100
012c
0100
0064
ff00
fffe
ff00
0030
0064
8000
0002
0040
8000
0004
0008
ffff
0100
fffe
fffe
0100
0060
0010
0004
0028
0004
012c
0060
0060
ff00
0038
0010
ff00
0030
012c
0010
0100
00ff
7fff
8000
0101
8000
0040
ff00
8000
0040
0001
012c
0040
0004
0030
012c
0004
0028
0008
0001
0064
0008
ff00
0064
7fff
ff01
0004
ff01
0060
00ff
7fff
ffff
0060
0040
0008
0004
0101
0060
7fff
ff00
ffff
0008
ffff
8000
ff01
0002
0004
7fff
fffe
0010
0030
8000
fffe
0028
ff00
0030
0060
ff00
0001
0064
0064
0038
0101
ff01
8000
ff01
0040
0064
012c
8000
7fff
0010
0028
0060
fffe
012c
0002
0028
0010
0060
0004
0100
8000
0030
0030
0064
0038
0004
0001
0008
0038
0004
00ff
0001
0040
0001
ff01
0001
fffe
ff00
0008
0008
0038
0038
0028
012c
ffff
0100
0040
012c
0001
0038
0064
fffe
0002
0100
012c
0101
0100
fffe
0060
0028
0060
ff00
ff00
00ff
012c
0038
ffff
8000
00ff
ff00
ffff
0100
0028
0004
fffe
00ff
0064
0030
0001
0101
7fff
0030
0040
ff01
8000
0004
0010
0060
0008
0100
0038
0002
0040
0064
ff00
00ff
fffe
fffe
0002
0030
0060
0008
0038
0030
0100
0100
ff01
ffff
0004
0101
0010
ff01
fffe
0038
ffff
7fff
ff01
ffff
0101
0010
0101
0100
0002
ff00
fffe
0002
7fff
0030
0064
0008
0001
fffe
0060
ffff
8000
0060
0100
0038
0008
ff00
ff00
0001
ff01
ff01
fffe
012c
00ff
7fff
0038
fffe
0028
012c
0002
ff01
ffff
ff01
00ff
0028
ffff
0038
0004
7fff
00ff
8000
00ff
0001
0060
0038
ffff
0010
0060
012c
0004
0028
0060
0064
8000
0064
0038
0002
7fff
0002
7fff
0101
00ff
012c
ff01
0100
0064
0060
00ff
fffe
0002
7fff
0002
0030
7fff
0001
0030
0002
7fff
7fff
7fff
0060
0064
0064
0064
0002
0028
ff01
0030
ff01
ff00
0010
0010
ffff
00ff
fffe
0010
0008
0008
0064
0040
0101
7fff
ffff
0010
0038
0101
8000
7fff
0008
ff01
0001
012c
0038
0060
ffff
ff00
0010
0030
0010
00ff
0010
012c
0008
0040
0064
0040
0030
0040
0100
0008
8000
ff01
0100
fffe
0010
0030
7fff
ffff
fffe
8000
00ff
0030
0064
0001
0028
7fff
7fff
0030
0064
0010
8000
7fff
0064
0101
0038
ff01
0008
ffff
0040
012c
0008
0004
ff01
0101
0100
ff00
0008
0010
00ff
0004
012c
0060
0004
0100
ffff
0002
8000
0040
0038
0028
0038
0101
7fff
0040
7fff
0101
0101
0038
7fff
ffff
0064
0004
0030
0060
7fff
0101
ff01
ffff
0064
8000
0028
8000
0001
ff00
0028
7fff
0100
0038
fffe
0060
0060
0010
0038
fffe
0040
ffff
7fff
0038
00ff
0064
7fff
0101
0028
0064
0064
00ff
ff00
0001
012c
8000
ffff
7fff
0101
0004
0064
0010
0064
00ff
7fff
0028
0060
0004
ff01
0008
0028
7fff
ffff
8000
00ff
012c
0040
0030
0001
0100
012c
0001
ff00
0030
0100
0040
fffe
ffff
0002
012c
ff00
0064
0004
ff01
ff00
7fff
0002
ff01
0004
0002
0100
012c
0028
0064
ffff
0010
ff01
0038
0010
0030
ff00
7fff
ff00
012c
fffe
ffff
0038
ff00
0040
00ff
ffff
7fff
0100
0101
fffe
0028
7fff
ffff
fffe
0028
0038
0038
0064
0030
7fff
0100
012c
0040
ff01
00ff
0101
0064
0028
ffff
0010
ff01
00ff
0100
0008
fffe
0060
00ff
0030
0001
0010
ffff
0064
fffe
0001
0008
0038
0038
0101
0001
0004
0004
0001
0060
7fff
0002
0040
ff01
ffff
0040
0060
0030
ff01
ff01
fffe
0038
0028
0010
ff00
0038
0038
0064
0064
ff00
0100
0064
0064
0064
012c
00ff
0060
0001
0028
fffe
fffe
0038
0100
0100
0030
ffff
0001
ffff
0060
0010
00ff
8000
012c
0100
0100
7fff
0004
0100
0101
8000
0040
0101
0004
0001
0100
7fff
ffff
00ff
00ff
0008
0100
0060
012c
0040
012c
0101
ff00
0030
0060
012c
7fff
0030
0038
7fff
012c
7fff
0060
0040
0038
7fff
0002
012c
ff00
fffe
0030
7fff
012c
0101
0101
ffff
0101
ffff
8000
012c
0008
0040
ffff
8000
0010
fffe
0028
0040
0040
0040
0038
00ff
0030
7fff
ffff
ffff
ff00
ffff
012c
ff00
012c
0100
0100
0010
0064
ff00
0010
ff00
ff01
ff01
7fff
ff00
0040
0030
7fff
0010
0100
012c
ff01
0100
0060
0030
ff00
0028
ff01
012c
7fff
ff00
ff00
0008
0008
00ff
0100
0030
0101
0030
ffff
0010
ffff
ffff
0028
012c
0030
0002
0101
7fff
0004
7fff
0038
00ff
0008
0010
0064
0001
0001
0060
00ff
0060
00ff
0101
012c
012c
012c
ff00
0101
0001
0038
fffe
ff01
0004
00ff
0100
0040
0100
0002
0040
0030
0064
00ff
fffe
0101
0038
0100
012c
fffe
0002
0038
0010
ff00
7fff
ff00
7fff
0004
00ff
0001
ff01
012c
0008
0028
012c
0008
0004
0002
0064
0060
0028
0028
0001
0060
7fff
0002
0101
0004
8000
0040
8000
0100
0002
0038
8000
0060
0030
ff00
00ff
0028
ffff
0028
0040
0040
00ff
0040
0001
8000
ff01
7fff
ffff
0008
0008
0038
ffff
0001
0010
ffff
ffff
0060
ffff
012c
0060
0064
0064
0001
0040
8000
0040
0001
012c
ff01
ffff
0038
0100
ffff
012c
0004
0002
ff00
ff00
7fff
8000
fffe
0004
0100
8000
ff01
0001
ff01
ff00
ff00
00ff
0030
00ff
0064
ff00
0040
7fff
fffe
0028
0064
0001
0060
7fff
0002
0101
7fff
0030
0101
0064
fffe
0001
00ff
0100
0008
7fff
0038
0101
0001
ffff
0101
ff00
0040
0030
0028
0008
0030
0038
ffff
0001
0038
0001
7fff
ff00
0100
ff01
ffff
0010
0010
0004
ff00
0001
0001
0038
7fff
0040
ffff
0060
ff01
00ff
ff00
0064
8000
012c
0028
0064
7fff
ffff
8000
0002
ffff
7fff
0008
0040
0008
0002
00ff
0060
ff00
0030
ff00
0064
fffe
8000
0100
0008
0008
0002
00ff
0030
0040
0060
8000
0001
ff01
ffff
ff01
7fff
0002
0001
0002
7fff
0002
8000
0001
0038
0001
0008
0040
0002
ff01
0008
0010
012c
0004
0040
0101
0038
0004
0064
ff01
0028
012c
012c
0100
00ff
0008
0101
0030
ff00
0060
012c
0060
0010
0101
8000
ffff
0004
0040
0008
0064
0100
0030
0100
0002
0030
00ff
00ff
0008
0004
ff00
0060
0064
8000
0030
0002
0038
0101
0028
fffe
0010
0008
0101
0030
0064
0060
0028
ff01
012c
0010
0008
012c
0008
ff00
0004
ff01
7fff
0030
0101
012c
0064
0028
0038
fffe
0038
0001
0101
fffe
0038
0030
0100
0064
0008
0002
8000
fffe
0004
0038
0001
00ff
7fff
0038
fffe
ff01
0040
0002
ff01
ff01
0100
0064
0001
0028
012c
0030
0001
ff01
0030
0060
0101
0001
0028
ff00
012c
0030
0064
0100
0010
0008
ff00
ffff
0010
0060
0004
0060
7fff
fffe
ffff
ffff
0002
0001
8000
ff00
0002
0030
0060
0001
00ff
ff01
8000
0030
0100
00ff
00ff
7fff
ff01
0002
0002
0038
fffe
0038
00ff
0060
012c
0040
0008
0100
0030
8000
0004
00ff
ff00
0004
7fff
00ff
0030
0004
0100
0028
0010
8000
0030
8000
012c
0100
012c
00ff
0040
0028
fffe
fffe
0060
0010
0008
ffff
012c
0040
0004
8000
0028
0064
012c
7fff
0038
8000
ff00
0038
0060
0008
00ff
0001
ffff
0030
0010
0008
0028
0040
7fff
012c
0038
7fff
0038
0028
0030
0004
012c
012c
0040
0101
0028
0038
7fff
ff00
0100
0040
ff01
0028
ff00
0001
7fff
0010
7fff
0004
ff01
0060
0060
7fff
0004
0028
fffe
0100
0101
0028
ff01
ffff
0040
0038
0028
8000
0060
ff01
0038
ffff
0040
0004
0038
0001
0028
012c
0040
0030
012c
0030
fffe
0100
7fff
0002
0040
8000
ffff
fffe
0001
7fff
0060
ffff
0002
0040
ff00
8000
0028
0101
0002
0002
7fff
8000
0030
0038
0028
012c
0038
0060
0002
ffff
0101
0101
0010
fffe
00ff
0002
8000
7fff
0100
0001
0038
ffff
8000
ff01
0064
0064
0040
0028
012c
0064
7fff
fffe
7fff
8000
0008
ffff
0038
0004
0008
0064
ff01
0040
0038
0030
ff00
00ff
0060
0004
0030
0030
ffff
0038
0101
7fff
0010
0002
0030
0001
7fff
0030
00ff
0001
0004
0064
0040
0008
0060
0100
0010
ffff
fffe
0004
8000
0060
0101
ff01
7fff
ff00
0028
0008
0064
0100
0030
0100
0040
0001
8000
0030
0101
0030
0001
fffe
7fff
ffff
0008
0002
0101
00ff
0038
012c
0100
0101
0010
7fff
0064
0001
7fff
0038
ff00
fffe
0040
0040
fffe
0002
0101
0101
0004
0001
0028
0008
0004
0100
0030
00ff
fffe
0060
0064
0004
0038
0028
fffe
0002
0028
0008
7fff
0028
0064
0038
012c
0064
0100
0101
0008
012c
012c
0038
00ff
0040
8000
0101
0010
ff00
00ff
0100
8000
0040
0010
0028
0010
8000
8000
0028
0100
00ff
0064
0060
0030
012c
00ff
7fff
ffff
0002
fffe
0064
0028
0038
0040
0028
8000
0101
00ff
0028
00ff
0038
0060
0064
8000
0040
0010
0030
0064
0101
ff01
0008
ff01
0100
0010
0028
00ff
fffe
0030
0040
8000
0004
0060
ffff
ffff
012c
012c
7fff
ff00
ff00
0038
7fff
0038
ffff
012c
0030
0038
0010
012c
ff01
012c
0064
0060
0064
ff00
0040
0038
7fff
0030
fffe
0060
ffff
0028
0060
ff00
0004
0030
0040
0101
0010
00ff
0001
fffe
0100
0064
0064
8000
fffe
7fff
0004
0030
0064
0004
0040
0001
0008
012c
0010
00ff
ffff
0040
012c
0010
0008
0101
0028
ff00
012c
0100
0040
0038
0100
0040
ff01
0064
7fff
0002
00ff
0004
0040
0030
0001
0028
0028
0002
0008
0008
ffff
0010
8000
012c
0028
fffe
00ff
0040
ffff
ff00
0060
0040
0008
00ff
0030
0038
0028
0030
00ff
8000
0038
0064
0040
ff00
0004
0060
fffe
0030
ffff
0030
0028
0101
0038
0008
ff01
0001
00ff
0100
0101
0010
0064
00ff
0100
012c
0100
0100
0030
0001
0060
0038
0038
0060
0030
0064
0038
0064
0030
8000
0060
0004
0064
ff01
0060
012c
0040
00ff
ffff
0101
7fff
012c
ff01
0002
ff01
0028
0038
0002
0008
ffff
ff00
0060
0010
0001
0038
0028
012c
7fff
00ff
0010
fffe
0100
00ff
fffe
0064
7fff
0100
0008
0064
0038
0001
0040
0040
ff00
0100
0100
ff00
0038
ff01
00ff
fffe
0038
00ff
0040
0004
0028
0101
ff01
0001
8000
ffff
00ff
0040
ffff
0028
7fff
0001
0004
8000
ff01
0010
0028
0030
0060
0004
00ff
0001
0100
ff01
0008
ff00
ff00
0064
fffe
0040
0008
7fff
012c
0010
0064
0040
0030
7fff
ffff
0038
0030
ffff
0004
00ff
012c
ff00
012c
8000
fffe
0060
7fff
7fff
0010
0064
012c
0010
0030
0101
8000
0060
8000
0028
ffff
0001
00ff
8000
8000
0101
0060
8000
0004
0001
0101
012c
0060
0100
ffff
0028
0001
0101
0040
0028
0030
0008
00ff
012c
00ff
0010
012c
8000
0064
0002
ffff
0008
ff00
0038
0001
fffe
0040
0001
0038
0064
0028
0030
0100
0008
8000
0040
0002
0040
ff00
0030
7fff
ffff
8000
8000
fffe
0028
8000
ffff
0060
0100
012c
0001
0002
012c
0100
ff00
0100
0030
0030
0028
ff01
0004
0100
00ff
0038
0038
ff01
0038
0100
0064
0001
0008
0030
0060
8000
8000
ff01
0064
012c
0002
8000
7fff
0010
0064
fffe
ffff
fffe
0030
8000
00ff
fffe
fffe
0030
0030
0038
0038
0038
0008
0010
ffff
0002
7fff
012c
00ff
ff01
ff00
0001
0038
0100
ffff
0002
0040
8000
0040
ffff
0028
0028
00ff
8000
ff00
0038
0060
0030
00ff
0008
0064
0038
0010
0100
8000
0030
0100
fffe
0100
ff01
0004
0038
012c
8000
ffff
0010
0060
0040
0002
0040
0010
0100
0004
ff00
0004
ffff
0010
0002
0040
0064
fffe
0028
0002
0100
8000
8000
012c
0002
8000
0004
0010
ff01
0010
ff01
fffe
0030
0002
fffe
0002
0002
ffff
0101
ff00
0060
8000
0060
fffe
ff00
fffe
0060
0060
ff00
ffff
0040
0001
fffe
0008
0002
0101
0010
0002
0010
0008
0004
0028
0028
8000
0064
012c
ff00
ffff
8000
ff01
0002
0038
0040
0004
ff00
0001
0064
0038
0008
ff00
7fff
0002
0064
ff01
8000
012c
0040
0100
0028
0028
0010
7fff
ff00
ff01
00ff
0002
0004
0002
fffe
0004
8000
00ff
ff01
0030
ff01
0028
fffe
0038
fffe
8000
8000
0004
0030
ffff
0040
0100
7fff
0060
0008
0002
8000
ff00
0040
ff01
0040
0101
ff00
ff01
ffff
012c
0101
00ff
7fff
ff00
0001
0100
0064
ff00
ff00
fffe
ffff
ffff
0030
fffe
0001
0028
7fff
0100
ff01
0010
0001
0101
0101
0101
8000
0008
0100
0001
ff00
0010
0008
0060
00ff
7fff
0100
0002
0038
0004
ff00
8000
0008
7fff
ff00
0030
0001
0064
0004
0001
0010
0101
0040
0060
0040
0100
012c
0002
ff01
0100
0001
0001
0008
012c
0004
012c
0100
ff00
0038
0060
0030
0028
0028
0040
0004
7fff
ff01
0030
0064
7fff
0002
7fff
ff00
0028
0030
ff00
fffe
0002
0038
0010
0038
ff00
0060
ffff
0008
0001
fffe
0038
0100
ff01
0001
0100
8000
00ff
8000
ff01
fffe
0002
0008
0008
0060
012c
0030
0100
0030
fffe
012c
0002
0030
fffe
ffff
0064
0100
0004
fffe
0030
fffe
0030
0101
0004
012c
8000
7fff
0002
0010
0064
0100
0004
8000
ff01
fffe
0010
0008
0064
0040
7fff
0038
0028
0004
0010
0101
ff01
0028
0064
0008
fffe
00ff
ff00
ffff
0028
0060
0004
012c
ff00
0004
0001
0001
8000
0002
8000
0040
7fff
0001
0002
ff01
00ff
8000
0004
00ff
0001
0001
0002
0010
8000
0002
0002
0030
0101
ff01
0064
0001
0064
0008
0002
ffff
0038
0008
8000
0004
0100
0004
0038
0038
012c
0038
ff01
0010
0001
fffe
8000
0001
0010
7fff
fffe
0030
0060
0001
fffe
8000
0002
012c
fffe
0038
0001
0008
0028
ffff
0060
0004
0038
00ff
0002
ff01
0001
0010
ffff
0040
ffff
00ff
0060
0100
8000
0030
ff00
0038
0060
0001
0040
ff00
0010
0100
ff00
0100
ff01
0038
8000
0001
0064
fffe
0028
0001
0004
ffff
0008
0004
012c
0004
0040
0100
0040
0028
0002
0064
0101
0008
7fff
ff00
0064
0100
0101
0028
0001
0060
0004
8000
0101
0064
0101
ffff
00ff
0064
7fff
ff00
0010
0100
00ff
7fff
0008
fffe
0064
0008
0101
8000
0101
0040
0064
7fff
7fff
00ff
ffff
0064
0100
8000
fffe
7fff
ffff
8000
fffe
0038
0064
0040
0002
0064
0100
0001
0040
0100
0038
ffff
0010
0040
0040
ff00
0004
ffff
ffff
0008
0001
8000
0060
fffe
7fff
0060
0030
00ff
0028
0030
0064
0028
0040
0028
7fff
7fff
0100
0060
0002
ffff
0038
0040
0101
0001
8000
ff00
fffe
ff01
ff01
0030
fffe
012c
0010
0060
012c
0100
7fff
0001
0101
012c
ff01
0064
ff01
0028
0038
0030
fffe
0064
0101
0038
ffff
0064
ff00
fffe
0101
0008
0002
0060
0028
8000
fffe
0008
0010
ff00
0030
8000
0100
8000
0002
7fff
0028
0100
0100
0060
0064
0040
0028
0101
0002
0030
0030
7fff
fffe
0100
0004
fffe
0064
7fff
0060
0030
0001
8000
ffff
0040
0038
0001
0004
fffe
0038
0004
012c
012c
0004
0002
0040
0028
0060
0001
0064
0002
0100
0101
7fff
0002
0040
0002
0060
0060
0038
fffe
7fff
8000
0008
ff00
0008
0008
0064
0060
0038
0064
012c
0040
0002
0060
0010
0100
0008
7fff
0028
0064
0002
ff00
0001
8000
0100
7fff
0064
0028
0060
0028
ffff
0010
0004
ffff
0001
0008
0028
0100
0030
0040
0101
ff01
0060
0028
0064
0008
0028
ffff
fffe
0001
fffe
0010
0010
0002
0100
0004
fffe
0028
0038
fffe
0064
0060
ff00
0028
0010
0028
8000
0100
00ff
0001
7fff
0030
0001
8000
fffe
0101
00ff
0004
0040
0038
8000
8000
0101
00ff
ff00
0100
7fff
0064
0064
0010
fffe
0060
7fff
0064
0008
0060
ff00
0060
0008
0010
0004
fffe
0101
0100
0010
0030
0100
00ff
fffe
0060
0008
0002
0002
0001
7fff
0004
0038
012c
00ff
0064
ffff
0030
0064
ff00
0040
0004
0101
7fff
0101
0008
0004
ffff
0030
7fff
0038
00ff
0040
fffe
0004
fffe
0064
012c
0028
fffe
0100
0008
8000
0030
0100
0004
ff01
0101
0101
fffe
0040
012c
00ff
0040
0004
ffff
ff01
0001
0064
0010
0030
ff01
0100
ff00
0004
0040
00ff
fffe
0038
ff00
0001
fffe
0030
0064
0002
0001
0030
0101
0008
012c
0040
0030
fffe
0028
0010
00ff
0038
00ff
ff00
8000
0028
0008
00ff
0038
0004
0010
0008
ffff
8000
0038
0100
0040
0101
0001
ffff
0002
0060
0008
0060
0064
0040
0040
0001
ffff
0060
8000
012c
0001
ff01
0100
ffff
0008
ffff
00ff
0040
0010
0028
0008
0002
00ff
0040
0002
0101
8000
0101
0001
0028
0064
0100
0004
0038
0008
0004
8000
0038
0101
0101
fffe
0004
8000
00ff
ff00
ff01
ff01
0002
0030
0038
00ff
0100
0040
ff01
0038
0040
0060
0100
0101
0060
0004
0030
00ff
0064
0030
0040
0030
0100
ff01
0004
0028
ff01
0064
ff01
0040
ff00
0028
0001
fffe
0101
ff00
0100
ff00
0004
00ff
0038
0004
0028
ff00
0038
7fff
0002
0004
ffff
ffff
0004
8000
7fff
0004
ffff
0028
0002
0010
ff00
8000
0040
0004
ff01
0028
0004
0028
0101
0100
0010
0002
ff01
0010
0100
0040
ff01
0030
0008
0004
012c
ffff
0030
0004
0040
0004
ff01
0064
8000
ffff
0060
0001
0004
8000
012c
7fff
0101
0008
0002
7fff
00ff
0038
ff00
0001
ff01
ff00
ff00
00ff
0004
0008
012c
0028
ffff
0030
ff01
0028
8000
7fff
ff01
0008
0008
ff01
ff01
fffe
0028
00ff
0004
0101
0064
ff01
0010
0001
ff00
ff00
0004
0002
ff01
0064
ffff
0064
0064
012c
0101
012c
0060
0038
7fff
0100
012c
0002
0060
0010
0002
fffe
0030
0100
8000
0030
0010
ffff
ffff
0028
00ff
fffe
0004
0038
0004
0040
ff00
fffe
7fff
0004
ff00
0101
8000
0064
0010
ff01
0064
ff01
ff00
ff01
7fff
0100
0101
012c
0002
00ff
0060
012c
ff01
0040
0010
012c
7fff
0040
0100
0100
8000
ff00
012c
0101
8000
ff00
00ff
0060
00ff
0008
ff01
0060
0030
0100
0002
ffff
0101
0060
0038
0028
0028
ff01
0008
ff01
8000
0010
0001
0040
0040
fffe
0004
00ff
0010
0004
0030
fffe
0028
012c
8000
0001
ff00
ff00
7fff
012c
0040
0008
0064
0002
0040
ffff
0004
0008
0002
0100
012c
00ff
0038
0064
0008
00ff
0030
0010
0064
0010
0010
0002
0004
0028
0010
0001
0010
7fff
0100
0060
0038
0100
0030
8000
ffff
ff00
0064
0010
0038
0040
ff01
0040
00ff
0040
0040
8000
ff01
0038
0010
00ff
0100
0010
0064
ff01
ff00
0002
0100
ffff
0010
0001
00ff
8000
0008
0008
0100
0101
8000
0064
0030
0064
0040
0002
0030
0064
0028
0008
fffe
00ff
0064
0004
0030
ff00
0100
0010
0028
0030
0008
0040
ff01
0060
ff01
ff01
0002
0064
ff00
0100
ff00
7fff
0004
0001
ff01
0064
ffff
0100
00ff
fffe
00ff
ff00
0010
0028
0100
0030
ffff
8000
0101
0028
0002
0060
00ff
0008
0100
ff00
8000
0001
0010
ffff
0100
0100
fffe
012c
0100
0001
0004
0001
0100
0060
8000
0001
0038
0038
012c
0064
7fff
0040
0004
0028
8000
0008
0038
0060
0040
0040
fffe
0060
0030
7fff
0002
0008
8000
0010
012c
0030
0008
7fff
7fff
ff00
0040
0064
00ff
0030
8000
0100
00ff
ff00
ff01
8000
7fff
0008
0028
0004
ffff
012c
ffff
0010
0100
00ff
0008
ff01
0002
ff01
0010
0064
0002
0002
8000
7fff
0040
0028
7fff
0060
0004
ff00
7fff
0008
0028
0008
8000
0038
fffe
0040
0030
8000
0100
0002
00ff
0060
0002
0060
0040
ffff
fffe
fffe
0010
0030
012c
00ff
0040
fffe
0008
0030
0100
7fff
0001
0002
012c
0010
7fff
0028
0001
0010
0030
012c
0002
8000
0038
0010
00ff
ffff
00ff
00ff
0004
0101
0002
0001
7fff
fffe
0030
00ff
0008
00ff
0101
00ff
0100
0038
7fff
0002
0001
0040
8000
0038
0010
0001
0101
fffe
ff01
0004
ffff
0040
fffe
0004
8000
fffe
0010
0040
0008
012c
0010
0004
0001
0028
0060
0060
0001
0038
0040
0002
0002
0038
0010
0008
0030
0030
0040
ff00
ff00
0100
0040
ff00
0038
0008
0030
0002
fffe
ffff
0030
0064
ffff
0002
0010
0008
0040
0001
fffe
0010
fffe
ffff
8000
8000
00ff
7fff
0064
ffff
0008
7fff
ffff
012c
0030
0001
0001
ff00
012c
0030
0060
0008
012c
7fff
0100
0038
0100
0008
0004
7fff
0038
0100
ff01
0040
ffff
0028
8000
0060
0100
0100
012c
7fff
012c
0101
0008
0008
0004
0100
0038
ff01
00ff
0008
fffe
ffff
fffe
0030
0010
7fff
0004
012c
0008
0028
0010
0004
8000
0004
ff01
ff01
0060
0008
0101
ff01
0028
0010
ffff
0004
0008
0010
0001
0064
fffe
0001
fffe
ff00
0001
7fff
8000
ff00
0038
ff00
0030
ffff
ffff
0030
012c
0002
fffe
8000
0010
0101
ff01
ff01
0002
012c
0001
0010
ffff
012c
0010
0100
0060
fffe
0060
0030
0008
012c
0060
0028
0004
00ff
7fff
0002
012c
0064
0030
ff01
0002
0028
ff00
ffff
0060
0004
ff01
0101
8000
0060
ff00
012c
0038
0002
012c
0038
0028
0100
0001
0064
012c
0100
0101
0100
0008
0028
ffff
7fff
0010
8000
fffe
8000
012c
ff00
0040
0028
ff00
0010
0004
ff01
ffff
012c
0008
0010
00ff
00ff
0101
fffe
ff01
ff01
0100
7fff
0040
ff00
0038
0028
0008
0040
ff01
0028
0101
ff01
ff01
ffff
fffe
ffff
0004
0001
ff01
00ff
0002
ffff
8000
0030
ff01
0038
0040
ff00
ff00
0008
0001
0001
8000
0028
0028
0064
ff01
ffff
0028
0008
ff01
0010
ff00
0010
0008
8000
00ff
ff01
0064
0004
0010
0030
fffe
0008
0001
0038
0064
0028
012c
0010
0060
0028
0010
0002
0030
0100
0064
0028
7fff
0010
0038
0004
0064
0010
0101
0060
0001
0060
0100
fffe
0038
0064
0060
0040
0100
fffe
0030
8000
0001
0038
fffe
0100
ff00
0004
ff00
0028
0030
ff00
0060
0064
0040
0101
0101
7fff
0001
0001
0101
0030
ffff
0040
0030
012c
8000
0010
012c
0100
0002
0040
0010
ff01
0038
0030
0010
0030
0100
0100
0038
8000
ff01
ff00
0008
8000
00ff
0030
012c
0004
ff00
ff01
0038
ffff
7fff
0002
0060
0030
7fff
0028
0001
0060
fffe
0028
0064
ff00
012c
0040
0030
0040
0030
0040
0040
0028
0030
0010
0008
ffff
0028
ffff
00ff
7fff
00ff
ffff
8000
0004
fffe
0060
ffff
0030
012c
0004
7fff
0101
0028
0040
fffe
0028
0010
0101
0010
8000
0038
8000
0001
0008
0004
0008
0064
0004
00ff
0002
0038
0060
012c
0028
0001
0060
fffe
ff00
0028
0028
ffff
0038
0030
ffff
0060
0008
0038
ffff
00ff
012c
8000
0038
8000
0064
0028
0060
0101
0002
0004
ff01
0028
0028
0040
0001
ff00
ff00
0004
0004
0064
0060
7fff
0008
0010
0001
ff01
0010
ff01
0060
0002
ffff
ffff
00ff
ffff
0100
0100
7fff
ff00
ff00
0008
0060
0064
012c
0008
0028
0038
0064
0030
00ff
0028
fffe
0060
0010
0028
0004
0008
0030
0001
0030
7fff
00ff
0101
7fff
0060
0100
012c
012c
0002
0060
8000
0002
0010
00ff
0001
ff00
0001
0101
0060
ff01
8000
0100
0010
0004
0038
0038
0030
0001
0001
0030
0028
0040
0004
0060
0001
0001
8000
0001
ff00
fffe
012c
0060
0001
0060
0008
0064
ff00
ff01
7fff
0030
8000
0101
00ff
0040
0008
012c
0100
0008
ff00
0064
ffff
0008
0040
ffff
0030
0100
0008
0101
8000
0001
0064
7fff
fffe
012c
0008
0064
00ff
0010
fffe
0060
fffe
ffff
0030
0060
0030
0038
ffff
0008
00ff
0030
8000
ff01
0030
ffff
0100
0001
0060
0001
8000
00ff
0001
0101
8000
7fff
0030
0008
0001
0001
0008
ffff
0064
0100
0040
0004
0030
0004
0002
0010
0001
0010
0001
0064
0101
0038
0030
ff00
ff01
0101
0064
0040
0002
00ff
fffe
0002
0030
0001
0010
0101
00ff
0030
ff01
0040
ff00
0028
7fff
ff01
fffe
0030
0010
0101
00ff
ff00
0100
012c
0028
0060
0064
0100
ffff
0064
012c
0040
0060
0064
0008
fffe
ff01
0028
ff01
00ff
ff00
ffff
ff00
ffff
0064
0060
fffe
00ff
0010
ff00
8000
0060
ffff
0001
0002
0010
7fff
0002
0028
012c
0060
012c
0101
7fff
fffe
00ff
00ff
8000
fffe
0038
0004
ffff
ffff
0100
0101
8000
0030
0030
0002
0060
0064
0008
0010
00ff
7fff
0100
0064
8000
0060
0040
0064
0002
0001
ff00
0038
0100
fffe
7fff
ff01
0004
0008
ff01
0010
ffff
0040
0101
0038
0060
0008
0060
7fff
fffe
0064
0010
0100
0100
fffe
0101
ff01
ffff
0002
0004
0010
0100
0001
00ff
0101
0064
ffff
7fff
fffe
ffff
ffff
00ff
0101
0001
0008
012c
0001
0064
0001
0030
0064
0008
ff00
0001
0038
0001
0101
012c
fffe
ff01
0100
0004
0001
0040
0004
fffe
0002
0004
8000
0060
0010
0008
0028
0040
0030
ff00
0040
0002
0001
0038
0010
0010
0010
0101
0064
0001
ff01
0030
fffe
0060
0028
ff00
0002
0064
0028
0028
0010
0002
00ff
ff00
7fff
0101
00ff
0060
0001
0010
fffe
0101
0101
0002
ffff
0030
ff01
00ff
0001
0060
0008
0001
7fff
8000
ffff
ff01
0008
0010
ff00
7fff
7fff
0101
ff01
fffe
0101
0010
00ff
0030
0030
0064
0028
0004
0064
ffff
0101
0040
0038
0100
0008
0060
0060
0060
0030
0101
0004
0002
ff01
0008
0064
012c
fffe
0030
ff01
ff01
0008
0040
0002
0040
0002
0040
0038
ff00
0002
0008
0038
0010
0008
0100
0001
0038
0008
0028
7fff
0010
0038
0030
012c
0101
0100
ff01
0008
0028
0100
0030
fffe
7fff
ffff
0010
0010
ffff
ff01
0002
0028
00ff
0004
0008
0038
0010
0010
0030
0002
ffff
0100
012c
fffe
00ff
ff01
0028
0101
ff00
0101
ff01
7fff
0001
0008
0064
0002
0100
7fff
8000
00ff
0010
ff00
0008
0004
0004
0100
7fff
ffff
0064
0038
8000
0040
0008
0030
0064
ffff
ff01
0002
ff01
ff00
fffe
ff01
0100
012c
fffe
0001
0038
ffff
012c
8000
fffe
fffe
0008
0028
fffe
fffe
0100
ff01
0030
0010
0030
0002
fffe
0101
fffe
0030
0038
0064
0002
0040
012c
0002
0008
0030
0040
0100
0004
0004
0060
0064
0038
0060
8000
0028
ff00
0028
0040
012c
00ff
00ff
0001
7fff
7fff
0001
0101
8000
0008
0101
0064
0001
0040
0060
0010
8000
0002
0010
012c
0060
00ff
8000
ffff
ff00
012c
0004
fffe
0004
ff01
0064
00ff
8000
fffe
0030
ffff
ff01
0060
7fff
ff01
ff00
0008
0100
8000
0008
0004
ffff
fffe
0101
0100
0002
0100
fffe
0002
0101
ffff
0100
0040
0100
0040
0004
ffff
00ff
0008
0040
0008
fffe
0064
fffe
ff01
ff00
012c
0064
0064
0040
0060
ff00
0001
0004
7fff
00ff
0002
0008
7fff
ff00
0064
00ff
fffe
fffe
0060
0008
0030
0100
0064
0028
0004
0010
0064
ffff
0038
ff01
0101
fffe
ffff
0101
8000
00ff
0008
00ff
fffe
0004
0028
7fff
012c
7fff
0064
7fff
0100
0064
ff00
0004
0101
0064
0030
0028
ffff
0101
0001
ffff
0060
8000
0030
0060
ffff
0002
0100
ffff
7fff
012c
0028
0002
0060
0004
8000
0100
ffff
7fff
0040
0040
0001
0038
0001
012c
7fff
0030
0008
0060
0002
ff01
fffe
ff01
0028
00ff
0002
0028
0002
ff00
7fff
0001
0028
0060
0004
0101
0038
00ff
ff00
0030
0100
012c
0008
ff00
0010
ffff
0064
fffe
0040
ff01
ffff
7fff
0064
0028
0040
ffff
0004
ffff
ff00
0004
0028
0010
0038
0004
0100
8000
0008
012c
ff01
0064
0004
0064
00ff
ff01
8000
fffe
0008
0001
0100
0100
0030
7fff
0004
0010
ffff
8000
0100
0038
0101
ffff
8000
0010
0002
0064
8000
0008
0028
00ff
0101
0040
012c
ff01
0002
ffff
0060
00ff
0100
00ff
0002
0064
0038
ffff
0030
0030
0028
0001
0040
0100
fffe
0008
ffff
0060
fffe
0001
0010
7fff
ff01
0101
0030
8000
0028
ffff
0030
0100
0030
8000
0038
0008
0004
0101
7fff
0010
0101
0030
0010
ff00
0010
0001
0038
ff00
0038
0008
fffe
0100
0040
ff01
ff01
ffff
0064
7fff
00ff
0010
ff00
0038
0101
0008
ffff
7fff
0028
8000
ff00
ff00
0028
00ff
0030
0030
ff00
0101
8000
0038
0030
0001
0040
0100
0101
ff01
0038
0028
fffe
7fff
ffff
0001
0004
0004
0030
0002
0008
012c
0010
0040
0101
0004
0038
0030
0100
00ff
0002
0060
00ff
0004
7fff
0001
0100
8000
0001
0001
0028
0001
012c
0040
0038
0008
ff01
ffff
0101
7fff
ffff
0010
0101
0060
0030
fffe
fffe
0028
0038
0064
0038
012c
0060
0030
0002
ffff
0001
0064
0064
0040
0064
ffff
0028
012c
00ff
8000
ff00
7fff
0101
0060
0004
ffff
7fff
012c
ff00
0002
0100
fffe
0038
0001
0008
0040
012c
0100
0028
0002
0040
fffe
0101
7fff
8000
8000
0060
0001
ff00
00ff
0101
ff00
0010
0010
0030
0030
0101
ff01
0040
0028
0002
8000
0004
0002
7fff
ffff
0002
8000
0028
8000
0028
0004
0060
0028
0030
00ff
0001
0064
0008
0004
0002
ff00
0040
0008
0002
012c
012c
0040
ff00
0060
0060
0060
7fff
00ff
0008
00ff
0002
7fff
0030
0038
0064
0004
8000
012c
00ff
0002
0100
0028
0060
0100
fffe
8000
0100
8000
8000
0101
0038
0008
00ff
ffff
0028
7fff
0004
8000
012c
ff00
0002
0010
7fff
0030
0001
ff01
ffff
0100
0100
0038
012c
0008
0028
0028
0004
0010
0030
0101
ff01
0038
ffff
0040
0030
0030
0100
0064
0100
0002
0028
ff00
ffff
0028
0038
0002
fffe
0028
fffe
0002
00ff
0038
0010
7fff
fffe
0010
ffff
7fff
0004
0038
0028
0004
0010
0060
0064
ff01
0001
0010
0040
0040
012c
0010
0008
00ff
0040
0064
0038
0060
0010
0064
0038
0100
0001
0028
0030
0001
0100
0004
fffe
0002
0038
fffe
0004
00ff
0008
0028
0100
ff00
0002
0101
0060
0060
00ff
0038
0002
0101
0040
0010
0038
fffe
0101
7fff
0004
0030
0004
012c
0028
8000
ffff
0028
ff01
0001
0004
0004
ff01
0060
0030
8000
0101
0004
00ff
0008
0030
0100
0004
0001
fffe
0100
0040
0028
0001
0008
0101
0030
ffff
ff00
ff01
0008
0038
0030
0038
ff01
ffff
0008
012c
0101
0030
0101
0040
0064
0030
ffff
7fff
0064
0008
8000
00ff
0028
0064
0008
0004
0101
0101
0030
ff01
ffff
0002
0008
0060
0030
ff00
0002
8000
0060
ff01
0060
00ff
7fff
0101
0030
0040
0008
0100
0028
0001
0010
ff01
ffff
0060
7fff
ff00
0008
012c
0064
ffff
0064
0101
0040
0001
0030
0010
0008
8000
0008
0100
7fff
012c
0064
0101
8000
0038
0028
0060
0004
ff00
0004
0100
0002
0060
ff00
ffff
ff00
0101
0040
0040
fffe
0004
0038
0030
ffff
0040
fffe
0010
0060
00ff
0028
7fff
0001
ffff
0001
ff01
0008
0028
0030
0030
7fff
0101
0040
0028
0030
00ff
0010
0004
0101
0038
0004
0101
0004
0008
0064
0001
0101
0038
0040
7fff
0060
0030
7fff
0100
0008
0101
0040
0101
ffff
012c
0002
0100
0030
0010
0060
7fff
8000
0030
012c
8000
0008
ffff
ff01
0038
0028
00ff
012c
0060
0010
ff00
0040
012c
0101
fffe
0101
fffe
ff00
7fff
ff01
0002
0008
012c
0060
0060
ff01
ffff
ff00
0010
0002
0040
ff01
fffe
0038
0064
0100
ff00
ff00
0028
0030
0004
012c
ff01
ff01
0100
8000
0004
0008
0100
0002
0001
0001
ff01
0030
0064
ff01
ff00
7fff
0001
7fff
0010
ffff
0060
ffff
0064
0040
0028
0004
0038
0100
012c
ff00
0100
0002
00ff
fffe
0040
0004
fffe
0010
0001
8000
0010
0064
0002
012c
0028
0101
0002
ff01
0060
0064
00ff
ff01
0100
0101
012c
0004
0101
0028
0064
fffe
0001
0028
012c
ffff
0101
0030
0100
0030
0064
0038
0038
0030
0100
ff00
0004
8000
ffff
00ff
ffff
0008
ff01
7fff
0100
7fff
0038
ff00
0001
0010
7fff
0028
0002
ff00
0002
0030
0038
7fff
012c
ff00
0010
0100
0038
0008
fffe
0004
7fff
0008
0030
0008
0030
00ff
0060
8000
0010
0064
7fff
ffff
0040
0002
0004
0030
0028
0001
0002
012c
0001
0038
0010
0040
ff00
fffe
ffff
0060
0100
0001
012c
ff00
0060
0100
ff00
0002
0010
ff00
8000
0101
0060
0064
0100
ffff
0030
0038
0008
0100
0040
0008
0040
8000
0064
0028
ff00
0030
0101
fffe
0008
8000
00ff
0038
ff01
ff01
0001
0040
0010
ffff
0001
0060
ff01
00ff
fffe
0028
0064
0028
0100
012c
0008
0030
fffe
0100
ff01
ff01
0002
0100
ff01
0028
0100
0064
0010
012c
fffe
00ff
0028
ff01
0038
0002
0038
0010
0008
0038
0060
0040
00ff
0038
0010
0060
0002
0028
fffe
0002
0001
0004
0010
0008
0010
0002
0028
fffe
0010
0001
0030
0030
0030
00ff
0010
0028
8000
0002
0010
0010
ff01
0028
0100
0028
0008
0001
ffff
0040
0101
0030
ffff
0008
0001
0038
ff00
0030
0002
0004
fffe
0040
00ff
012c
012c
ffff
fffe
012c
ff00
ffff
0040
fffe
0100
012c
0028
0001
0038
0002
00ff
0038
0064
0064
0028
0030
00ff
ffff
0002
0060
00ff
ffff
ff00
0008
012c
0004
0064
0101
0064
00ff
ff01
0010
0001
fffe
fffe
0040
0064
ff00
012c
0010
ffff
0008
fffe
0008
ff01
ffff
fffe
0001
0002
0101
0038
0002
0001
8000
0002
0030
0004
00ff
0010
0040
0030
0004
0028
0100
0040
0030
012c
ff00
00ff
0060
ff01
0028
0038
8000
0004
0038
fffe
fffe
0004
0010
0101
0040
0100
ff00
ff00
0101
0010
8000
ff01
0004
0060
0001
0038
8000
0064
0100
00ff
0101
8000
00ff
0101
0028
0040
0002
0010
8000
8000
0010
0001
0030
0008
8000
ffff
0002
0001
0028
0008
0028
0064
012c
0030
0001
0028
0040
0040
ff00
7fff
0010
0010
0060
0002
0040
0008
0040
fffe
0101
ff01
0028
7fff
0064
0010
ff01
0038
0004
0001
ff00
ffff
ff00
7fff
0008
0028
012c
0001
00ff
0040
fffe
0101
0028
7fff
7fff
7fff
0038
7fff
0030
012c
0008
7fff
0100
012c
00ff
ff01
ffff
ff00
0101
0008
0040
ff00
0100
fffe
0028
0060
0038
0001
0001
8000
0064
0028
0030
ff00
012c
0060
0038
8000
0060
8000
0001
ff01
0010
0101
00ff
00ff
0028
ff00
0010
0010
0064
0001
0038
0040
0001
0004
0008
ff01
00ff
0038
fffe
0100
0101
ff00
ff00
0101
0030
8000
7fff
0008
ff00
0002
0040
0001
0028
8000
fffe
0028
00ff
0060
0002
0002
0101
0101
0038
ff01
0064
00ff
0008
ff01
0028
8000
012c
0004
0038
012c
0010
ffff
0002
0028
0030
0008
0100
8000
0008
0101
ffff
0004
0008
00ff
ff01
7fff
0002
0030
0064
0038
0101
fffe
0040
0060
0040
012c
8000
ffff
0004
0030
0002
0010
0002
0040
0004
0030
7fff
ff01
0008
0060
0101
ff01
0060
0028
0028
012c
0030
0040
0004
ffff
0008
fffe
7fff
0064
0060
8000
0060
0100
fffe
0064
ffff
0030
ff01
0010
0060
0060
0030
0101
ff01
012c
0001
8000
0101
0040
0030
7fff
0040
0040
0004
ff01
8000
0030
0008
0100
fffe
0060
0101
0100
0060
8000
0060
0064
7fff
0101
0038
ff01
8000
0030
ffff
0064
ff01
0008
0008
0001
0060
8000
8000
0100
0008
0004
0002
0001
0040
0028
7fff
0064
0064
0040
0040
0100
0008
0030
8000
0008
0100
0008
012c
fffe
0101
0030
8000
0101
0060
0028
8000
7fff
7fff
7fff
0040
0064
ff01
ff00
0001
0004
0002
7fff
00ff
0060
0001
0038
0028
0028
0100
0010
0064
0100
0038
0040
0004
8000
0002
ffff
0004
8000
ffff
0064
ff00
0101
0038
0038
0040
0064
0010
0064
fffe
00ff
0101
ffff
0040
00ff
7fff
0028
8000
ff00
0028
0001
0010
ff00
8000
ff01
0060
0101
0040
0008
fffe
fffe
0064
fffe
0002
ffff
7fff
0028
7fff
ff00
0060
0038
ffff
8000
0100
0010
ff00
00ff
0100
fffe
0100
0001
ff00
0101
0001
0030
012c
0101
0028
0040
7fff
8000
0028
0064
ff01
00ff
012c
0040
0028
8000
fffe
8000
0001
ffff
0100
0001
0030
ffff
012c
0101
0101
0060
ff00
ffff
0001
0002
fffe
0060
8000
0002
0101
0101
0030
fffe
0038
0030
0010
0064
0038
0028
0038
00ff
0002
0060
ff01
0001
8000
ff00
0064
0010
0001
00ff
0010
ff00
0004
8000
0038
0040
ffff
8000
7fff
8000
0004
0001
0008
0060
8000
00ff
0010
0064
8000
ff00
0100
0001
fffe
0002
0038
0008
0010
8000
0030
0002
0001
012c
0001
ffff
7fff
ff01
0001
0040
0001
012c
0008
0040
8000
0030
ff01
0060
012c
ff00
0010
ff00
0064
7fff
0010
00ff
0064
0101
0008
ff01
012c
ffff
ff00
0038
0060
0001
0040
7fff
7fff
ff01
00ff
fffe
0064
0008
0064
0040
0010
ff01
0010
ff00
ff01
00ff
00ff
0028
0028
0010
0064
0004
fffe
0002
0038
0060
8000
ff00
ff00
0038
8000
0010
0010
0001
0100
0010
0064
ffff
0010
ff00
0008
0028
0100
0004
ff01
0028
0001
8000
0001
7fff
0100
00ff
ff01
00ff
0040
0004
0008
0010
0001
0038
0004
7fff
fffe
ff01
ff00
0101
0060
0101
0030
8000
ffff
0028
8000
0004
fffe
8000
fffe
0001
ff01
0101
0010
0002
fffe
0040
8000
0040
ff00
0064
ffff
0030
0001
0060
0101
0040
0040
0001
0038
0064
ffff
ff01
0100
00ff
00ff
0004
0101
0100
8000
0004
fffe
ff00
0001
ff00
0002
0100
012c
0010
0004
0038
0001
00ff
0064
ff01
0002
0008
0064
0100
0038
0030
0008
fffe
0030
0100
0028
ffff
ff01
ff00
0060
0010
0100
0100
00ff
ff01
0064
0101
0028
00ff
0040
0004
0004
0100
0040
8000
0040
ffff
0001
0004
012c
0060
0100
ff01
7fff
0010
ff00
0001
0030
ff01
ffff
0064
0038
ff00
0040
012c
7fff
0030
0001
00ff
ff01
0030
ffff
ffff
0010
0100
0008
0010
0001
ff00
0001
fffe
ff01
0010
0101
00ff
0030
ff00
0030
ffff
0064
0038
0040
ffff
ffff
0100
012c
8000
0001
ffff
7fff
7fff
0064
0038
0100
0038
0010
0008
ff00
0060
0100
0008
0010
0010
0038
ffff
ff00
0004
0060
ffff
0010
fffe
0008
0060
0004
00ff
0040
0002
0100
0064
0100
00ff
7fff
0008
0004
0064
0064
0001
0004
0028
0004
0002
ff01
0038
0064
0101
0028
0064
0100
0028
0001
00ff
0010
fffe
8000
00ff
ff00
0010
0060
ff00
fffe
0008
7fff
0010
8000
0002
0060
0101
0028
0001
0010
7fff
012c
0100
0030
ff00
0028
00ff
0010
0040
0030
00ff
0004
ff01
0038
7fff
0004
ffff
00ff
7fff
012c
0002
0040
012c
0028
0060
7fff
0100
0030
ff00
ffff
00ff
0100
0040
0060
8000
fffe
0040
0064
0040
ff00
0008
012c
0002
0008
0004
0001
00ff
0002
0010
0008
fffe
0002
fffe
0008
0040
0028
0038
0002
0028
0008
0060
7fff
0028
ff01
7fff
8000
0010
0038
0101
0040
0001
0004
fffe
0030
fffe
7fff
0030
0004
0030
0008
0038
0001
0001
ff01
0064
0004
00ff
fffe
8000
0040
0030
8000
7fff
0101
0030
0030
0001
ff01
00ff
0001
012c
0038
0030
0002
0030
0002
0002
ff00
fffe
0101
0030
ff00
8000
8000
ff01
0030
00ff
0064
0010
0002
0008
0101
00ff
fffe
0040
7fff
7fff
7fff
0030
ffff
ff00
ffff
0100
0030
ffff
0001
7fff
0028
0038
0030
0100
8000
0008
ff00
012c
0002
0004
8000
0030
0002
0001
0001
7fff
ff00
0004
0100
0002
012c
0030
0100
0101
0100
0030
0008
0040
ffff
0004
7fff
012c
0010
7fff
0002
8000
0030
fffe
0001
fffe
00ff
0001
0002
7fff
012c
0040
0040
0064
012c
0101
ffff
0038
0004
0010
7fff
8000
0030
012c
0002
0064
0038
0010
0008
0030
0004
0064
0060
8000
0008
0064
0002
ff00
0028
0060
ff00
0030
0040
0004
0010
0101
0101
0038
ffff
0064
0101
0064
012c
0001
ff00
ffff
0008
0064
7fff
00ff
0010
0030
0008
0101
ff00
8000
0060
00ff
012c
0004
0100
fffe
0040
ff01
fffe
ffff
7fff
0008
0030
0064
0060
0002
0008
012c
0060
0038
0038
fffe
0010
0028
0060
0101
ffff
8000
0038
0101
ff01
ff00
0001
fffe
0008
0064
0008
7fff
0002
0100
ffff
0101
0040
0028
ff01
0002
8000
7fff
0008
012c
ffff
ff00
0028
0064
0060
ff00
0004
ff00
0002
012c
0040
00ff
0008
0060
0101
0064
0060
0040
0030
0010
0064
0060
fffe
ffff
8000
0040
ffff
0100
0002
0040
00ff
0100
0002
0010
0038
ffff
0008
ff01
012c
ff01
0064
0002
ffff
ff00
0028
00ff
0040
0101
0100
0064
ff00
0001
0001
0040
0030
0002
0001
0008
fffe
0001
0010
0004
012c
8000
00ff
8000
0004
0038
0040
ff00
7fff
fffe
012c
0004
00ff
00ff
7fff
7fff
0001
0101
7fff
0100
00ff
fffe
0100
0060
0008
0004
0038
7fff
0004
ff01
00ff
8000
ff01
00ff
0030
0060
0028
0064
0001
00ff
ff00
0038
0060
0030
ff01
0028
0040
0008
0004
ff01
0038
0038
0038
ff00
0030
ffff
0002
0040
8000
ffff
0008
0060
0038
ffff
012c
0001
0030
0028
0028
00ff
8000
0001
0101
0004
0002
0001
7fff
ff01
0100
0040
8000
8000
fffe
ffff
0004
0064
0010
0004
012c
0010
0004
fffe
ff00
00ff
ff00
ffff
ffff
0101
0100
ffff
fffe
0060
ff00
0064
0060
0001
0001
0030
fffe
012c
0101
0040
0038
0040
ff00
0001
0002
0101
0060
012c
7fff
0001
ffff
0028
0002
0101
00ff
0002
0010
0028
0064
0060
7fff
0101
0001
012c
0001
0064
0101
0064
0001
0040
012c
0064
0028
0030
0002
012c
0030
0028
0010
012c
0060
012c
0101
0008
0028
0040
0038
0040
8000
ffff
0100
012c
0040
012c
0038
0040
0064
7fff
0064
0008
00ff
0002
0064
0008
0001
0038
0100
ff01
012c
fffe
012c
0064
0004
0008
0100
012c
012c
0008
0040
012c
ff00
0060
0028
8000
012c
ffff
00ff
00ff
0040
0038
0002
ffff
0008
ff01
0030
0010
0010
ff01
0001
0040
0030
0010
7fff
012c
0064
fffe
0004
8000
0001
0002
0001
ffff
0008
0001
0040
ff01
ffff
0002
8000
0060
0101
00ff
0008
00ff
fffe
0010
0100
0004
0004
0028
fffe
0008
0100
0038
ffff
ff00
fffe
8000
ffff
0010
0101
ff01
0100
ff01
0101
0101
00ff
0002
ff01
00ff
0030
8000
0064
7fff
0010
0100
0030
0010
0010
8000
0040
0010
0064
012c
0010
ffff
0028
0100
0040
ff01
ffff
0008
0064
00ff
7fff
0010
0028
0100
012c
ff00
0028
0060
0038
0038
0028
0100
0100
0028
ff00
ffff
0060
0030
00ff
012c
0002
0008
0002
012c
012c
0064
012c
0060
0060
ff00
7fff
ff00
0008
0060
7fff
0030
0004
0004
00ff
0038
0064
0038
0008
0028
0028
0001
0008
0008
0100
0101
0064
0001
012c
fffe
7fff
00ff
0038
ff00
0064
0040
0064
fffe
00ff
ff00
0030
ffff
0028
fffe
7fff
012c
0010
0002
ffff
0002
0010
ffff
0064
fffe
0010
0010
0004
ff01
0060
ff01
8000
fffe
0101
0028
fffe
0030
0060
0064
0100
ffff
0060
0038
0010
0064
012c
ffff
0040
8000
ffff
7fff
012c
7fff
7fff
7fff
ff00
0060
0008
0101
0060
0004
0064
7fff
0001
0030
0101
0100
0060
0040
0028
7fff
0028
ff01
0028
0064
0060
ffff
0010
fffe
0008
00ff
0060
0008
012c
0028
0100
0004
0038
8000
0040
7fff
0010
7fff
0060
ffff
0060
0028
0002
0030
fffe
0064
fffe
0060
0001
0064
0038
0004
0028
0100
0064
0064
0008
0008
00ff
00ff
012c
7fff
0060
0008
ff01
0010
0004
0064
7fff
ff01
ff01
ff01
ffff
7fff
0040
0004
0008
0028
0040
0028
ff01
ff00
ff00
0030
0001
ff01
0101
00ff
fffe
0002
0004
ff00
0101
0001
0101
7fff
012c
8000
0101
0028
0001
012c
0001
0010
0101
0001
0100
0002
0008
8000
0101
0010
00ff
ff00
0040
0064
0004
7fff
0002
0028
0038
0030
0008
0008
0038
0010
0028
0008
ff01
0060
fffe
0060
0100
0040
0038
0040
0030
ff00
0101
0001
fffe
fffe
7fff
0030
0002
00ff
00ff
ff00
0038
0004
8000
0060
8000
0038
0030
00ff
ffff
ffff
7fff
0001
0010
0064
ff01
ffff
0028
0010
0028
7fff
0100
0002
0010
012c
0030
0038
0060
0100
0100
fffe
0010
0010
ff01
0060
0064
8000
0060
ff01
ff01
012c
0010
0028
00ff
0064
0002
0101
fffe
0101
012c
0028
0001
0010
0100
ff00
ff00
0008
8000
0010
0060
fffe
7fff
7fff
ff00
0010
0010
fffe
0040
0100
0002
012c
0038
0038
012c
0060
0038
ffff
0060
0038
0030
0038
0038
00ff
0100
ff00
0028
0064
00ff
0008
ff01
0001
0030
0100
0030
00ff
0001
0002
0101
012c
0038
00ff
ffff
0004
00ff
0064
0028
00ff
8000
0028
ff01
0060
fffe
0002
012c
0004
7fff
ff01
ff01
0008
ffff
0002
8000
0028
0060
0100
0028
0038
ff01
00ff
0001
0030
00ff
00ff
ff00
8000
0002
00ff
0010
0010
0060
0008
0028
0008
0001
8000
ff00
0030
0010
0008
0060
0008
fffe
ff00
0060
7fff
fffe
0100
0002
ff01
fffe
fffe
ff00
8000
0100
012c
012c
ff00
0001
fffe
0064
0001
0028
0010
00ff
0010
0028
7fff
0010
ffff
8000
0004
ffff
0008
00ff
0002
0101
0004
8000
0004
0101
ff00
0008
fffe
8000
7fff
0010
0001
0010
012c
0040
0008
0004
012c
0060
8000
0038
0100
0064
0010
ff00
0064
0038
0038
0002
0008
0030
0038
0010
0064
ffff
00ff
7fff
0004
012c
0101
0010
fffe
0038
0038
0030
0028
0100
0002
fffe
0004
0064
0010
7fff
7fff
ff01
0040
fffe
8000
0101
ff00
0001
0060
0008
00ff
0101
0038
0004
00ff
0004
0028
ffff
0002
0030
0028
8000
8000
0100
0038
fffe
0008
012c
0064
ffff
0030
0001
0010
ff00
8000
0028
0060
0030
0004
fffe
0004
8000
fffe
0008
fffe
0040
0028
0064
0060
0008
00ff
0101
012c
012c
0100
012c
7fff
0100
0004
7fff
0064
0064
7fff
0100
0038
0028
7fff
0002
0010
8000
0040
8000
012c
0040
0001
0064
00ff
0030
0100
012c
0030
0060
8000
0060
012c
0008
0060
ffff
0100
ff01
0008
00ff
0060
00ff
ff00
8000
ffff
8000
ffff
0040
fffe
012c
0030
0100
ff01
0004
012c
0038
0010
0101
00ff
0101
0101
012c
fffe
0030
0010
0010
8000
ffff
0060
0100
ffff
0038
ff00
0060
0001
0001
00ff
7fff
7fff
0064
0028
0100
0038
ffff
0002
0060
ff00
7fff
ff01
0100
0064
0028
0064
ff00
0028
0028
ff01
0040
ff00
0101
0038
0100
0040
012c
0100
0028
0030
8000
012c
0002
0101
0010
0002
0030
ff01
8000
ff00
0008
0001
0010
fffe
0100
ffff
ff00
0100
0002
ffff
0010
0001
0060
fffe
0038
0028
0002
0008
0001
0060
012c
ffff
012c
7fff
8000
0002
0038
012c
0002
0060
012c
8000
0030
0038
0060
0028
012c
0008
7fff
0040
0010
8000
8000
012c
012c
7fff
0030
0008
fffe
0038
ff00
8000
ffff
0008
0001
0008
ff00
0100
fffe
ff01
0064
0004
0030
0040
0064
0002
0040
0001
012c
fffe
fffe
0010
8000
0030
012c
0010
012c
0064
0002
012c
00ff
ff00
0008
0010
0028
0030
0001
7fff
0001
7fff
7fff
0001
0101
8000
0100
ff01
0101
0064
0101
0001
0101
0101
0100
8000
0101
0010
fffe
0001
0001
012c
0001
0040
0060
ffff
7fff
ff01
0010
ff01
0100
0064
ff01
0060
0060
0001
00ff
0040
0040
0064
0060
ffff
0038
0064
0008
8000
00ff
012c
0001
012c
0030
0100
0064
0004
0030
0028
0008
0010
0064
ff00
0002
0008
0004
0030
0001
00ff
8000
7fff
fffe
0028
00ff
7fff
0001
0100
ff00
0040
0030
012c
ffff
0004
0001
0030
0008
0101
fffe
fffe
0038
0010
00ff
012c
0064
0002
0060
0101
ff01
7fff
0010
012c
0038
0010
0060
0028
0030
0002
0010
0060
0100
012c
fffe
8000
0001
0101
ff01
0028
0101
ff00
0004
0101
ff00
0100
ff00
fffe
0101
0010
0008
0001
fffe
0064
0008
0060
0101
0008
fffe
0060
0002
0030
012c
0030
0008
012c
0008
0002
012c
0001
0030
012c
7fff
0101
0008
ff00
0100
0030
fffe
012c
00ff
0004
8000
0030
0060
0028
0002
0002
ff00
00ff
0038
8000
0030
0038
00ff
8000
ff00
0008
ff01
00ff
00ff
ff01
7fff
0100
0101
0101
0064
0064
0064
0064
0001
0001
0010
0028
ff01
012c
0002
0028
0100
ffff
7fff
0101
0100
00ff
0002
0100
00ff
8000
0064
0010
0100
0004
0028
7fff
7fff
ffff
ffff
0004
0001
0008
7fff
0004
0008
0004
0060
0010
0040
ffff
0064
00ff
7fff
0100
0060
ff01
0038
0028
0030
ff00
0064
0030
0040
0002
ffff
00ff
0100
0010
0030
00ff
0040
ff01
0028
fffe
ffff
0101
012c
0100
00ff
0064
fffe
7fff
fffe
0038
0004
ff00
0010
0101
0008
0008
0064
0004
fffe
0008
0004
ffff
0004
0100
0101
0040
012c
0008
8000
0002
0030
0064
0064
0030
0040
7fff
0030
0028
0100
0004
00ff
ffff
0064
0010
0028
0038
0101
ff00
0002
00ff
7fff
012c
0038
0064
0064
0038
fffe
ff01
ff01
0040
8000
0030
fffe
0038
0038
012c
0001
0008
0038
0040
0008
8000
ff01
0100
0101
0030
012c
0060
ffff
fffe
0101
fffe
0008
0001
ffff
ffff
0008
0008
0030
0002
0008
ff00
012c
0060
ffff
0038
0028
0101
0060
0101
0010
0040
0030
fffe
ffff
0010
0028
ff01
7fff
0101
0010
7fff
ffff
8000
7fff
0002
8000
ff00
0040
0004
0002
0002
0030
0028
ff01
0001
0001
0101
7fff
ff00
0002
012c
0001
0060
00ff
ff01
0030
0010
012c
0060
0038
0040
0030
0100
0028
fffe
0010
0064
0004
ffff
0040
0101
fffe
0040
0100
0028
0100
0028
ff01
0008
0028
0010
0040
0001
0040
ffff
0002
0100
0030
0060
0030
0001
7fff
0060
0060
0101
0008
0038
0101
ff01
0004
7fff
0100
fffe
7fff
012c
0028
ffff
00ff
0038
0040
ff00
00ff
ff01
0038
0008
0064
0038
0101
0040
ffff
0010
8000
0038
0028
0004
0101
ffff
0038
012c
00ff
0038
0064
0101
7fff
0028
0038
fffe
7fff
8000
ffff
0001
0038
fffe
ff00
0038
0060
0030
0004
0101
fffe
0008
0101
0004
0004
0001
0030
0064
fffe
0028
ffff
0001
0002
ff00
0030
0100
0028
ff01
0004
012c
ffff
ff00
0004
0030
0008
ff01
012c
0040
0100
8000
0101
0100
ff00
8000
0002
0100
0101
0010
0004
0101
0040
0040
ffff
7fff
fffe
0038
0028
0002
ff01
00ff
0028
0038
0001
fffe
0028
0040
ff01
7fff
0101
00ff
7fff
0100
ffff
0064
ff00
012c
0038
0064
0002
0100
ffff
0004
0010
ff00
0002
0004
0101
0028
0064
0101
0100
0028
ffff
0030
0008
0064
0030
0002
0100
00ff
0008
0101
ff01
0001
7fff
0010
012c
0040
0101
ffff
0030
ff01
0001
0004
012c
0002
0010
0010
0060
012c
8000
0004
0008
0001
0101
0004
ff01
0028
00ff
0028
ff00
012c
0101
ff01
0040
00ff
ff01
8000
0100
012c
8000
0001
7fff
0064
012c
0010
8000
0001
0101
0010
ff00
7fff
0028
0040
ff00
00ff
0101
8000
0002
0008
ffff
0001
ff00
012c
ff01
0002
0038
0028
0002
0038
0064
0060
ffff
7fff
ff00
0028
ff01
0064
0002
012c
0038
ff00
0010
012c
0038
0010
0028
0008
00ff
0040
ff00
0001
0008
0030
ffff
0002
0101
0004
0010
ff00
0028
00ff
8000
0030
ffff
0038
0101
ffff
0028
0038
0100
0100
0008
0010
0001
012c
0040
0004
0010
0100
00ff
0028
0010
8000
0060
0038
0064
0040
0060
0028
0010
8000
7fff
0038
0060
0002
0040
0002
ffff
0001
0101
0038
0060
0101
0010
0060
7fff
0004
ff01
0100
012c
0101
ffff
0004
fffe
0008
0100
0038
00ff
0064
7fff
0008
8000
0064
ff00
0030
00ff
0028
ff01
0028
012c
ffff
ff01
0002
ff01
0100
0040
0010
00ff
0004
0060
00ff
0004
8000
0008
0001
0004
0002
0038
ffff
7fff
ffff
8000
ff00
0100
0100
012c
0060
0008
0002
8000
7fff
fffe
0040
0008
0038
0001
012c
8000
0010
0038
0030
012c
7fff
ff01
0040
7fff
0001
ff01
8000
0060
fffe
0064
0064
0002
8000
012c
0001
0060
ff00
0008
00ff
0040
ff00
00ff
8000
ff01
8000
0028
7fff
ff00
0002
ff00
8000
ff01
012c
0040
00ff
0060
ffff
0028
0040
ff01
0008
0038
8000
0101
00ff
0030
0040
0030
0028
0101
0060
ff00
0010
ff01
ffff
0101
00ff
0060
fffe
0010
ff01
0028
0008
8000
0100
0010
8000
0100
0008
0030
0008
ffff
0064
0038
ff01
0060
8000
0100
0040
ff01
0008
0001
012c
00ff
ff01
0001
0101
0004
0101
ffff
00ff
0008
0004
0064
0100
0064
0001
ffff
0004
0008
ff01
ffff
0008
012c
fffe
ff00
0030
0002
0101
0030
0002
0010
0040
0064
ff00
0040
0001
ff01
00ff
ff01
8000
0008
ffff
0004
0001
00ff
0004
00ff
0101
8000
00ff
8000
ffff
0030
7fff
7fff
0100
0040
0028
0008
0001
ff00
0100
fffe
0030
7fff
0028
0030
0008
0101
00ff
0030
012c
0010
0038
0002
0004
0002
0002
0008
0064
0030
0001
0004
8000
0010
8000
0004
ff01
7fff
0028
8000
0004
ffff
0001
0100
0064
0001
0100
0030
0030
0010
0001
0101
7fff
8000
7fff
7fff
0040
0038
0001
0064
0001
0004
012c
ff00
fffe
012c
0010
0028
7fff
ff00
ff01
012c
0060
ffff
0008
8000
0101
0040
0100
0064
ff00
0100
0038
fffe
fffe
0001
0040
ffff
0040
0010
7fff
ffff
0002
0010
0040
7fff
8000
0064
ffff
fffe
ff01
0008
8000
ff00
0060
0100
0064
7fff
0001
8000
00ff
8000
0100
ffff
ffff
0008
ffff
0030
0040
8000
7fff
8000
7fff
8000
012c
0040
0060
0028
0100
8000
0038
0004
0010
