27b9289
7c1dbe3
3e6e0e3
2e67bfb
02225d3
3a261e6
001ce79
6bd4c97
369de80
307ee52
19c792e
4773286
4af7f47
5a70663
5882750
419371b
68eaa47
69704ea
3a98113
3909038
2e7da72
1bf4dc4
2e22a04
439cf5f
63e76ac
6b9fb47
27a07c0
5de1870
745a075
5a11bee
12c1d43
3ef04bd
7d5d570
7ed1810
64810fe
26cbfd2
55dffe1
6a331ae
6c72ea4
27bcdf2
2875d9f
5cd6b2f
2021892
524c4c5
208afb2
725f7af
3904c7d
0acbde2
665d145
1ca7e09
3ab5214
785c477
611aff6
58e0434
4517ee0
76c828f
3816aaf
24e65e0
6a8f78a
094c536
02628b7
41734da
352fbc6
07c0a87
4adc664
0ca6323
45d28c0
4449354
4b2e6b5
61d434a
66bd656
1b72402
3e70113
1de9f18
53fae45
275904c
5654bac
67dbeef
2d11859
307b95d
3df9e7b
63c6cce
71d5f02
0c283c8
6426096
2422159
3b59346
078119e
1ceddc1
1e98b40
6c0f69d
123fe16
38b9ed7
18b2712
54cbd79
2a04d54
36efac8
48b0875
39673fb
1c54674
07a22d3
08ba046
0e37187
667052e
3b2f6d2
5100e44
62a5685
527c34f
59cf518
2a85c74
3828321
7c923f6
1d8aa5c
7f31888
4bf72b2
4d5990b
0bf1653
1e14129
3e1e26a
12ece55
24cf2f1
0ec1cad
35662e6
163d705
28bd053
0faba6e
4585c39
209ee27
771119f
7e714c1
2760ed0
764a97c
20c1843
11fb9e4
7df2158
06e70e7
5330b26
7bb0996
3ab4734
61e15be
5663794
4ca4d52
6ed8fab
52b4d14
1337f1d
6e8e09c
37c821c
3df4d6c
30afb8d
7f3c93f
7ce57f1
7f6ae49
4d7cec8
56fb5b0
044121f
52ec090
4be02e2
787ed61
241e3fe
568f0d2
4a1c337
014e356
4d10011
51c311f
36a0c7a
4335691
231e30a
24b690b
62ab72f
3e4fb3c
74303e0
0f5fcf2
644421e
45bd31f
3beb3f5
5a39658
119fcf5
4352056
687df80
60448c8
61c68c0
08256a4
1085d86
354ee45
1c65321
7532451
62ab585
42a91ae
3b30112
04c5d5e
714816d
56d13c5
4a2583f
345a683
587a99e
6e2dd52
48cc767
0451946
28ab1c8
1490941
79791ab
1f65561
4f331b7
4dd886d
7a3fb12
0b4dbcf
1dcc5a7
06c0586
6e829e0
424d6e8
5edad7b
2649d61
4cf25c6
1bf8460
52c1fd1
60d9d72
52bf4bc
5bf479c
14783a0
61f51d8
3672aee
76dac93
279d694
525a559
464cb13
2847a7f
3d9f137
510ce4f
78dd451
1cd6832
41bdf1a
12197f9
3a5da71
2a0ee0b
0f961f7
05b367d
1a290fd
690fcea
1fc0771
309abae
260f7cc
6ff2720
7755e5e
1c705c2
72fcb59
38771fb
445e90d
5cfccf9
1669c53
5aee04e
148831f
0d11cb6
7ba721e
2a34b95
3a7d389
47e0907
1984e6b
57a33ea
39cecc2
3104c50
7523dba
0791010
40c8ffb
11f862c
1eb102e
12b79b0
51ea3bb
6f1887b
0d39616
49300ee
53a65ec
4ae6d0d
7a935fd
6f445a1
008d415
0c2b9e2
5b15c8f
2da71ca
42a64cc
15bc7a4
451cd2b
11d606c
7316cb1
2ce0405
102a3c8
1c7ceb0
6fdeb16
1f2ca56
0e71305
7f6161e
3648113
4cd5db1
560f0d4
4ec77fd
791b6ff
644aa7f
090d041
4d494a2
2e6c86f
7a1dbdc
79832cf
219d3e0
6a7e025
3d541da
77cd8fa
69ef117
4cd8f4d
3a09aed
6efa8b9
03ca529
78926af
0b6a12d
5ab4384
681bd97
508f552
69d27cb
00aaf8b
25abb8c
6dfca2c
27a27ce
40c9122
0e2ef91
21c0407
7f61388
5e3aff5
20aa096
60e17ef
3741f02
5f0dcef
164bde8
431154f
317ba84
0869118
2aa90c0
239ca50
3ab71dd
1abe8f6
3464a60
386761f
2ceb725
28eea4b
2686bac
54a6ed7
046f412
6cf5aa4
68e5ec9
2878289
0ac72f0
39642c5
6f05482
4486e71
3faf9de
696868d
6707f56
67bc6a3
76d1f5f
2360755
557dcb2
51dc59f
3706cd1
15ef493
7f479c0
67f755c
0b1ec65
67b671b
1f9d907
0649d33
34822a7
7a7a52e
414ec9e
3595614
429213e
01cc87f
4c0178d
2124f9e
7424b5f
16a3d5d
24589a2
55590bd
0bc333c
1317173
573f488
324ff76
20e272c
3b7d191
6af0147
222ed5d
68ad484
4a38d6c
539918e
5c651e3
48a6d6d
7f55715
3c86ac2
65483c8
56fbb95
464c862
3e72fa9
5b8cbda
27fa2c5
664f74f
3b3a216
656036c
0f9b15b
279b7ba
0543b48
50e209e
52cc3c5
162ab7d
6d29533
7c73727
40f8f6b
1a4b64e
6f0c090
78995f2
3985477
5e5fa29
67581c1
1910299
0889a04
4276588
5652803
249445f
2551c3b
7d967db
3322f1b
63fab41
21e1d12
0cd5407
3ec3e01
7d0f64d
1b48429
730e325
26e764b
60a0276
190f309
71ef6a0
34ef2b6
6ee2c62
1a12cef
12f2a48
67935c7
4b0700b
2255de3
3a24deb
7d49c96
17e5300
5e3f76e
762cd9f
5babbf9
07f1db3
5ca08a9
3c05e71
4973f9d
40ad69f
68acfdb
5ba978a
1cc4ceb
55f5567
7eb55cd
7615ab6
6af8d14
51f0525
36d2b7a
3085f5b
440de54
2d77f8c
02409a7
3bb3cb7
180e03b
6211af0
725d356
12d0edd
0f3714f
79e3e7c
659e0fa
3865468
35d0139
02a79c4
19ecc80
01a6b45
0afa134
555abb8
082e36d
2007b68
4e0450e
6f27e51
0eefe1d
628772b
7a28215
3257a58
6c0a2c8
727d7ba
2b75668
2e498a6
53d24d5
15a0adb
00b2cd3
0c6534c
441abcd
11ca628
2ce6a42
4f3b3a1
4d5ff37
4bc491c
3de16b0
091cfbe
03ffdb9
007688a
6e302fd
55c866c
67242d9
43c86fe
33de46f
28e3ee3
476a76f
1aff661
0b7eba2
724afb4
41b6ee2
65d9851
15a28c5
5bcccd0
14e404e
23b5e0e
03456df
52294de
0dbc521
7cb568d
0c1e5a6
765540d
651a2d5
701d01d
7cafa6d
011ccda
4820dc2
4bc99d2
1abfe1e
0cd10b1
696c408
4f0b046
2b1cd4f
665a900
1501e66
40a81c8
3f720d7
04922fa
05b8855
37bfc02
2212451
40c7d54
25be01c
3ac63d2
50e7d9d
76b90df
2f186d9
4a09b0f
22dc40c
2f854f7
4e99fa4
633a3ba
6b4b89d
6a4c958
02cf037
3e4481d
7f2e3cd
113c548
3c04139
3aeedb5
0d11e2f
1309f30
309ce9c
68acdd5
319f15d
405d7c1
7280b01
5aa94d8
24f6d23
0e78dcf
7aa0fa7
680e3e6
1cdf525
7f9fc72
34a2798
46258ef
64321a2
4c3a30c
5972029
0232651
59c749d
73c32c8
71b5bd6
0d49ef2
7817e76
554726f
34de658
4095736
693a81a
5d7cc49
08e8ee7
1d6ca26
3e7184a
4b90e37
48590d5
5c2ef21
62ba32d
40c8144
0c824f2
45046cd
33cf2b5
557bd47
2e5cf53
3cc4571
2f83bd1
41b491d
1455dd8
7b27c67
6525d91
2c2ac06
1bdc309
463146c
7c725a8
38a8af0
039b177
3fe75af
2283d7a
5de9e8c
0040d33
5b39411
5ed4f37
7bb3f97
5bb3667
0039354
0ca2b8b
364b493
6318856
754df9e
6daaa30
41c78a1
5e51765
7f5a97f
1517c78
64f76ec
4d9b20a
1c7d6f1
1557376
427de8e
7f242ac
0b44e8a
5bb560c
16b0537
76aafa5
699ce32
13c5ccc
2b70b52
33cf179
7709893
4f7e3b2
4bacf0e
2d36e06
2637f02
3696d2d
18be570
2805158
4bf18e4
4b6a7b4
0384dcf
207719a
09a8b4c
7d1f216
0731552
7002764
6fdf6a1
1d9651f
06623c4
2065fff
43f643a
272ab4a
1ce80cb
7de4f58
5e9c972
6fb11fa
2a6be19
7c30802
322e5ff
09dd7d7
7e10c03
7c17730
1db71c8
15ea49e
7e3d5f2
6cd1a26
377163f
1fe4869
6b1023c
52d5eae
19683c9
7cb2746
384ad9f
1a0fb44
47e7f1d
6ddc29a
2451cb3
56d385d
449339c
1004765
26ba201
6e04878
6b15bde
35a96e7
3133380
0bef757
47a9bb5
0b30d97
21781c5
45aec6d
7eb2f3f
774ab10
0227347
374c5e7
12dc465
7f2b16c
4d6fc6d
659b8f4
2efbed8
1d50ade
200b70f
138ac3e
44e5ce2
0b0443f
7bf72ee
51d500b
378aebf
44d40e0
0d83202
0894bbc
495b65a
1b61a58
57fcd05
57b8358
45c8b96
4a76c69
214b9f8
76617ab
2294307
4d62358
6926a67
784069f
514e637
34403f0
253e51b
44e73bb
641f55e
280ced0
4ff08f3
6f70522
58e1764
769a419
15612a3
250377c
006f06b
1235b79
41b6138
031111e
5c961ff
20856c1
243e05b
5ef0e69
4bea75f
40449f0
4d450c3
56ce876
4495050
6e99b1a
7a00ab8
71ae96d
1549eb9
2f8d0a7
418a521
6cfaee5
1da0921
638683c
54dfb72
29f02cf
449867c
681c8bb
66be8a8
0ab1f85
71826f8
56ae021
22a8df3
27054ea
186703b
4a9edf7
4e9c0d4
1ffc9a6
154bd8a
003d3f1
37c0899
25266fa
4556763
071a445
2b5f24b
6e784e8
1a53d1b
340b044
10c21c6
0fdfe51
5c74525
017fece
2cc3b2b
0d12975
26c1dcf
053b7fc
35cc6d4
028f3d1
050efc7
33aa7f6
63f98a3
5ab930f
56b096e
66cea5d
3bd71ad
723f4db
5ffb4cf
14c3f6a
21ba3a6
0c9421c
3f76cbf
75b6fa7
594a49f
6f880c2
4bc2af1
34dc15d
5ee76c7
4909147
58da117
4b7f972
17aba45
49eb25e
64e248c
236a6ae
78d9d05
649420b
35b66be
5840dd2
6037c6e
2bec297
1ea564c
77c66ed
7461b24
27e9116
7cef0e3
5f3f140
690cf8e
3670668
77883ca
660408c
7d313c1
05781cb
6f362a2
1445ad5
7019d65
153a035
3dfac37
7d4f0d2
3e0987d
331f94e
3db1c1e
4c70489
763a868
49ec5a2
3290dbb
42f43a3
4775c45
4c77aee
465da25
4953b31
0d3c3c7
4569747
3341294
35a09fb
20e62b6
212c1fc
315fe04
1aaebb6
03b0780
119bd76
68f34e0
09bf4ca
6b3a7f7
53ca795
590da51
54f3cc3
014ea44
384a789
62176ad
31827c3
028960e
1c0a996
423635f
79830d8
46fb49c
4e71c1a
3be5e6c
1c4c6fe
4d9e38b
5fa8c32
11753e8
4ca1e16
1c03d97
54bac32
4112d0c
79eb5b0
4c7b5b0
5ffe6ce
7d42b16
5c0d2fe
1b6770f
4141a15
246cd45
0072efa
0c8c04d
5dd49c6
6bec1a8
0c1a641
60b7379
174c144
489279e
14c9b4e
213e709
1dce378
0773fab
7b40310
3131904
28faaa6
36d2cb1
5a302a4
064ff9e
1f7d9d2
1787068
4a656e4
6e1cdeb
3df05e2
2022b10
1161cca
28f772a
55f69ff
25abe8c
4c55f96
48cb1ee
4dc2894
1617aeb
74a543c
59cd3be
22ed36f
598b409
1792379
107f2d6
72a3765
150163f
76985d8
7aeeff7
1cd4bb1
3dd1159
461de40
5257947
563eb5b
5304fb9
06af2ba
744408e
67a3583
3f1370e
4fe440d
5c3621e
36a56f5
1147001
35ed34f
3546ef6
7791e35
16de7d1
57fa57f
44e7a4a
13deae3
3030594
29be571
422ae04
4802fc8
4fb9b73
743307b
4159ba4
1dbcfd8
1cbfff5
012ede7
7fed977
5117ac1
64b14fd
20944f9
036b127
1b0b0a4
6b744d4
712f8e0
48f3c08
18b1d51
4c41a42
2421e61
521b389
72132e8
34146dd
2c989b9
2b6af1f
72cc24e
2928516
36cb8a0
42564c1
3572356
00d4aa9
0a04ef6
216d194
3d01853
7d47900
0a72b54
12642bd
5238dfc
304504d
064b7aa
58a4a37
64a83f6
5db6008
3023b41
4af4474
3ad56cb
5e282ef
312e42a
3c7a162
2f3b7f2
4c95fa6
2b954f7
2bc862f
2a0d7d4
1d3c77b
2b11611
60dfd4b
26efe81
353e908
52856c0
0f06d0e
213302f
310fea9
2e431d5
21430d5
21391e7
75b8ddb
27839eb
2a7826c
0ea8485
1c01ce9
12eaecb
78e3ca0
64da4f7
143fb2c
13f56df
7bcb1c6
45d966b
70ae038
7f4647c
5d431b9
1c0eee7
6acc779
66a58da
2da1e6d
20b6889
59438dd
48dea9b
4bdc3ba
3381678
51472e2
6d6664e
2086cbe
51507ee
339be3e
734eb36
25fca7d
706cf2b
4672c5b
3011a8d
05ed590
3de81ac
5cace9d
37bd56e
23a8a38
30997a7
6ef12b8
5f43ac4
6fe7f32
53ad1ed
7ef59f3
3d54f81
01ce7fd
5cf86cf
3f0faa3
31c9831
64cb736
1aaeab7
735ee16
0e7bc35
4bce01b
58bdf06
3e0b787
451aa5e
30b26e0
631b7dd
06b5ab1
295f7a3
5c23c35
66f76e8
27935d0
3bca0fb
4d42522
20b5f78
47b1a6f
0f2dd03
5a31eae
2419c8b
7549a21
6de003d
445c5bf
1aedf2c
3ae75b6
7fc9ffc
037cff5
745a057
5b988ca
20b8be2
042bd3e
00d0b96
4cb758f
3077b86
596bf3c
03e9b02
71c5017
06a8565
2597a55
7abc4ea
48b89a5
2a0f51c
3abac7d
6f91aaa
1e690a2
1869ad5
4c05403
09676dd
371bf2f
109039a
06c3662
414f997
1e31ca3
1c994d9
5fa7b49
1b9f82f
7dc9fb0
005da80
55dc244
0ee84a5
0a3fd55
7c5adb3
1845c9e
432b516
49791fd
1f51cda
49f471a
3af67dc
2b70dc7
353d97f
7b2c601
11f4c48
238c60f
3807d6f
008461a
2424770
2902700
0756a69
29a8b44
5f1d841
10f607c
741c2ff
7092cf3
416bed5
5a168fb
29e2abd
582a5cf
16a9d12
6c8f3ee
305c0b8
2078ee4
6079146
0b23d01
544c2ee
48e6e1b
5678d3b
07dcb75
265ba0c
2242840
5b09442
452f66e
4347d21
583d067
6a3f099
2059cf1
11d02c9
4e290fb
6110175
4a6094a
7efa534
199c906
4d2ac5a
67941b7
4744468
52f43e0
5da146b
78c12df
13fdb90
4588938
34c0dd5
6897489
474107b
3e5414b
4fa7faf
15ba528
16fdd5a
5d747a6
747e3c7
7a83426
6f1fe3d
386237d
7c7633d
7717069
47561e2
0bc4bae
32e62b5
4c4cc88
7996475
1652420
5b3dbfc
44a6d69
6aa23fb
26f1509
0b564f0
518f60a
00f114a
06d8736
56296aa
61c93db
3546b35
20d39a3
2e246a5
7c1036d
67f73e5
6e39075
620b67a
1337b28
3a297a8
6938f2d
5fe28e3
40a88cd
2c3d886
2e334da
6b06363
15b963a
252cb96
001d932
0709fd3
0b80a5c
3dcd3b3
3cedd6e
4c6d45f
70276ad
1a2ae87
5c2e7c8
592d68e
64d7da8
3d76be9
4f28893
6804abd
3ed31c0
02a0789
2b64bfc
269a80a
67d86ca
0056f41
50dc4bb
0afbf64
25ca1e7
52eaf20
0e66035
4ad3876
4130b79
54619a4
248846f
3048023
169a909
6c6f4f8
3246668
447347b
4209051
050bab9
2009fd2
4da0e54
1742dde
1c17227
4c60a3b
76fbc46
02c31e2
3557657
302d2d8
781167e
6ce6741
5c1f1c7
73bcbd0
22a8496
2acecc8
2c4efca
4db8083
09fe567
49aa504
0e9c698
33a2ff1
0ad0833
5027fad
62af06b
6f2e901
03121ee
6635e05
22183d7
0fd442e
71f98ad
279cc00
5a8f568
1f8ced2
5a85c2a
5b90387
08dc9c8
0ab28c4
10b5a52
0d194e8
69ca7d5
3d854f4
4f4833d
77a3af4
1e25339
2f1bf1f
7cdae3f
7c06933
5106aaa
131432d
6227525
031dcff
0c97c19
6fbf8be
28c6ff8
7d23807
09edc6d
0ce5cec
77a90aa
6c4d8d6
3abcdcd
2d63bc8
0ac39b4
50d2983
07d8634
1b91098
6e829cd
01acbe2
3cc83aa
5eb8ff3
387055d
767479c
206f2d4
797525b
365dd69
66a3aaa
4afb260
00cc9e5
51003aa
6d60146
42aba22
3ed5633
69ebb2f
1d666dc
0ae6c1d
74ad98c
158c993
0fbffc4
08b4d26
4a5d965
3e91a83
50c7b7d
74b74c7
66fa9f0
591d8b1
09e0709
4cdd48d
702732d
59d0944
5f2662a
0131185
2185f9b
54a0208
15bafef
7cc98c1
5d08197
05b84ff
18d55f8
2a244e5
1e429db
7b60a53
5d781c1
6bf7af7
39eb0ca
2b05016
39804a7
66f3c94
5f5f28d
352138b
64048c3
597f52e
5a84f60
5eb7aa9
6456587
58b0fa9
720d198
1bbd3f7
77a029e
1443053
2d360e5
4a1783b
2acf351
4249a8b
7595c8a
0459492
3d6e826
3bac5d1
221ed5d
0d64dcf
00b1794
7a1fde2
3adfe3f
4eff45f
785cf62
1f57143
57bef4f
5a0bb62
6c00867
5ece17d
5a927c5
27aa20f
11dc2c8
78d456e
5e01056
04b9164
6d08113
352fe4c
03627bd
68360da
2098a65
2bc3a14
1a90951
26ee5df
3a2e82b
48f82ad
5c53334
0fdd816
5420e98
2f6a5dc
2081c5b
5d45278
1d457eb
3c05f81
5ea8859
68f8a75
57b4fb4
4e4298a
7897859
5f27f27
661db69
3621a87
7a4d9a2
74ce757
721e65b
460aa13
6b13eb8
3c2af82
014546f
5cecf49
2f380b8
64cc5ce
27ae001
031a95b
271fbb5
7b5e981
29b2268
7e4fe94
003d747
18e32e2
796b75c
1d75f5e
327bc1f
2d7cb2e
58d3b11
61c3def
7b541a1
270ab46
4e48f4c
0841e54
6344839
20f2bc5
71ec4cf
125ec51
34de4a8
3d2fd9f
7b98fc7
4d372ba
1898f85
050184b
652c6b7
4bc6c51
132fa36
546ee03
0e2233f
4c20c46
61956ca
412034b
02b62fc
61e402f
0403c0b
674c19a
6f97482
1ba63ad
50e67c6
631ae1d
0f40978
3940e05
68f0f35
7fdc82e
2bbce6d
632fced
36fb916
48d294a
505a68b
2226f00
001b10c
77cbf6a
3e7415c
7a2ded1
3b7917b
4c4ee07
2484b84
6c1726d
7cd9cd3
7026521
5dede07
69c2e35
63f7a72
207594d
4df245a
4ec66fe
64f17d0
09bffce
6efa857
4c15b93
299632b
11aa397
510a76c
20a9a6f
6f0ac2d
0b4e41e
7ae565d
0238907
459fea8
4eae047
5f5d540
7fa1fdd
7c3e003
1c9b0f4
3821983
60c3c44
102fefa
24dbbb7
4900442
00daddb
2b6f5d1
1fc43eb
316e032
0acf7f0
60c5bd2
71464b5
2dca805
416400d
1099b2b
214558a
7721380
309f81a
451b31d
00c7bca
78ebf6f
53c589d
76583f6
56e9c41
4aaaf83
3bc8f0f
76a41c0
512a251
0f4d0c9
4efcf63
5ba6231
4e08c12
7e2cb36
5a802b9
3e1663f
40f4b0e
7c1bd89
4568acc
0bef4fb
5d9c034
67b2699
667c66e
28278ac
03deb91
04aaf14
2073e85
590721e
6c64668
60fc3c7
3951221
5c55029
5c4d711
1935c62
375eb13
287ff80
6e98174
300e5ab
44163fa
2a8bc4e
402dd0e
17be178
1aaf7bd
3b6f68d
53955c9
0137892
2b7d437
5d41498
272f770
6b6dce6
630dc69
32d9788
4e6fbed
354e520
40526d8
6213fb6
533c6c6
58b09c5
19f7ff6
151f330
3a411d4
259518a
555daed
5194c81
1fa1cc3
2d11507
507d40d
3aa494c
635d4a4
64502e4
23662b8
6142410
40cae0f
6d465f1
5a962d9
11a9c53
006495a
0742192
0bc3861
6e2a552
496fadd
0295906
10c3ab9
14a511a
4060412
092fabc
0e5656f
33c5cbe
28c7d64
786fc33
3bfa0b0
634e5c5
456cc8a
65aa00d
2868d6e
78b5bd9
4b93f75
5f675e8
2114bc3
2ab6efb
0c3101f
20e6ecf
0051957
353563e
782deab
177fc08
2e0fec9
4e92d8c
7c248ff
5ce033d
766fdc9
46ecfa4
61b909d
3b4bbfa
0754e8f
4127e2e
7ec785c
43b540e
5bbdc97
7a3e2a2
37a2a67
67d4efa
4c938c0
5603ad3
755f0b6
63c4f64
7689c87
7f2a9cf
513d502
6006747
3f7b773
0f97e4d
74ac0b5
627e362
650a1f3
11ee72d
19b01b4
67f3360
703223f
679426c
7bf439f
12446c7
3fa852f
41b9369
29316be
144731a
3ea094a
06463a5
00acd4f
5afb71d
332ea83
428c7d2
12ddb1e
4fa1a31
2db276d
139b50b
0f98856
35efa9c
5351cba
64d679b
6cca1ae
3efd28e
3588572
2c9a36a
5e56976
3cb5948
60a7a56
18e55b8
21b2221
06ed3a0
54bbd46
16066cd
3f3648f
298fd42
223da78
538aeb2
46d79da
0919c41
787e92c
5327e9a
4df5a42
5d3e429
6077a68
63d9168
72008c6
6814d5a
2802062
7f26e3d
49f7eef
27d8a49
18fe5fe
21eadfd
57c3706
4277276
2d1090f
3cba32d
0148dad
72e4fe8
07d1c4b
53df90c
5dd5b93
2065b34
75b6fd0
537136e
0b5164f
2ae1c16
2ccb351
4c91695
0bb428d
18756ab
60ad92f
652d294
5c321b8
73cf4a2
4938ae3
6ab3e54
3d4e454
0c4453c
4d77478
345f590
605bccf
723f34a
433e0c1
3ad0773
6309c24
09f5920
77b4c14
2f3a82d
435ed70
15c4f8b
4dee8b9
3df941c
423dad0
21def09
4034063
790db46
6c83192
7d0f0d6
3d593bf
6056fac
1bc26f6
1eaca06
5a657b9
277a35a
352f031
7b267cf
4286d07
41a95cc
031fdb4
57008eb
69f8182
4fcbee3
0387827
1f02e31
7ec43cf
0194370
488627c
14508e3
0ab7572
68684fe
172f90f
750a5da
4210dd5
42bcb45
6e194ae
68a2ea0
66310b5
5f0db95
753749d
0377cbe
224f3f6
2c1e987
7305ff4
1a036cb
5d2b289
513432f
179319b
6d1006c
4d75d50
4a09b05
2c98f3c
77c6d26
7754f2e
6ec3d36
04f4a13
2943c66
3ea3faf
38d5bf9
3c22613
4136474
165ab07
61c8bd4
0c165ba
34755f6
04fecf2
6306e5b
0d2dd7e
32653cb
0e4df39
19a36d6
02b655a
2483966
63d2b44
5417e45
3de92a5
6490f5d
337834f
22ba9f3
7bf62c0
18350f3
5574728
1aac99e
3928344
1884041
341de6e
5cdd5da
08de646
3bbf90b
71ff031
6132123
0926456
745c57a
6bcc34d
0cd7394
645d221
5a7aef1
25ade27
2f9e269
34bb056
0a0ec15
0fa5551
5ba342b
541f831
1b7d214
741c7a3
3e01b71
6d88ac8
744ac93
00e72b3
13e5693
11d5268
1732533
4657960
58e57ad
703be98
41281e5
6e9ea2f
2bd38d3
6d0cb2e
7447913
713c698
5a294b3
4272aa5
40f69b1
6886759
1e1dac2
079c896
4ce59f5
5044de4
613108a
1db3529
1d3a7ef
225cedd
01f2e14
702b5d1
0b4cea2
152d9ee
47aa6a7
653648f
21e777f
7bcbd58
6f90a8b
64be2b1
3012687
263361d
73f4d5d
27ed599
41e371d
0ef19e3
32dcd73
168c2a5
06c06e5
134186e
77630c6
0c855c3
4962f48
62ebbb4
6ff8f2d
2c6f36d
083fa98
6ffa255
4cc2e47
44d14db
64dd062
264118f
46799e0
5c1e060
37a6569
2d10bb7
54d9278
3be035a
78e20f6
6e028fe
4960e93
71cf89b
4328ed5
6eca989
19f839f
68ab16b
610e63f
56fb293
49f780b
738bac9
3c95b7b
60c16ad
67fb0ab
3332c4c
53aa0d0
5d91e79
0340637
13491ec
2f2ebd8
5fbc817
6887b5b
59d90a6
1417a4d
23ee682
2239088
5b84b8e
0d318ab
09d1335
38f7e7c
589481b
316efc1
6d6d38a
30a87f7
7641980
5c957f3
7b33273
568a586
2777559
6e8caf3
0c005ff
7a0cfa6
23daf22
7f6d1d5
2c99cf6
293e90a
3c3f630
483f381
4091632
17972fa
335a7a3
79b082d
516673c
4b68bd0
2d1f1dc
69690ea
5f1e4f0
1de93e7
128c3ed
0a4c1dc
295392d
6470c4c
02a58e3
4e0d83e
1dccdb0
4ed1cd9
1784523
403d24f
7fbc1b8
4ead7da
2208e49
2a546a7
23a8b1a
1171b3c
6324b75
3607b7b
3da60f4
5f28bee
64ee484
654bd24
529a12d
3880048
59d60af
00cd10f
599d5ad
36b40e2
7cc7395
0283159
3d02f59
4b70bef
7930a82
4a87e77
1d0bf31
5b86c61
12dbf7e
45d1b59
2ccb255
3355357
3681c45
7c6d315
1abc09c
6447339
0ffac5f
526d10a
2108acc
06ea157
0b0a85c
3a8e595
3b9b669
7d5ee05
2c65347
4fb0e76
2c22f61
55cc313
66486af
79f921b
39196aa
722e6f4
2f1aafc
40940dc
1da9342
0284089
5f481aa
752b148
6d6926e
10379d4
5c2d2bd
0a69f1f
11769bf
62f2a7d
70e2af6
0ff120e
483684a
4e40ffc
2b4343a
26c0223
7f5a73d
39bf5b3
1fb2ec0
6c143c9
0dde664
7f0b2f6
5e76a04
0813620
17e3cc5
55afec4
27028bd
712ed9d
2d8ed37
2978972
1c080da
4f7c4d8
38d9479
285702f
3c35bd3
0d745fb
4844ce6
6553dfc
6dce1ac
4b1a5af
658f754
6adb4b4
4c91251
0b533ed
49f4394
641b74b
33e1b0c
5de6c4a
53265cd
4ba85ec
4c7f48b
20b4602
3b9c059
0cdb132
6a2a0a8
24c5de1
46674d2
68381f5
05e089d
625b9f2
64b4916
14caef4
030d5bc
3497855
4ecc454
11cc36c
7a8914e
33f048a
0629e0d
6963ed5
4812772
1d6c179
3911d1c
7fabdf5
72e73e8
35e48a7
598cf8c
4064415
04b61c2
3465e05
70896e9
2c366f5
20d2368
28800d9
6f73f11
5f8cada
5f0f778
5b1366a
105ab2d
11b44fd
6c00be6
42cc699
1ffd805
050f8f0
2b9db4f
3f95e59
3e703b0
391e1a2
5738103
07359af
6e2c7cc
66205e5
4bbbd16
42912e0
71bedf3
2e74c81
1c6eab9
32c73fd
4689ae8
02abd1c
0d07c5e
12d03d5
38d83f4
290dbf8
420dfd4
5df8116
5895e24
6b4636c
4801e1c
63c9ec4
4a796f7
33834a6
54bde46
5a81e97
771be29
66550f7
6a94204
0e4e59b
3145a81
340b03d
5f7c7c2
3c7031e
3d73ed9
2f58ba4
2c3ca2c
2f31800
26ebf54
1a4d277
16158e0
403ec03
0d856b8
29c28f9
2879cb3
42ea676
29e6282
29ab561
49bc06d
1c86ab9
1f4044c
11010d6
147889c
45d0028
77f0290
1a81b09
0ab41f8
3b26fb9
32cba70
36e7770
4223399
7f034c4
52d6b84
014e633
430f604
15f2387
52b3479
4e74049
53fbc6a
7323e2b
6792190
58f6797
1429a65
5dd5423
0c20cd8
2caca80
3729931
75b4e09
1d8d65c
1e5a855
0619cd8
225dc3a
7b60ae1
46ae0d6
1f81992
62a2df5
3cda045
50629d6
10e4677
099dea3
4184c54
5aa5d01
7098927
5b948ca
5dc84a2
43815e7
456bc82
7cfb5b0
7bcc670
0043343
6e41d6e
19b0ec0
4f67a93
500a86b
3c35218
7830bad
0e1749e
7d6bec6
4d0403a
362339f
5d05bce
54272be
1976548
08062a9
21b7f9c
0deaec3
405bdb5
2e74a77
1910748
74343b5
5e34a79
38bcd0f
17505bc
777f777
63de748
3810657
1f0e8c5
4335bbd
3672732
35bed8c
4b08fbf
58c2497
1b6309b
3f479e1
13bb1a3
5135133
36d0cd8
6465e18
3cdadf9
7a8437f
7ba15a9
37a3842
6296fff
6f7f792
608b234
01b1aa7
0f8b555
376c96e
7beb03a
19cff6c
7e7b8ad
34108cb
22672fb
791ff50
148c02c
7542cd7
6bef631
3536bf8
6a5ab55
203f8d7
1b8e0ee
7efd893
724518a
698634b
518213b
0a4fdf5
22ddb8e
26f2cc7
125f95e
0fade96
10b41b9
6b81f97
6c18aa4
2080ef2
5ceff22
79e0514
404d207
3a5fc90
631e830
15efe04
6e51082
57eb507
1bbb884
34022aa
29551f0
2400b26
549e67d
28f2dae
10b4a44
3ecce57
1079cc6
248a10f
4b72888
123e860
2f7892b
4970924
0e38682
4f9ceff
3b4eb32
1914e62
31659d1
5a0e93a
30e1ea9
17c63c7
5e05b12
07bfabe
5da557a
351ba35
321d9cb
536f697
4511f8b
0a8f2d0
0343a5a
1feeb0c
4f65ad0
73ce666
291a99d
38d6a2c
7240ac4
5301d8a
44ff6c7
31552d9
2da2232
64fef9c
03f26a0
5f22b5a
4e4887a
679f295
36228e1
6bf773e
49dadd2
41be289
2aa072e
5bdbd9d
75f2f93
7592072
369872b
23ecfc5
7356bc3
0be33d5
5b74162
7056c73
2991a2c
4daa766
19db1b8
469c1fd
14ca131
6b21222
7ba13bd
6b8ffb6
07ac85a
35d0f9f
27715fb
110c52a
593c02d
122c27b
29844ab
4f52fe3
08cc13c
6e6e5a9
011e2b2
1835f29
7d4144a
0968250
2a5fc5b
55b6237
75268ad
2eb78c0
18eeae1
1e519e8
47e33f5
4a6255f
05cb63a
576d9ce
202b6d5
58264fe
2e5dc2a
60fb9c5
553f7b3
6d83359
3947cff
69dcc1a
05effeb
29e84b2
73a3927
6e86c38
33331e1
1021418
2479fc1
3d08f18
21bb074
633b6b5
7ca9b1a
763390d
39759fc
2373b6d
2c555cc
3594921
577bd4b
1d9f5e6
60b901e
08a51ca
42459aa
26ef117
6424d35
53bc508
74813b4
0fd469f
56230cc
16a35de
7c90b42
1e49742
182225f
1eb4432
3c99b56
2c0f09d
317b911
5603b1c
05ee1e8
0f9d560
4f58dab
709baa5
7d8d30c
0cbed9c
337239b
4a8f6c4
419a4d7
0caefbd
34b3071
24555a7
6b6d9e4
4ffe215
661e442
5554504
29096f5
0589568
38a5310
7892768
0904cce
709e019
4ddda56
32fc940
5eecb61
3c84011
787f4d8
5a7ccb9
06f2119
3c6a3dc
29723b1
31ed32c
7b9c7b3
411da8e
5434486
1cc38e4
4b3f979
4cfaf8e
3ba1ced
080fb8e
430b9a5
31760be
5efe24d
280e6df
64e022a
6558579
3f451b0
47ff8f6
0e451ac
410f8c2
0e4eceb
4d9e2d7
5d1620e
2ed25c0
72fe65f
1fe6046
41746ec
5eea236
2d2fc95
37d4809
230e3de
1e23889
4c770c1
5835b72
4513d03
7c03d18
7103e97
5f03e98
764d143
17f18ae
1aa75bd
5cc6a6f
7a61204
563a302
2637698
5821290
19be849
533523f
3ca3d62
7eb91c3
2904f68
51f6c5b
1d7ced7
0fe7caf
748f1f4
5e3102d
36023a2
00aea1d
47f1ade
55e5f42
7763ae0
3366677
78430ae
5c5adc9
189af00
16e2d10
7cc65a1
279fe12
63a7726
4489e02
645ab5f
1091b6e
4f46293
54a0303
55c9502
771d276
3ae4951
2e12513
674ce6e
74d5eae
598f2b3
5b200c0
3580987
2160f1f
2f53b12
6d0cb31
46b5af4
27e9da9
6995d37
64aeb1b
49abe86
40795f3
7b5e757
35f28fc
295dae2
59eed75
244f673
52f2ae1
20cfd2b
0cdf5b8
15449dd
09d8301
650f905
556a21a
0be68d0
4e42d62
179e7ce
70c2804
50f1e3e
20527c1
0c5e500
1f8f5ce
10dd456
0a6cb2b
1bf96ca
1a4ef0b
571802c
4d82a35
43290d8
58fe591
4063230
0244820
7dc0256
3b16704
716f78c
4dfc13f
2472def
0aa0ad9
426ca5f
4f08f32
2489fa6
147acc2
1dac789
3acaba3
4921317
5c7fbfe
24cce9c
6f6bb98
158b213
7fd602d
421cb0e
3d57c26
2208d28
0856ea9
184a4a0
10cbe65
24aa289
6865690
5b60692
4af6aa3
43137bd
7688fe4
186e39c
63dbfa9
0eb2020
6ab777f
46597ad
441428c
04f8561
341df7a
0e4cbe5
5eb186b
69f0add
6dbf1ae
2c6df85
0ae9705
1e4e959
4c99e99
2bac42f
4dca1ed
0ae8cb0
69fe3d4
2ae1349
0a3215f
38e8854
497fff8
132ec54
635cd81
7b5af7c
52376b6
0be7609
089362c
4d593ba
430338f
08d95fe
225bb12
315c89e
3e7d07e
481de7c
2589093
1b5c8f4
020b975
4e112ac
0beca22
4a2386f
582b1a2
2912455
75c6e41
3638803
28b044a
7497935
20e6a7d
6a291cf
78a8b2d
21213cf
667f648
0443835
2f3134a
4ad892f
1b3a221
0de135a
4d5ba77
5dff3c1
7a3801a
36a6e50
0884d9d
00453c3
46192da
3283cde
574b784
6d29c16
0550f16
4aec6e5
3f0ce64
2501d53
5d3b2bf
0418e5c
5a53ae9
3b13ac7
7a58ae6
54f2499
6b2277a
0bc3a01
4e71f80
23102db
0f0b933
2e4436a
4298828
7f24494
56c6e7c
7c2dec5
7c482f6
42c237b
73b7c51
37301d7
26846c5
4dfe8c9
6e00143
5819087
42ff70d
77dfca8
3ef5377
352fa1c
6914038
3e56af7
5ce8573
3733de0
253685a
597293f
4340401
30cf7e5
0060989
2a0bc5b
0db2ce7
569943d
5c71ddd
19b37c3
18d2b9f
39c2d32
13a53d7
4df53d6
2b25bd5
50dd9a0
4f07e77
51f6cde
31b4d70
42c36ab
1c3a34f
22ec620
7b39d9b
698d9c3
4f7be88
506f388
09ec3f0
5541398
782b091
5ae27f5
4d19c75
6dfe4c2
23df60b
02d19d4
40b75c7
0318ab7
0c42689
7864c84
57f47e9
1b938d2
25ca8ff
395727d
47371f1
0b32443
67e8cb9
4859a75
499c34b
5db5b0c
6efafea
0e675f2
521b8cb
02f4359
0ad1aa5
0c501ae
3847ec9
181fb72
69f25ee
74c44a3
305a28c
1a93a22
00a13ac
6993432
087bcdb
76aacc6
5599cc3
01290b5
2eb10bd
624ba4f
67f76a6
2ae5d20
7e12f9f
573c2ec
33e5cb9
0d0b48a
0981779
0ba1a1f
33e120b
1490d00
3ba7f1b
3f336a0
5b7f232
287d50a
22d9a9a
020842b
369e8ef
2d4aaa6
75577f7
63dc076
54d7e80
07afa5f
18fc4c1
5483c18
5908c78
0bfac97
224b0f6
0109cea
2d116df
77b9abb
2066e37
52bec14
312bbf6
4f3dbc9
3823b20
5fb1100
221a7e0
4a997ae
15e9dc2
13ed7a1
4956f80
5e20bdf
6319071
1bf1aa7
75c1114
5b93352
368fc90
31b3981
7c1c464
7c44d61
2a3777c
599b8bd
33eece0
4070aa3
45af656
2f28935
1672659
129c90f
05eb624
0bca419
65e31f1
409da5f
3a45463
09b41b3
24e8464
521f3aa
0db43d8
73c6d86
62550bf
474860d
4cb62f3
71da462
23e3724
1e44e5f
2e9b97b
69b2983
6fd75dd
4322649
7637475
0fbc4d6
1a1a1f0
447b4dc
50fd757
5f1c635
6548e65
176f8a5
3feb52a
1296b9c
40cc294
40ebd0e
71a46b0
5c51bf3
3a61e8a
027f96a
727aacf
01b109b
7ae4e59
57a164c
356a747
2f804ed
03777fc
7e21014
18632bf
75c3aba
7ec6fea
46aab54
68a6d26
2c8913c
4019cda
1886cb6
57ba09a
66b8daa
506674d
33d2072
6d95db7
4fef8a3
057a7dd
3a578b1
0f98f37
79ca8f1
459a3bf
036cc08
49d5a8f
1557fee
7edd7dd
24e757b
12b500e
2bad7d0
4cb9f69
77bd27e
10251ff
4b4ab8e
540bcef
2c1bc12
7f983ba
7ba248c
5fccbff
3b9d6ee
7256250
643702d
1251d6b
44f2b3a
5a5ad07
170c986
68ac319
1ea9225
74b5ccd
70697be
6cd61ab
5e423c8
597af88
1162223
23291ce
4e8aab3
7f0a401
7b133e9
00ec0c2
3640b69
6140f31
30e35e0
245038d
3b3c3d4
341959d
51d7036
4fd45b3
0c89ebe
2176dbe
1ed2bb9
7121227
2665906
63ee530
7306992
096d14f
774e5e3
266e424
65fe686
2152ffd
14fa620
59caa52
4b5bcd3
5657248
5fa84c7
676edba
7eaea7f
7b7c0cf
296b169
1eeed8e
7f83863
065dc80
7788e62
7c719c3
044b505
113c8de
3c06c9d
127b914
7a38063
54a2186
548806a
3b27f39
4349fe9
01b6e3c
4d7c2fc
2d67820
61a3b5e
773b4a5
5eec04f
4942799
5759d2a
25afcdb
2e4a6b2
160c651
4e682d3
0483412
4e581a2
1009b62
52f573b
4f4a678
2a66ad9
031cf4c
343533f
2565d74
311cb05
0e069bb
134abd1
6a4b4f2
0c535f9
7083d0d
091c33e
44109e1
6ee57eb
4ed8486
26d94f3
27af25e
56028cd
31aba0a
422110d
7d654b8
32ad2da
67ed9eb
3469ef8
0547fc7
4179601
1c040ee
0e2e3ee
69915f9
0f4d46f
0cf9efd
60b2ba3
5bb956d
36f0c31
2dae5b2
6ea479b
44039f0
60724f1
282cedc
32841cb
194d433
750b9b2
2ba08f3
2834999
72328e5
504795c
478ad76
5dbb4f3
4c9a8ad
6826daa
1bfd3a2
0bbd560
787aab0
2324fde
690b227
0361e74
28cf2ab
151ed80
74d8e3f
0437f3a
3c4bf49
0151556
243b913
24b6926
6f609fb
04af68e
1139069
55c03f6
0c236d4
015e689
30a4b44
0752677
223aca0
2e178d6
2406d3c
70151b2
028d8e5
7d0dc62
351bcc1
0789240
48903b3
1991cf1
3db3259
5697444
3823e61
336bd80
0d799fb
27c14f6
0596bf0
5163e3f
5614bb8
0371d0b
35fad8e
0d7ce15
3f1182e
4ee47fd
5f7f499
2c52692
1478aa8
434dbe7
24bb795
6591803
0fb25d5
2d8d3e5
691567a
798cb54
10bc595
640f2b7
25477fa
110c2b0
731084f
4e499a3
3138bc8
2d14ad2
49b9933
26471c8
2177f80
1c7c848
016bb62
6c8b91a
5e3b7a8
36a79a6
64bb009
16a8c11
24f2718
086d40d
5c8f127
320b678
21e31c1
23be537
5506a43
0100b71
155f936
11a16a9
5eb34d9
3a3784f
104a5f3
34fdbfd
14ccd90
221819c
1e65df9
62820ff
39a9e1b
33df92d
3cd6cff
50712d9
08b32b8
20600ad
5946105
110e11b
1f40814
1b2980f
5348403
7b5d1dc
563d655
4b3aa7f
47190a9
626720a
4a277c3
64a3056
6805ea8
03c0c9c
7c74dbd
258bd82
750af35
1059271
4356dd6
7e001f2
52d7045
3c448de
47ec5b4
7fa2866
46cb173
5941f51
389e7ce
0174e95
3e92d15
524427b
012dffe
277baab
4620ed3
30a0bf8
3ba6af4
3b92817
6d72a4a
23483d7
1605e3f
4335319
7f766c6
6ee5064
638e547
4f23944
6b4694c
71b44f0
4d69233
7895a08
7c83dac
4448455
5fb3892
1cc2762
56b0ec5
2536596
6d980fa
79e51e0
20476fc
748e8b2
38a858d
297a9f5
5ac1cec
496d380
4472017
7958e91
0d485e6
2bbe332
5bd8a41
31039d0
6719cf1
5a494d2
432933c
3053f17
479a3f7
66f9e32
28f384a
3dcc1de
0e7eaf2
46845fc
7789147
313aa92
1e2a90c
3fcffe7
375788d
3abc94f
6b8f8be
0a6b7fc
4f73dd6
34ef2d2
1e304f4
5751271
423b581
2d14042
0279ce0
0054769
1871a2e
2137c0c
6eba292
15cc55e
46b894c
6fdcf2c
47f4656
5c5e7d9
08b848b
06e51a4
08c9a2a
5fc38d1
34fc4f4
08a62cf
5633958
18cd54a
0bbdeca
0983ca3
4245922
1318bfe
2f9f3c5
34dd934
72686be
4fab843
0fe7259
55fd2c5
3bc04e4
79aadb8
1f6956a
4363ce2
5cac1e3
657ed83
203d006
7359394
10051a9
0a4d785
44accad
74cac49
6d81d80
2f2ae82
4e9f670
664a3ee
4660df7
541b69b
59874a9
469478a
4345dcc
25af4a7
134d57b
1014ba9
721286b
686a364
67e8865
1582502
4489fdb
3ae98bb
180f4a2
3d69e75
2e5d214
1fc6b7f
4b8358d
4cf8054
5d9444e
6307b1c
4338cf1
33731b0
60f4efb
13b88a1
576425f
4be0120
5610df0
471f0b9
66b6be4
58c8219
0cc0a6b
068123d
4a6d4cf
7236100
2211cd5
40e1502
03fdeda
2f16ad2
5d773ee
12f223d
5c08716
632dae4
2fbd7d4
070ba83
6512474
2e2192c
2def0b7
7c8802a
061d0db
733d0ed
5b11e9f
174155e
44fd5de
0469b33
14b5950
115401f
49335e6
7ae7eaa
74e1d9a
448a994
20d4dd8
02cb244
09b0501
3b22e09
21c72af
0f3e3f2
4532888
61ff5ae
363d310
6bbe744
40846b7
33af002
03c3f2a
249322e
0dd07cd
3c59f29
3cc62a6
26d8f7a
35ceb5d
6de9adf
3a8c358
399281e
30048fa
2579f41
7f71565
6d0ed7a
6e946c4
7aa199b
352a6e5
05fffe2
650cab9
53b3235
4ccbdc7
0ad5e98
4c4fc85
1e119c3
5aca306
7a5e8cf
2dc6057
5500800
5e410c9
043c0f0
420f877
11fb78a
60ee477
2755c3b
40014bf
67adc98
75cdd54
46551ba
3e9ada4
15a9652
626cdb5
5074fb7
07a7d29
6147bd4
098d1f1
3d73c59
7a14a42
5be08d6
736c318
7d18a63
530ddba
38e52c3
01918ee
100becd
709aec7
17363d4
265e01d
2d3026d
2991e99
158c6a5
0193399
0156842
2889401
1f630b3
0e37b83
451bc90
7cf70b7
59e0ad3
15b3332
5bb8358
5538aff
749ca86
378797c
5e92509
0896e9e
0727045
75958b8
00129bb
60fea1d
5ab7237
16092ca
4243e0a
2c887dd
4536a13
322e1e3
7d4ade5
576cb6d
1870012
2595db7
09faf15
175fae7
10733df
52ce9cf
6be420c
3b1a894
2beb513
4d0fec8
79aa291
132a39c
61e0cf4
7b6feac
0ccd874
1cad43f
7687711
7284d86
4472254
75738d2
06d7582
07f8cbb
0561a86
426890f
33f4ac5
37e2314
703a4d3
51bb677
1e725d8
26985ed
638e55c
3d9a756
354225c
6e18c15
5738fc0
35d6f6a
4acc365
7c94e84
5d23b0c
79b2de4
5b1799e
2f87286
6ea98dd
49950b2
3cb7203
700e20a
0853667
1584f9e
3862cad
6ac43d2
57a8997
1bb73bf
33b452b
231306b
0c3acd0
733f762
3e4deb5
7008a5e
3aca092
042177c
63d89f9
06cc5e8
57fab51
72776c8
4404f7c
64e59db
69c7481
1979f89
57e2b52
5c1e66e
5f77818
7b1ac37
3180692
39aed97
2ae9ec7
6a098ba
7126efe
23781de
56ea6bf
2606c64
4c435b7
17dec54
4c37309
34c6111
44148ae
68efd10
054fd3e
3b74d09
6376bd2
59752a7
19ecb72
0066fbe
19faeb3
231dbdb
21b87f8
5415fa4
6b4e671
699ba6d
7323354
784a646
69d9904
7281a55
46e709e
12c1cd7
51181ef
1052ec2
4d39dfb
7b2fbbc
3a80d43
64ed584
316d36a
2a4feae
4139752
43d80e1
0b240c4
6231d1d
00374b4
06df9b1
22e06d8
26ff589
0ef6965
486529b
4f33179
778b898
002f8a4
0bb365e
48c39e5
135bd0d
4c0e1b6
3a21746
1fa31e8
4e3ea1b
64bbfec
5ab66c2
2e84f93
1473a2e
1cff025
7adcb00
49b36e6
5fcba83
158bd60
744e692
4f672c6
42b2a87
4838d6f
19e25cd
2e2efea
206e68f
05574d4
5dfdac8
42cffbd
3630f1b
3470219
5487edf
4aecc18
74b6d55
5e3b46e
5d3f04d
2408657
62ca1a5
2355f1a
2ac76ea
688c042
610df1b
078c4f9
41e8fcd
34c4906
085ad26
30c99e4
419a6d4
331351c
015998d
60b35fb
6d605e6
0b38b5a
34642da
22142d3
2f340ee
33f31ba
0081af7
39bc5b3
3c803fa
7e37cff
011673c
0071a1e
25a7b74
78525a6
5e4a2a4
24e6928
2e569a3
63e3fc1
5f2cfbd
368f62c
514037c
0b4bac8
7719b17
37be2bc
35140cf
466de09
1e40f4b
60cd2ef
50671d2
5ceb839
05ccadb
4f3f881
37805f8
4dc971c
407e4d5
2786dd4
6b1bf03
2743a77
6060da0
23bf267
6147626
499026a
1682672
0388797
6970d5e
22d3077
1685934
53f037a
0765a0b
1c21949
3d60c3c
6a11b7e
6b267be
35d1b68
68ba29d
01f8600
73b435b
195d0fe
0ca2605
224b78c
1331913
2c78d4d
7869a7e
3671353
2fccd14
2c4e23d
042a08a
75d1017
0d18f60
67a9ef0
35dbf9b
11ad4dc
55e8bcb
41a8aba
0f91428
584434f
72eee6d
70ae519
5814f14
37f3942
14ab431
456a913
64a7af8
3f41140
5f62ec9
42cb76a
3fde67d
67abc6d
5981175
3a1d79c
284ad89
373824d
761ad1d
1d6a584
463821e
2689352
4adec86
782b718
71ad6a7
28c3300
28683cd
1b7529e
029215e
581d3a5
62a9636
7fa57a5
330df23
4aeaa79
7cbf0fb
78190e8
56edd4e
4c5b64d
6edd111
12905d1
02f75ce
009ae39
6c473bb
70f91c4
27b98c1
3b4eb6f
2a26be6
21f3529
0ac53b3
331b021
41eaeff
641c3ea
1a7df4a
3ecd84e
3e3a7f1
2651b0e
5e050d4
7636c28
3e0bdc4
53bae58
1d002a7
20d370a
5d47a36
08e8710
0b8cfee
20495ea
2e9f9cb
76b27e7
3f6777c
56b1039
0ab1e35
55556aa
2017867
3e40e59
3cf627c
5b4a31f
5815ff0
1bfa1a0
6b861a0
256f082
7e723fc
7ca4899
0d09589
242b7e2
4ed2848
415f7c0
4e1a657
48d3c69
4defe56
5e78f5b
48acaef
1611c12
361cb87
5d0b575
4b13dce
31cc3ab
63002e9
39ee929
209a09d
4a07abd
0d9e776
3636777
72fdb8b
5f17fc7
7c5a1cf
046e877
7bc0aa8
337f873
10ec85c
2f88ea4
02e8d86
430dc8a
59f4ecd
1a21bcd
385723d
05e6b9e
12c4ff9
55494cd
10df749
156ce3d
3d8866f
0d5069b
4011f47
1dc9603
446ff8c
116796c
54c58f4
3ad81ca
2543276
7068641
44b35a5
4a4642c
1bc8026
59a4284
23750b4
34625a8
77dd9f9
6e5a877
6a74546
19bbacb
5e7477c
44cf0d1
3f2d36f
7a97195
7aa1243
0a17175
0c972ed
68c6dd2
592c8de
531604f
35972a4
22339b4
2b6f2c0
2a42407
4e02953
172133b
47c2737
6d4bc22
653a8ca
2cb8d34
35b9c8f
66cc03b
6a7b0bc
4ecd142
24cb9ef
45e5d89
217ed4b
0ac4b30
1f7efd0
374ef43
73becfb
561752d
37a4a1c
60cd4dd
08aa64a
6a65476
26049f7
31e04be
2dba8e6
75b8e80
5738fad
1561c1b
79b717a
728efc2
674fdf7
73695b8
0b51ff9
0a1fe35
594187b
4fad82a
78492c0
1564721
7fd3ccf
5996971
764e226
0046ad2
3f0d11b
5a6bde8
74ed8e6
7e433d2
68ac2f1
7701001
7381940
6ad35ea
37d9302
5ed1e63
6646683
33b81c5
0db0c2e
1c90d78
46f804d
0e94916
1b28176
0a03a9b
515748b
744fd39
21821e0
2dc1ff2
4dc2873
368f4e0
0dc1e2f
6ab372c
7c232aa
530ced8
24511e0
5282862
5b989f8
34acb29
1ff63f9
4acfeec
771d1c7
67d2934
00ef7d7
376d8af
1c85587
2b0e5da
5ca6307
1f72abe
4283315
5fba389
4b3d4a1
7f9226c
62d8db8
4918091
4506797
48b4fd8
2e132bd
29e0544
19814b4
3a044ff
2b96fb2
615360a
184994b
691eb2b
2948461
0a11a38
546fee6
1a1b1e7
35b04b9
2bf1cf5
6d9b8eb
6db4bcf
24d8bd1
7260415
5a02931
612bc46
112d38f
1060874
47e7bac
2e52f5c
1cef2e5
099eeb1
56a12f5
5118d6b
6d7e432
606cbb4
0d966d1
1c3d22c
2b128f8
3a4be50
501430e
368010e
1d5ef05
7e93851
65b29fb
64c9a82
731c7e6
5e90cb3
51b1529
04cb74b
70a8366
13fab3b
5f27f7b
602b51b
5ca2136
61836c2
3a642be
1acb8e4
1327a06
4d52dcf
752d71e
7154dcf
008735e
13f1929
5f4f84a
3a5403f
4e60714
0739606
581cef6
1ab9f2d
5604d33
61fa4e7
716acd4
4997ef6
5b32cfc
70d721b
7d560b4
54cefc6
5c09bca
28b764b
24b90fc
53940d6
5473a6e
0c0ca83
6cd4db7
0604b4f
37d4c12
4d7ea93
66d71b6
11406d2
79dbf27
6a87906
4d757f2
6309c29
1f8ff5f
6bc4465
28bb2a4
3b54a83
30ac586
04076c1
0688f66
42e736a
0429156
793b814
1d8fbe3
7366805
6992262
0cb5cf4
327075e
368b412
408865c
14ad1de
114080b
3cbefc8
409a628
720b909
2e3732b
4f879f2
09ce139
1df4dab
5018188
276b93c
07b1f57
11e0abf
4cd2758
2cd2aa2
0f7150d
5278483
6167829
4831fb3
7e97e44
62aa59d
441c48e
42ff648
0dd8887
40a1269
124b733
675f5bf
380f245
4484e22
64d57bb
2750734
048d1ad
3154e18
18914e2
73eddef
6f1c1c1
254eca4
0201318
7dec982
1e3c762
5008ada
605e073
70f7ce2
716cfbc
0189f21
1e9ada1
308916c
039dd3b
08046e1
6ded6a5
1424cd4
34c4a8c
6c657cf
6da6596
00f89e1
29c4ad1
5129eac
5d677bf
57d469c
791bf6b
7789be3
5118816
5936f42
15348bc
70c3c95
0d1da10
0eefe86
4d215b3
09e935d
7c2a25f
533781f
507b9b1
3e93a30
0e4f01e
6835120
3db1e79
4e37d43
05c9bf8
249c52f
054a2a4
02f1a81
7241877
626c815
24e7c2d
4790a30
5b28c5d
59a33c0
22028ea
33ef6dc
69b4da3
1a82000
4c61303
548f142
4fa76bd
043fcdb
01a504e
5d50089
6bf83ca
7a16dca
0cec211
4ecb28a
17525e8
2547cea
2649010
1e22600
42245c5
03a9619
790c493
0c0e005
43b66a3
15b6eba
2faa11d
4b2dc2b
4be1eca
201a87e
40e3cf7
245ff83
03c653e
252604c
2794d94
4ddb84e
54bf08f
3781037
02cbc6d
3136985
63336c3
7dd992d
10ce087
7b03441
5514cce
3765f18
20bacb5
423eb17
355b94e
20cfaee
1e56db4
3e899e4
5aa1771
3005675
7dd74df
381277a
029b95b
2f9c9e9
3528fc1
3b7a7d7
0d87735
3f61dff
3e4f3c5
5b57961
7065b75
20e2bbc
7ae60f4
4fe72b1
07f2749
59b2ee5
7a4a29b
00546d7
53764ef
237afe0
608cc34
5b80f35
7c1d683
32a899c
21eb02e
5f0756d
38ff320
5c8e237
2b2ba65
646dc90
72df07e
6ff0c2e
2976548
2546fc5
5b46f42
19774f9
2841500
70970a9
1936fc3
49f4a7d
58e66dc
43feb72
72661dd
1a3f019
418bf3f
56b2592
3c4153d
4341b86
3cc06aa
2de67e0
463b3b2
7fbcf42
49467d7
7e4877b
0b1896a
70792db
5b825a6
2c682d2
6aaadce
1f86228
6742095
03bfe06
6ab48d9
4474bbc
7df4c2b
6443c06
57ed4a2
3ee5376
00d3f25
4563687
5ec6d91
3a03771
0b065cc
37ec7f7
16c55a8
4bbbfae
60be83d
70b971e
0429143
3d6e76f
6c082f2
7bf8716
0e40189
5e825ba
24e375d
3931aea
257d26b
2e23aa6
6478ab8
3333064
2b8f3c3
2fe8a06
53e94db
06f97e2
603a4a0
718a286
708eb22
290d5bc
0f30229
394d774
7ce7064
2735363
7dd68ea
0cd3977
29384d9
4f15d27
28bfaeb
090c4d8
35fa39c
3955396
795f884
6c51941
6c3b344
0966980
2897cc3
33de7a9
2d6c988
2f536ce
0c18492
19b827f
17e5eb5
512b302
67d677a
2ddaa5f
737e03a
248e786
74043c5
139c937
0dee81a
51de1da
54c7b3f
52ce4fc
71f19f7
54f96ca
793c55d
2f04a13
3449074
40b20aa
552f7de
2848cc6
79395d0
6b8a972
0da9cca
0479874
53eb757
168fbd1
18e3519
20bd844
4954822
473c75a
5a4d3c7
07d1e1c
0fcaa18
49ee6c9
5577ec5
108209a
3c19a76
4780f88
71d6d05
7781a51
4c6f4c2
5688f1e
1c7391a
3cc846b
2da0ba0
69dfcff
4676e44
41948f3
35a3b11
0363879
5633afa
570d0b7
3898b41
61c2794
1e8b181
4185861
64a74c2
1c63052
2307527
3dbe92a
5bc76a8
38a5b2d
347b9e5
21ed7fa
48bb4e3
51b9bbb
1ddb986
28707c7
3b12bd6
2ac3048
149c355
1bbf7f9
59ae495
3ac2a0f
71c2ad4
632c91a
1ec65de
3653014
2bef5ff
037a99f
107f5d1
7f73218
3f1d6ba
51135b6
5987ecb
5459953
705df80
3f06ab8
763ae98
138da12
166e717
5b41845
5dd6c7d
651ca19
7f895d1
6fe4e2c
4e29e65
5e62a53
26ddffc
29fab2e
2255433
49afdcd
5889257
43939e5
71a69fd
2ea3c07
1d85003
16a654a
6366a21
1bf6905
56057a1
4211252
04f646a
6136cee
3296a16
45699c0
6ae6df3
61e2065
143c615
3b6af58
4aac8fb
682d1f0
514eb82
532c138
15e1a42
21ad9f1
5d27742
6e51be1
6253dd6
539ede4
4013e53
6e07e94
7749931
7f817f8
246d8ca
67c867c
68fc518
699f69d
3f63e38
44a676c
0257f40
169ec0d
48e11ff
14efae9
150657d
67f55dc
3b86245
686758b
108e143
1761513
515cd9a
427844e
7ba57f9
32b078d
152463e
67e9706
6d854d7
61e9539
7ac7439
31a4d52
3393afd
4b6c2b6
748cf40
542d8a1
05a036b
5c758aa
7d125f5
4c98806
25bfb6d
202f72e
76202fe
219baf5
5f0d828
76740c8
3d00f29
3e1e394
00c2b6d
7e50a2d
6ff9a20
670b29b
3fb2852
799564a
544f91e
43136e9
1b67a4b
51fc975
1305430
725923f
18c707c
500d54e
66cbbee
48d9b45
7d1fc51
6fd88b0
21783f5
4b8b680
00af067
1651448
1dab435
753082a
185da1f
51175a2
0d2d87e
56543a0
1310027
69e5ce3
582c1f3
2b6f0cc
1050897
7762d73
40bc18f
499d501
75b1098
42098a8
70fc811
0b0c120
1444a8b
12c2604
2a85d1f
2af86d2
26c73b2
46a90f7
60ebf29
19be1b9
30f42ef
469097c
5a7ef69
1020d04
52d42b0
4adb534
73f5a0c
352e201
21f02c7
5bdcebf
40ac671
06c09d2
51f4bd9
4e72364
7252223
494945e
43ceb2b
3189bf5
3ff24f3
790360c
057d5a8
7d28b14
7c997ac
440b61e
39dd380
1273006
0564551
575e10a
3c79608
5db1643
1836d6f
5f5db23
63e0cd3
363543e
2deddc9
39d7e02
5ac037d
6ed3d42
5975af6
41dc6c6
71b90d7
022c016
6f45c7c
60a00da
0a195ad
5b36e9c
7c091a6
0aefe4a
7061cb4
636b3be
4f0aa35
016d963
787d3b2
4389b09
43e714c
6d8f2b0
39d8e67
529cfa8
549c607
6f5bcef
44a6373
5f38d09
0b5a5ef
0049145
7b3b6b0
1cdb53d
1d5baef
7d66f9e
4c59750
7919f7b
093ea61
36dd3d9
33287ba
5fd038e
434619b
2e7b816
77abd1e
342e1b4
73ab174
7fa6389
1c230ce
1135a1e
2fa8a21
6699ba8
367d257
6e59f94
7860414
34cc512
2c6a387
4f10151
0229249
3e74ede
5fba7d8
6f9b42b
609c6c1
1373991
513b28d
27f777b
24d58aa
51ae96e
741e1ca
4c54757
7fd201e
542f3a2
1af98a5
6f7faa1
68036c1
6ae71cd
3823ca0
18b2469
6451884
648ede1
0896d51
38863d0
45c22a6
4c28eef
7b9b557
41e810d
5b9e3b0
4ef17ca
4fca642
446e93e
6a7dc0e
4768e9c
6bec11a
0b07be8
32cdbc1
46a6c2d
09150b2
654c0d4
2705634
7e74105
76e1809
3f240a5
74ca2d2
1032dce
77ce5ba
7ad9172
2d0a4b3
0735a41
22060bc
13540af
6cc6719
741950c
36c0465
79453f9
21b88da
6fecd50
1a01a0c
32acc85
1371177
2ad79ce
3da9a0d
6bed24c
3c08036
547d45e
662e13a
1fa6142
2d34124
049f3ac
4f4abc8
3546c81
47a6922
3de5355
261f0f6
5bebb40
60a7062
616d123
6f5727e
07827c2
0d13214
5b57040
1bd3c6f
3011e6f
636b16e
3a57f43
5614191
7cc2026
03e0bd0
796144f
4aeb47b
02eac24
575110a
3d63fa5
0ee1044
3fe3b1d
67b9ae5
2859ddd
0f248e7
13ce2f3
2b023d1
3f2c2c5
0294072
30e036f
7cdba2d
5c299ee
0eeca40
3892fbe
5e9fb3c
3168bee
5e42bb6
6abbd09
14bf8bf
08438ab
1da6e3b
18946ba
5188768
4bb5346
5a0c3d8
7355180
27c845e
318b6e8
3fad835
110c89a
07a35f9
655d6dc
2009814
7ff54d3
216d2de
2f585b6
55c2d14
3d890d5
033c63b
3a61f9f
380e0d3
6f41e06
338740b
1c2ed24
110396b
161169a
30b96fa
215f12e
53790da
6b065ee
234ab34
217be28
76a4174
473acd4
471318d
6178343
3029dcc
42574b0
1f3ce78
591308d
56febd4
7c29613
5e7f893
76556d6
4026573
1f0c67d
6d19c05
52a98bc
300a005
03d8d30
3b78e8c
6ea4970
11236b1
79b55b1
4e57ac2
0c563a1
2a47b7a
6e414e9
196df7d
6db2f93
17b778e
65de2e3
1a774c5
39e8814
0dbc63e
530cb40
7023bba
1ceece4
4d81ac0
6b1813e
68bf535
152544e
1adecd7
0fbec7a
1ab9496
17b7019
18e18a9
0895240
1c9039f
51c03c4
58bca54
565cdcd
4516e8e
28727de
0a59493
199dd7e
3497300
43e6cd5
7538a5d
3250bf8
7fbef14
5e613e8
4619aa5
6ea712e
450d429
0ec35df
0e2b0ed
4255c2f
20a03cf
3606ac5
2235c6d
4b0917e
53f125a
48efa70
005fd52
5e486b5
62df1f8
108b0b3
24445dd
2174527
5bde929
4a4a40f
2aa4d7b
787f67a
17cfad5
4547365
0d4d917
3926464
64091b4
121995d
2e744f0
00bb814
368aaf7
4b39bda
0674194
21c9833
33a57e2
01605fb
25de3ca
72c0840
7c98f19
16c40ff
31000be
224c667
7e3b3a0
324a3f7
5b03a93
35255d5
15a7e1f
6f3136b
15b99d7
2918344
2ab2b5d
7bb2100
40c0fac
3ac5570
28aa42f
7ccda36
6b5207d
1e4ebca
6302532
1dc6037
14643fe
538f446
15dc82f
0f19706
73c3963
2028dd9
65a9db1
2aacd28
2389e59
0abc51b
258e68d
62672a0
416bc33
226d91c
3b094ac
56c4daf
7b84c87
7b261a0
0c747b7
6bbe473
156a516
5dbda86
27b34f3
0cab042
4e59b2c
42b0282
72a6ee7
209af97
4c69340
534f139
7930eed
236b4d4
74d0437
79aabaa
78888b8
208a45f
24ca5ae
2449881
4f11e29
33b3953
7c3051c
4e1b249
5cece92
3ea458f
3693c56
13b771f
6dbeae8
2b24797
242bd06
39b74f3
32cd81d
3f55a32
6bd230e
2c86f53
61d404c
3783170
6d7d65b
42e0cec
61b26a4
153701d
01e85a6
5d9144e
35e0dd4
6d8061d
3d0c5ff
43d932f
1cdf856
6dddc40
36f7502
5e2cc83
1d83d3e
7edbaf7
2fcde76
54f38a0
67f011d
6dd7da9
790c682
782d1cf
0013b84
3849d5b
4e1c377
59849c6
7526034
1479823
3121af1
7d46eae
5afeaee
737649b
2858ba1
6a8709f
759d5ae
08fc88a
3db1226
5ef99d4
6d1803e
2041b23
1a4439b
78a239a
7183528
63eeec1
65a6a05
2f66c59
1e0def4
105403c
711a168
1387ded
0b7cdfe
43245cb
0e6eb06
30c1b23
29d0bd2
40bdfda
38ee322
33e1c08
404352a
0e37c47
7ba2eb6
037fb2e
626a484
2c758d0
0fcded1
232d615
27a94e8
5054dcc
3653ed4
2a9f4a1
281495a
0e723da
2c60eae
34dd9c8
4262c3b
0b7a9de
6d8cb01
6de8e08
4012931
0c7d264
16e3029
6bf801d
21f8dfd
11faa21
001c099
2c03470
19cc5bd
5391cac
3249e6e
3708111
1bb5508
37b7176
329a610
0df2178
65875d9
3362651
51323da
0d2932c
1d54412
7202d02
7b446cc
2775ea0
5befdf3
166c84f
66ce372
2dc32ce
06030d8
19afac7
2d0092d
620d241
7c220db
55bdd21
000076f
5669a7f
50d3b42
2af4311
2fbf8cd
6c1515d
4037e0b
78040f3
407e650
765ebe8
46f79b0
39e58a9
35b9e8e
57db78e
1f2f7b2
4c93453
35b1456
5d04295
5524266
29f8d6b
7783524
5d0a9eb
252e6b8
4e75412
777a1b3
097192e
05491aa
0f5273f
1d8f1ca
513e95c
00aac78
296b811
7594974
31f924b
23c163b
49f3923
7ab6fec
3b44806
3cefe26
335e380
0ac8321
78ea432
7f2a691
04bff50
705ef5e
3284310
4899a8c
50929a0
13bdfaf
6f1e12c
1e502e8
1def926
2f62f05
2327c8e
1106f0b
56c2e14
19eb1cb
0fb13e7
7edc789
7d9e303
5de992f
54569de
0a19da0
7289260
5fb9820
659824b
3854350
0cb7df7
639ff31
2ff2a9c
2292574
2254b04
3880abf
0306864
530f747
29a39b9
2518bab
5c9ab98
4a2fd00
2018dff
705e013
6662afd
73b8e4e
010577a
6fc8f29
4bec784
32e008d
1a00ebe
1a34905
7470578
0ca3b24
61ea247
05fc33c
77451d4
174d835
5728435
2f2da9a
62437c9
223edba
6ddf2cd
1965327
130ad64
27f9a81
41e587f
01ad318
729be7c
719a41e
4c57407
543962d
4c7811e
4e15cd3
6481335
62e8684
0f5ef03
7d9bfec
7f8d782
0d46c0b
467eabd
33c9ebb
5a247d7
2a03260
5486437
29b688a
1e0c9c9
57d4018
2e033f6
50250dc
102cb25
00f95eb
6477657
2680ab9
36eee3c
41fe487
17a8a2a
42290a4
39e72c3
3d23867
2a35aec
49a4fbc
74ff69d
47c40b0
0124ac4
1c6bd2f
2d63fcb
5361d27
4bd20c8
3ca6d54
591a81e
1454c3d
7844e94
6e841e9
7635a28
680be4c
60cd668
61b73a7
1e53302
45ca41e
00c1bce
2b7c803
0ff0b5c
4baeb30
3e83a97
1bbd078
4f096f7
2bd90ab
59c96b0
7192274
229af0c
7819d0f
57782ca
5cf152a
4fabc44
7e6ea86
3e490d0
65be2fe
302e031
7b07bb4
365bc89
462c44b
47d48e7
16733ed
25555a5
757c241
58a7161
1e26ea5
7729855
75b7615
7426454
5b9e7ca
418e79d
51094ad
6f44b59
4a5419c
467cfc9
5e37c43
3f216e3
42904ca
735656b
22aaa78
5d77fe1
1642ce3
2406d7a
15427ce
2203e48
7b4782e
27c8cc0
668c548
068c160
1550016
7fa31b2
6762778
019ac61
2df407f
3dd5b88
013a728
564dfe4
098661e
4b0ba96
7b73743
02f8b9c
016372b
0eac469
4be55c7
78ff7a9
6ce2551
5b99189
5abf7c6
52fe16f
164d91f
6888d3e
3f193b8
725091a
4bc0c2e
69d29ec
46f1886
5052dab
4b77b90
17e44b7
622a928
7cb0479
3855741
4fcb0a4
07c9290
50d8bd5
60f12ec
06732cc
7ae6559
63c938e
3334a7d
198899e
3bae7b7
4549a46
38d8210
678610b
6b7ec68
021e5e5
579f658
5c72c43
7ff4b94
72459d1
53f3320
5039c23
305f75d
1752e25
505adb4
161dcfd
360008f
7ac2e40
687a01e
6905859
60791dc
34ec385
5c9bbbf
052858b
4245477
624d985
0a50cda
71f17f9
7efff7f
50563d1
043800c
1624435
594e94b
4a130b2
4fc2417
12c10c4
323fb4a
359c6a3
341b7c8
07b5ba1
4e06c07
0fb6bdc
7f0673e
636aad3
46284db
4aadee8
3ab43ae
3a69134
3c9dee3
7849cd2
1a5d010
1066efc
43fa31c
2a01f38
123444e
747dcee
7cc5338
0dbe63c
7622513
00f8723
368b6fa
1d38ec7
071ecd8
4f821cb
1371fb6
3bc7e48
52b84f5
5bae05c
6819dec
7a9a9a0
57da54e
11f823d
6f97e25
7c920c4
6301451
613675d
383b1b0
0d0afe8
3f87eb7
3c3cf3b
544b9bc
0d1d0e8
221c11f
007e8c5
0da25df
28218c3
0f3bd3e
4627032
205570c
40efa0a
74e83b8
506cb90
61871ce
22d0ffb
3d170a8
49285ec
651fdec
2f28944
20d846f
6f58b89
6a2afe2
161a4f4
01c03df
5f63f58
397a1e5
02bce58
1d85e92
2f95569
6285c25
5a40709
1936a71
055feb5
262826e
5c3b08b
6276ebe
0777e18
344e2a6
73611af
426ba06
21e0cad
2e633cc
3272f58
2b39b02
25afa3b
27b04a0
49cff95
442e1c7
0aaca87
71f8a54
3bddd66
38de170
6d4e9a2
6034cfa
26c6a09
4267f47
266b4b3
46b9686
1be602c
418d567
47369e3
5018766
79e54e7
6180e09
6b17b22
67ce991
02386b0
4afd176
4c25337
7b59ee5
38d257f
0af1091
7c5e2ff
1b7a852
410b7ee
0cc7303
66a6883
6d426a4
70bcd9f
6be24f9
7b2a048
70a7979
7d37c0f
69331fc
3611771
1ecf625
458e49a
29ac2f9
3ee9657
0c8356e
2bd248b
204a491
4758afd
25dfec2
3d2fed0
4400df4
73a71a3
651c17b
0e48a85
5515064
2c5eb75
7d404ca
322762c
5828eba
453baba
5f7a4d5
1997418
7a332d3
5219701
27b282f
6f7ae83
561b82e
73ec107
067d1c6
3b78ad5
4e265f2
60fb996
5097ca2
0796627
340f80e
1ef835c
3ef57da
1aab6e0
51dfd39
4c486c2
64e405e
03cc6de
0b908ff
3f4d84c
533ca02
01157d3
2b782c3
22eea0c
59a594d
7e64e6f
11077bd
46aa5f7
4c7f8a7
06b1521
1ef13a3
6195ae0
096fe49
44cf041
5baa754
7b90ad6
6f45592
5fde766
06c87d2
083c2c6
2027822
75feca7
34a0e4a
3a1f77b
01a15a1
0a6eed7
7fdec3e
33115aa
5814c94
23553d9
0f279b0
3ad97da
77c0509
21ee62c
46de936
69847f2
6097b6e
2d743fc
4dc9bb2
67aebf3
63eefa3
54c6f58
6d4f40b
02b4f92
7b3e23d
35955ee
0c83c8f
3a3274e
4115afa
3a88d2f
1346c10
0e269b3
7f9cafa
756d10a
4da0b0a
3738a86
670140d
2c6fab9
699ca05
10a87f5
1f5610a
4edef75
108128c
438f356
19b181f
7a2da80
61c34ae
727f5fc
35966e3
1c9d1af
2d224f9
2f849ec
1042797
29a3a13
26dc2f3
0ffd8b6
1d25aea
0738fb0
1e1c288
7fc62e6
796116f
5f27e2b
556234d
1ec30cb
467065c
6dcab41
1e1e210
28eca1a
6e3f42f
6246170
6233fe5
2c1adee
32cea65
111f329
45a2073
1e93414
53eef34
4be80a6
28467d1
72071aa
55c0075
5b2542d
77614c1
4c00f39
0626058
66dd646
1de602d
754cd22
11083e8
2843ba3
2e56102
6d5e2e1
40c3e45
61589bc
4636401
56c752c
184af20
1a777bb
2789f26
27894ef
7d27bde
22a3bdd
55d717e
12cd2ff
4b265cf
1f3f89e
4a6657a
2628ce7
033dad5
235a4ca
7607dae
5745073
590cf3c
456161b
3f69521
4af2be1
1c56e69
2afde61
54e5c99
4fbbeef
2c1bfd0
260b025
27c515d
47fa192
11c91e8
1807bda
5898561
372cb28
60c6c8d
666d30c
21bb39d
5a0ae61
413daba
46b984d
5d84f82
2a67fb2
1fa5a36
5a90af6
5092041
2940f2a
1c37be0
6cbf678
72ceb28
7d03f66
7f6d677
16110bb
69a2032
4b4b2ac
2a162a0
73ea90c
09e0d9f
17430a7
30b6fa8
3fc6bee
3610350
519de42
61d8ffd
0206bbb
497dd60
23a24d2
1afdbe0
6132b55
126c199
09bd8e1
711ec67
65abeb4
6dc445d
152259e
20ea772
65413b2
679cff2
4ad72a8
5ea4adf
5a94dd0
792344c
22d0b10
0a57e06
49db246
544a41a
4fd7cda
1797971
713ae54
66c1749
287b3a3
0bd797e
795635b
56af63b
633464b
6b5b97b
72bcafa
6c4d494
3e5fab8
0416a59
2e78043
6eeda2f
0485833
2afd4b3
68fc221
7bb0981
6b1ae23
2d85f92
441a938
782c176
1c6f585
55aae74
465f72d
225213f
5712356
7d730f7
6a57f68
5050ce8
164f76a
230f438
4c4179e
6cd470f
7a47080
74080ed
43c4a39
08cc2b8
464db30
3defb6a
67aa132
5986662
688b550
317d46a
7a060c8
4ae22b6
19872cd
79f1561
161278b
4bb2ce1
6444c15
50990d7
43a8ff0
530d5be
1b6895b
435dc70
4359354
41fd6f2
0f40a5f
48261b6
57a3f29
317dd78
1ecb40e
3525e69
65a6ffb
7ca958b
373b1b6
7df79c0
524ad78
77d72d5
1bcfb9b
16cc0f8
041059a
4ac5893
01bea4d
4723c83
645d742
3ef82ef
4735e15
09dff46
7ef58d8
0c9723a
4cb0e19
5eabc6d
46e6715
6327700
4b44a85
503a316
162583c
0961593
1bd0658
31d5a94
181d03d
3e55a2f
23507e9
4adf0c5
45fd51a
7ea5f12
58e61e3
759bfb8
662a1f9
33f3ae4
2e4c923
3b2beae
0aced4c
7c2e440
2925c81
2cb9113
69897c2
54e5519
4fee4e0
2eda8b9
650364a
14bf491
7d3aa0a
731d44d
5784c45
6023422
1ab2414
0229bd1
24466b0
5c63c39
033b169
7112abc
6b9a198
258d24b
6e168d8
215f628
709855c
54b44f0
098e8bf
7b7ffba
55fdb3a
5200834
5634318
182a596
26ec196
48216e9
19bf614
49d45ef
6af001e
765194f
0cc13d2
3b5fa43
6ebd011
14c013a
26170b1
2b094f3
7131c43
3826719
77000d7
76e3732
171e7dd
0af7a10
3b3ad01
3f31f00
79a4143
0c3fef6
7389702
3e7bcf1
145d8a4
156d9cc
30658a0
3e128f8
5880cf5
6b38588
6904300
3df19e3
543a57a
53caead
3f95071
7ca06f5
27b5afc
191647f
601d775
51977a0
1d47d8a
39ed458
22ee86a
3c68538
0802d48
4a01aee
04f6d45
5e62527
256da48
398db49
0360069
269a93c
02661d2
4d868de
1a04e34
44f9662
2534da3
7efafb4
27aacb4
055acb6
147f1e0
560cfc7
693d7c0
599634b
18ffa75
7069831
3037523
327eaff
2e2a6e4
50a6993
6d2cb38
75f6c04
06f8975
40f1d6e
1bd40dc
2eb6411
1f9950c
3887954
17df7c2
2979722
16ea747
6a61ba0
128bdcd
4a8a5a6
5c02512
0008502
4076012
08e0f87
5958710
386a8f5
5fc871e
132b229
7e38190
52c1bdb
4cde840
5b6900f
579e7e9
5db8dc6
39cc596
7e6442b
423418b
29e4720
79bb259
5c4a20d
245d475
10a857c
6d9766c
02b2f40
735a12c
589ff1b
2635cab
06f03fe
1632593
331933f
10973a1
679b819
63e117c
2266d55
177e3c9
630c4bc
69d626f
49294b8
7c3a4e5
7536a9a
589f2fc
0f2087b
48821d7
61df021
6edb395
5c7428f
2aabd37
58145cd
3d0a8f3
653acf0
183a0ea
537fa68
7fd6a47
5a2409a
70938d4
44eb5d9
3175ca1
117387b
1761775
7000a64
7fdc4db
6020866
254494e
4892c5e
79d5eda
69f8cf8
388fef9
3d18618
32ad459
4c490a1
63fa21a
2bae7e4
73ed252
5dd9bf1
476459c
2491e4d
438a48f
73c67d9
7abfb7d
74fb261
4a26b58
4f0eae2
0d45ce5
67d5641
0b8b74f
36c447a
31c414b
1f5d266
2ab6e45
385eb67
6f40516
08b0d50
1ba0b5d
27c35e4
5b28d1f
35e222c
1ae36b1
34ab67e
176aa0e
0fdb602
32021ec
7ab676c
3553de5
58db5de
0ac9209
1391057
2bd98ba
04545cd
6ebb64a
7563d8d
0e8614a
7624cc7
22a99fd
15d3b67
7b85b7c
6a711c5
4c4b7ac
740fd99
71f6bda
5c5d7bf
7203469
01fbd6f
37a32d6
523481e
490d00f
431e470
162fc75
18bf343
3045fae
77764e4
4b1f71a
4accd7c
776cff0
3ba77f8
2fc5401
5568bcb
0bb8d42
5ab2db4
5faf22e
3d07b45
2d0ab26
656c9df
5eda3c0
30aa8c8
0b635f0
10a16b7
62c2e55
568f7d3
1153ecb
07532b0
45611ba
45c871b
443ce9b
5bec65d
4c1ed72
00c9a39
4da782a
77f6989
0e731ff
6549252
290aab9
5407f22
7903636
450496a
6e5f3f7
2125938
671d737
48a3e0c
14f8c38
185cebf
30f47bd
472e61c
298cad3
4fb83f8
2682251
779fd06
4be3269
409975a
0342417
3ea83a7
69ec261
536bc15
58aa71c
2dd589e
1dcdb3a
3ae0aa7
2227dee
46266a5
13155ef
3f7de61
1d56912
56e1f5a
6e81633
330fe7b
783e35f
6297414
5be0ff1
219e92a
1466a4f
15161cb
19f4080
19ea3d5
33d5ecb
0a7957a
2d24e1c
655f8f2
20bd2b3
399fc3b
0b29ee0
6208f94
31cef73
30b2743
341d46d
78f48dc
3a5558c
63ff748
33e3abf
56de9f4
5d83c8a
0bed2d8
529d191
6ff7751
3e93165
47f4c3b
72ab846
7398b89
3d97ba0
4542708
271adf7
3def057
0fc5da8
207f697
3c34aeb
014403c
7f1ddf2
43ca372
4a67726
4014990
0915cb0
7078e5b
5be885d
0953beb
3d5bff8
758c559
42cfe1a
4bdcb95
4815774
66aba2b
749cc72
76e039b
44c9ea6
6e8d179
7894a3c
6e84d0c
2a8f64d
11f26a3
3dbd59b
05efdd9
5fa4db8
772ffe2
6a74aad
537a842
41aa084
190fc8b
5f028ce
4e3b681
708a270
0754bfe
37bf184
22952ec
621febd
783b0a9
2a2e4f9
31d77ba
4e9ad35
5a51dbd
05f0fc7
6662197
033ac66
25d9479
75ec0dd
0fb1f64
7ea0a3c
52b64c5
1af8890
0b44add
6aa8c6c
1cec62c
6c099e2
212808a
02fe4fc
0b318ad
088abc2
2872915
30c9178
414d9a9
270bc7e
2804f02
65e08e9
3e99763
783b25e
5be08df
738f8c9
36b893b
3004cd8
2dbb0e5
6e4c9ab
28380fe
5c98781
0b4a08f
4e618b1
7277160
6f526c8
5d46d9a
2bafc16
09fde14
3ad9568
292903d
673798e
0126e97
0545432
32f4d09
7f0b45b
4f9c546
1ec6e03
0725ddc
054d719
68451bd
13e0ca0
40cf205
2083793
7cd39b2
7d679d7
6c1417b
3b15a9c
30b9ab5
1adba14
345a8c4
29ea634
2bf2fbd
11a2093
7de6a04
0edc367
0666253
6831841
53e2a9d
49f5937
38e269f
1a12641
1db854d
674484c
2a90842
1c22bc1
780bb89
54d03ad
2517959
223fa02
7b9305c
4cb8bc1
1956806
26cf74c
44abe62
486ffbe
21e600e
16d28b4
06e9302
376dce0
70a6261
3313385
6b7ce16
74a555c
4e10ec4
56ed1bb
4ea4099
2a895df
3ef0c3d
0fdb2d6
3760039
13e257e
42ff719
6c3ad29
7c47b54
1969c93
57797e9
4ffe648
2738779
7846cb7
5ca21b7
3d39a3a
4c91505
546cb5e
09e9d3a
51def4d
2ca95d1
251cfe1
5f57e4b
163329b
47de1ec
6f6f4a3
2ec29be
221c6ab
3b85a5e
084692e
0a9e424
3de188f
3020712
227d7f5
4331495
323cce0
7f7de69
5d0fc36
160ec44
678a1c9
2f0fa3a
0df5127
30b3955
0905bbb
664fd67
1186482
76dd493
23e284f
207d9f0
3c3a935
3b4bce7
21fd460
3bdd2c2
416090b
392ee99
2f33ad5
3cfa1f2
58e39b1
4b8a926
562aa62
3dd941f
61b0ac8
5bbf4b5
2f6b536
7ccf833
79e4f38
39f1388
208bcf9
7bf685e
44fa9da
59a08c0
625166d
1ca35f7
47192b5
0e1def3
40555e1
5c090b3
0d6511b
361d6b4
0851ac1
5da5b62
548350c
0bbbb3a
208cc5b
5ca047e
6afeb8a
6effd4c
386b4e2
05c4561
00f177c
55bf06b
11fb8c9
152643a
18c382e
312de00
2cc3081
28e6b1b
57a3f8a
088feeb
5c48b07
3cdde94
71b652f
38c84cf
783eab5
2ab047a
036da41
4fdcbc8
0250d7c
51948e5
6ee0e66
5e451c5
3b5e7ee
247c682
3728329
0dee87d
28dda6a
0ff64a0
0698997
34fbd9a
1c26f5b
21c8d27
7bdac65
19c61d3
2beb7a2
3a7bca7
703a837
7b1ac32
2d5f775
5190fc0
3f75f57
64be2fb
42bde51
505dbe6
4f148ba
3639921
19e7765
6b5aaf0
4517ec2
6c2b2f9
454d089
70acfab
5479546
1085fb6
1650776
786f6a0
0a619e1
4ed715f
67c0ffa
5899caf
6147f4c
05acf24
5e976fc
26110dd
0f8f5d2
127cea5
2852abf
35a54e1
3edf9c5
0dbe661
29e0f25
02938dd
22afef6
05ac05a
729b856
1cde25b
23109de
76b66e9
1a898e8
11eaf8f
1fb04a9
6c2c660
1c889e9
23f5aad
68be066
1f3b1ce
7994250
5c87c01
043294e
7193d74
00f70ff
7212b48
099288e
50933e4
3950cbe
3c5259f
781bbdf
73fe036
7fc291e
63e6d19
15a08a5
285cc2d
678d787
59ffe04
7d82e2d
5b31632
22eeaea
5135b83
29324ad
6c09c44
3fa43dd
3188dd1
127dbbf
74efbcb
2c0b68f
4f41c1f
74ef048
1c2e737
692b4d2
7c205be
03009e5
763d466
50ff05b
1a6e278
2a132e4
3452be1
54a03fc
714bfe8
57baf04
217c58e
2bf508b
5265993
299b27d
5484089
62c9e1e
09556be
289994f
4ceea82
4057cad
0c5d2bf
6b533f4
5c73493
3febc2a
7d25f3d
249429b
71db4f0
5f53170
376a5ed
02e0016
4b6f7a4
67281c6
22eb9c4
3d03d6d
5d4a04b
3f7de58
6ef21ba
614531b
79864ab
196088b
6848457
427a8b0
4c965c0
615a1f7
5aeacf5
0182151
549bac2
043a863
54a7dad
183ff9c
7107441
3aa40f0
2b0f560
508746a
15d852d
3867cad
4308436
6e23504
504a15e
1d33338
0d790ba
1538ab4
4bbf543
0995b0e
510ee6d
72d886f
33175f5
4ed57b6
63e7013
4b5ed5c
3d1afff
461238c
2ea8905
478c9a9
60050d0
2ee5a9d
4b0e9b4
594d175
69bc0b1
103dfe6
747ebd5
4c9534e
5e8b277
764837a
3ff1d9a
1471aa4
61d02eb
42c1a0c
49fd6e0
26beaaa
029c5e4
348ec65
0621df4
0d93faf
44201e5
56a6729
71fd962
39ec7ee
502295b
6095bc0
67932d4
408a244
5cd27b8
2adc71d
6fbff32
1ae45a2
74f008e
1716e8c
7a531db
5a241a3
5cb77bc
4241b2f
71eea80
42a5122
3c65fcd
131dfb7
5f34228
25ed738
64526ae
70684ad
58e2fc8
3ff530a
34e8e3e
40b8a74
0ed77d6
23399dd
6d686f9
508d638
24b1e09
37ae42f
5193072
653cb0d
4ff1a96
05f51e4
386f1f1
008ad29
54698a5
30ef9b7
4eb2c7c
020877e
56f48f1
0421033
7278dd6
599746b
0a70dc6
4e7dc30
7ebcd2b
20e3080
5030669
7d999b8
1ca3951
5289c41
59b75d8
48a615d
2e9cf0a
01d1e42
2e30d27
3184a39
539e45c
78afb6f
7476808
2360057
4dd2108
32923bf
5914d28
6a1f767
25e6827
339bc74
0998a70
1351a2f
0b58f15
4c35460
6dd6f40
08b3bec
39f3d2f
7c78404
36369f0
730279d
36ac26e
603d738
4fc4922
1111e59
188317e
314ecc8
4146703
10e4975
2c34b55
6a30e93
592315c
064c24d
6395a52
12eb2ff
4d662af
2fe9f8b
16a9169
2e32552
75195ab
4eecfdd
0f569cf
041c2bb
6864ba3
1fda133
37fcd03
43b4f59
537b09b
3488014
6685215
5985cae
638b768
101fb5b
5ba8c4b
3879ea4
7177ce8
63866d0
5d027a6
7b7d349
1c57c5d
1edc12a
7f9b137
2302a37
0e47d8b
30eb9b5
4d13fa1
55eae10
46ee5bf
339c314
3c031a9
49c7acf
665d08a
5ededdb
1ef62f2
54d8ec5
2975453
06a79ea
189d181
3446fae
2f2e2b0
6f98233
40ad520
1bc4caa
6700201
597d131
08f84cc
511e64f
60e79ec
26b15c2
559f767
113cc70
41eaa86
51e960b
3349ffe
672af92
455f30f
030213b
3df432d
5761ab2
4624f3e
7edbe18
7fc1154
05ec306
794c64b
7cb45be
43f6987
0ec2704
41a355e
2a110be
50d8aa2
3f6c221
509cb19
363d6ad
3c0b33e
3c1b2be
6190c5a
5b719f6
5fbba09
2461fb2
795b057
0397075
23a25d3
00be64f
66fa579
50043f7
128ffd6
29ce433
4a4049a
3664688
07e8752
7cf2021
09ba125
5956e59
4a8591b
3b04b2c
49103d3
71773dd
74ed6b1
0b2fda2
5b8d62c
7ed6902
42dd0e9
40cf25b
1f96be3
4dba230
224e8ad
5d02d2b
5d66ded
502dc60
18fe51c
7b80cf6
58ec28f
1a81ad6
4274f07
12f2854
2e5245f
566c951
746f977
78baf12
4f3a902
359ca9b
2db7f69
10fbbe1
2b56048
73db94d
53f05b9
5ac4563
492e3ce
5f350a9
78f25d5
198889d
486d184
7cf1857
2a3f037
78e0d21
5f918c5
62b0b1e
7b2cd05
451bd7c
26010ce
15f9306
34c1684
0a12cf7
15f9489
03c923f
22f1caf
3926ee8
33c56ea
7e733bf
00710a8
58a45e9
4f34ac0
07feb94
23ce489
0e55285
7656c85
2608509
0faa477
247b774
73c34ab
22564ad
2cd27ab
7a7d085
725787a
5739845
2fe3c8e
1a6c535
02061a6
2a19952
2550d16
2638a1b
35b59f3
470df8d
072ed6f
04d8a36
1603a50
31d0ff6
2a284f3
619f98a
580aedf
62d7b9a
68937d6
2910399
794a3da
0727c25
03565e2
66fcaf4
1cc45eb
34d46ad
3fe820b
6b3a4d5
1e5d52b
19f44e6
5e3d3d9
51d4c9f
03029a2
0a57024
1e37f93
4fe5dd4
5eefc66
3a615f7
08d2a7f
5ea051d
4b57293
31fdc7e
73b14d9
17dc606
3a636b7
6d5ba85
043cbd6
7eadae2
192efee
0fd0ab2
70baee2
00676d3
6d7f58d
186e2fa
409da80
188f482
407862f
7aa4d1c
7c7d1b8
749e9f3
6ffa1d3
114da36
6996789
51536e1
76f0b0f
3d3d7dc
44ec60a
5a16911
16aa4bd
231b4f2
20bcbb2
09b91e2
09f75ef
19009a5
0f32eb8
4301a52
391cacc
71f3e79
2dc6cd3
17fdf4b
129d1d2
422ffd1
5c55584
13f04bb
5710883
6dc3e79
5c48e3f
70eb4d1
6a878e2
76c8542
0ead7a0
41008ea
4a38f53
0daf2a8
448bad8
754e285
314626d
68fdca1
1e56c29
67d905f
650d9cf
1053b86
77cdc09
6c2fc8d
49b7589
62529e7
4f70d82
31866c4
355ad86
1e1b169
46de6ad
051bf3b
05a5027
42dcabe
14493f8
275f9a1
24fd831
7a09b3f
7563e17
4bba854
09fa376
5cbd15f
40c2291
409c63c
4402157
2ca0bca
77f75bc
4dacf9a
3f1b6a4
5803084
7512552
42587b9
084d8e9
4861276
613d1e1
673884d
41d7f14
3305908
04453ba
07709c7
1d75377
5c6fe74
4eac611
3ec9ff2
5e9d6fe
13af04d
2cabff1
1802ffc
2dd36e6
52ada34
5b4bfe0
1d8e7d0
0f3dece
6bf5b0f
34a043b
2143df5
03d76ce
0d2a0da
3d6ad5f
272d883
028bbfd
16f4002
322bf75
0d192ae
3355b1a
2f2ba80
429feda
6a30c35
77816ab
7b1e7ed
486aada
25ea500
4a0f347
305d693
49931eb
10f52b6
124db30
353abc9
7c372a9
5df83b6
5bfdc95
154f755
3e9406a
70471bc
7d7a224
05ea5bc
5f45432
4f32783
6b9f3a6
208f548
2bb5b27
76af817
1beec51
6c392ab
1bfd0da
7a9e0bb
10443e7
6950809
76580cc
30d8f51
05fe8ae
5d7042e
3eb1529
63802b7
66dd46e
30ab745
3a95abf
27651a1
549e414
137bb9f
7087e88
65428eb
6f30a2c
28faf61
3aaaee9
28a8f75
74a2cae
13725a4
56e9ea9
0b9fde6
2a1cfd9
216e15c
1c985d6
0217608
5379842
0bdaf16
698780e
5e282da
0289338
4d3cadc
09093ea
0804077
7d2f7e8
73a385d
3c3778d
7f9901b
793c6e8
5852041
6d172fc
25c5e61
73f7fe8
5a94b0d
3cdaf4f
1ed1fc6
4f3e15d
0c89b80
314ec7d
5b940a0
265a644
121f808
44f21c5
0294bf8
496bf9f
7163902
58eafcb
51e85de
1cb8408
06f397f
695bc6b
6082abd
4d418b5
47ed75e
2c7c3a8
4ccb209
703f5a3
3643313
7d1ff9f
155b26a
2dbc7e0
497b92a
5bc7e28
082d1e1
086153c
73fd485
52426c3
4e78ede
0f5999d
44474d5
780d171
4e9020f
5c320dd
7656e0a
2a1631e
5b1fb4c
1e68a63
7419a21
431f887
031098d
7383279
0fd4982
6631bb3
27a5252
1c643de
08dc7be
5eb9a67
38ee8e3
7f78f8f
78eb14c
46ee104
5ed733a
7fd7d71
0a1f383
30878eb
084b1f2
6153b6e
1496706
0849245
629a5dd
4ec3240
5758fe0
67f495b
12b75aa
292dd14
3e87fff
307cdde
5fb0050
6f0b331
1222d6f
1426918
5dff091
58b556b
5bda4ea
6abb695
4b4d182
72bb271
4861bce
721331c
3677b9f
7150a19
2e25c32
18f08d8
6236869
451bd82
5fa274d
6807221
4e7e6f5
5177e06
4e427ee
5f5c141
40c7afe
4460365
4739a37
5371da2
0ca9e5b
1d3441d
2934220
343aabb
564d933
45ac0c8
303b964
244db6c
7dec913
1dc71de
4bd77f2
7bc3011
27993b0
05773b4
0d77309
65ce15e
70f9dd0
57e9c05
5d17315
4b2b295
4f639c2
7552bb2
1c8bbfc
76ee7da
12bd28e
03c0667
1d05431
370723d
6e2d36c
18e530c
5c64a55
7469b17
22cac70
1327fef
7c8ad61
414141e
19d48bf
1def409
43dbc39
53e7709
38fde7e
7921130
46f404e
29a0102
0f8f4b6
1c88b43
277234f
129d36d
0f6bbe7
0d1a9b0
535a3ce
51c8256
5385966
6fdae4e
16c3ae1
228cac8
60358dc
33fb1a7
527b127
0efe63c
4e6a8dc
1a2e624
23a02d1
28df46d
105450c
1872925
41f1576
74ceaa6
059c0da
5d106f8
05c9ec0
38093d3
106c45f
1175fb9
65e5c0f
6ead4dc
0284fbb
3a72984
6caf9c7
6602f06
68c0d60
7e5ba71
55e531d
61bea27
38612fe
64b7fa7
6f5a9ff
26f55b6
7d99661
4d04982
2426990
789cff6
7cdcac7
214d8f9
175e573
6a50da4
0454edc
009e328
09abcff
70d21c8
6a48c52
7a0e5cf
13a4afb
38d1ea4
06f6820
344ed93
31b3d50
6330518
5e72da3
0b0b0bf
0362882
27f63ae
4a791d6
696551e
7442b8f
79c010c
492840e
311e26d
748221f
416ccbc
49d5463
1cd0d3c
3e3a5de
41b79d2
0ee4fbe
7c1a8bd
1177b37
50b229b
0b4ed3f
42e7574
472b3f6
6c9d79e
7f8dd3c
6f5101b
34ea425
179f37e
6f2a8d9
3511532
3e5f4bc
6ff0972
0d5a196
390a372
44fb41e
2c38025
36a2f88
7a42345
633c9f9
43d6c08
15d0bfd
70f4890
49412ca
73ba873
37708f0
39b76d8
2b56512
0f0224b
6d9d764
64037dc
7d90b6d
708f087
5e2afd6
732d6a2
493afcb
19e3dde
292b337
6d6e64a
3bc37c8
58d7ed9
5f4102e
167d08e
040420b
076dbd2
06c86a1
7b2668a
2f57332
2b7ac9f
3b9fc1b
73923e2
6e22af9
40dbc4b
6eb1d56
76da29b
3db3f2d
1c669ef
474293f
3b4264d
1136a14
66740ed
6f7a43b
055c8bb
7a80020
637cbb4
04a5f4e
7426a60
07faf20
1d84747
5061d28
4276d38
71003fc
4c846b3
382f855
1df494b
04cf85c
29eed8b
0b55fbd
782c88d
7b008fc
0a7446f
49c535d
3c46f49
5e6973c
5957e43
338da29
1fdbd79
747b092
4b1360a
76038a6
732c143
6dc93c7
6d5be55
4492016
0ff2a22
2433b77
224dd52
19cb796
64ac8a9
38a3ebb
78766cd
302f696
4701c46
0148a20
22423ac
3ccea17
60286a0
7b3090b
38d7dff
54ac7e4
1ad1119
426ac58
62c7374
7a159b2
08e0a17
234213f
05c2ac9
66875fc
50a2140
1258da2
37e3d1d
512caf8
003c495
3e243f6
183728c
6a6b75c
4ef63fd
7314599
375a1f4
3f933ba
5487b57
220316c
08c88be
540c89c
3674b9b
68aeb2b
5cd202d
7d67210
30d69d6
79d9a35
5277c98
3d34517
417689c
0fd2c98
53ae451
0f0f26a
241454a
6e4dc7a
0cba193
3d3610b
33646dc
1741340
45aaf08
386f7c0
269d76c
6cba428
0652a6b
2d17242
1bc9eb5
4328ac3
380ef4d
68e71bd
481fcbe
3c5448f
412c79b
0a8a0a3
3879fc8
0e3f420
5f9aa7d
3c190aa
0d9a260
0c16db9
1cca37a
7a2584b
47eff12
11c94df
7fea3b9
5650b78
3aee5e8
60209e4
563e0e7
569577b
5b440ee
2e58ec1
5bb7854
3b5ae46
7ac6d6f
1f10dad
3c1051b
08211d8
6c99d74
65ffc64
7e99dbd
3295e69
2665c2b
57a48d1
6dfc096
317a5c0
44b839a
670183d
47a0ea0
2364a26
5f24c06
6a0f1ff
6823cf2
59962b8
099caf4
57dfa0a
4212422
45a6912
2047b75
134f398
2beefc9
642e29d
63dffe1
69bc41a
02b0072
086e12b
613c35d
10062fc
3d65804
6bb1ed2
003d150
1aa96a6
538a2a9
22422a0
1f7782f
25e04c5
27c0e6b
1430cf2
4021635
0217adf
7f81636
3fa075d
2cba5e8
7ac0b71
2da6b29
5869728
2fad81c
6eb9099
4b6cf07
04972e9
16a4092
4e72228
11135e1
29e683f
59bca5c
2dcf91c
0c14fb2
3a7386e
5b6124a
242bbcc
6cc3bb7
44a8c08
35efecb
60b4c1e
5886fa7
461250a
31f0422
69c03fd
236e222
079e8d0
3c2ad1e
0e5d75b
25e8a9a
077993a
0bfce12
42d0da5
7f1e2b1
21da148
6408ee9
025c427
5d57d72
6de5bf0
5b9c937
4cf9cc8
2c827d8
0ddb631
109353f
7e79c89
692e7d7
726f96c
6203821
017b3d8
4708be6
2fc12fb
61aaf74
2c5fc37
5dd9f90
388f64c
686c640
16fdef7
485ce90
4ee2943
0a8081e
5d0f5d9
2c8449f
14f5869
66736e0
75d2cb7
6e83608
0386093
6b15415
3d83715
4183045
13f775b
645f651
7a83718
29a53e4
777768c
7cb5c89
6ae3258
3ecda53
639237a
4e995dc
138b93f
7c97788
448b17f
30abc2c
45a9fd7
6bd87a5
35638b2
4b99709
53e4b60
47cf265
279c7d2
77cbcaf
5774a9e
3a5c34c
051907b
4006f6b
4418c59
1a1612c
1137599
2b69a03
2558441
3cf8dbb
6c0d5ea
1c3c6b4
7029091
137bf08
7776624
6ef82a5
6b9b674
5460c11
4bdcf7b
1b0444a
3a949fb
1e02bac
17f3550
0063010
6995849
17e6163
556d50f
306e479
76e2f5b
2f31ca4
1fc6209
2f19692
1ca974c
2713707
2b08a4d
55aef7f
68cd011
5b37e36
1551241
395b09f
3086252
1c6db70
13574ea
6c6a122
1cc5edc
0ae3e19
1aa6281
77b8931
1a3a3d2
5d3960b
1cb42ed
78900ea
0a1402b
1af9e9b
4198369
0bf8688
2767608
443d3c4
4e29b6c
0d65e3a
0798184
5ec481e
2f92a26
007dd6f
1604de3
17614e6
0d3764e
2e9fc98
20240dd
78ddbee
195d88a
2f90fee
3489107
71de883
64b5031
1bc2557
6246ea4
21fa35f
1a6317e
66078df
3ab19c8
1626ef5
7b7c253
6590ddc
43f599b
2ee85cf
3638855
46e0f2a
7932a0a
01f992b
6aa201d
39de4f1
4f4db46
5fef583
3616088
4cadcfa
7d7027e
3c6efd4
39f9c21
51fc443
1922b1f
48ea53b
70d63a0
5abee5f
0cbc3a1
1f8e8fa
4db42f2
2b14e50
78b725a
0b2d2b8
51176bd
39a100b
263c932
5e7ba3d
259252a
3da5954
35703b1
5874fc4
4960422
0c67eca
496849a
2cc164f
31647ac
53943dc
07774fc
4472b91
068ab0f
0cb0dbc
1fa775e
5d8ad34
6fd05f6
2071735
706c6f2
59188ac
6e9941d
611ab80
7d17ac0
0b91417
1a061db
31e8ea6
4d23bd1
47fef73
61962c8
430c587
6bfdb67
62d45a9
049e6a5
1030de9
56baa07
431fbd5
2722b6f
2e8c1d1
66bc974
2bfeb5f
7e34b8a
0922cfd
036729c
7c888d0
0f75eda
3289980
146cbfe
116c7a4
21eedc1
76572d9
3933d77
1d97226
38e642d
7e4fe82
01ef334
65562e7
3295c47
6cf0c5f
61105bf
51e6735
5cc428c
4dd4c9e
5608845
12e5cf6
548e872
4198191
5a62eac
0793f2c
4b9bc97
27edc15
1d94f61
6107bc0
54bf20d
02d267d
79d0455
3817538
1e0eda3
4d2835f
292d6d5
5f89be4
6b6482d
4a47f2f
1dfc2a3
6bb6a7e
0f6d8fa
6b0e997
49a03f7
0f78dd4
34d8bb2
2e7e61a
6d9c671
0dfbccf
755db2a
14e2e73
649fcba
425f7d6
5b51ffc
314b75c
6872c12
74515e1
7a4311e
3f73d65
43eb1a6
1723095
4e693dc
215cb0c
7901bef
747b96b
1c96e6d
5fc030d
4850233
4ed4b59
5d6b578
70dc137
23b4868
73404d9
7686117
21e0be8
6311ae6
3073933
1fc0ff3
751b1b1
144e463
070b1e9
41a6484
2fe698c
41402d0
694a41a
25ec8be
53aa9d8
455b6af
5083c47
6652380
7fc995d
238aa5c
0cc9754
6712480
279f31d
77e65ba
2d75be9
6ae2dc9
07eb7be
4d86531
4c27584
1612a64
771a1e2
21d71df
3616023
465d28e
6d0c0d8
1f292e0
3d9320d
0e96ed5
35cada2
287e9ac
62b0890
47584dd
279f4e2
2ae00b3
359b060
4abdd64
7d93c87
77d5e6a
3cca901
1950064
4532810
281cb41
312c2dd
300ca7a
706e232
4707cb4
543d191
1d306a6
263686d
6e6da89
1aea5d1
7258609
2e769d8
2d4d5e4
582ae51
0381c4a
0c81f9f
539b126
6b3bfca
6b4bfcb
7344224
44272c2
3ff623d
3bfa404
7c390ef
391402c
5fb8252
3b1ea58
4e553b0
02b4848
79709ca
153a79c
5347ed6
40838fc
718afe2
31ab368
725aedd
3d7c353
3e977d1
3418a66
0dfcffb
7ee0819
64bb314
2d20763
2f0aea8
47e7608
6bf2f00
234912f
218c2f0
1bc205c
22d74bf
7c3ab72
2d6b858
40606d0
1562b18
398ddec
006516a
0878a21
5228711
5fea3b9
507a7a6
392384e
1a6dbc1
6d257a5
75e8f34
730de70
1578ee8
1c65455
4ea5cac
4e2cbe0
5d2b8eb
0a5959b
77cfd93
2493cdd
210ca80
2b692ba
3efa973
67402e5
1ca3eb1
46c84f8
33d2850
1240e5d
053ad9d
4896f37
513a7af
2512af5
32cd4c5
58368d9
7c3b4c0
0b41308
4d8a0ab
3487d47
2f8ff11
646f5ec
4356df2
06154c7
0bfab7a
62efe38
6606056
2b317d2
2bc17ea
72c4aa8
22e47ca
39a2df5
46dad6b
5d108c5
29592b4
168a117
00ef114
56c30ca
6aca2a6
38f8d2d
6cc51da
49f1ada
04417e7
2b07d43
2d05a22
49a160b
3c8a51d
2b123ed
02823e3
61f4ea7
1237045
6e9cf4a
1cdb314
16038a2
2b5139f
78334ce
49e86c3
4878b65
63d791b
5b48f7d
3209f4f
5d6e917
7249ba5
0605c6f
347ecd6
5c64b48
3e6957c
6462f70
2250c36
39a538a
5fd9a0c
13ab32b
4ddd040
0ac7ce6
6015465
01dbcfe
524dea3
1294864
4ece83c
2139bcf
599226c
2ebe6a4
00dfcce
35a61f5
7d90237
097959b
5ae924b
23eed53
29ac906
3374732
0ab07f6
1bbaf1b
28322e1
49dd8fe
06df308
508a003
0aaea26
38da756
6a00ae7
48dc1aa
634c752
291bcff
546956e
685f738
5eb3b3b
0709157
76fe950
619d026
684def4
4db17cb
0a83022
0bdbc57
58352de
36198a5
59cc6c8
5f5f065
64e9242
642d16b
777cf65
1a49f39
3c59687
01c2021
5c7f0b8
4c9cc51
5b0fe0c
2a24d50
0cdcfff
04e3858
2bf1b3f
1defeb6
5348f3a
21e11ad
69b1dc0
4dd377f
1963a25
24437cc
1ecb69a
2e4d121
014e5ca
00f9d36
5bcb374
116d8ee
7d9bf5b
57ccea7
5083616
5e320bd
20b191e
7cb167a
0913257
7496184
40869a3
2d384ac
77b7c48
69c31c0
1be87a5
57e1a21
30eb608
7bcbb45
01d52b2
5f480f0
02f6bb4
4d22549
0fdb921
7631fc8
3dc4750
2fbc8bc
1f52683
45ab25f
50f2abd
357f357
1ad95b2
3700411
1453359
125159c
6e5688e
4a2459b
7ba485e
4ae90c4
035743e
7d5990e
3390c4b
5fc7d95
75d23ce
358690e
03355d6
6a9c2d9
5017eb5
62922f5
1ef99cd
7b908d8
4663132
1898ba2
7eb92c9
1e1e692
0eeb3c7
5423406
6687556
4b31861
21151de
4e8afa0
4492f02
5dfaa33
4d7a2d7
43626c9
32b949d
07abd74
2be234a
57b3c0d
60ef4e3
2c81039
65a3c4f
6631e64
7e258af
7fb76c1
12c9f63
48602f3
1f9bfc3
190d4c6
27c21ed
7ac20e4
4912f25
5e44838
3c3e0d7
479c8f6
3b71e0d
0e86195
4afb80b
0d91527
4c7f650
774caa4
7cbd747
33c9f3e
1c26b02
0f27a85
27e5662
7e67256
08f4ea8
6908e7c
2e5e359
4df1f0f
53feef1
6d47d24
0f2a198
1f1ce79
1189953
5d89532
7fcf8ad
69c5914
35d2f52
36356c6
16bed8f
300adbc
1116ec7
460a43e
6849bb7
095949d
19769bf
3d87c63
3b9ff07
7d5cebf
07b78d7
32f4ce7
27dac24
350f8b4
55edd2f
59a386e
6680c6e
7ebcbc0
7cb4a58
304538a
5bf9da6
0ddc5d0
1467f94
2969711
5e88e4c
46a7386
49a642b
3eaf6d5
1d541ab
145ba61
15f9547
2f8c1a8
508f808
6f638bb
1253f2c
7886d5d
7b126c0
1b06c64
541eb96
505880d
703f11d
0534249
689249a
6b64d0b
420a22e
32db0f5
7afd430
0ddb45a
667b7d1
4d8d49d
2a332a5
3fe9296
6bcc96d
2375070
3231979
22faf48
2de5005
101ded7
3e3923f
09dba0e
3f79254
077bee1
1a03157
2e5fed9
648ec14
53fd6e6
73fc46e
2a59625
09ece67
0606c27
307e88c
17111b0
51a4b08
6664b91
69f5b53
77c4d21
3678b6e
5a262a4
715ec14
077fd81
6c60bcb
6d497fa
08dafec
498c4df
2512af8
4761eff
780e0c9
668a7c6
397bae9
41826e0
4eff2a8
77157b5
76e5df4
63c3676
0e19ee9
055c4c6
3731a1d
31f89ad
40d3b73
0cbdade
3580b37
0c1d2b3
5bfc906
75a46c5
05ac482
44409ed
7662cd2
3710ed8
72cbc67
6adb25c
3e79c46
538fd18
1fc1db9
7573d3f
4f2dad9
46edd2a
134b899
7cc02c5
082b147
593d19b
1fda7ad
63ec3d9
261e1e9
6e804aa
207f278
476377d
16f4acd
1689b70
18afb51
0048d69
2624dea
1f56a34
2ca9ff0
362eba5
0d8bb00
7d0702a
3e52f2a
0b7800a
06f601d
1874fed
66ec601
1dcc1a4
27db302
0a64829
5ce5507
7603d26
7d62cc7
1ab913a
2ec8875
3444d57
1dffdfb
563514e
0595308
19b21c5
3c3cbc6
6efa5ec
07fb03e
0189101
696361c
282352c
3f476bc
50e7269
363be19
71822cc
3e96c6b
2a7b01a
764bc0b
220d6b2
4fa3be5
157c23b
6e1103c
47fcb06
008c4a4
1e1f608
7d24387
25d72fc
75aa73c
5a453d5
1ed17fe
651cbe7
4befcd8
7dfe905
2971f11
438b392
38d6f13
0338525
0705457
7a8f99b
44f4588
6742b37
48fce8c
1c5e8a9
22bf7de
6270242
553e8e2
0b2b82e
1a8d193
6584dca
4610e17
07c72ef
2727d2d
0637fba
7925069
1d53ecc
61c39c3
538e76a
1dd68c5
4dab421
67c4281
0919e6d
742c3b0
00d33db
0d5cc7e
48b8095
67fa5bf
745f37c
2bbc39f
2348d30
3bed494
201034c
551ec72
7bb57ef
4a4348c
0051667
00aa0c1
0fc89ab
2c95b46
20d9ce3
668fb90
0a1e572
576606f
4cb3d0b
16b536a
01113d2
4ea297f
41d2476
36aa6ab
134e2c8
3b85356
666fe86
0351a96
64c2aef
4005e4d
28a6c42
1dfcb4b
4e6d1e3
00ae7c0
39b581e
28fe382
6cfe88c
260505f
57f8b63
1ed0f41
7d3a247
1ba61f4
2a0f58f
61747ba
753c27f
3b92fa8
3a257d1
684c12f
7961759
732a510
0be4f9c
43f7ad3
20bd60f
4ee84e3
5011796
575bbcc
3bac2ce
361ba5e
13fd59a
587d918
654e086
4e3c4a7
0932f42
3d25927
0165118
04e0270
070b104
51d6e6d
2f4b813
6a8ee0c
51883c9
56c0447
0b0cadd
46c76b5
7e8a627
0706fd7
1334f09
2052ca7
10c9601
615054c
03c7910
6e303f1
56f7040
1c4fd69
6ff7d8a
7655d66
435dbf3
0b682e5
2a00017
7b96969
24891e9
3f9b926
0d76b14
2fa043f
0687689
75ca3b8
59e935b
7559534
6c5ab49
06302d3
0ee872b
3b33291
2e0e3ec
798bbeb
2a0f72d
7500740
1431a05
4072bcb
14396b5
30d34b0
16ce5fb
39de4f1
38c2b15
6b4daec
506c5b6
61e73de
0ff2cd2
19fbc55
7d7ca7f
37dcb47
415ecca
50a1ab9
481ab1e
1f3c75c
1587fe3
48fd8ef
2dd45ed
53746b5
61c1a04
5fc08f6
555d18b
54a27cf
3487576
261edac
6436755
17ea4d8
68509a2
1fd997f
599e34c
4da425e
01a8f6f
752419f
22d0197
32d0e6f
3ab5b6d
18b3fe2
1786bb9
3d91ba1
19a2d63
0e328b3
4b478aa
4cf2e95
70a46f5
0102dd6
74a77d6
2317084
1786541
15b75ba
275f52f
764cefe
7530b40
1de6340
1dda23b
57db3db
52dc0ca
35f58fd
15e0568
27293c7
7a5de99
370ed01
341afbc
35b4f1b
3dfa17b
1bad412
21b50c0
5e60306
0b985be
2ccf8a2
18229ff
1a17598
24becd7
4332381
708236f
1182207
609c26c
4b48bad
259f0d7
17d6090
5028018
01ca2d4
5524a97
622bab4
3f583c0
40ab820
65fb1e1
5cf54ae
1ea9d4c
0a88fbe
27dc660
22f6545
68bd454
6df95b1
685b888
7c0d7a4
41750a8
2863066
18c8f80
26da130
667c51b
1b0f937
02fee7d
520dbec
46330ad
62dd34f
464cb31
5f62401
4d3f582
43f8214
52ddac5
0c6df9d
60c21b2
2c39096
3cf6d5b
3711ca7
3085ee1
3f788b0
0306d0c
29f3ee9
69d99d1
119e4dd
2a4dc28
71ace09
6bd102f
26675f3
0606c0c
3b9db53
174630d
2551fad
6800de9
5074530
6d8218e
787008e
1eaa49f
6510456
5b8d37c
4ca349d
389ea8b
314aa34
02d751e
2e6633e
38826fd
45e0be8
6f653ac
3a1ef92
2f22da7
1fa6b62
6718c1e
7d47f46
4dccdec
72580de
2d02210
5301190
74c03e4
5916dd7
40db224
5aa0efa
6157cf3
5d57196
74af46b
4621981
2defc45
3296bdd
40a70d2
4b233a2
41baa1f
5c72088
49bd8d2
0d4aff2
108ed42
5fd9fda
3630f3b
7dbbe7a
00c47b6
3b62e3c
614227a
15d16b7
7e029e7
2a3a2de
70a6915
173e5d3
7377a65
3d9707e
65f058e
2819c55
45e3b9d
7c3a330
7c92fad
666e95a
13f44f4
195c187
05189be
7b39b24
197d238
614e8f5
111e901
1cbdc5b
3a7b86e
3fc3bed
7f5cfcd
009567b
3f8b976
130f7f5
1a83857
52891c7
7b3d5c1
645ccd8
763a433
0cc981d
4c27472
2b3f1c2
018bd18
601cca4
0455ef1
6349c70
155716e
44a34eb
1793ea3
173e828
2c3ad32
316d619
6d7a8dd
33b8eed
6f8bb2e
6fc91c0
3a55ab1
3e6d105
17e2f74
4676b47
3c90dbd
320b303
1090281
60d7648
1acb8fe
07f1b9e
4f5d9ab
7ed1288
45da0fc
6cba8cb
428da2a
68dc94f
118bb33
71b655a
213d3d8
0f82b58
3dd1071
5722174
674a6bb
002a6f1
4834759
4606cf1
343016c
00794e6
0cd5c45
1b8f746
00ac520
4d37be2
3b1a4ff
7eeeb32
678fcac
0bebb7f
13bcd8f
72ffa32
122cf6a
2d535c4
5677c1a
0b2e589
610e911
4a3abb7
42aed5c
5875591
0d7196e
0b8624a
6a42abb
24c8ff8
3af75be
3ef1197
306d2bf
0be48ba
3804bee
7d6028c
49af271
02a6ffa
7f59a27
5915ac7
16711f5
5adfa8c
252fb05
617db85
2bc7b5b
5a3b631
17fe4b5
34f071d
7066aec
1fde064
377b186
6450eac
1bcf67f
271b5c0
6235d4e
466e4bb
7af3ec9
53141d5
64c5412
09755be
4c788bc
2560a11
33120f2
214d585
4ee4d33
0f0aeed
08579a7
15943b6
5bff5af
17091da
1b98746
138d8b5
0b385d1
215bc27
547c6cb
5d07df1
59f6797
422ad16
0963bc0
058eeaf
3feedcf
1f79631
576fc40
03bc62f
63a928c
57a673a
02c2bc7
5f26696
0024ed9
6fe15c3
323cce8
40942da
61f743d
051a2e8
6221acd
2f1617b
56db98e
3394b4a
7bf16be
78009b3
77bbe4a
76e16b2
18fe11c
2f351cb
783698b
51ebf1b
6397e6b
12f72ab
3301c59
74f6474
2f553d4
3c20551
619d5e7
790489e
7b5b1a1
2961b94
6288fdc
1164aa9
5d8ca4f
2c14469
479d82c
3b74da5
4e98bad
65c6a07
234fb9b
416fb02
381577c
17b8c33
0ae3010
2d0f1b2
5a17c68
49250c9
3ccb236
13fd8c4
5a6e09d
26f37ab
6a9d36d
48b5d2b
4383770
74d3199
36b48c6
489d16a
788462f
5c5e52d
04bfd83
77d6ffc
78e31ad
4a342c5
2b17d02
3a9ca22
23ff5a9
37c57f6
67381d0
004e257
14c9d2e
2750797
0add983
12684b7
420851c
51ce7d8
7964210
3150aec
3850de2
4197965
754030b
444f4b3
4bd07c5
0bf0c8e
3d9579c
09ac30c
211523c
6a45eca
718d6ce
3f0a0cd
601e9bb
71ea5ec
5b62ff4
46e093c
0df0366
7dd8b78
26ba634
2d97a7f
0c6414a
126c854
38679c8
78244e9
4527369
3410819
75f6d76
4ea07e6
45217e8
24f4f3e
0ba88a0
0b80c63
2e5259e
725cb6f
05a346f
278ca45
7ee1045
6b257d1
29e6f20
5931fd0
5a61265
0ae646b
38159ed
1ae7171
507a031
6cb9de1
408b438
6c66842
47191d9
14b8476
6a73cb2
27e599f
1e267af
7cb4d68
68d48c2
6aacca9
7d68526
491b24a
79c9f5f
72a9aba
26ba19f
17c9237
18817d3
0de8a15
3b9b1ca
14ebb19
5a8db58
1ba0bf0
6b2386d
478575b
18886b7
0be6e4d
74fc67f
781fdef
1af7fb1
22171d3
52fdcc7
4277f9d
593a89c
4db3650
1c6eb44
3c1c0c9
6fe204b
6608aef
44bc8f4
381d14f
68ff565
476a464
4c75675
293f9f3
7d2f871
7ec630e
24c3a79
5be4385
6c3abc3
376f559
602e1a3
15fe1fc
12cc735
4b895fb
5c92d1b
59f51b2
64b5aed
3872ddf
01f835d
7c26079
432bfc7
0da023c
18a7cf2
205c4e3
0c5a679
5fd42c2
6ebc540
03dcd44
3b3d72d
6b58d7f
13e0a60
2f71d9e
72963fe
5482cde
2baab3f
614485e
2777701
4fd4e5a
0f25a3e
4a38d30
4e865ef
44eaac6
7657772
56b2863
26c56fb
093aa69
6a34714
061ad17
0939ce6
7908af2
4ae0aff
45cd11a
14547ed
26d2f25
58ac74f
369649f
652b893
114f07f
6139b1e
773913b
24f2942
15111d0
208f06e
1942cfd
02b4c78
557d70c
7fa28fe
4c0a6fc
36ae5a8
4ca7d85
30f6af5
1bc7f4c
5e92be8
52b50c0
58fed81
69a7918
0182243
0da00f7
5f45724
3e4b90e
003ab95
5c9a4c4
055b2ed
30bd41a
701a235
7b57746
145ef89
2b39c7c
40c1678
7d65dcb
5d55a07
7d4c993
1b48250
7f1a208
6c10c56
7dbd88e
0c98232
2ca68e9
08a90e8
39fd9f4
69da24b
02d4d1a
6b5b4d9
04767ca
65f49d5
2e666b6
22ba8b1
4667214
519dda4
001f556
0a2668f
19cd15f
5d71192
3d8a51b
2b86c1e
27e7a18
554792b
45a0bf6
17041ef
01dc9e7
45a297b
0c4edbd
116f1ae
604aa3a
48248c5
55ab153
1362d6a
485b865
45832bb
488b5ff
33943d7
65806c3
72a90de
1606997
6908787
5f3ffef
63a2ed5
3f4435f
63f6d09
7204bb1
0a7cd4c
1dedbd3
6ed952c
1ec49f3
10f2ef1
12e01bb
0ee0ab5
1e1c0bf
032a613
5eaa20a
6e59297
46a9d34
66f356d
0190426
084b759
4b92b5c
41a2022
05a364f
494aae3
44ae9e0
62e4176
2710c93
1479329
508042c
5b27efe
4e3058f
7a36a28
4906636
6c673cf
491cbd3
7414b31
79997eb
6bb7979
4af2fd7
5ce1675
46477e2
3e5e4ef
21f15f6
62b29c8
575664a
0d5991b
12f33c4
58459fa
24ce738
5943bf4
68952d2
6b643eb
272ad79
003221e
502acf4
7792a9d
124c664
2f530d2
29ca536
4ab770e
751bf96
0849d5d
5019f92
6db8310
5256237
349d593
7ef1f1c
359a671
52d716c
4d508be
6f64b6e
2935867
739a155
07fe5a6
60ab526
7326ca0
4d39540
40a0f7e
115c6fe
4f970e9
267c578
0ec0307
3a850b4
0f1f3ab
667d117
7b24f24
14c0e9d
3d09f87
286d701
52257dc
56ca0e2
2be4d6a
109ae35
39fa542
3a903a6
7b86e1d
3a5b71e
5e29616
64f772a
3363a8c
65e5739
20ade38
6a64ad1
52bcc65
364e329
25ac515
0d97887
48817ad
2913ac6
4fe3935
0d9f93d
71510e3
3af6469
15cf77a
7a1f643
5d57b1a
11a5bc7
23cdddc
01aa2f5
0dcefc9
1096740
7e1b77d
20fd5cd
5465027
7e6c760
14dde27
3d0e9f9
1991a03
501476e
6302441
65a489d
1b046aa
306c6e0
2c08cdd
17ccebe
576d7ae
462f37e
6ce3088
5c9fb4f
7509b2f
036b802
5f29b64
5c6cf64
3c8aee6
0755a8c
0151239
3464f67
453fdf6
4a9d876
5a81349
4665a50
1856c87
2108eee
1c9fec7
0ae6a92
5034f54
7158887
01998dd
3c4ddd0
3f70a3f
244cee6
38fd168
75062d1
608f34b
1557bc7
04b1743
241b98a
37b4c6f
3231c97
138856e
09b5fc0
47a4119
6a6c573
27d3012
6b80134
5612007
0adfcc3
37983b1
0fe352b
66be8b9
6d3608a
6a7e677
56c8746
63df2c8
042ae79
2e4b1f5
62429f3
1059194
3a53307
561de72
0bcabce
74fac5d
71af960
39d727f
4e4fe9c
0459c36
2bb34a8
162214b
3751b71
0669ddb
5fe8802
50b3370
64c74c8
30c00a5
5f9d271
6edbba8
24cdfe5
6da796a
05eb399
4d085a3
796c58b
69edc7b
3540a4f
3c26ec6
4a72403
408be57
24bb043
0a8dc37
5c3e7d6
21b6bf4
796e7e4
7fec75c
6c39035
3bccf95
002e9ba
22ddda8
1e9b331
1108f3b
07cd187
2f43656
6950221
01700cc
5c307a0
5072599
0c9e6b5
3a9ff94
4b47ee5
20cccbd
25ac136
54b126f
4ad5777
1d1f490
5bcfed2
6ef8d2d
0a8c620
586f53c
6982980
573a51d
42bd815
5b66020
069f44d
0ce0eaa
488ee96
614042e
698390e
16ea754
7bf895d
7e0c473
1ca1223
57b2d7d
5bdfef0
651a371
65c61fc
60d3881
3ce9e46
6c2c0b4
4e4429b
0293043
06e3ecd
5497ed6
4ee495a
29c18cf
4365b55
6cd6bb6
1155959
333fd1b
5a3b95b
4a7b268
110a9ef
4ca2946
19c5a66
2855ba6
3ce65b8
19f47ca
611cbd8
16e81ef
1492a4a
192e688
3116ea7
39b0079
4099100
78f058a
5362fcd
1650cd9
7ab602e
54bd4ed
3577486
2c75ca7
6129f0e
613c6db
19721da
498eb40
47a7224
2e9c8ce
3ef4203
06bff09
2d0eca0
0e349a9
4b992f2
2dce163
5051bc2
1a7d8da
666866f
1817cb6
02a94fd
6c06cdb
4d64b10
70d413c
4c1878e
4ae7389
14b36a6
16c6cf8
233cc78
01a0121
01fcce8
76125d3
186c20f
14f4a08
5bfb779
3cbc87d
59fa591
746744d
2bb50f0
5e4fc36
797e241
70f674b
24f8a33
1fbb67e
65c9dd9
6ace709
3e1d7d6
71b1950
2fd832f
33b05fd
7371feb
1ad7a7f
46c919e
2a17513
1c91a34
6ce8127
5a13923
3adce62
6f6ba70
344f761
5f770f7
3419fef
5411cb6
4eff48f
5edd4a8
1cdc6b7
21f873a
03f7fca
1d897c7
060c436
2a97d1a
521d836
32ace36
33a0837
5e61f75
0406dcf
49dce7a
18579c6
5f832e0
69c025d
007a099
3186a82
7385b87
73c500b
749fb42
161a25e
776ecaf
44f3647
3f65ccf
555dcf0
6379d17
13a383e
6f9485b
5ac642a
2b444f1
286cd40
6e636e3
57682d2
1d18b83
0a36a50
27dd219
4c660a2
26452ed
24ab542
3dab432
675e948
4032cb7
3bd1ee8
0f1a6a2
3e32761
3333485
409988e
0daf429
12492e7
71965ad
34c1312
08ed6f1
6c75460
7cd34f2
7e01a5a
26b1612
44dfae1
08b7bcd
2c7204a
129d4e5
5b765cc
6ec2b3d
7ba2eef
7774a4e
78f392b
323008f
5a3f7c9
1caf14e
27c7646
216c327
3840954
2907e3c
4f8a36e
263a1cc
59e79be
1640c1f
212ee10
2f4279f
6fcc9fc
19ce864
51fba6a
0e1b0c4
7d1da04
05a8645
411043c
5636703
5c8de59
4a97d29
59ab847
70b79b5
1568c69
2874c79
29195c5
0a854c4
1d15676
2168c51
47d0cca
225445b
02a624f
6aff502
0e2e55f
642c3dd
1f897c1
62d39b7
5205134
2e4fc9f
2dfd306
72328ae
7e80c03
179caa3
20310bb
28b7c5d
095b5cd
347ed26
3176ad2
4557902
5804a38
287ca01
33f7e75
24f0805
2341ef3
7de0269
2a376fa
420dc5d
0eee51c
122ebb9
11aa7a5
4023f99
0b1e56d
1dd33f1
4d32b23
4f5921d
5604106
7255286
2b0e8fd
77f6de3
3536c77
2d4f948
141ef3a
6773ca4
34ba51f
42613b3
0d1a0cb
352e6be
54ca483
1daca81
183ea1d
5b427fd
15ab41a
75c4af5
0f4f13a
569df76
2637ef5
3b3e4b5
11d7b08
0b6aef5
5f857b1
4d2d98b
10d3f28
556a922
008451a
379268d
7ab8d21
09a9091
42976f4
2c42ea0
36d2223
62d799c
06ab929
3dba23a
34fe98a
1bcfc47
6c6de15
6d24f5e
62a6178
68047a6
7f050e7
2d2b848
73d928e
347fd08
469972a
30ed64b
3691cf2
0ae4996
0fe6ab1
340d2a5
7a24602
6e40f1f
3318f0b
778141c
4aa569c
51d1b96
7eb90d9
0353976
3894460
0a5803b
75b2def
38895d4
59013c0
281586e
6276206
76406df
27da2b7
2971a15
5e5f186
2e4dc5b
6062e26
1c77876
45cb782
60a0757
2444fda
49041a2
7a97069
62881a4
25b904f
79a5b78
2934443
796978c
200bb9d
3194ef6
16fafa5
73c18e8
38f555a
5cdcbf6
38f3570
434b170
0d165c3
0c718d9
3364bb9
5ff6b85
45df8a7
6171191
374fdc0
2dc06e8
3055f33
4d1ab90
154241f
2130863
4e016ce
12509fd
49fa8ec
50923c2
47510fa
56a18c6
2f408f7
0c91bc9
64167b9
532609a
0e7cb72
1f374de
608f7bf
493547d
0ec2975
7c227b2
378a5b0
1ec68e9
3df9a89
11434fb
43adfb3
4ec00f8
0e898a7
59b0614
6b6e38c
0f473ff
2d60e81
41c5f73
5489947
214fe5a
39d58ac
0d82c0a
597e5a9
4da81a4
1e52774
3ed8767
4fbef59
7a2de01
2baeae6
7a20e66
5d58e9f
5437b5f
28ec4fc
6bf1e3f
7fa0daf
223ac46
09bbbf0
3def257
498a765
5ae0729
2053e7e
41848b9
1168091
28adb56
4ee39cb
1011461
65416b2
5922994
00ac029
3386444
710362e
5ffbbd6
009c9d9
1ab52d1
11133b5
3ab3bb4
42d875d
7797696
60d4cf8
557bc10
283eede
345d1ff
42408dd
7f869ec
7fdc5ba
7fad3a5
7fecf58
0032f48
009a215
7ff96bc
7f68236
005d508
00244e4
7ff642f
0085dfc
0000e34
7fae437
00172c5
000607b
7fe22e0
7fe59b7
0044859
7f94367
006283c
7fe03da
008a6c5
002a57d
7fb030f
7f7e198
00054a2
7ff7581
00173f8
002b65d
002bbea
0022f34
00272bc
0028df1
0018753
0068c30
7f8cd6a
7fe22ee
7ff45f4
7fe810e
7f8dd80
7fda81c
7f8311c
7f1fe8d
0005994
009f286
0059e06
000c687
7fdb23a
7fba3b7
00abbee
0047b38
00659e5
0016879
0047a80
001a9e2
0013b5b
7fe27e5
7ff6b74
000b670
7fc0375
7fc4ea3
7fd4b64
7fd0e27
0065106
7ffab12
0012c04
7ffcd0d
7fd23f5
7fcf229
7fca3da
0017251
7ff7a53
0060708
7fbaa82
7fe3f61
7fd2a82
001df48
00e516e
0059b89
7f87818
7fb2903
7fb6e6c
00590e4
7f173e2
7fb6f61
00b1b12
0044d06
002c094
0019e30
00617e8
0029fac
001b39a
7fd7f54
7f8fd75
7ff4823
0028e87
7fb782b
0047f5e
003cd6c
7faf99b
006ee1e
001f8f6
00a8163
7fdb16e
7fe3699
7fc328a
00513b4
00f0ac1
7fa085d
7ffe093
7f9b4b1
0005af8
7f66081
7fa8a9e
000bc0b
0023272
7fe95ed
7f916f4
0024652
7febc4d
00a5b6d
7f3e116
7ffd07d
005ab1e
0069deb
7fe304b
7fcc2c0
0084d39
005b105
7fae87f
7fe4f1d
0006d44
7fef90e
7fa1c6c
005000d
001cab9
0012dbf
7fb77f7
7fe7c29
0012aec
7fea373
7f83d06
7fdcc8b
003257e
0052811
008d490
006cc02
0036beb
7fe5656
0046ef7
7ff51ce
7fd18bf
7f9d84e
7fe37ce
7fee4c4
003cbbd
00055f8
7fb79e5
7f7ac04
7fed5c4
7fb3611
7fda283
7fc4c8d
7fa83b7
7fa5a86
0006dcb
000076f
005faa2
7fb416c
001c146
006c08e
0026ee5
004b831
004b8ef
7f8aaef
003ce05
7f92275
006b589
7f6bb65
001f0c8
0082f13
7fdace7
0076d78
7fafaef
005f99f
7fc58ac
7fae4e1
002ed3f
0034804
0072938
7ff6d99
7f7084c
7ffe45c
7fbe59f
00115e9
7f3c3b2
7fdd786
002d871
0029b09
7fdb4c3
7fbb33a
0011703
0047236
7ff1662
0000f1b
005831a
7ffb199
002c805
7faed1c
002027c
7fce397
000dead
006c732
7f6fbd2
7f81c57
7ff2cf5
000615b
7fb2fe0
001e852
7f8d8c4
7f86f8c
0014f8c
7f87c19
7fba798
7f68a9a
7ff212e
006a45d
002cd6f
7fc8a31
0002649
7ff9c9c
7ff826f
7ff5077
0011157
7fb1474
7fbc0f2
0043e14
002c25a
7fab41a
00195d0
7fc27dc
00374e1
00623a3
00209d9
7ff1343
00321fe
0039dc3
00bf151
7ff4480
0065ee4
7f72b4f
7fae3e4
001df26
7f8b917
00147f6
7fc7334
0024319
003327a
7fe6602
00a19bf
000d4b6
7fd2ff0
0015ede
7fdb35e
003b140
003480f
7ffa90c
0007231
7fede12
7fb10c2
7fecf2f
004cffe
7f404a1
7f50e35
0091bc8
0067aef
0057298
7fa26f9
7fe7150
7f24cd7
7fa9ae9
00d4cb3
7fefe6f
7fc3e77
00a5bd1
0025db5
004d136
00ac487
006d81c
7fec3a5
000e01f
7fba098
00338a4
0068e7a
7fc8291
003636c
008c69a
7f89ee6
0032286
0008038
00853c7
0060776
7fe0d8e
000c844
7f8a5d6
7ff4eca
0023f65
0076460
7ffe5ae
0035e0c
003a643
004adb7
7fcfee9
0007c9f
7f3e991
008cdb9
0033fb2
008ad23
7f9f093
002c309
00fb84b
00217e8
0098392
00171ad
7f9263e
0059a65
7fffbbb
0027f3f
0021c5d
7fcad6c
7f972a3
009151b
7f91dd9
0023ef4
7ffe1e7
0067568
7fe2fd2
7fc6286
0079dba
008e7ff
7febbb2
0062e88
7fb6ec5
00adc67
7f65620
0030380
7fd1b84
0022e3f
7fe0d5e
7fda95f
001356b
7ff6e77
00489bb
007f6fe
006e044
00276f4
7fe0857
7fffddf
001bc42
7f8f4ed
7fb48cf
7f8b547
00ae49c
7fa4c5e
002c3a7
006240e
7fd104a
0031412
7fec6a5
7fefe9b
0029abd
7ffe748
7fcc6bc
7fc554a
003359e
7fc966f
003888a
7fe2910
00ecba1
7fd2b17
00afb9c
002930a
7ea6833
7fa5896
7fed817
003c68e
7f570ce
7fb347d
004f158
001d320
7fd50a8
002533d
7ff4970
00bcad2
007613a
000789e
001e30d
7f612b4
008f4cc
00950bd
0080fc0
003ff08
003d8ab
7fe3985
001cd61
7fb5bc4
00d69fc
7ffc28c
0051479
7ff276c
004900a
0008f1e
00387bd
7fdd0f2
003760f
0098397
7ff5fcc
7fb0ce5
001ea37
7f8e5df
00af7fc
0055d3f
7fe29ce
7ffdc0a
7fb4e5c
7fb9afc
7ff7535
0075aaa
7f8aa4e
7f75e98
7fbe16d
7fec25f
7fdff19
7fc5ca6
0024d42
006071d
002ef9c
005560a
7fd94bd
000fc3e
7ffb041
7fe91e7
7ffa274
0005685
002a91a
7ff719d
7ff6c22
0042d69
7ff98c0
0014568
7f70139
003d31b
002c3dd
7febc82
004f9ea
002e5a8
7fd233d
00c8f30
7fa75c2
7fb6c69
7f4bd39
0022e5e
7fa7797
7ff37cc
001c2c5
000c2c8
005ea92
7fc108c
7fa1b07
7fed453
00a73af
7fe10ce
7fcb0b6
7ff1e8f
7f94fa7
7feeaeb
7fa6a83
7fed713
00a99ba
7ff5cb0
0033f7f
7ffa397
7fbaf5a
000b6f5
0094f03
0068637
0005b74
0003ac0
7fc3752
006c4a2
00640fe
7fe406a
001b202
0074169
00906c9
7f538bf
000b5e0
0067638
7fc33cf
7fdf475
7fd7787
7fba1c8
0012c4b
0054a2e
7f8b8f6
00598fa
00f0897
7fd5e53
7fda104
0037131
009a4b6
00198c8
009eac6
009233e
7fca6b8
7fac63b
7fe3998
002db6a
0018e1d
7fed708
7fa9597
0042138
0073f4f
7fdfadb
7fe5ef2
0094a02
006cec3
7fbc021
002036d
001b5c3
7fd30b0
003cefc
0015da3
00ae711
7ff7f85
7f932af
7f294e0
0068af4
00529a7
7fd9239
7f5240d
0043ba4
7fc6c4b
00256bb
0023032
7febf21
7fde886
000882d
7f85ff5
7fd5a18
7feb31f
003b0b5
001855f
0043d5a
0053d45
7fc127b
7fdc7e7
006b900
7f88578
0019440
0058e67
7fdff98
00a32a3
7fc8724
001bcf9
001ed9c
7f9503d
7fa5233
002cce7
0076775
7ff16ca
7fdee67
7fc4e92
0011b50
004dff0
0058122
000f2f9
00071c6
00184c8
0046ded
7fd0432
0013504
0006af1
00214c9
0049382
7ff8b20
7fdae89
7fd8a34
7fda2d8
7f8371c
003029d
004e79b
0030060
00890f0
006a7f1
0064482
0072c2a
7f48067
7f94bbd
001fce0
0041e1a
002a928
7f38822
0024494
7f2d66d
006948a
00250c1
00a80e4
7fd31ca
006d4f8
7fbfd5c
0068000
003ac97
003c49c
7fff8d9
005bf2f
7fd9e3b
7faa328
7fa2b57
00397f1
7fd3dee
7fcef6a
7f827a2
7fe02c8
001a410
7f9e0c3
7faf961
001c0bb
0000184
7f62780
000c473
0001faf
005544d
7fc4b9d
003cf20
7f785d8
002072a
7f832a9
007b466
7f863e0
7faff69
005beed
7f822ea
000306f
7fcd89d
006b514
00298bd
7edd198
00e31bb
0045926
7f870bc
0012948
00389b0
7faec8b
002fa7c
7f77bb4
0089c91
00143ce
7fc821c
7f9b571
7fa6f3f
7f59f4a
7fedb21
7fb86b0
0030edf
7feaef4
000a867
7f8e2d5
002c68b
006641e
7fcea1d
7f991eb
007dea3
00106c5
7fafdb2
7ffb72d
7ff6fda
001fb2f
00b637c
004cf4d
0011263
7fd11b9
7fb16e4
007cb95
0094edc
7f9207a
7fc4dab
0019c51
7ffa0bf
0057e25
7fa9aec
7fc0b67
003726f
0089a82
000bfda
000dc6f
007d528
002aa9c
7f7827b
7fe7c9b
00339a0
0056c3c
7f3e209
00059c4
002548e
006a31d
00a3f0e
0079afb
003a9d5
00572b7
003150d
00385cf
7fd0f60
0023e38
003439d
7fde9e4
001746a
7fc6361
0026c50
7fce467
001949c
7ff9c66
7fed148
7ff5dd0
0007fb5
7fb461c
7ff0d6c
003ccf9
0004698
006a2e0
7f65f1c
7fb5055
7f4b08b
7f2c1e3
7fc4c94
7fe1a8c
7fde807
0005679
7fad011
0047333
006f7ca
0013377
7fe3a69
0072acb
000ddeb
00160a5
7fdcd70
0060369
008ad89
7fdaf57
007a7ba
002dc0f
0006d33
007de33
00396f9
7fb270a
7ff98c1
005482d
00b12f7
7f9c7f0
7ff08a8
7fd28a1
002f96f
7f72292
7f74d7c
7fc8cac
7fa7893
7ff6ff4
7fd0433
7fdd91c
008124e
7f7cee3
7f58bd8
7ff938b
00160cd
7f880b6
003cbfe
7fd05fc
00a1ea8
7feb27a
7f5699d
7fdf486
002ddc0
7fe0c81
7fba12b
7fe7aa7
7ff02b1
7fde071
00197b6
00d3ab5
7fa1f3d
0045b9c
002487d
004f14d
7fcff5d
7f7ee00
7fdc1e1
7f6a081
00428e1
7fa2dc2
7fcc372
000458a
0009d9f
00479a0
7fe75c2
7f78003
005c4ef
7f8ae4c
7f83691
00481ab
0065577
0020927
7fda726
00414bc
7fd7975
7fd1f48
00366cf
7fd8df0
7ff9899
004d47a
7ff6d7b
002830b
004a838
001ed07
00281dc
7f795cc
7f933d0
7fc2c1b
7fcbf6c
7fe783e
7fbd11e
000b6d5
002a928
001e33f
0054815
008617d
7fc0aca
0009634
0001a87
7fc8e0a
7f9bf08
7fbf499
006aab3
7f471e7
7f8a788
001f835
7fc0f76
00175c3
0038c88
003cc7b
7ffe87b
0013ae1
7fdf0bf
0077038
7fd0eb0
0013ff0
7fda088
7fdd801
00180c7
005f27f
002bf2b
0067411
006cc2e
0018c15
0056d1e
0010e7e
0046494
001fde1
7fccb5b
001a3f6
0037983
7ffc57d
006d202
7fb816e
7f9d800
006b1fa
7fb3d0f
7fdf13d
00de45c
004ea54
7fd7ee8
7f9b976
002925a
0094acb
7fc51dc
7fda76b
0003e15
00328f9
00b31be
7ff5ab8
0008c22
7f968a2
001c573
7fb5ff7
0045d79
7ff52fb
005dd6e
7fd9429
7fc504b
002c8ba
7f6e3c1
7f78488
7fd090f
7f7fb2e
0003117
7f9a760
7f735bf
7fceebc
00b2157
7fe5fec
0093960
00408eb
00211b1
000a01e
7fb7d20
0041284
7fcd729
000090b
00baeb3
0048e07
7f9c104
001a852
006348f
001c000
003e03f
7ffef03
7fe456a
003ab28
7ff183b
7fec76e
0002cdc
0094863
00d3502
7ff5417
00183ab
7fdde0b
7ffed22
7f23da9
000ab99
002c177
0005aa1
7fd46b8
0050ac5
0027935
7f90e6b
00766f1
005c75e
7f8c1a5
7faa822
008c124
7f7dc28
00ba487
7ffbdcc
7fef204
7ff0434
7fc12f1
0032b05
7f98f49
00137b6
000688f
7ff12ca
000fea5
7fe339c
00d4571
00664ea
004919c
011170d
7fb883b
0067fd6
0093ee8
7f967b5
7f77852
000ce85
7f9cbd2
001fc6c
7f9ef73
7fb6d70
00ae649
7fd1df0
00076d2
7ffc299
7fd73fc
004241b
000b754
7fe7e48
7fff247
001ec06
7fdfa7f
7fbb673
000fe42
000a39c
0089e37
7fafe65
7fa5f8d
7f27033
003d5a5
7f68fac
0015dd5
7f9b47c
003c9a8
001d034
00408e8
000acf4
7ff00f7
7ff26aa
7fd2281
000ff09
7f934c9
7feab41
7fadd0a
7ffd84d
000653a
0004470
005b7b5
001557b
7fb101d
7f8c2bb
00a5d19
7fee0bc
7fe9fca
00ad45b
003e009
00088aa
0027b70
003aae4
005bfa2
7fb61f4
7f93845
00853a2
006943a
7ff1490
7fe0537
7f6e810
7fab924
00266a5
0038ec1
7fa8c96
0014985
7fd1041
0058ce2
7ff8e0f
7fe2eab
0002143
7f86920
00962a4
7fbf199
00031f0
7fc3c2d
7fc12a0
7ffe4fc
0000b35
0052026
0041ac8
0043758
7fee0d9
7f78d6d
001160e
00bb837
0069f09
7fb4496
00ce7dd
7f66ddd
003fe34
00510bb
7fd2fbc
001198c
7f38441
0027e4d
7f9e335
7f5ca23
7fef468
001a038
003b41a
0066c6c
008d879
0008214
7fab547
0051ecc
7f6fd39
7fd30bd
00146f6
7fa2981
7ff7b26
7f8407d
0049c5c
0055dbc
00147d0
002590b
00ac844
7f806cd
7ff7b6b
7fda118
7fd3e9f
0043713
004a2fb
002490c
7fb2cb6
7faec1f
00c0dec
0033ef8
0032041
0022952
000d32c
7fdc139
7fe13e3
000afd6
00234a7
003d3be
7fcfeec
00e0734
7fa9ef8
000cb5b
7feda33
7f8028e
7fbe731
7fe0f46
0023d82
7fec8b6
0024179
0032dc8
7fe8b30
0012266
7ff22aa
006678c
7fbcfd1
0022e49
7fd3488
7faf2ee
7fe5e78
7f915ff
7fd024e
7fd43f4
0041bc0
7fb7fde
7f7be2f
7feb245
007b375
0026f7f
7ff64ed
001f0e5
7fc6680
7fe79ed
004a7e9
7fd817c
7fe8a2c
7fc783f
001ee45
0078f41
002a807
007bbc4
0075691
7f7dcc9
002be6b
000cead
0001f8d
00378d2
0048734
0048a73
7f0ffe1
006e645
7ff9a6e
7fc8ec6
009dbee
7fdef39
000d1fc
7f9032c
7fda4a6
004223d
000a3f1
7fcaba9
7fa94da
7fdca70
7fe9f85
7f9a83a
7fc12dd
7fc9b07
0007819
000d0f1
0027b93
0016418
7f72d30
7f75a1c
7f8a963
002e1e1
00285e7
0000d59
7fc0f27
0016512
7f688a5
0053c10
7fd23fc
00bf36b
7febd83
00082b8
00285e9
00126a8
0017b59
7f4020c
7fc4126
7ff3c04
006ae14
000dde9
0030548
000aced
7fcf7fa
0054911
7fb8b87
7fefaa5
003fafc
00530ad
7f65a16
0015543
0064488
7fb9d17
7fcf883
7fc3045
006611a
7febdd8
005f3d1
7fe9d1a
001bec2
7fed0c2
7f9bbd1
7f9100b
0067b8c
7f5be26
7fbfbd6
006d063
004b909
7f8e3ac
0019165
0024af6
7f65824
7fff27c
00550e2
0085763
7fd8bd6
0026143
0018ecf
7fe5c37
7fe3fba
7f9fa59
7fefa21
7fc85f7
7fc00eb
0033438
7febbdf
7fe7fd4
002a435
7f41a8e
7fab543
7fb0f47
003b1dc
7fa9f02
004d91a
7ff7f25
0052ae2
7f921f6
0044710
7fec541
7fe5339
0062bb5
000838c
7ff28a5
0043e95
7fa250e
00135fb
00bed01
7fd1f01
7fbfa52
002b824
7ffdb0c
7ff1790
7fe36e5
007c9d0
7fda48e
7f67507
7ffd6ab
0020f4a
7fadbb0
0057305
7fc6da6
7f9207a
0059ae7
00bc4dd
0011875
006d423
7fe3a09
0016c67
7fe88ae
7fea447
7fcdd6d
000e0d9
003f6a2
7fff894
7fe8f7d
00432ae
7f8368a
7f982c0
7fda49c
001019f
001fe17
0075c93
7fa3a00
7f73f54
7f3b29f
7fdc2e6
7f7e671
002ccf3
001e5e1
0014efe
001710f
7fdd289
00826e0
0020224
7fa7106
7fe733b
7f8c1ca
7ffe93e
005c3ed
002cd14
006c038
7f9be55
7fae9a3
7fb8d6a
7fe3a17
7f93a4f
0060fe1
7fe9ba6
0044315
005711b
7fb9707
7f2ffd7
009efb0
005f646
0059847
0014e49
7f84739
7ffed5d
7fc7a28
7fb29b1
008a647
7fcbc71
002443a
0027069
7feabf0
0060edf
7fd9751
005fbee
006667d
00ac1f2
7fe416a
7f8cf7c
7f62106
7ff15de
7ff83dc
00b0070
003e702
7fe35ea
000f569
7ff334f
7fb1c19
004d8dc
7fe612d
000bcdf
0004fff
0050858
0094e2f
0028cb7
7f8221a
0071ece
00715aa
0027de4
7f6b3f7
7fc32e4
7fd02cb
0012d31
7f9b15f
004571b
001d4ab
000e097
7fd289f
7f9d735
0019de9
7fede92
7fb394f
7f95c93
7fb5786
7fea1b0
0045b73
7fad0ef
7f7a275
009ac24
001b0dd
7f3af68
001ab07
7fe97d2
0094ebc
7fcbccb
0059a5e
003144e
7feedc7
00160f6
0042453
7fa3c1c
7f934fe
7ff0e25
003039c
000e3dd
0070f69
008e2cc
0021e92
7f9c82e
0062b28
0056054
7f8adab
001181d
001e3aa
007b523
00ce8ba
7f8ff4d
7ffe76e
7fd8351
0089c3a
7fbd357
00b48ba
0023cf1
7fd4955
7fe2b49
0087189
7fc93b8
7faaaf0
006a3cc
0032fbc
7ff4730
0025622
002e5c3
004349c
7ff36a4
7f31632
7fa38fa
7fdd36c
7fe3163
7fe0472
0040548
00324a4
7f8855c
7fdf7ec
7fb3773
7fdf3df
7fdf5ff
7fbe439
7f8ac20
005f847
7f32f9f
0085dda
000c9eb
00c262e
7f896d6
00630e9
0030b2b
00ea0e8
00c6d2c
006ebef
7f859ca
0082ed2
001e53f
7fbb44d
7ffbb45
0051917
7fca566
7f864aa
7fb85bc
7fe8b15
00674f0
7fcad16
7fd6000
7fb301f
7ff1f87
00223d0
0087b39
0010201
7f8ea06
00acd20
7fba7a6
7fb0525
00523ce
001b376
0015a39
0014463
008359a
7ff3cc1
0037851
008d831
00b4b22
7f7a6a3
00f4010
001b76f
00744d6
004bd05
7f3420c
0036790
7f800a4
7fdd09d
7fd2d59
7fceb9e
7f5bd90
7fc60d7
0038121
001ca71
002a7c9
7fcf483
00447eb
7fe938e
7ff6144
00602b1
0033c3c
7ffd7ed
7f939d5
7fab770
00113c0
0043c81
7fa58e9
0005031
7fb90cb
00098a3
0006b1d
7faa3c7
00212e9
7fb811c
0069689
000d9d0
7fd8882
003574f
0045a34
003bc2b
001cef8
7ff8885
7ffc146
7ff4c50
7fd8f03
0067dee
7fffd10
7fb9a62
7fe3651
7fcf1ba
7fc7e01
0087b62
006ea08
0011b16
7fe95be
00dcac4
7f79a5a
00ebd80
0025da6
000be95
001f432
7fb26cf
001fa18
002569b
00ae9fe
7fae9ad
004ed3a
0067cc3
7f67e0c
005ce9b
005ca2f
001231a
004e027
7fdcc4e
000d362
0097a3c
0008591
7fe7dda
7f8a9e7
00195bd
7fad0d9
00f2a53
00263a8
002929f
002ada2
7fba11d
003a22b
00204bc
7ff4541
00f2bc7
7fd81fc
7f5af2c
7fbfaa4
7ffac40
7f8cc27
7ff8f14
7fc73ab
7f7c631
003915d
7fb856b
7fc9f80
7ff4c1e
004be7b
7fd900d
001cdd1
7fcb536
0061fff
7fa99fd
0088f97
7fbc93b
003d8ba
005bdd2
0037a1c
7f3eaeb
0038dbe
004c4b1
0008205
005556d
7fb5677
7fb82f8
7fc0b68
005f23a
0056557
0045022
7fddc8e
0033b7b
0062731
7f96cfe
7ff5101
005aeee
7fa59fd
001afbf
7f77f6e
7f9fef8
001ddf8
7ff5c47
7ff5f5d
007107a
7f8a97a
7fa2eae
0002d9c
7f76b55
006cf2d
00c3771
007b9d7
7f8527d
7fa9d78
7fb098a
7f8d662
000c9a6
7fa5aae
7fd35b8
7ffc9a4
00a4f93
7ffeca0
7ff8e4d
7fe12f6
7fe1e1d
7ff9117
7fa2c6d
006a786
00134f3
7fac900
7fd8cc8
7fc49c4
7fa7b19
7ffd08c
7f9d03d
7f1e6e9
002d0d6
0036847
000cfe6
000cfca
007059f
7fc87da
00b5039
0004e53
0072de3
0014b54
7fd483a
7f77d50
7faf07a
7fdfe2c
00626e1
7f9424a
0014c39
7ff7601
00436c1
002fb6b
0009516
005775c
7fe1428
7fe59a7
7fdc6b1
001a473
7f4a9c2
002fe92
004c271
7f6f175
7f5c56c
0021ae5
7fc7586
7fecbc1
7f9da4e
7fed27d
0012b9d
7faa527
000f1ed
007930c
0024615
7f322db
7fb1c8f
0043955
0027762
005af44
000efd1
7f6286e
0012af6
005e42d
0047549
004ab2a
7fc4f56
7fac3b4
7f8da3a
0027029
7fd9e96
7fa1ce5
00076cd
001ecf9
7f5483c
7fa979e
7f1e85d
7fbc965
0071621
0072107
7fa9033
001a38b
00024ef
7fd99bb
0029cae
0094fc4
7fcd8ec
7fb9a33
0077a14
7fcdaaf
003daef
7f89152
00a576d
7fe2981
007c7e3
0015298
7ffeca4
0043045
7fb7dc4
7ff2cda
7f92635
7ff74bb
0025b86
7fc5283
0062be0
0005f8d
007101a
7fda8bc
7f77c5b
005b833
000d654
7faf9ec
00030ab
0078226
7fc3a34
7fadee0
001bd88
7fafe08
7fd5cb9
00088f8
00bd0b5
0080b5d
002b749
7fe1898
7fca3ad
7f95cc7
7fc10fc
00565f6
7fced0d
7fa1e11
004ad30
7fe2252
00a5b55
0090fdb
0003307
7f9c724
7f912d4
7f99576
003badf
00421b8
00103e5
7faa89e
0076efd
7fbb112
7f892b4
7f824c7
003ca17
000dd5d
7ff6714
0040094
009bd6c
00047ab
0078455
0009a8f
7fcbcd7
000c74c
00a67a1
7fa38c3
000cc8a
7fa3a81
006b535
00035a2
7f88bb6
7f55e61
009f85e
00054dd
002853d
003bec6
009a5a1
0058889
00294f4
7f9d5f0
7fcd36d
00575c6
7ff2dbf
7ff4623
7fe817e
7ffe477
00274ca
0041b56
7f92595
7ffa8df
7f9df17
7fecc72
7fe6ad5
0013866
002ea32
7f9d482
7f9404d
0015b8f
0005ae9
005c0eb
7fba041
7f7942c
000d1a7
7fef86b
7fe2e43
006fde2
7fe3857
7fa537c
7fe3551
0008f38
7feac18
002883d
0025988
0039fb7
7fa3593
001830c
7fd7866
003ffd0
7f4f550
0058c27
0014049
005c96c
0031bfd
7fc9543
7fd453c
7fa7e02
7fa925b
006c6c4
001e2e7
000a987
0078c4f
002a8f9
00096a5
7fcfc21
0046322
7f77af3
0019865
0030612
7f37705
0061bb7
0022de6
00189fe
7fed343
7fc02f3
7f67358
00cf2d6
7ff31b0
7fe01eb
002dca7
00491e9
7f5e341
0028d1d
0054382
003c268
7f24bf6
001deb2
00cc3ed
7fe966d
00229fc
008001d
0031301
004739d
7fb5c8f
7f9a8f3
004d307
7ffb905
7febeda
7fb6a78
7fdef9e
7fdf754
7ffa64d
7ff9cb6
00d37cf
7fd4317
003216e
0003959
002f0dd
7f9c9d1
7f6a94a
7ff3a9d
7f6fac4
00077ed
00065af
0023f3e
008f178
000782e
0019bb2
7f5cf94
7fced86
001243c
7fa3423
00280dc
7ffe5d6
0078e6e
7ff9715
7fd5e85
7f86857
7fe10ce
7fd446f
0073700
0048e3f
7fe3faf
0059077
00231da
7f84ea0
0044bab
002aea1
7fc6282
00b3630
003095a
00078e9
7fc8d25
7f52b67
001179e
004b03e
7fa1130
00328e6
0035b56
7f8b007
7f94cc3
0073567
0034ecb
003b9a7
0061c03
7fc96b3
7fc13fd
000b7e5
7f47f75
0065950
7f7dae7
002a5d2
0056008
000aa78
7fe6033
7fe064c
7ff7d00
00311b2
7fb63d5
00520c7
7fc25dc
7fcbb35
001d9d6
7fdedda
0054017
7fd8842
00540b7
7fdcb22
7f4434f
0032d4c
7fe7335
002c27e
7fdde9b
004f8b8
7fca789
0003250
7ffd619
7ff267d
7f72c9a
7ff6a57
00362e9
7feaa2e
7fcd4e3
7fab2cf
0054d4f
7febd4f
00cfe95
7f4aa10
00286cb
00611ba
7f9c54d
7fae675
7fe69b3
001a651
0043c20
0000ade
0035cb5
7fc0cbd
7fa8cf5
7f8e674
00232b4
7ff072b
7f8f11c
7fe0e88
005808a
7fda31a
003ef43
008d7b6
7fc8d33
7fdae45
7ff4dbf
7fb2d25
7ff27f0
7f80094
006d0da
7ffb7e1
7fd7bc7
7ff4f6c
7fabf14
7ffadac
0006e21
004e501
0004d26
00222bd
005e658
00740f6
7f94e30
7f52b5a
002da1e
7fe1d59
0012fba
008d876
00ecb3d
00588e5
7fbab05
00483db
7f6e7f4
7ff3e8c
00293bc
0048825
7f7d8e6
007698d
7fb3c4c
00120a1
7ff6808
7fca857
7fed16f
7f64c90
002e054
0070034
7fdf9e2
00470de
7fd881a
7fed872
002ae75
7fcd251
7fed670
00060db
7fa57e1
002aa97
7f38f46
0052428
7fe0165
002afd3
7f99fd8
7ff67c5
00753e5
7fa4f52
7fe39d6
7f9fac5
005ef95
00572c2
0007188
0033b0d
0048adc
006c7c8
7fe5892
008eae0
004baf9
0004c16
007c7cc
0051dc7
00dd2e5
0013b38
0053772
7fea1ad
0043d1a
7f5cc19
7fe23ca
001ec76
7fab081
7fd5d0a
7f615b2
00353bd
7fa33f4
008f1b3
005325f
7fef133
7f7a468
7fbfddf
00154b6
7f941cb
003cab2
7fc9136
00064c3
002ed32
7fc43ef
00270d8
7fb2147
0050061
7f8c807
0018745
0002947
0068ad3
0076551
00250c3
0054843
7fe5750
7fe506c
001db2d
00b8256
006e284
7fd973a
7fdd216
005609b
001ea71
0008540
7fe6a7c
7ff2a6c
7fb838b
0005dab
001572c
7fbaf41
7fc841d
7fa8525
003b050
0089a98
0051796
7fdff96
0005a30
7fcce15
004cbd8
008c21e
0019dc4
7fa540c
7ffdeb6
00611d4
7faa1fe
0043a10
7f3ea93
7fd28b1
0008ca7
7febd06
00434b1
7ffc61d
7f14f80
00954a6
7ffe898
7fc2ef6
7f0982b
7fe44ae
7fe52a0
002ca8a
00154bf
007960c
7fd827e
005087c
7f87718
7f9098a
0047956
7ffe6c5
000586d
7fef77e
7fa888b
7fe29b6
000d5bb
7fa4111
7f78328
7fce51b
004b02c
7fec4ed
004913f
7fc3185
005ff4b
7fb140b
0050614
7fd13dd
000ba52
7fe0698
7fecc30
7fd4358
7ff6395
7fe2cd3
0024ffc
002d7df
7fea342
7fce084
002482b
002f2c6
7fc55fa
7fe0f7f
7fef64d
7ffe64a
7fdb19f
7ff731c
0010d12
7fb1358
7fe5b3c
000b510
7f73a38
0021dcf
000ba17
7fe219b
008792d
7f9c9ac
0006d8d
7f72906
0092be4
0060fe6
00486d1
0010a8f
7efbbd3
003b3f2
7fc894c
7faa6e1
7fea7bf
7fa13e6
7fedb78
7f528b3
0008d94
7ff4834
0034de5
005a156
7fd501b
0034ee5
005ac5c
0004702
7fcdd97
7fb7409
0025c7e
00964db
7f4f726
00521ca
7f53386
7fe89b9
7fe3d7f
7f9313b
0008bcc
7ffcc6d
7feed1d
0042a7a
000b07a
7f9d960
7fb0710
7ff3e0a
7fa19f5
7f82d33
0045561
005a8dd
0049466
7f55d7f
7feb9a5
0004328
7fe20c8
00539e7
001ab5d
00319c0
0058004
000d8c9
0059fd9
0063f49
7fcd20e
007eb08
005d896
7f73b08
7fb8148
7fd4ef9
003e8db
7ffbe0b
000b7d3
7f7675d
004bab7
7ffa09c
7ffcb23
002ccee
7fd96f3
7f7e4e4
00ac57a
7fdd5e6
0001f64
7f99eb1
7fee82d
7fe36e1
7f1b1d0
0052e46
00b2d0f
004d125
00071c6
7f9419e
0010ec5
002fda5
003325a
0006b4f
7f6059b
001dd4a
001eece
7ffd40d
002acc4
0006213
7fbea22
7fd2680
002e5d8
7ff6081
7ffeff1
7ffc9d1
7fe7a9d
004557b
7fc4c7e
001cb52
0035964
00e0f53
7fdcc40
0040e9f
7f30400
7fe7b78
7ffe227
7fdf09a
0024cbb
0024c82
7f94f04
0006454
7fcf905
005c8f9
00460fc
001e152
0047ff3
7ff6ebc
004aec7
7fe268f
0005cad
7f7635b
0071086
0035cf2
7fda9dc
0016c47
00048cd
7fcb14b
000cde2
7fb9fbc
7f9e762
7fe3f30
7f9b8f4
0001e78
000aaa6
7ffac45
7f816d6
004997e
00074e5
7ff18af
0059312
0036add
7faa846
00238c7
7fe908a
7fda70e
0045c90
0052f2e
7f82102
7fd8f55
7febab8
7fc0fd7
002b3a2
003c507
7ff183a
7f825cd
7ffd4e5
0078d3c
000cf42
00a2216
7fde77e
0018dca
7fac400
006154f
7f709cf
7ff91dd
0059a98
7fb465c
00916ec
7f7d8eb
7fd45da
7f9c883
7fd8794
0024baa
000c219
002823f
001e075
000a32f
7f9105b
00ac0c9
00273a1
7f9b8da
7fa0783
7feb89d
7fda2e9
004059c
7fa9b1c
7ff7a51
000e2f1
7fa973d
7fce106
000e51a
7fef732
7fb1124
0096956
7f82d02
7fd4752
7fc30df
7f8c60c
0017369
7f8907a
7fe4df8
7ffe2db
00828b0
0021fc5
000fd24
002d19e
001b6c5
00080b2
00087f8
00120fa
7f85b7b
00347f5
0065981
7ff1d9f
7fac02f
7faf43a
7eed48b
0021d74
7fff573
001e2ce
7f9eba0
004751b
00762c5
0020c27
7fbb2f9
7fc3a53
7f72a74
7fdf0e2
7fdf8a1
00110f4
0010d70
00a3d7d
00444fc
7fc1ec8
7ffc026
7f5d379
001ab2b
0045a23
001a261
006a484
7fb7f8b
00b2414
002b6fd
7fd58d0
7f8c3dd
00c694a
7fe512f
0016d94
00117b7
7f9fc2d
0034079
007200f
7fddc55
003876f
7fd4b47
7fda1b0
7f1a13e
004d0ac
7fef7f0
7fd4bcc
7fbef89
7ff7258
00272b9
7ff0368
000f062
7f87fb8
006541f
006dedf
7fd7e13
0012c78
7fca842
7f9a211
7f89dcd
0018b3c
7f556a4
0049259
7fd81c8
7fffc9d
7fe9e51
7f35ad6
0005dd8
7f9f371
000c22e
00aae49
002b9e8
0044a97
0026fa0
008107b
7fcb90d
7fead62
008cb41
00b05e5
7fd9a64
00a20e4
7fa24c4
7fe39d4
0031b0c
0055baa
001ce47
7fcbb0a
0021c85
7fdf3cb
00125bf
004ebb3
00bc61a
001109a
7fd0d8c
7f6df13
7fee39e
001f6c7
004e89e
7f78625
007263e
001f9f6
7fe3229
0045f51
0082bc0
0026d7b
7ff9e30
7f93876
0063d95
00c3c88
7fc8c4a
000f2c2
000b067
003b888
7f94ce6
009ed5f
7fd4d96
7f775e3
007ab60
004ecbd
0075b43
002c97a
003807f
7faf245
7fd70ab
7fa1e36
00b5fe1
00bd6e0
0032e96
7f89d9d
7fcdee1
7f93ff7
001fc2d
004653c
7f8ef05
00f334a
7f719a5
7f9585c
0016751
0056d40
00a55e0
00155c9
0004551
7fc67f3
7fa85e6
006376a
00271f8
7f937a1
7f57b72
7fd0fee
7fd4127
003750d
0011a92
7fb56cb
7f718ac
7fde630
7fe2f15
00012f8
7efc416
00323b1
00655b1
003cd33
7fb2cb2
7fdb729
7ff840e
001c690
7f95f71
0057596
001b9e4
7fd0d70
0022d04
001f5bc
0011b15
7fc4e0e
00352d7
004ad12
002e4e1
001dd94
7fc7e8d
000b2f5
002b979
7fb2775
0006d1f
003a868
002bb1e
7fefefe
7fadb88
00a345d
0060af3
7fe4083
7fe7d08
7f8b6c3
7ffac0f
001691f
7fa36a3
7fc4d4a
003cf1a
7fea798
7fa4c3e
007c253
0036137
00ecbbf
7ff8e6f
00308ea
7f78656
7fceb12
0060cb6
0013642
00056fd
7fa42c4
002531e
7fb3d82
7fde8b2
00728a1
7fe9435
0026704
7fbf728
7f57ab4
7fc859c
000c2f6
7f7cb9e
0024939
7fdb80a
7ff4efc
00b56ef
7fd7ed0
0044e9e
7fe3219
0020cf8
7fd7151
000e210
7ff2e1b
00713e6
0038aa0
00ed4e5
7ffae90
7fcad87
0016efb
7ff293f
7f1d41d
7ff4709
0073a25
001fa69
7f76240
7ffedf4
7faaf70
0019849
001c2d3
005a208
002041c
00780b7
0047956
003edda
0007316
7fad8cd
7fcb33e
0084b9e
000a5cf
005b9cc
7fd10d8
7ff0ae1
00161cd
00101be
000f109
0084204
7fe3176
000b82f
0062d24
7fd95bd
004e659
7fcf8e6
00450cf
002008a
0024949
7ffb09d
7fe5835
00a3de8
7ffa819
0000087
006a724
7fbcb13
003a3be
7f9d59c
0045e3c
7fed46b
0066ea9
006a4c0
0051294
0007d56
7f7f337
0047cbe
002d5c2
000c993
008da07
7fe5154
002da70
7f51a4b
7fd4c37
7ff5da2
7f7d224
7fe3626
0059233
000c75e
7f6c6f8
0053e8c
7fc5b09
7f7ad30
003939a
7fb16fb
0005494
7fc0446
7fd4326
00108b8
008c35d
0021f24
0043adf
001ff14
7f7598d
7fdec10
009bcad
7fbef6e
7fd36c2
0047534
7f848c6
008583f
00105fe
7f66979
00270b9
00003d6
7f9b2b7
00c602b
7f9dfa6
001d1f4
7fc556f
002f28c
003f45b
7fcda0f
001f125
002606c
0043443
00593ba
000ceda
0012e61
0001ef8
7f71c13
7fc2688
009302c
009a471
7f5ded2
0033acf
7fd8387
000dc14
003d42c
7fbebdd
7fc8611
7fd230f
7fe3015
0087de6
0022381
0030322
002c902
7f556bc
7fa90e3
003154e
002c085
0069fc9
7fcc508
7f53500
7ff8b38
00514bb
7feef15
7fa5042
00816ad
007c701
0030b3c
00335fc
00046fd
7fda6d0
7ffb1e3
0092d4e
007818d
002848b
0091fb0
000876e
7faf9be
0032279
003c67b
7ffed09
0024e13
7f73f14
00089d3
7fb0d8e
7fd5002
7ff2667
0085946
0027375
7fd4147
7ff094a
00087d9
0017dd2
7ff85c3
0081645
0019984
7fa1a52
7fee405
7fccb1e
7f7cbd5
00a605c
7faded2
7fa8d43
7ff2e2e
0053f82
7fe0f66
7f8845e
7fa627e
7ff882c
7f7d308
000db23
00584f1
7fb8d29
00433b2
7fa5a79
7fbda30
00003e6
7fd014b
0069556
7f6168d
00a5fc9
7fa2f7d
0013779
00093fe
7f8bdef
005534e
7fdf1c7
002ba6c
7ff8ce4
7fc68f8
7fbe0bc
0072280
7fbe4cb
7f60666
001f03e
7f9d644
0077ce5
7fe73e8
000ba9c
7fef36d
7ffd76c
7fc1c33
7fce3fb
000916a
7fcce85
0060034
7f65de0
7f7bc9a
000af7d
006d08c
001aa3a
7f568ad
0020794
0059569
0026dae
7f7a6b9
003d5d7
006ca60
7f7ee56
7fb95ef
7fce910
007efcd
001cbc3
00089ef
00058ab
7fb9b24
7fe9ae8
7fc354d
7fb5b3e
001c4c1
0000ad1
002d599
003fdf7
7ff2a06
0015125
007dedc
7fb8225
7fa4d15
7fc1966
7f13a8e
007486f
7fc90e7
000f14d
0052c69
7fc367d
7fec4c2
7fc192b
004c762
7f477a9
003dec0
7feaacf
000682d
002e4fd
7fc1231
7ffe915
0037584
001058b
7fa36ae
005b71c
7f051d5
00832e1
7fa35d5
7ffe04e
7ff3fbd
7f7a6a3
0067724
7fc3a24
7fa6c82
003b571
0063767
7f6d86e
7f81c35
0048970
009a9e4
0055473
7f8f823
7fff0a1
7fc7e7a
002a002
7fc689b
000db5b
0032458
001fc53
0029ead
7fb3509
7ff6ad1
0029aa2
7ff063d
00bcd31
7ffeddd
0080959
0039e3a
002b3da
007d85c
00130c6
7f99535
7ff8859
005515c
7fe4b82
007e51a
004609e
003bd79
0043107
0039f3a
000edcd
7fc592a
008228e
7fafff3
003c1c8
000a244
7f695cd
002b6dc
0035902
00b35d5
004757a
7fc7164
0092d59
7f88b91
0008b93
002e97f
00005e1
002228a
7f99923
7fa87e8
7ffef01
7fbc0b4
7fb2729
0053cca
7ff0215
7fecfda
7febc90
00608f4
7ff74b7
7fa5ca2
7fc6c15
0002e4d
005ebca
7fe9e50
7ffda33
00314f1
006311c
0040d44
0039181
001ae99
009c759
005ace5
0024ee2
00664dd
7fda5aa
000e963
7ffde2b
0033ac9
006ad73
7fef8dd
7f74a22
7faaf55
7fcad83
7fe010e
004b61a
002dd1e
7fd44a0
00f2d25
002fc3d
0036ead
7f812b7
003254c
00ca747
001fe6e
0099803
0039f79
7fd807d
0088e79
003bbe5
004baa3
7f6f2c8
0020c0f
7fd97b8
7fe6e51
005119e
000945f
00332de
7fe25b9
7ff138c
0016cd9
7f91b11
0006866
0062a0e
001209f
7fcdcd1
7ff2ca4
7fa448c
7fdc853
7ffba9d
7fd37d5
004c2bf
00341a3
7f960f3
7fc17ba
7f5f6ce
7fdfd5e
7fbf37d
006ece2
007abc4
0021c85
00329ab
7fb4536
7fa8cd6
7fa3858
7fcd7b6
7faf4a2
00b0023
7fa4b99
003b430
7ff5829
7f5fd8b
0056412
7fa56e1
00707c8
0046ffc
0015f06
7f26f75
7fe694b
006f494
00282eb
0055985
7f5e2bf
7feda35
7ffda91
7fe1a73
000513d
7fadf85
00c12d0
7f8c896
0006691
7fa94f0
7fd9f29
7fbb879
7fcaf10
7f824fa
0047271
7ffb870
7f9b15d
7febe5f
00539f2
7f95e58
7fbbb84
000a331
7fd381c
7fe98c1
0009324
002c525
00252c6
000cf85
7fd4c71
7f90c85
7fe8ecc
7f933f0
7f37ce7
7fd0772
001cc05
7fcd1a7
00acb3f
7fe0710
004c607
7fbb4d7
7febebf
007de86
00494ad
00021ef
000a6e5
005c071
7fd64e7
0000555
7fb5596
0081b3d
7fb3235
7ff28ad
00cea9e
00bd9f2
7ff189e
00387af
001086b
000f331
00a9210
00474f5
7fdda59
009aad6
0050dfb
7ff6198
7f9c019
7ff7563
7fc490b
7fddd00
7fa4788
7feafe5
7f7c9c6
7fd2eaf
003daa0
0004f38
0074ed2
005b68e
7fdb10e
002d3e9
7faba2d
7f86de9
7f37896
7fcb945
7f904e0
7fff38d
7fab58c
7fe8443
0029631
005e259
7fe1df7
007fb80
003b248
7fd24c2
7f70ca2
7f4d59c
005bb45
7fd7f06
7f50ef7
001c2aa
7f70507
006d17d
00f100b
7fdaab8
7fb6600
00020d6
00b3af7
005e405
0050dbd
7fa93a5
7fdff4b
7fdd22a
000345d
001d833
008e6f7
7fab9e2
0026f53
0054ef3
7ff248a
008760b
7fed0b0
006aebc
0029223
00605e0
7f7dab2
7fded16
0008d79
7fabbdb
008e7f0
001a8ee
0066ca3
000713c
0003fd1
7f99c3c
7fd4bb8
7ff0b8a
0028834
7fcd2c9
009b69e
7fca4c2
7ff6b4c
003e299
7ff4327
7fda9fd
7fcd552
7f7d74d
00ad180
0006433
7ff63a6
0032bf3
7f74172
7ffae46
0032c65
7fba17b
7fdedcd
00287a0
004d66d
7fa37bd
7fe4ae0
004f7fe
7f8c3f1
7fec763
7fc558b
7fe5ce5
7fe2b30
7f99e45
004cc5a
7fb1e69
7f37f9b
008fd90
7fca6c2
00e55d5
002fd1e
0047865
0060079
7fce4de
00090e9
0025236
7ffb51a
0088cde
7ffee86
7f7efff
0005dc6
7fd21c8
000f65f
0010b02
00b06c6
00a1514
00069ab
003899f
000cd3e
001276f
7f971b5
0068de4
00c7236
001e59e
006a905
006a90c
000b4da
002139c
7fdf2f1
7fe0b71
7fd66ab
00afb09
7f3cf5b
7fd44c0
7f92d4e
006e06a
7fc812c
7fef690
7ff7697
001348c
7fb0b23
0008de9
7ee3027
000e081
00ec4f2
005270f
0084dd6
7fd3a00
001c1c6
005e0ea
00615ea
0056049
009a583
7ffd936
005d4c1
7fcaa14
7fff6a1
002da8f
001221f
00ed55d
003633b
0085b0a
7faca4c
0023766
7ff7935
7f75ee1
0022f87
7f93d5c
7f96a45
7fdc9a3
0026621
0006112
005d267
0080b05
7f790ec
7fee956
7f91b31
7f937f1
001a338
005c542
0083329
0031bf6
003e092
00302c9
7f955f6
7ff09ed
7fc917b
7ff9a86
7fbdb65
002f6f5
003aff5
00875de
7fd882e
0038f89
7ffdb27
00c9caa
7fcd4f7
7fa9978
7f877a1
0093ba5
00085eb
007b57c
0013493
000d8d4
7fc1543
7ff15e9
7fe4d9f
0007e7d
0031b03
004814d
00bbc46
7f9e7f9
7fbeaf3
0074d3f
7f9cf8d
7fabedf
0038944
7fd8f5c
00c3761
0035606
0023dd9
0001a74
002d295
00496c6
0020993
7fa05ef
000d98d
7fca10b
002174f
00020fa
7f64661
00261e9
0025c82
000b2c2
7f9babe
7fd4434
0029455
7f7ae83
00119c6
007dcf6
000bd7a
7fdabb0
7fcb496
002c372
7f51626
7fc8872
0034fdd
7f68bbb
002cadb
009313f
7fea610
7fee733
0088eb6
7fa1f42
7f70cfd
0025c56
002268b
7fd6a9f
7fe0d23
00a2013
00125e5
002d8cf
7fb81a7
0031c6b
00065c1
0002561
002e500
7fa65ed
7fe0dad
00460a0
7fe98ed
0007493
001eacd
0023599
7fb8e6b
0004d4e
7ff4deb
0088dd9
002879e
7fb6e95
00180c8
0012a07
7f9ae78
7fc04cc
7feb2f5
00c9679
000923b
7fbe531
002697c
7ff2679
7fc5d89
0051bc4
7ff5d30
7feb700
0054a98
0097a82
7fec2fa
7fd63d5
7fcc67e
00736e4
008b35b
7fe14a1
7fd6176
7f43328
005b920
002a8ee
003263a
00411a5
008c2ec
009f522
7ff05a5
00134ba
7fafea0
001fc2d
00e958c
000cbec
7f2e7be
7fbee17
00c259f
7fac074
007e705
002775a
7fe39f7
7fc4b31
7f818d7
001e7c3
7f9817e
7fe045e
7ffeb83
7fbef63
008077f
7fb8767
7f9d6fa
004f99e
7fd6e47
7f9bfe0
0039192
7fe1841
007ce81
0020ee0
00a8d78
009779c
7fe1332
7f74d6a
00902bd
009108a
7fe584c
006c5f1
7fdcce5
7fe23e5
0020bf6
0032620
7f9b51e
7fe5896
7ff7472
7ff124d
0042cd2
7fa0086
00163a7
00319c1
7f64c0b
0110e6e
7ff3645
7fd2987
000f898
000bde2
00739f6
0043b33
001fa48
003efe7
004c9ed
7f43b19
000d66b
00809cf
008fd59
0059dcc
7f9de8e
7fed384
7ff1b84
00526ac
003da90
7ffdcc3
0015b53
0057139
7f9c6aa
7fce7d1
7fb42c2
7fa81a7
00019a7
00011c6
7f848bc
7fdaa53
7fed656
7fd150b
7ffd8f3
00e8e1a
001d961
7fecb3c
7f59480
00699dd
7fd1733
7fcba66
7ff1a45
003672e
005fbfc
7f4924a
0001829
00357de
7f63030
7f6af1d
7f80b2b
7fe62be
0073662
7ffe3f1
0066f4e
00471b1
00750b7
0046370
7f84bd1
7f71029
0052824
0002744
7f6b95f
0057a47
7fc7f99
000fe60
7fae596
002bce2
00221da
010989f
0049d66
7fa27c0
7fccefd
7f9fbb0
7fbaca5
7ffd207
7f88338
00631a2
0008a93
007bb03
008bd7e
7f6151a
7fc50b6
004ceb6
7ff013e
7f623a8
0010c62
7f8f06b
0011bbe
7f49d7b
7fc37cc
0030aac
7f9e025
7fe5890
7f6e808
7fbc091
7f54e14
000506e
7f7d3c7
7fd51f0
001aa15
00250eb
003e896
00060c4
00487e7
009d74f
7fd0c79
0004e03
7fe89c1
7fad90f
7f54d2e
7f954ef
7fd8915
7fe08d7
7f54b90
000a847
7fbec22
0074497
0005e51
7f874e3
0007b0f
001d87c
0036c18
0011a1a
0090c44
7fd2d7d
7fc45cc
00a488b
7fbb905
7fdaaa3
003e7c3
7fc3f46
002ca8b
0032742
7f87c07
7f9f3ce
7ff8c62
002017e
7fcc641
7f968c5
7f9aae3
7fb7424
7fba41d
003c387
0058782
7f4827d
7f9016b
000b7ed
7f9304e
7f96fda
000288a
7f883df
7fc3539
7fde5f8
7fc5e74
7f5d230
7fcaaa6
7fc0327
7fda054
7fe9eeb
009df12
002cbab
7fb1285
7ff2df7
0009894
000b6c0
008205e
7f82a1f
7ffdc33
004cce7
7f8ce8f
00245d7
7ffe0b4
0010934
0015e93
001ff1c
0066201
7f99294
00188ec
7f8dc0d
00b2d9b
7fcc34f
0056646
00333cb
0054f75
0034169
7fc69ca
00513d2
00073f1
7f9a54a
000a137
00056f6
7fdcc97
0044bc0
002b2d9
0023dd8
7fdf961
7fdd7de
002de9f
7fa928f
00dba57
7fd432f
7f7e4dd
7fe3ce2
7f9613b
003090c
005fcf7
00314df
0098a31
7fa3c23
000ee83
7fc1682
7f9bff8
7fe0ffa
7ffb806
005f901
00259e2
7f8d6a2
00d0946
7ff90ee
004ffa8
0004881
00150fc
7fffedb
7ff571b
0044ab2
7fe5d46
0046ba6
000dc00
0009d8a
7fabbe3
004706a
007c06f
000848e
7f6ecb6
7ffcb67
7faf529
7fd21fe
002d4b1
00509dd
7faec30
7f8cb41
7fab056
0013277
003bbd0
0033151
00055e1
002a53a
7f95dad
7f4e226
008a1a7
7fa99ee
003233a
00043e4
0108715
7faa6ea
0065c59
0049056
0004f1f
000eb5b
7ff9f03
0014b43
00a4627
008f28a
00b0a77
00893fc
002735b
7ff38fd
005aa15
7fafa6e
003260a
7f5bbf4
7fb440d
7f62d3d
0006739
00486c6
7ffe0e2
0026380
0001336
7fe67f2
7f9e9e6
7fdce5a
0063500
00c94b4
7f94b7f
0022ed4
0008521
7f99288
0066dd6
00828b6
008f07a
7fe907c
000c97e
00b2e96
7fe38a1
7fa79a8
7fd2aa4
00004bc
00100bc
0047783
7f8f908
7fb849f
00908a9
004781d
00d5c66
003ceec
002b8bf
7ff24de
007dbaf
7fbb8ab
0045cd3
00807d7
7fd22ca
0001218
0007ce0
7ffdef8
7fcf3de
7fe9bdc
0007d84
0062c88
0022eb8
0028c35
7f8eff5
7fe57d9
00114c7
0049f86
0071364
0080b79
7fa6ed1
0007739
001ef6b
0072362
0084829
7fb76b4
7fd154a
00508f4
008f7b0
7fab3a6
7fbe81c
7fdf8a5
00332e5
005c13d
00292cc
00052b4
7fdef08
000c7e2
7fce027
7fbeb95
00832c9
001cc2f
003f5b8
0016ae5
7fab932
7f8ed57
008184f
7f7aef0
7fe09e4
0086e63
0074e7d
0003201
7fe9de6
003df2e
007c06a
7fcfbe0
0075f25
7ff930e
7ff7e2d
7f83e86
0005af4
7fc09fc
0055c7b
7fdb732
00ca33d
0019cd2
002754d
7fd9901
7fca2b9
0075144
0038be6
0037267
7f2f2a8
00ac64b
7fb79a1
7fde8f0
00e06fc
00083c2
7fe9447
005a305
7faa8e3
0128528
0033472
0027ba2
7fdc04d
009c1eb
00b2003
7fbafe9
0007335
7f866f5
7fe5f00
7ff5474
00494be
001a8e8
009c0b1
7f8b796
7f26e3e
0058657
0015c75
002d8a0
003694b
003a26d
004c138
00514aa
7f6f472
003c73e
003eba6
001697f
7fe699f
7fe3e9c
001ddb0
0022cba
7f5360a
00a8443
7fd8ab6
7ff04a4
7ff648f
7f54d1b
7fefe33
0061ed8
7fdaca3
0031788
7f9d7be
7f8d3d3
0039f2a
7fd6627
0035716
0027ae4
7fc9cc7
7ffa30d
000112c
000c7f2
7fdd002
0045c69
004b9ee
7fc00d0
7fc247a
7fca0df
000cc53
00373f8
7fb7f67
7fc8923
7fd0e6f
7fd7c58
001123a
0027eeb
001e5e5
005be56
00648b7
000ba35
002f051
7ffe9f1
7f7f4fb
7fe365c
7f943fb
7fe5bf7
001691a
002f589
7fbf4f5
7ffeeaf
000e4aa
004036a
002cc99
008b286
002d9fa
006bf51
005169e
0012a74
7fcc554
7fc6361
7f7d7e0
005ba93
7fedd3c
007dc0f
7fe290b
004c914
7fe4832
7f92e50
7ef2cca
7f90368
7fc1427
7fa0e61
7fbe462
0089f27
7ffcec6
00143fa
7fe2486
0010deb
00404e0
7ff9c9d
003401a
7ffd4f0
7fbc8cc
008309b
7fa13a1
7fc7d68
0009bdf
7f73f9a
7fb0443
0001634
7fd5c18
7f8b70c
006b157
002ee74
0005ea4
003e9fa
004d2e2
7f5ac5e
7f55829
7fae262
0027372
7ffe5e1
0045687
7fc3244
001347e
002c605
7ff152e
0008fac
00402c1
005dbfa
004d84d
002466d
00106c8
7fce235
7f902ea
00284b4
00f9650
7fd6633
7fa7dcb
002a4dd
002940c
7fb0e75
7fae60a
7fd9322
7f9b277
7fc550c
002b7a5
7f90c12
7f9c92c
7fc5dc0
7ffbc1f
0087203
001f377
002dd0c
0046e7c
002a6ae
7fb5587
000b86a
00245c3
7fc019d
003e249
7f9ffef
7fa19b8
7fa36ad
003f721
00054cf
7f9eb09
7f427b5
7ff51e8
7ff43ca
7fd8463
7ff7583
0098370
0038ba3
7fbd376
7fd24f8
7ff7c70
7fd9dfa
006a0e1
7fdea1a
7f6112c
7fe59a0
0076f4c
00219a9
7fdc29e
7fd7196
002720c
004a7b5
0010da7
7f8bf57
000b4c6
0048991
7f89848
006a183
0028076
004a315
0076fb1
005645e
7f8b2f6
00919ef
0058d8e
00b47d9
7fcf16a
00288b0
007d594
7ff524e
00637f2
004c00f
005a02c
7fd68ef
7fe162f
0034606
7fb264d
0072c6b
7fe9c72
0035bcb
005645f
7ef2a36
0018b95
7fe3628
7fac799
0094699
7f6e75f
00483f6
7fe434f
7fe3d46
004a940
0043000
00eb42b
0036a2e
0085e6f
0022c76
00af8c9
003582c
002ff9a
00198fb
005ff2a
000b929
0016bff
007a04c
7fc8fba
7fdf21d
00508fd
005a1ea
7f9ffb7
00669fd
7f9f159
7f4ee48
7fdfaaf
7f420bf
00196fe
008ac3c
0008ae2
003464a
004e172
7f7761c
00286a7
00b8ad9
7fe7e4a
0051086
7fe7d73
0011382
000fd86
7f75599
7fc4e21
7fc6873
00a285e
7fd3b14
003f7e3
7fbeb1f
7ff9d1b
7f67432
00182b6
7fc73c2
00540d4
7f8c488
7f9e808
7f899c1
7fd5ad8
7fb69a4
7fed07f
0054673
0058424
000b453
7ff31c2
002ba05
7fde906
006ed59
0010f31
7f7ffde
7fc09af
00105d4
7ff4f29
7ffa19a
7fbe401
005579d
7fef285
7f67825
000c779
7fc3e33
001a6ce
7fa0099
0019d48
7fbe55f
004e86b
001ac34
0004f7f
000ec14
7f930c0
7fe5dee
009485f
7fb25e9
00c41e8
7fc1bc1
008db42
00365ee
7ff2795
7feb484
000ff4d
7faeb50
7fe5d65
7fc6d8b
7fedec9
7f15b13
7fd8541
00155be
7fc1b86
00496d7
001dfe8
7fd18b6
00d7c9b
7fd17de
7fd306d
0022641
7fef3fd
7ffaffd
7f77610
7fe17ef
7f8716f
004cbef
00332da
0061863
0023319
7ff7919
7ffc42c
7ffbe75
000b3b3
7fa9323
7fdf933
7f84440
005ddd9
7faaf80
00b1d12
0073d16
00acc97
7faf418
0075f48
002ce08
002935a
7fdaaa2
000a65a
00694d2
006306e
00004ad
004dcd9
7fcd11b
7f64c99
7fb690b
7fe5fba
0053e8e
0054c59
00702f5
7f9c6f5
0060ecc
000a54b
7f5d324
0024466
0082e68
7f5b6fe
7ff8e88
0093781
002f9bf
00cea2f
7fad12f
0039a81
7fe28b3
7f91b89
7f9d94e
7f82738
7f38960
0035386
00b214b
000f867
7fe9de1
7f47182
7fd8acf
7fd60d5
7fb3f09
006ecff
7fd4811
7ffb96b
0007e2d
009607d
7fbf6fd
7fb2252
0030956
7fe4486
006c935
7fa0e7c
7fc156a
008c00b
7fd23db
7ff9b4c
7f70ea8
00434e5
0018ebb
0012e3f
000bb92
7fdc6e4
7fd838a
001b079
7f8217c
7fa68ed
7f8cc1a
0017397
00159b0
005a525
004c942
7f71ce4
7fda1f6
7fcfc2c
003bd18
7fa1f9a
001a351
002d6f7
002fdb9
0086b0c
0063a49
0007ab1
00287a5
7fe1e6a
7fa1c2c
7fc7a02
7ff0455
00002b5
7f58393
002f53e
00882b7
7ff2294
003f69d
7f9a33a
7fccb7a
7fbf1d1
7fe9b73
00144b9
00011a0
00378b8
001668c
7fdf2f6
7ffd98e
7fc35b2
7fd0d7e
002d761
004c6d9
0045980
001e17b
7ff1658
00910b5
7f414dc
00c3525
7ff9dfc
00270ee
7fd925b
0028a3a
00259dd
0022bed
7faac23
7ffc17d
7f8fa3d
7fbacfd
7fb8f79
7f8da5a
7fae789
7ff6331
7ffe47c
00222a9
7fe1a16
7fd3dd8
7f5e9df
001d933
7f927a1
7fed233
7f7e52f
005c9ad
7fdacb3
0046c4d
7ee4f47
7fc1027
00064db
7fa739c
0018370
008db92
7fd4daa
002c383
7fe2a4d
7fcf808
0054c8a
004f1f4
7fecd28
0001f59
7fe7a44
006936a
7fad7c9
7fdd108
7fa7e08
7fabb84
7ff7045
7f3c824
7fc201d
001873a
7ffa59f
7fd3d68
005a199
006408e
004a1a9
001d2b2
0029988
7feeab4
7fa524f
001c24e
0000d5f
7fd6e62
7fd39b9
7ff4a2e
7fdd489
7ff8acb
7fc01cd
0069455
00a2e9b
0084853
001761a
7fcf9c5
7f7a12c
7fba13d
7fbcf63
7ff8d8d
001eda0
7ff3273
0030b1d
00bfa0f
001d1c1
00887cd
7fa01d4
0067082
7fc7936
00a3f43
7fb5e84
001aee8
008bc2d
7f9eaaa
7f2fb40
002eb19
0046f21
7f7d7a8
7fe7b6e
7fb5220
00010c8
7fdd4c8
7fabc7f
004ce28
0089ff8
0010d19
0021afb
7fa289f
7fd9e5d
7fe8a45
7fd1ae1
7f9a648
7fd7983
7fec7bd
00025ed
7fe86cb
0077387
7fe6579
001f6f8
0093354
7fef203
7f78f25
000fbd4
7fb4e47
7fc2cd5
7f9914f
0021b42
0000462
005be78
0010112
7fbc0ff
7fc0154
7fda83c
7fef38d
0068c3a
7f57251
00757b4
0021d45
7fdf690
00173a0
7fef47d
7fcc8ec
7fa3e58
005ef94
000fd14
7ff1f05
004f915
7f9b100
7fde01d
7fc9fda
00626f1
7fc2bf4
7fbee94
7fe231c
0055298
003998c
00215e2
0022b26
7fe112d
7f7dc4c
7fef7d1
7fda923
7fd581c
0026c0a
0010f55
001bad5
00588d2
7fd203d
7fbc501
7ff20e9
7ffba6e
0001f1d
7f465ae
004591d
00168d9
7fccbd1
008b80e
7fb48a2
00173f6
7fd70aa
7f85c3c
0063888
000034f
0020c47
7fda93f
00129a7
007f854
0042233
004f58a
7ffb91a
00656f8
7f679b6
000db6f
7fefca5
7fccc3b
00622f4
007b912
007f7a3
0018acc
7fffd2d
7ff905e
00179b2
7fc5441
7fe9890
7fa707f
7fbe024
7fbe4a9
7febb93
7fd1cf1
0018893
0016530
7f74904
0069d55
7fa323f
000a647
7f783d2
001c230
7fbce12
0065fd5
0023299
004b1b3
00dc2d0
7fad5e8
7ff1102
002b904
7fcb54c
00a8ecd
0079f4e
00a4ec8
002b9ac
005039e
7f822b7
7fb42bc
001dd8b
7fd041d
7fe68b4
004346c
0028475
006bd11
000e064
7fe8849
00f5f49
00a87ab
7feb2c4
7fe5c3a
006d005
7fded84
7fe2376
007b314
7fcc54f
005c5cc
7ff50cb
7fb9cb8
7f89fc4
00548f9
7fe4d82
7fd4cf3
0015b21
00151a4
0038985
0050d6f
005cccd
7ffb355
00733fe
000dd62
000cceb
0089b6d
7f90d68
002e2c9
7fe4ae3
7ff85e2
004c553
0037958
008e556
00122d2
7ff8507
7fb4166
7fff374
00ffb43
0099178
7f6f394
7f9c2bb
7ffe9ce
7feec77
7f9b1e3
7fde1aa
7fc509c
002aad2
7ff2afe
00706eb
7fc5292
001b651
7ff6cd7
000047f
7fb91b4
7fd89de
7fd4a6f
003eb4e
7fa27e0
7fa3252
0028877
7ff6aa6
001f164
7fd0505
7fc0417
008b7c8
00274da
002b2d0
7fdd46b
0037ec0
001e290
0020d62
0004d90
006b882
7fe312f
00868b1
7fdba3b
7ff6baa
003b31b
7febd41
0024d4d
002d282
001bf0d
7fcb8b8
7fde204
7fa0d5a
7fee241
007ed98
7fd5507
00214e6
7fc572e
0010b13
0007d9e
0017ca9
001ad62
00208d8
002b19c
0002eb3
0058641
0027e9a
7fdd188
7f6e18f
7f1e6bb
7f338ab
00916d7
7f31c27
00017ee
002d6cb
0010128
7fe2132
7fa8ddb
7f81c8e
0034820
000c383
005b184
7fa3fb0
009ccb8
7facdb7
004afd4
0010b2e
0009802
002ce47
001defd
7fd4f63
004381f
7ff99a1
7f74dd2
7fa688a
0013a4f
0028689
7fd06d0
7ff449d
0022863
7fc2766
008fab7
0073f62
0028694
00243e6
7fb40ee
7feab1d
002c71b
007a29a
002551c
002e0cd
7fd80e3
7f3fe90
003f430
7fe55f7
0068d98
7fe5f0f
7fcb35a
7fe33a4
7ff80b5
0017c7f
003f1fa
0055fcc
7fc7172
7f9c053
7fff47e
003e8f7
7fa0ac3
000149b
7fa51c2
7fc5766
00213f0
0022aae
002cef1
7ff8876
002af6b
000dbc0
7f678c7
7fea9c6
007cf1a
0037186
7fb19fb
005394b
006ccbf
006f232
7f98e66
7ff316b
0025a7b
7fe414e
7fdb1dc
7f09e9f
7fd2603
7fb6ada
7f53518
7f6032a
7ff8990
7f5862f
0060848
7ffc51e
7fe510e
00163b2
7f947b6
7fdd656
000fbee
0013a54
7f9bf29
0057178
0019ca1
007a182
006a3bc
0026318
0029f12
004c2a3
7ff82fc
00681b3
0001747
7ffe824
7fb3315
7fe931a
7f9e254
7fcac90
004c8f9
7ffb6df
0048170
007dfd4
005e86c
0042ce9
00241e4
0043c8f
00052d2
7f8ab03
0005148
004a54c
7fea69a
7fb586d
7ff8f9f
7fe5c18
7ff14f8
00245f4
0070f45
7ffaa28
7ffa44a
7feb81d
001e805
0030b24
7f61c94
005aa85
7fdef94
0005e34
0090870
0126f0d
7ff5003
7fc3a56
7fdcc26
0081a40
7fee64b
0080131
7f96533
7ffa967
001373b
002240f
0051576
000b174
0062497
7fdfd10
7fe52a4
0004786
00129e6
7f8e4f0
004c3c0
0000fbb
000aac3
0002f31
7f7c8f1
7fabd95
0001b69
7ff1730
003e95d
7fdfc49
7f91ffb
001639b
0089c26
001a117
0038ca4
0034196
0037650
00844f5
7f73f7f
7fddd97
0076fff
001dd29
7f22e5e
7fb84ac
002bb67
00309ef
7fd4be0
7ff1cd9
000a984
0001bb1
7f827de
7fee91b
7fd828e
00544f1
002fd97
7ffd58b
0015ba9
7febd55
0010949
005d7e1
7fbc5b1
7fbf22c
7ff6f41
7fed06d
7fe3d59
7fd91d5
004ddda
001355c
003aa9c
002b8ca
7ffc8f4
0037eda
7feb211
002e467
7fe3758
0009010
7fcd201
7f9ce55
7fd8ce3
7f333b8
7fab270
003e31d
7fbd958
00524e6
7fb163c
7faa321
7fc56f5
7fa8eb0
7fb606b
0093250
7fff7b3
0007a8a
7feb594
0033244
0004a74
7faf235
7ff9cda
7fb0b45
7f9df7f
00a21bf
0016adb
003735e
7fce7a6
7ff243c
003c826
009d7be
7fbcdfb
7fb34d6
00492d4
7ff080a
7ff0925
00079cc
7f7f0fe
0043bc1
0012e91
7ff4685
7fbce8e
7fde3e9
0135caa
7ff8206
00090b7
009fe51
0053504
0019178
0030241
00a58f2
001eed7
7f431f9
7fcbae8
7ff7ee6
006d599
0057b04
7f7f1b5
7fba8a2
0076a32
7fdd162
7fa6d9e
008f883
001f306
008bca6
7f86a74
7fe7f64
0044267
7fcbab5
0037001
0021a27
000bf18
7fb5124
000e72a
7fbb874
7fa21fe
7fc3531
000bbfd
0039217
0002019
0033f23
001ba10
00133e2
7fc9934
000a7e2
0050ed3
7fc6b42
7fd4f39
003b820
7fa7c43
7fcac40
7febb06
7fd34c8
7f509f3
7f91a06
7f9c30f
7fa3c06
7fc1980
000eb43
7fba7c5
7f6f854
00732ae
002bcdd
00785bc
00c587d
00254db
00364de
7f8a3a9
00beffa
7fd11cd
7fd1fe7
7fceb73
7fd4b26
7ff4a12
00044bc
0019ef1
00297bf
00785f3
00ce54c
7fc049c
7fc8f16
7fd3797
0032382
00406fc
7fc3925
000a414
003a156
7f77000
7fea1bf
7fa3739
7f8bc83
7fe376d
00f5d25
7ff3f1e
0024727
0035832
005f9a0
0017500
7fdd0c7
004a723
7fab893
7f73b66
7fbdf08
7f81417
00b8a91
7fc5bc1
004c067
7f945ad
7f67dbe
00117e6
0096fd4
7fda7c8
003cd4b
000458b
002d21e
0058d02
0035303
007d935
001bdf4
7f69f64
005c09b
002cd81
0050cb7
0052ab5
7f79ea8
7fda893
7f60184
7ff89e0
003f7bc
00437ef
7fda5c6
00051ae
7fddaa1
003096f
7f964e8
7fc5f1d
7fa768a
0009255
00050f6
0055c8b
00be235
7ff0f82
7fdab12
7ff18bc
7fcdceb
002d04b
7fdd9f4
7fe14f1
00121d5
0041285
7fe238f
7f80ee0
7f7baa9
7fb9f06
00263ba
7f3e549
7f9a954
7feb67b
0005aff
7fe03bf
7fd93fc
7fa5ced
00382ed
7fd8e70
7fa8d92
0060ad3
000e985
7f5c01a
00294de
000f466
00106de
00345f6
000653b
0024abf
0015395
0042933
7fb2a80
002899f
7f9517c
0032530
005b49e
7ffcced
7fb6380
00156fc
7f9c2a7
7fef64e
006269c
7faa6a6
001ce4a
7f52cb3
7fef9c6
005dc93
003890b
7fa06d8
7fb5090
0022ebc
7fbb918
7f86f3d
7f6f6a4
7fe20f3
0023c9a
7fc52df
000b3d5
0007a96
7f210c5
7ffc8e3
0083d20
00c7fcd
7fb0ff7
7fe68a3
7ffe8c2
7fcc299
004171a
7fefdd3
7ffb7db
7fdce63
7ff0b89
0012724
7fe76d8
0029e09
7f9abf3
7f924fc
7fb35d3
7fbecfb
0007776
0072073
002c231
7f91f04
7fc118c
7f942e2
7ff5317
7fc9da1
7fba5b8
0024c73
7ff5c7e
7f8f71d
7ff7962
7fd26bd
7fc8cfe
7fdd032
006a65d
7fc84fd
004b8ba
0064073
0033e15
0073c45
7fac3e7
0028fbf
00a1ccf
00bfb71
00eeb0e
002e637
00186ff
007d00a
0001765
005ba99
0072371
00ae3a4
0011a58
00a742e
002a7dc
7f7359c
7f725ca
0035d61
007f7e8
00324db
00042e8
001615f
002ee2b
008dda7
7f92188
7f7ab5e
0041a10
0011eaa
7fb1a5a
7fd47a4
7ffb731
0057215
002240b
0020a8f
00540ed
7fbe368
000b61f
7fa2481
00459a8
00217c1
7fb94d3
7f92ba1
7f9d53b
003e25f
7feeacd
00590e3
005e62b
7fc11a1
7fc7f55
7ffeb8f
7fecb86
0003f14
00112bd
7fa4f02
000e36a
7faa7c8
00050e6
7fdf287
7fc2e52
006dd98
7f80e70
7fd93f5
7ff44a7
7fc4ed0
0000f02
7faab3b
000976d
7f87684
0040713
7f5bd7d
0048138
7f92f91
7f84586
7f71749
7fd153a
7fde2b0
003455a
7fe03cf
7f8d01b
7fdab38
7fdaa4e
00233ae
000468a
7fd6669
7ff25bd
7fd0473
001f76d
0022b81
00746b9
0069a9b
7fc4df6
005123e
00d7ceb
0089967
00094a4
7fe8fd6
7fc00a2
00523f8
7fe9901
7f6a711
003a926
7feee56
00b4f22
7f8c6b1
0072355
004b0a6
7fb7e04
000a947
001b903
0056b08
00d5123
009c099
7fddfa5
7fcf7a7
00944d2
7f7c3a8
7fde361
7fb5416
7fea9bd
7fb7d6a
7f23508
7f44704
7fd2aac
7f9e24f
7ff39ad
7fe7aa2
7fadec0
7f7aea2
7fe0c3a
00629bb
7f93f4e
7fd4fa7
7f83be0
7fd334a
00180da
00728c9
00c7403
7fa3a9d
0030c64
7faf104
0029f4f
004ff7a
7fcb9cd
7feb524
00b6f87
005583b
7f8a595
7f911aa
0031cff
00187d8
00b2eea
7fcd625
00a758f
7ffab63
009779d
0028de7
7fea2d1
7fb4015
7fdcdac
00a3dc6
004813a
00156dc
7ffb20b
007c886
7eeb83a
00855ec
0020a0e
0037e47
7ffc3e4
0022bb1
003ef23
003ff22
0040f9b
7fc0bc2
0011aa5
7ffffce
7fd6ee3
7fe2702
0038f24
001ec2a
0055593
004821e
7ede044
7fc566b
7f675e8
003ae5b
00689cb
7f9faa8
7fe040d
7fecae3
00456ef
7f8b08e
00adabf
00c9157
006dd3e
7faada9
7fd464d
006b958
7fc2e31
7fccd41
7ff4e27
7f80aea
002cbf3
00767dd
7fb5ef0
0055569
001a8d2
007be77
007bcd8
005f3ca
7ffbd1d
0058471
7fe685a
7f83b0f
007407c
000371e
0022493
001a06c
7fa523c
001046d
003c5ab
004ffcf
7fac314
7f39f4d
00501a0
7fed87c
0045e2c
00502bd
006dc0a
00a51a1
7fcdd42
7fff82b
7fe9126
0052c2a
004ac46
7fedf10
7fe4b48
7fd22c4
00052f8
00599ee
007dfbc
7fe7682
7ff7cef
7f7139d
7f8d3ca
004bf2a
001e152
7fb5d8a
004aa61
0059596
7ffbd97
0029d91
7fe36f9
7fdce6a
7fcebc3
7fe38ab
004ea85
0088af2
7f7e6a2
0094f80
0004fc5
00b044a
00021b1
7fca2b9
7fa26f0
7febf2e
004170f
00030d2
00280e3
7fd4897
0027ed0
7ffbd6b
001ed03
7fb8e41
005b16e
0087935
7fc5c93
0058dd1
7ffc90a
7f87974
7fc9dc5
00b69f3
004f7f9
7f466f8
0043e82
7fe893c
003b164
7ff494f
7ff7aba
004378c
7fe482d
7f7fd14
0039939
009b65e
0060cc5
00131eb
7fc4b15
0036b2a
002f120
00b9ae6
7fe6006
7fe5232
000ab7d
003701d
7fc6211
00102a5
7f6231a
00016f7
005a1a6
0083ccc
7fb3fbe
7faeaad
7ff04f6
000c080
0024f91
7fc148d
7fe8f3d
7fb918f
0067d77
0071fa1
00417ee
7feb7db
006e532
0056661
7f966f8
7fee86e
7f5441a
0005857
008c685
7f68e71
7ff3b16
7fdf503
7f6ce44
006b152
00137ed
7f9376b
7fb7aaf
7ff214e
7ffee37
7fd85e7
00fdef8
001707b
7faaf22
7fdcd05
002fc2c
7fbf6a1
001f759
7ffd3b6
7fce4c9
7fc3898
00015ce
0051c3c
7fe025d
00281b0
001c4bf
0061541
7fb291e
7fd1731
006366f
00316a3
0002554
7fd360b
0015d9d
7feadb4
0010211
7fe7c91
00358c5
7f99380
0013a99
7ffae1b
7f77a4f
7fc7185
7f7caf6
7f96c0a
0003495
7fe173c
008ccbc
000f65e
7f4f0f4
7feaecf
003f821
7f0de8b
7f8e519
0002b82
0070e9a
006c3af
0010a77
002a4c3
000c000
00df16e
000b3fc
0007c5e
00a3fc1
7fb1d59
00aaabe
7fc63a4
0024345
0011860
002ba6e
7fcc9d9
7ffef59
001e308
7fb9848
00277b2
7f7d334
002c8b7
006d352
0052120
00146a5
7fee4b6
0041f8f
7fd2b1c
0016e85
7feaed8
7fdc24b
7fb03dd
00696b6
002a542
005a2bc
7f85f87
7ff27e9
7f9cefe
7f5beac
00259bf
0004c6b
007130c
7fe5f83
000f4c0
0023407
7fcc1ec
7fc0fce
7fec594
7fa6a96
0017109
0001eb7
0038fdb
006e133
000fec6
008a747
001a127
7f7e0ee
004385c
006e22c
7f7accf
7fc5c91
7fe7dd6
7fa0e77
0057db7
006f4a3
00b2854
7fa434f
0066b36
7fc84a2
7ff6d7a
00d8d7b
7fefab8
0000195
7fb2670
005ac5a
0033679
00246c4
7fdfcea
0047028
00935a3
0005618
7fc4e50
0017ac6
7fb3fe9
7fbc972
7fc17af
7f77627
7faed2c
0051b6b
7fc5972
7f7a740
00048f1
7f40be9
7ffaff6
001f3e7
7fa0cff
7fdf529
7f23ce8
7fd26a1
7f7b209
7ff0e80
0031e32
7fed8ce
7ff344f
008323e
0055b3c
7f46452
00447ff
006adf9
00a3044
0041ff7
7f84940
004ca7a
001c43c
7fde47b
7f8247d
001f98e
7fb6588
7fd4896
7f66618
7fd8217
00501f3
7fb88ba
0082834
0027748
7f846a8
005f4b9
7fe1dad
0025ae9
7fbe42d
004cf6f
7fd6d1d
7fbd0fd
7fa4b1d
7fbbe7f
004733c
000019f
7fbd197
00784f1
7faf694
7efe199
7fe82fc
00452c3
00261ba
002981d
7fc5316
7feb30c
005acf7
000b65b
0047a92
7fa3431
0029b8e
7f08147
7ffc234
001b5f8
00818e6
7fd1acd
7fe496e
00a9a8e
7f9fadb
7fa18b1
003b23e
7feb8ca
0015219
7f9a577
0002773
0042e1f
7ed61a1
7fab729
7ffe3b2
7fb53f7
006f4d6
7fc8a29
000d1a3
002496b
002824c
004bd9b
002669c
0077df0
7fde810
002d1b2
7f6d30d
7ffed42
0010fad
7fb0f79
006bf9a
0013446
7ffd4cb
7f8aee5
7ff96bd
0021fd4
7f5cd41
00952f5
0080f33
7fc9e20
7fdc675
002f1c3
0076d2a
7f969e2
7f64fb2
0017f77
7fd59eb
7f85d32
008a157
008ea03
0030451
0051e44
7ff33ca
7fe260a
7fb9c07
7f1ee6e
008db3b
7fa89d6
0045335
0049c35
7fbfb17
0093551
0003ec0
0013f34
001972e
008b8bb
7f6d2ce
7fc2b33
7ffda70
003691c
7fd6b48
7fe84f5
7f5cff3
7fa04ef
7fd071b
001c700
7fc240f
7ffb0a8
0080dc9
7f67a90
7f80054
00c1520
0023ceb
7f400fe
003fcc7
008eea5
00f680c
7ff7b29
00194a2
0059a72
00bc77a
7fe612d
7ffa0a2
00b1710
7fc0c72
7fb1dfe
001e098
7fac045
7fd0735
00094b5
7f73b9c
7fe4346
7fecd33
00606f1
7f8d561
7f4b7f8
7fbc998
005e724
0068c2c
7fbafd3
0044f24
0029f76
00adf1a
004a7d4
7f5ba1e
005c8fe
003f98a
0071d7b
7f8f9fb
7f65577
0011b04
001d10e
001f93f
7ffd3bc
7f60756
7fea1bd
00bd036
008b3ef
7fac6ee
001ecc5
7f75e7e
7fd5ba8
00479e3
7fd150c
0011021
7fc7dea
7fbc7e5
007c689
007e07b
7ff247f
0043957
7fe103c
000e994
0089fde
003f649
005703e
7fb85d0
7fac578
7fa661e
004c4db
7ff888a
0073866
7fe6682
00668de
0010fce
002e90a
008d578
7fb52a5
00b373c
7fa1914
7fcf986
0028dfb
00708a6
7fb19d1
0038b04
7fc67d5
0051f01
7fea2b6
7fc7470
7fb8c88
0091e29
7fbd9aa
7fa9ad5
0023294
7f4f49c
7fffbc3
7fcb652
004b3e8
0010378
7fd34bb
003649c
005edd2
7fef0f6
004ae69
7fcee11
7f83f65
00e5545
00a0286
002ceda
000bfb9
0006856
002ebd4
0091c57
0011281
7fa8e47
7fb65d5
002e153
00183d3
003fa8a
0076fed
7fc80d3
7ffdc5c
7fc3ed3
7f45f5c
002bfe4
0054ff2
0037321
0029970
008c9cb
7f86c61
7f7a2f4
003f422
00070cf
000587a
0052238
7fdd193
000abab
7f872c3
007fee4
7f87b67
7fa4c17
7fe16e8
7fe3498
006a2e2
7efb424
7feeaa9
00573af
7fee7e7
004059c
0005894
0081572
0035809
7fded2e
7fd3d01
7fbd937
7fd59c6
7f7c29a
000d4ae
7fe9947
7fa6291
7fec869
0062d3d
7fa18e6
7f85cff
7fdc70d
7fa0913
7fbeb84
00488da
00b223e
00ffb65
008c402
7f5ba55
0058eef
000183a
00e84bb
0057958
0005ce4
7f88cab
0055c40
000fe08
00140df
7ffac15
0018765
7fe780a
0017e67
001e801
0036e3b
0033eba
7fd7fd8
000ee98
00239eb
7fc6af3
0066761
7fd93d7
0039cce
7fa3ac3
003350b
005ffd1
002db28
7f9fb85
000f43b
0009b7d
001c2e1
7f5ab22
7ef0c6d
7fe3d1d
7ffa9ff
004c9f0
7fc933f
7f6b735
002b41f
7fd3faa
7f8f064
7ff3448
7ffad7a
7fa1354
0074259
7fd19a0
7fefbc9
0039c42
003110c
7ff1c00
0056e4a
7fe63f1
0041fc3
0010224
7f8a9e4
7fef176
7fbe687
7ffce57
001eb79
7fd6eb6
7fa0386
7f9fc45
7fcd4ed
002c42f
0020c7b
7fa1de1
7fcd116
7fac641
0020dac
0077e3c
7f5b7c8
7fcd061
7fa1325
7ff5d8b
7f651fd
7fbbca9
0042542
005b65d
7fd15da
7fe640b
7fc9af1
002e42f
0021f4f
006997a
0017ffc
7f849e0
7f9e9cd
009c7dc
006a075
0017969
0084354
00358e7
7f4aac5
0018e6b
7fb16fb
7f73f48
004e264
00499d0
7fd1e7f
7f0037f
002b0e1
003ce7f
005f453
7fb5053
003bc61
0003871
7fc20a1
7f86c53
003ec1f
00511e0
00477ea
7fe878e
00d1fb2
7f4671b
7f962b7
7fc4ad4
7fbc8fc
7fbc2a0
7ff3f13
7ffae98
005b1f5
7fe0116
0006097
7fc30d0
000e0fd
7ff7840
002d9d0
7faadd8
7fffabf
0059a7d
7fb9da6
00b42a5
7f9b0ea
000dc1d
003822c
009eba3
000e758
7f95f4e
006791b
00840f2
7faf312
003e538
00141f5
00589bf
7fb6fc1
7f8ea8b
0029753
7fa928c
7fea596
7fc155a
00665bc
002db20
7f8cae4
0006ee0
7fe2bf6
7f7d17f
7fb9a29
7f6d1b2
0081c63
7ff3eb0
007966a
7f68696
0055eeb
7f2a143
7ff7871
7ff141e
0030f32
003e205
7efabba
7fdb3ab
007cdca
000bd51
0022e14
0022ab0
7fbe3ba
7faf698
7faab61
009ee30
7fcf038
005b9f7
0009ac1
7fe41ad
7fd3911
0002d9b
0032597
7fb102a
7fd5da3
000649d
0028b84
7f7b437
005832c
7ff85e2
005269c
7f85679
7fab079
0037a68
7fdac85
7febcd2
7fc80dd
7ff2a44
00b59af
00872fa
00a05dc
004a43d
7fdacf1
000e556
002fd66
002c704
7fbadac
008ffca
7ffb9b0
7f46da9
7fef173
007276f
002aeb3
7f7b2ce
7fef3cc
0076d05
0070005
7fcb7dc
004c278
7f7c080
7fa3ad4
7fd50c1
7faadfa
003b05a
0004e1b
002da1e
008e96d
001ef47
7f99c0c
7fc3611
0037e07
003ef88
00bef69
0064fc8
0029a01
0033354
00691ef
001471d
00424a5
7fd3eda
00521df
7f6f5c2
7fb05ee
7fd593a
7fa6568
7fde0f4
007d196
7fa2dc1
7fddfd3
7fabbb3
009569c
000c6d7
01166a0
00267ca
0013c1c
007078f
0024c8e
0002c74
7fbdf0f
7fb5d39
7ffe891
009a63c
002a91d
7fbb4f2
00b40fa
7faedf5
007e71f
7fbd409
007eb9c
0038a37
7fa3786
7f8e392
0050109
7fe07b1
002d5d6
0013aeb
7fecbf1
007da64
7f8be48
7fe963d
007a524
7fd7495
7fbb3c9
00704b9
001a213
7fddf53
7f9f553
005589d
000b9ba
7ff25a5
00857f1
002aecd
000cf75
7fbda89
000a0ed
7fad3ad
0009022
00094fb
7fc3031
7faf0a3
00383a7
7fa9ff2
004b851
7f6db3f
001141c
003e7fc
0039693
005345e
7fc58e5
7fa41bf
002d7a8
7f2dfc5
7fe1bba
7fef0b3
00640a1
00054b7
0045606
7f9bd00
0046e55
7fb00d7
0030be1
00991e4
008098e
7fffacb
000ea9d
7ff2bb1
7f4f2b6
7ffb77b
000f970
7f749e5
7fdc323
003b8e8
7ffa1b9
0011515
7fe016f
002d723
00297b8
7fe3557
7fe083b
000ae82
7fc9ae4
7ff9c20
0076ee2
7fefc7a
7f45a35
002c27a
7fbd87a
7ff6842
00232ea
002d007
005aa99
0094e3c
002d23d
7f86508
7fd93f0
005b9d9
7ffbcb4
004d4fa
7fe37af
002bb8c
7ffca2e
7fc77b7
003e07f
7f84875
7ff3a2f
7fecd52
7fba629
7fdbea5
7fb12e9
00ab568
008c1c0
7fd8bec
000b011
7fcbdfd
000bcdc
0030b3a
003b11e
7fde1eb
0061946
0016bbe
00064f0
7f918fc
7f71194
7fe9981
004c767
003cd22
7ff76ee
006252b
0042049
7fea8dd
7fc44eb
009005f
7fd88d6
0013ae3
005e5fe
7fe9a5d
00d49c9
0029619
7ff45bf
7fe3a4a
7fcfa99
7f56b5b
005ed4e
7fca680
00206ce
000397a
003f5af
000438a
0010dd9
7f8c952
7fbca51
0072ed5
7fd45ba
7ff9687
009ee25
7fbc161
00189b3
0096b27
7fc2f4b
7fe7b6d
0023c3c
7fab44d
00284b3
002d4a5
00143f0
002e33c
005cba6
008381f
0007ed4
7fdc646
00207d3
7f6620b
0015c64
7fdbd13
7fd91be
0032744
7f9b50e
002316d
7fd4b8a
00355f7
000ca5f
7fd4705
7ff8022
7fd4335
0013cb5
003cdd7
0047cce
0010b19
7fab1fa
7f25d25
7fc113a
0016497
0009dc9
004e929
0082e3b
7fefdd4
00345cd
00347fd
7fc2fcb
7ff90f5
7f7767a
7fdb8e8
7fabcc0
7fa35e2
7f92441
0071acd
7f5b377
008f0e0
002005a
7fb40ef
0052a8a
000d30c
7fc2bd7
7fc0a5f
00403f6
00c1a31
7fe0ba5
004ee97
0017415
00683c5
7fbfd33
000b9f5
00182ca
0041402
7fd08fb
7ff6484
7fcc2e0
0041ce3
7f9c9a5
7fe9ea2
0027c79
7fb4e9b
00d511f
7fe5713
00b9816
000c985
00589a6
0023420
006c489
7fa81c6
7f8004a
0022561
0011169
000b4eb
0055224
00190df
0002576
0019e8f
7fc0e69
7f2a102
7fb1738
7f91caf
004a69e
000a1e3
00234eb
7f1f291
00c2e83
7fbef84
0023a4a
7fd2f62
0068753
7fd4bd8
0072a83
7fdd66d
7fb779d
002c302
7f65468
00f73f5
7fc7822
0032ab7
0046205
00288f8
000e5be
7fa3243
00a1812
007737b
7fa4585
0027fc9
7fb36f3
002af1d
7feb73f
7ff8452
7fed6bb
7fe6d24
000b9d8
7fe43f6
7fc93e2
002645c
7f3adb1
0028d02
003519c
7f3aadf
7ff8000
7fec1db
7fba53e
00ac180
00376a9
009d449
7fb7eb7
0064918
0057181
005f7d3
7fcc42c
7fba5d2
7f952ff
0069220
0010b0d
7f6ff52
7fae690
0015139
7ff80e0
7fcaa8a
7ff68dc
7fc4353
0007d35
00844c9
00365b2
000af57
7f9e425
7fcc068
7f6880b
00992b9
7faa17c
0059535
000bcf2
002837a
0072f50
009b222
7f9a0d1
000bf66
7f99d1c
006face
7fe87b3
7fb79b5
0050e43
7faf928
7fe7cb0
003d0d3
7ffbd87
7fd5c0d
004459f
001815f
7f9d764
7f8fe95
00534a7
7faf58b
005f627
7f6f73b
7fd8a8d
0014f2d
00074a3
7fcb85b
008da87
0043294
7fee9b1
001b012
003a30f
7fd2814
0011644
7fd09b4
005722c
7ff0208
7fb4fd3
003851f
7fb47f6
00196a5
7fd6acc
7fcb91e
00126b3
0030734
000ccdd
00eefa4
7faa131
0046346
003fe64
7fe71c4
008dbe6
0047e51
7fa65fe
007928c
7fcdfdb
0020e2e
00a13a1
7fc472c
7ff49f8
7fe4d8b
7f7a573
000325e
7fe33a2
0043ede
7ff4817
00149ea
002c426
0071c09
7fb51ff
7fe2b97
7f8d689
0034109
004fb76
00aacba
0061027
7fbda45
0014b91
0002aa0
00a473d
0069fb5
003d08d
002ff80
7fe030d
7f8c469
000f47b
7f4efff
7ff9c13
004293b
00344ba
7fa5e50
7fc8c8c
00453e0
7fbe8da
7f723c7
00412f5
0018eb7
0075811
0038a26
0057bf1
7ff2308
0052fa8
7f374b4
7fe662d
000f30f
0027b48
7ffd065
7fc6921
7fc5323
001a557
0021490
7fdca1e
0015d6b
0099f79
7fa3cfa
003c44d
0059b9d
005f86b
7fc2493
00506d9
003da5c
0052b2d
7fe81dc
005ca0c
7fb84f2
0012916
7f1701d
7fc1423
0011bd4
7f4e3c0
7fba594
7fdefa9
7fd0e1d
001e9a4
00b0bcb
7ff3b02
000c1f4
0002d43
7ffdefd
0009b7c
00a8dac
001d9d5
004af9c
7fca707
7fc3caf
7f719da
7ffac0a
7fe1d8c
008a290
000f314
7fe16d1
0004785
009fc72
000f23a
00439a6
0069d09
7fe3191
000f319
7fc4127
0030f95
003cc86
7ffe7e1
7f354f8
7fa7fe6
7fec6de
0069368
00a0eec
7fe4b39
7fba2fe
7fded8f
005e5ac
7fd482d
7ff859a
001da67
0058d5e
7ffaacc
7fd8a71
007ce95
0025d0c
0088452
7f8be1e
0079551
00652a2
7f97bd5
7fcd6cd
7fffa27
0026384
7fac95b
7fd9057
7fd30dd
7fc56ff
7ffb7e4
003fcc6
0041853
00d1e12
7ff1db2
00c073f
7f820a2
0087ca3
7fb6d49
00b5ae6
7fa1710
0000c87
7ff4ae6
00447fe
00793b0
7fafb2f
00c2172
0035e29
004a220
0037ef3
7f928d2
7fb70dc
0056509
00446c8
7f8776a
7f7c3eb
0045cc8
7f99992
0028bd8
002c1f1
7f8f17e
7fe78e6
7fabaac
00338ff
0043412
00698b2
004ccd7
0013ce2
7f59dd3
005f942
7f80b4e
0065a73
000a40c
005d683
7fc927f
0025008
000bac9
7fd376b
0016f23
000aa81
7fb4860
005fec1
7f87f0b
0044448
002f986
00227b6
003ad21
004a8f3
007fa7a
7fbec8d
7ff9f45
004bfe6
004fff4
7f6ed6a
7fe61c0
7f5f765
0051a7f
002ed53
0014d96
002ad5d
7fbb5ba
002550b
001c64b
004fa91
0011ba1
7fb5bb1
00344a2
007a28e
7fbcae8
7fd12c4
7ff5fb4
00ab89f
00506bc
7f9230e
00414b9
7feafe4
7fce5f5
7fdb0cd
7f784f7
7fadf05
00d5772
7fcb2a5
7fc5ab5
7f96a27
002def8
7fd57d7
0025b5b
7fe7628
7f9a6b9
0031553
003bb93
0057d9c
000c33f
003c3f2
00044b4
00785ad
7fd9e55
7f8dd88
007a9f6
0049290
7fa8697
0015250
001bc4a
005f8fc
001a084
0024eb7
0008d75
7f8cefd
7fa81f3
008958e
7fcbe94
00668d5
004d1ab
002e868
0068f73
0042c67
0028d57
0041a93
7ff1e1e
7fd826e
007dac1
002acdb
006b90d
7fc4a02
7f7bc23
7fa824d
7fe25d6
002297e
7fd92db
7f4fba1
7ffc9f0
004d202
7f7b1e9
0096e3b
7fbd5ee
7f4e52c
7ffd5e4
7feea70
7fe643b
0081cc9
7f6611a
7f8ebdf
7f8ab7f
7fc05d7
7fe6558
006622e
00e4b64
0022b20
005430e
007c9d7
0045c02
7fe5291
7fbbabe
000508d
7fbc566
7fc1d9d
7fc1dc9
0018db1
7fcd5b1
004a92f
00286fb
7fd9d54
006d14e
7fee599
7fb99c7
7fdfbcf
7f971b5
001464a
0027359
7ff1b9a
002ec90
005ef83
7fe23e9
7ffb479
001a0e4
0078a36
005bd4e
003a62b
7f8a0f8
7f5d84c
00114d3
0062992
000ae6f
0005088
00705be
7fefc99
7f748e8
0061db5
0047b7b
7fd62f0
7fed1e1
7f854c7
7fbe521
7ffe7cd
7feed77
00201fe
0022961
0051c64
00091ec
00139ca
7f398b1
7fc1b79
7fcae49
7fbbc10
7fbc4ff
7fa3dba
7fe2c24
7f62636
7fe85ba
0006288
7f97837
7feb3e3
001d421
005ee9c
0065303
002aa4a
0006ad8
000ddb6
7f9c004
7fbb909
0040f53
7fed97e
7ff23b8
0006ec0
0030654
7fea813
7fa6cff
7fd1bcd
7fc46cf
7f8faa6
004e66f
7ff2d01
7fa914d
7fffd2e
00042a4
0039ed8
7f94f45
7f8bc1d
003a778
7f8d0ca
005e0dd
7fe21d6
7fe31ac
0004835
7fdcba9
009f216
0042bb0
7f9e676
00056af
7f941a0
7fe63e0
0011766
7fd0243
7f762eb
0021686
008cf78
7fb87df
7f93cea
7fe7c95
7fcd02e
7fd4e2d
004f21c
0064952
0016b76
7ffe6c8
00005c1
0001cf5
007fbe7
0005cf3
000fa0c
7ff4f97
00171ab
7f9ea93
0039907
7f68ab4
0099107
002840a
7ff208d
006e7c4
7fcd9f2
7fe73b9
7f58225
00236f3
7fb2fec
7fcd9f4
7fd692a
7fad5cc
002900f
004632c
0069ae0
0037d1b
7fed3e2
007501d
0064f2e
7fdb7ac
00241c8
0061f3b
0033a96
7fc3b99
7fdc46b
0010f9b
0050d17
00258c5
7f6e733
7f6409c
7ffee22
7fc10b3
0037058
7f90324
7ff6922
7ff28c1
7f99721
0077e63
005020c
00301da
007dc06
0040247
7fc60fa
0079172
7fce8ef
005e726
7fda54b
0034225
003fa4b
002bc79
0046c8f
7f96bb7
003b80c
7f638f3
7fe2afe
00a9640
7fe6cd0
00571a8
7f52818
0069f50
0013dc2
0097127
00da81c
0087fcc
7fe6463
0005af5
7f52af6
00863d5
000a1d9
7f9bb3c
0047fac
7fc8ff2
00531b8
7fe65d1
002d0d2
0002211
0030c3b
7fda0fb
000907b
7fe4f14
7fdb775
7fdf2d2
7ff6dc3
001519a
001e663
7fb359b
005711a
0037fff
002a1b5
7fcb769
7f50417
7f72e87
003942b
0009bf4
7ff2f1e
7f83bb9
0051104
004e126
7fdf7a9
0043ffb
7fcb5e7
004ba22
0011e02
000a855
004379b
000608c
00c9f33
7f6df86
7f37845
0030908
000bdce
7fa3f6e
001457d
00428ee
7fdd8d2
7ff796e
7fe164b
7f38742
0014ffd
004b0be
0017b93
7fef396
000e623
005ac0b
000d127
7f94aa8
0020149
7f02a21
7fc7ea8
7fe3c3a
002104b
0033275
7fd6764
002f0a1
00490e6
7f8827e
7f6b15d
7f9f980
7fc9622
002771a
7ffaa14
005ad40
0036d66
7fe0087
00121a7
7feb9e3
7fea65e
7fd3110
7fd6723
0009052
0081765
7f9cd45
7fc2067
7fc51f0
001a905
0022e8a
001a7cf
002c5b6
7fc1c44
004d49c
001621a
0120724
7fecff5
7fa8684
0072beb
006b81b
00413fb
7f96fe5
7fa3225
7fc6d91
7ff0685
001c01f
7fdbc04
7fe9580
00582e1
003456f
007c507
7fd4fb7
7f954a8
7fe0776
003465f
7fc0218
7fd030e
7fff134
0004e68
7fd2c3e
7fd078e
00a19e4
000815d
0067505
7f7db5f
7fe5ea0
00241f8
7fbc0a7
7fcdc3b
002ab19
0023666
0084fa0
7fc2a54
7ff6c46
0047db9
0011ff6
0046d4b
7fcbdf1
00262a0
7fb1340
7fdebbd
7f62b10
7fc00b2
001a0aa
0003984
7fbd5d7
002299a
000d8ef
00157d6
0005392
7ff8842
00395bb
003773c
7fbb2b3
004bbc9
00a88bc
7fcfc94
0016cc0
0006b99
7f8aa4a
0025fa2
003d98a
000b921
007eafb
0007660
7ffeade
7f82325
000a0c8
7fbedf5
7fb94c0
0052c24
7feaf6d
7fdae47
003d973
0034859
0060221
7fd7156
0012401
7fbdcbb
7fa594c
7f7e279
0053dd6
00082f8
002d1c1
002b8ff
001a03a
001af98
7fe98d4
7fe0766
7fd8ba4
7fa081d
7fbeaf8
00376a8
00528bd
7ff7258
7fbc504
7fee416
0020a5d
7fdb1d5
00dcc97
7ffccba
0046f4f
003bb18
004b700
009fa09
7fee986
00baf73
7ff9d30
0078590
7fad44a
7fcf941
0071e7f
7f638f7
0027bda
7faab76
7fc0088
007e918
001dd42
7ffcb1d
7fb6dd8
0022769
7f7a3bc
006c8ab
0074673
7fe88da
0069297
7fdda73
7f85610
0005bc6
00704bf
7f8a7fb
001d044
0016117
7f917cb
0019f13
002671a
7ff3d88
7faa6e4
7f85921
7fea300
002bf00
7feb512
7f6840c
0002cfe
7ff3a5e
0088ac8
7fc7ddd
00550b6
7f8de0c
7f537c6
00540b5
003c2c2
0007d2a
7fc333a
7fe6945
004ea6b
005161f
7fdd107
004f20e
7ff7a43
7ff3313
7fe0361
7fbd376
7fdfba4
7fecd49
003e354
00121c0
7fc266d
7fb3ce1
7ff05fa
7ffc1dc
7fdc840
001c89e
00115f1
001e6f6
7f6128f
7f5841d
7fe237c
001adc7
7fa6e74
7ffe464
7fe4e95
00342bd
003cda8
7fcb004
7ff0c99
7f7c364
7f97c83
7f48ab2
7fdab03
7fc356d
7f8421c
001a565
7fc381c
7fc2072
0057813
007d59b
003b5dd
004e564
7f9a932
003a578
7fd49eb
0025220
7fe1360
7fce0a0
005b8bf
004aba3
7fd84e1
0014ede
7fdf06e
7fb7451
0036931
0024d07
7fceec8
7f30ce2
001359e
7fabe07
7fcad8d
00813c4
7f843be
7faf02e
7f46455
7fbe1cd
7fa4727
7ff9010
7fedac3
0043f0d
00547d6
0128167
7fb326d
7fa92fc
7f6bfe6
00b618a
7fbb985
002edbf
00394a0
7fc0399
7fa5dc2
7fe87b8
00e4c38
00471b0
7fd99af
7f9be86
002f359
003c007
7fc50ca
0033aae
00305e8
004145a
7fcb0bd
00295d5
7fec051
7f73b40
00327a9
7f7e11a
00203cd
7f86871
7ff403d
7fef75c
7ff76e5
7f3cf7f
00c79b0
7fb9a25
003342f
00399fe
7fd8dfb
7fe74ef
000f42d
0076ae7
00745a7
7fba0aa
0043d7a
7ff85aa
001ae3d
7ffb790
0067ef1
7ffea85
005a35e
002fa63
7fd6f92
7ffb413
0049fbc
00d1e68
00735d4
7fd2667
7f2a29d
7fcf698
7f920b7
7f8aba8
00553be
00353f0
7fe3fac
7fba1cc
00924a5
0035627
003ffcf
003d15b
7ff1b88
000f8d7
7f8fc70
006db89
7fc58ea
7ff8bbc
0029b27
7fc06c5
005645a
7fe061d
005dadc
0032e76
003c57c
7fda7ef
7fc643f
7f7a311
0058117
7f65de9
7fd164e
7f9c20a
7fbf452
7f8d556
7fb3532
00016c7
7fc7967
00482e4
7fce493
7f7c461
00995d4
003568b
00010b3
7f690e5
003c8ab
7fae9e4
7fcf89c
00174e0
7ef3dcd
0021de2
7fc5db3
0022805
0080adc
7fec06d
000df84
0014db5
7f90882
7f76894
7fc0e06
7fcadb6
0030842
00286b3
0023699
006a8a2
7f95683
7fed74a
7fc96e9
00a48be
00335e1
7fa1b37
7fa6562
7ff8bc0
7fda5e2
7fd54cc
002f3f7
00741f9
7ffd604
7feb58c
0043602
7f542b3
7f5fd32
000602a
7fce837
7fd1fd6
7f4d870
001fe04
00406dc
7f91e7a
7fc3697
7fc286c
002e35c
7fc7629
00e0a8c
7ffeb05
7eeb64a
003262a
7f7d6b4
7fd6dd7
7f40ceb
0094dcc
0000706
00289d4
0033f75
7ffdcbd
0054a40
7f63522
0046bf9
7fc2c19
7fcbbb7
001c2a9
00a8d0a
7f892a0
002617a
002b63c
0088b2c
7ffed84
7f9e04a
004da0f
7fbffc7
0093ea6
7f8bb04
7fe1654
0016be7
7f776c8
7fbe54e
00b982e
0017fb5
008fe60
7fd3f30
0011be3
7faa316
00277cc
7f6c33f
7fbc8fe
7f6731d
007accf
000a679
7f80f7a
0006c88
7ff3c1f
0044fa8
0016ee3
7fb51f9
7f89802
7f868f5
0006ff4
7fef990
00207aa
002f997
0019f3b
7fdb828
7fe73d2
7f61913
7f95667
7fb81a8
00e32e8
7ff5dc4
002b75f
0099f12
7ff1585
7fe84ba
00e4dd8
7ff7ba0
7f00208
005c355
004f9e6
004eaf1
7fa6a63
000f1f2
7fc77ff
7fe9265
7fde1c7
7fe60f1
00147d0
0027426
7fa4098
0027a5d
007ec4e
7faba22
7fb1aeb
7ffdcb4
7f7b064
7fb445c
00631ac
008e00c
7fbb601
0043208
7fee957
7faccd0
7fdeee3
0066636
7f8371a
7fc8ed2
7ff8e86
7f99cbc
001927f
0003339
004532c
7fcb699
0004c24
0039cf7
00225df
7fecdd4
006de2a
7fe90a6
0031a2f
0020603
7fcfd46
00107e9
7fddecf
000eb9d
7fc3750
00051ef
7fa0668
001a1a5
7f80b36
7fe5aac
7fb63ea
00dcb39
0055c19
0047001
000a639
7f8808a
7f6ba8c
0002b21
7fa1068
7fecaa0
000b108
7fb656a
0079396
7f93fbd
7f5c502
7fc4bf9
7f8e240
00091c4
0000b46
00046fe
004db92
7f900b8
00083f7
7fddd94
0057256
002f7a2
7fd5ed1
7f688db
7fbf865
0006f17
7fb182f
0026b2c
7fe8c0e
7ff4676
001fb71
7fb930f
001eb45
00657f1
000100f
000e5c1
7fac05f
7f6db64
0026ffa
0008eb7
7fe1f47
0010266
004a10e
003659c
003e014
7ff76f0
002f3d3
7fa7ef3
00760c5
00be759
7ff2602
0012d3f
7fd6ec9
001cacd
7fbdba5
00207df
003c83c
7fd81eb
7fadf6e
7f3d751
7f2845e
7f5d29c
7fe2ee6
0035835
000f31a
00a1f38
0014fa3
7fc34a8
7ffa363
7fedfa8
000f8aa
000e89d
7fe6c45
002b261
006415c
7fa0223
006504b
0013884
0094891
0021437
7fbe260
005b5dc
7f92544
002b89a
005ecd0
003865e
7fd1914
002e89b
0009d9e
7fdbd56
7ffb626
7ffe932
0089147
0018d55
0041557
7fe1116
0081254
7fe5899
00b48ce
0037a6c
7fdc056
7fc7b36
0020d7e
7fafc19
0030a11
7f86a4d
007ae87
7fc6f3a
0008fff
00483ab
00477bd
0003269
7f7f85a
0048f29
001d66e
008ff54
7fb919c
0062ac7
7f90ade
7ffb8fb
7fc94db
00288c6
7ff9ce4
7f9b33d
00d2c71
7fca57c
00914bc
00c6978
7ff766c
001d7fe
0015667
7fafb57
0085cff
7ffaa3f
7fd5e3c
00a33e3
002b0ab
003f4e7
004546c
0051eb7
0052564
00c77e2
0036a13
7f9d555
7fccfe5
0073fef
0001495
0027d97
7fba85b
7fa82bd
7ffcb43
7ff31a9
007aaa7
7fd886a
7ff0cea
7fc31ba
7f48ccb
004fda1
7fafb64
0005802
7fdd4b1
7f9e3ae
7fcbf6e
7f72f89
7f43797
7fd78fa
00afac5
002db80
0024f53
7fcf88e
7fee025
7f4b880
002db42
0017d34
0027843
7ff80b5
7f55c64
7f97954
7fdd00b
002b551
7fd8ca2
0053721
00748e4
00120fc
7fe7ba0
0003681
00175b0
006a253
7fb67b4
7feddc2
7f94d88
0070fa6
006e3f1
002605f
0020128
003b096
7fce274
0018f91
7fb50d0
7fb097c
001e636
7fbb8c1
7fd08c2
7f97016
7fdeb0e
7fb3573
00554b5
7fe9705
001cb36
009f7ac
7fec9df
002f768
7fda243
0006e3f
7f90daa
0045e5b
009938b
7fd1fe4
0005495
0059217
7f4e2e3
0044f7b
7f98505
7f96b11
00037a9
7fab6ec
7f99c1b
7f9b4a3
00281fc
7fedfb4
0009458
7feb646
007f7f1
0077a47
005b88f
7fd14d1
7f55212
7f9b82e
0007319
7fd6d67
0002330
001b189
7fe70c5
0025e6c
7fedbb5
7ffb405
7fcb382
7fe7d28
0025d81
7fad39a
0048df8
7f3e228
0062b7e
7fcd6ff
7fc1d99
008ce20
7fb2ef4
006e6f0
002fad2
7ff3895
0067318
7fb5fb2
004349e
7ffecbb
7fed0dc
0014a81
0045241
7fd9dc7
00539e9
0059891
0047525
0029064
7fd397a
002674a
00504bc
7fe6f89
7fa26e4
7fff770
7ff6f77
7fe92fa
7f9d79b
0022c5f
7f51ed5
7fe0b55
0060833
7fc687c
7fb5fc8
7fbe89c
7fc9469
7fe2523
00083a2
0053fa0
000a48d
7fc6573
0019da1
7ff115f
004167a
7f86793
7fe6620
7faec70
0004278
00b2919
7f543de
7ff45a8
7fa193b
000ce68
008161d
7fed984
7fd8caf
7fb63e0
0088c01
7ff3b58
7fa3d9b
7fcdea1
7fa25f2
7fc51bb
7ff9b08
7fd998a
7f92ed2
0065be3
001dc1b
0034ada
7ffdcea
7ff0015
0002252
0013a20
7fe0511
001bd14
009b6dc
005993c
7fd4b32
7fa44ec
0005876
005b28f
0004c70
0031e05
0065125
0078b0a
0012559
0048f96
0023ed4
00aec55
0029afb
7fe927e
0032ab3
7fc87e3
000296d
7fb87b1
7fad1a7
00103aa
7fcb974
0044e86
000c1aa
004e0f1
7faafb9
002a273
7fbed11
7f99c2a
0065c14
7fd4b9e
7f8865a
7fa9c2c
0036697
7f99c3f
00526a3
0000885
0010347
00480e5
7fec9cb
7f22d1c
003b630
7ff6bb1
7fb9b89
7f6c546
7fef6f5
7fee7f0
7fd7b4c
7fec4b7
7fc317e
002cc46
0067bfb
0027605
7f66e01
000a399
0014d97
7fd8e5f
7fee299
009c570
0014240
002c1a4
00413bf
008b723
7f60c5f
7fba8de
7ff542a
004732b
001fdf8
005155a
001f544
00133d2
7ff2a7c
7fcd63d
7f91625
0031e02
004a10a
7fba433
7fac038
007a534
7fd6271
7fceb0a
001bc32
7f6ab96
7fbfb1c
009f672
7f60b5e
0012bdc
00434f3
7fb7141
7f8ac9e
7fe0118
7fb7abf
7f954ef
7ff0da9
7fa727a
0062007
000d5fc
7fb4877
7ff7140
7f4a460
00521ab
7f79e74
0015f9d
7fcab53
003171e
7f865a2
006a489
0004eea
7fe87be
00230a5
7fcf0d6
7ff01d5
006203b
7f89db9
7fad1bb
7fc69bd
0048496
006bfbf
7fbed11
00e7892
7fffb78
008a156
0001c4e
7fe538b
0018b87
00a4fa5
7f9e830
001aa2e
0047c70
0008354
00214b6
7ff08f1
7fe0260
0075fe5
006ceb4
7fed7b9
7fe4974
00c101d
7f6e66b
00700eb
7fb8867
7fdfa40
7fa6957
7fcd0ab
7f3abfc
7fc8438
7f47e9a
0025f5c
006e55c
7f70894
7f9ff40
0054beb
003eaba
0058255
008db45
002c971
006163d
7fcb0d9
003874e
7ffefcc
7ff4934
005961e
004c2d2
7fdcc96
0082b57
7fdd0fe
002f24d
0038203
00bd0c9
7fe69df
7fc1c41
0047ea3
0083054
000c6d6
003e291
7fc349a
7fe40ff
0015684
7ffb0bb
7fb84e2
7feab9c
001ba92
7ffe9c6
00351e1
000976c
7faf2bd
0030c0f
7fe2e9b
7fb3955
7ffd4cb
7fff726
007dc86
007ebc0
7fc54cd
001b772
003e70a
7fa02a8
7fdffde
7fdcbb6
7f9fcb3
7fa1365
0000299
0003191
001d537
000c378
7fda125
7f604f7
00bcf7f
002d050
7fc4ee3
003b965
006d35a
7ff40b3
0023f13
001474d
000a95c
00979c7
0055777
7fcd241
7fe50f3
005b1f3
006bfd4
7fba46b
7fe7d86
7fb79c1
7f0ab2f
7fb6100
7f88be0
00201a0
00c7681
0058ca7
7fe3dda
7f3c20e
7f4e22d
000a0c1
000cbae
7fa1ef7
7fed3d0
7f8dfde
003209c
7fbeaf1
002b337
0097915
7fb8c66
7fba85d
7fc58b6
0006937
006206a
00523fd
7f53a1a
005b136
0065b61
7fc26f1
0024b08
00305cc
00b93ab
0038bf5
7fe254a
009772b
7f81970
0066f5f
0064b20
7ff1728
00677cd
00586ae
7ff308d
003a1b6
001bb0e
008f2f5
7f5b3fb
7fb1b15
00277a7
0066982
000f3a5
00396a6
004ebbf
005a7c1
7fccd60
7f9dfbf
7fb4a7b
7fb1d72
7fc8273
7ff889e
7fb0901
7fed697
00500d7
7f49ab4
00276a1
0038447
0013a62
00488cc
7fb4e9f
7fd4efd
00307b0
7fb52e4
0062dd6
7fe49a0
7fe1a3b
7ff55bc
004d337
7fb1973
006c3b7
001a88a
003ba87
001e807
000cc88
7fe6c56
00436f2
0072096
0021995
00118ea
00480a4
007ca74
00196f8
00a4437
7fa0e1b
7f78e32
0005ce5
006774e
0067dea
7fb9bac
7f96da5
0014052
00272a8
0022cb9
7ff8f65
7ffaf7a
00203fc
7f96b0c
00673ca
0030e4e
003cb77
003afe4
00144f8
7f9440e
003be0e
0058f5a
000a86a
002b36b
0029639
7fc4eec
7fe594b
7f5b115
7feb931
7ff1947
002c1b8
001c737
003376d
7fe382f
7f608c2
7fe4b14
002cf13
00c9bf8
00c1129
00c9b16
7fc4abb
004ddf1
7febffe
7fb835b
00bf285
0085224
004c368
000b24b
7fc2045
7f804d4
7fe9342
0004182
7fcac77
00d4702
000703a
7f6aaf9
003564c
000aa97
007e082
7fe370e
7ff9243
7fab267
0026cf1
7fa25b9
7fc352b
004cdcc
7fc7092
002a25e
002ae54
0054460
0019790
0052fbd
00b6d4e
0045695
7fed893
7fd92b3
0020d64
0032577
7f55f28
7fccc57
7f3500f
0032f5e
0000540
0013046
7ffc427
0021422
7fb7be4
00604f5
0005aae
0007ddd
7fab403
7f9a24d
7ffc674
7fd5701
7f7cbe9
0055906
7fdb9e8
7f969d5
7f95c18
7fe9c74
7fbaf70
004030f
0015d3c
7fdc681
001716c
0027d11
7f9f8d8
0042855
0000f5c
7f698ed
7fb23dc
7fbb32d
00782b3
00265c0
005f738
007d8b8
0026bed
7fc9f52
00509bd
7ff5a53
0092be2
7ff0f3d
7fe8b8b
0008239
000930e
7fa9c21
7fe90cc
7fe93cb
002e03e
7ffe969
7fd4771
00440c4
000ea66
0003a76
001abde
7feeb98
7fb68b8
7fe99c9
7fc3cdd
006ee20
004112d
0016876
0045b7c
7ffdca4
7fa18e0
007e01a
002f3c0
000ef70
7fd0b08
0096f89
0012e44
0002313
7fec24c
0028d17
002ba4f
7fac57a
7fd2042
0018c19
002fe1c
7fdaad5
7f751b5
7fe4c7b
000cc9c
000e762
7ffd7c9
7ffb3d6
7ff87fa
7fc8f3b
7fe1ad8
00728fd
0001051
7ff40e2
7f916bc
7fa8f69
001fb98
7fd9807
7ff5c74
7fb2f2c
0050539
7fd7a9f
7fbcc2d
7f7ade2
006914d
7ffd64a
004912a
005660f
7f295ff
006cb1b
000a887
0005afc
7ff7da6
000d600
00788a1
004dc28
7f4dd92
0005810
001373e
0026c59
0072133
007bab8
00921d8
0031dd3
7fbcb0e
7fb0fdd
7fe6d5e
7f8b5b6
7ffec92
006ee40
005c5fb
0073d61
7fd0708
0090995
005a389
7fbcadd
00433ac
00321a0
7f99168
7fca647
0023379
7fab047
7f911d1
0013e70
000866c
7fffbff
00254c5
7f52a20
7fdf648
0046e61
003709b
7fd280b
7f7c2ee
0058505
7fd8d90
005a6f4
7fdab21
004ef4e
0014e25
7ff0bb8
002ecfe
007c302
006fe6b
00282cf
7f966c5
7fbf077
7fcf0bd
7fc3cac
003a41b
000119c
00cc13a
7fe91c0
006b647
004724b
003059a
000b353
7fdef90
7f8ca94
7fbcba9
00271dc
0043127
0027e4d
002537d
001441a
7fb58ee
00731df
7f90acf
000cfdc
7ffc729
0055176
7fd18ba
7f65b4f
0001aa5
7f9d094
7fdb9ac
001e4f9
7fa1416
006683f
7fa70c6
7ffd117
0058324
7fc1359
001d13d
7fc740e
7f9a1be
7ff5e6e
0015dfc
7fc8216
7ffcf5a
0043609
7f93464
003866c
7ff2f07
00a9196
7f7c4ef
000fce3
008b9dc
7fa4104
7fdce6c
7ffb032
7fee319
7fb7fe6
0035054
0002d30
005cc3f
004679a
7fda7f5
0077441
7fface8
0041b6c
7fe09e8
7fc8bbf
7ff2c10
7ffce5c
002d99d
7fbb2d5
7fd6a8b
7f4eaac
7fdd0b5
0048d85
7fd5227
7f834fc
000e39a
7f94add
7f5ae9a
7ffef2e
7fdf335
7ff617f
000a26a
7f94222
7fdfe96
7fb3392
000afac
7fc88f4
7f8ac41
7fe87bb
00f9bff
7faf11d
000a774
7ff4641
009d239
7f66d30
7ff974b
006338e
7ff2107
7f890f3
7ff5779
008ec12
7ff6607
00e6f9a
7f8b302
008791f
0029e9c
7fad248
7f9c289
002dd0d
0048a17
7ff72bc
7fb7f31
005813d
7fa9983
7fbff22
000f0aa
0077716
006a859
7fd90bf
7f73ce4
00903ca
7fd1621
7f462c2
7ffec61
000c4e1
0018957
00138d6
7fc057a
002b6c3
7f9c4cf
005f573
000cd17
003ff02
0070910
7ffea4e
7ff2011
7fa50d9
7f9c84e
7f866c0
7f984b6
00289f7
00669ed
7f8d75b
7fe2cc3
7fbba2f
7fddd49
7fa33f9
7fb18d4
7fd5887
7f954de
7f60db6
7f99578
7fb0c3e
7fb2bb9
7fd4c97
7fce3a9
7fffcd0
7f2cb0a
00338a0
7fa3c96
00727bd
7fa3d98
00070f5
7fc9c9e
005f8e8
7f9f8e6
007a72d
00115cb
7fa90fa
7fe9cad
0042842
7f6980c
00c6e3d
0023742
7ffb643
006bb96
00440fc
006b68f
0075da3
0037ead
007fafa
7f3f02f
003e366
00b818e
00415a7
7fe32e0
00480a0
0006f51
0010a83
002d904
002426f
7fe15e8
7f9e97f
7ff1510
7fd0665
00ad00c
00183f5
7fa893f
0058f8d
7fbbee5
7fa0c68
7fada59
000ec08
7fc227e
7fffdbc
7f3111b
7fc344c
7fdb6f1
000c348
0073878
00260d3
0083feb
0036c27
7f60349
7ff782e
7ff130e
002b4da
002ca7f
001645e
0060daa
0097759
7fd1bd0
0078c1c
7fee823
002e876
00b660f
007ef61
7fc6415
7f47dca
0095f05
7ffb4d1
7f9e3d4
7fc1fd1
7fd4686
7fa5e36
7fe4955
00606b8
7fbf317
00301e6
0043381
0068e72
003ec68
002b7be
7f867e3
004a889
00331f3
007ae76
7f9df17
00609f3
7fd75c0
003d459
7fc3b4a
005df3d
002d187
7f73ce1
7fed1e0
7fb7831
005801c
7fe1788
00832c0
7fc63ca
000d234
006fda3
0054a4f
001c93a
000028d
7f9d7ae
7ffd0f1
00a1e57
0029433
002b3a2
0014d48
003e7fe
0041db4
0022578
7fd55a2
0056c86
7fb5455
00231ff
7fec512
7fd565f
005bd31
0024cdf
7ff2c8b
0062d36
001ca9c
0017ba6
00ab878
7fb0587
005bd70
7f57965
7fcb7fa
7fd7b0b
0014d80
7fbea5b
7f879b3
000b5a3
0083b72
7fee993
7fb5f40
7fbb460
009caed
000141b
00093ec
7f7c3c2
7fabd3b
7f9b1a8
0030319
0068c35
7f39369
7ffb1e6
7f4e446
7f8e47a
7fb6b9b
7f9df64
00f63e0
00663e3
0053686
004ec3f
005bac5
7fed412
7ff9b94
7f7d961
0079938
7f94f0a
0067b03
00362e5
7fa8047
7fdb9ea
0043215
0000006
7f557c6
000c19e
0010c55
7fcd8a9
7fefdd3
7fd4bd3
0018ac2
7f41155
00159f7
004a2b5
007d454
00019dd
0018ce2
7f90fcf
006542b
0011105
7fc0b87
0009a31
002036e
7f99c86
00bf9dc
7fafe04
7f49e9f
0055b7a
7f407d0
002c671
7fe1946
7febb24
0082f05
001dc11
001cc0c
0033d5e
008e1cd
009d271
7fbf896
003a3c3
0010b57
001ec26
7ff7ef5
7fae62c
004d74a
003e9f5
7f9d373
7fdcd80
0031810
7faa50f
000a3eb
0027163
7fe955b
0025eb8
7f5405b
7f8f15c
0069280
000f0f6
7f2199f
0021f71
0019c38
00509be
7f4610e
000ee28
000db57
7fb6e5e
7ff3155
7fe2717
7fc2893
00bc949
7f5fbad
00ba5a9
0033959
7fc9443
7fd71f7
009d332
0005924
7f93525
003c0de
003312a
7fb47bc
00d454e
7ff9d7b
00927af
7fa23a4
7fae779
7fad06c
008e338
7ff67e7
00af249
7fc6186
7f52d2f
000b9a5
004230a
7fccf95
0025470
7fe193f
7fcfc87
0036a5f
00069f1
7fd5af0
007eaac
7fd4dbb
007190d
7fe32d5
0069f05
7fcdf9d
00456ac
0008ce7
009d473
7fd580d
7fda139
002493f
7fa05dc
7f9b58b
7fe61d3
7f7538a
7f4223c
7fd0ce2
7fe1b1a
000f061
7ff798d
7f544bd
0001d2c
0096a16
7fe4a6d
7fd0ba0
7fdbc75
7fb4097
0015911
7ff1c49
004bf7a
7fc0ab3
002a7ad
7faf423
00216db
003ec2e
00430ab
00142d5
001f17b
7ff0165
7fb5737
7f9c180
008f99d
7f99a1c
7f8e904
7f964aa
7fa4b69
7f9e578
006409f
7f6e330
7fa28cf
001a629
7fca950
7fc6ba6
0030b26
7fd751f
7fe8d7d
005b5e8
7f6d161
001aebc
7fd1749
7fbcafa
7ff8a0b
7fde0fa
00288b6
0003344
7ff77c1
7fa87b1
0002d1b
7fe07ba
00851f8
005dcd9
0003a41
00252f0
00170a5
00542cd
7fedb62
7ff4d1a
0022dd7
7f962ec
7fc34e0
7fe39c8
0032165
001eee9
0016710
7fe7862
7fdabf8
7fa5a80
7f95913
0031505
00309db
0052f76
7fa9396
0008f58
0051060
7ff0272
00a0cf0
7fa3873
7fc09cc
00374d5
7fe9522
00574de
00462a2
7fa2d19
7fbf4c0
7fdbfef
008aa2a
7fed93b
007a2f4
7f85735
001fd5b
000d2c6
0086d68
7fee8d5
003f238
000d7ab
7fee3d4
00276b4
0034559
7fedfbb
7fa9ca3
7ff39a5
0000dae
00785fa
006f302
0032d27
7fc24a4
7fa08c1
0087d89
7f4f663
003b814
003da7b
007f965
7fb5232
7f774fc
001d39d
0019e69
7fb0c1b
7fed77d
0018db2
002e50b
7fc1eff
0050b4f
7f6da46
0029d52
7fe636c
7fa4f25
00285ea
7f79fe3
7ffdb56
7ffed5a
000df14
7fc9e07
7ff2961
0048031
00424bb
00517c9
7faa059
00232c7
0038fcc
7fca3cd
7ffe8a5
012a03e
7fda340
00359d5
7fc095c
7faaf49
0038f43
7fcc779
00a19cd
0065e71
0017351
00541eb
00b30cf
7fedd42
002073d
0095952
7f894a6
7fdb307
7ffd70c
7fd8d7e
7fccff6
001fce9
000d979
0001e51
7fdee80
7fa5063
7ffcd66
0040381
000c62e
7f7c20a
00579bc
7fc4e50
7fd9e29
00988da
7fbdc99
7fd36cc
003041e
7fdaf35
7fbdc69
7f635dd
7fd57a8
7f94318
00a1b1e
7fb258f
0045c40
00a5e4b
0028c85
0029058
0039d28
0077823
00abc7e
7fa41da
007c0b5
7f90a3e
00003bb
7fce168
0024ab8
002e30b
0089e4b
000f5a0
0021a4a
7ff4154
7f94efe
7fd1795
7fb864f
00138ee
00bfd0b
7ff86bc
7fbcab7
00576c9
7fd658b
0032c01
7fc44ce
7fb508f
7ff7b6d
0005473
0018a12
0002f7f
002f573
002d8a6
7fbebc6
00183e1
0058de0
005860a
000788e
001806e
00dd027
7f44471
7f77bff
7f6abbb
7fe361e
003915f
00674d4
7ffa7d6
004d633
00264fa
0012faa
7fb7a14
7fbd62a
7fc7cd7
7fd270b
004a37a
7ff1e87
7fc5b04
7fe6de1
002e3da
0024c54
7fd79bf
7fb0f84
7f98eb9
002784e
005ba36
0026b84
7ff0f4b
7fe8bfe
004fd09
00d55d0
7fda96a
003e9d2
7fd6d67
00195f6
7fc435e
0009fc2
7fc5fc1
7fcd798
0037f5b
7fb6f4b
7f784a5
0005f8a
7f76e12
001521a
0035688
7f99c15
0038279
000453d
0019f1e
7f66697
7faa08b
0039f6b
7f3f45f
0018b98
7ff47d4
008563f
00297b6
006367b
7fe4e67
7fb6235
002527e
7f65512
0009b97
7f903c9
7f7b0e2
7ff4347
7f9af9f
0062deb
009867f
00a3ab6
002e5da
001cd01
006bfb1
7ff00d2
005d6a9
006318e
0008562
0009b38
7fd0f72
00b2ee5
000b114
7fdf4bc
0098527
7fd5fdc
7fe9887
0049241
0065663
7f8c7c2
7f709a6
7fe492a
7fca159
000c76d
7f9db98
00b021c
7ffc837
008f08d
7fca199
002205e
7f97b9f
7ff60f9
7fcadef
7ffc7fc
004ac3a
0004b52
00823fb
7f78908
001717c
00564f9
7ffb18f
0018070
7fb2928
7ffd9ac
002822d
000d46c
7fe55cf
7fdd16a
0081316
7ff4f89
7fe12f8
7f9fd88
7fd7a1a
0041262
7fdfe4b
00579a3
002a337
7fd3ff1
7f333d0
7f9f2e8
7ff6ea2
006d52c
0091251
003f831
000c6bb
0073787
7ff71b4
7fece8f
7ff10ed
005a38c
7faa1b2
0006be0
0084d90
7ff22a9
7faf50f
004fb7b
0021c9a
00470ce
002f420
7fe0836
7f69657
004227c
00874d0
7fbad24
7fb01c3
7fbf07b
7fdf637
7fa9eee
0063bf6
7fd82ec
7ff56af
7f8574d
7f3ddb6
0041b9e
003926c
7fdf834
7f83ad9
00906d5
001c5ea
7f575ae
7fda0ea
7fc4548
002529d
0096dcc
7f9147c
004a82e
000b30b
7f8f68b
7f99014
7fd1ed4
000e2f2
7f9532c
005bfa7
000d1e5
0069ba1
00700b4
00caf7f
7fc54a1
7fec204
7facc8e
0032efd
0028567
7fc3c90
000b95f
7fd8fbd
0059e74
7fe8d9a
7f9168d
7ffc35f
7f0c6dc
7fe46bd
7fb8318
0060a91
7f60609
7faafdc
00388ca
0027a3f
003434d
7fe5be4
0002731
7fbafd6
7fe3b06
7f4b8c7
7f6d8bc
0030928
00795da
7fbe3bc
0021445
0036147
005b0a7
002f4a5
7ffc266
7fa79a7
002ddea
7fe8a0c
003f6e7
7fdf318
7f87032
004eeb4
00357de
7ff3b1d
7fa9810
003d21d
7fee125
7fff4f8
7ff148d
7f92e8b
005c7de
005a433
0001c70
0081ec4
7fc7113
7ffbd30
7f77127
003a17d
0004aac
7fee06d
0009d03
003515c
001ad03
0019f5a
000f63e
0007dd2
001d33b
7ff1a6a
7f270f2
7fc3209
003e6ff
005068a
0023f77
00354c3
7f7285b
004eff1
00233f1
0034090
00255e3
006fd6a
7fdbe5d
008998b
002e69f
7fba6e3
7f9e8ac
7f96b2f
00031bc
7febf0b
00374f4
7fc6035
7fc58db
7fdd44b
7f9ed22
7fd86ad
000a3f2
7f3c8a9
7ffa641
0014804
004166f
7fc1ef0
00a9776
00424bf
003e5ec
7ff2926
7fc808e
003e461
000c688
000e8c0
7fce202
7fe3915
7fd3c17
7fe05ce
7fce9f1
000d222
7fd68f5
7ff4733
7fd0942
000a413
005ba6f
7f9eb78
00206fd
7fb34b7
004fb91
002c291
7fa0a00
7f8eb47
001c5a5
004d6e7
7feb313
7ff4cdc
00195d3
003a61d
7fefa84
00734c7
7ff1796
004e2eb
7ff81ee
0025e25
0002a10
006efea
000d4c5
7fd22e2
0041c0f
00397f5
7f57642
004f77d
7fda51e
7f69959
7f866f4
0038afd
7f8ddec
0096c34
7fbd738
001bc5f
7fe593e
002f012
7f8c30b
000fb80
7fd3846
00029c8
00347c0
7feb47d
0016f72
0039548
00629cb
7fdfdcb
0001627
7f9e565
00453a7
7fa50bb
7f60d8f
007eb04
7fd481a
0076df2
000edd5
0077d56
00298e3
0005c65
7f6d070
005f186
7fa1d50
00396b3
7fa6bba
7fd52cf
7f9bdb8
00ae368
7facc09
7fe1fac
7fba7c0
000a8ec
0071de3
004b531
0089749
7fb9999
005fb6c
7f4e2df
006c510
7f6c323
0071ea6
0001ea3
000b321
0024872
001b4e5
7fe37ed
002510a
7f5ae4e
00311b9
0007f43
0066694
7f91f0b
0079576
00917d8
7feee13
00216d5
7fcd66c
7fc5f55
7f79875
7fec222
7fd4f3c
0053882
7f6ed55
0004a73
7fe3fd7
7faa3ca
00221e5
00b853c
009b1dc
0034978
001dfe4
7fc0f2f
7f8240c
0079633
0000b88
005535c
7f8b843
0024a3c
0022eb9
7fced54
7fe71bb
7f39f2e
7fc5ebd
7faeab1
7fbe035
005cf77
7ff26fe
7fad2b2
0058716
0062bae
0027246
7fb4041
7f718aa
7fd26b4
7fef3e3
7ff40a6
7ff463b
0095fb9
000a375
7face03
7f9b439
7f13828
7fb4886
7fe47ca
7fe874a
7ff9ffc
7ff6e25
7f777a7
7ffcded
00923b7
7fe1e02
00ee08c
002ac3c
7f7e3d8
7f5f4d2
0051dff
00020ee
7fd502d
0010bd3
0033906
001450e
7ff1596
7fc4cc6
0042636
7fdc9d6
00eb22f
7f78e49
7fa68c2
001ec3a
7fef8a9
7ffe97b
004bf5b
00371d1
00b572c
0092981
7fe2a65
7fff75f
7fba87e
7f3165e
00a5124
006b2dc
001fd27
7ffaaab
7fc378d
0048d7e
7fac2d7
0062eb5
7f979d3
00b80c6
00558a8
00040e3
007712e
00ad254
0060d93
7f6c926
00212f1
7ffbde5
7fb53e9
7fa1187
000a5ec
00721a4
002c3f9
7f8ffb7
7f97a78
7ff44e1
7f955f2
000a257
7f7bc10
7facf06
7ffffee
7f958b1
0012796
7faf0b7
0037914
0022638
0007194
008b4f2
7fe3ca3
7fecb35
7fa214f
006177b
7fabb85
0008a3c
005e12a
00082b6
7fb7388
7fee14d
008861b
7f61814
7fbf391
0015217
7fd4200
005ce5b
7fbb1f3
003763d
0077c73
005d552
0050f7d
0029aa7
00ef7f5
00077d9
7fae799
0011a6b
0029254
0005242
0031fa3
7fa1875
7fcbefa
7ffa5e2
7ffb35c
003c674
7fb097b
7f6ebf7
00145c8
000ab7c
004b386
7f93a77
00cf0da
0079174
7fd0c03
7f7f91e
001f1cc
0017f0c
7f68fad
00327b4
7fe1f33
7ff9583
7ffe614
00a9942
7fbe36c
7f4f22d
7fbf460
7f52efb
7fb30a7
7fa8528
7fd883f
7ff3546
7fcc2f1
7f9f624
7f815c8
7fe1b5d
006298e
002d0f0
0068cfc
001f5fa
7f41e77
7fb0fc4
7fe6561
0015217
7fe86d9
001f50d
0030bf5
00153f2
7fcb8b6
0030648
0067e8a
000c915
7fd14b5
7fd5b3c
7fe4cd5
7fd8205
007ab2b
0038d89
00079c8
003797b
00bf62d
008f58c
7ff8e01
7fdd6e9
7fa788e
000ae53
002542e
00346a3
7fb237c
7f8420f
003c755
7fb0f75
007d9b1
005ef4d
7feb4de
0073060
7f6f4db
0015586
7f9bfcc
003061b
00d6aff
7fb909c
7ff36ee
001ad5d
003f5d1
005dbd5
005a3f7
00650ab
7ff011d
7f594a8
000b93c
7fe9c21
7fde133
7fd5b35
002b26d
7fa3b06
004b42c
0000100
0000140
00000ff
7ffff7f
007f000
007f000
00000ff
4000000
4000000
7ffff7f
4000000
7ffff80
7f80000
7f739f2
2000000
7ffff7f
0000300
4000000
0000140
0000100
00001c0
3ffffff
000007f
0000000
7ffff7f
2000000
007f000
0000200
3ffffff
7ffffff
4000000
007f000
0000140
0000000
007f727
3f80000
4000000
0000000
3f80000
7f1641d
6000000
4000000
00001c0
0000100
0000200
7ffff7f
0000300
0000001
00000ff
4000000
000007f
7ffff80
0000140
0000200
2000000
00000ff
0000200
0000300
4000000
7ffff7f
000007f
0000001
00001c0
7ffff7f
0000000
00000ff
7ffff80
00e6847
0000080
7ffffff
7ffff7f
000007f
3ffffff
3f80000
4000000
4000000
4000000
7ffffff
0000080
00000ff
000007f
0000200
000007f
00001c0
7f3b7b7
7ffff80
007f000
0000200
0000200
000007f
0000001
007f000
0000100
00001c0
0000080
0000140
0000080
00001c0
2000000
00000ff
4000000
4000000
0000140
000007f
7f69029
0000100
7f80000
0000001
0000000
4000000
3f80000
000007f
007f000
0000000
4000000
00000ff
3f80000
3f80000
7ffff80
7ffff7f
0000300
0000080
7ffff80
3ffffff
2000000
0000000
0000300
0000200
007f000
7ffffff
4000000
0000200
4000000
0000140
3ffffff
00000ff
000007f
7ffff7f
7f94966
7f69e8f
0000200
6000000
0000200
0000200
0000140
2000000
7f80000
0000300
3ffffff
3ffffff
6000000
4000000
4000000
0000200
7ffff80
7ffff7f
4000000
3ffffff
2000000
0000000
7ffffff
007f000
000007f
0000080
7ffffff
3ffffff
6000000
0000001
4000000
007f000
3f80000
004ac35
7f80000
7ffffff
7f4fa2b
0000140
3ffffff
007f000
4000000
008a57f
3ffffff
7ffffff
0000200
000007f
0000100
000007f
0000140
4000000
7f20ec9
7ffff7f
0093244
0000001
0000140
7f80000
7f80000
0000200
6000000
0000001
7ffff7f
00001c0
0000000
3ffffff
007f000
3f80000
7f80000
4000000
0000000
7ffff80
0000200
000007f
7ffff80
00001c0
0000080
0000001
4000000
7f80000
0000300
3f80000
4000000
0000300
00000ff
000007f
0000140
3f80000
4000000
4000000
7ffffff
0000200
2000000
000007f
00000ff
4000000
0000200
7ffff7f
0000000
0000000
000007f
0000000
0000140
2000000
4000000
7ffffff
007f000
4000000
4000000
000007f
7f80000
00001c0
4000000
0000080
4000000
00000ff
000007f
000007f
0000300
0000200
0000080
2000000
3f80000
0000100
7ffff7f
0000001
4000000
7ffff7f
3ffffff
0000300
00f15ec
6000000
0000001
0000080
0000300
7f80000
7ffff7f
000007f
0000200
7ffff80
7f80000
0000100
7ffffff
4000000
00000ff
00000ff
0000080
6000000
0000080
6000000
4000000
000007f
0000300
7ffff7f
3ffffff
009253e
4000000
4000000
3f80000
00001c0
0000200
00001c0
4000000
4000000
4000000
4000000
0000200
00001c0
3f80000
007f000
7ffffff
7ffff80
0000080
0000200
7ffff7f
0000200
7ffff7f
7ffff80
0000001
6000000
0000300
4000000
4000000
00001c0
0000300
7ffff7f
7f80000
0000080
0000000
000007f
4000000
7f86396
0000001
6000000
0000100
7ffff80
4000000
7f8f96c
2000000
0000100
0000001
4000000
00000ff
0000140
0000100
7ffff80
2000000
0000140
00000ff
00001c0
4000000
0000300
3ffffff
00000ff
000007f
4000000
3f80000
00efe01
7ffff7f
6000000
007f000
0000140
00580a4
4000000
3ffffff
0000140
0000140
000007f
0000080
3f80000
7f80000
0000000
000007f
00001c0
000a9c8
0000200
00000ff
7ffff7f
0000300
00001c0
0000100
0000000
000007f
0000200
00000ff
00000ff
3ffffff
0000080
2000000
0000000
6000000
4000000
3ffffff
0000000
6000000
6000000
4000000
7f80000
7ffffff
00000ff
0000000
0000300
7ffff7f
000007f
2000000
00001c0
7f80000
7ffff7f
0000080
7ffff7f
4000000
7ffff7f
3ffffff
4000000
7f80000
7fce56b
7ffff7f
4000000
007f000
4000000
3ffffff
00001c0
00000ff
007f000
7f80000
3f80000
000007f
3ffffff
0000140
4000000
005cd5c
00001c0
3ffffff
0000100
7ffff7f
0000300
0000001
7ffff80
2000000
2000000
000007f
0000080
0000300
7ffffff
0000001
0000000
7f80000
4000000
0000080
3ffffff
0000000
00001c0
00001c0
4000000
2000000
0000001
00000ff
2000000
7f9784e
0000200
3f80000
7ffffff
00001c0
00ef3f2
0000200
0000000
00000ff
007f000
0000300
0000000
6000000
007f000
3f80000
7ffffff
0000100
0000100
4000000
0000140
007f000
4000000
000007f
3ffffff
0000200
2000000
3ffffff
2000000
4000000
3ffffff
00000ff
2000000
3ffffff
3f80000
0000200
000007f
2000000
0000080
0000200
3ffffff
0000080
0000000
00001c0
4000000
0000300
000007f
7f80000
000007f
7ffff7f
0000200
7ffff80
0000100
7f80000
0000001
0000000
0000100
2000000
7f80000
7ffff80
0000140
3f80000
2000000
0000100
7ffff80
7ffffff
4000000
2000000
7ffffff
7f31255
0000100
00000ff
7ffff7f
3ffffff
7ffffff
7ffff7f
4000000
4000000
0000140
4000000
0000080
4000000
0000300
0000300
2000000
2000000
4000000
0000100
0000200
0000080
3f80000
0000100
7f80000
0000080
7ffff80
4000000
0000200
2000000
0000100
0000300
00001c0
007f000
007f000
6000000
0000140
4000000
00454af
7ffffff
4000000
4000000
7ffffff
7ffff7f
00ca0d9
00000ff
0000140
4000000
00001c0
00000ff
7ffff7f
3ffffff
3ffffff
2000000
00000ff
7f80000
00001c0
3f80000
0000000
007f000
7fd2d3f
4000000
4000000
7ffffff
007f000
6000000
3f80000
0000200
0000100
00001c0
7f80000
0000080
3f80000
7ffff7f
2000000
00001c0
0000000
3f80000
7ffffff
4000000
000007f
00001c0
3ffffff
00000ff
0000140
7f5511c
0000200
3f80000
7f94eee
7f14b6b
3ffffff
7f0b256
0000140
7ffff80
007f000
2000000
007f000
00ea36a
4000000
0000000
007f000
7ffff80
7ffffff
0000000
0000001
00000ff
7f80000
0000000
2000000
0000001
3ffffff
4000000
6000000
0000001
0000300
7f4a87d
4000000
00000ff
0000140
3ffffff
007f000
000007f
7f80000
4000000
4000000
3ffffff
7ffff80
00000ff
7fda11f
0000200
7ffff80
7f80000
2000000
7ffffff
7ffff80
4000000
0000300
7f80000
0000140
0000000
7ffff80
7f80000
2000000
7f80000
0000100
0000300
3ffffff
0000100
000007f
7ffff80
3ffffff
7f80000
0000000
4000000
007f000
6000000
3ffffff
7ffff80
7ffff80
2000000
0000080
4000000
005f14d
3f80000
7ffff80
4000000
7ffff80
2000000
0000200
7ffffff
4000000
7ffff7f
0000100
007f000
00000ff
0000080
7ffff80
0000140
0000100
3f80000
0000200
00001c0
007f000
2000000
0000000
6000000
7ffff80
4000000
7ffff7f
0000300
3f80000
4000000
0000100
000007f
3f80000
7ffffff
0000200
0000300
0000001
00000ff
7f80000
4000000
007f000
0000001
6000000
7ffff7f
7f80000
6000000
00001c0
0000300
4000000
3ffffff
4000000
4000000
7ffffff
0000200
4000000
4000000
7ffff80
007f000
7ffff7f
00000ff
0000100
00001c0
3ffffff
7ffff7f
7f80000
0000140
0000100
0000100
0000200
7ffff80
7ffff80
6000000
7ffff7f
4000000
2000000
007f000
00f5b82
0000200
7f07c59
7f80000
0000200
7ffff7f
3ffffff
6000000
7f9ef08
0000080
00001c0
00001c0
0000100
2000000
7ffffff
3ffffff
4000000
4000000
3ffffff
0000100
6000000
007f000
4000000
007f000
0000100
3f80000
2000000
0000080
3f80000
00001c0
0000300
3ffffff
2000000
7fee268
007f000
2000000
4000000
0000001
7ffff80
4000000
4000000
7ffffff
7ffff7f
3f80000
0000001
0000140
4000000
7ffff7f
0000080
7ffffff
7ffffff
00000ff
3ffffff
2000000
00000ff
0000080
0000140
4000000
0000100
3ffffff
7f80000
4000000
00001c0
000007f
0000200
00001c0
00d8e72
3ffffff
4000000
0000001
7f8244b
00000ff
0000300
3f80000
7f80000
3ffffff
3f80000
000007f
00000ff
00000ff
3f80000
000007f
7ffffff
007f000
4000000
0000001
2000000
0000080
7fe4947
000007f
0000080
7ffff80
0000100
2000000
0000300
0000300
000007f
0000300
0000100
7f80000
6000000
3f80000
000007f
4000000
0000300
7ffff7f
0000001
4000000
0000100
00001c0
4000000
7f62a19
00000ff
7ffff7f
2000000
7ffff80
0000000
0000100
4000000
7f80000
00001c0
6000000
0000300
3ffffff
7ffff80
3f80000
7f17b88
4000000
4000000
2000000
0000200
0000001
7f80000
4000000
00000ff
4000000
000007f
7ffffff
3f80000
2000000
4000000
3f80000
3ffffff
000007f
00f3346
3ffffff
0000001
0000080
2000000
2000000
007f000
0000140
7ffff7f
00001c0
7ffff7f
4000000
0000001
7ffff7f
000007f
4000000
7f80000
007f000
000007f
7ffffff
0000001
0000140
0000140
7ffffff
0000080
7ffff80
6000000
0000100
0000200
3f80000
4000000
0000100
7fd47ef
3f80000
0000200
7f80000
0000140
0000001
2000000
6000000
7f80000
00001c0
0000100
4000000
0000100
4000000
00000ff
00001c0
007f000
7ffff7f
2000000
7ffff7f
6000000
4000000
000007f
7ffff7f
7ffff80
7f1f929
0000300
7ffffff
000007f
3ffffff
007f000
4000000
6000000
0000000
007f000
0000200
0000000
2000000
7ffffff
0000000
007f000
0092ab5
00001c0
00000ff
4000000
4000000
7ffff80
007f000
00001c0
0000080
00000ff
00001c0
0000200
0000140
0000000
4000000
000007f
4000000
0000200
4000000
0000080
00001c0
3ffffff
0000080
3f80000
007f000
007f000
0000200
7ffff80
0000000
0000000
0000300
0000200
3ffffff
4000000
007f000
4000000
4000000
4000000
0000080
7ffffff
7ffff7f
002c2b6
3ffffff
4000000
0000200
0000080
0000300
7ffff7f
6000000
0000080
4000000
2000000
0000001
7ffff7f
0000140
0000001
0000100
7f80000
0000080
0000200
00000ff
000007f
4000000
3f80000
007f000
2000000
000007f
0000300
000b7cb
0000140
4000000
7ffff80
000007f
0000001
4000000
2000000
0000300
0000140
00001c0
0000200
000007f
007f000
4000000
0000000
0000200
0000140
0000140
0000100
3ffffff
4000000
6000000
7f80000
007f000
7ffff7f
0000200
4000000
4000000
7f970bb
3ffffff
7ffff7f
00000ff
007f000
2000000
00001c0
0000001
0000200
7ffffff
7fb8bb0
7ffffff
7f80000
7ffff80
0000300
007f000
0000000
7ffffff
7ffff80
00000ff
7ffff80
0000001
001f48c
00001c0
00000ff
0000140
7ffffff
000007f
0000001
0000300
6000000
0000100
0000001
7f80000
2000000
00001c0
0000300
0011902
4000000
0000200
007f000
7f80000
007f000
7ffff7f
4000000
4000000
3ffffff
7ffffff
0000001
000007f
4000000
00001c0
2000000
0000001
3f80000
4000000
3ffffff
0000080
00001c0
6000000
3f80000
00001c0
0000001
4000000
4000000
000007f
0000001
00490eb
0000100
3f80000
0000080
6000000
00000ff
3f80000
0000140
0000080
3ffffff
007f000
4000000
7ffff7f
2000000
0000140
0000001
2000000
0000200
4000000
00001c0
7ffff7f
3ffffff
4000000
2000000
4000000
0000300
4000000
0000100
0000080
7f80000
00000ff
7ffff7f
0000140
007f000
7ffffff
007f000
0000001
0000140
0000080
6000000
6000000
2000000
3f80000
0000100
0000000
0000080
0000140
0000140
7ffffff
0000140
007f000
7ffff80
0000300
00001c0
7ffffff
0000200
0000300
0000100
4000000
0000000
7ffffff
007f000
4000000
4000000
0000100
00000ff
7ffffff
7ffff7f
3ffffff
4000000
0000000
7ffffff
0000000
0000140
7ffffff
007f000
007f000
3f80000
0000100
7f80000
00b1b6b
0000300
4000000
3ffffff
4000000
4000000
4000000
0000200
3ffffff
0000100
7ffff7f
0000100
3f80000
4000000
0000080
4000000
000007f
6000000
00001c0
0000140
7f09b59
3ffffff
3f80000
7ffff7f
3ffffff
7ffff7f
007f000
7f80000
7ffff80
7f5ba60
00001c0
7ffffff
4000000
2000000
00001c0
0000000
000007f
7ffff7f
7ffffff
7ffff80
0000200
0000200
0000140
0000300
0000200
7ffff7f
00001c0
7f12c87
7ffffff
00000ff
007f000
0000300
00001c0
6000000
7ffffff
7ffffff
00001c0
7ffff80
3ffffff
007f000
3ffffff
7ffff80
3ffffff
0000001
0000300
4000000
0000100
00210fb
00001c0
4000000
0000001
6000000
0000300
7f80000
000007f
0000140
7f80000
7f3d214
7ffff7f
0000200
7f849d5
7ffffff
3ffffff
7ffffff
7f80000
4000000
7f80000
4000000
007f000
7ffff80
3ffffff
7f2088b
7ffff7f
00000ff
2000000
0000300
0000001
0000140
0000000
4000000
0000300
0000001
0000001
2000000
0000100
0000300
6000000
00001c0
7ffff80
4000000
0000100
0000300
7ffff7f
0000001
7f182ab
0000000
4000000
7f80000
4000000
0000140
2000000
007f000
0000200
0000001
2000000
4000000
4000000
0000200
0000080
0000001
4000000
0000001
7ffff80
003b53e
7ffff7f
0000300
7f1bdea
4000000
007f000
0000080
6000000
7ffff7f
2000000
0000001
0000200
4000000
7f80000
0000100
0000300
4000000
000007f
3ffffff
3f80000
3ffffff
000007f
0000080
007f000
0000300
2000000
00001c0
0000080
0000080
0000000
0000300
0000080
4000000
0000001
00000ff
007f000
2000000
7ffffff
7ffff80
3ffffff
00000ff
00000ff
7f80000
007f000
4000000
4000000
000007f
007f000
0000001
0000200
00001c0
7ffff80
4000000
7f80000
0000140
7f80000
0000100
3f80000
4000000
0000080
7ffff80
00001c0
2000000
0000001
3f80000
2000000
4000000
0000100
007f000
2000000
0000080
7f80000
005ba82
0000300
00000ff
7ffff7f
0000100
4000000
4000000
3f80000
00000ff
0000001
00cc634
00001c0
7f80000
2000000
2000000
0000300
000007f
7ffffff
0000140
0000100
4000000
3ffffff
00000ff
2000000
0000300
7f80000
0000140
0000100
0000300
4000000
7f80000
7ffff80
4000000
0000140
3ffffff
000007f
3f80000
3f80000
0000140
4000000
007f000
0000140
7ffff80
7ffff80
3f80000
0000300
7ffffff
00001c0
6000000
4000000
2000000
0000140
4000000
7f80000
00000ff
00000ff
000007f
0000200
0000200
0000140
0000300
00001c0
0000000
0000080
00001c0
00001c0
0000000
00001c0
007f000
000007f
4000000
7ffff7f
6000000
0000200
4000000
4000000
6000000
000007f
000007f
007f000
4000000
2000000
4000000
0000140
7ffffff
7ffff7f
7f80000
7ffff7f
000007f
7ffff7f
00001c0
6000000
4000000
000007f
007f000
00829b3
7ffff80
4000000
4000000
007f000
6000000
000007f
3f80000
6000000
0000001
4000000
0000300
0000200
0000200
0000140
0000300
00000ff
000007f
4000000
3ffffff
4000000
007f000
0000001
0000200
007f000
3ffffff
4000000
0000080
0000080
4000000
2000000
00c022e
3ffffff
0000140
0000100
0000080
0000200
4000000
0000080
7f80000
0000100
0000200
7ffff7f
0000100
0000080
0000140
00000ff
007f000
4000000
3ffffff
4000000
000007f
0000001
00001c0
0000000
000007f
00000ff
000007f
4000000
3ffffff
4000000
00001c0
0000001
00000ff
005e6cb
00001c0
0000100
0000140
4000000
0000300
4000000
6000000
3ffffff
7ffffff
4000000
0000100
7fd3ae2
4000000
00001c0
3f80000
7ffff7f
0000200
3f80000
3f80000
0000300
4000000
0000200
0000001
4000000
7ffff80
0000001
000007f
0000001
7fd4e8a
0000001
7f80000
2000000
7f86955
4000000
7f3be45
0000100
7ffff7f
6000000
4000000
0000100
3ffffff
0000200
0000140
2000000
7ffffff
7ffffff
0000100
7ffffff
0000001
0000200
000007f
0000000
3ffffff
000007f
00001c0
0000000
3f80000
00001c0
00000ff
00000ff
0000300
4000000
4000000
0000001
7ffffff
7f80000
4000000
7fed813
0000200
0000300
0088353
7ffff7f
0000001
7f80000
7ffffff
0000300
3f80000
7ffff80
7ffff7f
0000200
0000000
0000140
00b4c02
0000080
7ffff80
0000200
4000000
00001c0
0000300
007f000
6000000
3ffffff
0000080
6000000
0000080
3f80000
0000100
0000100
00000ff
0000300
4000000
7ffff80
0000001
0000080
7f21757
0000080
7ffffff
0000001
0000001
0000200
7ffff80
00000ff
000007f
000007f
0000300
0000080
00001c0
4000000
6000000
7f80000
3f80000
4000000
0000300
7f80000
007c3ac
4000000
6000000
4000000
4000000
7ffff80
0000080
0000000
7f80000
0000140
7f80000
6000000
7ffff80
6000000
0000000
0000000
7f80000
007f000
0000001
7ffff7f
2000000
4000000
00000ff
7f80000
00001c0
7ffffff
0000000
0000000
0000300
0000140
000007f
0000001
00001c0
0000000
00001c0
2000000
00001c0
007c611
3f80000
007f000
4000000
3ffffff
0000001
0000080
4000000
0000140
3ffffff
2000000
7ffffff
2000000
7ffff80
000007f
0000140
4000000
4000000
00000ff
0000300
6000000
0000100
4000000
4000000
0000300
6000000
2000000
0000080
7ffffff
2000000
7ffff7f
0000080
7ffff7f
4000000
007f000
000007f
00000ff
4000000
0000300
000007f
00001c0
009ad69
7f80000
000007f
4000000
00001c0
007f000
4000000
7ffff80
3ffffff
00000ff
007f000
4000000
2000000
6000000
0000080
0000300
000007f
7ffffff
6000000
7f80000
4000000
3f80000
0000140
0000000
0000300
007f000
0000140
7ffff80
0000300
6000000
0000300
3ffffff
4000000
7ffff80
4000000
00001c0
00000ff
008abf1
4000000
00001c0
3f80000
6000000
6000000
4000000
00001c0
00001c0
007f000
0000300
00001c0
6000000
0000300
6000000
7f80000
7ffff80
000007f
4000000
4000000
00cf538
3ffffff
0000140
0000300
000007f
4000000
7ffffff
7ffffff
3ffffff
0000001
2000000
7ffffff
2000000
0000200
0000000
0000300
0000300
0000200
0000140
00000ff
00001c0
7ffff80
0000080
000007f
0000140
7ffff7f
3f80000
0000100
0000140
0000100
0000200
3ffffff
4000000
00000ff
4000000
7ffffff
2000000
0000300
7ffff80
0000000
0000300
0000300
0000100
00001c0
4000000
00001c0
00857d6
2000000
7f80000
000007f
3ffffff
0000000
000007f
0000300
3ffffff
3ffffff
0000000
6000000
00000ff
3ffffff
007f000
4000000
7ffff7f
0000140
3ffffff
2000000
0000140
0000001
7ffff80
0000080
3f80000
0000000
3ffffff
0000001
7ffff80
3f80000
2000000
007f000
0000000
6000000
00000ff
3ffffff
4000000
0000300
7ffffff
007f000
00000ff
00000ff
00000ff
0000000
2000000
0000200
7ffff7f
7ffffff
0000000
7ff2ddb
2000000
0000001
00b0287
0000001
0000000
7f80000
000007f
0000200
009cdd9
3f80000
2000000
7f80000
0000001
7ffff80
6000000
000007f
2000000
7f80000
6000000
0000000
7ffffff
7f80000
0000100
2000000
7f80000
0000200
7ffff80
00000ff
000007f
4000000
7f9064b
2000000
00001c0
007f000
0000200
0000001
7ffffff
0000300
000007f
7ffffff
00001c0
0000100
4000000
0000080
7ffff7f
2000000
0000000
2000000
7ffff7f
3f80000
0000300
3f80000
007f000
0000140
0000200
007f000
4000000
7f940be
0000140
7ffff7f
000e234
3ffffff
0000100
7ffffff
007f000
3ffffff
4000000
3f80000
4000000
3f80000
4000000
7f1089f
0000140
4000000
0000000
4000000
3ffffff
7f80000
00000ff
0000001
007f000
0000000
7ffffff
0000001
0000140
007f000
4000000
3f80000
7ffff80
00000ff
000007f
7ffff7f
0000080
7ffff7f
0000300
007f000
0000080
007f000
3f80000
000007f
3ffffff
2000000
00001c0
0000140
0000100
007f000
0000200
0000100
00001c0
2000000
7ffff80
3f80000
00001c0
3f80000
7f80000
3ffffff
0000200
3f80000
000007f
0000140
4000000
4000000
00001c0
000007f
0000300
4000000
00001c0
0000100
00001c0
00001c0
0000200
0000140
7ffff7f
0000300
0000000
0000000
4000000
000007f
000007f
4000000
2000000
7ffff80
7ffffff
3ffffff
0000080
000007f
00001c0
0000300
000007f
4000000
4000000
6000000
0000300
007f000
7ffff7f
007f000
007f000
0000100
2000000
3ffffff
7f80000
0000200
3f80000
4000000
0000080
00000ff
3ffffff
0000200
7f80000
000007f
00000ff
0000080
0000080
7ffffff
002232d
00001c0
0000000
0000001
7ffff7f
4000000
7ffff7f
0000001
3f80000
0000300
0000200
7ffff7f
000007f
00000ff
3ffffff
6000000
00001c0
0000100
0000200
0000140
4000000
007f000
6000000
7ffff80
0000080
00000ff
0000000
6000000
0000000
3ffffff
00000ff
7ffff7f
0000300
0096b40
0000080
4000000
3ffffff
7f80000
0000100
3f80000
0000140
0000300
6000000
6000000
6000000
4000000
4000000
0000200
00000ff
0000080
7f80000
0000300
4000000
3f80000
0000200
0000300
7ffff80
7ffff80
3f80000
0000300
7f80000
0000200
6000000
7f80000
2000000
0000100
6000000
7f80000
0000001
0000140
0000000
4000000
007f000
0000200
00000ff
007f000
7ffff7f
4000000
00001c0
0000001
0000100
0000001
4000000
00001c0
0000000
0000100
4000000
00ec014
0000140
2000000
0000300
7ffff7f
0000140
2000000
007f000
0000200
2000000
0000000
6000000
7ffffff
0000000
0000001
3ffffff
7f80000
3ffffff
0000001
00001c0
7ffff80
6000000
0000001
7f80000
6000000
0000200
000007f
0000001
2000000
0000001
2000000
4000000
00001c0
7f78069
4000000
0000200
3ffffff
00000ff
0000001
0000001
00000ff
7ffffff
007f000
0000001
0000001
3f80000
0000200
7ffff80
00000ff
0000080
0000100
000007f
0000300
7ffff80
7ffffff
00001c0
00000ff
0000100
7ffffff
4000000
3f80000
2000000
0000080
4000000
4000000
007f000
4000000
000007f
2000000
3ffffff
00000ff
0000001
0000200
0000100
4000000
0000300
0000001
0000000
6000000
0000100
0077762
00000ff
00e8889
4000000
3f80000
0000140
00000ff
007f000
4000000
007f000
3ffffff
7ffff80
2000000
6000000
4000000
7ffff80
0000200
0000100
7f64a23
7ffff7f
7f80000
0000300
0000001
3ffffff
6000000
3f80000
4000000
7ffffff
3f80000
0000100
3ffffff
3ffffff
0000300
0000200
4000000
3ffffff
7f3559b
00000ff
4000000
0000300
4000000
000007f
3f80000
4000000
0000100
7f1119a
00000ff
3f80000
0000140
7f80000
0000300
0000100
7f80000
000007f
0000000
00000ff
0000100
6000000
000007f
0000001
000007f
7ffffff
00001c0
3f80000
00000ff
0000300
0000080
00000ff
6000000
7ffff80
00001c0
00000ff
0000100
0000001
2000000
7f80000
4000000
0000140
0000000
7f65051
0000080
6000000
0000140
4000000
4000000
4000000
7ffffff
0000200
007f000
0000001
0000200
00001c0
0000300
007f000
7f80000
0000080
0000000
000007f
0000200
0080a6f
4000000
7ffff7f
0000140
000007f
00000ff
00001c0
00000ff
0000100
000007f
007f000
2000000
4000000
00b8225
3f80000
7ffffff
0000200
000007f
0000200
7ffff7f
6000000
7ffff7f
7fd0668
7ffff7f
4000000
7ffff80
0000200
7f88c9e
2000000
0000001
008db6a
0000140
2000000
0000140
4000000
0000080
0000200
0000100
00000ff
000007f
3ffffff
0000300
4000000
0000300
7ffff80
00001c0
4000000
3ffffff
7f80000
00001c0
0000080
0000140
7ffff7f
3ffffff
0000000
3ffffff
00000ff
00000ff
4000000
0000140
6000000
0000200
7f80000
00001c0
7f80000
4000000
6000000
6000000
0000001
0000000
007f000
3f80000
0000140
0000100
7ffff80
6000000
0000100
0000300
000007f
0000001
0000001
7f7d658
007f000
0000001
0000100
7f80000
0000140
0000001
00001c0
0000100
0000100
0000001
2000000
4000000
7ffff80
7ffff80
00000ff
00000ff
6000000
3ffffff
000007f
0000000
0000140
7ffff7f
3ffffff
008001b
0000300
3ffffff
4000000
7ffffff
0000100
000007f
0000080
0000000
0000080
00000ff
0000001
7ffff80
7f80000
7f80000
7fa00e7
7f80000
3f80000
7ffff80
4000000
3ffffff
4000000
0000140
4000000
7ffffff
000007f
0000200
0000140
7ffff80
0000000
4000000
4000000
0000080
0000000
4000000
6000000
7ffff7f
3ffffff
0062834
0000001
2000000
0000080
000007f
2000000
0000100
0000140
0000080
0000300
7ffffff
0000001
0000100
007f000
7ffff7f
3ffffff
4000000
7ffffff
4000000
4000000
0000001
0000300
4000000
0000000
6000000
4000000
000007f
0000300
0000001
0000000
7ffff7f
7ffff80
0000100
0000100
2000000
00000ff
4000000
00d91dd
0000080
00000ff
4000000
00001c0
4000000
0000080
3ffffff
0000300
4000000
6000000
4000000
7ffff80
2000000
007f000
0000000
0000080
0000080
00001c0
3ffffff
7faaca9
0000140
0000000
0000140
2000000
3ffffff
007f000
000007f
0000200
0000000
0000300
3f80000
00001c0
3f80000
6000000
0063a86
6000000
0000300
00000ff
0000300
3f80000
7ffff80
7ffffff
2000000
7f80000
2000000
0000140
0000140
0000100
0000100
7ffff7f
2000000
0000080
0000300
7ffff80
0000200
6000000
6000000
2000000
0000200
0000100
4000000
3f80000
0000001
007f000
3f80000
3ffffff
007f000
2000000
4000000
000007f
0000001
7ffffff
0000140
7ffff7f
0000200
3ffffff
000007f
007f000
00000ff
0000080
2000000
4000000
7ffffff
7f80000
4000000
3ffffff
0000000
6000000
00cefd6
7ffff7f
0000000
2000000
4000000
0000200
7f80000
7ffff7f
2000000
0000001
6000000
7f49687
0000300
007f000
7ffff80
4000000
7ffffff
000007f
00c6d03
4000000
6000000
6000000
4000000
7ffff7f
0000140
4000000
0000140
001c71b
7ff118d
4000000
3ffffff
0000100
7f04362
7ffff7f
7f80000
0000200
3f80000
7fa3302
007f000
7ffff80
2000000
7ffffff
0000200
0000300
0000140
0000080
3ffffff
7fd25a7
3ffffff
00000ff
0000080
0000200
00000ff
7ffff80
4000000
7ffffff
7ffff7f
0000000
0000200
4000000
007f000
00001c0
4000000
0000001
6000000
3f80000
0000300
7f4b034
0000200
7ffff7f
0000001
7ffff80
4000000
00001c0
4000000
7f80000
7ffffff
007f000
00000ff
0000000
0000140
0000300
007f000
0000000
7f80000
00e56d3
007f000
0000001
4000000
7ffff80
2000000
0000300
3f80000
00000ff
0000100
0067384
7ffff80
00001c0
0000200
7ffff7f
7ffff80
7f80000
2000000
6000000
0000000
0000140
2000000
7ffffff
0000140
7ffffff
0000080
00001c0
0000080
4000000
7ffffff
0000100
0000140
7ffff7f
6000000
7ffff80
0000100
7f80000
00f6dd7
3ffffff
000007f
4000000
4000000
3f80000
2000000
4000000
7ffff80
0000300
0000300
4000000
0000001
2000000
0000080
4000000
00000ff
4000000
7ffffff
2000000
4000000
7ffffff
0000100
000007f
0000100
0000000
6000000
7ffffff
4000000
000007f
0000100
0000100
6000000
0000140
0000100
4000000
3ffffff
00001c0
0000140
4000000
7ffff80
0000000
00001c0
0000200
4000000
0000100
3ffffff
4000000
4000000
00000ff
0000001
3f80000
0000100
0000200
0000300
0000140
3f80000
4000000
7ffffff
0000140
0000200
0000200
00000ff
6000000
7ffffff
6000000
0000000
0000200
00001c0
0000080
6000000
4000000
00000ff
7f80000
007f000
0000200
4000000
0000100
0000100
007f000
0000140
00000ff
000007f
3ffffff
7ffff7f
3f80000
0000001
4000000
00001c0
0000080
00000ff
7ffff7f
4000000
4000000
7f80000
0000200
7f80000
7ffff80
0000001
3f80000
0000140
6000000
0000140
0000000
00001c0
7fa2ad0
0000001
0000200
0000100
7f80000
7f80000
3f80000
0000200
4000000
7ffff80
007f000
000007f
4000000
0046f0a
0000100
4000000
000007f
6000000
0000080
0000300
4000000
7ffff80
6000000
0000001
00c64b7
4000000
0000140
4000000
0000080
4000000
000007f
2000000
0000300
000007f
3ffffff
0000001
0000001
4000000
0000100
7ffff7f
2000000
3f80000
4000000
2000000
007f000
0000000
7f80000
7ffff7f
7ffffff
3f80000
000007f
00000ff
0000080
3ffffff
0000001
00001c0
7fd5031
0000080
0000000
00000ff
0000300
7ffff7f
00001c0
4000000
0021e57
007f000
00000ff
3f80000
7ffff7f
7f80000
0000200
2000000
3ffffff
3f80000
0000001
0000000
7ffffff
00001c0
7ffff7f
3f80000
0000080
4000000
0000000
4000000
7f80000
3ffffff
7ffffff
7ffffff
0000080
7ffffff
000007f
3ffffff
0000200
6000000
3f80000
0000200
7f295df
0000080
6000000
6000000
7ffffff
3ffffff
7ffffff
7ffff80
2000000
0000300
00da7f2
00001c0
0000200
007f000
4000000
6000000
0000300
3f80000
0000140
4000000
4000000
4000000
007f000
4000000
7f80000
7ffff80
0000200
4000000
0000080
0000100
7ffff7f
7ffff80
0000140
0000300
000007f
0000080
7ffff7f
3ffffff
6000000
0000001
0000080
7f80000
6000000
4000000
007f000
3ffffff
0000200
7f80000
4000000
0000140
0000001
00001c0
00000ff
3f80000
4000000
7ffff80
3ffffff
7ffff80
0000080
0000000
7ffffff
6000000
000007f
000007f
0000100
7ffffff
0000300
7ffffff
0000300
0000000
6000000
008b0ef
2000000
0000080
7f80000
2000000
000007f
0000080
00000ff
0000080
7ffffff
00000ff
00000ff
0000140
0000080
7ffff80
6000000
7f80000
0000000
4000000
00000ff
7ffff7f
3f80000
0000200
4000000
009efb2
6000000
7ffff80
3f80000
7f80000
0000080
3ffffff
7f80000
00001c0
000007f
0000100
7ffffff
0000200
0089f11
3ffffff
4000000
2000000
0000000
2000000
4000000
00001c0
0000200
4000000
6000000
3f80000
0000100
4000000
0000000
0000000
4000000
00000ff
7ffffff
00001c0
3ffffff
0000140
4000000
000007f
00001c0
7ffff7f
4000000
6000000
6000000
7ffffff
7f80000
4000000
0000000
7f99ce1
007d4bd
7ffff80
00dee11
0000000
0000080
0000300
0000140
7ffff7f
00000ff
0000001
0000200
4000000
7ffff7f
00001c0
0000080
7f7b3ae
6000000
3ffffff
0000140
3ffffff
6000000
0000140
0000100
00001c0
00000ff
7ffff80
3f80000
4000000
4000000
6000000
000007f
3ffffff
4000000
7f80000
4000000
0097eb2
7f80000
007f000
0063480
4000000
007f000
7ffff80
0000200
7ffff80
3f80000
2000000
000007f
7ffff80
3ffffff
4000000
2000000
0000100
00001c0
2000000
3ffffff
3ffffff
000007f
0000300
3ffffff
00000ff
0000001
2000000
0000001
0000300
6000000
0000080
7f80000
6000000
6000000
0000001
0000080
7ffff7f
0000080
7ffffff
4000000
2000000
4000000
3f80000
7ffff80
0000200
4000000
0000001
4000000
3ffffff
0000001
3ffffff
2000000
7ffffff
00001c0
4000000
3f80000
0000001
007f000
00000ff
0000000
0000080
4000000
0046b8f
7f80000
4000000
7ffffff
3f80000
0000100
0000100
4000000
0000300
0000080
000007f
7ffffff
0000080
007f000
0000200
0000140
00000ff
3ffffff
7ffff7f
4000000
000007f
0000300
0000140
0000000
4000000
4000000
7ffff7f
007f000
7ffff80
0000100
3f80000
3ffffff
2000000
007f000
00000ff
7fc0cf2
3f80000
007f000
00000ff
00000ff
0000100
7f80000
0000100
4000000
00001c0
007f000
00000ff
6000000
00000ff
4000000
0000140
0000001
3ffffff
3ffffff
007f000
005f246
4000000
0000140
7f80000
0000200
3f80000
0000100
3ffffff
6000000
0000140
6000000
4000000
0000140
7f80000
0000080
007f000
0000300
4000000
0000100
3f80000
4000000
7f80000
7ffffff
4000000
7ffffff
000007f
3ffffff
7ffff80
0000200
0000140
2000000
3f80000
7ffffff
4000000
000007f
0000000
000007f
7ffffff
4000000
0000001
4000000
0000200
6000000
3f80000
007f000
0000200
0000080
7ffff7f
2000000
00000ff
0000200
0000000
007f000
0000200
0000080
0000200
7f58459
000007f
0000001
007f000
4000000
7ffff7f
4000000
4000000
4000000
0000140
7f80000
0000300
6000000
3ffffff
0000140
4000000
4000000
007f000
0000300
4000000
6000000
7ffff80
4000000
0000100
3f80000
0000200
00001c0
007f000
0000100
0000140
0000080
6000000
00ef859
007f000
4000000
0023475
0000100
00000ff
00c85e9
4000000
4000000
0000200
0000140
0000001
7f80000
00001c0
7fe4deb
007f000
7f80000
0000100
00000ff
3f80000
00000ff
4000000
3ffffff
7ffffff
0000000
7f80000
00974bd
7ffffff
00001c0
2000000
00000ff
0000080
6000000
000007f
7ffff7f
7ffff80
3f80000
0000100
007f000
0000200
0000080
7ffff7f
7ffffff
007f000
4000000
0000001
7ffff7f
001f898
3f80000
7f80000
00000ff
4000000
7fb1a2a
4000000
0072c3b
4000000
00001c0
0000300
0000100
0000001
00b20d4
0000300
0000140
4000000
0000100
3ffffff
4000000
4000000
0000001
4000000
3f80000
0000000
0000000
7ffffff
0000080
7ffff80
00001c0
00000ff
2000000
0000080
007f000
0000200
0000001
00000ff
007f000
4000000
0000140
4000000
007f000
0000140
3ffffff
0000200
3ffffff
2000000
4000000
007f000
3f80000
007f000
00001c0
0000080
7ffffff
7f44727
0000140
2000000
00000ff
00000ff
7ffffff
4000000
7ffff80
7f14c48
0000001
7f80000
00000ff
3ffffff
7ffff80
00cb65a
3ffffff
4000000
0000140
0000000
0000080
0000200
4000000
00001c0
0000080
7ffff80
0000200
4000000
00000ff
4000000
4000000
0000000
7ffff7f
4000000
6000000
0000140
2000000
0000001
4000000
4000000
0000080
0000140
007f000
0000080
0000000
00000ff
3f80000
7f80000
4000000
7f80000
0000100
00001c0
0000080
0000140
7f80000
4000000
00000ff
0000001
000007f
0000300
0000001
0000080
00001c0
4000000
7ff8f35
0000001
0000100
3f80000
3f80000
7ffff80
6000000
4000000
2000000
00d8520
2000000
0000300
00000ff
0000300
00000ff
4000000
0000300
4000000
00001c0
3ffffff
4000000
4000000
009f469
000007f
0000001
7ffffff
007f000
7ffff7f
7f80000
6000000
3f80000
7ffffff
7f80000
2000000
000007f
7f80000
7ffffff
4000000
7f80000
7ffff80
4000000
0000080
7f40223
0000100
00001c0
00001c0
0000080
0000001
0000100
4000000
00000ff
000007f
0000300
0000140
3f80000
0000080
4000000
0000140
0000140
7ffff7f
0000080
000007f
00b86d8
6000000
7f91b71
4000000
0000100
7ffffff
7f80000
000007f
7f80000
7ffff7f
0000300
4000000
0000080
6000000
0000100
7ffff7f
4000000
0000100
000007f
0000001
4000000
7ffffff
7ffffff
0000100
0000100
4000000
00001c0
4000000
0000080
0000100
3ffffff
00d2efa
7ffff7f
0000140
6000000
4000000
0000000
0000300
2000000
4000000
0000001
007f000
0000200
4000000
000007f
000007f
0000200
3f80000
3ffffff
0000100
0000000
3ffffff
4000000
007f000
4000000
4000000
0000001
7f80000
7ffffff
6000000
4000000
0070850
3f80000
4000000
00000ff
4000000
4000000
000007f
3f80000
0000080
0000080
7ffff80
0000080
2000000
4000000
00000ff
00001c0
4000000
0000100
0000140
0000100
2000000
0000001
6000000
4000000
3ffffff
4000000
7f80000
00000ff
3f80000
7ffff80
0000200
7ffff7f
00001c0
7f80000
0000000
00001c0
3f80000
2000000
009f106
0000080
7ffff7f
4000000
2000000
0000000
007f000
3f80000
3ffffff
0000200
3ffffff
0000001
0000300
6000000
4000000
0000300
3f80000
0000300
000007f
007f000
007f000
0000200
0000001
4000000
4000000
0000100
0000080
4000000
0000100
0000000
7ffffff
3ffffff
2000000
00000ff
00001c0
3ffffff
4000000
0000080
7ffff80
6000000
004f242
0000300
0000080
7ffff80
7f80000
0000000
00000ff
7f80000
4000000
7ffff7f
7ffff7f
7ffff80
0000200
00b9190
7f80000
3ffffff
00000ff
7ffff7f
007f000
7fc8904
4000000
4000000
0000080
0000001
0000080
0000300
00000ff
0000140
4000000
0000080
7ffff80
7ffff80
7ffff80
7ffffff
4000000
3ffffff
7ffff80
4000000
0000000
00000ff
3f80000
0000080
00001c0
000007f
7f80000
0000200
7ffff7f
0000100
00001c0
7ffffff
4000000
007f000
7ffff80
0000300
0000200
7ffff7f
7ffffff
00000ff
007f000
0000140
3f80000
4000000
0000200
0000100
007f000
0000100
00000ff
6000000
0000000
4000000
00000ff
0000140
7ffff7f
00001c0
4000000
0000001
6000000
0000001
0000080
002d564
6000000
0000000
0000140
0000140
7ffff7f
0000000
0000001
0000200
0000200
7ffff7f
7ffff7f
0000140
7ffff80
00001c0
4000000
007f000
0000000
3ffffff
7ffff7f
0000080
4000000
007f000
0000140
2000000
0000001
6000000
4000000
007f000
00001c0
0000300
000007f
3f80000
0000000
7ffff7f
4000000
7ffff7f
0000140
4000000
000007f
4000000
00001c0
4000000
7f5451f
7ffffff
3f80000
3f80000
6000000
0000100
0000200
00000ff
6000000
6000000
0000080
7ffffff
7f80000
3f80000
0000000
008a81e
007f000
0000080
4000000
3ffffff
0000001
0000140
7ffffff
000007f
6000000
7f3b88f
4000000
4000000
007f000
0000080
7ffffff
00001c0
7f80000
2000000
3f80000
4000000
000007f
4000000
0000080
6000000
7f80000
0000100
7ffff80
7ffff80
0000300
000007f
0000140
7ffffff
007f000
0000001
7ffc591
7f80000
4000000
0000080
3ffffff
007f000
0000080
00001c0
7f80000
4000000
0000001
0000001
000bbab
0000000
3ffffff
0000000
00001c0
0000001
7ffffff
0000100
7ffff7f
00001c0
2000000
6000000
4000000
0000200
00000ff
7ffff80
007f000
0000300
7ffffff
000007f
0000200
0000001
0000100
0000140
00000ff
3f80000
0000001
0000080
0000140
0000080
7f80000
6000000
6000000
3f80000
7ffff80
0000080
7fac0a0
4000000
0000080
0000300
00001c0
7f72321
4000000
7ffff7f
00001c0
0000001
00001c0
0000140
4000000
4000000
0000000
00001c0
7ffff7f
00001c0
0000140
0000000
7f80000
2000000
4000000
7ffff7f
4000000
0000100
7f80000
4000000
000007f
000007f
4000000
0000080
00001c0
4000000
0000300
2000000
0000200
007f000
7ffff80
00000ff
6000000
0000080
0000100
4000000
7ffff80
2000000
7ffff80
0000300
6000000
0000001
6000000
0000001
4000000
6000000
4000000
7ffff7f
2000000
4000000
4000000
0000080
0000300
4000000
3f80000
00000ff
7ffffff
4000000
0000080
3ffffff
00000ff
6000000
0000100
3ffffff
004fb39
000007f
00034fa
0000200
7ffff80
000007f
007f000
2000000
4000000
4000000
6000000
0000140
0000100
0000300
3f80000
7ffffff
0000000
7f80000
6000000
0000000
7ffff7f
0000300
7ffffff
6000000
0000080
007f000
7ffffff
7ffff80
0000080
4000000
00001c0
4000000
4000000
0000080
3f80000
3f80000
3ffffff
0000000
0000100
4000000
00e0f94
0000300
0000080
7ffff7f
7f80000
7ffffff
0000001
7f80000
7ffff7f
0000140
0000080
000007f
0000080
0000100
4000000
00000ff
7ffffff
2000000
0000080
0000300
4000000
0000300
00000ff
3f80000
6000000
2000000
7ffffff
0000100
0000001
0000140
0000080
7ffff80
0000200
4000000
0000100
4000000
4000000
007f000
7f8a6e0
3f80000
0047c21
0000001
4000000
7ffff7f
3f80000
7f80000
0000200
0000300
0000080
6000000
4000000
4000000
6000000
6000000
3ffffff
0000200
7f80000
7ffff7f
7ffff80
0000001
0000100
0000080
0000300
3ffffff
0000001
0000000
2000000
3f80000
00000ff
0000001
0000140
0000300
00000ff
0000200
007f000
2000000
007f000
2000000
0000000
4000000
4000000
0000200
0000000
007f000
4000000
0000080
4000000
7ffffff
00000ff
0000080
0000001
0000200
4000000
4000000
0000100
3f80000
7ffff7f
6000000
0000300
0000000
0000200
0000300
0000080
0000300
4000000
0000001
4000000
4000000
000007f
0000100
7f80000
7ffffff
0000001
7ffff7f
0000200
3ffffff
6000000
0000080
001f933
0000140
4000000
007f000
0000000
0000000
7ffff80
0000080
6000000
4000000
00000ff
0000001
0000200
7ffff7f
6000000
3f80000
007f000
7ffffff
4000000
00001c0
00000ff
3f80000
4000000
0000300
3f80000
000007f
4000000
0000001
0000300
4000000
0000300
6000000
007f000
3ffffff
7ff1549
00000ff
0000080
00001c0
7ffffff
2000000
007f000
7f80000
3ffffff
0000140
0000200
0000140
00001c0
00001c0
007f000
3f80000
0000140
0000200
0000100
3f80000
00000ff
2000000
007f000
7ffffff
0000140
0000140
7f80000
0000000
0000080
7f80000
7f80000
0000140
4000000
7f80000
0000100
007f000
00000ff
4000000
7f80000
7f80000
0000080
3ffffff
3f80000
2000000
4000000
7f80000
00000ff
4000000
0000200
0000100
00001c0
007f000
0023d0a
007f000
4000000
4000000
7ffff7f
7ffff7f
7ffff7f
00001c0
0000000
007f000
00001c0
7ffff7f
2000000
0000000
0000000
4000000
2000000
007f000
4000000
7ffff80
3f80000
00d623e
3f80000
4000000
0000080
0000080
7ffff7f
7ff00e9
0000200
7f80000
4000000
7ffffff
0000000
0000300
4000000
3ffffff
0000000
4000000
6000000
0000140
7ffffff
0000080
0000080
00bdaaa
4000000
0000200
007f000
7f80000
0000300
3f80000
000007f
00001c0
0000300
4000000
7ffff80
0000001
3f80000
0000200
7ffff80
0000200
0000300
0000000
4000000
4000000
0000300
7f80000
4000000
7f80000
7f80000
0000000
7ffff80
4000000
6000000
0000100
0000300
3ffffff
4000000
0000000
4000000
7fbda96
4000000
6000000
0000200
0000000
6000000
0000100
6000000
7f80000
000007f
4000000
7ffff80
7ffffff
6000000
0000080
3ffffff
0000001
0000200
2000000
7ffff7f
0000000
3ffffff
007f000
7ffff80
6000000
2000000
000007f
007f000
0000000
7ffff7f
6000000
7f80000
7ffff7f
0000000
0000100
3f80000
00000ff
0000300
7ffff80
0000300
6000000
0000080
4000000
7ffff7f
0000200
7ffff7f
3ffffff
00000ff
7f80000
0000000
000007f
7ffff80
00000ff
7ffffff
000007f
7fdb5e0
0000200
0000140
0000140
7ffffff
007f000
3ffffff
4000000
2000000
00000ff
00000ff
4000000
7ffffff
7f80000
0000140
000007f
7ffffff
00000ff
3ffffff
3ffffff
00001c0
0000001
2000000
0000200
7ffff80
0000000
0000000
000007f
0000100
0000200
4000000
000007f
0000080
4000000
7fbb886
0000140
0000001
4000000
00a40c4
000007f
0000300
3f80000
4000000
4000000
3ffffff
0000300
2000000
7f80000
7fbd85b
3ffffff
00001c0
6000000
7ffffff
6000000
7ffff7f
0000140
4000000
3f80000
0000000
000007f
00000ff
3ffffff
0000080
6000000
4000000
0000080
000007f
0000000
4000000
0000080
0000300
0000300
4000000
4000000
007f000
4000000
00000ff
00001c0
0000001
7ffff7f
2000000
7f1c093
4000000
0000140
4000000
7ffff80
7ffff7f
3ffffff
0000140
7f80000
4000000
00001c0
4000000
7ffffff
0000200
0000080
4000000
6000000
0000000
000007f
3f80000
7ffff80
0000000
0000100
0000100
00000ff
0000080
6000000
4000000
7ffffff
0000100
3f80000
0000000
0000300
7fe9529
7ffff7f
0000000
007f000
007f000
0000001
00000ff
7ffff7f
4000000
007f000
4000000
7ffffff
7ffffff
0000000
7ffff7f
0000000
4000000
4000000
4000000
0000100
0000140
00000ff
00001c0
2000000
0000001
0000200
0000001
00001c0
0000080
00001c0
7f68f31
7ffff80
3f80000
00000ff
00000ff
00001c0
7f80000
7ffff80
3f80000
00001c0
4000000
7ffffff
0000200
7f80000
0000100
0000200
7ffffff
00ad0d2
7ffff80
000007f
0000300
7ffff7f
3f80000
3ffffff
3ffffff
7f80000
00001c0
0000100
0000080
2000000
7ffd2b4
7ffffff
4000000
4000000
4000000
0000000
4000000
3f80000
002cb5b
7f80000
6000000
00001c0
7f80000
007f000
0000100
0000200
0000140
0000100
4000000
6000000
7ffff80
0000200
2000000
4000000
0000000
2000000
0000300
00001c0
00000ff
0000080
0000080
7ffffff
4000000
0000080
007f000
4000000
0000000
7ffff80
0000000
3ffffff
000007f
7f80000
7ffff7f
3f80000
0000001
4000000
4000000
3ffffff
4000000
2000000
6000000
4000000
0000080
0000100
0000300
0000001
3ffffff
0000000
4000000
4000000
0000200
7f673ad
6000000
0000001
0000080
0000300
7f9e2e8
0000200
0000100
00bddc7
00000ff
00001c0
0000100
2000000
4000000
7ffffff
0000140
4000000
2000000
7f7e0f6
0000140
3ffffff
0000080
3f80000
4000000
0000200
7ffff7f
0000140
007f000
7f80000
7ffffff
4000000
0000080
00000ff
0000300
3f80000
4000000
0000080
6000000
7ffff80
4000000
0000200
0000300
0000000
6000000
7f3a7d8
7f80000
4000000
0000200
00000ff
0000200
3f80000
7f80000
000007f
00000ff
0000100
4000000
0000100
7ffffff
4000000
0000300
4000000
007f000
4000000
7ffffff
7ffff80
0000200
0000140
00001c0
0000300
000007f
3ffffff
0000080
7ffff80
007f000
00000ff
6000000
0000001
000007f
0000300
0000001
0000140
7ffff7f
7ffff7f
3f80000
0000000
0000100
007f000
0000080
0000001
7ffff80
7ffffff
0000200
4000000
0000200
00513b6
4000000
0000140
4000000
007f000
6000000
0000140
000007f
0000001
7f80000
7ffff80
7ffff80
0000001
7ffff7f
3ffffff
7f80000
007f000
7ffffff
0000080
000007f
3ffffff
7ffff80
000007f
7ffff80
3f80000
00001c0
2000000
4000000
4000000
3ffffff
00000ff
0000000
4000000
3f80000
00000ff
2000000
0000080
2000000
3ffffff
3f80000
000007f
7ffffff
3f80000
00000ff
0000080
0000080
4000000
00000ff
7f80000
6000000
6000000
00000ff
0000001
7ffffff
4000000
0000140
3f80000
0000000
00000ff
0000140
7ffff80
0000200
7ffffff
0000200
4000000
4000000
6000000
007f000
4000000
7ffff80
4000000
0000000
0000100
00001c0
7f6be49
0000080
0000080
4000000
000007f
000007f
6000000
4000000
4000000
7ffff7f
3ffffff
0000001
7ffff7f
3ffffff
3ffffff
7ffff7f
0000300
00001c0
2000000
4000000
0000000
7ffffff
0037adb
002bdfc
7ffffff
2000000
3f80000
4000000
0000100
007f000
7f80000
0000140
4000000
00000ff
3f80000
4000000
3f80000
0000000
0000200
00000ff
0000100
2000000
0000140
7ffff80
4000000
7ffff80
0000001
0000100
7f80000
0000000
000007f
4000000
4000000
6000000
4000000
0000080
000007f
0000100
000007f
00001c0
0000000
007f000
3f80000
0000300
7ffffff
7f80000
0000200
3f80000
4000000
0000000
7ffff80
0091f7c
0000100
7ffff7f
2000000
0000080
0000000
7ffffff
4000000
3f80000
0000001
006cc1c
000007f
3ffffff
6000000
00000ff
000007f
0000000
7f80000
2000000
0000300
4000000
0000001
6000000
0000300
6000000
7ffff80
7fe83e7
0000080
4000000
0000000
000007f
2000000
4000000
0000200
0000080
6000000
7f50e8d
3ffffff
0000000
007f000
6000000
0000000
0000080
7ffff80
4000000
4000000
0000000
007f000
0000300
7fba40a
0000300
0000000
007f000
0000080
0000000
0000200
7ffff7f
0000001
0000140
7ffffff
7ffffff
00000ff
4000000
00000ff
7ffff7f
7f80000
7ffff7f
00001c0
0000300
0000080
4000000
2000000
4000000
4000000
3f80000
7ffff7f
0000200
7ffffff
007f000
7ffffff
4000000
0000000
4000000
4000000
7f80000
0000300
7fd4560
00000ff
00001c0
0000000
0000000
7ffff80
0000080
2000000
0000300
0000000
4000000
4000000
0000200
000007f
00000ff
7ffff7f
0000100
2000000
007f000
00000ff
007f000
007f000
002725d
0000080
000007f
0000200
0000000
7ffff80
7ffffff
7ffff80
7ffff7f
0000000
2000000
7f80000
0000001
00001c0
4000000
0000100
0000140
4000000
7f7fe4f
4000000
7ffffff
4000000
3f80000
0000140
0000140
0000300
4000000
000007f
4000000
7f80000
000007f
0000200
7ffff7f
00000ff
7f4602d
00001c0
0000140
000007f
7ffffff
6000000
0000140
0000000
4000000
0000140
0000001
7fb2af9
0000001
0000200
0000001
0000140
0000080
0000080
00001c0
3f80000
7ffff7f
0000000
3ffffff
4000000
3ffffff
0000080
007f000
7f80000
3ffffff
000007f
0000140
4000000
0000080
6000000
00000ff
0000000
0000080
4000000
0000300
0000080
7ffff80
4000000
00001c0
0000140
3f80000
3ffffff
00000ff
0000100
7f80000
4000000
007f000
7fb88a2
2000000
0000100
7ffff7f
2000000
000007f
3f80000
7ffffff
00000ff
6000000
7ffffff
00000ff
0000080
4000000
0000140
7f80000
00001c0
7f80000
4000000
00000ff
0000100
0000080
000007f
0000200
0000140
3f80000
2000000
0000001
7f74271
4000000
00001c0
00001c0
00000ff
00001c0
7f76d31
7ffff80
0000000
0000140
3f80000
0000100
7ffff80
000007f
0000080
7ffffff
0000140
0000100
000007f
7ffff80
6000000
7ffff80
6000000
4000000
0000000
7f80000
3f80000
0000000
7ffff7f
0000000
0000300
7f80000
7f4c2c0
0000100
3ffffff
00001c0
3f80000
2000000
4000000
0000200
4000000
4000000
0000140
0000100
4000000
7ffffff
4000000
3f80000
4000000
0000200
6000000
0000140
7ffff80
3f80000
7ffff7f
0000000
3ffffff
000007f
3f80000
0000100
4000000
6000000
4000000
4000000
0000300
0000140
002704a
0000001
0000080
000007f
00000ff
0000000
4000000
4000000
3f80000
0000140
7ffff7f
7f80000
0000300
0000140
0000100
6000000
0000140
0000001
000007f
7ffff7f
0000080
6000000
00a624f
0000080
2000000
4000000
0000300
6000000
000007f
3f80000
3ffffff
4000000
2000000
4000000
007f000
0000000
0000001
6000000
3f80000
4000000
7f80000
0000080
0000300
3f80000
7ffff80
00000ff
0000000
4000000
3f80000
3f80000
4000000
0000300
00001c0
0000140
00001c0
00001c0
7ffffff
00000ff
0000200
7ffff7f
000007f
0000300
6000000
3f80000
4000000
00000ff
007f000
000007f
00defb5
3ffffff
7ffffff
7ffffff
7ffff80
000007f
0000300
7ffffff
7f80000
7ffff7f
0000000
7f34ef7
4000000
4000000
0000200
0000100
0000001
0000300
2000000
0000080
00001c0
4000000
000007f
000007f
000007f
00001c0
00001c0
4000000
3ffffff
4000000
7f80000
7ffffff
7ffff80
7ffff80
7ffff80
4000000
7ffff80
0000300
00000ff
00000ff
0000140
6000000
000007f
7ffffff
7f80000
4000000
0000200
4000000
0000100
0000000
007f000
00000ff
0000000
4000000
0000000
2000000
7f80000
4000000
0000080
0000000
3f80000
3ffffff
0000000
000007f
0000300
0000140
3ffffff
7f80000
2000000
0000200
0000100
4000000
3f80000
2000000
0000001
00000ff
7f80000
0000140
4000000
0000100
4000000
0000200
7ffff80
7ffff7f
0000140
0000300
7ffff80
7fc9b27
0000200
001bb5e
0000200
7ffff7f
0000001
7ffff80
0000100
7ffff7f
2000000
0000000
0000140
0000000
0000001
6000000
4000000
007f000
3f80000
0000100
7ffffff
3f80000
0000300
0000080
0000140
3f80000
3f80000
3f80000
0000140
0000001
00000ff
00001c0
00000ff
2000000
0000001
00001c0
0000300
7f80000
0000300
7ffff80
7ffff7f
0000140
7f80000
00000ff
0000080
0000000
0000001
0000000
0000100
7ffffff
0000100
0000001
00001c0
7ffff80
4000000
6000000
0000140
0000000
000007f
0000080
00001c0
007f000
0000001
000007f
4000000
007f000
0000080
00001c0
0000140
4000000
0077035
004efd4
3f80000
3ffffff
0000001
000007f
0000000
3f80000
4000000
2000000
0000001
0000100
00000ff
007f000
00dea7a
4000000
3ffffff
00001c0
4000000
00001c0
2000000
0000300
7ffff80
0000100
0000100
0000000
0000300
7f80000
0000300
7f80000
0000080
007f000
00000ff
007f000
00000ff
7ffff80
7ffff80
007f000
7ffffff
0000100
0000300
3ffffff
000007f
7ffff80
0000080
4000000
2000000
00000ff
7ffff80
0000200
00001c0
3f80000
7ffff7f
000007f
7f0dc8b
0000001
4000000
4000000
00001c0
3ffffff
0000100
7ffffff
7fdd4f3
0000001
7ffff7f
0000200
008257c
0000080
000007f
00001c0
0000001
4000000
7ffff80
0000300
0000080
7ffff80
4000000
0000200
2000000
00000ff
0007ad5
4000000
0000000
2000000
4000000
4000000
0000001
0000100
0000001
000007f
7ffff80
3ffffff
0000300
7ffff7f
0000100
0000300
7ffffff
7ffff80
6000000
7ffff7f
0000080
3ffffff
00001c0
0000000
7ffff7f
7ffff80
00001c0
3f80000
00000ff
0000001
6000000
4000000
0000300
3ffffff
7ffffff
007f000
0000001
2000000
7ffffff
7ffffff
0000140
6000000
0000001
0012cd4
007f000
0000100
3f80000
3ffffff
0000200
4000000
00001c0
0000200
0000300
007f000
0000300
4000000
0000000
008db33
3ffffff
2000000
00000ff
0000300
7ffffff
0000300
000007f
6000000
0000300
4000000
0000080
0000300
7ffffff
0000000
0000140
0000300
4000000
4000000
4000000
7ffff80
007f000
7ffff7f
0000080
7ffff7f
0000080
00001c0
007f000
0000200
0000140
00001c0
3ffffff
0000001
6000000
0000300
3f80000
0000140
0000200
0000140
00491f2
0000200
0000000
2000000
4000000
0000140
3ffffff
6000000
4000000
00000ff
0000100
0000100
7ffffff
3ffffff
0000300
6000000
0000100
0000300
00001c0
007f000
7ffff7f
6000000
2000000
7ffff7f
7f80000
0000001
0000001
0000200
4000000
0000001
3ffffff
6000000
3ffffff
007f000
7ffffff
6000000
4000000
7ffffff
7f80000
0000140
0000001
7fa3ac9
0000001
0000200
000007f
0000080
2000000
00000ff
2000000
7ffff80
00001c0
0000080
7f80000
7f80000
7ffff7f
7ffff80
4000000
3f80000
6000000
4000000
000007f
0000001
00001c0
4000000
00000ff
0000300
00000ff
4000000
0000300
2000000
0000080
7ffffff
0000000
7ffff80
4000000
2000000
3ffffff
00c048b
3f80000
2000000
0000300
0000300
6000000
4000000
2000000
0000200
2000000
6000000
0000000
7f80000
007f000
00000ff
00001c0
0000000
3f80000
0000080
0000080
4000000
0000001
3ffffff
0000000
0000140
7f80000
3ffffff
3ffffff
0000001
7f80000
0000300
000007f
4000000
4000000
7f80000
7ffff7f
6000000
00000ff
4000000
4000000
0000200
7ffff80
0000100
7ffff7f
00000ff
4000000
7ffff80
7f80000
00001c0
7ffff7f
007f000
007f000
6000000
7ffffff
7feb1bf
3ffffff
2000000
000007f
7ffff80
3f80000
0000080
00000ff
7ffff7f
0000080
0000080
3f80000
7fca39d
4000000
0000100
000007f
4000000
4000000
000007f
0000300
00001c0
000007f
2000000
000007f
0000001
3f80000
00001c0
4000000
7f5f384
6000000
007f000
0000080
3ffffff
3f80000
7ffff7f
0000001
4000000
7ffff7f
00001c0
7f5ef3b
4000000
4000000
007f000
7f80000
3f80000
7ffff7f
0000140
0000140
3f80000
7ffff7f
4000000
0000080
0000001
00000ff
7ffff80
6000000
7ffff80
007f000
3f80000
3f80000
0000000
2000000
0000200
7ffffff
3ffffff
7ffff7f
0000100
0000080
0000080
0000140
0000100
6000000
3f80000
00d4993
3ffffff
0000300
0000140
7ffff80
0000080
7ffff80
3ffffff
0000100
7ffff80
0000200
000007f
0000200
7ffff80
7ffff7f
4000000
0000080
0076289
0000001
0000140
00000ff
00001c0
0000001
0000001
0000000
4000000
0000300
000007f
4000000
4000000
3ffffff
0000080
3f80000
6000000
4000000
0000100
00001c0
7ffff7f
3ffffff
0000000
4000000
3ffffff
007f000
000007f
4000000
4000000
7ffff80
6000000
0000080
0000000
7ffffff
3ffffff
0000140
0000000
0000080
0000200
2000000
00fdb53
00000ff
0000200
7fe0d81
7ffff7f
7f80000
2000000
0000000
7ffff7f
4000000
0000080
0000001
7ffff80
7ffff7f
0000100
0000000
00000ff
00000ff
0000200
000007f
0000200
7ffff80
3ffffff
0000200
0000000
7ffffff
00000ff
0000001
4000000
0000080
0000300
4000000
7ffff80
000007f
4000000
7f80000
0000300
3ffffff
000007f
6000000
4000000
4000000
000007f
4000000
00000ff
4000000
6000000
0000100
00000ff
3f80000
7ffff7f
007f000
7ffff80
7ffffff
0000140
0000000
4000000
3ffffff
00001c0
7ffffff
0000080
7ffff7f
0000000
00001c0
7f80000
0000100
00000ff
00000ff
6000000
00001c0
000007f
3f80000
0000000
7ffff80
007f000
0000100
7ffffff
000007f
3f80000
4000000
4000000
7ffffff
4000000
0000200
0000000
7ffffff
7ffffff
0000001
7ffff7f
7ffffff
7f80000
0000000
7ffff80
006cdac
4000000
00e8408
007f000
00000ff
3ffffff
0000200
0000100
7f80000
00001c0
3ffffff
0000000
4000000
2000000
6000000
00001c0
0000100
000007f
4000000
000007f
0000200
0000140
00001c0
2000000
007f000
6000000
000007f
3ffffff
0000100
0000140
0000001
3f80000
7f80000
7f80000
4000000
00000ff
000007f
7f80000
4000000
7f80000
0000200
3f80000
00001c0
0000100
4000000
0000300
7ffff7f
0000200
00001c0
6000000
00001c0
0000300
4000000
7ffff7f
6000000
2000000
4000000
0000080
2000000
0000140
7ffff7f
3f80000
00001c0
0000300
4000000
007f000
3f80000
4000000
3ffffff
0000140
00001c0
0000000
4000000
7f80000
00001c0
00000ff
0000300
7ffff80
6000000
007f000
4000000
000007f
007f000
0000200
4000000
00000ff
7ffff7f
0000200
2000000
4000000
009d45c
4000000
3ffffff
00000ff
7f11964
4000000
7ffff7f
7ffffff
0000001
00001c0
0000080
2000000
3ffffff
7f8c13a
4000000
7ffff80
4000000
0000000
7ffff7f
0000200
7fab4ed
3ffffff
7ffffff
7ffff7f
7ffff80
00001c0
4000000
3ffffff
0000001
0000300
006903e
00001c0
0035120
000007f
4000000
7f80000
0000140
0000001
000007f
0000140
0000001
7ffff7f
0000000
00001c0
0000100
2000000
0000300
0000100
2000000
00001c0
0000140
7ffff7f
6000000
4000000
7ffff7f
7ffffff
4000000
007f000
2000000
0000001
3ffffff
4000000
4000000
4000000
00000ff
00001c0
3f80000
0000300
00000ff
00001c0
4000000
00000ff
00000ff
0000300
00001c0
0000300
0000200
0000080
4000000
0000140
0000000
007f000
7ffff80
4000000
0000080
7ffffff
4000000
7ffff7f
0000000
0000140
0000200
3ffffff
0000100
4000000
3f80000
0000200
6000000
4000000
6000000
0000080
4000000
0000300
0000080
7f93a90
3ffffff
3ffffff
0000080
0000140
0000200
7ffff80
00000ff
3f80000
0000100
4000000
7f80000
2000000
7ffff7f
00001c0
3ffffff
2000000
7ffff80
000007f
7ffff80
3ffffff
000007f
2000000
0000140
7ffff7f
0000080
7ffff80
00001c0
2000000
00001c0
7ffff80
4000000
6000000
3ffffff
4000000
00000ff
3ffffff
7ffff7f
000007f
3f80000
2000000
0000000
4000000
7ffff80
0000300
3ffffff
0000080
00000ff
7ffffff
0000001
0000100
0000100
4000000
3ffffff
0000000
0000200
7ffff7f
0000140
2000000
0000200
00001c0
4000000
4000000
0000100
7ffffff
0000000
00001c0
0000300
0000300
00e0444
0000140
7ffffff
0000140
2000000
0000300
0000100
2000000
0000140
6000000
007f000
3ffffff
4000000
3ffffff
3f80000
000007f
0000001
0000200
0000300
00000ff
0000100
00000ff
7ffff7f
0000300
0000000
00000ff
0000100
00001c0
7ffff80
6000000
7f0f470
4000000
0000001
0000100
3f80000
4000000
00001c0
7ffff80
0000200
0000200
007f000
2000000
4000000
7ff9019
4000000
2000000
7f80000
00d3bee
7f0d1f9
00001c0
00cf240
00000ff
007f000
7ffffff
4000000
3ffffff
00000ff
00000ff
0000140
7f80000
4000000
00001c0
0000100
4000000
0000000
0000080
0000300
7ffff7f
7ffffff
0000001
0000300
3f80000
6000000
0000080
3ffffff
4000000
0000140
00001c0
0000140
4000000
7ffff7f
7f80000
0000140
6000000
0000140
0000000
0000080
0000000
000007f
0000200
0000000
7ffffff
00001c0
7ffff7f
0000300
7f80000
7ffff80
0000000
000007f
007f000
00000ff
7ffff80
00001c0
7ffff80
00000ff
4000000
7ffffff
000007f
7ffff7f
3ffffff
0000200
000007f
007f000
4000000
00000ff
4000000
000007f
4000000
7f80000
0038e37
3ffffff
4000000
4000000
7ffff7f
000007f
007f000
3f80000
6000000
004fda1
7ffffff
0000200
0000100
0000100
6000000
000007f
7ffff80
0000300
6000000
004182d
7fe78ba
7ffff80
3f80000
4000000
007f000
7ffff7f
7ffff7f
0000001
0000200
4000000
7ffff80
0000100
0000100
0000080
0000001
0000080
0000100
3f80000
7ffff7f
2000000
007f000
3f80000
0000080
7ffff7f
3f80000
4000000
0000200
7f80000
7f7d20f
000007f
007f000
7f80000
0000140
7f80000
0000001
4000000
0000001
0000000
007f000
0000300
0000000
000007f
0000100
3f80000
3f80000
0000001
00000ff
7fb09f0
0000000
7ffff80
0000200
000007f
00f9a5d
000007f
0000000
007f000
7ffff80
7f80000
4000000
4000000
0000001
2000000
2000000
0000001
6000000
0000300
6000000
3f80000
7f80000
0000200
007f000
00001c0
0000100
0000100
0000001
7ffff80
6000000
00001c0
000007f
7ffff80
3ffffff
0091f94
0000300
00000ff
0000140
4000000
3ffffff
2000000
000007f
0000200
007f000
7ffff80
7ffff7f
0000000
4000000
007f000
4000000
0000200
4000000
7f80000
002becd
4000000
000007f
3f80000
3f80000
7ffff80
2000000
2000000
0000000
0000300
3ffffff
0000200
004e23c
00001c0
0000300
0000300
4000000
7f80000
2000000
0000000
0000140
007f000
0000200
0000100
7f80000
00001c0
6000000
3f80000
3f80000
4000000
0000001
007f000
7f80000
000007f
007f000
4000000
000007f
7f80000
6000000
007f000
0000140
7ffffff
000007f
00001c0
7f80000
00a4e2f
0000140
0000000
0000000
007f000
000007f
000007f
7fee795
7f50cc7
7ffff7f
007f000
00001c0
0009355
007f000
7ffffff
00001c0
7f80000
6000000
7ffff80
3f80000
4000000
0000100
0000140
7fc646f
00a28fe
7ffffff
7ffff7f
0000100
0000140
4000000
7ffffff
00000ff
000007f
4000000
7f80000
00000ff
0000001
0000001
0000300
3f80000
3f80000
00020e0
0000001
000007f
00001c0
4000000
0000080
00000ff
3ffffff
000007f
0000100
00001c0
0000001
3ffffff
0000200
0000140
4000000
00000ff
7ffff7f
7f9c088
00000ff
00000ff
7ffff7f
0000200
00001c0
2000000
4000000
00000ff
3ffffff
0000000
0000100
00000ff
7f80000
00985dc
4000000
3f80000
000007f
4000000
00001c0
000007f
007f000
3f80000
0000080
7fea35a
0000100
0000300
00001c0
4000000
00ebd69
7ffffff
4000000
7ffff80
0000140
0000200
0000200
0000001
7f07c45
0000140
3ffffff
4000000
00000ff
000007f
7ffff7f
3ffffff
0000080
3ffffff
0000100
00000ff
000007f
7ffff7f
4000000
00000ff
6000000
0000300
3ffffff
7f80000
2000000
0000001
000007f
7ffff7f
4000000
0000001
3ffffff
0000140
000007f
0000080
7ffffff
4000000
4000000
4000000
4000000
6000000
4000000
2000000
00000ff
000007f
6000000
7ffff80
0000001
2000000
2000000
0000140
0000140
0000300
4000000
00000ff
7ffff7f
7ffff7f
0000000
007f000
4000000
0000080
0000080
0000140
3f80000
0000140
000007f
0000100
0000001
00000ff
7f80000
0000100
2000000
0000200
0000200
7fbbe78
3ffffff
0000080
0000080
7f6575e
0000000
7ffff80
0000000
4000000
0000300
00001c0
0000000
4000000
3ffffff
3f80000
000007f
4000000
0000080
3f80000
7ffff7f
00001c0
007f000
00000ff
6000000
0000300
7f80000
6000000
007f000
0000100
7ffffff
7f80000
0000200
2000000
0000080
2000000
0000300
7ffff7f
7ffff7f
3ffffff
7f80000
3f80000
4000000
00001c0
7ffffff
00001c0
4000000
4000000
00001c0
7ffff7f
0000080
2000000
00001c0
7ffffff
7f80000
2000000
0000000
00001c0
0000140
4000000
0000300
00b8aae
4000000
0000100
0000200
007f000
0000001
7ffff7f
0000100
0000000
0000100
7f85a56
4000000
7ffffff
3f80000
000007f
00000ff
7ffff7f
7f80000
0000300
6000000
3ffffff
0000001
0000000
3f80000
3ffffff
4000000
0000300
0000001
6000000
0000200
00000ff
4000000
7ffff7f
0000100
4000000
0000100
2000000
0000100
2000000
6000000
00000ff
0000001
2000000
7ffff80
000007f
4000000
0000140
0000001
7ffff80
0000140
0000140
0000300
0000100
0000001
7f80000
0000200
3f80000
00001c0
2000000
0000080
3ffffff
7ffff80
4000000
6000000
007f000
000007f
0000100
7ffff7f
3ffffff
0000100
7ffff7f
3ffffff
7ffff80
3ffffff
4000000
4000000
0000080
0000200
0000200
0000200
3f80000
4000000
00000ff
0000001
0000000
00000ff
7ffffff
007f000
3ffffff
00001c0
7f8da9a
7ffff80
4000000
0000000
0000000
0000000
3ffffff
7f80000
7fb0371
0000300
0000000
0000300
7ffff7f
7ffffff
7ffff7f
0000001
0000080
00001c0
3ffffff
7ffffff
4000000
4000000
3f80000
6000000
7ffff7f
3f80000
7ffff7f
0000080
000007f
000007f
4000000
000007f
2000000
7f80000
0000200
4000000
2000000
0000200
00000ff
7f80000
7f80000
4000000
2000000
7ffffff
0000300
4000000
0000300
3ffffff
7f80000
009189f
4000000
000007f
0000001
4000000
2000000
0000001
0000080
0000080
00000ff
0000000
4000000
0000100
00001c0
7ffffff
0000080
4000000
0000140
4000000
0000000
3ffffff
4000000
4000000
4000000
4000000
0000100
7ffff80
0000300
0000000
3ffffff
00001c0
2000000
4000000
4000000
0000140
4000000
7f16f44
0000000
007f000
000007f
0000100
0000000
2000000
2000000
0000200
6000000
3ffffff
000007f
000007f
007d8ce
0000001
0000000
0000000
7ffff7f
0000100
4000000
0000140
0000000
000007f
0000100
0000200
3f80000
3f80000
0000300
7ffff80
0000000
0000001
0000200
3ffffff
0000000
3ffffff
3f80000
0000300
3ffffff
3ffffff
4000000
3ffffff
3ffffff
0000080
007f000
00e86da
4000000
0000100
4000000
000007f
0037800
007f000
3f80000
0000200
7f80000
00000ff
7f80000
3ffffff
4000000
4000000
0000200
0000080
000007f
0000140
0000001
0000000
0000001
0000001
7ffffff
7ffff80
7f80000
7f80000
7ffff80
0000080
3f80000
008d290
7ffff80
3ffffff
0000080
0000200
00000ff
4000000
4000000
006639b
00a82c4
6000000
000007f
00001c0
0000200
3f80000
2000000
7f80000
0000100
3f80000
4000000
7ffff80
2000000
0000140
7ffff7f
0000200
0000080
0000140
2000000
0000200
7f8c699
7ffffff
7ffffff
004f5c0
001efaf
0000100
0000080
6000000
0000080
0000300
7ffff80
7ffff80
6000000
00000ff
0000080
001472f
7ffff80
6000000
7f80000
4000000
4000000
7ffffff
3ffffff
00000ff
00001c0
7ffff80
0000100
00000ff
0000300
4000000
0000300
0000001
0000200
7ffff7f
0000001
2000000
7ffff7f
00001c0
00001c0
007f000
3f80000
00001c0
4000000
7ffff7f
00001c0
4000000
00001c0
7ffff7f
7ffff7f
0000080
000007f
6000000
4000000
4000000
4000000
3f80000
3f80000
00001c0
00001c0
7ffff80
4000000
0000140
00001c0
0000001
00001c0
4000000
0000080
7ffffff
00000ff
000007f
2000000
3f80000
7ffffff
3ffffff
0000300
0000001
4000000
7ffffff
0000140
007f000
7f80000
7f80000
0000001
7f80000
0000001
6000000
0035f8c
4000000
7feac51
6000000
4000000
4000000
3ffffff
0000100
7f80000
7f80000
4000000
000007f
0000001
3ffffff
0000001
007f000
0000080
0000300
00000ff
00000ff
7ffff80
0000200
0000300
0000100
7ffffff
7ffffff
0000140
6000000
7ffff7f
4000000
0000000
4000000
6000000
7f80000
7ffff80
0000100
0000200
0000000
2000000
7ffff80
0000100
00001c0
3ffffff
7ffffff
7ffff7f
2000000
0000140
7f80000
000007f
4000000
7f80000
0000140
00001c0
7ffffff
4000000
0000200
3f80000
7f80000
0000140
000007f
7f80000
7ffff7f
0000100
000007f
4000000
0000000
3ffffff
00001c0
0000140
7ffff80
0000000
4000000
0000140
4000000
7ffff80
007f000
0000300
00000ff
0000300
6000000
0000300
00000ff
0000140
7ffff7f
2000000
00001c0
0000001
7ffff80
0000300
4000000
7ffff7f
000007f
0000140
00001c0
00001c0
0000140
0000100
4000000
7ffff80
0000100
00000ff
00001c0
4000000
00000ff
3ffffff
4000000
3ffffff
000007f
3f80000
0000200
3ffffff
0000001
007f000
7ffffff
7ffff7f
0000140
007f000
6000000
0000300
0000001
4000000
4000000
4000000
3f80000
4000000
7ffff7f
004128d
000007f
0000001
0000140
7ffffff
4000000
007f000
7ffff7f
7ffff80
7f520b5
4000000
7f80000
7f80000
4000000
7ffff80
00000ff
4000000
7ffff80
7ffffff
00000ff
3f80000
4000000
0000080
0000140
007f000
4000000
000007f
00001c0
3ffffff
2000000
6000000
4000000
4000000
0000200
7ffff80
0000100
3f80000
4000000
00000ff
0000001
4000000
0000100
00001c0
0000200
2000000
000007f
0000300
7ffff80
2000000
000007f
2000000
3ffffff
000007f
0000200
4000000
0000080
0000300
00001c0
0000100
3ffffff
000007f
7f80000
4000000
7ffffff
6000000
3ffffff
3f80000
00001c0
0000200
000007f
0000000
0000001
0000100
7ffff80
000007f
00001c0
7ffff80
00000ff
7f80000
7ffff7f
7ffff80
4000000
0000000
7f80000
0000100
7f80000
4000000
0000300
0000000
0000300
007f000
7ffffff
4000000
007f000
0000100
7fd12a5
3f80000
007f000
000007f
4000000
3ffffff
4000000
00000ff
0000200
0000140
0000000
0000080
0000001
3ffffff
00001c0
0000000
0000001
000007f
7f412fb
7ffffff
7ffff7f
00000ff
0000080
0000000
0000140
000007f
0000140
0000200
4000000
007f000
7ffffff
3f80000
0000200
00001c0
0000200
3ffffff
0000100
0000000
2000000
4000000
4000000
000007f
4000000
7ffffff
0000001
4000000
7f0406e
7f80000
0000100
7f16c0a
3ffffff
0000300
0000300
0000001
0000300
7ffffff
7f80000
0000300
3ffffff
0000001
7f80000
0000200
3f80000
4000000
3ffffff
0000100
001721f
4000000
4000000
0000140
00001c0
7f1b34e
000007f
4000000
7ffff7f
4000000
3ffffff
0000200
4000000
0000140
3f80000
00001c0
7ffff80
0000000
7ffff80
0000140
7f80000
000007f
7ffff80
6000000
0000300
7ffff80
4000000
0000001
007f000
2000000
0000100
4000000
0000140
00001c0
00001c0
2000000
007f000
0000300
0000140
0000080
00000ff
007f000
0000140
0000100
0000300
000007f
00000ff
0000000
0000000
0000001
6000000
6000000
2000000
7ffff80
7f80000
0000001
7f80000
4000000
6000000
00000ff
7f80000
3ffffff
6000000
7f80000
00000ff
7ffff80
7ffff80
0000100
3f80000
3ffffff
7ffffff
0000000
000007f
4000000
0000000
0000200
009eb47
7ffff80
7ffff80
0000100
0000100
3f80000
0000080
2000000
0000080
4000000
3f80000
00000ff
0000000
0000080
4000000
0000000
0000200
2000000
0000080
4000000
3f80000
4000000
0000140
0000001
000007f
7ffffff
7f80000
0000300
3ffffff
7ffff7f
0000100
0000300
3ffffff
7ffff7f
0000140
000007f
7ffff7f
0000001
4000000
3f80000
000007f
2000000
0000100
3f80000
3ffffff
7ffff80
0000000
0000200
0000000
007f000
0000200
0000080
3ffffff
4000000
0000140
0000000
2000000
007f000
0000100
0000140
7ffff7f
0000000
0000140
3ffffff
3ffffff
7ffff80
7ffff7f
0000000
4000000
003c12a
7ffffff
6000000
0000200
0000140
3ffffff
007f000
2000000
4000000
7ffff7f
0000100
0000200
0000100
4000000
0000100
4000000
00000ff
0000300
3ffffff
4000000
0000000
7ffffff
000007f
0000080
000007f
007f000
3f80000
7f80000
7ffff7f
7ffff80
4000000
0000300
0000300
0000000
0000300
7ffff7f
0000300
6000000
4000000
7ffff80
0000100
0000001
7f80000
0000200
0000080
4000000
4000000
0000000
007f000
0083e5a
0000000
0000140
0000001
7ffff80
0000001
7f740a8
7ffff7f
4000000
0000100
0000000
7ffff7f
0000140
0000140
2000000
0000100
007f000
4000000
003564c
6000000
00001c0
0000300
7ffffff
7f8f55b
0000300
2000000
0000300
000007f
6000000
6000000
00001c0
6000000
4000000
000007f
7fc89ca
0000140
7f4cda4
007f596
4000000
0000100
7ffff80
2000000
0000100
2000000
0000001
000007f
7ffff7f
7ffff7f
00000ff
000007f
3f80000
2000000
7ffff80
7f3c681
3ffffff
4000000
00000ff
4000000
4000000
7ffffff
4000000
7ffff7f
0000001
7ffff80
007f000
00000ff
4000000
0000200
000007f
00000ff
0000000
0000300
0000300
0000200
0000300
2000000
0000140
4000000
0000140
6000000
2000000
0000001
4000000
007f000
3ffffff
4000000
3ffffff
4000000
0000100
000007f
007f000
000007f
00000ff
0000100
7ffff7f
7ffff80
7ffff7f
4000000
0000001
4000000
4000000
2000000
7f80000
7f80000
0000100
4000000
000007f
0000100
00000ff
6000000
3f80000
00001c0
0000200
4000000
000007f
007f000
2000000
4000000
0000200
3ffffff
4000000
7ffff7f
7fe7298
4000000
007f000
000007f
007f000
7f6fc9e
2000000
2000000
7f80000
2000000
4000000
007f000
4000000
0000080
0000000
3f80000
0000001
7ffffff
000007f
3ffffff
0000001
007f000
7ffff7f
007f000
7ffff80
000007f
4000000
0000100
00001c0
0000200
4000000
0000001
7ffff80
6000000
3ffffff
7ffffff
0000300
4000000
0000140
0000200
7ffff80
0000140
0000001
4000000
7ffffff
7ffff80
7ffff80
6000000
4000000
0000300
00000ff
0000200
3f80000
00001c0
7ffff80
0000000
7ffff80
0000200
2000000
3f80000
007f000
00001c0
3f80000
0000200
7f1eb7d
007f000
7ffffff
0000001
4000000
7f80000
00000ff
0000001
7ffffff
000007f
4000000
0000080
0000200
7ffff80
2000000
7ffff7f
3ffffff
4000000
3ffffff
3ffffff
4000000
3ffffff
0000100
6000000
0000200
0000300
3f80000
4000000
00001c0
007f000
3ffffff
3ffffff
0000200
000007f
7ffff7f
00001c0
00000ff
7ffff7f
0000200
000007f
7f80000
4000000
3ffffff
0000300
0000000
7ffff7f
0000300
0000080
0000001
4000000
2000000
3f80000
7ffff7f
000007f
0000300
6000000
0000200
6000000
4000000
0000300
3f80000
7ffff7f
4000000
3f80000
007f000
00001c0
007f000
4000000
4000000
6000000
0000140
0000100
0000200
6000000
4000000
0000080
4000000
0000000
7fec03d
00001c0
4000000
0019e4d
4000000
7ffffff
0000300
0000001
4000000
0000140
0000001
0000140
00000ff
3ffffff
7f80000
00000ff
000007f
0000100
3ffffff
7ffff7f
00000ff
7ffff7f
7ffff7f
7f80000
000007f
00181f5
7ffffff
003ed3b
2000000
0000140
7ffffff
4000000
4000000
00001c0
4000000
4000000
0000001
3ffffff
6000000
3f80000
2000000
7ffffff
7ffffff
0000200
3ffffff
4000000
7ffffff
6000000
7ffff7f
4000000
00001c0
0000140
000007f
0000200
4000000
2000000
2000000
2000000
00000ff
7ffff7f
0000100
0000001
0000200
0000100
6000000
0000100
0000100
00001c0
7ffff80
0000100
2000000
7f80000
7ffffff
007f000
0000001
00001c0
000007f
0000300
0000000
4000000
0000200
00000ff
7fd62b3
2000000
4000000
0000100
7f80000
0000080
4000000
4000000
0000100
7ffff80
4000000
007f000
0000000
0000100
0000000
3f80000
7ffff7f
0000080
0000001
00001c0
0000100
00001c0
3ffffff
6000000
7ffffff
4000000
4000000
0000001
7fdd1a8
4000000
7f3eeff
2000000
4000000
0000300
000007f
3f80000
0000300
4000000
00000ff
4000000
0000200
3f80000
0000140
0000001
7f80000
0000100
0000140
3ffffff
4000000
0000300
00000ff
0000140
007f000
4000000
0000140
0000140
6000000
7ffffff
7f80000
7ffff80
0000080
0000000
0000080
7ffff80
0000100
0000200
6000000
0000140
00001c0
0000000
0000140
00000ff
00001c0
000007f
4000000
7ffff7f
3f80000
4000000
7ffff80
0000140
00d74e6
7ffffff
00000ff
7f80000
7ffffff
4000000
0000100
007f000
7ffff80
3f80000
000007f
0000100
4000000
2000000
0000000
7ffff80
2000000
4000000
4000000
7ffff80
0000140
4000000
000007f
0000100
0000200
6000000
00d0cf3
3ffffff
6000000
3f80000
4000000
0000140
00001c0
00001c0
7ffffff
0000200
00001c0
7ffff7f
3f80000
007f000
4000000
7ffffff
7ffffff
2000000
0000000
007f000
2000000
4000000
7f873d6
2000000
7f80000
4000000
0000100
000007f
4000000
7ffff7f
7ffffff
0058f01
0000300
4000000
00001c0
00000ff
0000000
3ffffff
0000140
007f000
002380a
000007f
2000000
007f000
4000000
007f000
2000000
0000100
6000000
3f80000
0000140
000007f
0000001
4000000
0000200
0000000
7f80000
0000080
4000000
0000001
4000000
007f000
00457c6
00cca3b
00001c0
4000000
0000001
0000100
0000080
4000000
00a1dda
4000000
0000140
0000300
0000200
7ffffff
3ffffff
0000000
007f000
3ffffff
6000000
3f80000
6000000
000007f
0000200
2000000
0000140
7ffff7f
2000000
007f000
7ffff80
4000000
7ffff80
0000100
7f83fdb
2000000
7f80000
7ffff80
007f000
7ffff7f
0000100
000007f
00000ff
00001c0
0000080
000007f
000007f
7f80000
00000ff
0000080
3f80000
0000200
4000000
0000200
0000300
7ffff7f
3ffffff
4000000
0000200
7ffffff
00001c0
7ffff7f
0000000
0000000
0000080
4000000
7f9edfe
0000000
0000140
7ffffff
00001c0
7f80000
7ff8f81
0000300
6000000
7f80000
007f000
2000000
4000000
0000001
6000000
00001c0
000007f
0000001
0000080
4000000
3ffffff
2000000
7ffff7f
7ffffff
00e482a
0000200
7ffff80
7ffffff
007f000
6000000
0000300
7ffff7f
7f80000
4000000
0000080
00001c0
000007f
0000300
00001c0
0000300
2000000
3f80000
007f000
7ffff80
000007f
7ffff7f
00000ff
4000000
7ffffff
0000100
0000100
3ffffff
7ffffff
007f000
0000200
3f80000
7ffff7f
6000000
007f000
7ffffff
7ffff80
6000000
0000080
0000140
2000000
3f80000
4000000
0000140
00001c0
4000000
00001c0
3f80000
7fc845e
000007f
0000200
7ffff7f
00000ff
3ffffff
4000000
0000080
7ffffff
6000000
3f80000
0000200
2000000
00001c0
0000300
7f7172e
0000200
0000100
0000300
0000200
7ffffff
7f80000
00001c0
2000000
3f80000
0000080
4000000
7ffff7f
7f80000
00000ff
0000100
007f000
0000300
7ffff7f
3f80000
0000140
3ffffff
0000100
0000140
7f80000
3f80000
7fbb078
0000001
2000000
4000000
0000000
3f80000
0000000
4000000
4000000
4000000
7ffff80
000007f
4000000
00000ff
7ffffff
0000000
0000300
6000000
0076c0f
7ffff7f
0000100
3ffffff
0000300
7ffffff
00001c0
4000000
00000ff
0000200
6000000
7f80000
7ffffff
00001c0
00fc06b
3ffffff
7ffff80
7f80000
0000140
000007f
6000000
3f80000
00afb33
00000ff
000007f
008bbef
0000000
0000300
7ffffff
2000000
7ffffff
3ffffff
7ffff7f
0000200
7f80000
2000000
2000000
0000001
7ffff7f
4000000
7ffff7f
00000ff
7ffffff
00001c0
4000000
007f000
00000ff
0000300
7f80000
6000000
0000200
0000140
3ffffff
0000300
00001c0
00001c0
00000ff
7ffff80
4000000
4000000
0000300
7ffffff
4000000
3f80000
0000140
0000200
3ffffff
0000080
7fb087f
2000000
00001c0
0000140
0000300
0000200
00001c0
7ffff80
0000300
0000001
6000000
0000080
0000001
000007f
7f80000
0000300
0000001
7f38f18
7ffff7f
0000000
2000000
0000100
00000ff
4000000
7ffff80
00001c0
4000000
00001c0
0000100
7ffffff
0000300
000007f
0000100
7f80000
00000ff
0000001
2000000
007f000
4000000
6000000
7ffffff
00001c0
0000140
2000000
3ffffff
3ffffff
4000000
0000140
3ffffff
000007f
3f80000
7ffff80
4000000
7ffffff
000007f
3f80000
0000140
7ffff7f
000007f
0000080
7f9a4df
000007f
0000100
0000080
7ffffff
4000000
0000100
00001c0
4000000
0000080
7ffffff
0000140
3ffffff
000007f
2000000
0000200
0000001
4000000
7ffff80
7ffff7f
0000000
007f000
0000300
4000000
7ffffff
00b81d3
00000ff
0000300
7f2a292
0000100
2000000
7fe150a
000007f
00000ff
7ffffff
4000000
0000080
7f80000
0000080
0000100
4000000
3ffffff
7ffff7f
00000ff
0000000
0000000
7ffff80
0000080
0000200
7ffff80
0000080
000007f
0000200
00001c0
0000100
7ffff80
4000000
2000000
0004a4e
6000000
000007f
6000000
2000000
2000000
4000000
0000000
00000ff
000007f
0000300
4000000
7ffff7f
7ffff80
4000000
3ffffff
000007f
7ffff7f
00000ff
4000000
0000100
3ffffff
4000000
7ffff7f
0000300
2000000
00001c0
00001c0
007f000
7f80000
000007f
00001c0
2000000
3ffffff
3ffffff
0000100
0000300
7ffff80
3ffffff
0000100
0000140
007f000
0000001
7f80000
7ffff80
7ffff7f
3ffffff
7f712e9
2000000
3f80000
2000000
2000000
0000080
000007f
7f80000
0000200
0000100
7ffff7f
7ffff80
3f80000
0000001
0000000
3f80000
4000000
7ffff80
0000200
0000140
0000000
00000ff
0000300
7f80000
0000000
7ffffff
007f000
2000000
000007f
3ffffff
3ffffff
000007f
3ffffff
4000000
4000000
2000000
0000300
3ffffff
0000000
7ffff7f
0000200
0000080
00001c0
0000001
0000100
7ffffff
000007f
4000000
0000001
3ffffff
4000000
7ffff7f
00000ff
0000000
0000001
6000000
0000100
0000000
00a4724
3f80000
6000000
0000300
0000300
3ffffff
7f80000
0000100
4000000
7ffff7f
4000000
0000200
7ffff7f
0000140
7f80000
3ffffff
3f80000
00001c0
0000080
0000300
3f80000
3f80000
0000000
7f80000
7ffff80
0000100
3f80000
3f80000
6000000
7ffffff
00000ff
3f80000
7ffffff
7ffff80
2000000
00000ff
6000000
000007f
7ffff80
00000ff
2000000
00698f2
0000300
0000100
0000000
000007f
007f000
2000000
000007f
4000000
2000000
7f80000
7ffff7f
7ffffff
007f000
0000300
7ffffff
4000000
00000ff
0000100
0000080
4000000
7ffffff
00f6e20
0000000
0000000
00001c0
4000000
0000200
7ffff80
00001c0
0000000
00000ff
0000000
0000100
7ffffff
0000080
4000000
7ffff7f
7f80000
0000200
2000000
4000000
3f80000
0000140
007f000
0000300
00000ff
0000000
007f000
4000000
3f80000
0000000
0000080
0000200
0000140
0094458
3ffffff
0000100
7f22eee
6000000
0000001
0000001
0000001
7f80000
00000ff
007f000
7f80000
6000000
0000000
7ffff7f
3f80000
00001c0
4000000
7ffffff
0000001
2000000
0000001
0000080
7fe46f2
0000000
0000200
00001c0
4000000
0000080
2000000
4000000
0000200
7f80000
7ffffff
0000000
7ffffff
000007f
2000000
00001c0
3f80000
0000000
0000140
000007f
7ffff80
00001c0
4000000
6000000
7f80000
00000ff
7f80000
0000140
0000080
0000000
7ffff80
0000140
007f000
0000001
7f80000
7ffff7f
00000ff
00775e3
0000200
7ffff80
0000001
00001c0
2000000
0000200
000007f
3f80000
7f80000
0000140
0000080
7f948ec
00000ff
7f80000
0000200
7ffffff
7ffffff
00000ff
0000100
000007f
0000300
6000000
7f8f482
4000000
0012cd2
4000000
0000140
4000000
0000140
2000000
0000200
00000ff
0000200
000007f
0000000
0000000
3ffffff
3ffffff
7ffffff
4000000
007f000
2000000
0000140
7ffff7f
0000140
0000100
0000100
7ffff80
7ffffff
4000000
0000080
3ffffff
7f80000
3f80000
0000200
7ffff80
7f57d5c
6000000
3f80000
3ffffff
0000200
0000200
00000ff
6000000
00001c0
6000000
4000000
7fb029c
0000000
0000100
7f80000
000007f
6000000
00001c0
00000ff
0000080
0000140
00001c0
3f80000
4000000
7f80000
7ffff80
0000001
4000000
4000000
0000140
000007f
0000000
4000000
3f80000
7ffff7f
3f80000
4000000
0000300
0000140
00001c0
0000080
4000000
7ffff7f
3f80000
0000001
7ffff80
0000300
3f80000
7ffffff
0000080
7f470c7
4000000
7ffff7f
0000001
7ffff80
0000080
4000000
2000000
7ffffff
7f80000
007f000
6000000
0050176
4000000
0000140
000c67d
00001c0
7ffffff
0000000
6000000
7ffff7f
7ffffff
3f80000
4000000
0000000
3f80000
0000000
007f000
4000000
0000300
4000000
3ffffff
0000080
4000000
000007f
00000ff
7f80000
0000080
6000000
7f80000
7ffff7f
0000000
4000000
7ffff7f
00001c0
2000000
7ffff80
4000000
007f000
000007f
7ffffff
6000000
2000000
0000140
4000000
2000000
0000140
2000000
4000000
7ffff80
4000000
3ffffff
007f000
7f80000
7f80000
0000080
0032607
0000001
0000300
000007f
0000140
7f80000
7ffff80
0000140
007297d
7f80000
3f80000
7f80000
00001c0
00001c0
7ffff7f
00822b9
007f000
0000300
0000140
7f80000
0000100
0000100
007f000
0000200
0000000
4000000
6000000
2000000
0000300
0000080
00001c0
00001c0
00001c0
000007f
7ffffff
0000080
0000080
00a4255
000007f
7f80000
0000100
4000000
3ffffff
4000000
00001c0
007f000
7ffffff
007f000
6000000
3ffffff
3f80000
3f80000
7ffff7f
007f000
0000100
00000ff
00000ff
7ffff7f
7ffff7f
3ffffff
0000200
4000000
4000000
7f80000
6000000
7ffff80
000007f
0000300
0000000
4000000
00000ff
7ffffff
4000000
0000200
000007f
00001c0
2000000
0000140
7fd94b9
4000000
0000200
4000000
3f80000
00001c0
0000300
3ffffff
7f80000
0000100
7ffff7f
007f000
7f2402b
7ff814f
7ffffff
2000000
00c1e7e
00000ff
0000080
2000000
0000080
7ffffff
6000000
0000000
7f58c39
000007f
4000000
0000080
007f000
6000000
3f80000
7ffff7f
000007f
7ffff7f
7ffffff
0000001
4000000
0000100
6000000
000007f
3f80000
007f000
0000001
7ffff7f
00000ff
4000000
4000000
4000000
7ffff80
2000000
0000000
2000000
000007f
7f80000
4000000
7ffff7f
7f09fd5
7f63bdb
0000200
0000001
0000300
0000300
7f80000
0000200
2000000
7ffffff
0000140
0000000
2000000
4000000
7ffff80
0000300
2000000
0000080
7f80000
7ffff7f
4000000
4000000
7ffff7f
000007f
007f000
0000300
7ffffff
3ffffff
000007f
0000140
00000ff
3f80000
0000300
0000100
7ffff7f
0000000
0000100
2000000
007f000
0000300
7f80000
7ffff80
0000200
0000080
7f80000
2000000
7ffff80
7f40a38
3f80000
007f000
4000000
000007f
3ffffff
6000000
00001c0
0000200
0000200
00001c0
3f80000
0000140
0000200
4000000
4000000
0000100
3ffffff
4000000
6000000
00000ff
0000140
7ffff80
2000000
7f80000
0000000
4000000
4000000
0000300
0013772
0000200
0000080
7f80000
0000140
7f80000
7ffffff
7ffff7f
2000000
00001c0
0000001
0000080
00000ff
0000140
0000140
000007f
00000ff
000007f
2000000
0000000
3f80000
7ffff80
00001c0
00000ff
7ffff80
4000000
007f000
7f80000
000007f
3ffffff
0000001
007f000
3ffffff
3ffffff
00001c0
4000000
2000000
0000000
007f000
0000100
000007f
3ffffff
000007f
000007f
000007f
4000000
000007f
7ffff7f
7f80000
0000300
0000100
7ffff80
0000200
00001c0
4000000
7ffff7f
7f80000
7ffff7f
0000200
000007f
0000080
000007f
3f80000
6000000
00001c0
0000000
4000000
000007f
0000300
0024a70
0000001
6000000
4000000
00000ff
0000200
4000000
7ffff80
007f000
00000ff
0000080
007f000
0000080
4000000
7f9b8cb
000202f
000007f
000007f
2000000
3f80000
0000200
00000ff
0000000
00001c0
00000ff
000007f
00001c0
7f80000
4000000
0000100
0000100
0000001
4000000
00c8c44
0000140
00000ff
0000000
7ffff80
4000000
007f000
3f80000
3ffffff
0000001
0000001
00001c0
3f80000
0000080
4000000
7faa71b
4000000
4000000
0000300
0000000
2000000
000007f
00000ff
3f80000
3ffffff
00000ff
3f80000
0000080
4000000
7ffffff
0000200
00000ff
4000000
007f000
00001c0
00964b8
2000000
7f80000
007f000
7f80000
008c6fc
3f80000
4000000
7ffff80
00000ff
4000000
007f000
7ffff7f
7ffff80
4000000
2000000
00000ff
3ffffff
7ffff7f
3ffffff
0000300
4000000
7ffffff
3f80000
0000200
0000200
00000ff
7ffffff
00000ff
0000300
7ffff80
4000000
0000000
6000000
0000200
4000000
2000000
0000100
6000000
0000000
0000140
3f80000
0000000
4000000
0000100
0000200
7ffff80
7ffffff
2000000
0000080
007f000
7f9b83b
00000ff
000007f
7ffffff
0000200
2000000
0000100
7f80000
0000001
3ffffff
4000000
2000000
4000000
7ffffff
0000000
00000ff
7f80000
007f000
0000000
3f80000
4000000
4000000
0000001
0000080
3f80000
2000000
0000140
000007f
6000000
7f80000
0000000
7ffff7f
0000300
0000100
00000ff
2000000
3ffffff
0000080
0000100
2000000
0000001
3ffffff
0000080
0000000
00001c0
0000200
006e138
3f80000
3f80000
7ffff7f
00001c0
4000000
7ffff80
0000100
0000300
7ffff80
000007f
000007f
4000000
0000140
6000000
6000000
7ffffff
0000300
7f80000
007f000
0000100
7ffff7f
2000000
6000000
00000ff
3ffffff
4000000
3f80000
4000000
0000140
0000100
002a4b4
0000140
000007f
0000100
4000000
0000000
3f80000
3ffffff
0000080
0000080
3f80000
3ffffff
0000100
3ffffff
00001c0
0000200
2000000
00321a5
0000140
4000000
3f80000
2000000
0000300
7ffff7f
00000ff
3ffffff
6000000
3ffffff
6000000
3ffffff
7f80000
2000000
4000000
0000001
2000000
7f6bb86
7f80000
007f000
2000000
3ffffff
0000100
7ffff80
0000001
0000300
0000140
0000200
0000001
2000000
3ffffff
007f000
0000080
0000300
2000000
0000300
4000000
0000100
000007f
0000200
7ffff7f
2000000
0000001
0000001
7fc122a
7ffff7f
0000140
4000000
2000000
0000001
7f285df
0000001
4000000
0000100
0000200
0000140
6000000
2000000
00001c0
00000ff
00000ff
00000ff
0000300
7ffff7f
4000000
0000100
0000001
3ffffff
0000300
0000100
007f000
0000000
7f80000
6000000
00000ff
7f80000
4000000
4000000
7ffff80
0000140
7f80000
7ffff80
00001c0
0000300
0000140
0000000
2000000
4000000
000007f
0000200
7ffffff
7ffffff
0000200
0000001
7ffff7f
0000300
0000100
0000000
3ffffff
0000140
00001c0
6000000
0000000
6000000
7ffff7f
3f80000
7ffffff
7ffffff
7ffffff
3ffffff
007f000
4000000
00db7fd
2000000
000007f
00001c0
3ffffff
00001c0
7ffff80
7ffff7f
0000200
0000001
7ffff80
7ffff80
4000000
2000000
00000ff
4000000
00000ff
000007f
007f000
4000000
7ffffff
4000000
0000080
0000000
7ffff7f
3f80000
6000000
4000000
4000000
4000000
0000080
0000001
7ffff7f
7ffff80
0000100
0000000
000007f
3f80000
7ffff7f
4000000
0000080
00000ff
7ffff80
7ffff80
4000000
4000000
0000100
0000100
4000000
2000000
7ffffff
0000200
7ffff7f
4000000
0000000
0000140
3ffffff
4000000
0000080
6000000
2000000
0000001
7ffffff
6000000
00001c0
0000000
0000200
3f80000
3ffffff
007f000
000007f
0000000
007d689
0000300
7ffffff
4000000
00001c0
007f000
3f80000
7ffffff
000b585
7ffffff
0000080
7ffff7f
4000000
2000000
0000100
0000000
7ffff80
0000140
00000ff
4000000
7ffff7f
0000000
3f80000
007f000
00000ff
00000ff
3f80000
007f000
7ffff7f
7ffff80
7ffff80
0000200
4000000
7ffff80
0000300
0000000
0000140
0000140
4000000
002a3bd
3ffffff
4000000
2000000
0000000
4000000
4000000
3ffffff
00000ff
0000300
007f000
4000000
00f5a5d
00000ff
4000000
6000000
7f80000
6000000
00001c0
3f80000
4000000
0000000
0046b61
0000000
0000100
7f36ead
000007f
7f80000
00b3e52
0000100
0000300
007f000
4000000
7ffffff
0000100
00001c0
000007f
00000ff
00001c0
4000000
4000000
00000ff
3f80000
0000200
3f80000
00001c0
0000001
2000000
0000080
7ffff80
0000200
7f53c49
0000100
0000001
7ffff80
00001c0
2000000
4000000
7ffffff
0000200
007f000
4000000
0000200
4000000
0000140
6000000
0000300
3ffffff
2000000
7f80000
000007f
3ffffff
0000000
4000000
7ffff7f
3f80000
7ffff80
000007f
7f80000
4000000
0000080
0000080
0000001
4000000
000007f
7ffff80
0000140
0000200
6000000
0000001
0000200
0000300
4000000
00000ff
4000000
7ffff7f
0000001
6000000
7ffff7f
3f80000
7ffff7f
4000000
00000ff
0000000
00f97a1
4000000
3f80000
4000000
4000000
3ffffff
0072b59
7ffff80
7f80000
0000300
7ffff7f
3f80000
6000000
4000000
0000200
3f80000
007f000
0000001
0000080
00555ce
000007f
0000100
3ffffff
7ffffff
4000000
3ffffff
0000300
0000140
00001c0
7ffff7f
0000140
0000100
7ffff80
3ffffff
3f80000
0000100
4000000
7ffff80
00000ff
000007f
00000ff
4000000
7f80000
0000300
3ffffff
0000300
4000000
0000200
4000000
2000000
0000100
4000000
007f000
000007f
0000200
7ffff7f
0000300
6000000
0000080
3f80000
4000000
4000000
4000000
00000ff
7ffffff
4000000
7ffff7f
7ffff7f
7ffff7f
4000000
7ffffff
007f000
0000140
3ffffff
6000000
4000000
007f000
7f80000
2000000
7f2d2ba
3ffffff
7ffff80
4000000
00001c0
4000000
6000000
007f000
7f80000
0000000
0000000
0000100
6000000
000007f
7ffffff
0000100
4000000
2000000
000007f
00001c0
0000000
7ffff80
0000300
3f80000
0000140
7f80000
00001c0
000007f
7ffff80
0000200
0000200
0000080
000007f
000007f
7ffff80
0000000
000007f
4000000
000007f
3f80000
4000000
3ffffff
7ffffff
0000000
3f80000
0000300
4000000
4000000
2000000
00001c0
0000000
0000000
7f80000
3ffffff
2000000
7fb075f
000007f
0000140
3f80000
0000080
0000300
3ffffff
000007f
4000000
7ffff7f
0000200
3f80000
7ffff80
0000000
7f80000
0000300
3ffffff
7ffff80
6000000
00001c0
0000080
7ffff7f
007f000
7f65d06
000007f
7f80000
4000000
0000080
7ffffff
7ffffff
00000ff
007f000
00000ff
007f000
0000140
0000140
0000080
0000140
0000000
0000080
4000000
0000000
4000000
3f80000
0000300
3f80000
7ffffff
0000080
7f80000
007f000
00001c0
0000001
0000100
00001c0
6000000
4000000
7f89da0
7ffff7f
0000080
7f8575b
7ffff7f
3f80000
7f562b8
0000140
00000ff
3ffffff
4000000
3ffffff
0000080
3f80000
7f80000
0000001
4000000
0000300
0000140
7ffff80
3ffffff
7ffff7f
4000000
00000ff
0000100
0000140
4000000
0000200
0000140
7ffff80
0000200
4000000
3f80000
0000200
4000000
0000001
0000080
7ffffff
4000000
3ffffff
0000100
0000001
0000140
3ffffff
7ffff7f
0000080
4000000
4000000
00001c0
3f80000
007f000
0000001
00001c0
4000000
0000140
7ffffff
0000100
3ffffff
4000000
2000000
0000001
3f80000
0000300
0000200
6000000
0000001
4000000
4000000
0000080
3f80000
4000000
0000300
0000300
007f000
4000000
7ffff80
0000080
4000000
7ffff7f
0000300
0000001
7f2fbf6
7f80000
0000001
0000300
4000000
0000140
6000000
7ffff80
0000300
0000080
3ffffff
4000000
7f80000
4000000
3f80000
4000000
6000000
0000100
000007f
4000000
4000000
7ffff7f
00fa1c9
7ffffff
007f000
4000000
7ffffff
4000000
00001c0
0000300
4000000
0000001
7ffff80
0000080
7fc2d9e
0000300
7ffffff
7ffff7f
7ffff7f
4000000
7ffff80
2000000
7ffffff
0000100
0000080
007f000
007f000
0000200
0000140
2000000
4000000
0000000
0000001
3f80000
4000000
000007f
0000000
0000200
0000200
0000001
