Copyright 1986-2021 Xilinx, Inc. All Rights Reserved.
-------------------------------------------------------------------------------------------------------
| Tool Version : Vivado v.2021.2 (win64) Build 3367213 Tue Oct 19 02:48:09 MDT 2021
| Date         : Tue Sep  8 17:19:30 2026
| Host         : nc23 running 64-bit major release  (build 9200)
| Command      : report_utilization -hierarchical -file E:/ae_syn/hb_h1/runs/eng48/route/util_hier.rpt
| Design       : top_eng48
| Device       : xczu7ev-ffvc1156-2-e
| Speed File   : -2
| Design State : Optimized
-------------------------------------------------------------------------------------------------------

Utilization Design Information

Table of Contents
-----------------
1. Utilization by Hierarchy

1. Utilization by Hierarchy
---------------------------

+------------------------------------+---------------------+------------+------------+---------+------+--------+--------+--------+------+------------+
|              Instance              |        Module       | Total LUTs | Logic LUTs | LUTRAMs | SRLs |   FFs  | RAMB36 | RAMB18 | URAM | DSP Blocks |
+------------------------------------+---------------------+------------+------------+---------+------+--------+--------+--------+------+------------+
| top_eng48                          |               (top) |     118148 |     116332 |       0 | 1816 | 181333 |      0 |      0 |    0 |        768 |
|   (top_eng48)                      |               (top) |          0 |          0 |       0 |    0 |      0 |      0 |      0 |    0 |          0 |
|   u_eng                            |          ae_gemm_p2 |     118148 |     116332 |       0 | 1816 | 181333 |      0 |      0 |    0 |        768 |
|     (u_eng)                        |          ae_gemm_p2 |      10875 |      10875 |       0 |    0 |  15490 |      0 |      0 |    0 |          0 |
|     g_rq[0].u_ms                   |            rq_ms__1 |        636 |        636 |       0 |    0 |    147 |      0 |      0 |    0 |          0 |
|       (g_rq[0].u_ms)               |            rq_ms__1 |         50 |         50 |       0 |    0 |     42 |      0 |      0 |    0 |          0 |
|       u_core                       |            rq_v2__1 |        586 |        586 |       0 |    0 |    105 |      0 |      0 |    0 |          0 |
|     g_rq[10].u_ms                  |           rq_ms__18 |        634 |        634 |       0 |    0 |    143 |      0 |      0 |    0 |          0 |
|       (g_rq[10].u_ms)              |           rq_ms__18 |         48 |         48 |       0 |    0 |     38 |      0 |      0 |    0 |          0 |
|       u_core                       |           rq_v2__18 |        586 |        586 |       0 |    0 |    105 |      0 |      0 |    0 |          0 |
|     g_rq[11].u_ms                  |           rq_ms__17 |        634 |        634 |       0 |    0 |    143 |      0 |      0 |    0 |          0 |
|       (g_rq[11].u_ms)              |           rq_ms__17 |         48 |         48 |       0 |    0 |     38 |      0 |      0 |    0 |          0 |
|       u_core                       |           rq_v2__17 |        586 |        586 |       0 |    0 |    105 |      0 |      0 |    0 |          0 |
|     g_rq[12].u_ms                  |           rq_ms__16 |        634 |        634 |       0 |    0 |    143 |      0 |      0 |    0 |          0 |
|       (g_rq[12].u_ms)              |           rq_ms__16 |         48 |         48 |       0 |    0 |     38 |      0 |      0 |    0 |          0 |
|       u_core                       |           rq_v2__16 |        586 |        586 |       0 |    0 |    105 |      0 |      0 |    0 |          0 |
|     g_rq[13].u_ms                  |           rq_ms__15 |        634 |        634 |       0 |    0 |    143 |      0 |      0 |    0 |          0 |
|       (g_rq[13].u_ms)              |           rq_ms__15 |         48 |         48 |       0 |    0 |     38 |      0 |      0 |    0 |          0 |
|       u_core                       |           rq_v2__15 |        586 |        586 |       0 |    0 |    105 |      0 |      0 |    0 |          0 |
|     g_rq[14].u_ms                  |           rq_ms__14 |        634 |        634 |       0 |    0 |    143 |      0 |      0 |    0 |          0 |
|       (g_rq[14].u_ms)              |           rq_ms__14 |         48 |         48 |       0 |    0 |     38 |      0 |      0 |    0 |          0 |
|       u_core                       |           rq_v2__14 |        586 |        586 |       0 |    0 |    105 |      0 |      0 |    0 |          0 |
|     g_rq[15].u_ms                  |           rq_ms__13 |        634 |        634 |       0 |    0 |    143 |      0 |      0 |    0 |          0 |
|       (g_rq[15].u_ms)              |           rq_ms__13 |         48 |         48 |       0 |    0 |     38 |      0 |      0 |    0 |          0 |
|       u_core                       |           rq_v2__13 |        586 |        586 |       0 |    0 |    105 |      0 |      0 |    0 |          0 |
|     g_rq[16].u_ms                  |           rq_ms__10 |        634 |        634 |       0 |    0 |    143 |      0 |      0 |    0 |          0 |
|       (g_rq[16].u_ms)              |           rq_ms__10 |         48 |         48 |       0 |    0 |     38 |      0 |      0 |    0 |          0 |
|       u_core                       |           rq_v2__10 |        586 |        586 |       0 |    0 |    105 |      0 |      0 |    0 |          0 |
|     g_rq[17].u_ms                  |            rq_ms__9 |        634 |        634 |       0 |    0 |    143 |      0 |      0 |    0 |          0 |
|       (g_rq[17].u_ms)              |            rq_ms__9 |         48 |         48 |       0 |    0 |     38 |      0 |      0 |    0 |          0 |
|       u_core                       |            rq_v2__9 |        586 |        586 |       0 |    0 |    105 |      0 |      0 |    0 |          0 |
|     g_rq[18].u_ms                  |            rq_ms__8 |        634 |        634 |       0 |    0 |    143 |      0 |      0 |    0 |          0 |
|       (g_rq[18].u_ms)              |            rq_ms__8 |         48 |         48 |       0 |    0 |     38 |      0 |      0 |    0 |          0 |
|       u_core                       |            rq_v2__8 |        586 |        586 |       0 |    0 |    105 |      0 |      0 |    0 |          0 |
|     g_rq[19].u_ms                  |            rq_ms__7 |        634 |        634 |       0 |    0 |    143 |      0 |      0 |    0 |          0 |
|       (g_rq[19].u_ms)              |            rq_ms__7 |         48 |         48 |       0 |    0 |     38 |      0 |      0 |    0 |          0 |
|       u_core                       |            rq_v2__7 |        586 |        586 |       0 |    0 |    105 |      0 |      0 |    0 |          0 |
|     g_rq[1].u_ms                   |           rq_ms__23 |        634 |        634 |       0 |    0 |    143 |      0 |      0 |    0 |          0 |
|       (g_rq[1].u_ms)               |           rq_ms__23 |         48 |         48 |       0 |    0 |     38 |      0 |      0 |    0 |          0 |
|       u_core                       |           rq_v2__23 |        586 |        586 |       0 |    0 |    105 |      0 |      0 |    0 |          0 |
|     g_rq[20].u_ms                  |            rq_ms__4 |        634 |        634 |       0 |    0 |    143 |      0 |      0 |    0 |          0 |
|       (g_rq[20].u_ms)              |            rq_ms__4 |         48 |         48 |       0 |    0 |     38 |      0 |      0 |    0 |          0 |
|       u_core                       |            rq_v2__4 |        586 |        586 |       0 |    0 |    105 |      0 |      0 |    0 |          0 |
|     g_rq[21].u_ms                  |            rq_ms__5 |        634 |        634 |       0 |    0 |    143 |      0 |      0 |    0 |          0 |
|       (g_rq[21].u_ms)              |            rq_ms__5 |         48 |         48 |       0 |    0 |     38 |      0 |      0 |    0 |          0 |
|       u_core                       |            rq_v2__5 |        586 |        586 |       0 |    0 |    105 |      0 |      0 |    0 |          0 |
|     g_rq[22].u_ms                  |            rq_ms__6 |        634 |        634 |       0 |    0 |    143 |      0 |      0 |    0 |          0 |
|       (g_rq[22].u_ms)              |            rq_ms__6 |         48 |         48 |       0 |    0 |     38 |      0 |      0 |    0 |          0 |
|       u_core                       |            rq_v2__6 |        586 |        586 |       0 |    0 |    105 |      0 |      0 |    0 |          0 |
|     g_rq[23].u_ms                  |               rq_ms |        634 |        634 |       0 |    0 |    143 |      0 |      0 |    0 |          0 |
|       (g_rq[23].u_ms)              |               rq_ms |         48 |         48 |       0 |    0 |     38 |      0 |      0 |    0 |          0 |
|       u_core                       |               rq_v2 |        586 |        586 |       0 |    0 |    105 |      0 |      0 |    0 |          0 |
|     g_rq[2].u_ms                   |            rq_ms__2 |        634 |        634 |       0 |    0 |    143 |      0 |      0 |    0 |          0 |
|       (g_rq[2].u_ms)               |            rq_ms__2 |         48 |         48 |       0 |    0 |     38 |      0 |      0 |    0 |          0 |
|       u_core                       |            rq_v2__2 |        586 |        586 |       0 |    0 |    105 |      0 |      0 |    0 |          0 |
|     g_rq[3].u_ms                   |            rq_ms__3 |        634 |        634 |       0 |    0 |    143 |      0 |      0 |    0 |          0 |
|       (g_rq[3].u_ms)               |            rq_ms__3 |         48 |         48 |       0 |    0 |     38 |      0 |      0 |    0 |          0 |
|       u_core                       |            rq_v2__3 |        586 |        586 |       0 |    0 |    105 |      0 |      0 |    0 |          0 |
|     g_rq[4].u_ms                   |           rq_ms__12 |        634 |        634 |       0 |    0 |    143 |      0 |      0 |    0 |          0 |
|       (g_rq[4].u_ms)               |           rq_ms__12 |         48 |         48 |       0 |    0 |     38 |      0 |      0 |    0 |          0 |
|       u_core                       |           rq_v2__12 |        586 |        586 |       0 |    0 |    105 |      0 |      0 |    0 |          0 |
|     g_rq[5].u_ms                   |           rq_ms__11 |        634 |        634 |       0 |    0 |    143 |      0 |      0 |    0 |          0 |
|       (g_rq[5].u_ms)               |           rq_ms__11 |         48 |         48 |       0 |    0 |     38 |      0 |      0 |    0 |          0 |
|       u_core                       |           rq_v2__11 |        586 |        586 |       0 |    0 |    105 |      0 |      0 |    0 |          0 |
|     g_rq[6].u_ms                   |           rq_ms__22 |        634 |        634 |       0 |    0 |    143 |      0 |      0 |    0 |          0 |
|       (g_rq[6].u_ms)               |           rq_ms__22 |         48 |         48 |       0 |    0 |     38 |      0 |      0 |    0 |          0 |
|       u_core                       |           rq_v2__22 |        586 |        586 |       0 |    0 |    105 |      0 |      0 |    0 |          0 |
|     g_rq[7].u_ms                   |           rq_ms__21 |        634 |        634 |       0 |    0 |    143 |      0 |      0 |    0 |          0 |
|       (g_rq[7].u_ms)               |           rq_ms__21 |         48 |         48 |       0 |    0 |     38 |      0 |      0 |    0 |          0 |
|       u_core                       |           rq_v2__21 |        586 |        586 |       0 |    0 |    105 |      0 |      0 |    0 |          0 |
|     g_rq[8].u_ms                   |           rq_ms__20 |        634 |        634 |       0 |    0 |    143 |      0 |      0 |    0 |          0 |
|       (g_rq[8].u_ms)               |           rq_ms__20 |         48 |         48 |       0 |    0 |     38 |      0 |      0 |    0 |          0 |
|       u_core                       |           rq_v2__20 |        586 |        586 |       0 |    0 |    105 |      0 |      0 |    0 |          0 |
|     g_rq[9].u_ms                   |           rq_ms__19 |        634 |        634 |       0 |    0 |    143 |      0 |      0 |    0 |          0 |
|       (g_rq[9].u_ms)               |           rq_ms__19 |         48 |         48 |       0 |    0 |     38 |      0 |      0 |    0 |          0 |
|       u_core                       |           rq_v2__19 |        586 |        586 |       0 |    0 |    105 |      0 |      0 |    0 |          0 |
|     u_arr                          |        ae_sysarr_p2 |      92055 |      90239 |       0 | 1816 | 162407 |      0 |      0 |    0 |        768 |
|       (u_arr)                      |        ae_sysarr_p2 |      11416 |      10368 |       0 | 1048 |   1912 |      0 |      0 |    0 |          0 |
|       g_row[0].g_col[0].u_pe       |       ae_pe_p2__417 |        104 |        103 |       0 |    1 |    208 |      0 |      0 |    0 |          1 |
|         (g_row[0].g_col[0].u_pe)   |       ae_pe_p2__417 |        101 |        101 |       0 |    0 |    167 |      0 |      0 |    0 |          0 |
|         u_mul                      | pack2_mult_dsp__417 |          3 |          2 |       0 |    1 |     41 |      0 |      0 |    0 |          1 |
|       g_row[0].g_col[10].u_pe      |       ae_pe_p2__560 |        105 |        104 |       0 |    1 |    209 |      0 |      0 |    0 |          1 |
|         (g_row[0].g_col[10].u_pe)  |       ae_pe_p2__560 |        102 |        102 |       0 |    0 |    168 |      0 |      0 |    0 |          0 |
|         u_mul                      | pack2_mult_dsp__560 |          3 |          2 |       0 |    1 |     41 |      0 |      0 |    0 |          1 |
|       g_row[0].g_col[11].u_pe      |       ae_pe_p2__527 |        105 |        104 |       0 |    1 |    209 |      0 |      0 |    0 |          1 |
|         (g_row[0].g_col[11].u_pe)  |       ae_pe_p2__527 |        102 |        102 |       0 |    0 |    168 |      0 |      0 |    0 |          0 |
|         u_mul                      | pack2_mult_dsp__527 |          3 |          2 |       0 |    1 |     41 |      0 |      0 |    0 |          1 |
|       g_row[0].g_col[12].u_pe      |       ae_pe_p2__556 |        105 |        104 |       0 |    1 |    209 |      0 |      0 |    0 |          1 |
|         (g_row[0].g_col[12].u_pe)  |       ae_pe_p2__556 |        102 |        102 |       0 |    0 |    168 |      0 |      0 |    0 |          0 |
|         u_mul                      | pack2_mult_dsp__556 |          3 |          2 |       0 |    1 |     41 |      0 |      0 |    0 |          1 |
|       g_row[0].g_col[13].u_pe      |       ae_pe_p2__577 |        105 |        104 |       0 |    1 |    209 |      0 |      0 |    0 |          1 |
|         (g_row[0].g_col[13].u_pe)  |       ae_pe_p2__577 |        102 |        102 |       0 |    0 |    168 |      0 |      0 |    0 |          0 |
|         u_mul                      | pack2_mult_dsp__577 |          3 |          2 |       0 |    1 |     41 |      0 |      0 |    0 |          1 |
|       g_row[0].g_col[14].u_pe      |       ae_pe_p2__590 |        105 |        104 |       0 |    1 |    209 |      0 |      0 |    0 |          1 |
|         (g_row[0].g_col[14].u_pe)  |       ae_pe_p2__590 |        102 |        102 |       0 |    0 |    168 |      0 |      0 |    0 |          0 |
|         u_mul                      | pack2_mult_dsp__590 |          3 |          2 |       0 |    1 |     41 |      0 |      0 |    0 |          1 |
|       g_row[0].g_col[15].u_pe      |       ae_pe_p2__594 |        105 |        104 |       0 |    1 |    209 |      0 |      0 |    0 |          1 |
|         (g_row[0].g_col[15].u_pe)  |       ae_pe_p2__594 |        102 |        102 |       0 |    0 |    168 |      0 |      0 |    0 |          0 |
|         u_mul                      | pack2_mult_dsp__594 |          3 |          2 |       0 |    1 |     41 |      0 |      0 |    0 |          1 |
|       g_row[0].g_col[16].u_pe      |       ae_pe_p2__280 |        105 |        104 |       0 |    1 |    209 |      0 |      0 |    0 |          1 |
|         (g_row[0].g_col[16].u_pe)  |       ae_pe_p2__280 |        102 |        102 |       0 |    0 |    168 |      0 |      0 |    0 |          0 |
|         u_mul                      | pack2_mult_dsp__280 |          3 |          2 |       0 |    1 |     41 |      0 |      0 |    0 |          1 |
|       g_row[0].g_col[17].u_pe      |       ae_pe_p2__385 |        105 |        104 |       0 |    1 |    209 |      0 |      0 |    0 |          1 |
|         (g_row[0].g_col[17].u_pe)  |       ae_pe_p2__385 |        102 |        102 |       0 |    0 |    168 |      0 |      0 |    0 |          0 |
|         u_mul                      | pack2_mult_dsp__385 |          3 |          2 |       0 |    1 |     41 |      0 |      0 |    0 |          1 |
|       g_row[0].g_col[18].u_pe      |       ae_pe_p2__411 |        105 |        104 |       0 |    1 |    209 |      0 |      0 |    0 |          1 |
|         (g_row[0].g_col[18].u_pe)  |       ae_pe_p2__411 |        102 |        102 |       0 |    0 |    168 |      0 |      0 |    0 |          0 |
|         u_mul                      | pack2_mult_dsp__411 |          3 |          2 |       0 |    1 |     41 |      0 |      0 |    0 |          1 |
|       g_row[0].g_col[19].u_pe      |       ae_pe_p2__413 |        105 |        104 |       0 |    1 |    209 |      0 |      0 |    0 |          1 |
|         (g_row[0].g_col[19].u_pe)  |       ae_pe_p2__413 |        102 |        102 |       0 |    0 |    168 |      0 |      0 |    0 |          0 |
|         u_mul                      | pack2_mult_dsp__413 |          3 |          2 |       0 |    1 |     41 |      0 |      0 |    0 |          1 |
|       g_row[0].g_col[1].u_pe       |       ae_pe_p2__418 |        105 |        104 |       0 |    1 |    209 |      0 |      0 |    0 |          1 |
|         (g_row[0].g_col[1].u_pe)   |       ae_pe_p2__418 |        102 |        102 |       0 |    0 |    168 |      0 |      0 |    0 |          0 |
|         u_mul                      | pack2_mult_dsp__418 |          3 |          2 |       0 |    1 |     41 |      0 |      0 |    0 |          1 |
|       g_row[0].g_col[20].u_pe      |       ae_pe_p2__698 |        105 |        104 |       0 |    1 |    209 |      0 |      0 |    0 |          1 |
|         (g_row[0].g_col[20].u_pe)  |       ae_pe_p2__698 |        102 |        102 |       0 |    0 |    168 |      0 |      0 |    0 |          0 |
|         u_mul                      | pack2_mult_dsp__698 |          3 |          2 |       0 |    1 |     41 |      0 |      0 |    0 |          1 |
|       g_row[0].g_col[21].u_pe      |       ae_pe_p2__673 |        105 |        104 |       0 |    1 |    209 |      0 |      0 |    0 |          1 |
|         (g_row[0].g_col[21].u_pe)  |       ae_pe_p2__673 |        102 |        102 |       0 |    0 |    168 |      0 |      0 |    0 |          0 |
|         u_mul                      | pack2_mult_dsp__673 |          3 |          2 |       0 |    1 |     41 |      0 |      0 |    0 |          1 |
|       g_row[0].g_col[22].u_pe      |       ae_pe_p2__766 |        105 |        104 |       0 |    1 |    209 |      0 |      0 |    0 |          1 |
|         (g_row[0].g_col[22].u_pe)  |       ae_pe_p2__766 |        102 |        102 |       0 |    0 |    168 |      0 |      0 |    0 |          0 |
|         u_mul                      | pack2_mult_dsp__766 |          3 |          2 |       0 |    1 |     41 |      0 |      0 |    0 |          1 |
|       g_row[0].g_col[23].u_pe      |       ae_pe_p2__707 |        105 |        104 |       0 |    1 |    209 |      0 |      0 |    0 |          1 |
|         (g_row[0].g_col[23].u_pe)  |       ae_pe_p2__707 |        102 |        102 |       0 |    0 |    168 |      0 |      0 |    0 |          0 |
|         u_mul                      | pack2_mult_dsp__707 |          3 |          2 |       0 |    1 |     41 |      0 |      0 |    0 |          1 |
|       g_row[0].g_col[24].u_pe      |       ae_pe_p2__708 |        105 |        104 |       0 |    1 |    209 |      0 |      0 |    0 |          1 |
|         (g_row[0].g_col[24].u_pe)  |       ae_pe_p2__708 |        102 |        102 |       0 |    0 |    168 |      0 |      0 |    0 |          0 |
|         u_mul                      | pack2_mult_dsp__708 |          3 |          2 |       0 |    1 |     41 |      0 |      0 |    0 |          1 |
|       g_row[0].g_col[25].u_pe      |       ae_pe_p2__740 |        105 |        104 |       0 |    1 |    209 |      0 |      0 |    0 |          1 |
|         (g_row[0].g_col[25].u_pe)  |       ae_pe_p2__740 |        102 |        102 |       0 |    0 |    168 |      0 |      0 |    0 |          0 |
|         u_mul                      | pack2_mult_dsp__740 |          3 |          2 |       0 |    1 |     41 |      0 |      0 |    0 |          1 |
|       g_row[0].g_col[26].u_pe      |       ae_pe_p2__233 |        105 |        104 |       0 |    1 |    209 |      0 |      0 |    0 |          1 |
|         (g_row[0].g_col[26].u_pe)  |       ae_pe_p2__233 |        102 |        102 |       0 |    0 |    168 |      0 |      0 |    0 |          0 |
|         u_mul                      | pack2_mult_dsp__233 |          3 |          2 |       0 |    1 |     41 |      0 |      0 |    0 |          1 |
|       g_row[0].g_col[27].u_pe      |       ae_pe_p2__209 |        105 |        104 |       0 |    1 |    209 |      0 |      0 |    0 |          1 |
|         (g_row[0].g_col[27].u_pe)  |       ae_pe_p2__209 |        102 |        102 |       0 |    0 |    168 |      0 |      0 |    0 |          0 |
|         u_mul                      | pack2_mult_dsp__209 |          3 |          2 |       0 |    1 |     41 |      0 |      0 |    0 |          1 |
|       g_row[0].g_col[28].u_pe      |       ae_pe_p2__211 |        105 |        104 |       0 |    1 |    209 |      0 |      0 |    0 |          1 |
|         (g_row[0].g_col[28].u_pe)  |       ae_pe_p2__211 |        102 |        102 |       0 |    0 |    168 |      0 |      0 |    0 |          0 |
|         u_mul                      | pack2_mult_dsp__211 |          3 |          2 |       0 |    1 |     41 |      0 |      0 |    0 |          1 |
|       g_row[0].g_col[29].u_pe      |       ae_pe_p2__155 |        105 |        104 |       0 |    1 |    209 |      0 |      0 |    0 |          1 |
|         (g_row[0].g_col[29].u_pe)  |       ae_pe_p2__155 |        102 |        102 |       0 |    0 |    168 |      0 |      0 |    0 |          0 |
|         u_mul                      | pack2_mult_dsp__155 |          3 |          2 |       0 |    1 |     41 |      0 |      0 |    0 |          1 |
|       g_row[0].g_col[2].u_pe       |       ae_pe_p2__462 |        105 |        104 |       0 |    1 |    209 |      0 |      0 |    0 |          1 |
|         (g_row[0].g_col[2].u_pe)   |       ae_pe_p2__462 |        102 |        102 |       0 |    0 |    168 |      0 |      0 |    0 |          0 |
|         u_mul                      | pack2_mult_dsp__462 |          3 |          2 |       0 |    1 |     41 |      0 |      0 |    0 |          1 |
|       g_row[0].g_col[30].u_pe      |       ae_pe_p2__180 |        105 |        104 |       0 |    1 |    209 |      0 |      0 |    0 |          1 |
|         (g_row[0].g_col[30].u_pe)  |       ae_pe_p2__180 |        102 |        102 |       0 |    0 |    168 |      0 |      0 |    0 |          0 |
|         u_mul                      | pack2_mult_dsp__180 |          3 |          2 |       0 |    1 |     41 |      0 |      0 |    0 |          1 |
|       g_row[0].g_col[31].u_pe      |       ae_pe_p2__179 |        105 |        104 |       0 |    1 |    209 |      0 |      0 |    0 |          1 |
|         (g_row[0].g_col[31].u_pe)  |       ae_pe_p2__179 |        102 |        102 |       0 |    0 |    168 |      0 |      0 |    0 |          0 |
|         u_mul                      | pack2_mult_dsp__179 |          3 |          2 |       0 |    1 |     41 |      0 |      0 |    0 |          1 |
|       g_row[0].g_col[32].u_pe      |        ae_pe_p2__31 |        105 |        104 |       0 |    1 |    209 |      0 |      0 |    0 |          1 |
|         (g_row[0].g_col[32].u_pe)  |        ae_pe_p2__31 |        102 |        102 |       0 |    0 |    168 |      0 |      0 |    0 |          0 |
|         u_mul                      |  pack2_mult_dsp__31 |          3 |          2 |       0 |    1 |     41 |      0 |      0 |    0 |          1 |
|       g_row[0].g_col[33].u_pe      |        ae_pe_p2__27 |        105 |        104 |       0 |    1 |    209 |      0 |      0 |    0 |          1 |
|         (g_row[0].g_col[33].u_pe)  |        ae_pe_p2__27 |        102 |        102 |       0 |    0 |    168 |      0 |      0 |    0 |          0 |
|         u_mul                      |  pack2_mult_dsp__27 |          3 |          2 |       0 |    1 |     41 |      0 |      0 |    0 |          1 |
|       g_row[0].g_col[34].u_pe      |       ae_pe_p2__119 |        105 |        104 |       0 |    1 |    209 |      0 |      0 |    0 |          1 |
|         (g_row[0].g_col[34].u_pe)  |       ae_pe_p2__119 |        102 |        102 |       0 |    0 |    168 |      0 |      0 |    0 |          0 |
|         u_mul                      | pack2_mult_dsp__119 |          3 |          2 |       0 |    1 |     41 |      0 |      0 |    0 |          1 |
|       g_row[0].g_col[35].u_pe      |       ae_pe_p2__121 |        105 |        104 |       0 |    1 |    209 |      0 |      0 |    0 |          1 |
|         (g_row[0].g_col[35].u_pe)  |       ae_pe_p2__121 |        102 |        102 |       0 |    0 |    168 |      0 |      0 |    0 |          0 |
|         u_mul                      | pack2_mult_dsp__121 |          3 |          2 |       0 |    1 |     41 |      0 |      0 |    0 |          1 |
|       g_row[0].g_col[36].u_pe      |       ae_pe_p2__108 |        105 |        104 |       0 |    1 |    209 |      0 |      0 |    0 |          1 |
|         (g_row[0].g_col[36].u_pe)  |       ae_pe_p2__108 |        102 |        102 |       0 |    0 |    168 |      0 |      0 |    0 |          0 |
|         u_mul                      | pack2_mult_dsp__108 |          3 |          2 |       0 |    1 |     41 |      0 |      0 |    0 |          1 |
|       g_row[0].g_col[37].u_pe      |       ae_pe_p2__610 |        105 |        104 |       0 |    1 |    209 |      0 |      0 |    0 |          1 |
|         (g_row[0].g_col[37].u_pe)  |       ae_pe_p2__610 |        102 |        102 |       0 |    0 |    168 |      0 |      0 |    0 |          0 |
|         u_mul                      | pack2_mult_dsp__610 |          3 |          2 |       0 |    1 |     41 |      0 |      0 |    0 |          1 |
|       g_row[0].g_col[38].u_pe      |       ae_pe_p2__611 |        105 |        104 |       0 |    1 |    209 |      0 |      0 |    0 |          1 |
|         (g_row[0].g_col[38].u_pe)  |       ae_pe_p2__611 |        102 |        102 |       0 |    0 |    168 |      0 |      0 |    0 |          0 |
|         u_mul                      | pack2_mult_dsp__611 |          3 |          2 |       0 |    1 |     41 |      0 |      0 |    0 |          1 |
|       g_row[0].g_col[39].u_pe      |       ae_pe_p2__624 |        105 |        104 |       0 |    1 |    209 |      0 |      0 |    0 |          1 |
|         (g_row[0].g_col[39].u_pe)  |       ae_pe_p2__624 |        102 |        102 |       0 |    0 |    168 |      0 |      0 |    0 |          0 |
|         u_mul                      | pack2_mult_dsp__624 |          3 |          2 |       0 |    1 |     41 |      0 |      0 |    0 |          1 |
|       g_row[0].g_col[3].u_pe       |       ae_pe_p2__315 |        105 |        104 |       0 |    1 |    209 |      0 |      0 |    0 |          1 |
|         (g_row[0].g_col[3].u_pe)   |       ae_pe_p2__315 |        102 |        102 |       0 |    0 |    168 |      0 |      0 |    0 |          0 |
|         u_mul                      | pack2_mult_dsp__315 |          3 |          2 |       0 |    1 |     41 |      0 |      0 |    0 |          1 |
|       g_row[0].g_col[40].u_pe      |       ae_pe_p2__671 |        105 |        104 |       0 |    1 |    209 |      0 |      0 |    0 |          1 |
|         (g_row[0].g_col[40].u_pe)  |       ae_pe_p2__671 |        102 |        102 |       0 |    0 |    168 |      0 |      0 |    0 |          0 |
|         u_mul                      | pack2_mult_dsp__671 |          3 |          2 |       0 |    1 |     41 |      0 |      0 |    0 |          1 |
|       g_row[0].g_col[41].u_pe      |       ae_pe_p2__499 |        105 |        104 |       0 |    1 |    209 |      0 |      0 |    0 |          1 |
|         (g_row[0].g_col[41].u_pe)  |       ae_pe_p2__499 |        102 |        102 |       0 |    0 |    168 |      0 |      0 |    0 |          0 |
|         u_mul                      | pack2_mult_dsp__499 |          3 |          2 |       0 |    1 |     41 |      0 |      0 |    0 |          1 |
|       g_row[0].g_col[42].u_pe      |       ae_pe_p2__494 |        105 |        104 |       0 |    1 |    209 |      0 |      0 |    0 |          1 |
|         (g_row[0].g_col[42].u_pe)  |       ae_pe_p2__494 |        102 |        102 |       0 |    0 |    168 |      0 |      0 |    0 |          0 |
|         u_mul                      | pack2_mult_dsp__494 |          3 |          2 |       0 |    1 |     41 |      0 |      0 |    0 |          1 |
|       g_row[0].g_col[43].u_pe      |       ae_pe_p2__492 |        105 |        104 |       0 |    1 |    209 |      0 |      0 |    0 |          1 |
|         (g_row[0].g_col[43].u_pe)  |       ae_pe_p2__492 |        102 |        102 |       0 |    0 |    168 |      0 |      0 |    0 |          0 |
|         u_mul                      | pack2_mult_dsp__492 |          3 |          2 |       0 |    1 |     41 |      0 |      0 |    0 |          1 |
|       g_row[0].g_col[44].u_pe      |        ae_pe_p2__50 |        105 |        104 |       0 |    1 |    209 |      0 |      0 |    0 |          1 |
|         (g_row[0].g_col[44].u_pe)  |        ae_pe_p2__50 |        102 |        102 |       0 |    0 |    168 |      0 |      0 |    0 |          0 |
|         u_mul                      |  pack2_mult_dsp__50 |          3 |          2 |       0 |    1 |     41 |      0 |      0 |    0 |          1 |
|       g_row[0].g_col[45].u_pe      |         ae_pe_p2__6 |        105 |        104 |       0 |    1 |    209 |      0 |      0 |    0 |          1 |
|         (g_row[0].g_col[45].u_pe)  |         ae_pe_p2__6 |        102 |        102 |       0 |    0 |    168 |      0 |      0 |    0 |          0 |
|         u_mul                      |   pack2_mult_dsp__6 |          3 |          2 |       0 |    1 |     41 |      0 |      0 |    0 |          1 |
|       g_row[0].g_col[46].u_pe      |         ae_pe_p2__5 |        105 |        104 |       0 |    1 |    209 |      0 |      0 |    0 |          1 |
|         (g_row[0].g_col[46].u_pe)  |         ae_pe_p2__5 |        102 |        102 |       0 |    0 |    168 |      0 |      0 |    0 |          0 |
|         u_mul                      |   pack2_mult_dsp__5 |          3 |          2 |       0 |    1 |     41 |      0 |      0 |    0 |          1 |
|       g_row[0].g_col[47].u_pe      |        ae_pe_p2__78 |        105 |        104 |       0 |    1 |    208 |      0 |      0 |    0 |          1 |
|         (g_row[0].g_col[47].u_pe)  |        ae_pe_p2__78 |        102 |        102 |       0 |    0 |    167 |      0 |      0 |    0 |          0 |
|         u_mul                      |  pack2_mult_dsp__78 |          3 |          2 |       0 |    1 |     41 |      0 |      0 |    0 |          1 |
|       g_row[0].g_col[4].u_pe       |       ae_pe_p2__247 |        105 |        104 |       0 |    1 |    209 |      0 |      0 |    0 |          1 |
|         (g_row[0].g_col[4].u_pe)   |       ae_pe_p2__247 |        102 |        102 |       0 |    0 |    168 |      0 |      0 |    0 |          0 |
|         u_mul                      | pack2_mult_dsp__247 |          3 |          2 |       0 |    1 |     41 |      0 |      0 |    0 |          1 |
|       g_row[0].g_col[5].u_pe       |       ae_pe_p2__248 |        105 |        104 |       0 |    1 |    209 |      0 |      0 |    0 |          1 |
|         (g_row[0].g_col[5].u_pe)   |       ae_pe_p2__248 |        102 |        102 |       0 |    0 |    168 |      0 |      0 |    0 |          0 |
|         u_mul                      | pack2_mult_dsp__248 |          3 |          2 |       0 |    1 |     41 |      0 |      0 |    0 |          1 |
|       g_row[0].g_col[6].u_pe       |       ae_pe_p2__309 |        105 |        104 |       0 |    1 |    209 |      0 |      0 |    0 |          1 |
|         (g_row[0].g_col[6].u_pe)   |       ae_pe_p2__309 |        102 |        102 |       0 |    0 |    168 |      0 |      0 |    0 |          0 |
|         u_mul                      | pack2_mult_dsp__309 |          3 |          2 |       0 |    1 |     41 |      0 |      0 |    0 |          1 |
|       g_row[0].g_col[7].u_pe       |       ae_pe_p2__320 |        105 |        104 |       0 |    1 |    209 |      0 |      0 |    0 |          1 |
|         (g_row[0].g_col[7].u_pe)   |       ae_pe_p2__320 |        102 |        102 |       0 |    0 |    168 |      0 |      0 |    0 |          0 |
|         u_mul                      | pack2_mult_dsp__320 |          3 |          2 |       0 |    1 |     41 |      0 |      0 |    0 |          1 |
|       g_row[0].g_col[8].u_pe       |       ae_pe_p2__361 |        105 |        104 |       0 |    1 |    209 |      0 |      0 |    0 |          1 |
|         (g_row[0].g_col[8].u_pe)   |       ae_pe_p2__361 |        102 |        102 |       0 |    0 |    168 |      0 |      0 |    0 |          0 |
|         u_mul                      | pack2_mult_dsp__361 |          3 |          2 |       0 |    1 |     41 |      0 |      0 |    0 |          1 |
|       g_row[0].g_col[9].u_pe       |       ae_pe_p2__360 |        105 |        104 |       0 |    1 |    209 |      0 |      0 |    0 |          1 |
|         (g_row[0].g_col[9].u_pe)   |       ae_pe_p2__360 |        102 |        102 |       0 |    0 |    168 |      0 |      0 |    0 |          0 |
|         u_mul                      | pack2_mult_dsp__360 |          3 |          2 |       0 |    1 |     41 |      0 |      0 |    0 |          1 |
|       g_row[10].g_col[0].u_pe      |       ae_pe_p2__419 |        105 |        104 |       0 |    1 |    209 |      0 |      0 |    0 |          1 |
|         (g_row[10].g_col[0].u_pe)  |       ae_pe_p2__419 |        102 |        102 |       0 |    0 |    168 |      0 |      0 |    0 |          0 |
|         u_mul                      | pack2_mult_dsp__419 |          3 |          2 |       0 |    1 |     41 |      0 |      0 |    0 |          1 |
|       g_row[10].g_col[10].u_pe     |       ae_pe_p2__555 |        105 |        104 |       0 |    1 |    209 |      0 |      0 |    0 |          1 |
|         (g_row[10].g_col[10].u_pe) |       ae_pe_p2__555 |        102 |        102 |       0 |    0 |    168 |      0 |      0 |    0 |          0 |
|         u_mul                      | pack2_mult_dsp__555 |          3 |          2 |       0 |    1 |     41 |      0 |      0 |    0 |          1 |
|       g_row[10].g_col[11].u_pe     |       ae_pe_p2__515 |        105 |        104 |       0 |    1 |    209 |      0 |      0 |    0 |          1 |
|         (g_row[10].g_col[11].u_pe) |       ae_pe_p2__515 |        102 |        102 |       0 |    0 |    168 |      0 |      0 |    0 |          0 |
|         u_mul                      | pack2_mult_dsp__515 |          3 |          2 |       0 |    1 |     41 |      0 |      0 |    0 |          1 |
|       g_row[10].g_col[12].u_pe     |       ae_pe_p2__520 |        105 |        104 |       0 |    1 |    209 |      0 |      0 |    0 |          1 |
|         (g_row[10].g_col[12].u_pe) |       ae_pe_p2__520 |        102 |        102 |       0 |    0 |    168 |      0 |      0 |    0 |          0 |
|         u_mul                      | pack2_mult_dsp__520 |          3 |          2 |       0 |    1 |     41 |      0 |      0 |    0 |          1 |
|       g_row[10].g_col[13].u_pe     |       ae_pe_p2__570 |        105 |        104 |       0 |    1 |    209 |      0 |      0 |    0 |          1 |
|         (g_row[10].g_col[13].u_pe) |       ae_pe_p2__570 |        102 |        102 |       0 |    0 |    168 |      0 |      0 |    0 |          0 |
|         u_mul                      | pack2_mult_dsp__570 |          3 |          2 |       0 |    1 |     41 |      0 |      0 |    0 |          1 |
|       g_row[10].g_col[14].u_pe     |       ae_pe_p2__569 |        105 |        104 |       0 |    1 |    209 |      0 |      0 |    0 |          1 |
|         (g_row[10].g_col[14].u_pe) |       ae_pe_p2__569 |        102 |        102 |       0 |    0 |    168 |      0 |      0 |    0 |          0 |
|         u_mul                      | pack2_mult_dsp__569 |          3 |          2 |       0 |    1 |     41 |      0 |      0 |    0 |          1 |
|       g_row[10].g_col[15].u_pe     |       ae_pe_p2__604 |        105 |        104 |       0 |    1 |    209 |      0 |      0 |    0 |          1 |
|         (g_row[10].g_col[15].u_pe) |       ae_pe_p2__604 |        102 |        102 |       0 |    0 |    168 |      0 |      0 |    0 |          0 |
|         u_mul                      | pack2_mult_dsp__604 |          3 |          2 |       0 |    1 |     41 |      0 |      0 |    0 |          1 |
|       g_row[10].g_col[16].u_pe     |       ae_pe_p2__332 |        105 |        104 |       0 |    1 |    209 |      0 |      0 |    0 |          1 |
|         (g_row[10].g_col[16].u_pe) |       ae_pe_p2__332 |        102 |        102 |       0 |    0 |    168 |      0 |      0 |    0 |          0 |
|         u_mul                      | pack2_mult_dsp__332 |          3 |          2 |       0 |    1 |     41 |      0 |      0 |    0 |          1 |
|       g_row[10].g_col[17].u_pe     |       ae_pe_p2__378 |        105 |        104 |       0 |    1 |    209 |      0 |      0 |    0 |          1 |
|         (g_row[10].g_col[17].u_pe) |       ae_pe_p2__378 |        102 |        102 |       0 |    0 |    168 |      0 |      0 |    0 |          0 |
|         u_mul                      | pack2_mult_dsp__378 |          3 |          2 |       0 |    1 |     41 |      0 |      0 |    0 |          1 |
|       g_row[10].g_col[18].u_pe     |       ae_pe_p2__379 |        105 |        104 |       0 |    1 |    209 |      0 |      0 |    0 |          1 |
|         (g_row[10].g_col[18].u_pe) |       ae_pe_p2__379 |        102 |        102 |       0 |    0 |    168 |      0 |      0 |    0 |          0 |
|         u_mul                      | pack2_mult_dsp__379 |          3 |          2 |       0 |    1 |     41 |      0 |      0 |    0 |          1 |
|       g_row[10].g_col[19].u_pe     |       ae_pe_p2__404 |        105 |        104 |       0 |    1 |    209 |      0 |      0 |    0 |          1 |
|         (g_row[10].g_col[19].u_pe) |       ae_pe_p2__404 |        102 |        102 |       0 |    0 |    168 |      0 |      0 |    0 |          0 |
|         u_mul                      | pack2_mult_dsp__404 |          3 |          2 |       0 |    1 |     41 |      0 |      0 |    0 |          1 |
|       g_row[10].g_col[1].u_pe      |       ae_pe_p2__463 |        105 |        104 |       0 |    1 |    209 |      0 |      0 |    0 |          1 |
|         (g_row[10].g_col[1].u_pe)  |       ae_pe_p2__463 |        102 |        102 |       0 |    0 |    168 |      0 |      0 |    0 |          0 |
|         u_mul                      | pack2_mult_dsp__463 |          3 |          2 |       0 |    1 |     41 |      0 |      0 |    0 |          1 |
|       g_row[10].g_col[20].u_pe     |       ae_pe_p2__685 |        105 |        104 |       0 |    1 |    209 |      0 |      0 |    0 |          1 |
|         (g_row[10].g_col[20].u_pe) |       ae_pe_p2__685 |        102 |        102 |       0 |    0 |    168 |      0 |      0 |    0 |          0 |
|         u_mul                      | pack2_mult_dsp__685 |          3 |          2 |       0 |    1 |     41 |      0 |      0 |    0 |          1 |
|       g_row[10].g_col[21].u_pe     |       ae_pe_p2__684 |        105 |        104 |       0 |    1 |    209 |      0 |      0 |    0 |          1 |
|         (g_row[10].g_col[21].u_pe) |       ae_pe_p2__684 |        102 |        102 |       0 |    0 |    168 |      0 |      0 |    0 |          0 |
|         u_mul                      | pack2_mult_dsp__684 |          3 |          2 |       0 |    1 |     41 |      0 |      0 |    0 |          1 |
|       g_row[10].g_col[22].u_pe     |       ae_pe_p2__756 |        105 |        104 |       0 |    1 |    209 |      0 |      0 |    0 |          1 |
|         (g_row[10].g_col[22].u_pe) |       ae_pe_p2__756 |        102 |        102 |       0 |    0 |    168 |      0 |      0 |    0 |          0 |
|         u_mul                      | pack2_mult_dsp__756 |          3 |          2 |       0 |    1 |     41 |      0 |      0 |    0 |          1 |
|       g_row[10].g_col[23].u_pe     |       ae_pe_p2__721 |        105 |        104 |       0 |    1 |    209 |      0 |      0 |    0 |          1 |
|         (g_row[10].g_col[23].u_pe) |       ae_pe_p2__721 |        102 |        102 |       0 |    0 |    168 |      0 |      0 |    0 |          0 |
|         u_mul                      | pack2_mult_dsp__721 |          3 |          2 |       0 |    1 |     41 |      0 |      0 |    0 |          1 |
|       g_row[10].g_col[24].u_pe     |       ae_pe_p2__722 |        105 |        104 |       0 |    1 |    209 |      0 |      0 |    0 |          1 |
|         (g_row[10].g_col[24].u_pe) |       ae_pe_p2__722 |        102 |        102 |       0 |    0 |    168 |      0 |      0 |    0 |          0 |
|         u_mul                      | pack2_mult_dsp__722 |          3 |          2 |       0 |    1 |     41 |      0 |      0 |    0 |          1 |
|       g_row[10].g_col[25].u_pe     |       ae_pe_p2__749 |        105 |        104 |       0 |    1 |    209 |      0 |      0 |    0 |          1 |
|         (g_row[10].g_col[25].u_pe) |       ae_pe_p2__749 |        102 |        102 |       0 |    0 |    168 |      0 |      0 |    0 |          0 |
|         u_mul                      | pack2_mult_dsp__749 |          3 |          2 |       0 |    1 |     41 |      0 |      0 |    0 |          1 |
|       g_row[10].g_col[26].u_pe     |       ae_pe_p2__225 |        105 |        104 |       0 |    1 |    209 |      0 |      0 |    0 |          1 |
|         (g_row[10].g_col[26].u_pe) |       ae_pe_p2__225 |        102 |        102 |       0 |    0 |    168 |      0 |      0 |    0 |          0 |
|         u_mul                      | pack2_mult_dsp__225 |          3 |          2 |       0 |    1 |     41 |      0 |      0 |    0 |          1 |
|       g_row[10].g_col[27].u_pe     |       ae_pe_p2__229 |        105 |        104 |       0 |    1 |    209 |      0 |      0 |    0 |          1 |
|         (g_row[10].g_col[27].u_pe) |       ae_pe_p2__229 |        102 |        102 |       0 |    0 |    168 |      0 |      0 |    0 |          0 |
|         u_mul                      | pack2_mult_dsp__229 |          3 |          2 |       0 |    1 |     41 |      0 |      0 |    0 |          1 |
|       g_row[10].g_col[28].u_pe     |       ae_pe_p2__212 |        105 |        104 |       0 |    1 |    209 |      0 |      0 |    0 |          1 |
|         (g_row[10].g_col[28].u_pe) |       ae_pe_p2__212 |        102 |        102 |       0 |    0 |    168 |      0 |      0 |    0 |          0 |
|         u_mul                      | pack2_mult_dsp__212 |          3 |          2 |       0 |    1 |     41 |      0 |      0 |    0 |          1 |
|       g_row[10].g_col[29].u_pe     |       ae_pe_p2__164 |        105 |        104 |       0 |    1 |    209 |      0 |      0 |    0 |          1 |
|         (g_row[10].g_col[29].u_pe) |       ae_pe_p2__164 |        102 |        102 |       0 |    0 |    168 |      0 |      0 |    0 |          0 |
|         u_mul                      | pack2_mult_dsp__164 |          3 |          2 |       0 |    1 |     41 |      0 |      0 |    0 |          1 |
|       g_row[10].g_col[2].u_pe      |       ae_pe_p2__464 |        105 |        104 |       0 |    1 |    209 |      0 |      0 |    0 |          1 |
|         (g_row[10].g_col[2].u_pe)  |       ae_pe_p2__464 |        102 |        102 |       0 |    0 |    168 |      0 |      0 |    0 |          0 |
|         u_mul                      | pack2_mult_dsp__464 |          3 |          2 |       0 |    1 |     41 |      0 |      0 |    0 |          1 |
|       g_row[10].g_col[30].u_pe     |       ae_pe_p2__157 |        105 |        104 |       0 |    1 |    209 |      0 |      0 |    0 |          1 |
|         (g_row[10].g_col[30].u_pe) |       ae_pe_p2__157 |        102 |        102 |       0 |    0 |    168 |      0 |      0 |    0 |          0 |
|         u_mul                      | pack2_mult_dsp__157 |          3 |          2 |       0 |    1 |     41 |      0 |      0 |    0 |          1 |
|       g_row[10].g_col[31].u_pe     |       ae_pe_p2__178 |        105 |        104 |       0 |    1 |    209 |      0 |      0 |    0 |          1 |
|         (g_row[10].g_col[31].u_pe) |       ae_pe_p2__178 |        102 |        102 |       0 |    0 |    168 |      0 |      0 |    0 |          0 |
|         u_mul                      | pack2_mult_dsp__178 |          3 |          2 |       0 |    1 |     41 |      0 |      0 |    0 |          1 |
|       g_row[10].g_col[32].u_pe     |        ae_pe_p2__38 |        105 |        104 |       0 |    1 |    209 |      0 |      0 |    0 |          1 |
|         (g_row[10].g_col[32].u_pe) |        ae_pe_p2__38 |        102 |        102 |       0 |    0 |    168 |      0 |      0 |    0 |          0 |
|         u_mul                      |  pack2_mult_dsp__38 |          3 |          2 |       0 |    1 |     41 |      0 |      0 |    0 |          1 |
|       g_row[10].g_col[33].u_pe     |       ae_pe_p2__131 |        105 |        104 |       0 |    1 |    209 |      0 |      0 |    0 |          1 |
|         (g_row[10].g_col[33].u_pe) |       ae_pe_p2__131 |        102 |        102 |       0 |    0 |    168 |      0 |      0 |    0 |          0 |
|         u_mul                      | pack2_mult_dsp__131 |          3 |          2 |       0 |    1 |     41 |      0 |      0 |    0 |          1 |
|       g_row[10].g_col[34].u_pe     |       ae_pe_p2__113 |        105 |        104 |       0 |    1 |    209 |      0 |      0 |    0 |          1 |
|         (g_row[10].g_col[34].u_pe) |       ae_pe_p2__113 |        102 |        102 |       0 |    0 |    168 |      0 |      0 |    0 |          0 |
|         u_mul                      | pack2_mult_dsp__113 |          3 |          2 |       0 |    1 |     41 |      0 |      0 |    0 |          1 |
|       g_row[10].g_col[35].u_pe     |       ae_pe_p2__105 |        105 |        104 |       0 |    1 |    209 |      0 |      0 |    0 |          1 |
|         (g_row[10].g_col[35].u_pe) |       ae_pe_p2__105 |        102 |        102 |       0 |    0 |    168 |      0 |      0 |    0 |          0 |
|         u_mul                      | pack2_mult_dsp__105 |          3 |          2 |       0 |    1 |     41 |      0 |      0 |    0 |          1 |
|       g_row[10].g_col[36].u_pe     |        ae_pe_p2__84 |        105 |        104 |       0 |    1 |    209 |      0 |      0 |    0 |          1 |
|         (g_row[10].g_col[36].u_pe) |        ae_pe_p2__84 |        102 |        102 |       0 |    0 |    168 |      0 |      0 |    0 |          0 |
|         u_mul                      |  pack2_mult_dsp__84 |          3 |          2 |       0 |    1 |     41 |      0 |      0 |    0 |          1 |
|       g_row[10].g_col[37].u_pe     |       ae_pe_p2__644 |        105 |        104 |       0 |    1 |    209 |      0 |      0 |    0 |          1 |
|         (g_row[10].g_col[37].u_pe) |       ae_pe_p2__644 |        102 |        102 |       0 |    0 |    168 |      0 |      0 |    0 |          0 |
|         u_mul                      | pack2_mult_dsp__644 |          3 |          2 |       0 |    1 |     41 |      0 |      0 |    0 |          1 |
|       g_row[10].g_col[38].u_pe     |       ae_pe_p2__625 |        105 |        104 |       0 |    1 |    209 |      0 |      0 |    0 |          1 |
|         (g_row[10].g_col[38].u_pe) |       ae_pe_p2__625 |        102 |        102 |       0 |    0 |    168 |      0 |      0 |    0 |          0 |
|         u_mul                      | pack2_mult_dsp__625 |          3 |          2 |       0 |    1 |     41 |      0 |      0 |    0 |          1 |
|       g_row[10].g_col[39].u_pe     |       ae_pe_p2__665 |        105 |        104 |       0 |    1 |    209 |      0 |      0 |    0 |          1 |
|         (g_row[10].g_col[39].u_pe) |       ae_pe_p2__665 |        102 |        102 |       0 |    0 |    168 |      0 |      0 |    0 |          0 |
|         u_mul                      | pack2_mult_dsp__665 |          3 |          2 |       0 |    1 |     41 |      0 |      0 |    0 |          1 |
|       g_row[10].g_col[3].u_pe      |       ae_pe_p2__297 |        105 |        104 |       0 |    1 |    209 |      0 |      0 |    0 |          1 |
|         (g_row[10].g_col[3].u_pe)  |       ae_pe_p2__297 |        102 |        102 |       0 |    0 |    168 |      0 |      0 |    0 |          0 |
|         u_mul                      | pack2_mult_dsp__297 |          3 |          2 |       0 |    1 |     41 |      0 |      0 |    0 |          1 |
|       g_row[10].g_col[40].u_pe     |       ae_pe_p2__666 |        105 |        104 |       0 |    1 |    209 |      0 |      0 |    0 |          1 |
|         (g_row[10].g_col[40].u_pe) |       ae_pe_p2__666 |        102 |        102 |       0 |    0 |    168 |      0 |      0 |    0 |          0 |
|         u_mul                      | pack2_mult_dsp__666 |          3 |          2 |       0 |    1 |     41 |      0 |      0 |    0 |          1 |
|       g_row[10].g_col[41].u_pe     |       ae_pe_p2__503 |        105 |        104 |       0 |    1 |    209 |      0 |      0 |    0 |          1 |
|         (g_row[10].g_col[41].u_pe) |       ae_pe_p2__503 |        102 |        102 |       0 |    0 |    168 |      0 |      0 |    0 |          0 |
|         u_mul                      | pack2_mult_dsp__503 |          3 |          2 |       0 |    1 |     41 |      0 |      0 |    0 |          1 |
|       g_row[10].g_col[42].u_pe     |       ae_pe_p2__485 |        105 |        104 |       0 |    1 |    209 |      0 |      0 |    0 |          1 |
|         (g_row[10].g_col[42].u_pe) |       ae_pe_p2__485 |        102 |        102 |       0 |    0 |    168 |      0 |      0 |    0 |          0 |
|         u_mul                      | pack2_mult_dsp__485 |          3 |          2 |       0 |    1 |     41 |      0 |      0 |    0 |          1 |
|       g_row[10].g_col[43].u_pe     |       ae_pe_p2__484 |        105 |        104 |       0 |    1 |    209 |      0 |      0 |    0 |          1 |
|         (g_row[10].g_col[43].u_pe) |       ae_pe_p2__484 |        102 |        102 |       0 |    0 |    168 |      0 |      0 |    0 |          0 |
|         u_mul                      | pack2_mult_dsp__484 |          3 |          2 |       0 |    1 |     41 |      0 |      0 |    0 |          1 |
|       g_row[10].g_col[44].u_pe     |        ae_pe_p2__22 |        105 |        104 |       0 |    1 |    209 |      0 |      0 |    0 |          1 |
|         (g_row[10].g_col[44].u_pe) |        ae_pe_p2__22 |        102 |        102 |       0 |    0 |    168 |      0 |      0 |    0 |          0 |
|         u_mul                      |  pack2_mult_dsp__22 |          3 |          2 |       0 |    1 |     41 |      0 |      0 |    0 |          1 |
|       g_row[10].g_col[45].u_pe     |        ae_pe_p2__18 |        105 |        104 |       0 |    1 |    209 |      0 |      0 |    0 |          1 |
|         (g_row[10].g_col[45].u_pe) |        ae_pe_p2__18 |        102 |        102 |       0 |    0 |    168 |      0 |      0 |    0 |          0 |
|         u_mul                      |  pack2_mult_dsp__18 |          3 |          2 |       0 |    1 |     41 |      0 |      0 |    0 |          1 |
|       g_row[10].g_col[46].u_pe     |        ae_pe_p2__64 |        105 |        104 |       0 |    1 |    209 |      0 |      0 |    0 |          1 |
|         (g_row[10].g_col[46].u_pe) |        ae_pe_p2__64 |        102 |        102 |       0 |    0 |    168 |      0 |      0 |    0 |          0 |
|         u_mul                      |  pack2_mult_dsp__64 |          3 |          2 |       0 |    1 |     41 |      0 |      0 |    0 |          1 |
|       g_row[10].g_col[47].u_pe     |        ae_pe_p2__70 |        105 |        104 |       0 |    1 |    208 |      0 |      0 |    0 |          1 |
|         (g_row[10].g_col[47].u_pe) |        ae_pe_p2__70 |        102 |        102 |       0 |    0 |    167 |      0 |      0 |    0 |          0 |
|         u_mul                      |  pack2_mult_dsp__70 |          3 |          2 |       0 |    1 |     41 |      0 |      0 |    0 |          1 |
|       g_row[10].g_col[4].u_pe      |       ae_pe_p2__242 |        105 |        104 |       0 |    1 |    209 |      0 |      0 |    0 |          1 |
|         (g_row[10].g_col[4].u_pe)  |       ae_pe_p2__242 |        102 |        102 |       0 |    0 |    168 |      0 |      0 |    0 |          0 |
|         u_mul                      | pack2_mult_dsp__242 |          3 |          2 |       0 |    1 |     41 |      0 |      0 |    0 |          1 |
|       g_row[10].g_col[5].u_pe      |       ae_pe_p2__274 |        105 |        104 |       0 |    1 |    209 |      0 |      0 |    0 |          1 |
|         (g_row[10].g_col[5].u_pe)  |       ae_pe_p2__274 |        102 |        102 |       0 |    0 |    168 |      0 |      0 |    0 |          0 |
|         u_mul                      | pack2_mult_dsp__274 |          3 |          2 |       0 |    1 |     41 |      0 |      0 |    0 |          1 |
|       g_row[10].g_col[6].u_pe      |       ae_pe_p2__299 |        105 |        104 |       0 |    1 |    209 |      0 |      0 |    0 |          1 |
|         (g_row[10].g_col[6].u_pe)  |       ae_pe_p2__299 |        102 |        102 |       0 |    0 |    168 |      0 |      0 |    0 |          0 |
|         u_mul                      | pack2_mult_dsp__299 |          3 |          2 |       0 |    1 |     41 |      0 |      0 |    0 |          1 |
|       g_row[10].g_col[7].u_pe      |       ae_pe_p2__327 |        105 |        104 |       0 |    1 |    209 |      0 |      0 |    0 |          1 |
|         (g_row[10].g_col[7].u_pe)  |       ae_pe_p2__327 |        102 |        102 |       0 |    0 |    168 |      0 |      0 |    0 |          0 |
|         u_mul                      | pack2_mult_dsp__327 |          3 |          2 |       0 |    1 |     41 |      0 |      0 |    0 |          1 |
|       g_row[10].g_col[8].u_pe      |       ae_pe_p2__283 |        105 |        104 |       0 |    1 |    209 |      0 |      0 |    0 |          1 |
|         (g_row[10].g_col[8].u_pe)  |       ae_pe_p2__283 |        102 |        102 |       0 |    0 |    168 |      0 |      0 |    0 |          0 |
|         u_mul                      | pack2_mult_dsp__283 |          3 |          2 |       0 |    1 |     41 |      0 |      0 |    0 |          1 |
|       g_row[10].g_col[9].u_pe      |       ae_pe_p2__363 |        105 |        104 |       0 |    1 |    209 |      0 |      0 |    0 |          1 |
|         (g_row[10].g_col[9].u_pe)  |       ae_pe_p2__363 |        102 |        102 |       0 |    0 |    168 |      0 |      0 |    0 |          0 |
|         u_mul                      | pack2_mult_dsp__363 |          3 |          2 |       0 |    1 |     41 |      0 |      0 |    0 |          1 |
|       g_row[11].g_col[0].u_pe      |       ae_pe_p2__434 |        105 |        104 |       0 |    1 |    209 |      0 |      0 |    0 |          1 |
|         (g_row[11].g_col[0].u_pe)  |       ae_pe_p2__434 |        102 |        102 |       0 |    0 |    168 |      0 |      0 |    0 |          0 |
|         u_mul                      | pack2_mult_dsp__434 |          3 |          2 |       0 |    1 |     41 |      0 |      0 |    0 |          1 |
|       g_row[11].g_col[10].u_pe     |       ae_pe_p2__559 |        105 |        104 |       0 |    1 |    209 |      0 |      0 |    0 |          1 |
|         (g_row[11].g_col[10].u_pe) |       ae_pe_p2__559 |        102 |        102 |       0 |    0 |    168 |      0 |      0 |    0 |          0 |
|         u_mul                      | pack2_mult_dsp__559 |          3 |          2 |       0 |    1 |     41 |      0 |      0 |    0 |          1 |
|       g_row[11].g_col[11].u_pe     |       ae_pe_p2__534 |        105 |        104 |       0 |    1 |    209 |      0 |      0 |    0 |          1 |
|         (g_row[11].g_col[11].u_pe) |       ae_pe_p2__534 |        102 |        102 |       0 |    0 |    168 |      0 |      0 |    0 |          0 |
|         u_mul                      | pack2_mult_dsp__534 |          3 |          2 |       0 |    1 |     41 |      0 |      0 |    0 |          1 |
|       g_row[11].g_col[12].u_pe     |       ae_pe_p2__535 |        105 |        104 |       0 |    1 |    209 |      0 |      0 |    0 |          1 |
|         (g_row[11].g_col[12].u_pe) |       ae_pe_p2__535 |        102 |        102 |       0 |    0 |    168 |      0 |      0 |    0 |          0 |
|         u_mul                      | pack2_mult_dsp__535 |          3 |          2 |       0 |    1 |     41 |      0 |      0 |    0 |          1 |
|       g_row[11].g_col[13].u_pe     |       ae_pe_p2__566 |        105 |        104 |       0 |    1 |    209 |      0 |      0 |    0 |          1 |
|         (g_row[11].g_col[13].u_pe) |       ae_pe_p2__566 |        102 |        102 |       0 |    0 |    168 |      0 |      0 |    0 |          0 |
|         u_mul                      | pack2_mult_dsp__566 |          3 |          2 |       0 |    1 |     41 |      0 |      0 |    0 |          1 |
|       g_row[11].g_col[14].u_pe     |       ae_pe_p2__563 |        105 |        104 |       0 |    1 |    209 |      0 |      0 |    0 |          1 |
|         (g_row[11].g_col[14].u_pe) |       ae_pe_p2__563 |        102 |        102 |       0 |    0 |    168 |      0 |      0 |    0 |          0 |
|         u_mul                      | pack2_mult_dsp__563 |          3 |          2 |       0 |    1 |     41 |      0 |      0 |    0 |          1 |
|       g_row[11].g_col[15].u_pe     |       ae_pe_p2__608 |        105 |        104 |       0 |    1 |    209 |      0 |      0 |    0 |          1 |
|         (g_row[11].g_col[15].u_pe) |       ae_pe_p2__608 |        102 |        102 |       0 |    0 |    168 |      0 |      0 |    0 |          0 |
|         u_mul                      | pack2_mult_dsp__608 |          3 |          2 |       0 |    1 |     41 |      0 |      0 |    0 |          1 |
|       g_row[11].g_col[16].u_pe     |       ae_pe_p2__337 |        105 |        104 |       0 |    1 |    209 |      0 |      0 |    0 |          1 |
|         (g_row[11].g_col[16].u_pe) |       ae_pe_p2__337 |        102 |        102 |       0 |    0 |    168 |      0 |      0 |    0 |          0 |
|         u_mul                      | pack2_mult_dsp__337 |          3 |          2 |       0 |    1 |     41 |      0 |      0 |    0 |          1 |
|       g_row[11].g_col[17].u_pe     |       ae_pe_p2__386 |        105 |        104 |       0 |    1 |    209 |      0 |      0 |    0 |          1 |
|         (g_row[11].g_col[17].u_pe) |       ae_pe_p2__386 |        102 |        102 |       0 |    0 |    168 |      0 |      0 |    0 |          0 |
|         u_mul                      | pack2_mult_dsp__386 |          3 |          2 |       0 |    1 |     41 |      0 |      0 |    0 |          1 |
|       g_row[11].g_col[18].u_pe     |       ae_pe_p2__381 |        105 |        104 |       0 |    1 |    209 |      0 |      0 |    0 |          1 |
|         (g_row[11].g_col[18].u_pe) |       ae_pe_p2__381 |        102 |        102 |       0 |    0 |    168 |      0 |      0 |    0 |          0 |
|         u_mul                      | pack2_mult_dsp__381 |          3 |          2 |       0 |    1 |     41 |      0 |      0 |    0 |          1 |
|       g_row[11].g_col[19].u_pe     |       ae_pe_p2__403 |        105 |        104 |       0 |    1 |    209 |      0 |      0 |    0 |          1 |
|         (g_row[11].g_col[19].u_pe) |       ae_pe_p2__403 |        102 |        102 |       0 |    0 |    168 |      0 |      0 |    0 |          0 |
|         u_mul                      | pack2_mult_dsp__403 |          3 |          2 |       0 |    1 |     41 |      0 |      0 |    0 |          1 |
|       g_row[11].g_col[1].u_pe      |       ae_pe_p2__435 |        105 |        104 |       0 |    1 |    209 |      0 |      0 |    0 |          1 |
|         (g_row[11].g_col[1].u_pe)  |       ae_pe_p2__435 |        102 |        102 |       0 |    0 |    168 |      0 |      0 |    0 |          0 |
|         u_mul                      | pack2_mult_dsp__435 |          3 |          2 |       0 |    1 |     41 |      0 |      0 |    0 |          1 |
|       g_row[11].g_col[20].u_pe     |       ae_pe_p2__683 |        105 |        104 |       0 |    1 |    209 |      0 |      0 |    0 |          1 |
|         (g_row[11].g_col[20].u_pe) |       ae_pe_p2__683 |        102 |        102 |       0 |    0 |    168 |      0 |      0 |    0 |          0 |
|         u_mul                      | pack2_mult_dsp__683 |          3 |          2 |       0 |    1 |     41 |      0 |      0 |    0 |          1 |
|       g_row[11].g_col[21].u_pe     |       ae_pe_p2__682 |        105 |        104 |       0 |    1 |    209 |      0 |      0 |    0 |          1 |
|         (g_row[11].g_col[21].u_pe) |       ae_pe_p2__682 |        102 |        102 |       0 |    0 |    168 |      0 |      0 |    0 |          0 |
|         u_mul                      | pack2_mult_dsp__682 |          3 |          2 |       0 |    1 |     41 |      0 |      0 |    0 |          1 |
|       g_row[11].g_col[22].u_pe     |       ae_pe_p2__753 |        105 |        104 |       0 |    1 |    209 |      0 |      0 |    0 |          1 |
|         (g_row[11].g_col[22].u_pe) |       ae_pe_p2__753 |        102 |        102 |       0 |    0 |    168 |      0 |      0 |    0 |          0 |
|         u_mul                      | pack2_mult_dsp__753 |          3 |          2 |       0 |    1 |     41 |      0 |      0 |    0 |          1 |
|       g_row[11].g_col[23].u_pe     |       ae_pe_p2__723 |        105 |        104 |       0 |    1 |    209 |      0 |      0 |    0 |          1 |
|         (g_row[11].g_col[23].u_pe) |       ae_pe_p2__723 |        102 |        102 |       0 |    0 |    168 |      0 |      0 |    0 |          0 |
|         u_mul                      | pack2_mult_dsp__723 |          3 |          2 |       0 |    1 |     41 |      0 |      0 |    0 |          1 |
|       g_row[11].g_col[24].u_pe     |       ae_pe_p2__727 |        105 |        104 |       0 |    1 |    209 |      0 |      0 |    0 |          1 |
|         (g_row[11].g_col[24].u_pe) |       ae_pe_p2__727 |        102 |        102 |       0 |    0 |    168 |      0 |      0 |    0 |          0 |
|         u_mul                      | pack2_mult_dsp__727 |          3 |          2 |       0 |    1 |     41 |      0 |      0 |    0 |          1 |
|       g_row[11].g_col[25].u_pe     |       ae_pe_p2__752 |        105 |        104 |       0 |    1 |    209 |      0 |      0 |    0 |          1 |
|         (g_row[11].g_col[25].u_pe) |       ae_pe_p2__752 |        102 |        102 |       0 |    0 |    168 |      0 |      0 |    0 |          0 |
|         u_mul                      | pack2_mult_dsp__752 |          3 |          2 |       0 |    1 |     41 |      0 |      0 |    0 |          1 |
|       g_row[11].g_col[26].u_pe     |       ae_pe_p2__236 |        105 |        104 |       0 |    1 |    209 |      0 |      0 |    0 |          1 |
|         (g_row[11].g_col[26].u_pe) |       ae_pe_p2__236 |        102 |        102 |       0 |    0 |    168 |      0 |      0 |    0 |          0 |
|         u_mul                      | pack2_mult_dsp__236 |          3 |          2 |       0 |    1 |     41 |      0 |      0 |    0 |          1 |
|       g_row[11].g_col[27].u_pe     |       ae_pe_p2__205 |        105 |        104 |       0 |    1 |    209 |      0 |      0 |    0 |          1 |
|         (g_row[11].g_col[27].u_pe) |       ae_pe_p2__205 |        102 |        102 |       0 |    0 |    168 |      0 |      0 |    0 |          0 |
|         u_mul                      | pack2_mult_dsp__205 |          3 |          2 |       0 |    1 |     41 |      0 |      0 |    0 |          1 |
|       g_row[11].g_col[28].u_pe     |       ae_pe_p2__204 |        105 |        104 |       0 |    1 |    209 |      0 |      0 |    0 |          1 |
|         (g_row[11].g_col[28].u_pe) |       ae_pe_p2__204 |        102 |        102 |       0 |    0 |    168 |      0 |      0 |    0 |          0 |
|         u_mul                      | pack2_mult_dsp__204 |          3 |          2 |       0 |    1 |     41 |      0 |      0 |    0 |          1 |
|       g_row[11].g_col[29].u_pe     |       ae_pe_p2__152 |        105 |        104 |       0 |    1 |    209 |      0 |      0 |    0 |          1 |
|         (g_row[11].g_col[29].u_pe) |       ae_pe_p2__152 |        102 |        102 |       0 |    0 |    168 |      0 |      0 |    0 |          0 |
|         u_mul                      | pack2_mult_dsp__152 |          3 |          2 |       0 |    1 |     41 |      0 |      0 |    0 |          1 |
|       g_row[11].g_col[2].u_pe      |       ae_pe_p2__454 |        105 |        104 |       0 |    1 |    209 |      0 |      0 |    0 |          1 |
|         (g_row[11].g_col[2].u_pe)  |       ae_pe_p2__454 |        102 |        102 |       0 |    0 |    168 |      0 |      0 |    0 |          0 |
|         u_mul                      | pack2_mult_dsp__454 |          3 |          2 |       0 |    1 |     41 |      0 |      0 |    0 |          1 |
|       g_row[11].g_col[30].u_pe     |       ae_pe_p2__147 |        105 |        104 |       0 |    1 |    209 |      0 |      0 |    0 |          1 |
|         (g_row[11].g_col[30].u_pe) |       ae_pe_p2__147 |        102 |        102 |       0 |    0 |    168 |      0 |      0 |    0 |          0 |
|         u_mul                      | pack2_mult_dsp__147 |          3 |          2 |       0 |    1 |     41 |      0 |      0 |    0 |          1 |
|       g_row[11].g_col[31].u_pe     |       ae_pe_p2__192 |        105 |        104 |       0 |    1 |    209 |      0 |      0 |    0 |          1 |
|         (g_row[11].g_col[31].u_pe) |       ae_pe_p2__192 |        102 |        102 |       0 |    0 |    168 |      0 |      0 |    0 |          0 |
|         u_mul                      | pack2_mult_dsp__192 |          3 |          2 |       0 |    1 |     41 |      0 |      0 |    0 |          1 |
|       g_row[11].g_col[32].u_pe     |        ae_pe_p2__45 |        105 |        104 |       0 |    1 |    209 |      0 |      0 |    0 |          1 |
|         (g_row[11].g_col[32].u_pe) |        ae_pe_p2__45 |        102 |        102 |       0 |    0 |    168 |      0 |      0 |    0 |          0 |
|         u_mul                      |  pack2_mult_dsp__45 |          3 |          2 |       0 |    1 |     41 |      0 |      0 |    0 |          1 |
|       g_row[11].g_col[33].u_pe     |       ae_pe_p2__142 |        105 |        104 |       0 |    1 |    209 |      0 |      0 |    0 |          1 |
|         (g_row[11].g_col[33].u_pe) |       ae_pe_p2__142 |        102 |        102 |       0 |    0 |    168 |      0 |      0 |    0 |          0 |
|         u_mul                      | pack2_mult_dsp__142 |          3 |          2 |       0 |    1 |     41 |      0 |      0 |    0 |          1 |
|       g_row[11].g_col[34].u_pe     |        ae_pe_p2__87 |        105 |        104 |       0 |    1 |    209 |      0 |      0 |    0 |          1 |
|         (g_row[11].g_col[34].u_pe) |        ae_pe_p2__87 |        102 |        102 |       0 |    0 |    168 |      0 |      0 |    0 |          0 |
|         u_mul                      |  pack2_mult_dsp__87 |          3 |          2 |       0 |    1 |     41 |      0 |      0 |    0 |          1 |
|       g_row[11].g_col[35].u_pe     |        ae_pe_p2__83 |        105 |        104 |       0 |    1 |    209 |      0 |      0 |    0 |          1 |
|         (g_row[11].g_col[35].u_pe) |        ae_pe_p2__83 |        102 |        102 |       0 |    0 |    168 |      0 |      0 |    0 |          0 |
|         u_mul                      |  pack2_mult_dsp__83 |          3 |          2 |       0 |    1 |     41 |      0 |      0 |    0 |          1 |
|       g_row[11].g_col[36].u_pe     |       ae_pe_p2__101 |        105 |        104 |       0 |    1 |    209 |      0 |      0 |    0 |          1 |
|         (g_row[11].g_col[36].u_pe) |       ae_pe_p2__101 |        102 |        102 |       0 |    0 |    168 |      0 |      0 |    0 |          0 |
|         u_mul                      | pack2_mult_dsp__101 |          3 |          2 |       0 |    1 |     41 |      0 |      0 |    0 |          1 |
|       g_row[11].g_col[37].u_pe     |       ae_pe_p2__645 |        105 |        104 |       0 |    1 |    209 |      0 |      0 |    0 |          1 |
|         (g_row[11].g_col[37].u_pe) |       ae_pe_p2__645 |        102 |        102 |       0 |    0 |    168 |      0 |      0 |    0 |          0 |
|         u_mul                      | pack2_mult_dsp__645 |          3 |          2 |       0 |    1 |     41 |      0 |      0 |    0 |          1 |
|       g_row[11].g_col[38].u_pe     |       ae_pe_p2__634 |        105 |        104 |       0 |    1 |    209 |      0 |      0 |    0 |          1 |
|         (g_row[11].g_col[38].u_pe) |       ae_pe_p2__634 |        102 |        102 |       0 |    0 |    168 |      0 |      0 |    0 |          0 |
|         u_mul                      | pack2_mult_dsp__634 |          3 |          2 |       0 |    1 |     41 |      0 |      0 |    0 |          1 |
|       g_row[11].g_col[39].u_pe     |       ae_pe_p2__668 |        105 |        104 |       0 |    1 |    209 |      0 |      0 |    0 |          1 |
|         (g_row[11].g_col[39].u_pe) |       ae_pe_p2__668 |        102 |        102 |       0 |    0 |    168 |      0 |      0 |    0 |          0 |
|         u_mul                      | pack2_mult_dsp__668 |          3 |          2 |       0 |    1 |     41 |      0 |      0 |    0 |          1 |
|       g_row[11].g_col[3].u_pe      |       ae_pe_p2__300 |        105 |        104 |       0 |    1 |    209 |      0 |      0 |    0 |          1 |
|         (g_row[11].g_col[3].u_pe)  |       ae_pe_p2__300 |        102 |        102 |       0 |    0 |    168 |      0 |      0 |    0 |          0 |
|         u_mul                      | pack2_mult_dsp__300 |          3 |          2 |       0 |    1 |     41 |      0 |      0 |    0 |          1 |
|       g_row[11].g_col[40].u_pe     |       ae_pe_p2__669 |        105 |        104 |       0 |    1 |    209 |      0 |      0 |    0 |          1 |
|         (g_row[11].g_col[40].u_pe) |       ae_pe_p2__669 |        102 |        102 |       0 |    0 |    168 |      0 |      0 |    0 |          0 |
|         u_mul                      | pack2_mult_dsp__669 |          3 |          2 |       0 |    1 |     41 |      0 |      0 |    0 |          1 |
|       g_row[11].g_col[41].u_pe     |       ae_pe_p2__510 |        105 |        104 |       0 |    1 |    209 |      0 |      0 |    0 |          1 |
|         (g_row[11].g_col[41].u_pe) |       ae_pe_p2__510 |        102 |        102 |       0 |    0 |    168 |      0 |      0 |    0 |          0 |
|         u_mul                      | pack2_mult_dsp__510 |          3 |          2 |       0 |    1 |     41 |      0 |      0 |    0 |          1 |
|       g_row[11].g_col[42].u_pe     |       ae_pe_p2__471 |        105 |        104 |       0 |    1 |    209 |      0 |      0 |    0 |          1 |
|         (g_row[11].g_col[42].u_pe) |       ae_pe_p2__471 |        102 |        102 |       0 |    0 |    168 |      0 |      0 |    0 |          0 |
|         u_mul                      | pack2_mult_dsp__471 |          3 |          2 |       0 |    1 |     41 |      0 |      0 |    0 |          1 |
|       g_row[11].g_col[43].u_pe     |       ae_pe_p2__472 |        105 |        104 |       0 |    1 |    209 |      0 |      0 |    0 |          1 |
|         (g_row[11].g_col[43].u_pe) |       ae_pe_p2__472 |        102 |        102 |       0 |    0 |    168 |      0 |      0 |    0 |          0 |
|         u_mul                      | pack2_mult_dsp__472 |          3 |          2 |       0 |    1 |     41 |      0 |      0 |    0 |          1 |
|       g_row[11].g_col[44].u_pe     |        ae_pe_p2__12 |        105 |        104 |       0 |    1 |    209 |      0 |      0 |    0 |          1 |
|         (g_row[11].g_col[44].u_pe) |        ae_pe_p2__12 |        102 |        102 |       0 |    0 |    168 |      0 |      0 |    0 |          0 |
|         u_mul                      |  pack2_mult_dsp__12 |          3 |          2 |       0 |    1 |     41 |      0 |      0 |    0 |          1 |
|       g_row[11].g_col[45].u_pe     |        ae_pe_p2__13 |        105 |        104 |       0 |    1 |    209 |      0 |      0 |    0 |          1 |
|         (g_row[11].g_col[45].u_pe) |        ae_pe_p2__13 |        102 |        102 |       0 |    0 |    168 |      0 |      0 |    0 |          0 |
|         u_mul                      |  pack2_mult_dsp__13 |          3 |          2 |       0 |    1 |     41 |      0 |      0 |    0 |          1 |
|       g_row[11].g_col[46].u_pe     |        ae_pe_p2__58 |        105 |        104 |       0 |    1 |    209 |      0 |      0 |    0 |          1 |
|         (g_row[11].g_col[46].u_pe) |        ae_pe_p2__58 |        102 |        102 |       0 |    0 |    168 |      0 |      0 |    0 |          0 |
|         u_mul                      |  pack2_mult_dsp__58 |          3 |          2 |       0 |    1 |     41 |      0 |      0 |    0 |          1 |
|       g_row[11].g_col[47].u_pe     |        ae_pe_p2__71 |        105 |        104 |       0 |    1 |    208 |      0 |      0 |    0 |          1 |
|         (g_row[11].g_col[47].u_pe) |        ae_pe_p2__71 |        102 |        102 |       0 |    0 |    167 |      0 |      0 |    0 |          0 |
|         u_mul                      |  pack2_mult_dsp__71 |          3 |          2 |       0 |    1 |     41 |      0 |      0 |    0 |          1 |
|       g_row[11].g_col[4].u_pe      |       ae_pe_p2__244 |        105 |        104 |       0 |    1 |    209 |      0 |      0 |    0 |          1 |
|         (g_row[11].g_col[4].u_pe)  |       ae_pe_p2__244 |        102 |        102 |       0 |    0 |    168 |      0 |      0 |    0 |          0 |
|         u_mul                      | pack2_mult_dsp__244 |          3 |          2 |       0 |    1 |     41 |      0 |      0 |    0 |          1 |
|       g_row[11].g_col[5].u_pe      |       ae_pe_p2__272 |        105 |        104 |       0 |    1 |    209 |      0 |      0 |    0 |          1 |
|         (g_row[11].g_col[5].u_pe)  |       ae_pe_p2__272 |        102 |        102 |       0 |    0 |    168 |      0 |      0 |    0 |          0 |
|         u_mul                      | pack2_mult_dsp__272 |          3 |          2 |       0 |    1 |     41 |      0 |      0 |    0 |          1 |
|       g_row[11].g_col[6].u_pe      |       ae_pe_p2__304 |        105 |        104 |       0 |    1 |    209 |      0 |      0 |    0 |          1 |
|         (g_row[11].g_col[6].u_pe)  |       ae_pe_p2__304 |        102 |        102 |       0 |    0 |    168 |      0 |      0 |    0 |          0 |
|         u_mul                      | pack2_mult_dsp__304 |          3 |          2 |       0 |    1 |     41 |      0 |      0 |    0 |          1 |
|       g_row[11].g_col[7].u_pe      |       ae_pe_p2__326 |        105 |        104 |       0 |    1 |    209 |      0 |      0 |    0 |          1 |
|         (g_row[11].g_col[7].u_pe)  |       ae_pe_p2__326 |        102 |        102 |       0 |    0 |    168 |      0 |      0 |    0 |          0 |
|         u_mul                      | pack2_mult_dsp__326 |          3 |          2 |       0 |    1 |     41 |      0 |      0 |    0 |          1 |
|       g_row[11].g_col[8].u_pe      |       ae_pe_p2__291 |        105 |        104 |       0 |    1 |    209 |      0 |      0 |    0 |          1 |
|         (g_row[11].g_col[8].u_pe)  |       ae_pe_p2__291 |        102 |        102 |       0 |    0 |    168 |      0 |      0 |    0 |          0 |
|         u_mul                      | pack2_mult_dsp__291 |          3 |          2 |       0 |    1 |     41 |      0 |      0 |    0 |          1 |
|       g_row[11].g_col[9].u_pe      |       ae_pe_p2__343 |        105 |        104 |       0 |    1 |    209 |      0 |      0 |    0 |          1 |
|         (g_row[11].g_col[9].u_pe)  |       ae_pe_p2__343 |        102 |        102 |       0 |    0 |    168 |      0 |      0 |    0 |          0 |
|         u_mul                      | pack2_mult_dsp__343 |          3 |          2 |       0 |    1 |     41 |      0 |      0 |    0 |          1 |
|       g_row[12].g_col[0].u_pe      |       ae_pe_p2__443 |        105 |        104 |       0 |    1 |    209 |      0 |      0 |    0 |          1 |
|         (g_row[12].g_col[0].u_pe)  |       ae_pe_p2__443 |        102 |        102 |       0 |    0 |    168 |      0 |      0 |    0 |          0 |
|         u_mul                      | pack2_mult_dsp__443 |          3 |          2 |       0 |    1 |     41 |      0 |      0 |    0 |          1 |
|       g_row[12].g_col[10].u_pe     |       ae_pe_p2__558 |        105 |        104 |       0 |    1 |    209 |      0 |      0 |    0 |          1 |
|         (g_row[12].g_col[10].u_pe) |       ae_pe_p2__558 |        102 |        102 |       0 |    0 |    168 |      0 |      0 |    0 |          0 |
|         u_mul                      | pack2_mult_dsp__558 |          3 |          2 |       0 |    1 |     41 |      0 |      0 |    0 |          1 |
|       g_row[12].g_col[11].u_pe     |       ae_pe_p2__533 |        105 |        104 |       0 |    1 |    209 |      0 |      0 |    0 |          1 |
|         (g_row[12].g_col[11].u_pe) |       ae_pe_p2__533 |        102 |        102 |       0 |    0 |    168 |      0 |      0 |    0 |          0 |
|         u_mul                      | pack2_mult_dsp__533 |          3 |          2 |       0 |    1 |     41 |      0 |      0 |    0 |          1 |
|       g_row[12].g_col[12].u_pe     |       ae_pe_p2__528 |        105 |        104 |       0 |    1 |    209 |      0 |      0 |    0 |          1 |
|         (g_row[12].g_col[12].u_pe) |       ae_pe_p2__528 |        102 |        102 |       0 |    0 |    168 |      0 |      0 |    0 |          0 |
|         u_mul                      | pack2_mult_dsp__528 |          3 |          2 |       0 |    1 |     41 |      0 |      0 |    0 |          1 |
|       g_row[12].g_col[13].u_pe     |       ae_pe_p2__567 |        105 |        104 |       0 |    1 |    209 |      0 |      0 |    0 |          1 |
|         (g_row[12].g_col[13].u_pe) |       ae_pe_p2__567 |        102 |        102 |       0 |    0 |    168 |      0 |      0 |    0 |          0 |
|         u_mul                      | pack2_mult_dsp__567 |          3 |          2 |       0 |    1 |     41 |      0 |      0 |    0 |          1 |
|       g_row[12].g_col[14].u_pe     |       ae_pe_p2__568 |        105 |        104 |       0 |    1 |    209 |      0 |      0 |    0 |          1 |
|         (g_row[12].g_col[14].u_pe) |       ae_pe_p2__568 |        102 |        102 |       0 |    0 |    168 |      0 |      0 |    0 |          0 |
|         u_mul                      | pack2_mult_dsp__568 |          3 |          2 |       0 |    1 |     41 |      0 |      0 |    0 |          1 |
|       g_row[12].g_col[15].u_pe     |       ae_pe_p2__605 |        105 |        104 |       0 |    1 |    209 |      0 |      0 |    0 |          1 |
|         (g_row[12].g_col[15].u_pe) |       ae_pe_p2__605 |        102 |        102 |       0 |    0 |    168 |      0 |      0 |    0 |          0 |
|         u_mul                      | pack2_mult_dsp__605 |          3 |          2 |       0 |    1 |     41 |      0 |      0 |    0 |          1 |
|       g_row[12].g_col[16].u_pe     |       ae_pe_p2__340 |        105 |        104 |       0 |    1 |    209 |      0 |      0 |    0 |          1 |
|         (g_row[12].g_col[16].u_pe) |       ae_pe_p2__340 |        102 |        102 |       0 |    0 |    168 |      0 |      0 |    0 |          0 |
|         u_mul                      | pack2_mult_dsp__340 |          3 |          2 |       0 |    1 |     41 |      0 |      0 |    0 |          1 |
|       g_row[12].g_col[17].u_pe     |       ae_pe_p2__395 |        105 |        104 |       0 |    1 |    209 |      0 |      0 |    0 |          1 |
|         (g_row[12].g_col[17].u_pe) |       ae_pe_p2__395 |        102 |        102 |       0 |    0 |    168 |      0 |      0 |    0 |          0 |
|         u_mul                      | pack2_mult_dsp__395 |          3 |          2 |       0 |    1 |     41 |      0 |      0 |    0 |          1 |
|       g_row[12].g_col[18].u_pe     |       ae_pe_p2__389 |        105 |        104 |       0 |    1 |    209 |      0 |      0 |    0 |          1 |
|         (g_row[12].g_col[18].u_pe) |       ae_pe_p2__389 |        102 |        102 |       0 |    0 |    168 |      0 |      0 |    0 |          0 |
|         u_mul                      | pack2_mult_dsp__389 |          3 |          2 |       0 |    1 |     41 |      0 |      0 |    0 |          1 |
|       g_row[12].g_col[19].u_pe     |       ae_pe_p2__399 |        105 |        104 |       0 |    1 |    209 |      0 |      0 |    0 |          1 |
|         (g_row[12].g_col[19].u_pe) |       ae_pe_p2__399 |        102 |        102 |       0 |    0 |    168 |      0 |      0 |    0 |          0 |
|         u_mul                      | pack2_mult_dsp__399 |          3 |          2 |       0 |    1 |     41 |      0 |      0 |    0 |          1 |
|       g_row[12].g_col[1].u_pe      |       ae_pe_p2__446 |        105 |        104 |       0 |    1 |    209 |      0 |      0 |    0 |          1 |
|         (g_row[12].g_col[1].u_pe)  |       ae_pe_p2__446 |        102 |        102 |       0 |    0 |    168 |      0 |      0 |    0 |          0 |
|         u_mul                      | pack2_mult_dsp__446 |          3 |          2 |       0 |    1 |     41 |      0 |      0 |    0 |          1 |
|       g_row[12].g_col[20].u_pe     |       ae_pe_p2__681 |        105 |        104 |       0 |    1 |    209 |      0 |      0 |    0 |          1 |
|         (g_row[12].g_col[20].u_pe) |       ae_pe_p2__681 |        102 |        102 |       0 |    0 |    168 |      0 |      0 |    0 |          0 |
|         u_mul                      | pack2_mult_dsp__681 |          3 |          2 |       0 |    1 |     41 |      0 |      0 |    0 |          1 |
|       g_row[12].g_col[21].u_pe     |       ae_pe_p2__680 |        105 |        104 |       0 |    1 |    209 |      0 |      0 |    0 |          1 |
|         (g_row[12].g_col[21].u_pe) |       ae_pe_p2__680 |        102 |        102 |       0 |    0 |    168 |      0 |      0 |    0 |          0 |
|         u_mul                      | pack2_mult_dsp__680 |          3 |          2 |       0 |    1 |     41 |      0 |      0 |    0 |          1 |
|       g_row[12].g_col[22].u_pe     |       ae_pe_p2__754 |        105 |        104 |       0 |    1 |    209 |      0 |      0 |    0 |          1 |
|         (g_row[12].g_col[22].u_pe) |       ae_pe_p2__754 |        102 |        102 |       0 |    0 |    168 |      0 |      0 |    0 |          0 |
|         u_mul                      | pack2_mult_dsp__754 |          3 |          2 |       0 |    1 |     41 |      0 |      0 |    0 |          1 |
|       g_row[12].g_col[23].u_pe     |       ae_pe_p2__728 |        105 |        104 |       0 |    1 |    209 |      0 |      0 |    0 |          1 |
|         (g_row[12].g_col[23].u_pe) |       ae_pe_p2__728 |        102 |        102 |       0 |    0 |    168 |      0 |      0 |    0 |          0 |
|         u_mul                      | pack2_mult_dsp__728 |          3 |          2 |       0 |    1 |     41 |      0 |      0 |    0 |          1 |
|       g_row[12].g_col[24].u_pe     |       ae_pe_p2__729 |        105 |        104 |       0 |    1 |    209 |      0 |      0 |    0 |          1 |
|         (g_row[12].g_col[24].u_pe) |       ae_pe_p2__729 |        102 |        102 |       0 |    0 |    168 |      0 |      0 |    0 |          0 |
|         u_mul                      | pack2_mult_dsp__729 |          3 |          2 |       0 |    1 |     41 |      0 |      0 |    0 |          1 |
|       g_row[12].g_col[25].u_pe     |       ae_pe_p2__748 |        105 |        104 |       0 |    1 |    209 |      0 |      0 |    0 |          1 |
|         (g_row[12].g_col[25].u_pe) |       ae_pe_p2__748 |        102 |        102 |       0 |    0 |    168 |      0 |      0 |    0 |          0 |
|         u_mul                      | pack2_mult_dsp__748 |          3 |          2 |       0 |    1 |     41 |      0 |      0 |    0 |          1 |
|       g_row[12].g_col[26].u_pe     |       ae_pe_p2__224 |        105 |        104 |       0 |    1 |    209 |      0 |      0 |    0 |          1 |
|         (g_row[12].g_col[26].u_pe) |       ae_pe_p2__224 |        102 |        102 |       0 |    0 |    168 |      0 |      0 |    0 |          0 |
|         u_mul                      | pack2_mult_dsp__224 |          3 |          2 |       0 |    1 |     41 |      0 |      0 |    0 |          1 |
|       g_row[12].g_col[27].u_pe     |       ae_pe_p2__217 |        105 |        104 |       0 |    1 |    209 |      0 |      0 |    0 |          1 |
|         (g_row[12].g_col[27].u_pe) |       ae_pe_p2__217 |        102 |        102 |       0 |    0 |    168 |      0 |      0 |    0 |          0 |
|         u_mul                      | pack2_mult_dsp__217 |          3 |          2 |       0 |    1 |     41 |      0 |      0 |    0 |          1 |
|       g_row[12].g_col[28].u_pe     |       ae_pe_p2__221 |        105 |        104 |       0 |    1 |    209 |      0 |      0 |    0 |          1 |
|         (g_row[12].g_col[28].u_pe) |       ae_pe_p2__221 |        102 |        102 |       0 |    0 |    168 |      0 |      0 |    0 |          0 |
|         u_mul                      | pack2_mult_dsp__221 |          3 |          2 |       0 |    1 |     41 |      0 |      0 |    0 |          1 |
|       g_row[12].g_col[29].u_pe     |       ae_pe_p2__170 |        105 |        104 |       0 |    1 |    209 |      0 |      0 |    0 |          1 |
|         (g_row[12].g_col[29].u_pe) |       ae_pe_p2__170 |        102 |        102 |       0 |    0 |    168 |      0 |      0 |    0 |          0 |
|         u_mul                      | pack2_mult_dsp__170 |          3 |          2 |       0 |    1 |     41 |      0 |      0 |    0 |          1 |
|       g_row[12].g_col[2].u_pe      |       ae_pe_p2__447 |        105 |        104 |       0 |    1 |    209 |      0 |      0 |    0 |          1 |
|         (g_row[12].g_col[2].u_pe)  |       ae_pe_p2__447 |        102 |        102 |       0 |    0 |    168 |      0 |      0 |    0 |          0 |
|         u_mul                      | pack2_mult_dsp__447 |          3 |          2 |       0 |    1 |     41 |      0 |      0 |    0 |          1 |
|       g_row[12].g_col[30].u_pe     |       ae_pe_p2__169 |        105 |        104 |       0 |    1 |    209 |      0 |      0 |    0 |          1 |
|         (g_row[12].g_col[30].u_pe) |       ae_pe_p2__169 |        102 |        102 |       0 |    0 |    168 |      0 |      0 |    0 |          0 |
|         u_mul                      | pack2_mult_dsp__169 |          3 |          2 |       0 |    1 |     41 |      0 |      0 |    0 |          1 |
|       g_row[12].g_col[31].u_pe     |       ae_pe_p2__172 |        105 |        104 |       0 |    1 |    209 |      0 |      0 |    0 |          1 |
|         (g_row[12].g_col[31].u_pe) |       ae_pe_p2__172 |        102 |        102 |       0 |    0 |    168 |      0 |      0 |    0 |          0 |
|         u_mul                      | pack2_mult_dsp__172 |          3 |          2 |       0 |    1 |     41 |      0 |      0 |    0 |          1 |
|       g_row[12].g_col[32].u_pe     |        ae_pe_p2__39 |        105 |        104 |       0 |    1 |    209 |      0 |      0 |    0 |          1 |
|         (g_row[12].g_col[32].u_pe) |        ae_pe_p2__39 |        102 |        102 |       0 |    0 |    168 |      0 |      0 |    0 |          0 |
|         u_mul                      |  pack2_mult_dsp__39 |          3 |          2 |       0 |    1 |     41 |      0 |      0 |    0 |          1 |
|       g_row[12].g_col[33].u_pe     |       ae_pe_p2__140 |        105 |        104 |       0 |    1 |    209 |      0 |      0 |    0 |          1 |
|         (g_row[12].g_col[33].u_pe) |       ae_pe_p2__140 |        102 |        102 |       0 |    0 |    168 |      0 |      0 |    0 |          0 |
|         u_mul                      | pack2_mult_dsp__140 |          3 |          2 |       0 |    1 |     41 |      0 |      0 |    0 |          1 |
|       g_row[12].g_col[34].u_pe     |        ae_pe_p2__93 |        105 |        104 |       0 |    1 |    209 |      0 |      0 |    0 |          1 |
|         (g_row[12].g_col[34].u_pe) |        ae_pe_p2__93 |        102 |        102 |       0 |    0 |    168 |      0 |      0 |    0 |          0 |
|         u_mul                      |  pack2_mult_dsp__93 |          3 |          2 |       0 |    1 |     41 |      0 |      0 |    0 |          1 |
|       g_row[12].g_col[35].u_pe     |        ae_pe_p2__92 |        105 |        104 |       0 |    1 |    209 |      0 |      0 |    0 |          1 |
|         (g_row[12].g_col[35].u_pe) |        ae_pe_p2__92 |        102 |        102 |       0 |    0 |    168 |      0 |      0 |    0 |          0 |
|         u_mul                      |  pack2_mult_dsp__92 |          3 |          2 |       0 |    1 |     41 |      0 |      0 |    0 |          1 |
|       g_row[12].g_col[36].u_pe     |        ae_pe_p2__91 |        105 |        104 |       0 |    1 |    209 |      0 |      0 |    0 |          1 |
|         (g_row[12].g_col[36].u_pe) |        ae_pe_p2__91 |        102 |        102 |       0 |    0 |    168 |      0 |      0 |    0 |          0 |
|         u_mul                      |  pack2_mult_dsp__91 |          3 |          2 |       0 |    1 |     41 |      0 |      0 |    0 |          1 |
|       g_row[12].g_col[37].u_pe     |       ae_pe_p2__646 |        105 |        104 |       0 |    1 |    209 |      0 |      0 |    0 |          1 |
|         (g_row[12].g_col[37].u_pe) |       ae_pe_p2__646 |        102 |        102 |       0 |    0 |    168 |      0 |      0 |    0 |          0 |
|         u_mul                      | pack2_mult_dsp__646 |          3 |          2 |       0 |    1 |     41 |      0 |      0 |    0 |          1 |
|       g_row[12].g_col[38].u_pe     |       ae_pe_p2__635 |        105 |        104 |       0 |    1 |    209 |      0 |      0 |    0 |          1 |
|         (g_row[12].g_col[38].u_pe) |       ae_pe_p2__635 |        102 |        102 |       0 |    0 |    168 |      0 |      0 |    0 |          0 |
|         u_mul                      | pack2_mult_dsp__635 |          3 |          2 |       0 |    1 |     41 |      0 |      0 |    0 |          1 |
|       g_row[12].g_col[39].u_pe     |       ae_pe_p2__636 |        105 |        104 |       0 |    1 |    209 |      0 |      0 |    0 |          1 |
|         (g_row[12].g_col[39].u_pe) |       ae_pe_p2__636 |        102 |        102 |       0 |    0 |    168 |      0 |      0 |    0 |          0 |
|         u_mul                      | pack2_mult_dsp__636 |          3 |          2 |       0 |    1 |     41 |      0 |      0 |    0 |          1 |
|       g_row[12].g_col[3].u_pe      |       ae_pe_p2__294 |        105 |        104 |       0 |    1 |    209 |      0 |      0 |    0 |          1 |
|         (g_row[12].g_col[3].u_pe)  |       ae_pe_p2__294 |        102 |        102 |       0 |    0 |    168 |      0 |      0 |    0 |          0 |
|         u_mul                      | pack2_mult_dsp__294 |          3 |          2 |       0 |    1 |     41 |      0 |      0 |    0 |          1 |
|       g_row[12].g_col[40].u_pe     |       ae_pe_p2__670 |        105 |        104 |       0 |    1 |    209 |      0 |      0 |    0 |          1 |
|         (g_row[12].g_col[40].u_pe) |       ae_pe_p2__670 |        102 |        102 |       0 |    0 |    168 |      0 |      0 |    0 |          0 |
|         u_mul                      | pack2_mult_dsp__670 |          3 |          2 |       0 |    1 |     41 |      0 |      0 |    0 |          1 |
|       g_row[12].g_col[41].u_pe     |       ae_pe_p2__512 |        105 |        104 |       0 |    1 |    209 |      0 |      0 |    0 |          1 |
|         (g_row[12].g_col[41].u_pe) |       ae_pe_p2__512 |        102 |        102 |       0 |    0 |    168 |      0 |      0 |    0 |          0 |
|         u_mul                      | pack2_mult_dsp__512 |          3 |          2 |       0 |    1 |     41 |      0 |      0 |    0 |          1 |
|       g_row[12].g_col[42].u_pe     |       ae_pe_p2__467 |        105 |        104 |       0 |    1 |    209 |      0 |      0 |    0 |          1 |
|         (g_row[12].g_col[42].u_pe) |       ae_pe_p2__467 |        102 |        102 |       0 |    0 |    168 |      0 |      0 |    0 |          0 |
|         u_mul                      | pack2_mult_dsp__467 |          3 |          2 |       0 |    1 |     41 |      0 |      0 |    0 |          1 |
|       g_row[12].g_col[43].u_pe     |       ae_pe_p2__470 |        105 |        104 |       0 |    1 |    209 |      0 |      0 |    0 |          1 |
|         (g_row[12].g_col[43].u_pe) |       ae_pe_p2__470 |        102 |        102 |       0 |    0 |    168 |      0 |      0 |    0 |          0 |
|         u_mul                      | pack2_mult_dsp__470 |          3 |          2 |       0 |    1 |     41 |      0 |      0 |    0 |          1 |
|       g_row[12].g_col[44].u_pe     |        ae_pe_p2__16 |        105 |        104 |       0 |    1 |    209 |      0 |      0 |    0 |          1 |
|         (g_row[12].g_col[44].u_pe) |        ae_pe_p2__16 |        102 |        102 |       0 |    0 |    168 |      0 |      0 |    0 |          0 |
|         u_mul                      |  pack2_mult_dsp__16 |          3 |          2 |       0 |    1 |     41 |      0 |      0 |    0 |          1 |
|       g_row[12].g_col[45].u_pe     |        ae_pe_p2__25 |        105 |        104 |       0 |    1 |    209 |      0 |      0 |    0 |          1 |
|         (g_row[12].g_col[45].u_pe) |        ae_pe_p2__25 |        102 |        102 |       0 |    0 |    168 |      0 |      0 |    0 |          0 |
|         u_mul                      |  pack2_mult_dsp__25 |          3 |          2 |       0 |    1 |     41 |      0 |      0 |    0 |          1 |
|       g_row[12].g_col[46].u_pe     |        ae_pe_p2__63 |        105 |        104 |       0 |    1 |    209 |      0 |      0 |    0 |          1 |
|         (g_row[12].g_col[46].u_pe) |        ae_pe_p2__63 |        102 |        102 |       0 |    0 |    168 |      0 |      0 |    0 |          0 |
|         u_mul                      |  pack2_mult_dsp__63 |          3 |          2 |       0 |    1 |     41 |      0 |      0 |    0 |          1 |
|       g_row[12].g_col[47].u_pe     |        ae_pe_p2__69 |        105 |        104 |       0 |    1 |    208 |      0 |      0 |    0 |          1 |
|         (g_row[12].g_col[47].u_pe) |        ae_pe_p2__69 |        102 |        102 |       0 |    0 |    167 |      0 |      0 |    0 |          0 |
|         u_mul                      |  pack2_mult_dsp__69 |          3 |          2 |       0 |    1 |     41 |      0 |      0 |    0 |          1 |
|       g_row[12].g_col[4].u_pe      |       ae_pe_p2__254 |        105 |        104 |       0 |    1 |    209 |      0 |      0 |    0 |          1 |
|         (g_row[12].g_col[4].u_pe)  |       ae_pe_p2__254 |        102 |        102 |       0 |    0 |    168 |      0 |      0 |    0 |          0 |
|         u_mul                      | pack2_mult_dsp__254 |          3 |          2 |       0 |    1 |     41 |      0 |      0 |    0 |          1 |
|       g_row[12].g_col[5].u_pe      |       ae_pe_p2__271 |        105 |        104 |       0 |    1 |    209 |      0 |      0 |    0 |          1 |
|         (g_row[12].g_col[5].u_pe)  |       ae_pe_p2__271 |        102 |        102 |       0 |    0 |    168 |      0 |      0 |    0 |          0 |
|         u_mul                      | pack2_mult_dsp__271 |          3 |          2 |       0 |    1 |     41 |      0 |      0 |    0 |          1 |
|       g_row[12].g_col[6].u_pe      |       ae_pe_p2__296 |        105 |        104 |       0 |    1 |    209 |      0 |      0 |    0 |          1 |
|         (g_row[12].g_col[6].u_pe)  |       ae_pe_p2__296 |        102 |        102 |       0 |    0 |    168 |      0 |      0 |    0 |          0 |
|         u_mul                      | pack2_mult_dsp__296 |          3 |          2 |       0 |    1 |     41 |      0 |      0 |    0 |          1 |
|       g_row[12].g_col[7].u_pe      |       ae_pe_p2__325 |        105 |        104 |       0 |    1 |    209 |      0 |      0 |    0 |          1 |
|         (g_row[12].g_col[7].u_pe)  |       ae_pe_p2__325 |        102 |        102 |       0 |    0 |    168 |      0 |      0 |    0 |          0 |
|         u_mul                      | pack2_mult_dsp__325 |          3 |          2 |       0 |    1 |     41 |      0 |      0 |    0 |          1 |
|       g_row[12].g_col[8].u_pe      |       ae_pe_p2__286 |        105 |        104 |       0 |    1 |    209 |      0 |      0 |    0 |          1 |
|         (g_row[12].g_col[8].u_pe)  |       ae_pe_p2__286 |        102 |        102 |       0 |    0 |    168 |      0 |      0 |    0 |          0 |
|         u_mul                      | pack2_mult_dsp__286 |          3 |          2 |       0 |    1 |     41 |      0 |      0 |    0 |          1 |
|       g_row[12].g_col[9].u_pe      |       ae_pe_p2__352 |        105 |        104 |       0 |    1 |    209 |      0 |      0 |    0 |          1 |
|         (g_row[12].g_col[9].u_pe)  |       ae_pe_p2__352 |        102 |        102 |       0 |    0 |    168 |      0 |      0 |    0 |          0 |
|         u_mul                      | pack2_mult_dsp__352 |          3 |          2 |       0 |    1 |     41 |      0 |      0 |    0 |          1 |
|       g_row[13].g_col[0].u_pe      |       ae_pe_p2__420 |        105 |        104 |       0 |    1 |    209 |      0 |      0 |    0 |          1 |
|         (g_row[13].g_col[0].u_pe)  |       ae_pe_p2__420 |        102 |        102 |       0 |    0 |    168 |      0 |      0 |    0 |          0 |
|         u_mul                      | pack2_mult_dsp__420 |          3 |          2 |       0 |    1 |     41 |      0 |      0 |    0 |          1 |
|       g_row[13].g_col[10].u_pe     |       ae_pe_p2__554 |        105 |        104 |       0 |    1 |    209 |      0 |      0 |    0 |          1 |
|         (g_row[13].g_col[10].u_pe) |       ae_pe_p2__554 |        102 |        102 |       0 |    0 |    168 |      0 |      0 |    0 |          0 |
|         u_mul                      | pack2_mult_dsp__554 |          3 |          2 |       0 |    1 |     41 |      0 |      0 |    0 |          1 |
|       g_row[13].g_col[11].u_pe     |       ae_pe_p2__516 |        105 |        104 |       0 |    1 |    209 |      0 |      0 |    0 |          1 |
|         (g_row[13].g_col[11].u_pe) |       ae_pe_p2__516 |        102 |        102 |       0 |    0 |    168 |      0 |      0 |    0 |          0 |
|         u_mul                      | pack2_mult_dsp__516 |          3 |          2 |       0 |    1 |     41 |      0 |      0 |    0 |          1 |
|       g_row[13].g_col[12].u_pe     |       ae_pe_p2__517 |        105 |        104 |       0 |    1 |    209 |      0 |      0 |    0 |          1 |
|         (g_row[13].g_col[12].u_pe) |       ae_pe_p2__517 |        102 |        102 |       0 |    0 |    168 |      0 |      0 |    0 |          0 |
|         u_mul                      | pack2_mult_dsp__517 |          3 |          2 |       0 |    1 |     41 |      0 |      0 |    0 |          1 |
|       g_row[13].g_col[13].u_pe     |       ae_pe_p2__574 |        105 |        104 |       0 |    1 |    209 |      0 |      0 |    0 |          1 |
|         (g_row[13].g_col[13].u_pe) |       ae_pe_p2__574 |        102 |        102 |       0 |    0 |    168 |      0 |      0 |    0 |          0 |
|         u_mul                      | pack2_mult_dsp__574 |          3 |          2 |       0 |    1 |     41 |      0 |      0 |    0 |          1 |
|       g_row[13].g_col[14].u_pe     |       ae_pe_p2__575 |        105 |        104 |       0 |    1 |    209 |      0 |      0 |    0 |          1 |
|         (g_row[13].g_col[14].u_pe) |       ae_pe_p2__575 |        102 |        102 |       0 |    0 |    168 |      0 |      0 |    0 |          0 |
|         u_mul                      | pack2_mult_dsp__575 |          3 |          2 |       0 |    1 |     41 |      0 |      0 |    0 |          1 |
|       g_row[13].g_col[15].u_pe     |       ae_pe_p2__601 |        105 |        104 |       0 |    1 |    209 |      0 |      0 |    0 |          1 |
|         (g_row[13].g_col[15].u_pe) |       ae_pe_p2__601 |        102 |        102 |       0 |    0 |    168 |      0 |      0 |    0 |          0 |
|         u_mul                      | pack2_mult_dsp__601 |          3 |          2 |       0 |    1 |     41 |      0 |      0 |    0 |          1 |
|       g_row[13].g_col[16].u_pe     |       ae_pe_p2__334 |        105 |        104 |       0 |    1 |    209 |      0 |      0 |    0 |          1 |
|         (g_row[13].g_col[16].u_pe) |       ae_pe_p2__334 |        102 |        102 |       0 |    0 |    168 |      0 |      0 |    0 |          0 |
|         u_mul                      | pack2_mult_dsp__334 |          3 |          2 |       0 |    1 |     41 |      0 |      0 |    0 |          1 |
|       g_row[13].g_col[17].u_pe     |       ae_pe_p2__383 |        105 |        104 |       0 |    1 |    209 |      0 |      0 |    0 |          1 |
|         (g_row[13].g_col[17].u_pe) |       ae_pe_p2__383 |        102 |        102 |       0 |    0 |    168 |      0 |      0 |    0 |          0 |
|         u_mul                      | pack2_mult_dsp__383 |          3 |          2 |       0 |    1 |     41 |      0 |      0 |    0 |          1 |
|       g_row[13].g_col[18].u_pe     |       ae_pe_p2__382 |        105 |        104 |       0 |    1 |    209 |      0 |      0 |    0 |          1 |
|         (g_row[13].g_col[18].u_pe) |       ae_pe_p2__382 |        102 |        102 |       0 |    0 |    168 |      0 |      0 |    0 |          0 |
|         u_mul                      | pack2_mult_dsp__382 |          3 |          2 |       0 |    1 |     41 |      0 |      0 |    0 |          1 |
|       g_row[13].g_col[19].u_pe     |       ae_pe_p2__402 |        105 |        104 |       0 |    1 |    209 |      0 |      0 |    0 |          1 |
|         (g_row[13].g_col[19].u_pe) |       ae_pe_p2__402 |        102 |        102 |       0 |    0 |    168 |      0 |      0 |    0 |          0 |
|         u_mul                      | pack2_mult_dsp__402 |          3 |          2 |       0 |    1 |     41 |      0 |      0 |    0 |          1 |
|       g_row[13].g_col[1].u_pe      |       ae_pe_p2__421 |        105 |        104 |       0 |    1 |    209 |      0 |      0 |    0 |          1 |
|         (g_row[13].g_col[1].u_pe)  |       ae_pe_p2__421 |        102 |        102 |       0 |    0 |    168 |      0 |      0 |    0 |          0 |
|         u_mul                      | pack2_mult_dsp__421 |          3 |          2 |       0 |    1 |     41 |      0 |      0 |    0 |          1 |
|       g_row[13].g_col[20].u_pe     |       ae_pe_p2__679 |        105 |        104 |       0 |    1 |    209 |      0 |      0 |    0 |          1 |
|         (g_row[13].g_col[20].u_pe) |       ae_pe_p2__679 |        102 |        102 |       0 |    0 |    168 |      0 |      0 |    0 |          0 |
|         u_mul                      | pack2_mult_dsp__679 |          3 |          2 |       0 |    1 |     41 |      0 |      0 |    0 |          1 |
|       g_row[13].g_col[21].u_pe     |       ae_pe_p2__678 |        105 |        104 |       0 |    1 |    209 |      0 |      0 |    0 |          1 |
|         (g_row[13].g_col[21].u_pe) |       ae_pe_p2__678 |        102 |        102 |       0 |    0 |    168 |      0 |      0 |    0 |          0 |
|         u_mul                      | pack2_mult_dsp__678 |          3 |          2 |       0 |    1 |     41 |      0 |      0 |    0 |          1 |
|       g_row[13].g_col[22].u_pe     |       ae_pe_p2__757 |        105 |        104 |       0 |    1 |    209 |      0 |      0 |    0 |          1 |
|         (g_row[13].g_col[22].u_pe) |       ae_pe_p2__757 |        102 |        102 |       0 |    0 |    168 |      0 |      0 |    0 |          0 |
|         u_mul                      | pack2_mult_dsp__757 |          3 |          2 |       0 |    1 |     41 |      0 |      0 |    0 |          1 |
|       g_row[13].g_col[23].u_pe     |       ae_pe_p2__725 |        105 |        104 |       0 |    1 |    209 |      0 |      0 |    0 |          1 |
|         (g_row[13].g_col[23].u_pe) |       ae_pe_p2__725 |        102 |        102 |       0 |    0 |    168 |      0 |      0 |    0 |          0 |
|         u_mul                      | pack2_mult_dsp__725 |          3 |          2 |       0 |    1 |     41 |      0 |      0 |    0 |          1 |
|       g_row[13].g_col[24].u_pe     |       ae_pe_p2__724 |        105 |        104 |       0 |    1 |    209 |      0 |      0 |    0 |          1 |
|         (g_row[13].g_col[24].u_pe) |       ae_pe_p2__724 |        102 |        102 |       0 |    0 |    168 |      0 |      0 |    0 |          0 |
|         u_mul                      | pack2_mult_dsp__724 |          3 |          2 |       0 |    1 |     41 |      0 |      0 |    0 |          1 |
|       g_row[13].g_col[25].u_pe     |       ae_pe_p2__747 |        105 |        104 |       0 |    1 |    209 |      0 |      0 |    0 |          1 |
|         (g_row[13].g_col[25].u_pe) |       ae_pe_p2__747 |        102 |        102 |       0 |    0 |    168 |      0 |      0 |    0 |          0 |
|         u_mul                      | pack2_mult_dsp__747 |          3 |          2 |       0 |    1 |     41 |      0 |      0 |    0 |          1 |
|       g_row[13].g_col[26].u_pe     |       ae_pe_p2__228 |        105 |        104 |       0 |    1 |    209 |      0 |      0 |    0 |          1 |
|         (g_row[13].g_col[26].u_pe) |       ae_pe_p2__228 |        102 |        102 |       0 |    0 |    168 |      0 |      0 |    0 |          0 |
|         u_mul                      | pack2_mult_dsp__228 |          3 |          2 |       0 |    1 |     41 |      0 |      0 |    0 |          1 |
|       g_row[13].g_col[27].u_pe     |       ae_pe_p2__214 |        105 |        104 |       0 |    1 |    209 |      0 |      0 |    0 |          1 |
|         (g_row[13].g_col[27].u_pe) |       ae_pe_p2__214 |        102 |        102 |       0 |    0 |    168 |      0 |      0 |    0 |          0 |
|         u_mul                      | pack2_mult_dsp__214 |          3 |          2 |       0 |    1 |     41 |      0 |      0 |    0 |          1 |
|       g_row[13].g_col[28].u_pe     |       ae_pe_p2__213 |        105 |        104 |       0 |    1 |    209 |      0 |      0 |    0 |          1 |
|         (g_row[13].g_col[28].u_pe) |       ae_pe_p2__213 |        102 |        102 |       0 |    0 |    168 |      0 |      0 |    0 |          0 |
|         u_mul                      | pack2_mult_dsp__213 |          3 |          2 |       0 |    1 |     41 |      0 |      0 |    0 |          1 |
|       g_row[13].g_col[29].u_pe     |       ae_pe_p2__161 |        105 |        104 |       0 |    1 |    209 |      0 |      0 |    0 |          1 |
|         (g_row[13].g_col[29].u_pe) |       ae_pe_p2__161 |        102 |        102 |       0 |    0 |    168 |      0 |      0 |    0 |          0 |
|         u_mul                      | pack2_mult_dsp__161 |          3 |          2 |       0 |    1 |     41 |      0 |      0 |    0 |          1 |
|       g_row[13].g_col[2].u_pe      |       ae_pe_p2__458 |        105 |        104 |       0 |    1 |    209 |      0 |      0 |    0 |          1 |
|         (g_row[13].g_col[2].u_pe)  |       ae_pe_p2__458 |        102 |        102 |       0 |    0 |    168 |      0 |      0 |    0 |          0 |
|         u_mul                      | pack2_mult_dsp__458 |          3 |          2 |       0 |    1 |     41 |      0 |      0 |    0 |          1 |
|       g_row[13].g_col[30].u_pe     |       ae_pe_p2__160 |        105 |        104 |       0 |    1 |    209 |      0 |      0 |    0 |          1 |
|         (g_row[13].g_col[30].u_pe) |       ae_pe_p2__160 |        102 |        102 |       0 |    0 |    168 |      0 |      0 |    0 |          0 |
|         u_mul                      | pack2_mult_dsp__160 |          3 |          2 |       0 |    1 |     41 |      0 |      0 |    0 |          1 |
|       g_row[13].g_col[31].u_pe     |       ae_pe_p2__187 |        105 |        104 |       0 |    1 |    209 |      0 |      0 |    0 |          1 |
|         (g_row[13].g_col[31].u_pe) |       ae_pe_p2__187 |        102 |        102 |       0 |    0 |    168 |      0 |      0 |    0 |          0 |
|         u_mul                      | pack2_mult_dsp__187 |          3 |          2 |       0 |    1 |     41 |      0 |      0 |    0 |          1 |
|       g_row[13].g_col[32].u_pe     |        ae_pe_p2__35 |        105 |        104 |       0 |    1 |    209 |      0 |      0 |    0 |          1 |
|         (g_row[13].g_col[32].u_pe) |        ae_pe_p2__35 |        102 |        102 |       0 |    0 |    168 |      0 |      0 |    0 |          0 |
|         u_mul                      |  pack2_mult_dsp__35 |          3 |          2 |       0 |    1 |     41 |      0 |      0 |    0 |          1 |
|       g_row[13].g_col[33].u_pe     |       ae_pe_p2__139 |        105 |        104 |       0 |    1 |    209 |      0 |      0 |    0 |          1 |
|         (g_row[13].g_col[33].u_pe) |       ae_pe_p2__139 |        102 |        102 |       0 |    0 |    168 |      0 |      0 |    0 |          0 |
|         u_mul                      | pack2_mult_dsp__139 |          3 |          2 |       0 |    1 |     41 |      0 |      0 |    0 |          1 |
|       g_row[13].g_col[34].u_pe     |        ae_pe_p2__99 |        105 |        104 |       0 |    1 |    209 |      0 |      0 |    0 |          1 |
|         (g_row[13].g_col[34].u_pe) |        ae_pe_p2__99 |        102 |        102 |       0 |    0 |    168 |      0 |      0 |    0 |          0 |
|         u_mul                      |  pack2_mult_dsp__99 |          3 |          2 |       0 |    1 |     41 |      0 |      0 |    0 |          1 |
|       g_row[13].g_col[35].u_pe     |       ae_pe_p2__107 |        105 |        104 |       0 |    1 |    209 |      0 |      0 |    0 |          1 |
|         (g_row[13].g_col[35].u_pe) |       ae_pe_p2__107 |        102 |        102 |       0 |    0 |    168 |      0 |      0 |    0 |          0 |
|         u_mul                      | pack2_mult_dsp__107 |          3 |          2 |       0 |    1 |     41 |      0 |      0 |    0 |          1 |
|       g_row[13].g_col[36].u_pe     |       ae_pe_p2__106 |        105 |        104 |       0 |    1 |    209 |      0 |      0 |    0 |          1 |
|         (g_row[13].g_col[36].u_pe) |       ae_pe_p2__106 |        102 |        102 |       0 |    0 |    168 |      0 |      0 |    0 |          0 |
|         u_mul                      | pack2_mult_dsp__106 |          3 |          2 |       0 |    1 |     41 |      0 |      0 |    0 |          1 |
|       g_row[13].g_col[37].u_pe     |       ae_pe_p2__648 |        105 |        104 |       0 |    1 |    209 |      0 |      0 |    0 |          1 |
|         (g_row[13].g_col[37].u_pe) |       ae_pe_p2__648 |        102 |        102 |       0 |    0 |    168 |      0 |      0 |    0 |          0 |
|         u_mul                      | pack2_mult_dsp__648 |          3 |          2 |       0 |    1 |     41 |      0 |      0 |    0 |          1 |
|       g_row[13].g_col[38].u_pe     |       ae_pe_p2__637 |        105 |        104 |       0 |    1 |    209 |      0 |      0 |    0 |          1 |
|         (g_row[13].g_col[38].u_pe) |       ae_pe_p2__637 |        102 |        102 |       0 |    0 |    168 |      0 |      0 |    0 |          0 |
|         u_mul                      | pack2_mult_dsp__637 |          3 |          2 |       0 |    1 |     41 |      0 |      0 |    0 |          1 |
|       g_row[13].g_col[39].u_pe     |       ae_pe_p2__638 |        105 |        104 |       0 |    1 |    209 |      0 |      0 |    0 |          1 |
|         (g_row[13].g_col[39].u_pe) |       ae_pe_p2__638 |        102 |        102 |       0 |    0 |    168 |      0 |      0 |    0 |          0 |
|         u_mul                      | pack2_mult_dsp__638 |          3 |          2 |       0 |    1 |     41 |      0 |      0 |    0 |          1 |
|       g_row[13].g_col[3].u_pe      |       ae_pe_p2__269 |        105 |        104 |       0 |    1 |    209 |      0 |      0 |    0 |          1 |
|         (g_row[13].g_col[3].u_pe)  |       ae_pe_p2__269 |        102 |        102 |       0 |    0 |    168 |      0 |      0 |    0 |          0 |
|         u_mul                      | pack2_mult_dsp__269 |          3 |          2 |       0 |    1 |     41 |      0 |      0 |    0 |          1 |
|       g_row[13].g_col[40].u_pe     |       ae_pe_p2__672 |        105 |        104 |       0 |    1 |    209 |      0 |      0 |    0 |          1 |
|         (g_row[13].g_col[40].u_pe) |       ae_pe_p2__672 |        102 |        102 |       0 |    0 |    168 |      0 |      0 |    0 |          0 |
|         u_mul                      | pack2_mult_dsp__672 |          3 |          2 |       0 |    1 |     41 |      0 |      0 |    0 |          1 |
|       g_row[13].g_col[41].u_pe     |       ae_pe_p2__486 |        105 |        104 |       0 |    1 |    209 |      0 |      0 |    0 |          1 |
|         (g_row[13].g_col[41].u_pe) |       ae_pe_p2__486 |        102 |        102 |       0 |    0 |    168 |      0 |      0 |    0 |          0 |
|         u_mul                      | pack2_mult_dsp__486 |          3 |          2 |       0 |    1 |     41 |      0 |      0 |    0 |          1 |
|       g_row[13].g_col[42].u_pe     |       ae_pe_p2__488 |        105 |        104 |       0 |    1 |    209 |      0 |      0 |    0 |          1 |
|         (g_row[13].g_col[42].u_pe) |       ae_pe_p2__488 |        102 |        102 |       0 |    0 |    168 |      0 |      0 |    0 |          0 |
|         u_mul                      | pack2_mult_dsp__488 |          3 |          2 |       0 |    1 |     41 |      0 |      0 |    0 |          1 |
|       g_row[13].g_col[43].u_pe     |       ae_pe_p2__491 |        105 |        104 |       0 |    1 |    209 |      0 |      0 |    0 |          1 |
|         (g_row[13].g_col[43].u_pe) |       ae_pe_p2__491 |        102 |        102 |       0 |    0 |    168 |      0 |      0 |    0 |          0 |
|         u_mul                      | pack2_mult_dsp__491 |          3 |          2 |       0 |    1 |     41 |      0 |      0 |    0 |          1 |
|       g_row[13].g_col[44].u_pe     |        ae_pe_p2__26 |        105 |        104 |       0 |    1 |    209 |      0 |      0 |    0 |          1 |
|         (g_row[13].g_col[44].u_pe) |        ae_pe_p2__26 |        102 |        102 |       0 |    0 |    168 |      0 |      0 |    0 |          0 |
|         u_mul                      |  pack2_mult_dsp__26 |          3 |          2 |       0 |    1 |     41 |      0 |      0 |    0 |          1 |
|       g_row[13].g_col[45].u_pe     |        ae_pe_p2__19 |        105 |        104 |       0 |    1 |    209 |      0 |      0 |    0 |          1 |
|         (g_row[13].g_col[45].u_pe) |        ae_pe_p2__19 |        102 |        102 |       0 |    0 |    168 |      0 |      0 |    0 |          0 |
|         u_mul                      |  pack2_mult_dsp__19 |          3 |          2 |       0 |    1 |     41 |      0 |      0 |    0 |          1 |
|       g_row[13].g_col[46].u_pe     |        ae_pe_p2__55 |        105 |        104 |       0 |    1 |    209 |      0 |      0 |    0 |          1 |
|         (g_row[13].g_col[46].u_pe) |        ae_pe_p2__55 |        102 |        102 |       0 |    0 |    168 |      0 |      0 |    0 |          0 |
|         u_mul                      |  pack2_mult_dsp__55 |          3 |          2 |       0 |    1 |     41 |      0 |      0 |    0 |          1 |
|       g_row[13].g_col[47].u_pe     |        ae_pe_p2__75 |        105 |        104 |       0 |    1 |    208 |      0 |      0 |    0 |          1 |
|         (g_row[13].g_col[47].u_pe) |        ae_pe_p2__75 |        102 |        102 |       0 |    0 |    167 |      0 |      0 |    0 |          0 |
|         u_mul                      |  pack2_mult_dsp__75 |          3 |          2 |       0 |    1 |     41 |      0 |      0 |    0 |          1 |
|       g_row[13].g_col[4].u_pe      |       ae_pe_p2__263 |        105 |        104 |       0 |    1 |    209 |      0 |      0 |    0 |          1 |
|         (g_row[13].g_col[4].u_pe)  |       ae_pe_p2__263 |        102 |        102 |       0 |    0 |    168 |      0 |      0 |    0 |          0 |
|         u_mul                      | pack2_mult_dsp__263 |          3 |          2 |       0 |    1 |     41 |      0 |      0 |    0 |          1 |
|       g_row[13].g_col[5].u_pe      |       ae_pe_p2__273 |        105 |        104 |       0 |    1 |    209 |      0 |      0 |    0 |          1 |
|         (g_row[13].g_col[5].u_pe)  |       ae_pe_p2__273 |        102 |        102 |       0 |    0 |    168 |      0 |      0 |    0 |          0 |
|         u_mul                      | pack2_mult_dsp__273 |          3 |          2 |       0 |    1 |     41 |      0 |      0 |    0 |          1 |
|       g_row[13].g_col[6].u_pe      |       ae_pe_p2__350 |        105 |        104 |       0 |    1 |    209 |      0 |      0 |    0 |          1 |
|         (g_row[13].g_col[6].u_pe)  |       ae_pe_p2__350 |        102 |        102 |       0 |    0 |    168 |      0 |      0 |    0 |          0 |
|         u_mul                      | pack2_mult_dsp__350 |          3 |          2 |       0 |    1 |     41 |      0 |      0 |    0 |          1 |
|       g_row[13].g_col[7].u_pe      |       ae_pe_p2__277 |        105 |        104 |       0 |    1 |    209 |      0 |      0 |    0 |          1 |
|         (g_row[13].g_col[7].u_pe)  |       ae_pe_p2__277 |        102 |        102 |       0 |    0 |    168 |      0 |      0 |    0 |          0 |
|         u_mul                      | pack2_mult_dsp__277 |          3 |          2 |       0 |    1 |     41 |      0 |      0 |    0 |          1 |
|       g_row[13].g_col[8].u_pe      |       ae_pe_p2__289 |        105 |        104 |       0 |    1 |    209 |      0 |      0 |    0 |          1 |
|         (g_row[13].g_col[8].u_pe)  |       ae_pe_p2__289 |        102 |        102 |       0 |    0 |    168 |      0 |      0 |    0 |          0 |
|         u_mul                      | pack2_mult_dsp__289 |          3 |          2 |       0 |    1 |     41 |      0 |      0 |    0 |          1 |
|       g_row[13].g_col[9].u_pe      |       ae_pe_p2__345 |        105 |        104 |       0 |    1 |    209 |      0 |      0 |    0 |          1 |
|         (g_row[13].g_col[9].u_pe)  |       ae_pe_p2__345 |        102 |        102 |       0 |    0 |    168 |      0 |      0 |    0 |          0 |
|         u_mul                      | pack2_mult_dsp__345 |          3 |          2 |       0 |    1 |     41 |      0 |      0 |    0 |          1 |
|       g_row[14].g_col[0].u_pe      |       ae_pe_p2__433 |        105 |        104 |       0 |    1 |    209 |      0 |      0 |    0 |          1 |
|         (g_row[14].g_col[0].u_pe)  |       ae_pe_p2__433 |        102 |        102 |       0 |    0 |    168 |      0 |      0 |    0 |          0 |
|         u_mul                      | pack2_mult_dsp__433 |          3 |          2 |       0 |    1 |     41 |      0 |      0 |    0 |          1 |
|       g_row[14].g_col[10].u_pe     |       ae_pe_p2__550 |        105 |        104 |       0 |    1 |    209 |      0 |      0 |    0 |          1 |
|         (g_row[14].g_col[10].u_pe) |       ae_pe_p2__550 |        102 |        102 |       0 |    0 |    168 |      0 |      0 |    0 |          0 |
|         u_mul                      | pack2_mult_dsp__550 |          3 |          2 |       0 |    1 |     41 |      0 |      0 |    0 |          1 |
|       g_row[14].g_col[11].u_pe     |       ae_pe_p2__525 |        105 |        104 |       0 |    1 |    209 |      0 |      0 |    0 |          1 |
|         (g_row[14].g_col[11].u_pe) |       ae_pe_p2__525 |        102 |        102 |       0 |    0 |    168 |      0 |      0 |    0 |          0 |
|         u_mul                      | pack2_mult_dsp__525 |          3 |          2 |       0 |    1 |     41 |      0 |      0 |    0 |          1 |
|       g_row[14].g_col[12].u_pe     |       ae_pe_p2__526 |        105 |        104 |       0 |    1 |    209 |      0 |      0 |    0 |          1 |
|         (g_row[14].g_col[12].u_pe) |       ae_pe_p2__526 |        102 |        102 |       0 |    0 |    168 |      0 |      0 |    0 |          0 |
|         u_mul                      | pack2_mult_dsp__526 |          3 |          2 |       0 |    1 |     41 |      0 |      0 |    0 |          1 |
|       g_row[14].g_col[13].u_pe     |       ae_pe_p2__580 |        105 |        104 |       0 |    1 |    209 |      0 |      0 |    0 |          1 |
|         (g_row[14].g_col[13].u_pe) |       ae_pe_p2__580 |        102 |        102 |       0 |    0 |    168 |      0 |      0 |    0 |          0 |
|         u_mul                      | pack2_mult_dsp__580 |          3 |          2 |       0 |    1 |     41 |      0 |      0 |    0 |          1 |
|       g_row[14].g_col[14].u_pe     |       ae_pe_p2__581 |        105 |        104 |       0 |    1 |    209 |      0 |      0 |    0 |          1 |
|         (g_row[14].g_col[14].u_pe) |       ae_pe_p2__581 |        102 |        102 |       0 |    0 |    168 |      0 |      0 |    0 |          0 |
|         u_mul                      | pack2_mult_dsp__581 |          3 |          2 |       0 |    1 |     41 |      0 |      0 |    0 |          1 |
|       g_row[14].g_col[15].u_pe     |       ae_pe_p2__599 |        105 |        104 |       0 |    1 |    209 |      0 |      0 |    0 |          1 |
|         (g_row[14].g_col[15].u_pe) |       ae_pe_p2__599 |        102 |        102 |       0 |    0 |    168 |      0 |      0 |    0 |          0 |
|         u_mul                      | pack2_mult_dsp__599 |          3 |          2 |       0 |    1 |     41 |      0 |      0 |    0 |          1 |
|       g_row[14].g_col[16].u_pe     |       ae_pe_p2__333 |        105 |        104 |       0 |    1 |    209 |      0 |      0 |    0 |          1 |
|         (g_row[14].g_col[16].u_pe) |       ae_pe_p2__333 |        102 |        102 |       0 |    0 |    168 |      0 |      0 |    0 |          0 |
|         u_mul                      | pack2_mult_dsp__333 |          3 |          2 |       0 |    1 |     41 |      0 |      0 |    0 |          1 |
|       g_row[14].g_col[17].u_pe     |       ae_pe_p2__401 |        105 |        104 |       0 |    1 |    209 |      0 |      0 |    0 |          1 |
|         (g_row[14].g_col[17].u_pe) |       ae_pe_p2__401 |        102 |        102 |       0 |    0 |    168 |      0 |      0 |    0 |          0 |
|         u_mul                      | pack2_mult_dsp__401 |          3 |          2 |       0 |    1 |     41 |      0 |      0 |    0 |          1 |
|       g_row[14].g_col[18].u_pe     |       ae_pe_p2__390 |        105 |        104 |       0 |    1 |    209 |      0 |      0 |    0 |          1 |
|         (g_row[14].g_col[18].u_pe) |       ae_pe_p2__390 |        102 |        102 |       0 |    0 |    168 |      0 |      0 |    0 |          0 |
|         u_mul                      | pack2_mult_dsp__390 |          3 |          2 |       0 |    1 |     41 |      0 |      0 |    0 |          1 |
|       g_row[14].g_col[19].u_pe     |       ae_pe_p2__397 |        105 |        104 |       0 |    1 |    209 |      0 |      0 |    0 |          1 |
|         (g_row[14].g_col[19].u_pe) |       ae_pe_p2__397 |        102 |        102 |       0 |    0 |    168 |      0 |      0 |    0 |          0 |
|         u_mul                      | pack2_mult_dsp__397 |          3 |          2 |       0 |    1 |     41 |      0 |      0 |    0 |          1 |
|       g_row[14].g_col[1].u_pe      |       ae_pe_p2__436 |        105 |        104 |       0 |    1 |    209 |      0 |      0 |    0 |          1 |
|         (g_row[14].g_col[1].u_pe)  |       ae_pe_p2__436 |        102 |        102 |       0 |    0 |    168 |      0 |      0 |    0 |          0 |
|         u_mul                      | pack2_mult_dsp__436 |          3 |          2 |       0 |    1 |     41 |      0 |      0 |    0 |          1 |
|       g_row[14].g_col[20].u_pe     |       ae_pe_p2__677 |        105 |        104 |       0 |    1 |    209 |      0 |      0 |    0 |          1 |
|         (g_row[14].g_col[20].u_pe) |       ae_pe_p2__677 |        102 |        102 |       0 |    0 |    168 |      0 |      0 |    0 |          0 |
|         u_mul                      | pack2_mult_dsp__677 |          3 |          2 |       0 |    1 |     41 |      0 |      0 |    0 |          1 |
|       g_row[14].g_col[21].u_pe     |       ae_pe_p2__676 |        105 |        104 |       0 |    1 |    209 |      0 |      0 |    0 |          1 |
|         (g_row[14].g_col[21].u_pe) |       ae_pe_p2__676 |        102 |        102 |       0 |    0 |    168 |      0 |      0 |    0 |          0 |
|         u_mul                      | pack2_mult_dsp__676 |          3 |          2 |       0 |    1 |     41 |      0 |      0 |    0 |          1 |
|       g_row[14].g_col[22].u_pe     |       ae_pe_p2__760 |        105 |        104 |       0 |    1 |    209 |      0 |      0 |    0 |          1 |
|         (g_row[14].g_col[22].u_pe) |       ae_pe_p2__760 |        102 |        102 |       0 |    0 |    168 |      0 |      0 |    0 |          0 |
|         u_mul                      | pack2_mult_dsp__760 |          3 |          2 |       0 |    1 |     41 |      0 |      0 |    0 |          1 |
|       g_row[14].g_col[23].u_pe     |       ae_pe_p2__716 |        105 |        104 |       0 |    1 |    209 |      0 |      0 |    0 |          1 |
|         (g_row[14].g_col[23].u_pe) |       ae_pe_p2__716 |        102 |        102 |       0 |    0 |    168 |      0 |      0 |    0 |          0 |
|         u_mul                      | pack2_mult_dsp__716 |          3 |          2 |       0 |    1 |     41 |      0 |      0 |    0 |          1 |
|       g_row[14].g_col[24].u_pe     |       ae_pe_p2__715 |        105 |        104 |       0 |    1 |    209 |      0 |      0 |    0 |          1 |
|         (g_row[14].g_col[24].u_pe) |       ae_pe_p2__715 |        102 |        102 |       0 |    0 |    168 |      0 |      0 |    0 |          0 |
|         u_mul                      | pack2_mult_dsp__715 |          3 |          2 |       0 |    1 |     41 |      0 |      0 |    0 |          1 |
|       g_row[14].g_col[25].u_pe     |       ae_pe_p2__745 |        105 |        104 |       0 |    1 |    209 |      0 |      0 |    0 |          1 |
|         (g_row[14].g_col[25].u_pe) |       ae_pe_p2__745 |        102 |        102 |       0 |    0 |    168 |      0 |      0 |    0 |          0 |
|         u_mul                      | pack2_mult_dsp__745 |          3 |          2 |       0 |    1 |     41 |      0 |      0 |    0 |          1 |
|       g_row[14].g_col[26].u_pe     |       ae_pe_p2__198 |        105 |        104 |       0 |    1 |    209 |      0 |      0 |    0 |          1 |
|         (g_row[14].g_col[26].u_pe) |       ae_pe_p2__198 |        102 |        102 |       0 |    0 |    168 |      0 |      0 |    0 |          0 |
|         u_mul                      | pack2_mult_dsp__198 |          3 |          2 |       0 |    1 |     41 |      0 |      0 |    0 |          1 |
|       g_row[14].g_col[27].u_pe     |       ae_pe_p2__197 |        105 |        104 |       0 |    1 |    209 |      0 |      0 |    0 |          1 |
|         (g_row[14].g_col[27].u_pe) |       ae_pe_p2__197 |        102 |        102 |       0 |    0 |    168 |      0 |      0 |    0 |          0 |
|         u_mul                      | pack2_mult_dsp__197 |          3 |          2 |       0 |    1 |     41 |      0 |      0 |    0 |          1 |
|       g_row[14].g_col[28].u_pe     |       ae_pe_p2__196 |        105 |        104 |       0 |    1 |    209 |      0 |      0 |    0 |          1 |
|         (g_row[14].g_col[28].u_pe) |       ae_pe_p2__196 |        102 |        102 |       0 |    0 |    168 |      0 |      0 |    0 |          0 |
|         u_mul                      | pack2_mult_dsp__196 |          3 |          2 |       0 |    1 |     41 |      0 |      0 |    0 |          1 |
|       g_row[14].g_col[29].u_pe     |       ae_pe_p2__182 |        105 |        104 |       0 |    1 |    209 |      0 |      0 |    0 |          1 |
|         (g_row[14].g_col[29].u_pe) |       ae_pe_p2__182 |        102 |        102 |       0 |    0 |    168 |      0 |      0 |    0 |          0 |
|         u_mul                      | pack2_mult_dsp__182 |          3 |          2 |       0 |    1 |     41 |      0 |      0 |    0 |          1 |
|       g_row[14].g_col[2].u_pe      |       ae_pe_p2__437 |        105 |        104 |       0 |    1 |    209 |      0 |      0 |    0 |          1 |
|         (g_row[14].g_col[2].u_pe)  |       ae_pe_p2__437 |        102 |        102 |       0 |    0 |    168 |      0 |      0 |    0 |          0 |
|         u_mul                      | pack2_mult_dsp__437 |          3 |          2 |       0 |    1 |     41 |      0 |      0 |    0 |          1 |
|       g_row[14].g_col[30].u_pe     |       ae_pe_p2__154 |        105 |        104 |       0 |    1 |    209 |      0 |      0 |    0 |          1 |
|         (g_row[14].g_col[30].u_pe) |       ae_pe_p2__154 |        102 |        102 |       0 |    0 |    168 |      0 |      0 |    0 |          0 |
|         u_mul                      | pack2_mult_dsp__154 |          3 |          2 |       0 |    1 |     41 |      0 |      0 |    0 |          1 |
|       g_row[14].g_col[31].u_pe     |       ae_pe_p2__184 |        105 |        104 |       0 |    1 |    209 |      0 |      0 |    0 |          1 |
|         (g_row[14].g_col[31].u_pe) |       ae_pe_p2__184 |        102 |        102 |       0 |    0 |    168 |      0 |      0 |    0 |          0 |
|         u_mul                      | pack2_mult_dsp__184 |          3 |          2 |       0 |    1 |     41 |      0 |      0 |    0 |          1 |
|       g_row[14].g_col[32].u_pe     |        ae_pe_p2__32 |        105 |        104 |       0 |    1 |    209 |      0 |      0 |    0 |          1 |
|         (g_row[14].g_col[32].u_pe) |        ae_pe_p2__32 |        102 |        102 |       0 |    0 |    168 |      0 |      0 |    0 |          0 |
|         u_mul                      |  pack2_mult_dsp__32 |          3 |          2 |       0 |    1 |     41 |      0 |      0 |    0 |          1 |
|       g_row[14].g_col[33].u_pe     |       ae_pe_p2__122 |        105 |        104 |       0 |    1 |    209 |      0 |      0 |    0 |          1 |
|         (g_row[14].g_col[33].u_pe) |       ae_pe_p2__122 |        102 |        102 |       0 |    0 |    168 |      0 |      0 |    0 |          0 |
|         u_mul                      | pack2_mult_dsp__122 |          3 |          2 |       0 |    1 |     41 |      0 |      0 |    0 |          1 |
|       g_row[14].g_col[34].u_pe     |        ae_pe_p2__97 |        105 |        104 |       0 |    1 |    209 |      0 |      0 |    0 |          1 |
|         (g_row[14].g_col[34].u_pe) |        ae_pe_p2__97 |        102 |        102 |       0 |    0 |    168 |      0 |      0 |    0 |          0 |
|         u_mul                      |  pack2_mult_dsp__97 |          3 |          2 |       0 |    1 |     41 |      0 |      0 |    0 |          1 |
|       g_row[14].g_col[35].u_pe     |       ae_pe_p2__103 |        105 |        104 |       0 |    1 |    209 |      0 |      0 |    0 |          1 |
|         (g_row[14].g_col[35].u_pe) |       ae_pe_p2__103 |        102 |        102 |       0 |    0 |    168 |      0 |      0 |    0 |          0 |
|         u_mul                      | pack2_mult_dsp__103 |          3 |          2 |       0 |    1 |     41 |      0 |      0 |    0 |          1 |
|       g_row[14].g_col[36].u_pe     |       ae_pe_p2__102 |        105 |        104 |       0 |    1 |    209 |      0 |      0 |    0 |          1 |
|         (g_row[14].g_col[36].u_pe) |       ae_pe_p2__102 |        102 |        102 |       0 |    0 |    168 |      0 |      0 |    0 |          0 |
|         u_mul                      | pack2_mult_dsp__102 |          3 |          2 |       0 |    1 |     41 |      0 |      0 |    0 |          1 |
|       g_row[14].g_col[37].u_pe     |       ae_pe_p2__649 |        105 |        104 |       0 |    1 |    209 |      0 |      0 |    0 |          1 |
|         (g_row[14].g_col[37].u_pe) |       ae_pe_p2__649 |        102 |        102 |       0 |    0 |    168 |      0 |      0 |    0 |          0 |
|         u_mul                      | pack2_mult_dsp__649 |          3 |          2 |       0 |    1 |     41 |      0 |      0 |    0 |          1 |
|       g_row[14].g_col[38].u_pe     |       ae_pe_p2__650 |        105 |        104 |       0 |    1 |    209 |      0 |      0 |    0 |          1 |
|         (g_row[14].g_col[38].u_pe) |       ae_pe_p2__650 |        102 |        102 |       0 |    0 |    168 |      0 |      0 |    0 |          0 |
|         u_mul                      | pack2_mult_dsp__650 |          3 |          2 |       0 |    1 |     41 |      0 |      0 |    0 |          1 |
|       g_row[14].g_col[39].u_pe     |       ae_pe_p2__639 |        105 |        104 |       0 |    1 |    209 |      0 |      0 |    0 |          1 |
|         (g_row[14].g_col[39].u_pe) |       ae_pe_p2__639 |        102 |        102 |       0 |    0 |    168 |      0 |      0 |    0 |          0 |
|         u_mul                      | pack2_mult_dsp__639 |          3 |          2 |       0 |    1 |     41 |      0 |      0 |    0 |          1 |
|       g_row[14].g_col[3].u_pe      |       ae_pe_p2__275 |        105 |        104 |       0 |    1 |    209 |      0 |      0 |    0 |          1 |
|         (g_row[14].g_col[3].u_pe)  |       ae_pe_p2__275 |        102 |        102 |       0 |    0 |    168 |      0 |      0 |    0 |          0 |
|         u_mul                      | pack2_mult_dsp__275 |          3 |          2 |       0 |    1 |     41 |      0 |      0 |    0 |          1 |
|       g_row[14].g_col[40].u_pe     |       ae_pe_p2__640 |        105 |        104 |       0 |    1 |    209 |      0 |      0 |    0 |          1 |
|         (g_row[14].g_col[40].u_pe) |       ae_pe_p2__640 |        102 |        102 |       0 |    0 |    168 |      0 |      0 |    0 |          0 |
|         u_mul                      | pack2_mult_dsp__640 |          3 |          2 |       0 |    1 |     41 |      0 |      0 |    0 |          1 |
|       g_row[14].g_col[41].u_pe     |       ae_pe_p2__480 |        105 |        104 |       0 |    1 |    209 |      0 |      0 |    0 |          1 |
|         (g_row[14].g_col[41].u_pe) |       ae_pe_p2__480 |        102 |        102 |       0 |    0 |    168 |      0 |      0 |    0 |          0 |
|         u_mul                      | pack2_mult_dsp__480 |          3 |          2 |       0 |    1 |     41 |      0 |      0 |    0 |          1 |
|       g_row[14].g_col[42].u_pe     |       ae_pe_p2__479 |        105 |        104 |       0 |    1 |    209 |      0 |      0 |    0 |          1 |
|         (g_row[14].g_col[42].u_pe) |       ae_pe_p2__479 |        102 |        102 |       0 |    0 |    168 |      0 |      0 |    0 |          0 |
|         u_mul                      | pack2_mult_dsp__479 |          3 |          2 |       0 |    1 |     41 |      0 |      0 |    0 |          1 |
|       g_row[14].g_col[43].u_pe     |       ae_pe_p2__505 |        105 |        104 |       0 |    1 |    209 |      0 |      0 |    0 |          1 |
|         (g_row[14].g_col[43].u_pe) |       ae_pe_p2__505 |        102 |        102 |       0 |    0 |    168 |      0 |      0 |    0 |          0 |
|         u_mul                      | pack2_mult_dsp__505 |          3 |          2 |       0 |    1 |     41 |      0 |      0 |    0 |          1 |
|       g_row[14].g_col[44].u_pe     |         ae_pe_p2__4 |        105 |        104 |       0 |    1 |    209 |      0 |      0 |    0 |          1 |
|         (g_row[14].g_col[44].u_pe) |         ae_pe_p2__4 |        102 |        102 |       0 |    0 |    168 |      0 |      0 |    0 |          0 |
|         u_mul                      |   pack2_mult_dsp__4 |          3 |          2 |       0 |    1 |     41 |      0 |      0 |    0 |          1 |
|       g_row[14].g_col[45].u_pe     |        ae_pe_p2__11 |        105 |        104 |       0 |    1 |    209 |      0 |      0 |    0 |          1 |
|         (g_row[14].g_col[45].u_pe) |        ae_pe_p2__11 |        102 |        102 |       0 |    0 |    168 |      0 |      0 |    0 |          0 |
|         u_mul                      |  pack2_mult_dsp__11 |          3 |          2 |       0 |    1 |     41 |      0 |      0 |    0 |          1 |
|       g_row[14].g_col[46].u_pe     |        ae_pe_p2__47 |        105 |        104 |       0 |    1 |    209 |      0 |      0 |    0 |          1 |
|         (g_row[14].g_col[46].u_pe) |        ae_pe_p2__47 |        102 |        102 |       0 |    0 |    168 |      0 |      0 |    0 |          0 |
|         u_mul                      |  pack2_mult_dsp__47 |          3 |          2 |       0 |    1 |     41 |      0 |      0 |    0 |          1 |
|       g_row[14].g_col[47].u_pe     |        ae_pe_p2__79 |        105 |        104 |       0 |    1 |    208 |      0 |      0 |    0 |          1 |
|         (g_row[14].g_col[47].u_pe) |        ae_pe_p2__79 |        102 |        102 |       0 |    0 |    167 |      0 |      0 |    0 |          0 |
|         u_mul                      |  pack2_mult_dsp__79 |          3 |          2 |       0 |    1 |     41 |      0 |      0 |    0 |          1 |
|       g_row[14].g_col[4].u_pe      |       ae_pe_p2__256 |        105 |        104 |       0 |    1 |    209 |      0 |      0 |    0 |          1 |
|         (g_row[14].g_col[4].u_pe)  |       ae_pe_p2__256 |        102 |        102 |       0 |    0 |    168 |      0 |      0 |    0 |          0 |
|         u_mul                      | pack2_mult_dsp__256 |          3 |          2 |       0 |    1 |     41 |      0 |      0 |    0 |          1 |
|       g_row[14].g_col[5].u_pe      |       ae_pe_p2__270 |        105 |        104 |       0 |    1 |    209 |      0 |      0 |    0 |          1 |
|         (g_row[14].g_col[5].u_pe)  |       ae_pe_p2__270 |        102 |        102 |       0 |    0 |    168 |      0 |      0 |    0 |          0 |
|         u_mul                      | pack2_mult_dsp__270 |          3 |          2 |       0 |    1 |     41 |      0 |      0 |    0 |          1 |
|       g_row[14].g_col[6].u_pe      |       ae_pe_p2__344 |        105 |        104 |       0 |    1 |    209 |      0 |      0 |    0 |          1 |
|         (g_row[14].g_col[6].u_pe)  |       ae_pe_p2__344 |        102 |        102 |       0 |    0 |    168 |      0 |      0 |    0 |          0 |
|         u_mul                      | pack2_mult_dsp__344 |          3 |          2 |       0 |    1 |     41 |      0 |      0 |    0 |          1 |
|       g_row[14].g_col[7].u_pe      |       ae_pe_p2__282 |        105 |        104 |       0 |    1 |    209 |      0 |      0 |    0 |          1 |
|         (g_row[14].g_col[7].u_pe)  |       ae_pe_p2__282 |        102 |        102 |       0 |    0 |    168 |      0 |      0 |    0 |          0 |
|         u_mul                      | pack2_mult_dsp__282 |          3 |          2 |       0 |    1 |     41 |      0 |      0 |    0 |          1 |
|       g_row[14].g_col[8].u_pe      |       ae_pe_p2__281 |        105 |        104 |       0 |    1 |    209 |      0 |      0 |    0 |          1 |
|         (g_row[14].g_col[8].u_pe)  |       ae_pe_p2__281 |        102 |        102 |       0 |    0 |    168 |      0 |      0 |    0 |          0 |
|         u_mul                      | pack2_mult_dsp__281 |          3 |          2 |       0 |    1 |     41 |      0 |      0 |    0 |          1 |
|       g_row[14].g_col[9].u_pe      |       ae_pe_p2__346 |        105 |        104 |       0 |    1 |    209 |      0 |      0 |    0 |          1 |
|         (g_row[14].g_col[9].u_pe)  |       ae_pe_p2__346 |        102 |        102 |       0 |    0 |    168 |      0 |      0 |    0 |          0 |
|         u_mul                      | pack2_mult_dsp__346 |          3 |          2 |       0 |    1 |     41 |      0 |      0 |    0 |          1 |
|       g_row[15].g_col[0].u_pe      |       ae_pe_p2__438 |        105 |        104 |       0 |    1 |    209 |      0 |      0 |    0 |          1 |
|         (g_row[15].g_col[0].u_pe)  |       ae_pe_p2__438 |        102 |        102 |       0 |    0 |    168 |      0 |      0 |    0 |          0 |
|         u_mul                      | pack2_mult_dsp__438 |          3 |          2 |       0 |    1 |     41 |      0 |      0 |    0 |          1 |
|       g_row[15].g_col[10].u_pe     |       ae_pe_p2__545 |        105 |        104 |       0 |    1 |    209 |      0 |      0 |    0 |          1 |
|         (g_row[15].g_col[10].u_pe) |       ae_pe_p2__545 |        102 |        102 |       0 |    0 |    168 |      0 |      0 |    0 |          0 |
|         u_mul                      | pack2_mult_dsp__545 |          3 |          2 |       0 |    1 |     41 |      0 |      0 |    0 |          1 |
|       g_row[15].g_col[11].u_pe     |       ae_pe_p2__540 |        105 |        104 |       0 |    1 |    209 |      0 |      0 |    0 |          1 |
|         (g_row[15].g_col[11].u_pe) |       ae_pe_p2__540 |        102 |        102 |       0 |    0 |    168 |      0 |      0 |    0 |          0 |
|         u_mul                      | pack2_mult_dsp__540 |          3 |          2 |       0 |    1 |     41 |      0 |      0 |    0 |          1 |
|       g_row[15].g_col[12].u_pe     |       ae_pe_p2__541 |        105 |        104 |       0 |    1 |    209 |      0 |      0 |    0 |          1 |
|         (g_row[15].g_col[12].u_pe) |       ae_pe_p2__541 |        102 |        102 |       0 |    0 |    168 |      0 |      0 |    0 |          0 |
|         u_mul                      | pack2_mult_dsp__541 |          3 |          2 |       0 |    1 |     41 |      0 |      0 |    0 |          1 |
|       g_row[15].g_col[13].u_pe     |       ae_pe_p2__586 |        105 |        104 |       0 |    1 |    209 |      0 |      0 |    0 |          1 |
|         (g_row[15].g_col[13].u_pe) |       ae_pe_p2__586 |        102 |        102 |       0 |    0 |    168 |      0 |      0 |    0 |          0 |
|         u_mul                      | pack2_mult_dsp__586 |          3 |          2 |       0 |    1 |     41 |      0 |      0 |    0 |          1 |
|       g_row[15].g_col[14].u_pe     |       ae_pe_p2__587 |        105 |        104 |       0 |    1 |    209 |      0 |      0 |    0 |          1 |
|         (g_row[15].g_col[14].u_pe) |       ae_pe_p2__587 |        102 |        102 |       0 |    0 |    168 |      0 |      0 |    0 |          0 |
|         u_mul                      | pack2_mult_dsp__587 |          3 |          2 |       0 |    1 |     41 |      0 |      0 |    0 |          1 |
|       g_row[15].g_col[15].u_pe     |       ae_pe_p2__596 |        105 |        104 |       0 |    1 |    209 |      0 |      0 |    0 |          1 |
|         (g_row[15].g_col[15].u_pe) |       ae_pe_p2__596 |        102 |        102 |       0 |    0 |    168 |      0 |      0 |    0 |          0 |
|         u_mul                      | pack2_mult_dsp__596 |          3 |          2 |       0 |    1 |     41 |      0 |      0 |    0 |          1 |
|       g_row[15].g_col[16].u_pe     |       ae_pe_p2__331 |        105 |        104 |       0 |    1 |    209 |      0 |      0 |    0 |          1 |
|         (g_row[15].g_col[16].u_pe) |       ae_pe_p2__331 |        102 |        102 |       0 |    0 |    168 |      0 |      0 |    0 |          0 |
|         u_mul                      | pack2_mult_dsp__331 |          3 |          2 |       0 |    1 |     41 |      0 |      0 |    0 |          1 |
|       g_row[15].g_col[17].u_pe     |       ae_pe_p2__408 |        105 |        104 |       0 |    1 |    209 |      0 |      0 |    0 |          1 |
|         (g_row[15].g_col[17].u_pe) |       ae_pe_p2__408 |        102 |        102 |       0 |    0 |    168 |      0 |      0 |    0 |          0 |
|         u_mul                      | pack2_mult_dsp__408 |          3 |          2 |       0 |    1 |     41 |      0 |      0 |    0 |          1 |
|       g_row[15].g_col[18].u_pe     |       ae_pe_p2__412 |        105 |        104 |       0 |    1 |    209 |      0 |      0 |    0 |          1 |
|         (g_row[15].g_col[18].u_pe) |       ae_pe_p2__412 |        102 |        102 |       0 |    0 |    168 |      0 |      0 |    0 |          0 |
|         u_mul                      | pack2_mult_dsp__412 |          3 |          2 |       0 |    1 |     41 |      0 |      0 |    0 |          1 |
|       g_row[15].g_col[19].u_pe     |       ae_pe_p2__416 |        105 |        104 |       0 |    1 |    209 |      0 |      0 |    0 |          1 |
|         (g_row[15].g_col[19].u_pe) |       ae_pe_p2__416 |        102 |        102 |       0 |    0 |    168 |      0 |      0 |    0 |          0 |
|         u_mul                      | pack2_mult_dsp__416 |          3 |          2 |       0 |    1 |     41 |      0 |      0 |    0 |          1 |
|       g_row[15].g_col[1].u_pe      |       ae_pe_p2__429 |        105 |        104 |       0 |    1 |    209 |      0 |      0 |    0 |          1 |
|         (g_row[15].g_col[1].u_pe)  |       ae_pe_p2__429 |        102 |        102 |       0 |    0 |    168 |      0 |      0 |    0 |          0 |
|         u_mul                      | pack2_mult_dsp__429 |          3 |          2 |       0 |    1 |     41 |      0 |      0 |    0 |          1 |
|       g_row[15].g_col[20].u_pe     |       ae_pe_p2__675 |        105 |        104 |       0 |    1 |    209 |      0 |      0 |    0 |          1 |
|         (g_row[15].g_col[20].u_pe) |       ae_pe_p2__675 |        102 |        102 |       0 |    0 |    168 |      0 |      0 |    0 |          0 |
|         u_mul                      | pack2_mult_dsp__675 |          3 |          2 |       0 |    1 |     41 |      0 |      0 |    0 |          1 |
|       g_row[15].g_col[21].u_pe     |       ae_pe_p2__674 |        105 |        104 |       0 |    1 |    209 |      0 |      0 |    0 |          1 |
|         (g_row[15].g_col[21].u_pe) |       ae_pe_p2__674 |        102 |        102 |       0 |    0 |    168 |      0 |      0 |    0 |          0 |
|         u_mul                      | pack2_mult_dsp__674 |          3 |          2 |       0 |    1 |     41 |      0 |      0 |    0 |          1 |
|       g_row[15].g_col[22].u_pe     |       ae_pe_p2__762 |        105 |        104 |       0 |    1 |    209 |      0 |      0 |    0 |          1 |
|         (g_row[15].g_col[22].u_pe) |       ae_pe_p2__762 |        102 |        102 |       0 |    0 |    168 |      0 |      0 |    0 |          0 |
|         u_mul                      | pack2_mult_dsp__762 |          3 |          2 |       0 |    1 |     41 |      0 |      0 |    0 |          1 |
|       g_row[15].g_col[23].u_pe     |       ae_pe_p2__711 |        105 |        104 |       0 |    1 |    209 |      0 |      0 |    0 |          1 |
|         (g_row[15].g_col[23].u_pe) |       ae_pe_p2__711 |        102 |        102 |       0 |    0 |    168 |      0 |      0 |    0 |          0 |
|         u_mul                      | pack2_mult_dsp__711 |          3 |          2 |       0 |    1 |     41 |      0 |      0 |    0 |          1 |
|       g_row[15].g_col[24].u_pe     |       ae_pe_p2__710 |        105 |        104 |       0 |    1 |    209 |      0 |      0 |    0 |          1 |
|         (g_row[15].g_col[24].u_pe) |       ae_pe_p2__710 |        102 |        102 |       0 |    0 |    168 |      0 |      0 |    0 |          0 |
|         u_mul                      | pack2_mult_dsp__710 |          3 |          2 |       0 |    1 |     41 |      0 |      0 |    0 |          1 |
|       g_row[15].g_col[25].u_pe     |       ae_pe_p2__742 |        105 |        104 |       0 |    1 |    209 |      0 |      0 |    0 |          1 |
|         (g_row[15].g_col[25].u_pe) |       ae_pe_p2__742 |        102 |        102 |       0 |    0 |    168 |      0 |      0 |    0 |          0 |
|         u_mul                      | pack2_mult_dsp__742 |          3 |          2 |       0 |    1 |     41 |      0 |      0 |    0 |          1 |
|       g_row[15].g_col[26].u_pe     |       ae_pe_p2__195 |        105 |        104 |       0 |    1 |    209 |      0 |      0 |    0 |          1 |
|         (g_row[15].g_col[26].u_pe) |       ae_pe_p2__195 |        102 |        102 |       0 |    0 |    168 |      0 |      0 |    0 |          0 |
|         u_mul                      | pack2_mult_dsp__195 |          3 |          2 |       0 |    1 |     41 |      0 |      0 |    0 |          1 |
|       g_row[15].g_col[27].u_pe     |       ae_pe_p2__199 |        105 |        104 |       0 |    1 |    209 |      0 |      0 |    0 |          1 |
|         (g_row[15].g_col[27].u_pe) |       ae_pe_p2__199 |        102 |        102 |       0 |    0 |    168 |      0 |      0 |    0 |          0 |
|         u_mul                      | pack2_mult_dsp__199 |          3 |          2 |       0 |    1 |     41 |      0 |      0 |    0 |          1 |
|       g_row[15].g_col[28].u_pe     |       ae_pe_p2__200 |        105 |        104 |       0 |    1 |    209 |      0 |      0 |    0 |          1 |
|         (g_row[15].g_col[28].u_pe) |       ae_pe_p2__200 |        102 |        102 |       0 |    0 |    168 |      0 |      0 |    0 |          0 |
|         u_mul                      | pack2_mult_dsp__200 |          3 |          2 |       0 |    1 |     41 |      0 |      0 |    0 |          1 |
|       g_row[15].g_col[29].u_pe     |       ae_pe_p2__188 |        105 |        104 |       0 |    1 |    209 |      0 |      0 |    0 |          1 |
|         (g_row[15].g_col[29].u_pe) |       ae_pe_p2__188 |        102 |        102 |       0 |    0 |    168 |      0 |      0 |    0 |          0 |
|         u_mul                      | pack2_mult_dsp__188 |          3 |          2 |       0 |    1 |     41 |      0 |      0 |    0 |          1 |
|       g_row[15].g_col[2].u_pe      |       ae_pe_p2__428 |        105 |        104 |       0 |    1 |    209 |      0 |      0 |    0 |          1 |
|         (g_row[15].g_col[2].u_pe)  |       ae_pe_p2__428 |        102 |        102 |       0 |    0 |    168 |      0 |      0 |    0 |          0 |
|         u_mul                      | pack2_mult_dsp__428 |          3 |          2 |       0 |    1 |     41 |      0 |      0 |    0 |          1 |
|       g_row[15].g_col[30].u_pe     |       ae_pe_p2__153 |        105 |        104 |       0 |    1 |    209 |      0 |      0 |    0 |          1 |
|         (g_row[15].g_col[30].u_pe) |       ae_pe_p2__153 |        102 |        102 |       0 |    0 |    168 |      0 |      0 |    0 |          0 |
|         u_mul                      | pack2_mult_dsp__153 |          3 |          2 |       0 |    1 |     41 |      0 |      0 |    0 |          1 |
|       g_row[15].g_col[31].u_pe     |       ae_pe_p2__186 |        105 |        104 |       0 |    1 |    209 |      0 |      0 |    0 |          1 |
|         (g_row[15].g_col[31].u_pe) |       ae_pe_p2__186 |        102 |        102 |       0 |    0 |    168 |      0 |      0 |    0 |          0 |
|         u_mul                      | pack2_mult_dsp__186 |          3 |          2 |       0 |    1 |     41 |      0 |      0 |    0 |          1 |
|       g_row[15].g_col[32].u_pe     |        ae_pe_p2__44 |        105 |        104 |       0 |    1 |    209 |      0 |      0 |    0 |          1 |
|         (g_row[15].g_col[32].u_pe) |        ae_pe_p2__44 |        102 |        102 |       0 |    0 |    168 |      0 |      0 |    0 |          0 |
|         u_mul                      |  pack2_mult_dsp__44 |          3 |          2 |       0 |    1 |     41 |      0 |      0 |    0 |          1 |
|       g_row[15].g_col[33].u_pe     |       ae_pe_p2__133 |        105 |        104 |       0 |    1 |    209 |      0 |      0 |    0 |          1 |
|         (g_row[15].g_col[33].u_pe) |       ae_pe_p2__133 |        102 |        102 |       0 |    0 |    168 |      0 |      0 |    0 |          0 |
|         u_mul                      | pack2_mult_dsp__133 |          3 |          2 |       0 |    1 |     41 |      0 |      0 |    0 |          1 |
|       g_row[15].g_col[34].u_pe     |       ae_pe_p2__116 |        105 |        104 |       0 |    1 |    209 |      0 |      0 |    0 |          1 |
|         (g_row[15].g_col[34].u_pe) |       ae_pe_p2__116 |        102 |        102 |       0 |    0 |    168 |      0 |      0 |    0 |          0 |
|         u_mul                      | pack2_mult_dsp__116 |          3 |          2 |       0 |    1 |     41 |      0 |      0 |    0 |          1 |
|       g_row[15].g_col[35].u_pe     |        ae_pe_p2__98 |        105 |        104 |       0 |    1 |    209 |      0 |      0 |    0 |          1 |
|         (g_row[15].g_col[35].u_pe) |        ae_pe_p2__98 |        102 |        102 |       0 |    0 |    168 |      0 |      0 |    0 |          0 |
|         u_mul                      |  pack2_mult_dsp__98 |          3 |          2 |       0 |    1 |     41 |      0 |      0 |    0 |          1 |
|       g_row[15].g_col[36].u_pe     |        ae_pe_p2__89 |        105 |        104 |       0 |    1 |    209 |      0 |      0 |    0 |          1 |
|         (g_row[15].g_col[36].u_pe) |        ae_pe_p2__89 |        102 |        102 |       0 |    0 |    168 |      0 |      0 |    0 |          0 |
|         u_mul                      |  pack2_mult_dsp__89 |          3 |          2 |       0 |    1 |     41 |      0 |      0 |    0 |          1 |
|       g_row[15].g_col[37].u_pe     |       ae_pe_p2__651 |        105 |        104 |       0 |    1 |    209 |      0 |      0 |    0 |          1 |
|         (g_row[15].g_col[37].u_pe) |       ae_pe_p2__651 |        102 |        102 |       0 |    0 |    168 |      0 |      0 |    0 |          0 |
|         u_mul                      | pack2_mult_dsp__651 |          3 |          2 |       0 |    1 |     41 |      0 |      0 |    0 |          1 |
|       g_row[15].g_col[38].u_pe     |       ae_pe_p2__652 |        105 |        104 |       0 |    1 |    209 |      0 |      0 |    0 |          1 |
|         (g_row[15].g_col[38].u_pe) |       ae_pe_p2__652 |        102 |        102 |       0 |    0 |    168 |      0 |      0 |    0 |          0 |
|         u_mul                      | pack2_mult_dsp__652 |          3 |          2 |       0 |    1 |     41 |      0 |      0 |    0 |          1 |
|       g_row[15].g_col[39].u_pe     |       ae_pe_p2__641 |        105 |        104 |       0 |    1 |    209 |      0 |      0 |    0 |          1 |
|         (g_row[15].g_col[39].u_pe) |       ae_pe_p2__641 |        102 |        102 |       0 |    0 |    168 |      0 |      0 |    0 |          0 |
|         u_mul                      | pack2_mult_dsp__641 |          3 |          2 |       0 |    1 |     41 |      0 |      0 |    0 |          1 |
|       g_row[15].g_col[3].u_pe      |       ae_pe_p2__267 |        105 |        104 |       0 |    1 |    209 |      0 |      0 |    0 |          1 |
|         (g_row[15].g_col[3].u_pe)  |       ae_pe_p2__267 |        102 |        102 |       0 |    0 |    168 |      0 |      0 |    0 |          0 |
|         u_mul                      | pack2_mult_dsp__267 |          3 |          2 |       0 |    1 |     41 |      0 |      0 |    0 |          1 |
|       g_row[15].g_col[40].u_pe     |       ae_pe_p2__642 |        105 |        104 |       0 |    1 |    209 |      0 |      0 |    0 |          1 |
|         (g_row[15].g_col[40].u_pe) |       ae_pe_p2__642 |        102 |        102 |       0 |    0 |    168 |      0 |      0 |    0 |          0 |
|         u_mul                      | pack2_mult_dsp__642 |          3 |          2 |       0 |    1 |     41 |      0 |      0 |    0 |          1 |
|       g_row[15].g_col[41].u_pe     |       ae_pe_p2__468 |        105 |        104 |       0 |    1 |    209 |      0 |      0 |    0 |          1 |
|         (g_row[15].g_col[41].u_pe) |       ae_pe_p2__468 |        102 |        102 |       0 |    0 |    168 |      0 |      0 |    0 |          0 |
|         u_mul                      | pack2_mult_dsp__468 |          3 |          2 |       0 |    1 |     41 |      0 |      0 |    0 |          1 |
|       g_row[15].g_col[42].u_pe     |       ae_pe_p2__469 |        105 |        104 |       0 |    1 |    209 |      0 |      0 |    0 |          1 |
|         (g_row[15].g_col[42].u_pe) |       ae_pe_p2__469 |        102 |        102 |       0 |    0 |    168 |      0 |      0 |    0 |          0 |
|         u_mul                      | pack2_mult_dsp__469 |          3 |          2 |       0 |    1 |     41 |      0 |      0 |    0 |          1 |
|       g_row[15].g_col[43].u_pe     |       ae_pe_p2__509 |        105 |        104 |       0 |    1 |    209 |      0 |      0 |    0 |          1 |
|         (g_row[15].g_col[43].u_pe) |       ae_pe_p2__509 |        102 |        102 |       0 |    0 |    168 |      0 |      0 |    0 |          0 |
|         u_mul                      | pack2_mult_dsp__509 |          3 |          2 |       0 |    1 |     41 |      0 |      0 |    0 |          1 |
|       g_row[15].g_col[44].u_pe     |        ae_pe_p2__20 |        105 |        104 |       0 |    1 |    209 |      0 |      0 |    0 |          1 |
|         (g_row[15].g_col[44].u_pe) |        ae_pe_p2__20 |        102 |        102 |       0 |    0 |    168 |      0 |      0 |    0 |          0 |
|         u_mul                      |  pack2_mult_dsp__20 |          3 |          2 |       0 |    1 |     41 |      0 |      0 |    0 |          1 |
|       g_row[15].g_col[45].u_pe     |        ae_pe_p2__21 |        105 |        104 |       0 |    1 |    209 |      0 |      0 |    0 |          1 |
|         (g_row[15].g_col[45].u_pe) |        ae_pe_p2__21 |        102 |        102 |       0 |    0 |    168 |      0 |      0 |    0 |          0 |
|         u_mul                      |  pack2_mult_dsp__21 |          3 |          2 |       0 |    1 |     41 |      0 |      0 |    0 |          1 |
|       g_row[15].g_col[46].u_pe     |        ae_pe_p2__52 |        105 |        104 |       0 |    1 |    209 |      0 |      0 |    0 |          1 |
|         (g_row[15].g_col[46].u_pe) |        ae_pe_p2__52 |        102 |        102 |       0 |    0 |    168 |      0 |      0 |    0 |          0 |
|         u_mul                      |  pack2_mult_dsp__52 |          3 |          2 |       0 |    1 |     41 |      0 |      0 |    0 |          1 |
|       g_row[15].g_col[47].u_pe     |        ae_pe_p2__77 |        105 |        104 |       0 |    1 |    208 |      0 |      0 |    0 |          1 |
|         (g_row[15].g_col[47].u_pe) |        ae_pe_p2__77 |        102 |        102 |       0 |    0 |    167 |      0 |      0 |    0 |          0 |
|         u_mul                      |  pack2_mult_dsp__77 |          3 |          2 |       0 |    1 |     41 |      0 |      0 |    0 |          1 |
|       g_row[15].g_col[4].u_pe      |       ae_pe_p2__264 |        105 |        104 |       0 |    1 |    209 |      0 |      0 |    0 |          1 |
|         (g_row[15].g_col[4].u_pe)  |       ae_pe_p2__264 |        102 |        102 |       0 |    0 |    168 |      0 |      0 |    0 |          0 |
|         u_mul                      | pack2_mult_dsp__264 |          3 |          2 |       0 |    1 |     41 |      0 |      0 |    0 |          1 |
|       g_row[15].g_col[5].u_pe      |       ae_pe_p2__268 |        105 |        104 |       0 |    1 |    209 |      0 |      0 |    0 |          1 |
|         (g_row[15].g_col[5].u_pe)  |       ae_pe_p2__268 |        102 |        102 |       0 |    0 |    168 |      0 |      0 |    0 |          0 |
|         u_mul                      | pack2_mult_dsp__268 |          3 |          2 |       0 |    1 |     41 |      0 |      0 |    0 |          1 |
|       g_row[15].g_col[6].u_pe      |       ae_pe_p2__362 |        105 |        104 |       0 |    1 |    209 |      0 |      0 |    0 |          1 |
|         (g_row[15].g_col[6].u_pe)  |       ae_pe_p2__362 |        102 |        102 |       0 |    0 |    168 |      0 |      0 |    0 |          0 |
|         u_mul                      | pack2_mult_dsp__362 |          3 |          2 |       0 |    1 |     41 |      0 |      0 |    0 |          1 |
|       g_row[15].g_col[7].u_pe      |       ae_pe_p2__285 |        105 |        104 |       0 |    1 |    209 |      0 |      0 |    0 |          1 |
|         (g_row[15].g_col[7].u_pe)  |       ae_pe_p2__285 |        102 |        102 |       0 |    0 |    168 |      0 |      0 |    0 |          0 |
|         u_mul                      | pack2_mult_dsp__285 |          3 |          2 |       0 |    1 |     41 |      0 |      0 |    0 |          1 |
|       g_row[15].g_col[8].u_pe      |       ae_pe_p2__287 |        105 |        104 |       0 |    1 |    209 |      0 |      0 |    0 |          1 |
|         (g_row[15].g_col[8].u_pe)  |       ae_pe_p2__287 |        102 |        102 |       0 |    0 |    168 |      0 |      0 |    0 |          0 |
|         u_mul                      | pack2_mult_dsp__287 |          3 |          2 |       0 |    1 |     41 |      0 |      0 |    0 |          1 |
|       g_row[15].g_col[9].u_pe      |       ae_pe_p2__364 |        105 |        104 |       0 |    1 |    209 |      0 |      0 |    0 |          1 |
|         (g_row[15].g_col[9].u_pe)  |       ae_pe_p2__364 |        102 |        102 |       0 |    0 |    168 |      0 |      0 |    0 |          0 |
|         u_mul                      | pack2_mult_dsp__364 |          3 |          2 |       0 |    1 |     41 |      0 |      0 |    0 |          1 |
|       g_row[1].g_col[0].u_pe       |       ae_pe_p2__425 |        105 |        104 |       0 |    1 |    209 |      0 |      0 |    0 |          1 |
|         (g_row[1].g_col[0].u_pe)   |       ae_pe_p2__425 |        102 |        102 |       0 |    0 |    168 |      0 |      0 |    0 |          0 |
|         u_mul                      | pack2_mult_dsp__425 |          3 |          2 |       0 |    1 |     41 |      0 |      0 |    0 |          1 |
|       g_row[1].g_col[10].u_pe      |       ae_pe_p2__557 |        105 |        104 |       0 |    1 |    209 |      0 |      0 |    0 |          1 |
|         (g_row[1].g_col[10].u_pe)  |       ae_pe_p2__557 |        102 |        102 |       0 |    0 |    168 |      0 |      0 |    0 |          0 |
|         u_mul                      | pack2_mult_dsp__557 |          3 |          2 |       0 |    1 |     41 |      0 |      0 |    0 |          1 |
|       g_row[1].g_col[11].u_pe      |       ae_pe_p2__514 |        105 |        104 |       0 |    1 |    209 |      0 |      0 |    0 |          1 |
|         (g_row[1].g_col[11].u_pe)  |       ae_pe_p2__514 |        102 |        102 |       0 |    0 |    168 |      0 |      0 |    0 |          0 |
|         u_mul                      | pack2_mult_dsp__514 |          3 |          2 |       0 |    1 |     41 |      0 |      0 |    0 |          1 |
|       g_row[1].g_col[12].u_pe      |       ae_pe_p2__513 |        105 |        104 |       0 |    1 |    209 |      0 |      0 |    0 |          1 |
|         (g_row[1].g_col[12].u_pe)  |       ae_pe_p2__513 |        102 |        102 |       0 |    0 |    168 |      0 |      0 |    0 |          0 |
|         u_mul                      | pack2_mult_dsp__513 |          3 |          2 |       0 |    1 |     41 |      0 |      0 |    0 |          1 |
|       g_row[1].g_col[13].u_pe      |       ae_pe_p2__561 |        105 |        104 |       0 |    1 |    209 |      0 |      0 |    0 |          1 |
|         (g_row[1].g_col[13].u_pe)  |       ae_pe_p2__561 |        102 |        102 |       0 |    0 |    168 |      0 |      0 |    0 |          0 |
|         u_mul                      | pack2_mult_dsp__561 |          3 |          2 |       0 |    1 |     41 |      0 |      0 |    0 |          1 |
|       g_row[1].g_col[14].u_pe      |       ae_pe_p2__562 |        105 |        104 |       0 |    1 |    209 |      0 |      0 |    0 |          1 |
|         (g_row[1].g_col[14].u_pe)  |       ae_pe_p2__562 |        102 |        102 |       0 |    0 |    168 |      0 |      0 |    0 |          0 |
|         u_mul                      | pack2_mult_dsp__562 |          3 |          2 |       0 |    1 |     41 |      0 |      0 |    0 |          1 |
|       g_row[1].g_col[15].u_pe      |       ae_pe_p2__607 |        105 |        104 |       0 |    1 |    209 |      0 |      0 |    0 |          1 |
|         (g_row[1].g_col[15].u_pe)  |       ae_pe_p2__607 |        102 |        102 |       0 |    0 |    168 |      0 |      0 |    0 |          0 |
|         u_mul                      | pack2_mult_dsp__607 |          3 |          2 |       0 |    1 |     41 |      0 |      0 |    0 |          1 |
|       g_row[1].g_col[16].u_pe      |       ae_pe_p2__288 |        105 |        104 |       0 |    1 |    209 |      0 |      0 |    0 |          1 |
|         (g_row[1].g_col[16].u_pe)  |       ae_pe_p2__288 |        102 |        102 |       0 |    0 |    168 |      0 |      0 |    0 |          0 |
|         u_mul                      | pack2_mult_dsp__288 |          3 |          2 |       0 |    1 |     41 |      0 |      0 |    0 |          1 |
|       g_row[1].g_col[17].u_pe      |       ae_pe_p2__373 |        105 |        104 |       0 |    1 |    209 |      0 |      0 |    0 |          1 |
|         (g_row[1].g_col[17].u_pe)  |       ae_pe_p2__373 |        102 |        102 |       0 |    0 |    168 |      0 |      0 |    0 |          0 |
|         u_mul                      | pack2_mult_dsp__373 |          3 |          2 |       0 |    1 |     41 |      0 |      0 |    0 |          1 |
|       g_row[1].g_col[18].u_pe      |       ae_pe_p2__410 |        105 |        104 |       0 |    1 |    209 |      0 |      0 |    0 |          1 |
|         (g_row[1].g_col[18].u_pe)  |       ae_pe_p2__410 |        102 |        102 |       0 |    0 |    168 |      0 |      0 |    0 |          0 |
|         u_mul                      | pack2_mult_dsp__410 |          3 |          2 |       0 |    1 |     41 |      0 |      0 |    0 |          1 |
|       g_row[1].g_col[19].u_pe      |       ae_pe_p2__409 |        105 |        104 |       0 |    1 |    209 |      0 |      0 |    0 |          1 |
|         (g_row[1].g_col[19].u_pe)  |       ae_pe_p2__409 |        102 |        102 |       0 |    0 |    168 |      0 |      0 |    0 |          0 |
|         u_mul                      | pack2_mult_dsp__409 |          3 |          2 |       0 |    1 |     41 |      0 |      0 |    0 |          1 |
|       g_row[1].g_col[1].u_pe       |       ae_pe_p2__424 |        105 |        104 |       0 |    1 |    209 |      0 |      0 |    0 |          1 |
|         (g_row[1].g_col[1].u_pe)   |       ae_pe_p2__424 |        102 |        102 |       0 |    0 |    168 |      0 |      0 |    0 |          0 |
|         u_mul                      | pack2_mult_dsp__424 |          3 |          2 |       0 |    1 |     41 |      0 |      0 |    0 |          1 |
|       g_row[1].g_col[20].u_pe      |       ae_pe_p2__700 |        105 |        104 |       0 |    1 |    209 |      0 |      0 |    0 |          1 |
|         (g_row[1].g_col[20].u_pe)  |       ae_pe_p2__700 |        102 |        102 |       0 |    0 |    168 |      0 |      0 |    0 |          0 |
|         u_mul                      | pack2_mult_dsp__700 |          3 |          2 |       0 |    1 |     41 |      0 |      0 |    0 |          1 |
|       g_row[1].g_col[21].u_pe      |       ae_pe_p2__699 |        105 |        104 |       0 |    1 |    209 |      0 |      0 |    0 |          1 |
|         (g_row[1].g_col[21].u_pe)  |       ae_pe_p2__699 |        102 |        102 |       0 |    0 |    168 |      0 |      0 |    0 |          0 |
|         u_mul                      | pack2_mult_dsp__699 |          3 |          2 |       0 |    1 |     41 |      0 |      0 |    0 |          1 |
|       g_row[1].g_col[22].u_pe      |       ae_pe_p2__758 |        105 |        104 |       0 |    1 |    209 |      0 |      0 |    0 |          1 |
|         (g_row[1].g_col[22].u_pe)  |       ae_pe_p2__758 |        102 |        102 |       0 |    0 |    168 |      0 |      0 |    0 |          0 |
|         u_mul                      | pack2_mult_dsp__758 |          3 |          2 |       0 |    1 |     41 |      0 |      0 |    0 |          1 |
|       g_row[1].g_col[23].u_pe      |       ae_pe_p2__726 |        105 |        104 |       0 |    1 |    209 |      0 |      0 |    0 |          1 |
|         (g_row[1].g_col[23].u_pe)  |       ae_pe_p2__726 |        102 |        102 |       0 |    0 |    168 |      0 |      0 |    0 |          0 |
|         u_mul                      | pack2_mult_dsp__726 |          3 |          2 |       0 |    1 |     41 |      0 |      0 |    0 |          1 |
|       g_row[1].g_col[24].u_pe      |       ae_pe_p2__730 |        105 |        104 |       0 |    1 |    209 |      0 |      0 |    0 |          1 |
|         (g_row[1].g_col[24].u_pe)  |       ae_pe_p2__730 |        102 |        102 |       0 |    0 |    168 |      0 |      0 |    0 |          0 |
|         u_mul                      | pack2_mult_dsp__730 |          3 |          2 |       0 |    1 |     41 |      0 |      0 |    0 |          1 |
|       g_row[1].g_col[25].u_pe      |       ae_pe_p2__751 |        105 |        104 |       0 |    1 |    209 |      0 |      0 |    0 |          1 |
|         (g_row[1].g_col[25].u_pe)  |       ae_pe_p2__751 |        102 |        102 |       0 |    0 |    168 |      0 |      0 |    0 |          0 |
|         u_mul                      | pack2_mult_dsp__751 |          3 |          2 |       0 |    1 |     41 |      0 |      0 |    0 |          1 |
|       g_row[1].g_col[26].u_pe      |       ae_pe_p2__222 |        105 |        104 |       0 |    1 |    209 |      0 |      0 |    0 |          1 |
|         (g_row[1].g_col[26].u_pe)  |       ae_pe_p2__222 |        102 |        102 |       0 |    0 |    168 |      0 |      0 |    0 |          0 |
|         u_mul                      | pack2_mult_dsp__222 |          3 |          2 |       0 |    1 |     41 |      0 |      0 |    0 |          1 |
|       g_row[1].g_col[27].u_pe      |       ae_pe_p2__220 |        105 |        104 |       0 |    1 |    209 |      0 |      0 |    0 |          1 |
|         (g_row[1].g_col[27].u_pe)  |       ae_pe_p2__220 |        102 |        102 |       0 |    0 |    168 |      0 |      0 |    0 |          0 |
|         u_mul                      | pack2_mult_dsp__220 |          3 |          2 |       0 |    1 |     41 |      0 |      0 |    0 |          1 |
|       g_row[1].g_col[28].u_pe      |       ae_pe_p2__219 |        105 |        104 |       0 |    1 |    209 |      0 |      0 |    0 |          1 |
|         (g_row[1].g_col[28].u_pe)  |       ae_pe_p2__219 |        102 |        102 |       0 |    0 |    168 |      0 |      0 |    0 |          0 |
|         u_mul                      | pack2_mult_dsp__219 |          3 |          2 |       0 |    1 |     41 |      0 |      0 |    0 |          1 |
|       g_row[1].g_col[29].u_pe      |       ae_pe_p2__167 |        105 |        104 |       0 |    1 |    209 |      0 |      0 |    0 |          1 |
|         (g_row[1].g_col[29].u_pe)  |       ae_pe_p2__167 |        102 |        102 |       0 |    0 |    168 |      0 |      0 |    0 |          0 |
|         u_mul                      | pack2_mult_dsp__167 |          3 |          2 |       0 |    1 |     41 |      0 |      0 |    0 |          1 |
|       g_row[1].g_col[2].u_pe       |       ae_pe_p2__461 |        105 |        104 |       0 |    1 |    209 |      0 |      0 |    0 |          1 |
|         (g_row[1].g_col[2].u_pe)   |       ae_pe_p2__461 |        102 |        102 |       0 |    0 |    168 |      0 |      0 |    0 |          0 |
|         u_mul                      | pack2_mult_dsp__461 |          3 |          2 |       0 |    1 |     41 |      0 |      0 |    0 |          1 |
|       g_row[1].g_col[30].u_pe      |       ae_pe_p2__174 |        105 |        104 |       0 |    1 |    209 |      0 |      0 |    0 |          1 |
|         (g_row[1].g_col[30].u_pe)  |       ae_pe_p2__174 |        102 |        102 |       0 |    0 |    168 |      0 |      0 |    0 |          0 |
|         u_mul                      | pack2_mult_dsp__174 |          3 |          2 |       0 |    1 |     41 |      0 |      0 |    0 |          1 |
|       g_row[1].g_col[31].u_pe      |       ae_pe_p2__175 |        105 |        104 |       0 |    1 |    209 |      0 |      0 |    0 |          1 |
|         (g_row[1].g_col[31].u_pe)  |       ae_pe_p2__175 |        102 |        102 |       0 |    0 |    168 |      0 |      0 |    0 |          0 |
|         u_mul                      | pack2_mult_dsp__175 |          3 |          2 |       0 |    1 |     41 |      0 |      0 |    0 |          1 |
|       g_row[1].g_col[32].u_pe      |        ae_pe_p2__36 |        105 |        104 |       0 |    1 |    209 |      0 |      0 |    0 |          1 |
|         (g_row[1].g_col[32].u_pe)  |        ae_pe_p2__36 |        102 |        102 |       0 |    0 |    168 |      0 |      0 |    0 |          0 |
|         u_mul                      |  pack2_mult_dsp__36 |          3 |          2 |       0 |    1 |     41 |      0 |      0 |    0 |          1 |
|       g_row[1].g_col[33].u_pe      |        ae_pe_p2__15 |        105 |        104 |       0 |    1 |    209 |      0 |      0 |    0 |          1 |
|         (g_row[1].g_col[33].u_pe)  |        ae_pe_p2__15 |        102 |        102 |       0 |    0 |    168 |      0 |      0 |    0 |          0 |
|         u_mul                      |  pack2_mult_dsp__15 |          3 |          2 |       0 |    1 |     41 |      0 |      0 |    0 |          1 |
|       g_row[1].g_col[34].u_pe      |       ae_pe_p2__141 |        105 |        104 |       0 |    1 |    209 |      0 |      0 |    0 |          1 |
|         (g_row[1].g_col[34].u_pe)  |       ae_pe_p2__141 |        102 |        102 |       0 |    0 |    168 |      0 |      0 |    0 |          0 |
|         u_mul                      | pack2_mult_dsp__141 |          3 |          2 |       0 |    1 |     41 |      0 |      0 |    0 |          1 |
|       g_row[1].g_col[35].u_pe      |       ae_pe_p2__143 |        105 |        104 |       0 |    1 |    209 |      0 |      0 |    0 |          1 |
|         (g_row[1].g_col[35].u_pe)  |       ae_pe_p2__143 |        102 |        102 |       0 |    0 |    168 |      0 |      0 |    0 |          0 |
|         u_mul                      | pack2_mult_dsp__143 |          3 |          2 |       0 |    1 |     41 |      0 |      0 |    0 |          1 |
|       g_row[1].g_col[36].u_pe      |        ae_pe_p2__86 |        105 |        104 |       0 |    1 |    209 |      0 |      0 |    0 |          1 |
|         (g_row[1].g_col[36].u_pe)  |        ae_pe_p2__86 |        102 |        102 |       0 |    0 |    168 |      0 |      0 |    0 |          0 |
|         u_mul                      |  pack2_mult_dsp__86 |          3 |          2 |       0 |    1 |     41 |      0 |      0 |    0 |          1 |
|       g_row[1].g_col[37].u_pe      |       ae_pe_p2__628 |        105 |        104 |       0 |    1 |    209 |      0 |      0 |    0 |          1 |
|         (g_row[1].g_col[37].u_pe)  |       ae_pe_p2__628 |        102 |        102 |       0 |    0 |    168 |      0 |      0 |    0 |          0 |
|         u_mul                      | pack2_mult_dsp__628 |          3 |          2 |       0 |    1 |     41 |      0 |      0 |    0 |          1 |
|       g_row[1].g_col[38].u_pe      |       ae_pe_p2__632 |        105 |        104 |       0 |    1 |    209 |      0 |      0 |    0 |          1 |
|         (g_row[1].g_col[38].u_pe)  |       ae_pe_p2__632 |        102 |        102 |       0 |    0 |    168 |      0 |      0 |    0 |          0 |
|         u_mul                      | pack2_mult_dsp__632 |          3 |          2 |       0 |    1 |     41 |      0 |      0 |    0 |          1 |
|       g_row[1].g_col[39].u_pe      |       ae_pe_p2__633 |        105 |        104 |       0 |    1 |    209 |      0 |      0 |    0 |          1 |
|         (g_row[1].g_col[39].u_pe)  |       ae_pe_p2__633 |        102 |        102 |       0 |    0 |    168 |      0 |      0 |    0 |          0 |
|         u_mul                      | pack2_mult_dsp__633 |          3 |          2 |       0 |    1 |     41 |      0 |      0 |    0 |          1 |
|       g_row[1].g_col[3].u_pe       |       ae_pe_p2__339 |        105 |        104 |       0 |    1 |    209 |      0 |      0 |    0 |          1 |
|         (g_row[1].g_col[3].u_pe)   |       ae_pe_p2__339 |        102 |        102 |       0 |    0 |    168 |      0 |      0 |    0 |          0 |
|         u_mul                      | pack2_mult_dsp__339 |          3 |          2 |       0 |    1 |     41 |      0 |      0 |    0 |          1 |
|       g_row[1].g_col[40].u_pe      |       ae_pe_p2__667 |        105 |        104 |       0 |    1 |    209 |      0 |      0 |    0 |          1 |
|         (g_row[1].g_col[40].u_pe)  |       ae_pe_p2__667 |        102 |        102 |       0 |    0 |    168 |      0 |      0 |    0 |          0 |
|         u_mul                      | pack2_mult_dsp__667 |          3 |          2 |       0 |    1 |     41 |      0 |      0 |    0 |          1 |
|       g_row[1].g_col[41].u_pe      |       ae_pe_p2__500 |        105 |        104 |       0 |    1 |    209 |      0 |      0 |    0 |          1 |
|         (g_row[1].g_col[41].u_pe)  |       ae_pe_p2__500 |        102 |        102 |       0 |    0 |    168 |      0 |      0 |    0 |          0 |
|         u_mul                      | pack2_mult_dsp__500 |          3 |          2 |       0 |    1 |     41 |      0 |      0 |    0 |          1 |
|       g_row[1].g_col[42].u_pe      |       ae_pe_p2__493 |        105 |        104 |       0 |    1 |    209 |      0 |      0 |    0 |          1 |
|         (g_row[1].g_col[42].u_pe)  |       ae_pe_p2__493 |        102 |        102 |       0 |    0 |    168 |      0 |      0 |    0 |          0 |
|         u_mul                      | pack2_mult_dsp__493 |          3 |          2 |       0 |    1 |     41 |      0 |      0 |    0 |          1 |
|       g_row[1].g_col[43].u_pe      |       ae_pe_p2__495 |        105 |        104 |       0 |    1 |    209 |      0 |      0 |    0 |          1 |
|         (g_row[1].g_col[43].u_pe)  |       ae_pe_p2__495 |        102 |        102 |       0 |    0 |    168 |      0 |      0 |    0 |          0 |
|         u_mul                      | pack2_mult_dsp__495 |          3 |          2 |       0 |    1 |     41 |      0 |      0 |    0 |          1 |
|       g_row[1].g_col[44].u_pe      |        ae_pe_p2__51 |        105 |        104 |       0 |    1 |    209 |      0 |      0 |    0 |          1 |
|         (g_row[1].g_col[44].u_pe)  |        ae_pe_p2__51 |        102 |        102 |       0 |    0 |    168 |      0 |      0 |    0 |          0 |
|         u_mul                      |  pack2_mult_dsp__51 |          3 |          2 |       0 |    1 |     41 |      0 |      0 |    0 |          1 |
|       g_row[1].g_col[45].u_pe      |         ae_pe_p2__7 |        105 |        104 |       0 |    1 |    209 |      0 |      0 |    0 |          1 |
|         (g_row[1].g_col[45].u_pe)  |         ae_pe_p2__7 |        102 |        102 |       0 |    0 |    168 |      0 |      0 |    0 |          0 |
|         u_mul                      |   pack2_mult_dsp__7 |          3 |          2 |       0 |    1 |     41 |      0 |      0 |    0 |          1 |
|       g_row[1].g_col[46].u_pe      |         ae_pe_p2__3 |        105 |        104 |       0 |    1 |    209 |      0 |      0 |    0 |          1 |
|         (g_row[1].g_col[46].u_pe)  |         ae_pe_p2__3 |        102 |        102 |       0 |    0 |    168 |      0 |      0 |    0 |          0 |
|         u_mul                      |   pack2_mult_dsp__3 |          3 |          2 |       0 |    1 |     41 |      0 |      0 |    0 |          1 |
|       g_row[1].g_col[47].u_pe      |        ae_pe_p2__80 |        105 |        104 |       0 |    1 |    208 |      0 |      0 |    0 |          1 |
|         (g_row[1].g_col[47].u_pe)  |        ae_pe_p2__80 |        102 |        102 |       0 |    0 |    167 |      0 |      0 |    0 |          0 |
|         u_mul                      |  pack2_mult_dsp__80 |          3 |          2 |       0 |    1 |     41 |      0 |      0 |    0 |          1 |
|       g_row[1].g_col[4].u_pe       |       ae_pe_p2__259 |        105 |        104 |       0 |    1 |    209 |      0 |      0 |    0 |          1 |
|         (g_row[1].g_col[4].u_pe)   |       ae_pe_p2__259 |        102 |        102 |       0 |    0 |    168 |      0 |      0 |    0 |          0 |
|         u_mul                      | pack2_mult_dsp__259 |          3 |          2 |       0 |    1 |     41 |      0 |      0 |    0 |          1 |
|       g_row[1].g_col[5].u_pe       |       ae_pe_p2__260 |        105 |        104 |       0 |    1 |    209 |      0 |      0 |    0 |          1 |
|         (g_row[1].g_col[5].u_pe)   |       ae_pe_p2__260 |        102 |        102 |       0 |    0 |    168 |      0 |      0 |    0 |          0 |
|         u_mul                      | pack2_mult_dsp__260 |          3 |          2 |       0 |    1 |     41 |      0 |      0 |    0 |          1 |
|       g_row[1].g_col[6].u_pe       |       ae_pe_p2__303 |        105 |        104 |       0 |    1 |    209 |      0 |      0 |    0 |          1 |
|         (g_row[1].g_col[6].u_pe)   |       ae_pe_p2__303 |        102 |        102 |       0 |    0 |    168 |      0 |      0 |    0 |          0 |
|         u_mul                      | pack2_mult_dsp__303 |          3 |          2 |       0 |    1 |     41 |      0 |      0 |    0 |          1 |
|       g_row[1].g_col[7].u_pe       |       ae_pe_p2__323 |        105 |        104 |       0 |    1 |    209 |      0 |      0 |    0 |          1 |
|         (g_row[1].g_col[7].u_pe)   |       ae_pe_p2__323 |        102 |        102 |       0 |    0 |    168 |      0 |      0 |    0 |          0 |
|         u_mul                      | pack2_mult_dsp__323 |          3 |          2 |       0 |    1 |     41 |      0 |      0 |    0 |          1 |
|       g_row[1].g_col[8].u_pe       |       ae_pe_p2__354 |        105 |        104 |       0 |    1 |    209 |      0 |      0 |    0 |          1 |
|         (g_row[1].g_col[8].u_pe)   |       ae_pe_p2__354 |        102 |        102 |       0 |    0 |    168 |      0 |      0 |    0 |          0 |
|         u_mul                      | pack2_mult_dsp__354 |          3 |          2 |       0 |    1 |     41 |      0 |      0 |    0 |          1 |
|       g_row[1].g_col[9].u_pe       |       ae_pe_p2__359 |        105 |        104 |       0 |    1 |    209 |      0 |      0 |    0 |          1 |
|         (g_row[1].g_col[9].u_pe)   |       ae_pe_p2__359 |        102 |        102 |       0 |    0 |    168 |      0 |      0 |    0 |          0 |
|         u_mul                      | pack2_mult_dsp__359 |          3 |          2 |       0 |    1 |     41 |      0 |      0 |    0 |          1 |
|       g_row[2].g_col[0].u_pe       |       ae_pe_p2__422 |        105 |        104 |       0 |    1 |    209 |      0 |      0 |    0 |          1 |
|         (g_row[2].g_col[0].u_pe)   |       ae_pe_p2__422 |        102 |        102 |       0 |    0 |    168 |      0 |      0 |    0 |          0 |
|         u_mul                      | pack2_mult_dsp__422 |          3 |          2 |       0 |    1 |     41 |      0 |      0 |    0 |          1 |
|       g_row[2].g_col[10].u_pe      |       ae_pe_p2__551 |        105 |        104 |       0 |    1 |    209 |      0 |      0 |    0 |          1 |
|         (g_row[2].g_col[10].u_pe)  |       ae_pe_p2__551 |        102 |        102 |       0 |    0 |    168 |      0 |      0 |    0 |          0 |
|         u_mul                      | pack2_mult_dsp__551 |          3 |          2 |       0 |    1 |     41 |      0 |      0 |    0 |          1 |
|       g_row[2].g_col[11].u_pe      |       ae_pe_p2__523 |        105 |        104 |       0 |    1 |    209 |      0 |      0 |    0 |          1 |
|         (g_row[2].g_col[11].u_pe)  |       ae_pe_p2__523 |        102 |        102 |       0 |    0 |    168 |      0 |      0 |    0 |          0 |
|         u_mul                      | pack2_mult_dsp__523 |          3 |          2 |       0 |    1 |     41 |      0 |      0 |    0 |          1 |
|       g_row[2].g_col[12].u_pe      |       ae_pe_p2__524 |        105 |        104 |       0 |    1 |    209 |      0 |      0 |    0 |          1 |
|         (g_row[2].g_col[12].u_pe)  |       ae_pe_p2__524 |        102 |        102 |       0 |    0 |    168 |      0 |      0 |    0 |          0 |
|         u_mul                      | pack2_mult_dsp__524 |          3 |          2 |       0 |    1 |     41 |      0 |      0 |    0 |          1 |
|       g_row[2].g_col[13].u_pe      |       ae_pe_p2__564 |        105 |        104 |       0 |    1 |    209 |      0 |      0 |    0 |          1 |
|         (g_row[2].g_col[13].u_pe)  |       ae_pe_p2__564 |        102 |        102 |       0 |    0 |    168 |      0 |      0 |    0 |          0 |
|         u_mul                      | pack2_mult_dsp__564 |          3 |          2 |       0 |    1 |     41 |      0 |      0 |    0 |          1 |
|       g_row[2].g_col[14].u_pe      |       ae_pe_p2__565 |        105 |        104 |       0 |    1 |    209 |      0 |      0 |    0 |          1 |
|         (g_row[2].g_col[14].u_pe)  |       ae_pe_p2__565 |        102 |        102 |       0 |    0 |    168 |      0 |      0 |    0 |          0 |
|         u_mul                      | pack2_mult_dsp__565 |          3 |          2 |       0 |    1 |     41 |      0 |      0 |    0 |          1 |
|       g_row[2].g_col[15].u_pe      |       ae_pe_p2__606 |        105 |        104 |       0 |    1 |    209 |      0 |      0 |    0 |          1 |
|         (g_row[2].g_col[15].u_pe)  |       ae_pe_p2__606 |        102 |        102 |       0 |    0 |    168 |      0 |      0 |    0 |          0 |
|         u_mul                      | pack2_mult_dsp__606 |          3 |          2 |       0 |    1 |     41 |      0 |      0 |    0 |          1 |
|       g_row[2].g_col[16].u_pe      |       ae_pe_p2__290 |        105 |        104 |       0 |    1 |    209 |      0 |      0 |    0 |          1 |
|         (g_row[2].g_col[16].u_pe)  |       ae_pe_p2__290 |        102 |        102 |       0 |    0 |    168 |      0 |      0 |    0 |          0 |
|         u_mul                      | pack2_mult_dsp__290 |          3 |          2 |       0 |    1 |     41 |      0 |      0 |    0 |          1 |
|       g_row[2].g_col[17].u_pe      |       ae_pe_p2__369 |        105 |        104 |       0 |    1 |    209 |      0 |      0 |    0 |          1 |
|         (g_row[2].g_col[17].u_pe)  |       ae_pe_p2__369 |        102 |        102 |       0 |    0 |    168 |      0 |      0 |    0 |          0 |
|         u_mul                      | pack2_mult_dsp__369 |          3 |          2 |       0 |    1 |     41 |      0 |      0 |    0 |          1 |
|       g_row[2].g_col[18].u_pe      |       ae_pe_p2__370 |        105 |        104 |       0 |    1 |    209 |      0 |      0 |    0 |          1 |
|         (g_row[2].g_col[18].u_pe)  |       ae_pe_p2__370 |        102 |        102 |       0 |    0 |    168 |      0 |      0 |    0 |          0 |
|         u_mul                      | pack2_mult_dsp__370 |          3 |          2 |       0 |    1 |     41 |      0 |      0 |    0 |          1 |
|       g_row[2].g_col[19].u_pe      |       ae_pe_p2__414 |        105 |        104 |       0 |    1 |    209 |      0 |      0 |    0 |          1 |
|         (g_row[2].g_col[19].u_pe)  |       ae_pe_p2__414 |        102 |        102 |       0 |    0 |    168 |      0 |      0 |    0 |          0 |
|         u_mul                      | pack2_mult_dsp__414 |          3 |          2 |       0 |    1 |     41 |      0 |      0 |    0 |          1 |
|       g_row[2].g_col[1].u_pe       |       ae_pe_p2__426 |        105 |        104 |       0 |    1 |    209 |      0 |      0 |    0 |          1 |
|         (g_row[2].g_col[1].u_pe)   |       ae_pe_p2__426 |        102 |        102 |       0 |    0 |    168 |      0 |      0 |    0 |          0 |
|         u_mul                      | pack2_mult_dsp__426 |          3 |          2 |       0 |    1 |     41 |      0 |      0 |    0 |          1 |
|       g_row[2].g_col[20].u_pe      |       ae_pe_p2__701 |        105 |        104 |       0 |    1 |    209 |      0 |      0 |    0 |          1 |
|         (g_row[2].g_col[20].u_pe)  |       ae_pe_p2__701 |        102 |        102 |       0 |    0 |    168 |      0 |      0 |    0 |          0 |
|         u_mul                      | pack2_mult_dsp__701 |          3 |          2 |       0 |    1 |     41 |      0 |      0 |    0 |          1 |
|       g_row[2].g_col[21].u_pe      |       ae_pe_p2__702 |        105 |        104 |       0 |    1 |    209 |      0 |      0 |    0 |          1 |
|         (g_row[2].g_col[21].u_pe)  |       ae_pe_p2__702 |        102 |        102 |       0 |    0 |    168 |      0 |      0 |    0 |          0 |
|         u_mul                      | pack2_mult_dsp__702 |          3 |          2 |       0 |    1 |     41 |      0 |      0 |    0 |          1 |
|       g_row[2].g_col[22].u_pe      |       ae_pe_p2__755 |        105 |        104 |       0 |    1 |    209 |      0 |      0 |    0 |          1 |
|         (g_row[2].g_col[22].u_pe)  |       ae_pe_p2__755 |        102 |        102 |       0 |    0 |    168 |      0 |      0 |    0 |          0 |
|         u_mul                      | pack2_mult_dsp__755 |          3 |          2 |       0 |    1 |     41 |      0 |      0 |    0 |          1 |
|       g_row[2].g_col[23].u_pe      |       ae_pe_p2__731 |        105 |        104 |       0 |    1 |    209 |      0 |      0 |    0 |          1 |
|         (g_row[2].g_col[23].u_pe)  |       ae_pe_p2__731 |        102 |        102 |       0 |    0 |    168 |      0 |      0 |    0 |          0 |
|         u_mul                      | pack2_mult_dsp__731 |          3 |          2 |       0 |    1 |     41 |      0 |      0 |    0 |          1 |
|       g_row[2].g_col[24].u_pe      |       ae_pe_p2__732 |        105 |        104 |       0 |    1 |    209 |      0 |      0 |    0 |          1 |
|         (g_row[2].g_col[24].u_pe)  |       ae_pe_p2__732 |        102 |        102 |       0 |    0 |    168 |      0 |      0 |    0 |          0 |
|         u_mul                      | pack2_mult_dsp__732 |          3 |          2 |       0 |    1 |     41 |      0 |      0 |    0 |          1 |
|       g_row[2].g_col[25].u_pe      |       ae_pe_p2__750 |        105 |        104 |       0 |    1 |    209 |      0 |      0 |    0 |          1 |
|         (g_row[2].g_col[25].u_pe)  |       ae_pe_p2__750 |        102 |        102 |       0 |    0 |    168 |      0 |      0 |    0 |          0 |
|         u_mul                      | pack2_mult_dsp__750 |          3 |          2 |       0 |    1 |     41 |      0 |      0 |    0 |          1 |
|       g_row[2].g_col[26].u_pe      |       ae_pe_p2__232 |        105 |        104 |       0 |    1 |    209 |      0 |      0 |    0 |          1 |
|         (g_row[2].g_col[26].u_pe)  |       ae_pe_p2__232 |        102 |        102 |       0 |    0 |    168 |      0 |      0 |    0 |          0 |
|         u_mul                      | pack2_mult_dsp__232 |          3 |          2 |       0 |    1 |     41 |      0 |      0 |    0 |          1 |
|       g_row[2].g_col[27].u_pe      |       ae_pe_p2__208 |        105 |        104 |       0 |    1 |    209 |      0 |      0 |    0 |          1 |
|         (g_row[2].g_col[27].u_pe)  |       ae_pe_p2__208 |        102 |        102 |       0 |    0 |    168 |      0 |      0 |    0 |          0 |
|         u_mul                      | pack2_mult_dsp__208 |          3 |          2 |       0 |    1 |     41 |      0 |      0 |    0 |          1 |
|       g_row[2].g_col[28].u_pe      |       ae_pe_p2__207 |        105 |        104 |       0 |    1 |    209 |      0 |      0 |    0 |          1 |
|         (g_row[2].g_col[28].u_pe)  |       ae_pe_p2__207 |        102 |        102 |       0 |    0 |    168 |      0 |      0 |    0 |          0 |
|         u_mul                      | pack2_mult_dsp__207 |          3 |          2 |       0 |    1 |     41 |      0 |      0 |    0 |          1 |
|       g_row[2].g_col[29].u_pe      |       ae_pe_p2__156 |        105 |        104 |       0 |    1 |    209 |      0 |      0 |    0 |          1 |
|         (g_row[2].g_col[29].u_pe)  |       ae_pe_p2__156 |        102 |        102 |       0 |    0 |    168 |      0 |      0 |    0 |          0 |
|         u_mul                      | pack2_mult_dsp__156 |          3 |          2 |       0 |    1 |     41 |      0 |      0 |    0 |          1 |
|       g_row[2].g_col[2].u_pe       |       ae_pe_p2__460 |        105 |        104 |       0 |    1 |    209 |      0 |      0 |    0 |          1 |
|         (g_row[2].g_col[2].u_pe)   |       ae_pe_p2__460 |        102 |        102 |       0 |    0 |    168 |      0 |      0 |    0 |          0 |
|         u_mul                      | pack2_mult_dsp__460 |          3 |          2 |       0 |    1 |     41 |      0 |      0 |    0 |          1 |
|       g_row[2].g_col[30].u_pe      |       ae_pe_p2__181 |        105 |        104 |       0 |    1 |    209 |      0 |      0 |    0 |          1 |
|         (g_row[2].g_col[30].u_pe)  |       ae_pe_p2__181 |        102 |        102 |       0 |    0 |    168 |      0 |      0 |    0 |          0 |
|         u_mul                      | pack2_mult_dsp__181 |          3 |          2 |       0 |    1 |     41 |      0 |      0 |    0 |          1 |
|       g_row[2].g_col[31].u_pe      |       ae_pe_p2__183 |        105 |        104 |       0 |    1 |    209 |      0 |      0 |    0 |          1 |
|         (g_row[2].g_col[31].u_pe)  |       ae_pe_p2__183 |        102 |        102 |       0 |    0 |    168 |      0 |      0 |    0 |          0 |
|         u_mul                      | pack2_mult_dsp__183 |          3 |          2 |       0 |    1 |     41 |      0 |      0 |    0 |          1 |
|       g_row[2].g_col[32].u_pe      |        ae_pe_p2__33 |        105 |        104 |       0 |    1 |    209 |      0 |      0 |    0 |          1 |
|         (g_row[2].g_col[32].u_pe)  |        ae_pe_p2__33 |        102 |        102 |       0 |    0 |    168 |      0 |      0 |    0 |          0 |
|         u_mul                      |  pack2_mult_dsp__33 |          3 |          2 |       0 |    1 |     41 |      0 |      0 |    0 |          1 |
|       g_row[2].g_col[33].u_pe      |       ae_pe_p2__128 |        105 |        104 |       0 |    1 |    209 |      0 |      0 |    0 |          1 |
|         (g_row[2].g_col[33].u_pe)  |       ae_pe_p2__128 |        102 |        102 |       0 |    0 |    168 |      0 |      0 |    0 |          0 |
|         u_mul                      | pack2_mult_dsp__128 |          3 |          2 |       0 |    1 |     41 |      0 |      0 |    0 |          1 |
|       g_row[2].g_col[34].u_pe      |       ae_pe_p2__127 |        105 |        104 |       0 |    1 |    209 |      0 |      0 |    0 |          1 |
|         (g_row[2].g_col[34].u_pe)  |       ae_pe_p2__127 |        102 |        102 |       0 |    0 |    168 |      0 |      0 |    0 |          0 |
|         u_mul                      | pack2_mult_dsp__127 |          3 |          2 |       0 |    1 |     41 |      0 |      0 |    0 |          1 |
|       g_row[2].g_col[35].u_pe      |       ae_pe_p2__126 |        105 |        104 |       0 |    1 |    209 |      0 |      0 |    0 |          1 |
|         (g_row[2].g_col[35].u_pe)  |       ae_pe_p2__126 |        102 |        102 |       0 |    0 |    168 |      0 |      0 |    0 |          0 |
|         u_mul                      | pack2_mult_dsp__126 |          3 |          2 |       0 |    1 |     41 |      0 |      0 |    0 |          1 |
|       g_row[2].g_col[36].u_pe      |       ae_pe_p2__109 |        105 |        104 |       0 |    1 |    209 |      0 |      0 |    0 |          1 |
|         (g_row[2].g_col[36].u_pe)  |       ae_pe_p2__109 |        102 |        102 |       0 |    0 |    168 |      0 |      0 |    0 |          0 |
|         u_mul                      | pack2_mult_dsp__109 |          3 |          2 |       0 |    1 |     41 |      0 |      0 |    0 |          1 |
|       g_row[2].g_col[37].u_pe      |       ae_pe_p2__629 |        105 |        104 |       0 |    1 |    209 |      0 |      0 |    0 |          1 |
|         (g_row[2].g_col[37].u_pe)  |       ae_pe_p2__629 |        102 |        102 |       0 |    0 |    168 |      0 |      0 |    0 |          0 |
|         u_mul                      | pack2_mult_dsp__629 |          3 |          2 |       0 |    1 |     41 |      0 |      0 |    0 |          1 |
|       g_row[2].g_col[38].u_pe      |       ae_pe_p2__626 |        105 |        104 |       0 |    1 |    209 |      0 |      0 |    0 |          1 |
|         (g_row[2].g_col[38].u_pe)  |       ae_pe_p2__626 |        102 |        102 |       0 |    0 |    168 |      0 |      0 |    0 |          0 |
|         u_mul                      | pack2_mult_dsp__626 |          3 |          2 |       0 |    1 |     41 |      0 |      0 |    0 |          1 |
|       g_row[2].g_col[39].u_pe      |       ae_pe_p2__620 |        105 |        104 |       0 |    1 |    209 |      0 |      0 |    0 |          1 |
|         (g_row[2].g_col[39].u_pe)  |       ae_pe_p2__620 |        102 |        102 |       0 |    0 |    168 |      0 |      0 |    0 |          0 |
|         u_mul                      | pack2_mult_dsp__620 |          3 |          2 |       0 |    1 |     41 |      0 |      0 |    0 |          1 |
|       g_row[2].g_col[3].u_pe       |       ae_pe_p2__338 |        105 |        104 |       0 |    1 |    209 |      0 |      0 |    0 |          1 |
|         (g_row[2].g_col[3].u_pe)   |       ae_pe_p2__338 |        102 |        102 |       0 |    0 |    168 |      0 |      0 |    0 |          0 |
|         u_mul                      | pack2_mult_dsp__338 |          3 |          2 |       0 |    1 |     41 |      0 |      0 |    0 |          1 |
|       g_row[2].g_col[40].u_pe      |       ae_pe_p2__663 |        105 |        104 |       0 |    1 |    209 |      0 |      0 |    0 |          1 |
|         (g_row[2].g_col[40].u_pe)  |       ae_pe_p2__663 |        102 |        102 |       0 |    0 |    168 |      0 |      0 |    0 |          0 |
|         u_mul                      | pack2_mult_dsp__663 |          3 |          2 |       0 |    1 |     41 |      0 |      0 |    0 |          1 |
|       g_row[2].g_col[41].u_pe      |       ae_pe_p2__501 |        105 |        104 |       0 |    1 |    209 |      0 |      0 |    0 |          1 |
|         (g_row[2].g_col[41].u_pe)  |       ae_pe_p2__501 |        102 |        102 |       0 |    0 |    168 |      0 |      0 |    0 |          0 |
|         u_mul                      | pack2_mult_dsp__501 |          3 |          2 |       0 |    1 |     41 |      0 |      0 |    0 |          1 |
|       g_row[2].g_col[42].u_pe      |       ae_pe_p2__490 |        105 |        104 |       0 |    1 |    209 |      0 |      0 |    0 |          1 |
|         (g_row[2].g_col[42].u_pe)  |       ae_pe_p2__490 |        102 |        102 |       0 |    0 |    168 |      0 |      0 |    0 |          0 |
|         u_mul                      | pack2_mult_dsp__490 |          3 |          2 |       0 |    1 |     41 |      0 |      0 |    0 |          1 |
|       g_row[2].g_col[43].u_pe      |       ae_pe_p2__489 |        105 |        104 |       0 |    1 |    209 |      0 |      0 |    0 |          1 |
|         (g_row[2].g_col[43].u_pe)  |       ae_pe_p2__489 |        102 |        102 |       0 |    0 |    168 |      0 |      0 |    0 |          0 |
|         u_mul                      | pack2_mult_dsp__489 |          3 |          2 |       0 |    1 |     41 |      0 |      0 |    0 |          1 |
|       g_row[2].g_col[44].u_pe      |        ae_pe_p2__62 |        105 |        104 |       0 |    1 |    209 |      0 |      0 |    0 |          1 |
|         (g_row[2].g_col[44].u_pe)  |        ae_pe_p2__62 |        102 |        102 |       0 |    0 |    168 |      0 |      0 |    0 |          0 |
|         u_mul                      |  pack2_mult_dsp__62 |          3 |          2 |       0 |    1 |     41 |      0 |      0 |    0 |          1 |
|       g_row[2].g_col[45].u_pe      |        ae_pe_p2__24 |        105 |        104 |       0 |    1 |    209 |      0 |      0 |    0 |          1 |
|         (g_row[2].g_col[45].u_pe)  |        ae_pe_p2__24 |        102 |        102 |       0 |    0 |    168 |      0 |      0 |    0 |          0 |
|         u_mul                      |  pack2_mult_dsp__24 |          3 |          2 |       0 |    1 |     41 |      0 |      0 |    0 |          1 |
|       g_row[2].g_col[46].u_pe      |        ae_pe_p2__23 |        105 |        104 |       0 |    1 |    209 |      0 |      0 |    0 |          1 |
|         (g_row[2].g_col[46].u_pe)  |        ae_pe_p2__23 |        102 |        102 |       0 |    0 |    168 |      0 |      0 |    0 |          0 |
|         u_mul                      |  pack2_mult_dsp__23 |          3 |          2 |       0 |    1 |     41 |      0 |      0 |    0 |          1 |
|       g_row[2].g_col[47].u_pe      |        ae_pe_p2__66 |        105 |        104 |       0 |    1 |    208 |      0 |      0 |    0 |          1 |
|         (g_row[2].g_col[47].u_pe)  |        ae_pe_p2__66 |        102 |        102 |       0 |    0 |    167 |      0 |      0 |    0 |          0 |
|         u_mul                      |  pack2_mult_dsp__66 |          3 |          2 |       0 |    1 |     41 |      0 |      0 |    0 |          1 |
|       g_row[2].g_col[4].u_pe       |       ae_pe_p2__258 |        105 |        104 |       0 |    1 |    209 |      0 |      0 |    0 |          1 |
|         (g_row[2].g_col[4].u_pe)   |       ae_pe_p2__258 |        102 |        102 |       0 |    0 |    168 |      0 |      0 |    0 |          0 |
|         u_mul                      | pack2_mult_dsp__258 |          3 |          2 |       0 |    1 |     41 |      0 |      0 |    0 |          1 |
|       g_row[2].g_col[5].u_pe       |       ae_pe_p2__262 |        105 |        104 |       0 |    1 |    209 |      0 |      0 |    0 |          1 |
|         (g_row[2].g_col[5].u_pe)   |       ae_pe_p2__262 |        102 |        102 |       0 |    0 |    168 |      0 |      0 |    0 |          0 |
|         u_mul                      | pack2_mult_dsp__262 |          3 |          2 |       0 |    1 |     41 |      0 |      0 |    0 |          1 |
|       g_row[2].g_col[6].u_pe       |       ae_pe_p2__302 |        105 |        104 |       0 |    1 |    209 |      0 |      0 |    0 |          1 |
|         (g_row[2].g_col[6].u_pe)   |       ae_pe_p2__302 |        102 |        102 |       0 |    0 |    168 |      0 |      0 |    0 |          0 |
|         u_mul                      | pack2_mult_dsp__302 |          3 |          2 |       0 |    1 |     41 |      0 |      0 |    0 |          1 |
|       g_row[2].g_col[7].u_pe       |       ae_pe_p2__329 |        105 |        104 |       0 |    1 |    209 |      0 |      0 |    0 |          1 |
|         (g_row[2].g_col[7].u_pe)   |       ae_pe_p2__329 |        102 |        102 |       0 |    0 |    168 |      0 |      0 |    0 |          0 |
|         u_mul                      | pack2_mult_dsp__329 |          3 |          2 |       0 |    1 |     41 |      0 |      0 |    0 |          1 |
|       g_row[2].g_col[8].u_pe       |       ae_pe_p2__366 |        105 |        104 |       0 |    1 |    209 |      0 |      0 |    0 |          1 |
|         (g_row[2].g_col[8].u_pe)   |       ae_pe_p2__366 |        102 |        102 |       0 |    0 |    168 |      0 |      0 |    0 |          0 |
|         u_mul                      | pack2_mult_dsp__366 |          3 |          2 |       0 |    1 |     41 |      0 |      0 |    0 |          1 |
|       g_row[2].g_col[9].u_pe       |       ae_pe_p2__367 |        105 |        104 |       0 |    1 |    209 |      0 |      0 |    0 |          1 |
|         (g_row[2].g_col[9].u_pe)   |       ae_pe_p2__367 |        102 |        102 |       0 |    0 |    168 |      0 |      0 |    0 |          0 |
|         u_mul                      | pack2_mult_dsp__367 |          3 |          2 |       0 |    1 |     41 |      0 |      0 |    0 |          1 |
|       g_row[3].g_col[0].u_pe       |       ae_pe_p2__431 |        105 |        104 |       0 |    1 |    209 |      0 |      0 |    0 |          1 |
|         (g_row[3].g_col[0].u_pe)   |       ae_pe_p2__431 |        102 |        102 |       0 |    0 |    168 |      0 |      0 |    0 |          0 |
|         u_mul                      | pack2_mult_dsp__431 |          3 |          2 |       0 |    1 |     41 |      0 |      0 |    0 |          1 |
|       g_row[3].g_col[10].u_pe      |       ae_pe_p2__549 |        105 |        104 |       0 |    1 |    209 |      0 |      0 |    0 |          1 |
|         (g_row[3].g_col[10].u_pe)  |       ae_pe_p2__549 |        102 |        102 |       0 |    0 |    168 |      0 |      0 |    0 |          0 |
|         u_mul                      | pack2_mult_dsp__549 |          3 |          2 |       0 |    1 |     41 |      0 |      0 |    0 |          1 |
|       g_row[3].g_col[11].u_pe      |       ae_pe_p2__529 |        105 |        104 |       0 |    1 |    209 |      0 |      0 |    0 |          1 |
|         (g_row[3].g_col[11].u_pe)  |       ae_pe_p2__529 |        102 |        102 |       0 |    0 |    168 |      0 |      0 |    0 |          0 |
|         u_mul                      | pack2_mult_dsp__529 |          3 |          2 |       0 |    1 |     41 |      0 |      0 |    0 |          1 |
|       g_row[3].g_col[12].u_pe      |       ae_pe_p2__530 |        105 |        104 |       0 |    1 |    209 |      0 |      0 |    0 |          1 |
|         (g_row[3].g_col[12].u_pe)  |       ae_pe_p2__530 |        102 |        102 |       0 |    0 |    168 |      0 |      0 |    0 |          0 |
|         u_mul                      | pack2_mult_dsp__530 |          3 |          2 |       0 |    1 |     41 |      0 |      0 |    0 |          1 |
|       g_row[3].g_col[13].u_pe      |       ae_pe_p2__572 |        105 |        104 |       0 |    1 |    209 |      0 |      0 |    0 |          1 |
|         (g_row[3].g_col[13].u_pe)  |       ae_pe_p2__572 |        102 |        102 |       0 |    0 |    168 |      0 |      0 |    0 |          0 |
|         u_mul                      | pack2_mult_dsp__572 |          3 |          2 |       0 |    1 |     41 |      0 |      0 |    0 |          1 |
|       g_row[3].g_col[14].u_pe      |       ae_pe_p2__573 |        105 |        104 |       0 |    1 |    209 |      0 |      0 |    0 |          1 |
|         (g_row[3].g_col[14].u_pe)  |       ae_pe_p2__573 |        102 |        102 |       0 |    0 |    168 |      0 |      0 |    0 |          0 |
|         u_mul                      | pack2_mult_dsp__573 |          3 |          2 |       0 |    1 |     41 |      0 |      0 |    0 |          1 |
|       g_row[3].g_col[15].u_pe      |       ae_pe_p2__602 |        105 |        104 |       0 |    1 |    209 |      0 |      0 |    0 |          1 |
|         (g_row[3].g_col[15].u_pe)  |       ae_pe_p2__602 |        102 |        102 |       0 |    0 |    168 |      0 |      0 |    0 |          0 |
|         u_mul                      | pack2_mult_dsp__602 |          3 |          2 |       0 |    1 |     41 |      0 |      0 |    0 |          1 |
|       g_row[3].g_col[16].u_pe      |       ae_pe_p2__278 |        105 |        104 |       0 |    1 |    209 |      0 |      0 |    0 |          1 |
|         (g_row[3].g_col[16].u_pe)  |       ae_pe_p2__278 |        102 |        102 |       0 |    0 |    168 |      0 |      0 |    0 |          0 |
|         u_mul                      | pack2_mult_dsp__278 |          3 |          2 |       0 |    1 |     41 |      0 |      0 |    0 |          1 |
|       g_row[3].g_col[17].u_pe      |       ae_pe_p2__374 |        105 |        104 |       0 |    1 |    209 |      0 |      0 |    0 |          1 |
|         (g_row[3].g_col[17].u_pe)  |       ae_pe_p2__374 |        102 |        102 |       0 |    0 |    168 |      0 |      0 |    0 |          0 |
|         u_mul                      | pack2_mult_dsp__374 |          3 |          2 |       0 |    1 |     41 |      0 |      0 |    0 |          1 |
|       g_row[3].g_col[18].u_pe      |       ae_pe_p2__375 |        105 |        104 |       0 |    1 |    209 |      0 |      0 |    0 |          1 |
|         (g_row[3].g_col[18].u_pe)  |       ae_pe_p2__375 |        102 |        102 |       0 |    0 |    168 |      0 |      0 |    0 |          0 |
|         u_mul                      | pack2_mult_dsp__375 |          3 |          2 |       0 |    1 |     41 |      0 |      0 |    0 |          1 |
|       g_row[3].g_col[19].u_pe      |       ae_pe_p2__407 |        105 |        104 |       0 |    1 |    209 |      0 |      0 |    0 |          1 |
|         (g_row[3].g_col[19].u_pe)  |       ae_pe_p2__407 |        102 |        102 |       0 |    0 |    168 |      0 |      0 |    0 |          0 |
|         u_mul                      | pack2_mult_dsp__407 |          3 |          2 |       0 |    1 |     41 |      0 |      0 |    0 |          1 |
|       g_row[3].g_col[1].u_pe       |       ae_pe_p2__432 |        105 |        104 |       0 |    1 |    209 |      0 |      0 |    0 |          1 |
|         (g_row[3].g_col[1].u_pe)   |       ae_pe_p2__432 |        102 |        102 |       0 |    0 |    168 |      0 |      0 |    0 |          0 |
|         u_mul                      | pack2_mult_dsp__432 |          3 |          2 |       0 |    1 |     41 |      0 |      0 |    0 |          1 |
|       g_row[3].g_col[20].u_pe      |       ae_pe_p2__703 |        105 |        104 |       0 |    1 |    209 |      0 |      0 |    0 |          1 |
|         (g_row[3].g_col[20].u_pe)  |       ae_pe_p2__703 |        102 |        102 |       0 |    0 |    168 |      0 |      0 |    0 |          0 |
|         u_mul                      | pack2_mult_dsp__703 |          3 |          2 |       0 |    1 |     41 |      0 |      0 |    0 |          1 |
|       g_row[3].g_col[21].u_pe      |       ae_pe_p2__704 |        105 |        104 |       0 |    1 |    209 |      0 |      0 |    0 |          1 |
|         (g_row[3].g_col[21].u_pe)  |       ae_pe_p2__704 |        102 |        102 |       0 |    0 |    168 |      0 |      0 |    0 |          0 |
|         u_mul                      | pack2_mult_dsp__704 |          3 |          2 |       0 |    1 |     41 |      0 |      0 |    0 |          1 |
|       g_row[3].g_col[22].u_pe      |       ae_pe_p2__759 |        105 |        104 |       0 |    1 |    209 |      0 |      0 |    0 |          1 |
|         (g_row[3].g_col[22].u_pe)  |       ae_pe_p2__759 |        102 |        102 |       0 |    0 |    168 |      0 |      0 |    0 |          0 |
|         u_mul                      | pack2_mult_dsp__759 |          3 |          2 |       0 |    1 |     41 |      0 |      0 |    0 |          1 |
|       g_row[3].g_col[23].u_pe      |       ae_pe_p2__733 |        105 |        104 |       0 |    1 |    209 |      0 |      0 |    0 |          1 |
|         (g_row[3].g_col[23].u_pe)  |       ae_pe_p2__733 |        102 |        102 |       0 |    0 |    168 |      0 |      0 |    0 |          0 |
|         u_mul                      | pack2_mult_dsp__733 |          3 |          2 |       0 |    1 |     41 |      0 |      0 |    0 |          1 |
|       g_row[3].g_col[24].u_pe      |       ae_pe_p2__734 |        105 |        104 |       0 |    1 |    209 |      0 |      0 |    0 |          1 |
|         (g_row[3].g_col[24].u_pe)  |       ae_pe_p2__734 |        102 |        102 |       0 |    0 |    168 |      0 |      0 |    0 |          0 |
|         u_mul                      | pack2_mult_dsp__734 |          3 |          2 |       0 |    1 |     41 |      0 |      0 |    0 |          1 |
|       g_row[3].g_col[25].u_pe      |       ae_pe_p2__746 |        105 |        104 |       0 |    1 |    209 |      0 |      0 |    0 |          1 |
|         (g_row[3].g_col[25].u_pe)  |       ae_pe_p2__746 |        102 |        102 |       0 |    0 |    168 |      0 |      0 |    0 |          0 |
|         u_mul                      | pack2_mult_dsp__746 |          3 |          2 |       0 |    1 |     41 |      0 |      0 |    0 |          1 |
|       g_row[3].g_col[26].u_pe      |       ae_pe_p2__237 |        105 |        104 |       0 |    1 |    209 |      0 |      0 |    0 |          1 |
|         (g_row[3].g_col[26].u_pe)  |       ae_pe_p2__237 |        102 |        102 |       0 |    0 |    168 |      0 |      0 |    0 |          0 |
|         u_mul                      | pack2_mult_dsp__237 |          3 |          2 |       0 |    1 |     41 |      0 |      0 |    0 |          1 |
|       g_row[3].g_col[27].u_pe      |       ae_pe_p2__203 |        105 |        104 |       0 |    1 |    209 |      0 |      0 |    0 |          1 |
|         (g_row[3].g_col[27].u_pe)  |       ae_pe_p2__203 |        102 |        102 |       0 |    0 |    168 |      0 |      0 |    0 |          0 |
|         u_mul                      | pack2_mult_dsp__203 |          3 |          2 |       0 |    1 |     41 |      0 |      0 |    0 |          1 |
|       g_row[3].g_col[28].u_pe      |       ae_pe_p2__202 |        105 |        104 |       0 |    1 |    209 |      0 |      0 |    0 |          1 |
|         (g_row[3].g_col[28].u_pe)  |       ae_pe_p2__202 |        102 |        102 |       0 |    0 |    168 |      0 |      0 |    0 |          0 |
|         u_mul                      | pack2_mult_dsp__202 |          3 |          2 |       0 |    1 |     41 |      0 |      0 |    0 |          1 |
|       g_row[3].g_col[29].u_pe      |       ae_pe_p2__145 |        105 |        104 |       0 |    1 |    209 |      0 |      0 |    0 |          1 |
|         (g_row[3].g_col[29].u_pe)  |       ae_pe_p2__145 |        102 |        102 |       0 |    0 |    168 |      0 |      0 |    0 |          0 |
|         u_mul                      | pack2_mult_dsp__145 |          3 |          2 |       0 |    1 |     41 |      0 |      0 |    0 |          1 |
|       g_row[3].g_col[2].u_pe       |       ae_pe_p2__455 |        105 |        104 |       0 |    1 |    209 |      0 |      0 |    0 |          1 |
|         (g_row[3].g_col[2].u_pe)   |       ae_pe_p2__455 |        102 |        102 |       0 |    0 |    168 |      0 |      0 |    0 |          0 |
|         u_mul                      | pack2_mult_dsp__455 |          3 |          2 |       0 |    1 |     41 |      0 |      0 |    0 |          1 |
|       g_row[3].g_col[30].u_pe      |       ae_pe_p2__146 |        105 |        104 |       0 |    1 |    209 |      0 |      0 |    0 |          1 |
|         (g_row[3].g_col[30].u_pe)  |       ae_pe_p2__146 |        102 |        102 |       0 |    0 |    168 |      0 |      0 |    0 |          0 |
|         u_mul                      | pack2_mult_dsp__146 |          3 |          2 |       0 |    1 |     41 |      0 |      0 |    0 |          1 |
|       g_row[3].g_col[31].u_pe      |       ae_pe_p2__191 |        105 |        104 |       0 |    1 |    209 |      0 |      0 |    0 |          1 |
|         (g_row[3].g_col[31].u_pe)  |       ae_pe_p2__191 |        102 |        102 |       0 |    0 |    168 |      0 |      0 |    0 |          0 |
|         u_mul                      | pack2_mult_dsp__191 |          3 |          2 |       0 |    1 |     41 |      0 |      0 |    0 |          1 |
|       g_row[3].g_col[32].u_pe      |        ae_pe_p2__40 |        105 |        104 |       0 |    1 |    209 |      0 |      0 |    0 |          1 |
|         (g_row[3].g_col[32].u_pe)  |        ae_pe_p2__40 |        102 |        102 |       0 |    0 |    168 |      0 |      0 |    0 |          0 |
|         u_mul                      |  pack2_mult_dsp__40 |          3 |          2 |       0 |    1 |     41 |      0 |      0 |    0 |          1 |
|       g_row[3].g_col[33].u_pe      |       ae_pe_p2__130 |        105 |        104 |       0 |    1 |    209 |      0 |      0 |    0 |          1 |
|         (g_row[3].g_col[33].u_pe)  |       ae_pe_p2__130 |        102 |        102 |       0 |    0 |    168 |      0 |      0 |    0 |          0 |
|         u_mul                      | pack2_mult_dsp__130 |          3 |          2 |       0 |    1 |     41 |      0 |      0 |    0 |          1 |
|       g_row[3].g_col[34].u_pe      |       ae_pe_p2__129 |        105 |        104 |       0 |    1 |    209 |      0 |      0 |    0 |          1 |
|         (g_row[3].g_col[34].u_pe)  |       ae_pe_p2__129 |        102 |        102 |       0 |    0 |    168 |      0 |      0 |    0 |          0 |
|         u_mul                      | pack2_mult_dsp__129 |          3 |          2 |       0 |    1 |     41 |      0 |      0 |    0 |          1 |
|       g_row[3].g_col[35].u_pe      |       ae_pe_p2__112 |        105 |        104 |       0 |    1 |    209 |      0 |      0 |    0 |          1 |
|         (g_row[3].g_col[35].u_pe)  |       ae_pe_p2__112 |        102 |        102 |       0 |    0 |    168 |      0 |      0 |    0 |          0 |
|         u_mul                      | pack2_mult_dsp__112 |          3 |          2 |       0 |    1 |     41 |      0 |      0 |    0 |          1 |
|       g_row[3].g_col[36].u_pe      |       ae_pe_p2__110 |        105 |        104 |       0 |    1 |    209 |      0 |      0 |    0 |          1 |
|         (g_row[3].g_col[36].u_pe)  |       ae_pe_p2__110 |        102 |        102 |       0 |    0 |    168 |      0 |      0 |    0 |          0 |
|         u_mul                      | pack2_mult_dsp__110 |          3 |          2 |       0 |    1 |     41 |      0 |      0 |    0 |          1 |
|       g_row[3].g_col[37].u_pe      |       ae_pe_p2__619 |        105 |        104 |       0 |    1 |    209 |      0 |      0 |    0 |          1 |
|         (g_row[3].g_col[37].u_pe)  |       ae_pe_p2__619 |        102 |        102 |       0 |    0 |    168 |      0 |      0 |    0 |          0 |
|         u_mul                      | pack2_mult_dsp__619 |          3 |          2 |       0 |    1 |     41 |      0 |      0 |    0 |          1 |
|       g_row[3].g_col[38].u_pe      |       ae_pe_p2__614 |        105 |        104 |       0 |    1 |    209 |      0 |      0 |    0 |          1 |
|         (g_row[3].g_col[38].u_pe)  |       ae_pe_p2__614 |        102 |        102 |       0 |    0 |    168 |      0 |      0 |    0 |          0 |
|         u_mul                      | pack2_mult_dsp__614 |          3 |          2 |       0 |    1 |     41 |      0 |      0 |    0 |          1 |
|       g_row[3].g_col[39].u_pe      |       ae_pe_p2__613 |        105 |        104 |       0 |    1 |    209 |      0 |      0 |    0 |          1 |
|         (g_row[3].g_col[39].u_pe)  |       ae_pe_p2__613 |        102 |        102 |       0 |    0 |    168 |      0 |      0 |    0 |          0 |
|         u_mul                      | pack2_mult_dsp__613 |          3 |          2 |       0 |    1 |     41 |      0 |      0 |    0 |          1 |
|       g_row[3].g_col[3].u_pe       |       ae_pe_p2__335 |        105 |        104 |       0 |    1 |    209 |      0 |      0 |    0 |          1 |
|         (g_row[3].g_col[3].u_pe)   |       ae_pe_p2__335 |        102 |        102 |       0 |    0 |    168 |      0 |      0 |    0 |          0 |
|         u_mul                      | pack2_mult_dsp__335 |          3 |          2 |       0 |    1 |     41 |      0 |      0 |    0 |          1 |
|       g_row[3].g_col[40].u_pe      |       ae_pe_p2__659 |        105 |        104 |       0 |    1 |    209 |      0 |      0 |    0 |          1 |
|         (g_row[3].g_col[40].u_pe)  |       ae_pe_p2__659 |        102 |        102 |       0 |    0 |    168 |      0 |      0 |    0 |          0 |
|         u_mul                      | pack2_mult_dsp__659 |          3 |          2 |       0 |    1 |     41 |      0 |      0 |    0 |          1 |
|       g_row[3].g_col[41].u_pe      |       ae_pe_p2__502 |        105 |        104 |       0 |    1 |    209 |      0 |      0 |    0 |          1 |
|         (g_row[3].g_col[41].u_pe)  |       ae_pe_p2__502 |        102 |        102 |       0 |    0 |    168 |      0 |      0 |    0 |          0 |
|         u_mul                      | pack2_mult_dsp__502 |          3 |          2 |       0 |    1 |     41 |      0 |      0 |    0 |          1 |
|       g_row[3].g_col[42].u_pe      |       ae_pe_p2__482 |        105 |        104 |       0 |    1 |    209 |      0 |      0 |    0 |          1 |
|         (g_row[3].g_col[42].u_pe)  |       ae_pe_p2__482 |        102 |        102 |       0 |    0 |    168 |      0 |      0 |    0 |          0 |
|         u_mul                      | pack2_mult_dsp__482 |          3 |          2 |       0 |    1 |     41 |      0 |      0 |    0 |          1 |
|       g_row[3].g_col[43].u_pe      |       ae_pe_p2__481 |        105 |        104 |       0 |    1 |    209 |      0 |      0 |    0 |          1 |
|         (g_row[3].g_col[43].u_pe)  |       ae_pe_p2__481 |        102 |        102 |       0 |    0 |    168 |      0 |      0 |    0 |          0 |
|         u_mul                      | pack2_mult_dsp__481 |          3 |          2 |       0 |    1 |     41 |      0 |      0 |    0 |          1 |
|       g_row[3].g_col[44].u_pe      |        ae_pe_p2__49 |        105 |        104 |       0 |    1 |    209 |      0 |      0 |    0 |          1 |
|         (g_row[3].g_col[44].u_pe)  |        ae_pe_p2__49 |        102 |        102 |       0 |    0 |    168 |      0 |      0 |    0 |          0 |
|         u_mul                      |  pack2_mult_dsp__49 |          3 |          2 |       0 |    1 |     41 |      0 |      0 |    0 |          1 |
|       g_row[3].g_col[45].u_pe      |         ae_pe_p2__9 |        105 |        104 |       0 |    1 |    209 |      0 |      0 |    0 |          1 |
|         (g_row[3].g_col[45].u_pe)  |         ae_pe_p2__9 |        102 |        102 |       0 |    0 |    168 |      0 |      0 |    0 |          0 |
|         u_mul                      |   pack2_mult_dsp__9 |          3 |          2 |       0 |    1 |     41 |      0 |      0 |    0 |          1 |
|       g_row[3].g_col[46].u_pe      |         ae_pe_p2__2 |        105 |        104 |       0 |    1 |    209 |      0 |      0 |    0 |          1 |
|         (g_row[3].g_col[46].u_pe)  |         ae_pe_p2__2 |        102 |        102 |       0 |    0 |    168 |      0 |      0 |    0 |          0 |
|         u_mul                      |   pack2_mult_dsp__2 |          3 |          2 |       0 |    1 |     41 |      0 |      0 |    0 |          1 |
|       g_row[3].g_col[47].u_pe      |        ae_pe_p2__81 |        105 |        104 |       0 |    1 |    208 |      0 |      0 |    0 |          1 |
|         (g_row[3].g_col[47].u_pe)  |        ae_pe_p2__81 |        102 |        102 |       0 |    0 |    167 |      0 |      0 |    0 |          0 |
|         u_mul                      |  pack2_mult_dsp__81 |          3 |          2 |       0 |    1 |     41 |      0 |      0 |    0 |          1 |
|       g_row[3].g_col[4].u_pe       |       ae_pe_p2__261 |        105 |        104 |       0 |    1 |    209 |      0 |      0 |    0 |          1 |
|         (g_row[3].g_col[4].u_pe)   |       ae_pe_p2__261 |        102 |        102 |       0 |    0 |    168 |      0 |      0 |    0 |          0 |
|         u_mul                      | pack2_mult_dsp__261 |          3 |          2 |       0 |    1 |     41 |      0 |      0 |    0 |          1 |
|       g_row[3].g_col[5].u_pe       |       ae_pe_p2__257 |        105 |        104 |       0 |    1 |    209 |      0 |      0 |    0 |          1 |
|         (g_row[3].g_col[5].u_pe)   |       ae_pe_p2__257 |        102 |        102 |       0 |    0 |    168 |      0 |      0 |    0 |          0 |
|         u_mul                      | pack2_mult_dsp__257 |          3 |          2 |       0 |    1 |     41 |      0 |      0 |    0 |          1 |
|       g_row[3].g_col[6].u_pe       |       ae_pe_p2__312 |        105 |        104 |       0 |    1 |    209 |      0 |      0 |    0 |          1 |
|         (g_row[3].g_col[6].u_pe)   |       ae_pe_p2__312 |        102 |        102 |       0 |    0 |    168 |      0 |      0 |    0 |          0 |
|         u_mul                      | pack2_mult_dsp__312 |          3 |          2 |       0 |    1 |     41 |      0 |      0 |    0 |          1 |
|       g_row[3].g_col[7].u_pe       |       ae_pe_p2__319 |        105 |        104 |       0 |    1 |    209 |      0 |      0 |    0 |          1 |
|         (g_row[3].g_col[7].u_pe)   |       ae_pe_p2__319 |        102 |        102 |       0 |    0 |    168 |      0 |      0 |    0 |          0 |
|         u_mul                      | pack2_mult_dsp__319 |          3 |          2 |       0 |    1 |     41 |      0 |      0 |    0 |          1 |
|       g_row[3].g_col[8].u_pe       |       ae_pe_p2__356 |        105 |        104 |       0 |    1 |    209 |      0 |      0 |    0 |          1 |
|         (g_row[3].g_col[8].u_pe)   |       ae_pe_p2__356 |        102 |        102 |       0 |    0 |    168 |      0 |      0 |    0 |          0 |
|         u_mul                      | pack2_mult_dsp__356 |          3 |          2 |       0 |    1 |     41 |      0 |      0 |    0 |          1 |
|       g_row[3].g_col[9].u_pe       |       ae_pe_p2__355 |        105 |        104 |       0 |    1 |    209 |      0 |      0 |    0 |          1 |
|         (g_row[3].g_col[9].u_pe)   |       ae_pe_p2__355 |        102 |        102 |       0 |    0 |    168 |      0 |      0 |    0 |          0 |
|         u_mul                      | pack2_mult_dsp__355 |          3 |          2 |       0 |    1 |     41 |      0 |      0 |    0 |          1 |
|       g_row[4].g_col[0].u_pe       |       ae_pe_p2__440 |        105 |        104 |       0 |    1 |    209 |      0 |      0 |    0 |          1 |
|         (g_row[4].g_col[0].u_pe)   |       ae_pe_p2__440 |        102 |        102 |       0 |    0 |    168 |      0 |      0 |    0 |          0 |
|         u_mul                      | pack2_mult_dsp__440 |          3 |          2 |       0 |    1 |     41 |      0 |      0 |    0 |          1 |
|       g_row[4].g_col[10].u_pe      |       ae_pe_p2__547 |        105 |        104 |       0 |    1 |    209 |      0 |      0 |    0 |          1 |
|         (g_row[4].g_col[10].u_pe)  |       ae_pe_p2__547 |        102 |        102 |       0 |    0 |    168 |      0 |      0 |    0 |          0 |
|         u_mul                      | pack2_mult_dsp__547 |          3 |          2 |       0 |    1 |     41 |      0 |      0 |    0 |          1 |
|       g_row[4].g_col[11].u_pe      |       ae_pe_p2__536 |        105 |        104 |       0 |    1 |    209 |      0 |      0 |    0 |          1 |
|         (g_row[4].g_col[11].u_pe)  |       ae_pe_p2__536 |        102 |        102 |       0 |    0 |    168 |      0 |      0 |    0 |          0 |
|         u_mul                      | pack2_mult_dsp__536 |          3 |          2 |       0 |    1 |     41 |      0 |      0 |    0 |          1 |
|       g_row[4].g_col[12].u_pe      |       ae_pe_p2__537 |        105 |        104 |       0 |    1 |    209 |      0 |      0 |    0 |          1 |
|         (g_row[4].g_col[12].u_pe)  |       ae_pe_p2__537 |        102 |        102 |       0 |    0 |    168 |      0 |      0 |    0 |          0 |
|         u_mul                      | pack2_mult_dsp__537 |          3 |          2 |       0 |    1 |     41 |      0 |      0 |    0 |          1 |
|       g_row[4].g_col[13].u_pe      |       ae_pe_p2__591 |        105 |        104 |       0 |    1 |    209 |      0 |      0 |    0 |          1 |
|         (g_row[4].g_col[13].u_pe)  |       ae_pe_p2__591 |        102 |        102 |       0 |    0 |    168 |      0 |      0 |    0 |          0 |
|         u_mul                      | pack2_mult_dsp__591 |          3 |          2 |       0 |    1 |     41 |      0 |      0 |    0 |          1 |
|       g_row[4].g_col[14].u_pe      |       ae_pe_p2__592 |        105 |        104 |       0 |    1 |    209 |      0 |      0 |    0 |          1 |
|         (g_row[4].g_col[14].u_pe)  |       ae_pe_p2__592 |        102 |        102 |       0 |    0 |    168 |      0 |      0 |    0 |          0 |
|         u_mul                      | pack2_mult_dsp__592 |          3 |          2 |       0 |    1 |     41 |      0 |      0 |    0 |          1 |
|       g_row[4].g_col[15].u_pe      |       ae_pe_p2__593 |        105 |        104 |       0 |    1 |    209 |      0 |      0 |    0 |          1 |
|         (g_row[4].g_col[15].u_pe)  |       ae_pe_p2__593 |        102 |        102 |       0 |    0 |    168 |      0 |      0 |    0 |          0 |
|         u_mul                      | pack2_mult_dsp__593 |          3 |          2 |       0 |    1 |     41 |      0 |      0 |    0 |          1 |
|       g_row[4].g_col[16].u_pe      |       ae_pe_p2__276 |        105 |        104 |       0 |    1 |    209 |      0 |      0 |    0 |          1 |
|         (g_row[4].g_col[16].u_pe)  |       ae_pe_p2__276 |        102 |        102 |       0 |    0 |    168 |      0 |      0 |    0 |          0 |
|         u_mul                      | pack2_mult_dsp__276 |          3 |          2 |       0 |    1 |     41 |      0 |      0 |    0 |          1 |
|       g_row[4].g_col[17].u_pe      |       ae_pe_p2__392 |        105 |        104 |       0 |    1 |    209 |      0 |      0 |    0 |          1 |
|         (g_row[4].g_col[17].u_pe)  |       ae_pe_p2__392 |        102 |        102 |       0 |    0 |    168 |      0 |      0 |    0 |          0 |
|         u_mul                      | pack2_mult_dsp__392 |          3 |          2 |       0 |    1 |     41 |      0 |      0 |    0 |          1 |
|       g_row[4].g_col[18].u_pe      |       ae_pe_p2__391 |        105 |        104 |       0 |    1 |    209 |      0 |      0 |    0 |          1 |
|         (g_row[4].g_col[18].u_pe)  |       ae_pe_p2__391 |        102 |        102 |       0 |    0 |    168 |      0 |      0 |    0 |          0 |
|         u_mul                      | pack2_mult_dsp__391 |          3 |          2 |       0 |    1 |     41 |      0 |      0 |    0 |          1 |
|       g_row[4].g_col[19].u_pe      |       ae_pe_p2__400 |        105 |        104 |       0 |    1 |    209 |      0 |      0 |    0 |          1 |
|         (g_row[4].g_col[19].u_pe)  |       ae_pe_p2__400 |        102 |        102 |       0 |    0 |    168 |      0 |      0 |    0 |          0 |
|         u_mul                      | pack2_mult_dsp__400 |          3 |          2 |       0 |    1 |     41 |      0 |      0 |    0 |          1 |
|       g_row[4].g_col[1].u_pe       |       ae_pe_p2__441 |        105 |        104 |       0 |    1 |    209 |      0 |      0 |    0 |          1 |
|         (g_row[4].g_col[1].u_pe)   |       ae_pe_p2__441 |        102 |        102 |       0 |    0 |    168 |      0 |      0 |    0 |          0 |
|         u_mul                      | pack2_mult_dsp__441 |          3 |          2 |       0 |    1 |     41 |      0 |      0 |    0 |          1 |
|       g_row[4].g_col[20].u_pe      |       ae_pe_p2__697 |        105 |        104 |       0 |    1 |    209 |      0 |      0 |    0 |          1 |
|         (g_row[4].g_col[20].u_pe)  |       ae_pe_p2__697 |        102 |        102 |       0 |    0 |    168 |      0 |      0 |    0 |          0 |
|         u_mul                      | pack2_mult_dsp__697 |          3 |          2 |       0 |    1 |     41 |      0 |      0 |    0 |          1 |
|       g_row[4].g_col[21].u_pe      |       ae_pe_p2__696 |        105 |        104 |       0 |    1 |    209 |      0 |      0 |    0 |          1 |
|         (g_row[4].g_col[21].u_pe)  |       ae_pe_p2__696 |        102 |        102 |       0 |    0 |    168 |      0 |      0 |    0 |          0 |
|         u_mul                      | pack2_mult_dsp__696 |          3 |          2 |       0 |    1 |     41 |      0 |      0 |    0 |          1 |
|       g_row[4].g_col[22].u_pe      |       ae_pe_p2__761 |        105 |        104 |       0 |    1 |    209 |      0 |      0 |    0 |          1 |
|         (g_row[4].g_col[22].u_pe)  |       ae_pe_p2__761 |        102 |        102 |       0 |    0 |    168 |      0 |      0 |    0 |          0 |
|         u_mul                      | pack2_mult_dsp__761 |          3 |          2 |       0 |    1 |     41 |      0 |      0 |    0 |          1 |
|       g_row[4].g_col[23].u_pe      |       ae_pe_p2__735 |        105 |        104 |       0 |    1 |    209 |      0 |      0 |    0 |          1 |
|         (g_row[4].g_col[23].u_pe)  |       ae_pe_p2__735 |        102 |        102 |       0 |    0 |    168 |      0 |      0 |    0 |          0 |
|         u_mul                      | pack2_mult_dsp__735 |          3 |          2 |       0 |    1 |     41 |      0 |      0 |    0 |          1 |
|       g_row[4].g_col[24].u_pe      |       ae_pe_p2__736 |        105 |        104 |       0 |    1 |    209 |      0 |      0 |    0 |          1 |
|         (g_row[4].g_col[24].u_pe)  |       ae_pe_p2__736 |        102 |        102 |       0 |    0 |    168 |      0 |      0 |    0 |          0 |
|         u_mul                      | pack2_mult_dsp__736 |          3 |          2 |       0 |    1 |     41 |      0 |      0 |    0 |          1 |
|       g_row[4].g_col[25].u_pe      |       ae_pe_p2__744 |        105 |        104 |       0 |    1 |    209 |      0 |      0 |    0 |          1 |
|         (g_row[4].g_col[25].u_pe)  |       ae_pe_p2__744 |        102 |        102 |       0 |    0 |    168 |      0 |      0 |    0 |          0 |
|         u_mul                      | pack2_mult_dsp__744 |          3 |          2 |       0 |    1 |     41 |      0 |      0 |    0 |          1 |
|       g_row[4].g_col[26].u_pe      |       ae_pe_p2__240 |        105 |        104 |       0 |    1 |    209 |      0 |      0 |    0 |          1 |
|         (g_row[4].g_col[26].u_pe)  |       ae_pe_p2__240 |        102 |        102 |       0 |    0 |    168 |      0 |      0 |    0 |          0 |
|         u_mul                      | pack2_mult_dsp__240 |          3 |          2 |       0 |    1 |     41 |      0 |      0 |    0 |          1 |
|       g_row[4].g_col[27].u_pe      |       ae_pe_p2__194 |        105 |        104 |       0 |    1 |    209 |      0 |      0 |    0 |          1 |
|         (g_row[4].g_col[27].u_pe)  |       ae_pe_p2__194 |        102 |        102 |       0 |    0 |    168 |      0 |      0 |    0 |          0 |
|         u_mul                      | pack2_mult_dsp__194 |          3 |          2 |       0 |    1 |     41 |      0 |      0 |    0 |          1 |
|       g_row[4].g_col[28].u_pe      |       ae_pe_p2__193 |        105 |        104 |       0 |    1 |    209 |      0 |      0 |    0 |          1 |
|         (g_row[4].g_col[28].u_pe)  |       ae_pe_p2__193 |        102 |        102 |       0 |    0 |    168 |      0 |      0 |    0 |          0 |
|         u_mul                      | pack2_mult_dsp__193 |          3 |          2 |       0 |    1 |     41 |      0 |      0 |    0 |          1 |
|       g_row[4].g_col[29].u_pe      |       ae_pe_p2__149 |        105 |        104 |       0 |    1 |    209 |      0 |      0 |    0 |          1 |
|         (g_row[4].g_col[29].u_pe)  |       ae_pe_p2__149 |        102 |        102 |       0 |    0 |    168 |      0 |      0 |    0 |          0 |
|         u_mul                      | pack2_mult_dsp__149 |          3 |          2 |       0 |    1 |     41 |      0 |      0 |    0 |          1 |
|       g_row[4].g_col[2].u_pe       |       ae_pe_p2__450 |        105 |        104 |       0 |    1 |    209 |      0 |      0 |    0 |          1 |
|         (g_row[4].g_col[2].u_pe)   |       ae_pe_p2__450 |        102 |        102 |       0 |    0 |    168 |      0 |      0 |    0 |          0 |
|         u_mul                      | pack2_mult_dsp__450 |          3 |          2 |       0 |    1 |     41 |      0 |      0 |    0 |          1 |
|       g_row[4].g_col[30].u_pe      |       ae_pe_p2__148 |        105 |        104 |       0 |    1 |    209 |      0 |      0 |    0 |          1 |
|         (g_row[4].g_col[30].u_pe)  |       ae_pe_p2__148 |        102 |        102 |       0 |    0 |    168 |      0 |      0 |    0 |          0 |
|         u_mul                      | pack2_mult_dsp__148 |          3 |          2 |       0 |    1 |     41 |      0 |      0 |    0 |          1 |
|       g_row[4].g_col[31].u_pe      |       ae_pe_p2__190 |        105 |        104 |       0 |    1 |    209 |      0 |      0 |    0 |          1 |
|         (g_row[4].g_col[31].u_pe)  |       ae_pe_p2__190 |        102 |        102 |       0 |    0 |    168 |      0 |      0 |    0 |          0 |
|         u_mul                      | pack2_mult_dsp__190 |          3 |          2 |       0 |    1 |     41 |      0 |      0 |    0 |          1 |
|       g_row[4].g_col[32].u_pe      |        ae_pe_p2__42 |        105 |        104 |       0 |    1 |    209 |      0 |      0 |    0 |          1 |
|         (g_row[4].g_col[32].u_pe)  |        ae_pe_p2__42 |        102 |        102 |       0 |    0 |    168 |      0 |      0 |    0 |          0 |
|         u_mul                      |  pack2_mult_dsp__42 |          3 |          2 |       0 |    1 |     41 |      0 |      0 |    0 |          1 |
|       g_row[4].g_col[33].u_pe      |       ae_pe_p2__136 |        105 |        104 |       0 |    1 |    209 |      0 |      0 |    0 |          1 |
|         (g_row[4].g_col[33].u_pe)  |       ae_pe_p2__136 |        102 |        102 |       0 |    0 |    168 |      0 |      0 |    0 |          0 |
|         u_mul                      | pack2_mult_dsp__136 |          3 |          2 |       0 |    1 |     41 |      0 |      0 |    0 |          1 |
|       g_row[4].g_col[34].u_pe      |       ae_pe_p2__135 |        105 |        104 |       0 |    1 |    209 |      0 |      0 |    0 |          1 |
|         (g_row[4].g_col[34].u_pe)  |       ae_pe_p2__135 |        102 |        102 |       0 |    0 |    168 |      0 |      0 |    0 |          0 |
|         u_mul                      | pack2_mult_dsp__135 |          3 |          2 |       0 |    1 |     41 |      0 |      0 |    0 |          1 |
|       g_row[4].g_col[35].u_pe      |       ae_pe_p2__117 |        105 |        104 |       0 |    1 |    209 |      0 |      0 |    0 |          1 |
|         (g_row[4].g_col[35].u_pe)  |       ae_pe_p2__117 |        102 |        102 |       0 |    0 |    168 |      0 |      0 |    0 |          0 |
|         u_mul                      | pack2_mult_dsp__117 |          3 |          2 |       0 |    1 |     41 |      0 |      0 |    0 |          1 |
|       g_row[4].g_col[36].u_pe      |       ae_pe_p2__115 |        105 |        104 |       0 |    1 |    209 |      0 |      0 |    0 |          1 |
|         (g_row[4].g_col[36].u_pe)  |       ae_pe_p2__115 |        102 |        102 |       0 |    0 |    168 |      0 |      0 |    0 |          0 |
|         u_mul                      | pack2_mult_dsp__115 |          3 |          2 |       0 |    1 |     41 |      0 |      0 |    0 |          1 |
|       g_row[4].g_col[37].u_pe      |       ae_pe_p2__615 |        105 |        104 |       0 |    1 |    209 |      0 |      0 |    0 |          1 |
|         (g_row[4].g_col[37].u_pe)  |       ae_pe_p2__615 |        102 |        102 |       0 |    0 |    168 |      0 |      0 |    0 |          0 |
|         u_mul                      | pack2_mult_dsp__615 |          3 |          2 |       0 |    1 |     41 |      0 |      0 |    0 |          1 |
|       g_row[4].g_col[38].u_pe      |       ae_pe_p2__623 |        105 |        104 |       0 |    1 |    209 |      0 |      0 |    0 |          1 |
|         (g_row[4].g_col[38].u_pe)  |       ae_pe_p2__623 |        102 |        102 |       0 |    0 |    168 |      0 |      0 |    0 |          0 |
|         u_mul                      | pack2_mult_dsp__623 |          3 |          2 |       0 |    1 |     41 |      0 |      0 |    0 |          1 |
|       g_row[4].g_col[39].u_pe      |       ae_pe_p2__647 |        105 |        104 |       0 |    1 |    209 |      0 |      0 |    0 |          1 |
|         (g_row[4].g_col[39].u_pe)  |       ae_pe_p2__647 |        102 |        102 |       0 |    0 |    168 |      0 |      0 |    0 |          0 |
|         u_mul                      | pack2_mult_dsp__647 |          3 |          2 |       0 |    1 |     41 |      0 |      0 |    0 |          1 |
|       g_row[4].g_col[3].u_pe       |       ae_pe_p2__298 |        105 |        104 |       0 |    1 |    209 |      0 |      0 |    0 |          1 |
|         (g_row[4].g_col[3].u_pe)   |       ae_pe_p2__298 |        102 |        102 |       0 |    0 |    168 |      0 |      0 |    0 |          0 |
|         u_mul                      | pack2_mult_dsp__298 |          3 |          2 |       0 |    1 |     41 |      0 |      0 |    0 |          1 |
|       g_row[4].g_col[40].u_pe      |       ae_pe_p2__655 |        105 |        104 |       0 |    1 |    209 |      0 |      0 |    0 |          1 |
|         (g_row[4].g_col[40].u_pe)  |       ae_pe_p2__655 |        102 |        102 |       0 |    0 |    168 |      0 |      0 |    0 |          0 |
|         u_mul                      | pack2_mult_dsp__655 |          3 |          2 |       0 |    1 |     41 |      0 |      0 |    0 |          1 |
|       g_row[4].g_col[41].u_pe      |       ae_pe_p2__508 |        105 |        104 |       0 |    1 |    209 |      0 |      0 |    0 |          1 |
|         (g_row[4].g_col[41].u_pe)  |       ae_pe_p2__508 |        102 |        102 |       0 |    0 |    168 |      0 |      0 |    0 |          0 |
|         u_mul                      | pack2_mult_dsp__508 |          3 |          2 |       0 |    1 |     41 |      0 |      0 |    0 |          1 |
|       g_row[4].g_col[42].u_pe      |       ae_pe_p2__475 |        105 |        104 |       0 |    1 |    209 |      0 |      0 |    0 |          1 |
|         (g_row[4].g_col[42].u_pe)  |       ae_pe_p2__475 |        102 |        102 |       0 |    0 |    168 |      0 |      0 |    0 |          0 |
|         u_mul                      | pack2_mult_dsp__475 |          3 |          2 |       0 |    1 |     41 |      0 |      0 |    0 |          1 |
|       g_row[4].g_col[43].u_pe      |       ae_pe_p2__474 |        105 |        104 |       0 |    1 |    209 |      0 |      0 |    0 |          1 |
|         (g_row[4].g_col[43].u_pe)  |       ae_pe_p2__474 |        102 |        102 |       0 |    0 |    168 |      0 |      0 |    0 |          0 |
|         u_mul                      | pack2_mult_dsp__474 |          3 |          2 |       0 |    1 |     41 |      0 |      0 |    0 |          1 |
|       g_row[4].g_col[44].u_pe      |        ae_pe_p2__53 |        105 |        104 |       0 |    1 |    209 |      0 |      0 |    0 |          1 |
|         (g_row[4].g_col[44].u_pe)  |        ae_pe_p2__53 |        102 |        102 |       0 |    0 |    168 |      0 |      0 |    0 |          0 |
|         u_mul                      |  pack2_mult_dsp__53 |          3 |          2 |       0 |    1 |     41 |      0 |      0 |    0 |          1 |
|       g_row[4].g_col[45].u_pe      |         ae_pe_p2__8 |        105 |        104 |       0 |    1 |    209 |      0 |      0 |    0 |          1 |
|         (g_row[4].g_col[45].u_pe)  |         ae_pe_p2__8 |        102 |        102 |       0 |    0 |    168 |      0 |      0 |    0 |          0 |
|         u_mul                      |   pack2_mult_dsp__8 |          3 |          2 |       0 |    1 |     41 |      0 |      0 |    0 |          1 |
|       g_row[4].g_col[46].u_pe      |        ae_pe_p2__48 |        105 |        104 |       0 |    1 |    209 |      0 |      0 |    0 |          1 |
|         (g_row[4].g_col[46].u_pe)  |        ae_pe_p2__48 |        102 |        102 |       0 |    0 |    168 |      0 |      0 |    0 |          0 |
|         u_mul                      |  pack2_mult_dsp__48 |          3 |          2 |       0 |    1 |     41 |      0 |      0 |    0 |          1 |
|       g_row[4].g_col[47].u_pe      |        ae_pe_p2__82 |        105 |        104 |       0 |    1 |    208 |      0 |      0 |    0 |          1 |
|         (g_row[4].g_col[47].u_pe)  |        ae_pe_p2__82 |        102 |        102 |       0 |    0 |    167 |      0 |      0 |    0 |          0 |
|         u_mul                      |  pack2_mult_dsp__82 |          3 |          2 |       0 |    1 |     41 |      0 |      0 |    0 |          1 |
|       g_row[4].g_col[4].u_pe       |       ae_pe_p2__266 |        105 |        104 |       0 |    1 |    209 |      0 |      0 |    0 |          1 |
|         (g_row[4].g_col[4].u_pe)   |       ae_pe_p2__266 |        102 |        102 |       0 |    0 |    168 |      0 |      0 |    0 |          0 |
|         u_mul                      | pack2_mult_dsp__266 |          3 |          2 |       0 |    1 |     41 |      0 |      0 |    0 |          1 |
|       g_row[4].g_col[5].u_pe       |       ae_pe_p2__265 |        105 |        104 |       0 |    1 |    209 |      0 |      0 |    0 |          1 |
|         (g_row[4].g_col[5].u_pe)   |       ae_pe_p2__265 |        102 |        102 |       0 |    0 |    168 |      0 |      0 |    0 |          0 |
|         u_mul                      | pack2_mult_dsp__265 |          3 |          2 |       0 |    1 |     41 |      0 |      0 |    0 |          1 |
|       g_row[4].g_col[6].u_pe       |       ae_pe_p2__311 |        105 |        104 |       0 |    1 |    209 |      0 |      0 |    0 |          1 |
|         (g_row[4].g_col[6].u_pe)   |       ae_pe_p2__311 |        102 |        102 |       0 |    0 |    168 |      0 |      0 |    0 |          0 |
|         u_mul                      | pack2_mult_dsp__311 |          3 |          2 |       0 |    1 |     41 |      0 |      0 |    0 |          1 |
|       g_row[4].g_col[7].u_pe       |       ae_pe_p2__318 |        105 |        104 |       0 |    1 |    209 |      0 |      0 |    0 |          1 |
|         (g_row[4].g_col[7].u_pe)   |       ae_pe_p2__318 |        102 |        102 |       0 |    0 |    168 |      0 |      0 |    0 |          0 |
|         u_mul                      | pack2_mult_dsp__318 |          3 |          2 |       0 |    1 |     41 |      0 |      0 |    0 |          1 |
|       g_row[4].g_col[8].u_pe       |       ae_pe_p2__347 |        105 |        104 |       0 |    1 |    209 |      0 |      0 |    0 |          1 |
|         (g_row[4].g_col[8].u_pe)   |       ae_pe_p2__347 |        102 |        102 |       0 |    0 |    168 |      0 |      0 |    0 |          0 |
|         u_mul                      | pack2_mult_dsp__347 |          3 |          2 |       0 |    1 |     41 |      0 |      0 |    0 |          1 |
|       g_row[4].g_col[9].u_pe       |       ae_pe_p2__349 |        105 |        104 |       0 |    1 |    209 |      0 |      0 |    0 |          1 |
|         (g_row[4].g_col[9].u_pe)   |       ae_pe_p2__349 |        102 |        102 |       0 |    0 |    168 |      0 |      0 |    0 |          0 |
|         u_mul                      | pack2_mult_dsp__349 |          3 |          2 |       0 |    1 |     41 |      0 |      0 |    0 |          1 |
|       g_row[5].g_col[0].u_pe       |       ae_pe_p2__444 |        105 |        104 |       0 |    1 |    209 |      0 |      0 |    0 |          1 |
|         (g_row[5].g_col[0].u_pe)   |       ae_pe_p2__444 |        102 |        102 |       0 |    0 |    168 |      0 |      0 |    0 |          0 |
|         u_mul                      | pack2_mult_dsp__444 |          3 |          2 |       0 |    1 |     41 |      0 |      0 |    0 |          1 |
|       g_row[5].g_col[10].u_pe      |       ae_pe_p2__546 |        105 |        104 |       0 |    1 |    209 |      0 |      0 |    0 |          1 |
|         (g_row[5].g_col[10].u_pe)  |       ae_pe_p2__546 |        102 |        102 |       0 |    0 |    168 |      0 |      0 |    0 |          0 |
|         u_mul                      | pack2_mult_dsp__546 |          3 |          2 |       0 |    1 |     41 |      0 |      0 |    0 |          1 |
|       g_row[5].g_col[11].u_pe      |       ae_pe_p2__538 |        105 |        104 |       0 |    1 |    209 |      0 |      0 |    0 |          1 |
|         (g_row[5].g_col[11].u_pe)  |       ae_pe_p2__538 |        102 |        102 |       0 |    0 |    168 |      0 |      0 |    0 |          0 |
|         u_mul                      | pack2_mult_dsp__538 |          3 |          2 |       0 |    1 |     41 |      0 |      0 |    0 |          1 |
|       g_row[5].g_col[12].u_pe      |       ae_pe_p2__539 |        105 |        104 |       0 |    1 |    209 |      0 |      0 |    0 |          1 |
|         (g_row[5].g_col[12].u_pe)  |       ae_pe_p2__539 |        102 |        102 |       0 |    0 |    168 |      0 |      0 |    0 |          0 |
|         u_mul                      | pack2_mult_dsp__539 |          3 |          2 |       0 |    1 |     41 |      0 |      0 |    0 |          1 |
|       g_row[5].g_col[13].u_pe      |       ae_pe_p2__589 |        105 |        104 |       0 |    1 |    209 |      0 |      0 |    0 |          1 |
|         (g_row[5].g_col[13].u_pe)  |       ae_pe_p2__589 |        102 |        102 |       0 |    0 |    168 |      0 |      0 |    0 |          0 |
|         u_mul                      | pack2_mult_dsp__589 |          3 |          2 |       0 |    1 |     41 |      0 |      0 |    0 |          1 |
|       g_row[5].g_col[14].u_pe      |       ae_pe_p2__588 |        105 |        104 |       0 |    1 |    209 |      0 |      0 |    0 |          1 |
|         (g_row[5].g_col[14].u_pe)  |       ae_pe_p2__588 |        102 |        102 |       0 |    0 |    168 |      0 |      0 |    0 |          0 |
|         u_mul                      | pack2_mult_dsp__588 |          3 |          2 |       0 |    1 |     41 |      0 |      0 |    0 |          1 |
|       g_row[5].g_col[15].u_pe      |       ae_pe_p2__595 |        105 |        104 |       0 |    1 |    209 |      0 |      0 |    0 |          1 |
|         (g_row[5].g_col[15].u_pe)  |       ae_pe_p2__595 |        102 |        102 |       0 |    0 |    168 |      0 |      0 |    0 |          0 |
|         u_mul                      | pack2_mult_dsp__595 |          3 |          2 |       0 |    1 |     41 |      0 |      0 |    0 |          1 |
|       g_row[5].g_col[16].u_pe      |       ae_pe_p2__292 |        105 |        104 |       0 |    1 |    209 |      0 |      0 |    0 |          1 |
|         (g_row[5].g_col[16].u_pe)  |       ae_pe_p2__292 |        102 |        102 |       0 |    0 |    168 |      0 |      0 |    0 |          0 |
|         u_mul                      | pack2_mult_dsp__292 |          3 |          2 |       0 |    1 |     41 |      0 |      0 |    0 |          1 |
|       g_row[5].g_col[17].u_pe      |       ae_pe_p2__372 |        105 |        104 |       0 |    1 |    209 |      0 |      0 |    0 |          1 |
|         (g_row[5].g_col[17].u_pe)  |       ae_pe_p2__372 |        102 |        102 |       0 |    0 |    168 |      0 |      0 |    0 |          0 |
|         u_mul                      | pack2_mult_dsp__372 |          3 |          2 |       0 |    1 |     41 |      0 |      0 |    0 |          1 |
|       g_row[5].g_col[18].u_pe      |       ae_pe_p2__371 |        105 |        104 |       0 |    1 |    209 |      0 |      0 |    0 |          1 |
|         (g_row[5].g_col[18].u_pe)  |       ae_pe_p2__371 |        102 |        102 |       0 |    0 |    168 |      0 |      0 |    0 |          0 |
|         u_mul                      | pack2_mult_dsp__371 |          3 |          2 |       0 |    1 |     41 |      0 |      0 |    0 |          1 |
|       g_row[5].g_col[19].u_pe      |       ae_pe_p2__415 |        105 |        104 |       0 |    1 |    209 |      0 |      0 |    0 |          1 |
|         (g_row[5].g_col[19].u_pe)  |       ae_pe_p2__415 |        102 |        102 |       0 |    0 |    168 |      0 |      0 |    0 |          0 |
|         u_mul                      | pack2_mult_dsp__415 |          3 |          2 |       0 |    1 |     41 |      0 |      0 |    0 |          1 |
|       g_row[5].g_col[1].u_pe       |       ae_pe_p2__442 |        105 |        104 |       0 |    1 |    209 |      0 |      0 |    0 |          1 |
|         (g_row[5].g_col[1].u_pe)   |       ae_pe_p2__442 |        102 |        102 |       0 |    0 |    168 |      0 |      0 |    0 |          0 |
|         u_mul                      | pack2_mult_dsp__442 |          3 |          2 |       0 |    1 |     41 |      0 |      0 |    0 |          1 |
|       g_row[5].g_col[20].u_pe      |       ae_pe_p2__695 |        105 |        104 |       0 |    1 |    209 |      0 |      0 |    0 |          1 |
|         (g_row[5].g_col[20].u_pe)  |       ae_pe_p2__695 |        102 |        102 |       0 |    0 |    168 |      0 |      0 |    0 |          0 |
|         u_mul                      | pack2_mult_dsp__695 |          3 |          2 |       0 |    1 |     41 |      0 |      0 |    0 |          1 |
|       g_row[5].g_col[21].u_pe      |       ae_pe_p2__694 |        105 |        104 |       0 |    1 |    209 |      0 |      0 |    0 |          1 |
|         (g_row[5].g_col[21].u_pe)  |       ae_pe_p2__694 |        102 |        102 |       0 |    0 |    168 |      0 |      0 |    0 |          0 |
|         u_mul                      | pack2_mult_dsp__694 |          3 |          2 |       0 |    1 |     41 |      0 |      0 |    0 |          1 |
|       g_row[5].g_col[22].u_pe      |       ae_pe_p2__763 |        105 |        104 |       0 |    1 |    209 |      0 |      0 |    0 |          1 |
|         (g_row[5].g_col[22].u_pe)  |       ae_pe_p2__763 |        102 |        102 |       0 |    0 |    168 |      0 |      0 |    0 |          0 |
|         u_mul                      | pack2_mult_dsp__763 |          3 |          2 |       0 |    1 |     41 |      0 |      0 |    0 |          1 |
|       g_row[5].g_col[23].u_pe      |       ae_pe_p2__720 |        105 |        104 |       0 |    1 |    209 |      0 |      0 |    0 |          1 |
|         (g_row[5].g_col[23].u_pe)  |       ae_pe_p2__720 |        102 |        102 |       0 |    0 |    168 |      0 |      0 |    0 |          0 |
|         u_mul                      | pack2_mult_dsp__720 |          3 |          2 |       0 |    1 |     41 |      0 |      0 |    0 |          1 |
|       g_row[5].g_col[24].u_pe      |       ae_pe_p2__719 |        105 |        104 |       0 |    1 |    209 |      0 |      0 |    0 |          1 |
|         (g_row[5].g_col[24].u_pe)  |       ae_pe_p2__719 |        102 |        102 |       0 |    0 |    168 |      0 |      0 |    0 |          0 |
|         u_mul                      | pack2_mult_dsp__719 |          3 |          2 |       0 |    1 |     41 |      0 |      0 |    0 |          1 |
|       g_row[5].g_col[25].u_pe      |       ae_pe_p2__743 |        105 |        104 |       0 |    1 |    209 |      0 |      0 |    0 |          1 |
|         (g_row[5].g_col[25].u_pe)  |       ae_pe_p2__743 |        102 |        102 |       0 |    0 |    168 |      0 |      0 |    0 |          0 |
|         u_mul                      | pack2_mult_dsp__743 |          3 |          2 |       0 |    1 |     41 |      0 |      0 |    0 |          1 |
|       g_row[5].g_col[26].u_pe      |       ae_pe_p2__226 |        105 |        104 |       0 |    1 |    209 |      0 |      0 |    0 |          1 |
|         (g_row[5].g_col[26].u_pe)  |       ae_pe_p2__226 |        102 |        102 |       0 |    0 |    168 |      0 |      0 |    0 |          0 |
|         u_mul                      | pack2_mult_dsp__226 |          3 |          2 |       0 |    1 |     41 |      0 |      0 |    0 |          1 |
|       g_row[5].g_col[27].u_pe      |       ae_pe_p2__216 |        105 |        104 |       0 |    1 |    209 |      0 |      0 |    0 |          1 |
|         (g_row[5].g_col[27].u_pe)  |       ae_pe_p2__216 |        102 |        102 |       0 |    0 |    168 |      0 |      0 |    0 |          0 |
|         u_mul                      | pack2_mult_dsp__216 |          3 |          2 |       0 |    1 |     41 |      0 |      0 |    0 |          1 |
|       g_row[5].g_col[28].u_pe      |       ae_pe_p2__215 |        105 |        104 |       0 |    1 |    209 |      0 |      0 |    0 |          1 |
|         (g_row[5].g_col[28].u_pe)  |       ae_pe_p2__215 |        102 |        102 |       0 |    0 |    168 |      0 |      0 |    0 |          0 |
|         u_mul                      | pack2_mult_dsp__215 |          3 |          2 |       0 |    1 |     41 |      0 |      0 |    0 |          1 |
|       g_row[5].g_col[29].u_pe      |       ae_pe_p2__171 |        105 |        104 |       0 |    1 |    209 |      0 |      0 |    0 |          1 |
|         (g_row[5].g_col[29].u_pe)  |       ae_pe_p2__171 |        102 |        102 |       0 |    0 |    168 |      0 |      0 |    0 |          0 |
|         u_mul                      | pack2_mult_dsp__171 |          3 |          2 |       0 |    1 |     41 |      0 |      0 |    0 |          1 |
|       g_row[5].g_col[2].u_pe       |       ae_pe_p2__453 |        105 |        104 |       0 |    1 |    209 |      0 |      0 |    0 |          1 |
|         (g_row[5].g_col[2].u_pe)   |       ae_pe_p2__453 |        102 |        102 |       0 |    0 |    168 |      0 |      0 |    0 |          0 |
|         u_mul                      | pack2_mult_dsp__453 |          3 |          2 |       0 |    1 |     41 |      0 |      0 |    0 |          1 |
|       g_row[5].g_col[30].u_pe      |       ae_pe_p2__168 |        105 |        104 |       0 |    1 |    209 |      0 |      0 |    0 |          1 |
|         (g_row[5].g_col[30].u_pe)  |       ae_pe_p2__168 |        102 |        102 |       0 |    0 |    168 |      0 |      0 |    0 |          0 |
|         u_mul                      | pack2_mult_dsp__168 |          3 |          2 |       0 |    1 |     41 |      0 |      0 |    0 |          1 |
|       g_row[5].g_col[31].u_pe      |       ae_pe_p2__185 |        105 |        104 |       0 |    1 |    209 |      0 |      0 |    0 |          1 |
|         (g_row[5].g_col[31].u_pe)  |       ae_pe_p2__185 |        102 |        102 |       0 |    0 |    168 |      0 |      0 |    0 |          0 |
|         u_mul                      | pack2_mult_dsp__185 |          3 |          2 |       0 |    1 |     41 |      0 |      0 |    0 |          1 |
|       g_row[5].g_col[32].u_pe      |        ae_pe_p2__34 |        105 |        104 |       0 |    1 |    209 |      0 |      0 |    0 |          1 |
|         (g_row[5].g_col[32].u_pe)  |        ae_pe_p2__34 |        102 |        102 |       0 |    0 |    168 |      0 |      0 |    0 |          0 |
|         u_mul                      |  pack2_mult_dsp__34 |          3 |          2 |       0 |    1 |     41 |      0 |      0 |    0 |          1 |
|       g_row[5].g_col[33].u_pe      |       ae_pe_p2__120 |        105 |        104 |       0 |    1 |    209 |      0 |      0 |    0 |          1 |
|         (g_row[5].g_col[33].u_pe)  |       ae_pe_p2__120 |        102 |        102 |       0 |    0 |    168 |      0 |      0 |    0 |          0 |
|         u_mul                      | pack2_mult_dsp__120 |          3 |          2 |       0 |    1 |     41 |      0 |      0 |    0 |          1 |
|       g_row[5].g_col[34].u_pe      |       ae_pe_p2__123 |        105 |        104 |       0 |    1 |    209 |      0 |      0 |    0 |          1 |
|         (g_row[5].g_col[34].u_pe)  |       ae_pe_p2__123 |        102 |        102 |       0 |    0 |    168 |      0 |      0 |    0 |          0 |
|         u_mul                      | pack2_mult_dsp__123 |          3 |          2 |       0 |    1 |     41 |      0 |      0 |    0 |          1 |
|       g_row[5].g_col[35].u_pe      |       ae_pe_p2__111 |        105 |        104 |       0 |    1 |    209 |      0 |      0 |    0 |          1 |
|         (g_row[5].g_col[35].u_pe)  |       ae_pe_p2__111 |        102 |        102 |       0 |    0 |    168 |      0 |      0 |    0 |          0 |
|         u_mul                      | pack2_mult_dsp__111 |          3 |          2 |       0 |    1 |     41 |      0 |      0 |    0 |          1 |
|       g_row[5].g_col[36].u_pe      |       ae_pe_p2__114 |        105 |        104 |       0 |    1 |    209 |      0 |      0 |    0 |          1 |
|         (g_row[5].g_col[36].u_pe)  |       ae_pe_p2__114 |        102 |        102 |       0 |    0 |    168 |      0 |      0 |    0 |          0 |
|         u_mul                      | pack2_mult_dsp__114 |          3 |          2 |       0 |    1 |     41 |      0 |      0 |    0 |          1 |
|       g_row[5].g_col[37].u_pe      |       ae_pe_p2__627 |        105 |        104 |       0 |    1 |    209 |      0 |      0 |    0 |          1 |
|         (g_row[5].g_col[37].u_pe)  |       ae_pe_p2__627 |        102 |        102 |       0 |    0 |    168 |      0 |      0 |    0 |          0 |
|         u_mul                      | pack2_mult_dsp__627 |          3 |          2 |       0 |    1 |     41 |      0 |      0 |    0 |          1 |
|       g_row[5].g_col[38].u_pe      |       ae_pe_p2__618 |        105 |        104 |       0 |    1 |    209 |      0 |      0 |    0 |          1 |
|         (g_row[5].g_col[38].u_pe)  |       ae_pe_p2__618 |        102 |        102 |       0 |    0 |    168 |      0 |      0 |    0 |          0 |
|         u_mul                      | pack2_mult_dsp__618 |          3 |          2 |       0 |    1 |     41 |      0 |      0 |    0 |          1 |
|       g_row[5].g_col[39].u_pe      |       ae_pe_p2__617 |        105 |        104 |       0 |    1 |    209 |      0 |      0 |    0 |          1 |
|         (g_row[5].g_col[39].u_pe)  |       ae_pe_p2__617 |        102 |        102 |       0 |    0 |    168 |      0 |      0 |    0 |          0 |
|         u_mul                      | pack2_mult_dsp__617 |          3 |          2 |       0 |    1 |     41 |      0 |      0 |    0 |          1 |
|       g_row[5].g_col[3].u_pe       |       ae_pe_p2__305 |        105 |        104 |       0 |    1 |    209 |      0 |      0 |    0 |          1 |
|         (g_row[5].g_col[3].u_pe)   |       ae_pe_p2__305 |        102 |        102 |       0 |    0 |    168 |      0 |      0 |    0 |          0 |
|         u_mul                      | pack2_mult_dsp__305 |          3 |          2 |       0 |    1 |     41 |      0 |      0 |    0 |          1 |
|       g_row[5].g_col[40].u_pe      |       ae_pe_p2__653 |        105 |        104 |       0 |    1 |    209 |      0 |      0 |    0 |          1 |
|         (g_row[5].g_col[40].u_pe)  |       ae_pe_p2__653 |        102 |        102 |       0 |    0 |    168 |      0 |      0 |    0 |          0 |
|         u_mul                      | pack2_mult_dsp__653 |          3 |          2 |       0 |    1 |     41 |      0 |      0 |    0 |          1 |
|       g_row[5].g_col[41].u_pe      |       ae_pe_p2__511 |        105 |        104 |       0 |    1 |    209 |      0 |      0 |    0 |          1 |
|         (g_row[5].g_col[41].u_pe)  |       ae_pe_p2__511 |        102 |        102 |       0 |    0 |    168 |      0 |      0 |    0 |          0 |
|         u_mul                      | pack2_mult_dsp__511 |          3 |          2 |       0 |    1 |     41 |      0 |      0 |    0 |          1 |
|       g_row[5].g_col[42].u_pe      |       ae_pe_p2__466 |        105 |        104 |       0 |    1 |    209 |      0 |      0 |    0 |          1 |
|         (g_row[5].g_col[42].u_pe)  |       ae_pe_p2__466 |        102 |        102 |       0 |    0 |    168 |      0 |      0 |    0 |          0 |
|         u_mul                      | pack2_mult_dsp__466 |          3 |          2 |       0 |    1 |     41 |      0 |      0 |    0 |          1 |
|       g_row[5].g_col[43].u_pe      |       ae_pe_p2__465 |        105 |        104 |       0 |    1 |    209 |      0 |      0 |    0 |          1 |
|         (g_row[5].g_col[43].u_pe)  |       ae_pe_p2__465 |        102 |        102 |       0 |    0 |    168 |      0 |      0 |    0 |          0 |
|         u_mul                      | pack2_mult_dsp__465 |          3 |          2 |       0 |    1 |     41 |      0 |      0 |    0 |          1 |
|       g_row[5].g_col[44].u_pe      |        ae_pe_p2__65 |        105 |        104 |       0 |    1 |    209 |      0 |      0 |    0 |          1 |
|         (g_row[5].g_col[44].u_pe)  |        ae_pe_p2__65 |        102 |        102 |       0 |    0 |    168 |      0 |      0 |    0 |          0 |
|         u_mul                      |  pack2_mult_dsp__65 |          3 |          2 |       0 |    1 |     41 |      0 |      0 |    0 |          1 |
|       g_row[5].g_col[45].u_pe      |         ae_pe_p2__1 |        105 |        104 |       0 |    1 |    209 |      0 |      0 |    0 |          1 |
|         (g_row[5].g_col[45].u_pe)  |         ae_pe_p2__1 |        102 |        102 |       0 |    0 |    168 |      0 |      0 |    0 |          0 |
|         u_mul                      |   pack2_mult_dsp__1 |          3 |          2 |       0 |    1 |     41 |      0 |      0 |    0 |          1 |
|       g_row[5].g_col[46].u_pe      |        ae_pe_p2__54 |        105 |        104 |       0 |    1 |    209 |      0 |      0 |    0 |          1 |
|         (g_row[5].g_col[46].u_pe)  |        ae_pe_p2__54 |        102 |        102 |       0 |    0 |    168 |      0 |      0 |    0 |          0 |
|         u_mul                      |  pack2_mult_dsp__54 |          3 |          2 |       0 |    1 |     41 |      0 |      0 |    0 |          1 |
|       g_row[5].g_col[47].u_pe      |        ae_pe_p2__74 |        105 |        104 |       0 |    1 |    208 |      0 |      0 |    0 |          1 |
|         (g_row[5].g_col[47].u_pe)  |        ae_pe_p2__74 |        102 |        102 |       0 |    0 |    167 |      0 |      0 |    0 |          0 |
|         u_mul                      |  pack2_mult_dsp__74 |          3 |          2 |       0 |    1 |     41 |      0 |      0 |    0 |          1 |
|       g_row[5].g_col[4].u_pe       |       ae_pe_p2__243 |        105 |        104 |       0 |    1 |    209 |      0 |      0 |    0 |          1 |
|         (g_row[5].g_col[4].u_pe)   |       ae_pe_p2__243 |        102 |        102 |       0 |    0 |    168 |      0 |      0 |    0 |          0 |
|         u_mul                      | pack2_mult_dsp__243 |          3 |          2 |       0 |    1 |     41 |      0 |      0 |    0 |          1 |
|       g_row[5].g_col[5].u_pe       |       ae_pe_p2__241 |        105 |        104 |       0 |    1 |    209 |      0 |      0 |    0 |          1 |
|         (g_row[5].g_col[5].u_pe)   |       ae_pe_p2__241 |        102 |        102 |       0 |    0 |    168 |      0 |      0 |    0 |          0 |
|         u_mul                      | pack2_mult_dsp__241 |          3 |          2 |       0 |    1 |     41 |      0 |      0 |    0 |          1 |
|       g_row[5].g_col[6].u_pe       |       ae_pe_p2__306 |        105 |        104 |       0 |    1 |    209 |      0 |      0 |    0 |          1 |
|         (g_row[5].g_col[6].u_pe)   |       ae_pe_p2__306 |        102 |        102 |       0 |    0 |    168 |      0 |      0 |    0 |          0 |
|         u_mul                      | pack2_mult_dsp__306 |          3 |          2 |       0 |    1 |     41 |      0 |      0 |    0 |          1 |
|       g_row[5].g_col[7].u_pe       |       ae_pe_p2__321 |        105 |        104 |       0 |    1 |    209 |      0 |      0 |    0 |          1 |
|         (g_row[5].g_col[7].u_pe)   |       ae_pe_p2__321 |        102 |        102 |       0 |    0 |    168 |      0 |      0 |    0 |          0 |
|         u_mul                      | pack2_mult_dsp__321 |          3 |          2 |       0 |    1 |     41 |      0 |      0 |    0 |          1 |
|       g_row[5].g_col[8].u_pe       |       ae_pe_p2__357 |        105 |        104 |       0 |    1 |    209 |      0 |      0 |    0 |          1 |
|         (g_row[5].g_col[8].u_pe)   |       ae_pe_p2__357 |        102 |        102 |       0 |    0 |    168 |      0 |      0 |    0 |          0 |
|         u_mul                      | pack2_mult_dsp__357 |          3 |          2 |       0 |    1 |     41 |      0 |      0 |    0 |          1 |
|       g_row[5].g_col[9].u_pe       |       ae_pe_p2__358 |        105 |        104 |       0 |    1 |    209 |      0 |      0 |    0 |          1 |
|         (g_row[5].g_col[9].u_pe)   |       ae_pe_p2__358 |        102 |        102 |       0 |    0 |    168 |      0 |      0 |    0 |          0 |
|         u_mul                      | pack2_mult_dsp__358 |          3 |          2 |       0 |    1 |     41 |      0 |      0 |    0 |          1 |
|       g_row[6].g_col[0].u_pe       |       ae_pe_p2__423 |        105 |        104 |       0 |    1 |    209 |      0 |      0 |    0 |          1 |
|         (g_row[6].g_col[0].u_pe)   |       ae_pe_p2__423 |        102 |        102 |       0 |    0 |    168 |      0 |      0 |    0 |          0 |
|         u_mul                      | pack2_mult_dsp__423 |          3 |          2 |       0 |    1 |     41 |      0 |      0 |    0 |          1 |
|       g_row[6].g_col[10].u_pe      |       ae_pe_p2__544 |        105 |        104 |       0 |    1 |    209 |      0 |      0 |    0 |          1 |
|         (g_row[6].g_col[10].u_pe)  |       ae_pe_p2__544 |        102 |        102 |       0 |    0 |    168 |      0 |      0 |    0 |          0 |
|         u_mul                      | pack2_mult_dsp__544 |          3 |          2 |       0 |    1 |     41 |      0 |      0 |    0 |          1 |
|       g_row[6].g_col[11].u_pe      |       ae_pe_p2__542 |        105 |        104 |       0 |    1 |    209 |      0 |      0 |    0 |          1 |
|         (g_row[6].g_col[11].u_pe)  |       ae_pe_p2__542 |        102 |        102 |       0 |    0 |    168 |      0 |      0 |    0 |          0 |
|         u_mul                      | pack2_mult_dsp__542 |          3 |          2 |       0 |    1 |     41 |      0 |      0 |    0 |          1 |
|       g_row[6].g_col[12].u_pe      |       ae_pe_p2__543 |        105 |        104 |       0 |    1 |    209 |      0 |      0 |    0 |          1 |
|         (g_row[6].g_col[12].u_pe)  |       ae_pe_p2__543 |        102 |        102 |       0 |    0 |    168 |      0 |      0 |    0 |          0 |
|         u_mul                      | pack2_mult_dsp__543 |          3 |          2 |       0 |    1 |     41 |      0 |      0 |    0 |          1 |
|       g_row[6].g_col[13].u_pe      |       ae_pe_p2__585 |        105 |        104 |       0 |    1 |    209 |      0 |      0 |    0 |          1 |
|         (g_row[6].g_col[13].u_pe)  |       ae_pe_p2__585 |        102 |        102 |       0 |    0 |    168 |      0 |      0 |    0 |          0 |
|         u_mul                      | pack2_mult_dsp__585 |          3 |          2 |       0 |    1 |     41 |      0 |      0 |    0 |          1 |
|       g_row[6].g_col[14].u_pe      |       ae_pe_p2__584 |        105 |        104 |       0 |    1 |    209 |      0 |      0 |    0 |          1 |
|         (g_row[6].g_col[14].u_pe)  |       ae_pe_p2__584 |        102 |        102 |       0 |    0 |    168 |      0 |      0 |    0 |          0 |
|         u_mul                      | pack2_mult_dsp__584 |          3 |          2 |       0 |    1 |     41 |      0 |      0 |    0 |          1 |
|       g_row[6].g_col[15].u_pe      |       ae_pe_p2__597 |        105 |        104 |       0 |    1 |    209 |      0 |      0 |    0 |          1 |
|         (g_row[6].g_col[15].u_pe)  |       ae_pe_p2__597 |        102 |        102 |       0 |    0 |    168 |      0 |      0 |    0 |          0 |
|         u_mul                      | pack2_mult_dsp__597 |          3 |          2 |       0 |    1 |     41 |      0 |      0 |    0 |          1 |
|       g_row[6].g_col[16].u_pe      |       ae_pe_p2__284 |        105 |        104 |       0 |    1 |    209 |      0 |      0 |    0 |          1 |
|         (g_row[6].g_col[16].u_pe)  |       ae_pe_p2__284 |        102 |        102 |       0 |    0 |    168 |      0 |      0 |    0 |          0 |
|         u_mul                      | pack2_mult_dsp__284 |          3 |          2 |       0 |    1 |     41 |      0 |      0 |    0 |          1 |
|       g_row[6].g_col[17].u_pe      |       ae_pe_p2__376 |        105 |        104 |       0 |    1 |    209 |      0 |      0 |    0 |          1 |
|         (g_row[6].g_col[17].u_pe)  |       ae_pe_p2__376 |        102 |        102 |       0 |    0 |    168 |      0 |      0 |    0 |          0 |
|         u_mul                      | pack2_mult_dsp__376 |          3 |          2 |       0 |    1 |     41 |      0 |      0 |    0 |          1 |
|       g_row[6].g_col[18].u_pe      |       ae_pe_p2__377 |        105 |        104 |       0 |    1 |    209 |      0 |      0 |    0 |          1 |
|         (g_row[6].g_col[18].u_pe)  |       ae_pe_p2__377 |        102 |        102 |       0 |    0 |    168 |      0 |      0 |    0 |          0 |
|         u_mul                      | pack2_mult_dsp__377 |          3 |          2 |       0 |    1 |     41 |      0 |      0 |    0 |          1 |
|       g_row[6].g_col[19].u_pe      |       ae_pe_p2__406 |        105 |        104 |       0 |    1 |    209 |      0 |      0 |    0 |          1 |
|         (g_row[6].g_col[19].u_pe)  |       ae_pe_p2__406 |        102 |        102 |       0 |    0 |    168 |      0 |      0 |    0 |          0 |
|         u_mul                      | pack2_mult_dsp__406 |          3 |          2 |       0 |    1 |     41 |      0 |      0 |    0 |          1 |
|       g_row[6].g_col[1].u_pe       |       ae_pe_p2__427 |        105 |        104 |       0 |    1 |    209 |      0 |      0 |    0 |          1 |
|         (g_row[6].g_col[1].u_pe)   |       ae_pe_p2__427 |        102 |        102 |       0 |    0 |    168 |      0 |      0 |    0 |          0 |
|         u_mul                      | pack2_mult_dsp__427 |          3 |          2 |       0 |    1 |     41 |      0 |      0 |    0 |          1 |
|       g_row[6].g_col[20].u_pe      |       ae_pe_p2__693 |        105 |        104 |       0 |    1 |    209 |      0 |      0 |    0 |          1 |
|         (g_row[6].g_col[20].u_pe)  |       ae_pe_p2__693 |        102 |        102 |       0 |    0 |    168 |      0 |      0 |    0 |          0 |
|         u_mul                      | pack2_mult_dsp__693 |          3 |          2 |       0 |    1 |     41 |      0 |      0 |    0 |          1 |
|       g_row[6].g_col[21].u_pe      |       ae_pe_p2__692 |        105 |        104 |       0 |    1 |    209 |      0 |      0 |    0 |          1 |
|         (g_row[6].g_col[21].u_pe)  |       ae_pe_p2__692 |        102 |        102 |       0 |    0 |    168 |      0 |      0 |    0 |          0 |
|         u_mul                      | pack2_mult_dsp__692 |          3 |          2 |       0 |    1 |     41 |      0 |      0 |    0 |          1 |
|       g_row[6].g_col[22].u_pe      |       ae_pe_p2__764 |        105 |        104 |       0 |    1 |    209 |      0 |      0 |    0 |          1 |
|         (g_row[6].g_col[22].u_pe)  |       ae_pe_p2__764 |        102 |        102 |       0 |    0 |    168 |      0 |      0 |    0 |          0 |
|         u_mul                      | pack2_mult_dsp__764 |          3 |          2 |       0 |    1 |     41 |      0 |      0 |    0 |          1 |
|       g_row[6].g_col[23].u_pe      |       ae_pe_p2__718 |        105 |        104 |       0 |    1 |    209 |      0 |      0 |    0 |          1 |
|         (g_row[6].g_col[23].u_pe)  |       ae_pe_p2__718 |        102 |        102 |       0 |    0 |    168 |      0 |      0 |    0 |          0 |
|         u_mul                      | pack2_mult_dsp__718 |          3 |          2 |       0 |    1 |     41 |      0 |      0 |    0 |          1 |
|       g_row[6].g_col[24].u_pe      |       ae_pe_p2__717 |        105 |        104 |       0 |    1 |    209 |      0 |      0 |    0 |          1 |
|         (g_row[6].g_col[24].u_pe)  |       ae_pe_p2__717 |        102 |        102 |       0 |    0 |    168 |      0 |      0 |    0 |          0 |
|         u_mul                      | pack2_mult_dsp__717 |          3 |          2 |       0 |    1 |     41 |      0 |      0 |    0 |          1 |
|       g_row[6].g_col[25].u_pe      |       ae_pe_p2__741 |        105 |        104 |       0 |    1 |    209 |      0 |      0 |    0 |          1 |
|         (g_row[6].g_col[25].u_pe)  |       ae_pe_p2__741 |        102 |        102 |       0 |    0 |    168 |      0 |      0 |    0 |          0 |
|         u_mul                      | pack2_mult_dsp__741 |          3 |          2 |       0 |    1 |     41 |      0 |      0 |    0 |          1 |
|       g_row[6].g_col[26].u_pe      |       ae_pe_p2__230 |        105 |        104 |       0 |    1 |    209 |      0 |      0 |    0 |          1 |
|         (g_row[6].g_col[26].u_pe)  |       ae_pe_p2__230 |        102 |        102 |       0 |    0 |    168 |      0 |      0 |    0 |          0 |
|         u_mul                      | pack2_mult_dsp__230 |          3 |          2 |       0 |    1 |     41 |      0 |      0 |    0 |          1 |
|       g_row[6].g_col[27].u_pe      |       ae_pe_p2__231 |        105 |        104 |       0 |    1 |    209 |      0 |      0 |    0 |          1 |
|         (g_row[6].g_col[27].u_pe)  |       ae_pe_p2__231 |        102 |        102 |       0 |    0 |    168 |      0 |      0 |    0 |          0 |
|         u_mul                      | pack2_mult_dsp__231 |          3 |          2 |       0 |    1 |     41 |      0 |      0 |    0 |          1 |
|       g_row[6].g_col[28].u_pe      |       ae_pe_p2__210 |        105 |        104 |       0 |    1 |    209 |      0 |      0 |    0 |          1 |
|         (g_row[6].g_col[28].u_pe)  |       ae_pe_p2__210 |        102 |        102 |       0 |    0 |    168 |      0 |      0 |    0 |          0 |
|         u_mul                      | pack2_mult_dsp__210 |          3 |          2 |       0 |    1 |     41 |      0 |      0 |    0 |          1 |
|       g_row[6].g_col[29].u_pe      |       ae_pe_p2__159 |        105 |        104 |       0 |    1 |    209 |      0 |      0 |    0 |          1 |
|         (g_row[6].g_col[29].u_pe)  |       ae_pe_p2__159 |        102 |        102 |       0 |    0 |    168 |      0 |      0 |    0 |          0 |
|         u_mul                      | pack2_mult_dsp__159 |          3 |          2 |       0 |    1 |     41 |      0 |      0 |    0 |          1 |
|       g_row[6].g_col[2].u_pe       |       ae_pe_p2__459 |        105 |        104 |       0 |    1 |    209 |      0 |      0 |    0 |          1 |
|         (g_row[6].g_col[2].u_pe)   |       ae_pe_p2__459 |        102 |        102 |       0 |    0 |    168 |      0 |      0 |    0 |          0 |
|         u_mul                      | pack2_mult_dsp__459 |          3 |          2 |       0 |    1 |     41 |      0 |      0 |    0 |          1 |
|       g_row[6].g_col[30].u_pe      |       ae_pe_p2__158 |        105 |        104 |       0 |    1 |    209 |      0 |      0 |    0 |          1 |
|         (g_row[6].g_col[30].u_pe)  |       ae_pe_p2__158 |        102 |        102 |       0 |    0 |    168 |      0 |      0 |    0 |          0 |
|         u_mul                      | pack2_mult_dsp__158 |          3 |          2 |       0 |    1 |     41 |      0 |      0 |    0 |          1 |
|       g_row[6].g_col[31].u_pe      |       ae_pe_p2__177 |        105 |        104 |       0 |    1 |    209 |      0 |      0 |    0 |          1 |
|         (g_row[6].g_col[31].u_pe)  |       ae_pe_p2__177 |        102 |        102 |       0 |    0 |    168 |      0 |      0 |    0 |          0 |
|         u_mul                      | pack2_mult_dsp__177 |          3 |          2 |       0 |    1 |     41 |      0 |      0 |    0 |          1 |
|       g_row[6].g_col[32].u_pe      |        ae_pe_p2__43 |        105 |        104 |       0 |    1 |    209 |      0 |      0 |    0 |          1 |
|         (g_row[6].g_col[32].u_pe)  |        ae_pe_p2__43 |        102 |        102 |       0 |    0 |    168 |      0 |      0 |    0 |          0 |
|         u_mul                      |  pack2_mult_dsp__43 |          3 |          2 |       0 |    1 |     41 |      0 |      0 |    0 |          1 |
|       g_row[6].g_col[33].u_pe      |       ae_pe_p2__137 |        105 |        104 |       0 |    1 |    209 |      0 |      0 |    0 |          1 |
|         (g_row[6].g_col[33].u_pe)  |       ae_pe_p2__137 |        102 |        102 |       0 |    0 |    168 |      0 |      0 |    0 |          0 |
|         u_mul                      | pack2_mult_dsp__137 |          3 |          2 |       0 |    1 |     41 |      0 |      0 |    0 |          1 |
|       g_row[6].g_col[34].u_pe      |       ae_pe_p2__138 |        105 |        104 |       0 |    1 |    209 |      0 |      0 |    0 |          1 |
|         (g_row[6].g_col[34].u_pe)  |       ae_pe_p2__138 |        102 |        102 |       0 |    0 |    168 |      0 |      0 |    0 |          0 |
|         u_mul                      | pack2_mult_dsp__138 |          3 |          2 |       0 |    1 |     41 |      0 |      0 |    0 |          1 |
|       g_row[6].g_col[35].u_pe      |        ae_pe_p2__94 |        105 |        104 |       0 |    1 |    209 |      0 |      0 |    0 |          1 |
|         (g_row[6].g_col[35].u_pe)  |        ae_pe_p2__94 |        102 |        102 |       0 |    0 |    168 |      0 |      0 |    0 |          0 |
|         u_mul                      |  pack2_mult_dsp__94 |          3 |          2 |       0 |    1 |     41 |      0 |      0 |    0 |          1 |
|       g_row[6].g_col[36].u_pe      |        ae_pe_p2__88 |        105 |        104 |       0 |    1 |    209 |      0 |      0 |    0 |          1 |
|         (g_row[6].g_col[36].u_pe)  |        ae_pe_p2__88 |        102 |        102 |       0 |    0 |    168 |      0 |      0 |    0 |          0 |
|         u_mul                      |  pack2_mult_dsp__88 |          3 |          2 |       0 |    1 |     41 |      0 |      0 |    0 |          1 |
|       g_row[6].g_col[37].u_pe      |       ae_pe_p2__621 |        105 |        104 |       0 |    1 |    209 |      0 |      0 |    0 |          1 |
|         (g_row[6].g_col[37].u_pe)  |       ae_pe_p2__621 |        102 |        102 |       0 |    0 |    168 |      0 |      0 |    0 |          0 |
|         u_mul                      | pack2_mult_dsp__621 |          3 |          2 |       0 |    1 |     41 |      0 |      0 |    0 |          1 |
|       g_row[6].g_col[38].u_pe      |       ae_pe_p2__622 |        105 |        104 |       0 |    1 |    209 |      0 |      0 |    0 |          1 |
|         (g_row[6].g_col[38].u_pe)  |       ae_pe_p2__622 |        102 |        102 |       0 |    0 |    168 |      0 |      0 |    0 |          0 |
|         u_mul                      | pack2_mult_dsp__622 |          3 |          2 |       0 |    1 |     41 |      0 |      0 |    0 |          1 |
|       g_row[6].g_col[39].u_pe      |       ae_pe_p2__654 |        105 |        104 |       0 |    1 |    209 |      0 |      0 |    0 |          1 |
|         (g_row[6].g_col[39].u_pe)  |       ae_pe_p2__654 |        102 |        102 |       0 |    0 |    168 |      0 |      0 |    0 |          0 |
|         u_mul                      | pack2_mult_dsp__654 |          3 |          2 |       0 |    1 |     41 |      0 |      0 |    0 |          1 |
|       g_row[6].g_col[3].u_pe       |       ae_pe_p2__316 |        105 |        104 |       0 |    1 |    209 |      0 |      0 |    0 |          1 |
|         (g_row[6].g_col[3].u_pe)   |       ae_pe_p2__316 |        102 |        102 |       0 |    0 |    168 |      0 |      0 |    0 |          0 |
|         u_mul                      | pack2_mult_dsp__316 |          3 |          2 |       0 |    1 |     41 |      0 |      0 |    0 |          1 |
|       g_row[6].g_col[40].u_pe      |       ae_pe_p2__656 |        105 |        104 |       0 |    1 |    209 |      0 |      0 |    0 |          1 |
|         (g_row[6].g_col[40].u_pe)  |       ae_pe_p2__656 |        102 |        102 |       0 |    0 |    168 |      0 |      0 |    0 |          0 |
|         u_mul                      | pack2_mult_dsp__656 |          3 |          2 |       0 |    1 |     41 |      0 |      0 |    0 |          1 |
|       g_row[6].g_col[41].u_pe      |       ae_pe_p2__506 |        105 |        104 |       0 |    1 |    209 |      0 |      0 |    0 |          1 |
|         (g_row[6].g_col[41].u_pe)  |       ae_pe_p2__506 |        102 |        102 |       0 |    0 |    168 |      0 |      0 |    0 |          0 |
|         u_mul                      | pack2_mult_dsp__506 |          3 |          2 |       0 |    1 |     41 |      0 |      0 |    0 |          1 |
|       g_row[6].g_col[42].u_pe      |       ae_pe_p2__483 |        105 |        104 |       0 |    1 |    209 |      0 |      0 |    0 |          1 |
|         (g_row[6].g_col[42].u_pe)  |       ae_pe_p2__483 |        102 |        102 |       0 |    0 |    168 |      0 |      0 |    0 |          0 |
|         u_mul                      | pack2_mult_dsp__483 |          3 |          2 |       0 |    1 |     41 |      0 |      0 |    0 |          1 |
|       g_row[6].g_col[43].u_pe      |       ae_pe_p2__487 |        105 |        104 |       0 |    1 |    209 |      0 |      0 |    0 |          1 |
|         (g_row[6].g_col[43].u_pe)  |       ae_pe_p2__487 |        102 |        102 |       0 |    0 |    168 |      0 |      0 |    0 |          0 |
|         u_mul                      | pack2_mult_dsp__487 |          3 |          2 |       0 |    1 |     41 |      0 |      0 |    0 |          1 |
|       g_row[6].g_col[44].u_pe      |        ae_pe_p2__61 |        105 |        104 |       0 |    1 |    209 |      0 |      0 |    0 |          1 |
|         (g_row[6].g_col[44].u_pe)  |        ae_pe_p2__61 |        102 |        102 |       0 |    0 |    168 |      0 |      0 |    0 |          0 |
|         u_mul                      |  pack2_mult_dsp__61 |          3 |          2 |       0 |    1 |     41 |      0 |      0 |    0 |          1 |
|       g_row[6].g_col[45].u_pe      |        ae_pe_p2__28 |        105 |        104 |       0 |    1 |    209 |      0 |      0 |    0 |          1 |
|         (g_row[6].g_col[45].u_pe)  |        ae_pe_p2__28 |        102 |        102 |       0 |    0 |    168 |      0 |      0 |    0 |          0 |
|         u_mul                      |  pack2_mult_dsp__28 |          3 |          2 |       0 |    1 |     41 |      0 |      0 |    0 |          1 |
|       g_row[6].g_col[46].u_pe      |        ae_pe_p2__57 |        105 |        104 |       0 |    1 |    209 |      0 |      0 |    0 |          1 |
|         (g_row[6].g_col[46].u_pe)  |        ae_pe_p2__57 |        102 |        102 |       0 |    0 |    168 |      0 |      0 |    0 |          0 |
|         u_mul                      |  pack2_mult_dsp__57 |          3 |          2 |       0 |    1 |     41 |      0 |      0 |    0 |          1 |
|       g_row[6].g_col[47].u_pe      |        ae_pe_p2__67 |        105 |        104 |       0 |    1 |    208 |      0 |      0 |    0 |          1 |
|         (g_row[6].g_col[47].u_pe)  |        ae_pe_p2__67 |        102 |        102 |       0 |    0 |    167 |      0 |      0 |    0 |          0 |
|         u_mul                      |  pack2_mult_dsp__67 |          3 |          2 |       0 |    1 |     41 |      0 |      0 |    0 |          1 |
|       g_row[6].g_col[4].u_pe       |       ae_pe_p2__250 |        105 |        104 |       0 |    1 |    209 |      0 |      0 |    0 |          1 |
|         (g_row[6].g_col[4].u_pe)   |       ae_pe_p2__250 |        102 |        102 |       0 |    0 |    168 |      0 |      0 |    0 |          0 |
|         u_mul                      | pack2_mult_dsp__250 |          3 |          2 |       0 |    1 |     41 |      0 |      0 |    0 |          1 |
|       g_row[6].g_col[5].u_pe       |       ae_pe_p2__251 |        105 |        104 |       0 |    1 |    209 |      0 |      0 |    0 |          1 |
|         (g_row[6].g_col[5].u_pe)   |       ae_pe_p2__251 |        102 |        102 |       0 |    0 |    168 |      0 |      0 |    0 |          0 |
|         u_mul                      | pack2_mult_dsp__251 |          3 |          2 |       0 |    1 |     41 |      0 |      0 |    0 |          1 |
|       g_row[6].g_col[6].u_pe       |       ae_pe_p2__307 |        105 |        104 |       0 |    1 |    209 |      0 |      0 |    0 |          1 |
|         (g_row[6].g_col[6].u_pe)   |       ae_pe_p2__307 |        102 |        102 |       0 |    0 |    168 |      0 |      0 |    0 |          0 |
|         u_mul                      | pack2_mult_dsp__307 |          3 |          2 |       0 |    1 |     41 |      0 |      0 |    0 |          1 |
|       g_row[6].g_col[7].u_pe       |       ae_pe_p2__330 |        105 |        104 |       0 |    1 |    209 |      0 |      0 |    0 |          1 |
|         (g_row[6].g_col[7].u_pe)   |       ae_pe_p2__330 |        102 |        102 |       0 |    0 |    168 |      0 |      0 |    0 |          0 |
|         u_mul                      | pack2_mult_dsp__330 |          3 |          2 |       0 |    1 |     41 |      0 |      0 |    0 |          1 |
|       g_row[6].g_col[8].u_pe       |       ae_pe_p2__368 |        105 |        104 |       0 |    1 |    209 |      0 |      0 |    0 |          1 |
|         (g_row[6].g_col[8].u_pe)   |       ae_pe_p2__368 |        102 |        102 |       0 |    0 |    168 |      0 |      0 |    0 |          0 |
|         u_mul                      | pack2_mult_dsp__368 |          3 |          2 |       0 |    1 |     41 |      0 |      0 |    0 |          1 |
|       g_row[6].g_col[9].u_pe       |       ae_pe_p2__365 |        105 |        104 |       0 |    1 |    209 |      0 |      0 |    0 |          1 |
|         (g_row[6].g_col[9].u_pe)   |       ae_pe_p2__365 |        102 |        102 |       0 |    0 |    168 |      0 |      0 |    0 |          0 |
|         u_mul                      | pack2_mult_dsp__365 |          3 |          2 |       0 |    1 |     41 |      0 |      0 |    0 |          1 |
|       g_row[7].g_col[0].u_pe       |       ae_pe_p2__445 |        105 |        104 |       0 |    1 |    209 |      0 |      0 |    0 |          1 |
|         (g_row[7].g_col[0].u_pe)   |       ae_pe_p2__445 |        102 |        102 |       0 |    0 |    168 |      0 |      0 |    0 |          0 |
|         u_mul                      | pack2_mult_dsp__445 |          3 |          2 |       0 |    1 |     41 |      0 |      0 |    0 |          1 |
|       g_row[7].g_col[10].u_pe      |       ae_pe_p2__548 |        105 |        104 |       0 |    1 |    209 |      0 |      0 |    0 |          1 |
|         (g_row[7].g_col[10].u_pe)  |       ae_pe_p2__548 |        102 |        102 |       0 |    0 |    168 |      0 |      0 |    0 |          0 |
|         u_mul                      | pack2_mult_dsp__548 |          3 |          2 |       0 |    1 |     41 |      0 |      0 |    0 |          1 |
|       g_row[7].g_col[11].u_pe      |       ae_pe_p2__532 |        105 |        104 |       0 |    1 |    209 |      0 |      0 |    0 |          1 |
|         (g_row[7].g_col[11].u_pe)  |       ae_pe_p2__532 |        102 |        102 |       0 |    0 |    168 |      0 |      0 |    0 |          0 |
|         u_mul                      | pack2_mult_dsp__532 |          3 |          2 |       0 |    1 |     41 |      0 |      0 |    0 |          1 |
|       g_row[7].g_col[12].u_pe      |       ae_pe_p2__531 |        105 |        104 |       0 |    1 |    209 |      0 |      0 |    0 |          1 |
|         (g_row[7].g_col[12].u_pe)  |       ae_pe_p2__531 |        102 |        102 |       0 |    0 |    168 |      0 |      0 |    0 |          0 |
|         u_mul                      | pack2_mult_dsp__531 |          3 |          2 |       0 |    1 |     41 |      0 |      0 |    0 |          1 |
|       g_row[7].g_col[13].u_pe      |       ae_pe_p2__583 |        105 |        104 |       0 |    1 |    209 |      0 |      0 |    0 |          1 |
|         (g_row[7].g_col[13].u_pe)  |       ae_pe_p2__583 |        102 |        102 |       0 |    0 |    168 |      0 |      0 |    0 |          0 |
|         u_mul                      | pack2_mult_dsp__583 |          3 |          2 |       0 |    1 |     41 |      0 |      0 |    0 |          1 |
|       g_row[7].g_col[14].u_pe      |       ae_pe_p2__582 |        105 |        104 |       0 |    1 |    209 |      0 |      0 |    0 |          1 |
|         (g_row[7].g_col[14].u_pe)  |       ae_pe_p2__582 |        102 |        102 |       0 |    0 |    168 |      0 |      0 |    0 |          0 |
|         u_mul                      | pack2_mult_dsp__582 |          3 |          2 |       0 |    1 |     41 |      0 |      0 |    0 |          1 |
|       g_row[7].g_col[15].u_pe      |       ae_pe_p2__598 |        105 |        104 |       0 |    1 |    209 |      0 |      0 |    0 |          1 |
|         (g_row[7].g_col[15].u_pe)  |       ae_pe_p2__598 |        102 |        102 |       0 |    0 |    168 |      0 |      0 |    0 |          0 |
|         u_mul                      | pack2_mult_dsp__598 |          3 |          2 |       0 |    1 |     41 |      0 |      0 |    0 |          1 |
|       g_row[7].g_col[16].u_pe      |       ae_pe_p2__301 |        105 |        104 |       0 |    1 |    209 |      0 |      0 |    0 |          1 |
|         (g_row[7].g_col[16].u_pe)  |       ae_pe_p2__301 |        102 |        102 |       0 |    0 |    168 |      0 |      0 |    0 |          0 |
|         u_mul                      | pack2_mult_dsp__301 |          3 |          2 |       0 |    1 |     41 |      0 |      0 |    0 |          1 |
|       g_row[7].g_col[17].u_pe      |       ae_pe_p2__393 |        105 |        104 |       0 |    1 |    209 |      0 |      0 |    0 |          1 |
|         (g_row[7].g_col[17].u_pe)  |       ae_pe_p2__393 |        102 |        102 |       0 |    0 |    168 |      0 |      0 |    0 |          0 |
|         u_mul                      | pack2_mult_dsp__393 |          3 |          2 |       0 |    1 |     41 |      0 |      0 |    0 |          1 |
|       g_row[7].g_col[18].u_pe      |       ae_pe_p2__394 |        105 |        104 |       0 |    1 |    209 |      0 |      0 |    0 |          1 |
|         (g_row[7].g_col[18].u_pe)  |       ae_pe_p2__394 |        102 |        102 |       0 |    0 |    168 |      0 |      0 |    0 |          0 |
|         u_mul                      | pack2_mult_dsp__394 |          3 |          2 |       0 |    1 |     41 |      0 |      0 |    0 |          1 |
|       g_row[7].g_col[19].u_pe      |       ae_pe_p2__396 |        105 |        104 |       0 |    1 |    209 |      0 |      0 |    0 |          1 |
|         (g_row[7].g_col[19].u_pe)  |       ae_pe_p2__396 |        102 |        102 |       0 |    0 |    168 |      0 |      0 |    0 |          0 |
|         u_mul                      | pack2_mult_dsp__396 |          3 |          2 |       0 |    1 |     41 |      0 |      0 |    0 |          1 |
|       g_row[7].g_col[1].u_pe       |       ae_pe_p2__448 |        105 |        104 |       0 |    1 |    209 |      0 |      0 |    0 |          1 |
|         (g_row[7].g_col[1].u_pe)   |       ae_pe_p2__448 |        102 |        102 |       0 |    0 |    168 |      0 |      0 |    0 |          0 |
|         u_mul                      | pack2_mult_dsp__448 |          3 |          2 |       0 |    1 |     41 |      0 |      0 |    0 |          1 |
|       g_row[7].g_col[20].u_pe      |       ae_pe_p2__691 |        105 |        104 |       0 |    1 |    209 |      0 |      0 |    0 |          1 |
|         (g_row[7].g_col[20].u_pe)  |       ae_pe_p2__691 |        102 |        102 |       0 |    0 |    168 |      0 |      0 |    0 |          0 |
|         u_mul                      | pack2_mult_dsp__691 |          3 |          2 |       0 |    1 |     41 |      0 |      0 |    0 |          1 |
|       g_row[7].g_col[21].u_pe      |       ae_pe_p2__690 |        105 |        104 |       0 |    1 |    209 |      0 |      0 |    0 |          1 |
|         (g_row[7].g_col[21].u_pe)  |       ae_pe_p2__690 |        102 |        102 |       0 |    0 |    168 |      0 |      0 |    0 |          0 |
|         u_mul                      | pack2_mult_dsp__690 |          3 |          2 |       0 |    1 |     41 |      0 |      0 |    0 |          1 |
|       g_row[7].g_col[22].u_pe      |       ae_pe_p2__765 |        105 |        104 |       0 |    1 |    209 |      0 |      0 |    0 |          1 |
|         (g_row[7].g_col[22].u_pe)  |       ae_pe_p2__765 |        102 |        102 |       0 |    0 |    168 |      0 |      0 |    0 |          0 |
|         u_mul                      | pack2_mult_dsp__765 |          3 |          2 |       0 |    1 |     41 |      0 |      0 |    0 |          1 |
|       g_row[7].g_col[23].u_pe      |       ae_pe_p2__714 |        105 |        104 |       0 |    1 |    209 |      0 |      0 |    0 |          1 |
|         (g_row[7].g_col[23].u_pe)  |       ae_pe_p2__714 |        102 |        102 |       0 |    0 |    168 |      0 |      0 |    0 |          0 |
|         u_mul                      | pack2_mult_dsp__714 |          3 |          2 |       0 |    1 |     41 |      0 |      0 |    0 |          1 |
|       g_row[7].g_col[24].u_pe      |       ae_pe_p2__713 |        105 |        104 |       0 |    1 |    209 |      0 |      0 |    0 |          1 |
|         (g_row[7].g_col[24].u_pe)  |       ae_pe_p2__713 |        102 |        102 |       0 |    0 |    168 |      0 |      0 |    0 |          0 |
|         u_mul                      | pack2_mult_dsp__713 |          3 |          2 |       0 |    1 |     41 |      0 |      0 |    0 |          1 |
|       g_row[7].g_col[25].u_pe      |       ae_pe_p2__739 |        105 |        104 |       0 |    1 |    209 |      0 |      0 |    0 |          1 |
|         (g_row[7].g_col[25].u_pe)  |       ae_pe_p2__739 |        102 |        102 |       0 |    0 |    168 |      0 |      0 |    0 |          0 |
|         u_mul                      | pack2_mult_dsp__739 |          3 |          2 |       0 |    1 |     41 |      0 |      0 |    0 |          1 |
|       g_row[7].g_col[26].u_pe      |       ae_pe_p2__239 |        105 |        104 |       0 |    1 |    209 |      0 |      0 |    0 |          1 |
|         (g_row[7].g_col[26].u_pe)  |       ae_pe_p2__239 |        102 |        102 |       0 |    0 |    168 |      0 |      0 |    0 |          0 |
|         u_mul                      | pack2_mult_dsp__239 |          3 |          2 |       0 |    1 |     41 |      0 |      0 |    0 |          1 |
|       g_row[7].g_col[27].u_pe      |       ae_pe_p2__238 |        105 |        104 |       0 |    1 |    209 |      0 |      0 |    0 |          1 |
|         (g_row[7].g_col[27].u_pe)  |       ae_pe_p2__238 |        102 |        102 |       0 |    0 |    168 |      0 |      0 |    0 |          0 |
|         u_mul                      | pack2_mult_dsp__238 |          3 |          2 |       0 |    1 |     41 |      0 |      0 |    0 |          1 |
|       g_row[7].g_col[28].u_pe      |       ae_pe_p2__201 |        105 |        104 |       0 |    1 |    209 |      0 |      0 |    0 |          1 |
|         (g_row[7].g_col[28].u_pe)  |       ae_pe_p2__201 |        102 |        102 |       0 |    0 |    168 |      0 |      0 |    0 |          0 |
|         u_mul                      | pack2_mult_dsp__201 |          3 |          2 |       0 |    1 |     41 |      0 |      0 |    0 |          1 |
|       g_row[7].g_col[29].u_pe      |       ae_pe_p2__165 |        105 |        104 |       0 |    1 |    209 |      0 |      0 |    0 |          1 |
|         (g_row[7].g_col[29].u_pe)  |       ae_pe_p2__165 |        102 |        102 |       0 |    0 |    168 |      0 |      0 |    0 |          0 |
|         u_mul                      | pack2_mult_dsp__165 |          3 |          2 |       0 |    1 |     41 |      0 |      0 |    0 |          1 |
|       g_row[7].g_col[2].u_pe       |       ae_pe_p2__449 |        105 |        104 |       0 |    1 |    209 |      0 |      0 |    0 |          1 |
|         (g_row[7].g_col[2].u_pe)   |       ae_pe_p2__449 |        102 |        102 |       0 |    0 |    168 |      0 |      0 |    0 |          0 |
|         u_mul                      | pack2_mult_dsp__449 |          3 |          2 |       0 |    1 |     41 |      0 |      0 |    0 |          1 |
|       g_row[7].g_col[30].u_pe      |       ae_pe_p2__166 |        105 |        104 |       0 |    1 |    209 |      0 |      0 |    0 |          1 |
|         (g_row[7].g_col[30].u_pe)  |       ae_pe_p2__166 |        102 |        102 |       0 |    0 |    168 |      0 |      0 |    0 |          0 |
|         u_mul                      | pack2_mult_dsp__166 |          3 |          2 |       0 |    1 |     41 |      0 |      0 |    0 |          1 |
|       g_row[7].g_col[31].u_pe      |       ae_pe_p2__173 |        105 |        104 |       0 |    1 |    209 |      0 |      0 |    0 |          1 |
|         (g_row[7].g_col[31].u_pe)  |       ae_pe_p2__173 |        102 |        102 |       0 |    0 |    168 |      0 |      0 |    0 |          0 |
|         u_mul                      | pack2_mult_dsp__173 |          3 |          2 |       0 |    1 |     41 |      0 |      0 |    0 |          1 |
|       g_row[7].g_col[32].u_pe      |        ae_pe_p2__46 |        105 |        104 |       0 |    1 |    209 |      0 |      0 |    0 |          1 |
|         (g_row[7].g_col[32].u_pe)  |        ae_pe_p2__46 |        102 |        102 |       0 |    0 |    168 |      0 |      0 |    0 |          0 |
|         u_mul                      |  pack2_mult_dsp__46 |          3 |          2 |       0 |    1 |     41 |      0 |      0 |    0 |          1 |
|       g_row[7].g_col[33].u_pe      |       ae_pe_p2__132 |        105 |        104 |       0 |    1 |    209 |      0 |      0 |    0 |          1 |
|         (g_row[7].g_col[33].u_pe)  |       ae_pe_p2__132 |        102 |        102 |       0 |    0 |    168 |      0 |      0 |    0 |          0 |
|         u_mul                      | pack2_mult_dsp__132 |          3 |          2 |       0 |    1 |     41 |      0 |      0 |    0 |          1 |
|       g_row[7].g_col[34].u_pe      |       ae_pe_p2__134 |        105 |        104 |       0 |    1 |    209 |      0 |      0 |    0 |          1 |
|         (g_row[7].g_col[34].u_pe)  |       ae_pe_p2__134 |        102 |        102 |       0 |    0 |    168 |      0 |      0 |    0 |          0 |
|         u_mul                      | pack2_mult_dsp__134 |          3 |          2 |       0 |    1 |     41 |      0 |      0 |    0 |          1 |
|       g_row[7].g_col[35].u_pe      |        ae_pe_p2__96 |        105 |        104 |       0 |    1 |    209 |      0 |      0 |    0 |          1 |
|         (g_row[7].g_col[35].u_pe)  |        ae_pe_p2__96 |        102 |        102 |       0 |    0 |    168 |      0 |      0 |    0 |          0 |
|         u_mul                      |  pack2_mult_dsp__96 |          3 |          2 |       0 |    1 |     41 |      0 |      0 |    0 |          1 |
|       g_row[7].g_col[36].u_pe      |        ae_pe_p2__95 |        105 |        104 |       0 |    1 |    209 |      0 |      0 |    0 |          1 |
|         (g_row[7].g_col[36].u_pe)  |        ae_pe_p2__95 |        102 |        102 |       0 |    0 |    168 |      0 |      0 |    0 |          0 |
|         u_mul                      |  pack2_mult_dsp__95 |          3 |          2 |       0 |    1 |     41 |      0 |      0 |    0 |          1 |
|       g_row[7].g_col[37].u_pe      |       ae_pe_p2__631 |        105 |        104 |       0 |    1 |    209 |      0 |      0 |    0 |          1 |
|         (g_row[7].g_col[37].u_pe)  |       ae_pe_p2__631 |        102 |        102 |       0 |    0 |    168 |      0 |      0 |    0 |          0 |
|         u_mul                      | pack2_mult_dsp__631 |          3 |          2 |       0 |    1 |     41 |      0 |      0 |    0 |          1 |
|       g_row[7].g_col[38].u_pe      |       ae_pe_p2__630 |        105 |        104 |       0 |    1 |    209 |      0 |      0 |    0 |          1 |
|         (g_row[7].g_col[38].u_pe)  |       ae_pe_p2__630 |        102 |        102 |       0 |    0 |    168 |      0 |      0 |    0 |          0 |
|         u_mul                      | pack2_mult_dsp__630 |          3 |          2 |       0 |    1 |     41 |      0 |      0 |    0 |          1 |
|       g_row[7].g_col[39].u_pe      |       ae_pe_p2__657 |        105 |        104 |       0 |    1 |    209 |      0 |      0 |    0 |          1 |
|         (g_row[7].g_col[39].u_pe)  |       ae_pe_p2__657 |        102 |        102 |       0 |    0 |    168 |      0 |      0 |    0 |          0 |
|         u_mul                      | pack2_mult_dsp__657 |          3 |          2 |       0 |    1 |     41 |      0 |      0 |    0 |          1 |
|       g_row[7].g_col[3].u_pe       |       ae_pe_p2__293 |        105 |        104 |       0 |    1 |    209 |      0 |      0 |    0 |          1 |
|         (g_row[7].g_col[3].u_pe)   |       ae_pe_p2__293 |        102 |        102 |       0 |    0 |    168 |      0 |      0 |    0 |          0 |
|         u_mul                      | pack2_mult_dsp__293 |          3 |          2 |       0 |    1 |     41 |      0 |      0 |    0 |          1 |
|       g_row[7].g_col[40].u_pe      |       ae_pe_p2__658 |        105 |        104 |       0 |    1 |    209 |      0 |      0 |    0 |          1 |
|         (g_row[7].g_col[40].u_pe)  |       ae_pe_p2__658 |        102 |        102 |       0 |    0 |    168 |      0 |      0 |    0 |          0 |
|         u_mul                      | pack2_mult_dsp__658 |          3 |          2 |       0 |    1 |     41 |      0 |      0 |    0 |          1 |
|       g_row[7].g_col[41].u_pe      |       ae_pe_p2__498 |        105 |        104 |       0 |    1 |    209 |      0 |      0 |    0 |          1 |
|         (g_row[7].g_col[41].u_pe)  |       ae_pe_p2__498 |        102 |        102 |       0 |    0 |    168 |      0 |      0 |    0 |          0 |
|         u_mul                      | pack2_mult_dsp__498 |          3 |          2 |       0 |    1 |     41 |      0 |      0 |    0 |          1 |
|       g_row[7].g_col[42].u_pe      |       ae_pe_p2__497 |        105 |        104 |       0 |    1 |    209 |      0 |      0 |    0 |          1 |
|         (g_row[7].g_col[42].u_pe)  |       ae_pe_p2__497 |        102 |        102 |       0 |    0 |    168 |      0 |      0 |    0 |          0 |
|         u_mul                      | pack2_mult_dsp__497 |          3 |          2 |       0 |    1 |     41 |      0 |      0 |    0 |          1 |
|       g_row[7].g_col[43].u_pe      |       ae_pe_p2__496 |        105 |        104 |       0 |    1 |    209 |      0 |      0 |    0 |          1 |
|         (g_row[7].g_col[43].u_pe)  |       ae_pe_p2__496 |        102 |        102 |       0 |    0 |    168 |      0 |      0 |    0 |          0 |
|         u_mul                      | pack2_mult_dsp__496 |          3 |          2 |       0 |    1 |     41 |      0 |      0 |    0 |          1 |
|       g_row[7].g_col[44].u_pe      |        ae_pe_p2__68 |        105 |        104 |       0 |    1 |    209 |      0 |      0 |    0 |          1 |
|         (g_row[7].g_col[44].u_pe)  |        ae_pe_p2__68 |        102 |        102 |       0 |    0 |    168 |      0 |      0 |    0 |          0 |
|         u_mul                      |  pack2_mult_dsp__68 |          3 |          2 |       0 |    1 |     41 |      0 |      0 |    0 |          1 |
|       g_row[7].g_col[45].u_pe      |        ae_pe_p2__17 |        105 |        104 |       0 |    1 |    209 |      0 |      0 |    0 |          1 |
|         (g_row[7].g_col[45].u_pe)  |        ae_pe_p2__17 |        102 |        102 |       0 |    0 |    168 |      0 |      0 |    0 |          0 |
|         u_mul                      |  pack2_mult_dsp__17 |          3 |          2 |       0 |    1 |     41 |      0 |      0 |    0 |          1 |
|       g_row[7].g_col[46].u_pe      |        ae_pe_p2__60 |        105 |        104 |       0 |    1 |    209 |      0 |      0 |    0 |          1 |
|         (g_row[7].g_col[46].u_pe)  |        ae_pe_p2__60 |        102 |        102 |       0 |    0 |    168 |      0 |      0 |    0 |          0 |
|         u_mul                      |  pack2_mult_dsp__60 |          3 |          2 |       0 |    1 |     41 |      0 |      0 |    0 |          1 |
|       g_row[7].g_col[47].u_pe      |        ae_pe_p2__76 |        105 |        104 |       0 |    1 |    208 |      0 |      0 |    0 |          1 |
|         (g_row[7].g_col[47].u_pe)  |        ae_pe_p2__76 |        102 |        102 |       0 |    0 |    167 |      0 |      0 |    0 |          0 |
|         u_mul                      |  pack2_mult_dsp__76 |          3 |          2 |       0 |    1 |     41 |      0 |      0 |    0 |          1 |
|       g_row[7].g_col[4].u_pe       |       ae_pe_p2__245 |        105 |        104 |       0 |    1 |    209 |      0 |      0 |    0 |          1 |
|         (g_row[7].g_col[4].u_pe)   |       ae_pe_p2__245 |        102 |        102 |       0 |    0 |    168 |      0 |      0 |    0 |          0 |
|         u_mul                      | pack2_mult_dsp__245 |          3 |          2 |       0 |    1 |     41 |      0 |      0 |    0 |          1 |
|       g_row[7].g_col[5].u_pe       |       ae_pe_p2__255 |        105 |        104 |       0 |    1 |    209 |      0 |      0 |    0 |          1 |
|         (g_row[7].g_col[5].u_pe)   |       ae_pe_p2__255 |        102 |        102 |       0 |    0 |    168 |      0 |      0 |    0 |          0 |
|         u_mul                      | pack2_mult_dsp__255 |          3 |          2 |       0 |    1 |     41 |      0 |      0 |    0 |          1 |
|       g_row[7].g_col[6].u_pe       |       ae_pe_p2__295 |        105 |        104 |       0 |    1 |    209 |      0 |      0 |    0 |          1 |
|         (g_row[7].g_col[6].u_pe)   |       ae_pe_p2__295 |        102 |        102 |       0 |    0 |    168 |      0 |      0 |    0 |          0 |
|         u_mul                      | pack2_mult_dsp__295 |          3 |          2 |       0 |    1 |     41 |      0 |      0 |    0 |          1 |
|       g_row[7].g_col[7].u_pe       |       ae_pe_p2__328 |        105 |        104 |       0 |    1 |    209 |      0 |      0 |    0 |          1 |
|         (g_row[7].g_col[7].u_pe)   |       ae_pe_p2__328 |        102 |        102 |       0 |    0 |    168 |      0 |      0 |    0 |          0 |
|         u_mul                      | pack2_mult_dsp__328 |          3 |          2 |       0 |    1 |     41 |      0 |      0 |    0 |          1 |
|       g_row[7].g_col[8].u_pe       |       ae_pe_p2__353 |        105 |        104 |       0 |    1 |    209 |      0 |      0 |    0 |          1 |
|         (g_row[7].g_col[8].u_pe)   |       ae_pe_p2__353 |        102 |        102 |       0 |    0 |    168 |      0 |      0 |    0 |          0 |
|         u_mul                      | pack2_mult_dsp__353 |          3 |          2 |       0 |    1 |     41 |      0 |      0 |    0 |          1 |
|       g_row[7].g_col[9].u_pe       |       ae_pe_p2__351 |        105 |        104 |       0 |    1 |    209 |      0 |      0 |    0 |          1 |
|         (g_row[7].g_col[9].u_pe)   |       ae_pe_p2__351 |        102 |        102 |       0 |    0 |    168 |      0 |      0 |    0 |          0 |
|         u_mul                      | pack2_mult_dsp__351 |          3 |          2 |       0 |    1 |     41 |      0 |      0 |    0 |          1 |
|       g_row[8].g_col[0].u_pe       |       ae_pe_p2__439 |        105 |        104 |       0 |    1 |    209 |      0 |      0 |    0 |          1 |
|         (g_row[8].g_col[0].u_pe)   |       ae_pe_p2__439 |        102 |        102 |       0 |    0 |    168 |      0 |      0 |    0 |          0 |
|         u_mul                      | pack2_mult_dsp__439 |          3 |          2 |       0 |    1 |     41 |      0 |      0 |    0 |          1 |
|       g_row[8].g_col[10].u_pe      |       ae_pe_p2__552 |        105 |        104 |       0 |    1 |    209 |      0 |      0 |    0 |          1 |
|         (g_row[8].g_col[10].u_pe)  |       ae_pe_p2__552 |        102 |        102 |       0 |    0 |    168 |      0 |      0 |    0 |          0 |
|         u_mul                      | pack2_mult_dsp__552 |          3 |          2 |       0 |    1 |     41 |      0 |      0 |    0 |          1 |
|       g_row[8].g_col[11].u_pe      |       ae_pe_p2__522 |        105 |        104 |       0 |    1 |    209 |      0 |      0 |    0 |          1 |
|         (g_row[8].g_col[11].u_pe)  |       ae_pe_p2__522 |        102 |        102 |       0 |    0 |    168 |      0 |      0 |    0 |          0 |
|         u_mul                      | pack2_mult_dsp__522 |          3 |          2 |       0 |    1 |     41 |      0 |      0 |    0 |          1 |
|       g_row[8].g_col[12].u_pe      |       ae_pe_p2__521 |        105 |        104 |       0 |    1 |    209 |      0 |      0 |    0 |          1 |
|         (g_row[8].g_col[12].u_pe)  |       ae_pe_p2__521 |        102 |        102 |       0 |    0 |    168 |      0 |      0 |    0 |          0 |
|         u_mul                      | pack2_mult_dsp__521 |          3 |          2 |       0 |    1 |     41 |      0 |      0 |    0 |          1 |
|       g_row[8].g_col[13].u_pe      |       ae_pe_p2__579 |        105 |        104 |       0 |    1 |    209 |      0 |      0 |    0 |          1 |
|         (g_row[8].g_col[13].u_pe)  |       ae_pe_p2__579 |        102 |        102 |       0 |    0 |    168 |      0 |      0 |    0 |          0 |
|         u_mul                      | pack2_mult_dsp__579 |          3 |          2 |       0 |    1 |     41 |      0 |      0 |    0 |          1 |
|       g_row[8].g_col[14].u_pe      |       ae_pe_p2__578 |        105 |        104 |       0 |    1 |    209 |      0 |      0 |    0 |          1 |
|         (g_row[8].g_col[14].u_pe)  |       ae_pe_p2__578 |        102 |        102 |       0 |    0 |    168 |      0 |      0 |    0 |          0 |
|         u_mul                      | pack2_mult_dsp__578 |          3 |          2 |       0 |    1 |     41 |      0 |      0 |    0 |          1 |
|       g_row[8].g_col[15].u_pe      |       ae_pe_p2__600 |        105 |        104 |       0 |    1 |    209 |      0 |      0 |    0 |          1 |
|         (g_row[8].g_col[15].u_pe)  |       ae_pe_p2__600 |        102 |        102 |       0 |    0 |    168 |      0 |      0 |    0 |          0 |
|         u_mul                      | pack2_mult_dsp__600 |          3 |          2 |       0 |    1 |     41 |      0 |      0 |    0 |          1 |
|       g_row[8].g_col[16].u_pe      |       ae_pe_p2__322 |        105 |        104 |       0 |    1 |    209 |      0 |      0 |    0 |          1 |
|         (g_row[8].g_col[16].u_pe)  |       ae_pe_p2__322 |        102 |        102 |       0 |    0 |    168 |      0 |      0 |    0 |          0 |
|         u_mul                      | pack2_mult_dsp__322 |          3 |          2 |       0 |    1 |     41 |      0 |      0 |    0 |          1 |
|       g_row[8].g_col[17].u_pe      |       ae_pe_p2__384 |        105 |        104 |       0 |    1 |    209 |      0 |      0 |    0 |          1 |
|         (g_row[8].g_col[17].u_pe)  |       ae_pe_p2__384 |        102 |        102 |       0 |    0 |    168 |      0 |      0 |    0 |          0 |
|         u_mul                      | pack2_mult_dsp__384 |          3 |          2 |       0 |    1 |     41 |      0 |      0 |    0 |          1 |
|       g_row[8].g_col[18].u_pe      |       ae_pe_p2__380 |        105 |        104 |       0 |    1 |    209 |      0 |      0 |    0 |          1 |
|         (g_row[8].g_col[18].u_pe)  |       ae_pe_p2__380 |        102 |        102 |       0 |    0 |    168 |      0 |      0 |    0 |          0 |
|         u_mul                      | pack2_mult_dsp__380 |          3 |          2 |       0 |    1 |     41 |      0 |      0 |    0 |          1 |
|       g_row[8].g_col[19].u_pe      |       ae_pe_p2__405 |        105 |        104 |       0 |    1 |    209 |      0 |      0 |    0 |          1 |
|         (g_row[8].g_col[19].u_pe)  |       ae_pe_p2__405 |        102 |        102 |       0 |    0 |    168 |      0 |      0 |    0 |          0 |
|         u_mul                      | pack2_mult_dsp__405 |          3 |          2 |       0 |    1 |     41 |      0 |      0 |    0 |          1 |
|       g_row[8].g_col[1].u_pe       |       ae_pe_p2__451 |        105 |        104 |       0 |    1 |    209 |      0 |      0 |    0 |          1 |
|         (g_row[8].g_col[1].u_pe)   |       ae_pe_p2__451 |        102 |        102 |       0 |    0 |    168 |      0 |      0 |    0 |          0 |
|         u_mul                      | pack2_mult_dsp__451 |          3 |          2 |       0 |    1 |     41 |      0 |      0 |    0 |          1 |
|       g_row[8].g_col[20].u_pe      |       ae_pe_p2__689 |        105 |        104 |       0 |    1 |    209 |      0 |      0 |    0 |          1 |
|         (g_row[8].g_col[20].u_pe)  |       ae_pe_p2__689 |        102 |        102 |       0 |    0 |    168 |      0 |      0 |    0 |          0 |
|         u_mul                      | pack2_mult_dsp__689 |          3 |          2 |       0 |    1 |     41 |      0 |      0 |    0 |          1 |
|       g_row[8].g_col[21].u_pe      |       ae_pe_p2__688 |        105 |        104 |       0 |    1 |    209 |      0 |      0 |    0 |          1 |
|         (g_row[8].g_col[21].u_pe)  |       ae_pe_p2__688 |        102 |        102 |       0 |    0 |    168 |      0 |      0 |    0 |          0 |
|         u_mul                      | pack2_mult_dsp__688 |          3 |          2 |       0 |    1 |     41 |      0 |      0 |    0 |          1 |
|       g_row[8].g_col[22].u_pe      |       ae_pe_p2__767 |        105 |        104 |       0 |    1 |    209 |      0 |      0 |    0 |          1 |
|         (g_row[8].g_col[22].u_pe)  |       ae_pe_p2__767 |        102 |        102 |       0 |    0 |    168 |      0 |      0 |    0 |          0 |
|         u_mul                      | pack2_mult_dsp__767 |          3 |          2 |       0 |    1 |     41 |      0 |      0 |    0 |          1 |
|       g_row[8].g_col[23].u_pe      |       ae_pe_p2__712 |        105 |        104 |       0 |    1 |    209 |      0 |      0 |    0 |          1 |
|         (g_row[8].g_col[23].u_pe)  |       ae_pe_p2__712 |        102 |        102 |       0 |    0 |    168 |      0 |      0 |    0 |          0 |
|         u_mul                      | pack2_mult_dsp__712 |          3 |          2 |       0 |    1 |     41 |      0 |      0 |    0 |          1 |
|       g_row[8].g_col[24].u_pe      |       ae_pe_p2__709 |        105 |        104 |       0 |    1 |    209 |      0 |      0 |    0 |          1 |
|         (g_row[8].g_col[24].u_pe)  |       ae_pe_p2__709 |        102 |        102 |       0 |    0 |    168 |      0 |      0 |    0 |          0 |
|         u_mul                      | pack2_mult_dsp__709 |          3 |          2 |       0 |    1 |     41 |      0 |      0 |    0 |          1 |
|       g_row[8].g_col[25].u_pe      |       ae_pe_p2__738 |        105 |        104 |       0 |    1 |    209 |      0 |      0 |    0 |          1 |
|         (g_row[8].g_col[25].u_pe)  |       ae_pe_p2__738 |        102 |        102 |       0 |    0 |    168 |      0 |      0 |    0 |          0 |
|         u_mul                      | pack2_mult_dsp__738 |          3 |          2 |       0 |    1 |     41 |      0 |      0 |    0 |          1 |
|       g_row[8].g_col[26].u_pe      |       ae_pe_p2__235 |        105 |        104 |       0 |    1 |    209 |      0 |      0 |    0 |          1 |
|         (g_row[8].g_col[26].u_pe)  |       ae_pe_p2__235 |        102 |        102 |       0 |    0 |    168 |      0 |      0 |    0 |          0 |
|         u_mul                      | pack2_mult_dsp__235 |          3 |          2 |       0 |    1 |     41 |      0 |      0 |    0 |          1 |
|       g_row[8].g_col[27].u_pe      |       ae_pe_p2__234 |        105 |        104 |       0 |    1 |    209 |      0 |      0 |    0 |          1 |
|         (g_row[8].g_col[27].u_pe)  |       ae_pe_p2__234 |        102 |        102 |       0 |    0 |    168 |      0 |      0 |    0 |          0 |
|         u_mul                      | pack2_mult_dsp__234 |          3 |          2 |       0 |    1 |     41 |      0 |      0 |    0 |          1 |
|       g_row[8].g_col[28].u_pe      |       ae_pe_p2__206 |        105 |        104 |       0 |    1 |    209 |      0 |      0 |    0 |          1 |
|         (g_row[8].g_col[28].u_pe)  |       ae_pe_p2__206 |        102 |        102 |       0 |    0 |    168 |      0 |      0 |    0 |          0 |
|         u_mul                      | pack2_mult_dsp__206 |          3 |          2 |       0 |    1 |     41 |      0 |      0 |    0 |          1 |
|       g_row[8].g_col[29].u_pe      |       ae_pe_p2__150 |        105 |        104 |       0 |    1 |    209 |      0 |      0 |    0 |          1 |
|         (g_row[8].g_col[29].u_pe)  |       ae_pe_p2__150 |        102 |        102 |       0 |    0 |    168 |      0 |      0 |    0 |          0 |
|         u_mul                      | pack2_mult_dsp__150 |          3 |          2 |       0 |    1 |     41 |      0 |      0 |    0 |          1 |
|       g_row[8].g_col[2].u_pe       |       ae_pe_p2__452 |        105 |        104 |       0 |    1 |    209 |      0 |      0 |    0 |          1 |
|         (g_row[8].g_col[2].u_pe)   |       ae_pe_p2__452 |        102 |        102 |       0 |    0 |    168 |      0 |      0 |    0 |          0 |
|         u_mul                      | pack2_mult_dsp__452 |          3 |          2 |       0 |    1 |     41 |      0 |      0 |    0 |          1 |
|       g_row[8].g_col[30].u_pe      |       ae_pe_p2__151 |        105 |        104 |       0 |    1 |    209 |      0 |      0 |    0 |          1 |
|         (g_row[8].g_col[30].u_pe)  |       ae_pe_p2__151 |        102 |        102 |       0 |    0 |    168 |      0 |      0 |    0 |          0 |
|         u_mul                      | pack2_mult_dsp__151 |          3 |          2 |       0 |    1 |     41 |      0 |      0 |    0 |          1 |
|       g_row[8].g_col[31].u_pe      |       ae_pe_p2__189 |        105 |        104 |       0 |    1 |    209 |      0 |      0 |    0 |          1 |
|         (g_row[8].g_col[31].u_pe)  |       ae_pe_p2__189 |        102 |        102 |       0 |    0 |    168 |      0 |      0 |    0 |          0 |
|         u_mul                      | pack2_mult_dsp__189 |          3 |          2 |       0 |    1 |     41 |      0 |      0 |    0 |          1 |
|       g_row[8].g_col[32].u_pe      |        ae_pe_p2__37 |        105 |        104 |       0 |    1 |    209 |      0 |      0 |    0 |          1 |
|         (g_row[8].g_col[32].u_pe)  |        ae_pe_p2__37 |        102 |        102 |       0 |    0 |    168 |      0 |      0 |    0 |          0 |
|         u_mul                      |  pack2_mult_dsp__37 |          3 |          2 |       0 |    1 |     41 |      0 |      0 |    0 |          1 |
|       g_row[8].g_col[33].u_pe      |       ae_pe_p2__125 |        105 |        104 |       0 |    1 |    209 |      0 |      0 |    0 |          1 |
|         (g_row[8].g_col[33].u_pe)  |       ae_pe_p2__125 |        102 |        102 |       0 |    0 |    168 |      0 |      0 |    0 |          0 |
|         u_mul                      | pack2_mult_dsp__125 |          3 |          2 |       0 |    1 |     41 |      0 |      0 |    0 |          1 |
|       g_row[8].g_col[34].u_pe      |       ae_pe_p2__124 |        105 |        104 |       0 |    1 |    209 |      0 |      0 |    0 |          1 |
|         (g_row[8].g_col[34].u_pe)  |       ae_pe_p2__124 |        102 |        102 |       0 |    0 |    168 |      0 |      0 |    0 |          0 |
|         u_mul                      | pack2_mult_dsp__124 |          3 |          2 |       0 |    1 |     41 |      0 |      0 |    0 |          1 |
|       g_row[8].g_col[35].u_pe      |       ae_pe_p2__104 |        105 |        104 |       0 |    1 |    209 |      0 |      0 |    0 |          1 |
|         (g_row[8].g_col[35].u_pe)  |       ae_pe_p2__104 |        102 |        102 |       0 |    0 |    168 |      0 |      0 |    0 |          0 |
|         u_mul                      | pack2_mult_dsp__104 |          3 |          2 |       0 |    1 |     41 |      0 |      0 |    0 |          1 |
|       g_row[8].g_col[36].u_pe      |       ae_pe_p2__100 |        105 |        104 |       0 |    1 |    209 |      0 |      0 |    0 |          1 |
|         (g_row[8].g_col[36].u_pe)  |       ae_pe_p2__100 |        102 |        102 |       0 |    0 |    168 |      0 |      0 |    0 |          0 |
|         u_mul                      | pack2_mult_dsp__100 |          3 |          2 |       0 |    1 |     41 |      0 |      0 |    0 |          1 |
|       g_row[8].g_col[37].u_pe      |       ae_pe_p2__609 |        105 |        104 |       0 |    1 |    209 |      0 |      0 |    0 |          1 |
|         (g_row[8].g_col[37].u_pe)  |       ae_pe_p2__609 |        102 |        102 |       0 |    0 |    168 |      0 |      0 |    0 |          0 |
|         u_mul                      | pack2_mult_dsp__609 |          3 |          2 |       0 |    1 |     41 |      0 |      0 |    0 |          1 |
|       g_row[8].g_col[38].u_pe      |       ae_pe_p2__612 |        105 |        104 |       0 |    1 |    209 |      0 |      0 |    0 |          1 |
|         (g_row[8].g_col[38].u_pe)  |       ae_pe_p2__612 |        102 |        102 |       0 |    0 |    168 |      0 |      0 |    0 |          0 |
|         u_mul                      | pack2_mult_dsp__612 |          3 |          2 |       0 |    1 |     41 |      0 |      0 |    0 |          1 |
|       g_row[8].g_col[39].u_pe      |       ae_pe_p2__660 |        105 |        104 |       0 |    1 |    209 |      0 |      0 |    0 |          1 |
|         (g_row[8].g_col[39].u_pe)  |       ae_pe_p2__660 |        102 |        102 |       0 |    0 |    168 |      0 |      0 |    0 |          0 |
|         u_mul                      | pack2_mult_dsp__660 |          3 |          2 |       0 |    1 |     41 |      0 |      0 |    0 |          1 |
|       g_row[8].g_col[3].u_pe       |       ae_pe_p2__314 |        105 |        104 |       0 |    1 |    209 |      0 |      0 |    0 |          1 |
|         (g_row[8].g_col[3].u_pe)   |       ae_pe_p2__314 |        102 |        102 |       0 |    0 |    168 |      0 |      0 |    0 |          0 |
|         u_mul                      | pack2_mult_dsp__314 |          3 |          2 |       0 |    1 |     41 |      0 |      0 |    0 |          1 |
|       g_row[8].g_col[40].u_pe      |       ae_pe_p2__661 |        105 |        104 |       0 |    1 |    209 |      0 |      0 |    0 |          1 |
|         (g_row[8].g_col[40].u_pe)  |       ae_pe_p2__661 |        102 |        102 |       0 |    0 |    168 |      0 |      0 |    0 |          0 |
|         u_mul                      | pack2_mult_dsp__661 |          3 |          2 |       0 |    1 |     41 |      0 |      0 |    0 |          1 |
|       g_row[8].g_col[41].u_pe      |       ae_pe_p2__504 |        105 |        104 |       0 |    1 |    209 |      0 |      0 |    0 |          1 |
|         (g_row[8].g_col[41].u_pe)  |       ae_pe_p2__504 |        102 |        102 |       0 |    0 |    168 |      0 |      0 |    0 |          0 |
|         u_mul                      | pack2_mult_dsp__504 |          3 |          2 |       0 |    1 |     41 |      0 |      0 |    0 |          1 |
|       g_row[8].g_col[42].u_pe      |       ae_pe_p2__478 |        105 |        104 |       0 |    1 |    209 |      0 |      0 |    0 |          1 |
|         (g_row[8].g_col[42].u_pe)  |       ae_pe_p2__478 |        102 |        102 |       0 |    0 |    168 |      0 |      0 |    0 |          0 |
|         u_mul                      | pack2_mult_dsp__478 |          3 |          2 |       0 |    1 |     41 |      0 |      0 |    0 |          1 |
|       g_row[8].g_col[43].u_pe      |       ae_pe_p2__477 |        105 |        104 |       0 |    1 |    209 |      0 |      0 |    0 |          1 |
|         (g_row[8].g_col[43].u_pe)  |       ae_pe_p2__477 |        102 |        102 |       0 |    0 |    168 |      0 |      0 |    0 |          0 |
|         u_mul                      | pack2_mult_dsp__477 |          3 |          2 |       0 |    1 |     41 |      0 |      0 |    0 |          1 |
|       g_row[8].g_col[44].u_pe      |        ae_pe_p2__14 |        105 |        104 |       0 |    1 |    209 |      0 |      0 |    0 |          1 |
|         (g_row[8].g_col[44].u_pe)  |        ae_pe_p2__14 |        102 |        102 |       0 |    0 |    168 |      0 |      0 |    0 |          0 |
|         u_mul                      |  pack2_mult_dsp__14 |          3 |          2 |       0 |    1 |     41 |      0 |      0 |    0 |          1 |
|       g_row[8].g_col[45].u_pe      |        ae_pe_p2__10 |        105 |        104 |       0 |    1 |    209 |      0 |      0 |    0 |          1 |
|         (g_row[8].g_col[45].u_pe)  |        ae_pe_p2__10 |        102 |        102 |       0 |    0 |    168 |      0 |      0 |    0 |          0 |
|         u_mul                      |  pack2_mult_dsp__10 |          3 |          2 |       0 |    1 |     41 |      0 |      0 |    0 |          1 |
|       g_row[8].g_col[46].u_pe      |        ae_pe_p2__56 |        105 |        104 |       0 |    1 |    209 |      0 |      0 |    0 |          1 |
|         (g_row[8].g_col[46].u_pe)  |        ae_pe_p2__56 |        102 |        102 |       0 |    0 |    168 |      0 |      0 |    0 |          0 |
|         u_mul                      |  pack2_mult_dsp__56 |          3 |          2 |       0 |    1 |     41 |      0 |      0 |    0 |          1 |
|       g_row[8].g_col[47].u_pe      |        ae_pe_p2__73 |        105 |        104 |       0 |    1 |    208 |      0 |      0 |    0 |          1 |
|         (g_row[8].g_col[47].u_pe)  |        ae_pe_p2__73 |        102 |        102 |       0 |    0 |    167 |      0 |      0 |    0 |          0 |
|         u_mul                      |  pack2_mult_dsp__73 |          3 |          2 |       0 |    1 |     41 |      0 |      0 |    0 |          1 |
|       g_row[8].g_col[4].u_pe       |       ae_pe_p2__249 |        105 |        104 |       0 |    1 |    209 |      0 |      0 |    0 |          1 |
|         (g_row[8].g_col[4].u_pe)   |       ae_pe_p2__249 |        102 |        102 |       0 |    0 |    168 |      0 |      0 |    0 |          0 |
|         u_mul                      | pack2_mult_dsp__249 |          3 |          2 |       0 |    1 |     41 |      0 |      0 |    0 |          1 |
|       g_row[8].g_col[5].u_pe       |       ae_pe_p2__246 |        105 |        104 |       0 |    1 |    209 |      0 |      0 |    0 |          1 |
|         (g_row[8].g_col[5].u_pe)   |       ae_pe_p2__246 |        102 |        102 |       0 |    0 |    168 |      0 |      0 |    0 |          0 |
|         u_mul                      | pack2_mult_dsp__246 |          3 |          2 |       0 |    1 |     41 |      0 |      0 |    0 |          1 |
|       g_row[8].g_col[6].u_pe       |       ae_pe_p2__310 |        105 |        104 |       0 |    1 |    209 |      0 |      0 |    0 |          1 |
|         (g_row[8].g_col[6].u_pe)   |       ae_pe_p2__310 |        102 |        102 |       0 |    0 |    168 |      0 |      0 |    0 |          0 |
|         u_mul                      | pack2_mult_dsp__310 |          3 |          2 |       0 |    1 |     41 |      0 |      0 |    0 |          1 |
|       g_row[8].g_col[7].u_pe       |       ae_pe_p2__324 |        105 |        104 |       0 |    1 |    209 |      0 |      0 |    0 |          1 |
|         (g_row[8].g_col[7].u_pe)   |       ae_pe_p2__324 |        102 |        102 |       0 |    0 |    168 |      0 |      0 |    0 |          0 |
|         u_mul                      | pack2_mult_dsp__324 |          3 |          2 |       0 |    1 |     41 |      0 |      0 |    0 |          1 |
|       g_row[8].g_col[8].u_pe       |       ae_pe_p2__342 |        105 |        104 |       0 |    1 |    209 |      0 |      0 |    0 |          1 |
|         (g_row[8].g_col[8].u_pe)   |       ae_pe_p2__342 |        102 |        102 |       0 |    0 |    168 |      0 |      0 |    0 |          0 |
|         u_mul                      | pack2_mult_dsp__342 |          3 |          2 |       0 |    1 |     41 |      0 |      0 |    0 |          1 |
|       g_row[8].g_col[9].u_pe       |       ae_pe_p2__341 |        105 |        104 |       0 |    1 |    209 |      0 |      0 |    0 |          1 |
|         (g_row[8].g_col[9].u_pe)   |       ae_pe_p2__341 |        102 |        102 |       0 |    0 |    168 |      0 |      0 |    0 |          0 |
|         u_mul                      | pack2_mult_dsp__341 |          3 |          2 |       0 |    1 |     41 |      0 |      0 |    0 |          1 |
|       g_row[9].g_col[0].u_pe       |       ae_pe_p2__430 |        105 |        104 |       0 |    1 |    209 |      0 |      0 |    0 |          1 |
|         (g_row[9].g_col[0].u_pe)   |       ae_pe_p2__430 |        102 |        102 |       0 |    0 |    168 |      0 |      0 |    0 |          0 |
|         u_mul                      | pack2_mult_dsp__430 |          3 |          2 |       0 |    1 |     41 |      0 |      0 |    0 |          1 |
|       g_row[9].g_col[10].u_pe      |       ae_pe_p2__553 |        105 |        104 |       0 |    1 |    209 |      0 |      0 |    0 |          1 |
|         (g_row[9].g_col[10].u_pe)  |       ae_pe_p2__553 |        102 |        102 |       0 |    0 |    168 |      0 |      0 |    0 |          0 |
|         u_mul                      | pack2_mult_dsp__553 |          3 |          2 |       0 |    1 |     41 |      0 |      0 |    0 |          1 |
|       g_row[9].g_col[11].u_pe      |       ae_pe_p2__519 |        105 |        104 |       0 |    1 |    209 |      0 |      0 |    0 |          1 |
|         (g_row[9].g_col[11].u_pe)  |       ae_pe_p2__519 |        102 |        102 |       0 |    0 |    168 |      0 |      0 |    0 |          0 |
|         u_mul                      | pack2_mult_dsp__519 |          3 |          2 |       0 |    1 |     41 |      0 |      0 |    0 |          1 |
|       g_row[9].g_col[12].u_pe      |       ae_pe_p2__518 |        105 |        104 |       0 |    1 |    209 |      0 |      0 |    0 |          1 |
|         (g_row[9].g_col[12].u_pe)  |       ae_pe_p2__518 |        102 |        102 |       0 |    0 |    168 |      0 |      0 |    0 |          0 |
|         u_mul                      | pack2_mult_dsp__518 |          3 |          2 |       0 |    1 |     41 |      0 |      0 |    0 |          1 |
|       g_row[9].g_col[13].u_pe      |       ae_pe_p2__576 |        105 |        104 |       0 |    1 |    209 |      0 |      0 |    0 |          1 |
|         (g_row[9].g_col[13].u_pe)  |       ae_pe_p2__576 |        102 |        102 |       0 |    0 |    168 |      0 |      0 |    0 |          0 |
|         u_mul                      | pack2_mult_dsp__576 |          3 |          2 |       0 |    1 |     41 |      0 |      0 |    0 |          1 |
|       g_row[9].g_col[14].u_pe      |       ae_pe_p2__571 |        105 |        104 |       0 |    1 |    209 |      0 |      0 |    0 |          1 |
|         (g_row[9].g_col[14].u_pe)  |       ae_pe_p2__571 |        102 |        102 |       0 |    0 |    168 |      0 |      0 |    0 |          0 |
|         u_mul                      | pack2_mult_dsp__571 |          3 |          2 |       0 |    1 |     41 |      0 |      0 |    0 |          1 |
|       g_row[9].g_col[15].u_pe      |       ae_pe_p2__603 |        105 |        104 |       0 |    1 |    209 |      0 |      0 |    0 |          1 |
|         (g_row[9].g_col[15].u_pe)  |       ae_pe_p2__603 |        102 |        102 |       0 |    0 |    168 |      0 |      0 |    0 |          0 |
|         u_mul                      | pack2_mult_dsp__603 |          3 |          2 |       0 |    1 |     41 |      0 |      0 |    0 |          1 |
|       g_row[9].g_col[16].u_pe      |       ae_pe_p2__336 |        105 |        104 |       0 |    1 |    209 |      0 |      0 |    0 |          1 |
|         (g_row[9].g_col[16].u_pe)  |       ae_pe_p2__336 |        102 |        102 |       0 |    0 |    168 |      0 |      0 |    0 |          0 |
|         u_mul                      | pack2_mult_dsp__336 |          3 |          2 |       0 |    1 |     41 |      0 |      0 |    0 |          1 |
|       g_row[9].g_col[17].u_pe      |       ae_pe_p2__387 |        105 |        104 |       0 |    1 |    209 |      0 |      0 |    0 |          1 |
|         (g_row[9].g_col[17].u_pe)  |       ae_pe_p2__387 |        102 |        102 |       0 |    0 |    168 |      0 |      0 |    0 |          0 |
|         u_mul                      | pack2_mult_dsp__387 |          3 |          2 |       0 |    1 |     41 |      0 |      0 |    0 |          1 |
|       g_row[9].g_col[18].u_pe      |       ae_pe_p2__388 |        105 |        104 |       0 |    1 |    209 |      0 |      0 |    0 |          1 |
|         (g_row[9].g_col[18].u_pe)  |       ae_pe_p2__388 |        102 |        102 |       0 |    0 |    168 |      0 |      0 |    0 |          0 |
|         u_mul                      | pack2_mult_dsp__388 |          3 |          2 |       0 |    1 |     41 |      0 |      0 |    0 |          1 |
|       g_row[9].g_col[19].u_pe      |       ae_pe_p2__398 |        105 |        104 |       0 |    1 |    209 |      0 |      0 |    0 |          1 |
|         (g_row[9].g_col[19].u_pe)  |       ae_pe_p2__398 |        102 |        102 |       0 |    0 |    168 |      0 |      0 |    0 |          0 |
|         u_mul                      | pack2_mult_dsp__398 |          3 |          2 |       0 |    1 |     41 |      0 |      0 |    0 |          1 |
|       g_row[9].g_col[1].u_pe       |       ae_pe_p2__456 |        105 |        104 |       0 |    1 |    209 |      0 |      0 |    0 |          1 |
|         (g_row[9].g_col[1].u_pe)   |       ae_pe_p2__456 |        102 |        102 |       0 |    0 |    168 |      0 |      0 |    0 |          0 |
|         u_mul                      | pack2_mult_dsp__456 |          3 |          2 |       0 |    1 |     41 |      0 |      0 |    0 |          1 |
|       g_row[9].g_col[20].u_pe      |       ae_pe_p2__687 |        105 |        104 |       0 |    1 |    209 |      0 |      0 |    0 |          1 |
|         (g_row[9].g_col[20].u_pe)  |       ae_pe_p2__687 |        102 |        102 |       0 |    0 |    168 |      0 |      0 |    0 |          0 |
|         u_mul                      | pack2_mult_dsp__687 |          3 |          2 |       0 |    1 |     41 |      0 |      0 |    0 |          1 |
|       g_row[9].g_col[21].u_pe      |       ae_pe_p2__686 |        105 |        104 |       0 |    1 |    209 |      0 |      0 |    0 |          1 |
|         (g_row[9].g_col[21].u_pe)  |       ae_pe_p2__686 |        102 |        102 |       0 |    0 |    168 |      0 |      0 |    0 |          0 |
|         u_mul                      | pack2_mult_dsp__686 |          3 |          2 |       0 |    1 |     41 |      0 |      0 |    0 |          1 |
|       g_row[9].g_col[22].u_pe      |            ae_pe_p2 |        105 |        104 |       0 |    1 |    209 |      0 |      0 |    0 |          1 |
|         (g_row[9].g_col[22].u_pe)  |            ae_pe_p2 |        102 |        102 |       0 |    0 |    168 |      0 |      0 |    0 |          0 |
|         u_mul                      |      pack2_mult_dsp |          3 |          2 |       0 |    1 |     41 |      0 |      0 |    0 |          1 |
|       g_row[9].g_col[23].u_pe      |       ae_pe_p2__706 |        105 |        104 |       0 |    1 |    209 |      0 |      0 |    0 |          1 |
|         (g_row[9].g_col[23].u_pe)  |       ae_pe_p2__706 |        102 |        102 |       0 |    0 |    168 |      0 |      0 |    0 |          0 |
|         u_mul                      | pack2_mult_dsp__706 |          3 |          2 |       0 |    1 |     41 |      0 |      0 |    0 |          1 |
|       g_row[9].g_col[24].u_pe      |       ae_pe_p2__705 |        105 |        104 |       0 |    1 |    209 |      0 |      0 |    0 |          1 |
|         (g_row[9].g_col[24].u_pe)  |       ae_pe_p2__705 |        102 |        102 |       0 |    0 |    168 |      0 |      0 |    0 |          0 |
|         u_mul                      | pack2_mult_dsp__705 |          3 |          2 |       0 |    1 |     41 |      0 |      0 |    0 |          1 |
|       g_row[9].g_col[25].u_pe      |       ae_pe_p2__737 |        105 |        104 |       0 |    1 |    209 |      0 |      0 |    0 |          1 |
|         (g_row[9].g_col[25].u_pe)  |       ae_pe_p2__737 |        102 |        102 |       0 |    0 |    168 |      0 |      0 |    0 |          0 |
|         u_mul                      | pack2_mult_dsp__737 |          3 |          2 |       0 |    1 |     41 |      0 |      0 |    0 |          1 |
|       g_row[9].g_col[26].u_pe      |       ae_pe_p2__227 |        105 |        104 |       0 |    1 |    209 |      0 |      0 |    0 |          1 |
|         (g_row[9].g_col[26].u_pe)  |       ae_pe_p2__227 |        102 |        102 |       0 |    0 |    168 |      0 |      0 |    0 |          0 |
|         u_mul                      | pack2_mult_dsp__227 |          3 |          2 |       0 |    1 |     41 |      0 |      0 |    0 |          1 |
|       g_row[9].g_col[27].u_pe      |       ae_pe_p2__223 |        105 |        104 |       0 |    1 |    209 |      0 |      0 |    0 |          1 |
|         (g_row[9].g_col[27].u_pe)  |       ae_pe_p2__223 |        102 |        102 |       0 |    0 |    168 |      0 |      0 |    0 |          0 |
|         u_mul                      | pack2_mult_dsp__223 |          3 |          2 |       0 |    1 |     41 |      0 |      0 |    0 |          1 |
|       g_row[9].g_col[28].u_pe      |       ae_pe_p2__218 |        105 |        104 |       0 |    1 |    209 |      0 |      0 |    0 |          1 |
|         (g_row[9].g_col[28].u_pe)  |       ae_pe_p2__218 |        102 |        102 |       0 |    0 |    168 |      0 |      0 |    0 |          0 |
|         u_mul                      | pack2_mult_dsp__218 |          3 |          2 |       0 |    1 |     41 |      0 |      0 |    0 |          1 |
|       g_row[9].g_col[29].u_pe      |       ae_pe_p2__162 |        105 |        104 |       0 |    1 |    209 |      0 |      0 |    0 |          1 |
|         (g_row[9].g_col[29].u_pe)  |       ae_pe_p2__162 |        102 |        102 |       0 |    0 |    168 |      0 |      0 |    0 |          0 |
|         u_mul                      | pack2_mult_dsp__162 |          3 |          2 |       0 |    1 |     41 |      0 |      0 |    0 |          1 |
|       g_row[9].g_col[2].u_pe       |       ae_pe_p2__457 |        105 |        104 |       0 |    1 |    209 |      0 |      0 |    0 |          1 |
|         (g_row[9].g_col[2].u_pe)   |       ae_pe_p2__457 |        102 |        102 |       0 |    0 |    168 |      0 |      0 |    0 |          0 |
|         u_mul                      | pack2_mult_dsp__457 |          3 |          2 |       0 |    1 |     41 |      0 |      0 |    0 |          1 |
|       g_row[9].g_col[30].u_pe      |       ae_pe_p2__163 |        105 |        104 |       0 |    1 |    209 |      0 |      0 |    0 |          1 |
|         (g_row[9].g_col[30].u_pe)  |       ae_pe_p2__163 |        102 |        102 |       0 |    0 |    168 |      0 |      0 |    0 |          0 |
|         u_mul                      | pack2_mult_dsp__163 |          3 |          2 |       0 |    1 |     41 |      0 |      0 |    0 |          1 |
|       g_row[9].g_col[31].u_pe      |       ae_pe_p2__176 |        105 |        104 |       0 |    1 |    209 |      0 |      0 |    0 |          1 |
|         (g_row[9].g_col[31].u_pe)  |       ae_pe_p2__176 |        102 |        102 |       0 |    0 |    168 |      0 |      0 |    0 |          0 |
|         u_mul                      | pack2_mult_dsp__176 |          3 |          2 |       0 |    1 |     41 |      0 |      0 |    0 |          1 |
|       g_row[9].g_col[32].u_pe      |        ae_pe_p2__41 |        105 |        104 |       0 |    1 |    209 |      0 |      0 |    0 |          1 |
|         (g_row[9].g_col[32].u_pe)  |        ae_pe_p2__41 |        102 |        102 |       0 |    0 |    168 |      0 |      0 |    0 |          0 |
|         u_mul                      |  pack2_mult_dsp__41 |          3 |          2 |       0 |    1 |     41 |      0 |      0 |    0 |          1 |
|       g_row[9].g_col[33].u_pe      |       ae_pe_p2__144 |        105 |        104 |       0 |    1 |    209 |      0 |      0 |    0 |          1 |
|         (g_row[9].g_col[33].u_pe)  |       ae_pe_p2__144 |        102 |        102 |       0 |    0 |    168 |      0 |      0 |    0 |          0 |
|         u_mul                      | pack2_mult_dsp__144 |          3 |          2 |       0 |    1 |     41 |      0 |      0 |    0 |          1 |
|       g_row[9].g_col[34].u_pe      |       ae_pe_p2__118 |        105 |        104 |       0 |    1 |    209 |      0 |      0 |    0 |          1 |
|         (g_row[9].g_col[34].u_pe)  |       ae_pe_p2__118 |        102 |        102 |       0 |    0 |    168 |      0 |      0 |    0 |          0 |
|         u_mul                      | pack2_mult_dsp__118 |          3 |          2 |       0 |    1 |     41 |      0 |      0 |    0 |          1 |
|       g_row[9].g_col[35].u_pe      |        ae_pe_p2__85 |        105 |        104 |       0 |    1 |    209 |      0 |      0 |    0 |          1 |
|         (g_row[9].g_col[35].u_pe)  |        ae_pe_p2__85 |        102 |        102 |       0 |    0 |    168 |      0 |      0 |    0 |          0 |
|         u_mul                      |  pack2_mult_dsp__85 |          3 |          2 |       0 |    1 |     41 |      0 |      0 |    0 |          1 |
|       g_row[9].g_col[36].u_pe      |        ae_pe_p2__90 |        105 |        104 |       0 |    1 |    209 |      0 |      0 |    0 |          1 |
|         (g_row[9].g_col[36].u_pe)  |        ae_pe_p2__90 |        102 |        102 |       0 |    0 |    168 |      0 |      0 |    0 |          0 |
|         u_mul                      |  pack2_mult_dsp__90 |          3 |          2 |       0 |    1 |     41 |      0 |      0 |    0 |          1 |
|       g_row[9].g_col[37].u_pe      |       ae_pe_p2__643 |        105 |        104 |       0 |    1 |    209 |      0 |      0 |    0 |          1 |
|         (g_row[9].g_col[37].u_pe)  |       ae_pe_p2__643 |        102 |        102 |       0 |    0 |    168 |      0 |      0 |    0 |          0 |
|         u_mul                      | pack2_mult_dsp__643 |          3 |          2 |       0 |    1 |     41 |      0 |      0 |    0 |          1 |
|       g_row[9].g_col[38].u_pe      |       ae_pe_p2__616 |        105 |        104 |       0 |    1 |    209 |      0 |      0 |    0 |          1 |
|         (g_row[9].g_col[38].u_pe)  |       ae_pe_p2__616 |        102 |        102 |       0 |    0 |    168 |      0 |      0 |    0 |          0 |
|         u_mul                      | pack2_mult_dsp__616 |          3 |          2 |       0 |    1 |     41 |      0 |      0 |    0 |          1 |
|       g_row[9].g_col[39].u_pe      |       ae_pe_p2__662 |        105 |        104 |       0 |    1 |    209 |      0 |      0 |    0 |          1 |
|         (g_row[9].g_col[39].u_pe)  |       ae_pe_p2__662 |        102 |        102 |       0 |    0 |    168 |      0 |      0 |    0 |          0 |
|         u_mul                      | pack2_mult_dsp__662 |          3 |          2 |       0 |    1 |     41 |      0 |      0 |    0 |          1 |
|       g_row[9].g_col[3].u_pe       |       ae_pe_p2__308 |        105 |        104 |       0 |    1 |    209 |      0 |      0 |    0 |          1 |
|         (g_row[9].g_col[3].u_pe)   |       ae_pe_p2__308 |        102 |        102 |       0 |    0 |    168 |      0 |      0 |    0 |          0 |
|         u_mul                      | pack2_mult_dsp__308 |          3 |          2 |       0 |    1 |     41 |      0 |      0 |    0 |          1 |
|       g_row[9].g_col[40].u_pe      |       ae_pe_p2__664 |        105 |        104 |       0 |    1 |    209 |      0 |      0 |    0 |          1 |
|         (g_row[9].g_col[40].u_pe)  |       ae_pe_p2__664 |        102 |        102 |       0 |    0 |    168 |      0 |      0 |    0 |          0 |
|         u_mul                      | pack2_mult_dsp__664 |          3 |          2 |       0 |    1 |     41 |      0 |      0 |    0 |          1 |
|       g_row[9].g_col[41].u_pe      |       ae_pe_p2__507 |        105 |        104 |       0 |    1 |    209 |      0 |      0 |    0 |          1 |
|         (g_row[9].g_col[41].u_pe)  |       ae_pe_p2__507 |        102 |        102 |       0 |    0 |    168 |      0 |      0 |    0 |          0 |
|         u_mul                      | pack2_mult_dsp__507 |          3 |          2 |       0 |    1 |     41 |      0 |      0 |    0 |          1 |
|       g_row[9].g_col[42].u_pe      |       ae_pe_p2__476 |        105 |        104 |       0 |    1 |    209 |      0 |      0 |    0 |          1 |
|         (g_row[9].g_col[42].u_pe)  |       ae_pe_p2__476 |        102 |        102 |       0 |    0 |    168 |      0 |      0 |    0 |          0 |
|         u_mul                      | pack2_mult_dsp__476 |          3 |          2 |       0 |    1 |     41 |      0 |      0 |    0 |          1 |
|       g_row[9].g_col[43].u_pe      |       ae_pe_p2__473 |        105 |        104 |       0 |    1 |    209 |      0 |      0 |    0 |          1 |
|         (g_row[9].g_col[43].u_pe)  |       ae_pe_p2__473 |        102 |        102 |       0 |    0 |    168 |      0 |      0 |    0 |          0 |
|         u_mul                      | pack2_mult_dsp__473 |          3 |          2 |       0 |    1 |     41 |      0 |      0 |    0 |          1 |
|       g_row[9].g_col[44].u_pe      |        ae_pe_p2__29 |        105 |        104 |       0 |    1 |    209 |      0 |      0 |    0 |          1 |
|         (g_row[9].g_col[44].u_pe)  |        ae_pe_p2__29 |        102 |        102 |       0 |    0 |    168 |      0 |      0 |    0 |          0 |
|         u_mul                      |  pack2_mult_dsp__29 |          3 |          2 |       0 |    1 |     41 |      0 |      0 |    0 |          1 |
|       g_row[9].g_col[45].u_pe      |        ae_pe_p2__30 |        105 |        104 |       0 |    1 |    209 |      0 |      0 |    0 |          1 |
|         (g_row[9].g_col[45].u_pe)  |        ae_pe_p2__30 |        102 |        102 |       0 |    0 |    168 |      0 |      0 |    0 |          0 |
|         u_mul                      |  pack2_mult_dsp__30 |          3 |          2 |       0 |    1 |     41 |      0 |      0 |    0 |          1 |
|       g_row[9].g_col[46].u_pe      |        ae_pe_p2__59 |        105 |        104 |       0 |    1 |    209 |      0 |      0 |    0 |          1 |
|         (g_row[9].g_col[46].u_pe)  |        ae_pe_p2__59 |        102 |        102 |       0 |    0 |    168 |      0 |      0 |    0 |          0 |
|         u_mul                      |  pack2_mult_dsp__59 |          3 |          2 |       0 |    1 |     41 |      0 |      0 |    0 |          1 |
|       g_row[9].g_col[47].u_pe      |        ae_pe_p2__72 |        105 |        104 |       0 |    1 |    208 |      0 |      0 |    0 |          1 |
|         (g_row[9].g_col[47].u_pe)  |        ae_pe_p2__72 |        102 |        102 |       0 |    0 |    167 |      0 |      0 |    0 |          0 |
|         u_mul                      |  pack2_mult_dsp__72 |          3 |          2 |       0 |    1 |     41 |      0 |      0 |    0 |          1 |
|       g_row[9].g_col[4].u_pe       |       ae_pe_p2__252 |        105 |        104 |       0 |    1 |    209 |      0 |      0 |    0 |          1 |
|         (g_row[9].g_col[4].u_pe)   |       ae_pe_p2__252 |        102 |        102 |       0 |    0 |    168 |      0 |      0 |    0 |          0 |
|         u_mul                      | pack2_mult_dsp__252 |          3 |          2 |       0 |    1 |     41 |      0 |      0 |    0 |          1 |
|       g_row[9].g_col[5].u_pe       |       ae_pe_p2__253 |        105 |        104 |       0 |    1 |    209 |      0 |      0 |    0 |          1 |
|         (g_row[9].g_col[5].u_pe)   |       ae_pe_p2__253 |        102 |        102 |       0 |    0 |    168 |      0 |      0 |    0 |          0 |
|         u_mul                      | pack2_mult_dsp__253 |          3 |          2 |       0 |    1 |     41 |      0 |      0 |    0 |          1 |
|       g_row[9].g_col[6].u_pe       |       ae_pe_p2__313 |        105 |        104 |       0 |    1 |    209 |      0 |      0 |    0 |          1 |
|         (g_row[9].g_col[6].u_pe)   |       ae_pe_p2__313 |        102 |        102 |       0 |    0 |    168 |      0 |      0 |    0 |          0 |
|         u_mul                      | pack2_mult_dsp__313 |          3 |          2 |       0 |    1 |     41 |      0 |      0 |    0 |          1 |
|       g_row[9].g_col[7].u_pe       |       ae_pe_p2__317 |        105 |        104 |       0 |    1 |    209 |      0 |      0 |    0 |          1 |
|         (g_row[9].g_col[7].u_pe)   |       ae_pe_p2__317 |        102 |        102 |       0 |    0 |    168 |      0 |      0 |    0 |          0 |
|         u_mul                      | pack2_mult_dsp__317 |          3 |          2 |       0 |    1 |     41 |      0 |      0 |    0 |          1 |
|       g_row[9].g_col[8].u_pe       |       ae_pe_p2__279 |        105 |        104 |       0 |    1 |    209 |      0 |      0 |    0 |          1 |
|         (g_row[9].g_col[8].u_pe)   |       ae_pe_p2__279 |        102 |        102 |       0 |    0 |    168 |      0 |      0 |    0 |          0 |
|         u_mul                      | pack2_mult_dsp__279 |          3 |          2 |       0 |    1 |     41 |      0 |      0 |    0 |          1 |
|       g_row[9].g_col[9].u_pe       |       ae_pe_p2__348 |        105 |        104 |       0 |    1 |    209 |      0 |      0 |    0 |          1 |
|         (g_row[9].g_col[9].u_pe)   |       ae_pe_p2__348 |        102 |        102 |       0 |    0 |    168 |      0 |      0 |    0 |          0 |
|         u_mul                      | pack2_mult_dsp__348 |          3 |          2 |       0 |    1 |     41 |      0 |      0 |    0 |          1 |
+------------------------------------+---------------------+------------+------------+---------+------+--------+--------+--------+------+------------+


