mode,key,scope,numel,bytes_w8,save_g128,save_pt,djpos_vs_w8,jpos_direct_vs_w8,local_rel,jpos_vs_fp
w4g128,backbone_3d.patch_embed.projection,vision_3d,256,256,96,124,0.02408,0.03075,0.10047,0.04231
w4g128,backbone_3d.stages.0.blocks.0.ffn.layers.1,vision_3d,1024,1024,480,508,0.00741,0.01113,0.05354,0.02564
w4g128,backbone_3d.stages.1.blocks.0.ffn.layers.1,vision_3d,4096,4096,1984,2044,0.00725,0.01118,0.09784,0.02548
w4g128,backbone.stages.3.blocks.1.ffn.layers.1,vision_2d,2359296,2359296,1142784,1179644,0.00681,0.01012,0.14709,0.02504
w4g128,backbone_3d.stages.0.downsample.reduction,vision_3d,2048,2048,960,1020,0.00673,0.01064,0.09437,0.02496
w4g128,feature_enhancer.img_attn_blocks.2.ffn.layers.0.0,fusion,524288,524288,253952,262140,0.00661,0.00988,0.06023,0.02484
w4g128,feature_enhancer.img_attn_blocks.1.ffn.layers.0.0,fusion,524288,524288,253952,262140,0.00599,0.00868,0.07311,0.02422
w4g128,feature_enhancer.img_attn_blocks.0.ffn.layers.1,fusion,524288,524288,253952,262140,0.00593,0.00900,0.09611,0.02416
w4g128,text_encoder.language_backbone.body.model.encoder.layer.8.output.dense,text_bert,2359296,2359296,1142784,1179644,0.00586,0.00834,0.07912,0.02409
w4g128,backbone.stages.2.blocks.0.attn.w_msa.proj,vision_2d,147456,147456,71424,73724,0.00572,0.00872,0.08586,0.02395
w4g128,feature_enhancer.img_attn_blocks.4.self_attn.attention_weights,fusion,32768,32768,15872,16380,0.00549,0.00884,0.06753,0.02372
w4g128,text_encoder.language_backbone.body.model.encoder.layer.2.attention.self.key,text_bert,589824,589824,285696,294908,0.00512,0.00820,0.07272,0.02335
w4g128,feature_enhancer.img_attn_blocks.2.self_attn.output_proj,fusion,65536,65536,31744,32764,0.00504,0.00875,0.08841,0.02327
w4g128,feature_enhancer.img_attn_blocks.3.self_attn.output_proj,fusion,65536,65536,31744,32764,0.00488,0.00793,0.07860,0.02311
w4g128,backbone.stages.2.blocks.1.attn.w_msa.qkv,vision_2d,442368,442368,214272,221180,0.00464,0.00732,0.07261,0.02288
w4g128,backbone.stages.1.downsample.reduction,vision_2d,294912,294912,142848,147452,0.00450,0.00823,0.09547,0.02273
w4g128,feature_enhancer.img_attn_blocks.0.self_attn.output_proj,fusion,65536,65536,31744,32764,0.00449,0.00753,0.10055,0.02272
w4g128,decoder.head.convs.0,action_head,98304,98304,47616,49148,-0.00442,0.00954,0.08617,0.01381
w4g128,feature_enhancer.text_img_attn_blocks.1.attn.v_proj,fusion,262144,262144,126976,131068,0.00440,0.00806,0.09048,0.02263
w4g128,backbone.stages.3.blocks.1.ffn.layers.0.0,vision_2d,2359296,2359296,1142784,1179644,0.00438,0.00787,0.04511,0.02261
w4g128,backbone.stages.2.blocks.3.ffn.layers.0.0,vision_2d,589824,589824,285696,294908,0.00437,0.00778,0.05869,0.02260
w4g128,backbone.stages.2.blocks.5.attn.w_msa.proj,vision_2d,147456,147456,71424,73724,0.00435,0.00711,0.15943,0.02258
w4g128,backbone.stages.1.blocks.1.attn.w_msa.proj,vision_2d,36864,36864,17664,18428,0.00428,0.00873,0.10148,0.02252
w4g128,text_encoder.language_backbone.body.model.encoder.layer.0.attention.self.value,text_bert,589824,589824,285696,294908,0.00422,0.00789,0.08781,0.02245
w4g128,feature_enhancer.text_img_attn_blocks.1.attn.l_proj,fusion,262144,262144,126976,131068,0.00403,0.00691,0.10883,0.02226
w4g128,text_encoder.language_backbone.body.model.encoder.layer.8.intermediate.dense,text_bert,2359296,2359296,1142784,1179644,0.00394,0.00745,0.09320,0.02217
w4g128,text_encoder.language_backbone.body.model.encoder.layer.4.attention.self.key,text_bert,589824,589824,285696,294908,0.00391,0.00759,0.07406,0.02215
w4g128,feature_enhancer.img_attn_blocks.0.self_attn.value_proj,fusion,65536,65536,31744,32764,0.00390,0.00732,0.10424,0.02213
w4g128,feature_enhancer.text_img_attn_blocks.0.attn.out_v_proj,fusion,262144,262144,126976,131068,0.00388,0.00732,0.04400,0.02211
w4g128,backbone.stages.2.blocks.3.attn.w_msa.proj,vision_2d,147456,147456,71424,73724,0.00387,0.00667,0.11224,0.02210
w4g128,text_encoder.language_backbone.body.model.encoder.layer.11.attention.self.key,text_bert,589824,589824,285696,294908,0.00386,0.00740,0.07275,0.02209
w4g128,text_encoder.language_backbone.body.model.encoder.layer.3.attention.output.dense,text_bert,589824,589824,285696,294908,0.00386,0.00720,0.08662,0.02209
w4g128,text_encoder.language_backbone.body.model.encoder.layer.11.attention.self.value,text_bert,589824,589824,285696,294908,0.00384,0.00751,0.08993,0.02207
w4g128,text_encoder.language_backbone.body.model.encoder.layer.1.output.dense,text_bert,2359296,2359296,1142784,1179644,0.00378,0.00734,0.07233,0.02201
w4g128,feature_enhancer.text_img_attn_blocks.2.attn.values_v_proj,fusion,262144,262144,126976,131068,0.00377,0.00757,0.09110,0.02200
w4g128,feature_enhancer.text_img_attn_blocks.1.attn.out_v_proj,fusion,262144,262144,126976,131068,0.00375,0.00694,0.03633,0.02198
w4g128,text_encoder.language_backbone.body.model.encoder.layer.11.attention.output.dense,text_bert,589824,589824,285696,294908,0.00373,0.00706,0.08834,0.02196
w4g128,text_encoder.language_backbone.body.model.encoder.layer.4.attention.self.query,text_bert,589824,589824,285696,294908,0.00370,0.00685,0.07635,0.02193
w4g128,feature_enhancer.text_attn_blocks.1.ffn.layers.1,fusion,262144,262144,126976,131068,0.00369,0.00807,0.10446,0.02192
w4g128,feature_enhancer.text_img_attn_blocks.4.attn.v_proj,fusion,262144,262144,126976,131068,0.00364,0.00685,0.09048,0.02187
w4g128,text_encoder.language_backbone.body.model.encoder.layer.6.output.dense,text_bert,2359296,2359296,1142784,1179644,0.00353,0.00697,0.08517,0.02176
w4g128,feature_enhancer.text_img_attn_blocks.0.attn.values_l_proj,fusion,262144,262144,126976,131068,0.00353,0.00645,0.10132,0.02176
w4g128,text_feat_map,?,196608,196608,95232,98300,0.00350,0.00716,0.05444,0.02174
w4g128,feature_enhancer.text_attn_blocks.0.ffn.layers.1,fusion,262144,262144,126976,131068,0.00347,0.00748,0.10924,0.02170
w4g128,text_encoder.language_backbone.body.model.encoder.layer.0.attention.self.query,text_bert,589824,589824,285696,294908,0.00337,0.00659,0.07418,0.02160
w4g128,feature_enhancer.img_attn_blocks.0.self_attn.sampling_offsets,fusion,65536,65536,31744,32764,0.00337,0.00699,0.05206,0.02160
w4g128,feature_enhancer.img_attn_blocks.5.ffn.layers.0.0,fusion,524288,524288,253952,262140,0.00336,0.00652,0.05686,0.02159
w4g128,text_encoder.language_backbone.body.model.encoder.layer.3.attention.self.key,text_bert,589824,589824,285696,294908,0.00328,0.00660,0.07450,0.02151
w4g128,feature_enhancer.text_img_attn_blocks.1.attn.values_v_proj,fusion,262144,262144,126976,131068,0.00328,0.00639,0.09092,0.02151
w4g128,text_encoder.language_backbone.body.model.encoder.layer.1.attention.self.query,text_bert,589824,589824,285696,294908,0.00326,0.00671,0.07110,0.02149
w4g128,backbone_3d.stages.0.blocks.1.attn.w_msa.proj,vision_3d,256,256,96,124,0.00325,0.00730,0.03677,0.02148
w4g128,backbone_3d.stages.2.blocks.0.ffn.layers.1,vision_3d,16384,16384,7936,8188,0.00322,0.00634,0.06304,0.02145
w4g128,feature_enhancer.img_attn_blocks.1.self_attn.output_proj,fusion,65536,65536,31744,32764,0.00319,0.00669,0.09475,0.02142
w4g128,feature_enhancer.img_attn_blocks.4.ffn.layers.1,fusion,524288,524288,253952,262140,0.00314,0.00696,0.07132,0.02137
w4g128,neck.convs.0.0,neck_convs,49152,49152,23552,24572,0.00309,0.00718,0.09524,0.02132
w4g128,backbone.stages.0.blocks.0.ffn.layers.1,vision_2d,36864,36864,17856,18428,0.00309,0.00663,0.17417,0.02132
w4g128,spatial_enhancer.fusion_fc.0.layers.0.0,fusion,524288,524288,253952,262140,0.00308,0.00865,0.03998,0.02131
w4g128,text_encoder.language_backbone.body.model.encoder.layer.5.attention.self.query,text_bert,589824,589824,285696,294908,0.00305,0.00633,0.07138,0.02128
w4g128,text_encoder.language_backbone.body.model.encoder.layer.9.attention.self.value,text_bert,589824,589824,285696,294908,0.00300,0.00653,0.09391,0.02123
w4g128,text_encoder.language_backbone.body.model.encoder.layer.6.attention.self.query,text_bert,589824,589824,285696,294908,0.00298,0.00624,0.07042,0.02121
w4g128,feature_enhancer.text_img_attn_blocks.4.attn.out_l_proj,fusion,262144,262144,126976,131068,0.00297,0.00629,0.04929,0.02120
w4g128,feature_enhancer.text_img_attn_blocks.2.attn.l_proj,fusion,262144,262144,126976,131068,0.00294,0.00647,0.11351,0.02117
w4g128,text_encoder.language_backbone.body.model.encoder.layer.1.intermediate.dense,text_bert,2359296,2359296,1142784,1179644,0.00293,0.00601,0.04453,0.02116
w4g128,text_encoder.language_backbone.body.model.encoder.layer.10.intermediate.dense,text_bert,2359296,2359296,1142784,1179644,0.00280,0.00646,0.09311,0.02103
w4g128,backbone.stages.2.blocks.2.ffn.layers.0.0,vision_2d,589824,589824,285696,294908,0.00279,0.00582,0.05987,0.02103
w4g128,backbone.stages.1.blocks.0.attn.w_msa.qkv,vision_2d,110592,110592,52992,55292,0.00279,0.00759,0.05829,0.02102
w4g128,text_encoder.language_backbone.body.model.encoder.layer.11.intermediate.dense,text_bert,2359296,2359296,1142784,1179644,0.00279,0.00657,0.04483,0.02102
w4g128,backbone.stages.0.blocks.1.ffn.layers.1,vision_2d,36864,36864,17856,18428,0.00276,0.00648,0.15827,0.02099
w4g128,feature_enhancer.img_attn_blocks.3.self_attn.sampling_offsets,fusion,65536,65536,31744,32764,0.00275,0.00591,0.07659,0.02099
w4g128,feature_enhancer.img_attn_blocks.4.self_attn.value_proj,fusion,65536,65536,31744,32764,0.00275,0.00691,0.18650,0.02098
w4g128,text_encoder.language_backbone.body.model.encoder.layer.2.intermediate.dense,text_bert,2359296,2359296,1142784,1179644,0.00275,0.00637,0.03888,0.02098
w4g128,backbone_3d.stages.2.blocks.3.ffn.layers.0.0,vision_3d,16384,16384,7680,8188,0.00272,0.00557,0.07947,0.02095
w4g128,backbone.stages.2.blocks.4.ffn.layers.1,vision_2d,589824,589824,285696,294908,0.00270,0.00712,0.13038,0.02093
w4g128,feature_enhancer.img_attn_blocks.1.self_attn.attention_weights,fusion,32768,32768,15872,16380,0.00270,0.00634,0.04692,0.02093
w4g128,text_encoder.language_backbone.body.model.encoder.layer.6.attention.self.value,text_bert,589824,589824,285696,294908,0.00266,0.00593,0.09422,0.02089
w4g128,feature_enhancer.img_attn_blocks.2.self_attn.sampling_offsets,fusion,65536,65536,31744,32764,0.00264,0.00640,0.06403,0.02087
w4g128,feature_enhancer.text_img_attn_blocks.2.attn.out_l_proj,fusion,262144,262144,126976,131068,0.00263,0.00655,0.03484,0.02086
w4g128,feature_enhancer.img_attn_blocks.1.ffn.layers.1,fusion,524288,524288,253952,262140,0.00262,0.00641,0.08007,0.02085
w4g128,feature_enhancer.text_img_attn_blocks.4.attn.out_v_proj,fusion,262144,262144,126976,131068,0.00259,0.00635,0.03258,0.02082
w4g128,backbone_3d.stages.2.blocks.0.attn.w_msa.qkv,vision_3d,12288,12288,5760,6140,0.00259,0.00623,0.07346,0.02082
w4g128,backbone_3d.stages.0.blocks.0.attn.w_msa.qkv,vision_3d,768,768,288,380,-0.00259,0.00604,0.04154,0.01564
w4g128,backbone.stages.2.blocks.5.ffn.layers.0.0,vision_2d,589824,589824,285696,294908,0.00257,0.00644,0.06119,0.02080
w4g128,feature_enhancer.text_img_attn_blocks.4.attn.l_proj,fusion,262144,262144,126976,131068,0.00257,0.00571,0.10473,0.02080
w4g128,backbone.stages.3.blocks.1.attn.w_msa.qkv,vision_2d,1769472,1769472,857088,884732,0.00256,0.00641,0.07564,0.02079
w4g128,text_encoder.language_backbone.body.model.encoder.layer.0.output.dense,text_bert,2359296,2359296,1142784,1179644,0.00256,0.00614,0.06605,0.02079
w4g128,feature_enhancer.img_attn_blocks.5.self_attn.value_proj,fusion,65536,65536,31744,32764,0.00251,0.00598,0.11706,0.02074
w4g128,text_encoder.language_backbone.body.model.encoder.layer.8.attention.self.key,text_bert,589824,589824,285696,294908,0.00248,0.00595,0.06653,0.02071
w4g128,decoder.robot_encoder.input_fc.2,action_head,65536,65536,31744,32764,0.00247,0.00778,0.03485,0.02070
w4g128,text_encoder.language_backbone.body.model.encoder.layer.7.attention.self.key,text_bert,589824,589824,285696,294908,0.00247,0.00619,0.07090,0.02070
w4g128,backbone.stages.0.blocks.1.attn.w_msa.qkv,vision_2d,27648,27648,13248,13820,0.00247,0.00596,0.06520,0.02070
w4g128,feature_enhancer.img_attn_blocks.3.self_attn.value_proj,fusion,65536,65536,31744,32764,0.00243,0.00589,0.12551,0.02066
w4g128,feature_enhancer.text_img_attn_blocks.2.attn.out_v_proj,fusion,262144,262144,126976,131068,0.00240,0.00630,0.03184,0.02063
w4g128,text_encoder.language_backbone.body.model.encoder.layer.3.attention.self.query,text_bert,589824,589824,285696,294908,0.00235,0.00646,0.07682,0.02058
w4g128,feature_enhancer.text_img_attn_blocks.1.attn.values_l_proj,fusion,262144,262144,126976,131068,-0.00234,0.00603,0.10755,0.01589
w4g128,text_encoder.language_backbone.body.model.encoder.layer.9.intermediate.dense,text_bert,2359296,2359296,1142784,1179644,0.00233,0.00608,0.09281,0.02056
w4g128,decoder.layers.56.proj,action_head,65536,65536,31744,32764,0.00232,0.00608,0.07728,0.02055
w4g128,feature_enhancer.text_attn_blocks.3.self_attn.attn.out_proj,fusion,65536,65536,31744,32764,0.00231,0.00650,0.08210,0.02054
w4g128,backbone.stages.2.blocks.5.attn.w_msa.qkv,vision_2d,442368,442368,214272,221180,0.00228,0.00603,0.09245,0.02051
w4g128,neck.extra_convs.0.0,neck_convs,1769472,1769472,857088,884732,0.00227,0.00551,0.06213,0.02050
w4g128,text_encoder.language_backbone.body.model.encoder.layer.5.output.dense,text_bert,2359296,2359296,1142784,1179644,0.00227,0.00614,0.08990,0.02050
w4g128,backbone.stages.2.blocks.2.attn.w_msa.qkv,vision_2d,442368,442368,214272,221180,0.00223,0.00584,0.08812,0.02047
w4g128,backbone_3d.stages.1.blocks.1.attn.w_msa.proj,vision_3d,1024,1024,448,508,0.00222,0.00521,0.09903,0.02045
w4g128,text_encoder.language_backbone.body.model.encoder.layer.1.attention.self.key,text_bert,589824,589824,285696,294908,0.00222,0.00701,0.06632,0.02045
w4g128,backbone.stages.1.blocks.1.attn.w_msa.qkv,vision_2d,110592,110592,52992,55292,0.00219,0.00596,0.08122,0.02042
w4g128,backbone_3d.stages.1.blocks.1.ffn.layers.1,vision_3d,4096,4096,1984,2044,-0.00217,0.00494,0.09454,0.01606
w4g128,backbone_3d.stages.2.blocks.3.ffn.layers.1,vision_3d,16384,16384,7936,8188,0.00216,0.00539,0.06564,0.02039
w4g128,backbone_3d.stages.2.blocks.0.ffn.layers.0.0,vision_3d,16384,16384,7680,8188,0.00213,0.00601,0.11455,0.02036
w4g128,backbone_3d.stages.2.blocks.1.ffn.layers.1,vision_3d,16384,16384,7936,8188,0.00213,0.00557,0.07341,0.02036
w4g128,backbone.stages.2.blocks.2.attn.w_msa.proj,vision_2d,147456,147456,71424,73724,0.00212,0.00611,0.11526,0.02035
w4g128,decoder.head.output_layers.3,action_head,4096,4096,1920,2044,0.00211,0.00690,0.10735,0.02035
w4g128,feature_enhancer.img_attn_blocks.4.self_attn.sampling_offsets,fusion,65536,65536,31744,32764,0.00210,0.00613,0.06370,0.02033
w4g128,backbone_3d.stages.2.blocks.1.attn.w_msa.qkv,vision_3d,12288,12288,5760,6140,0.00209,0.00522,0.07275,0.02032
w4g128,feature_enhancer.text_attn_blocks.0.self_attn.attn.out_proj,fusion,65536,65536,31744,32764,0.00209,0.00617,0.06318,0.02032
w4g128,neck.convs.2.0,neck_convs,196608,196608,95232,98300,0.00208,0.00565,0.10301,0.02031
w4g128,decoder.layers.45.proj,action_head,65536,65536,31744,32764,0.00207,0.00519,0.07953,0.02030
w4g128,text_encoder.language_backbone.body.model.encoder.layer.3.output.dense,text_bert,2359296,2359296,1142784,1179644,0.00206,0.00526,0.09469,0.02029
w4g128,text_encoder.language_backbone.body.model.encoder.layer.10.attention.self.value,text_bert,589824,589824,285696,294908,0.00206,0.00574,0.09113,0.02029
w4g128,text_encoder.language_backbone.body.model.encoder.layer.1.attention.output.dense,text_bert,589824,589824,285696,294908,0.00205,0.00553,0.08662,0.02028
w4g128,feature_enhancer.text_attn_blocks.1.ffn.layers.0.0,fusion,262144,262144,126976,131068,0.00203,0.00507,0.04493,0.02026
w4g128,backbone.stages.2.blocks.0.ffn.layers.0.0,vision_2d,589824,589824,285696,294908,0.00203,0.00544,0.05435,0.02026
w4g128,backbone.stages.1.blocks.0.ffn.layers.0.0,vision_2d,147456,147456,70656,73724,0.00203,0.00586,0.06725,0.02026
w4g128,backbone.stages.3.blocks.0.ffn.layers.0.0,vision_2d,2359296,2359296,1142784,1179644,0.00199,0.00649,0.03374,0.02022
w4g128,feature_enhancer.text_img_attn_blocks.0.attn.v_proj,fusion,262144,262144,126976,131068,0.00199,0.00589,0.09601,0.02022
w4g128,text_encoder.language_backbone.body.model.encoder.layer.9.output.dense,text_bert,2359296,2359296,1142784,1179644,0.00192,0.00637,0.06221,0.02015
w4g128,neck_3d.convs.1.0,vision_3d,8192,8192,3840,4092,0.00191,0.00588,0.05604,0.02014
w4g128,text_encoder.language_backbone.body.model.encoder.layer.7.output.dense,text_bert,2359296,2359296,1142784,1179644,0.00190,0.00560,0.08554,0.02013
w4g128,backbone_3d.stages.2.blocks.5.ffn.layers.1,vision_3d,16384,16384,7936,8188,0.00188,0.00534,0.06474,0.02011
w4g128,backbone.stages.2.blocks.1.ffn.layers.1,vision_2d,589824,589824,285696,294908,0.00187,0.00607,0.11831,0.02010
w4g128,feature_enhancer.img_attn_blocks.2.self_attn.attention_weights,fusion,32768,32768,15872,16380,0.00187,0.00561,0.06984,0.02010
w4g128,feature_enhancer.text_attn_blocks.2.ffn.layers.1,fusion,262144,262144,126976,131068,0.00185,0.00625,0.09772,0.02008
w4g128,backbone.stages.0.blocks.1.ffn.layers.0.0,vision_2d,36864,36864,17664,18428,0.00185,0.00568,0.07697,0.02008
w4g128,text_encoder.language_backbone.body.model.encoder.layer.0.intermediate.dense,text_bert,2359296,2359296,1142784,1179644,0.00182,0.00545,0.04835,0.02005
w4g128,text_encoder.language_backbone.body.model.encoder.layer.2.attention.output.dense,text_bert,589824,589824,285696,294908,0.00182,0.00590,0.08459,0.02005
w4g128,backbone.stages.2.blocks.5.ffn.layers.1,vision_2d,589824,589824,285696,294908,0.00180,0.00544,0.13389,0.02003
w4g128,backbone.stages.1.blocks.0.ffn.layers.1,vision_2d,147456,147456,71424,73724,0.00177,0.00557,0.11415,0.02000
w4g128,feature_enhancer.img_attn_blocks.5.self_attn.sampling_offsets,fusion,65536,65536,31744,32764,0.00175,0.00545,0.04901,0.01998
w4g128,neck.convs.1.0,neck_convs,98304,98304,47616,49148,0.00174,0.00558,0.08732,0.01997
w4g128,text_encoder.language_backbone.body.model.encoder.layer.11.output.dense,text_bert,2359296,2359296,1142784,1179644,0.00174,0.00619,0.08779,0.01997
w4g128,feature_enhancer.img_attn_blocks.3.ffn.layers.0.0,fusion,524288,524288,253952,262140,0.00172,0.00568,0.07522,0.01995
w4g128,text_encoder.language_backbone.body.model.encoder.layer.9.attention.self.query,text_bert,589824,589824,285696,294908,0.00171,0.00559,0.07341,0.01994
w4g128,text_encoder.language_backbone.body.model.encoder.layer.5.attention.self.key,text_bert,589824,589824,285696,294908,0.00171,0.00572,0.06567,0.01994
w4g128,backbone.stages.3.blocks.0.ffn.layers.1,vision_2d,2359296,2359296,1142784,1179644,0.00169,0.00598,0.16707,0.01992
w4g128,feature_enhancer.text_img_attn_blocks.0.attn.out_l_proj,fusion,262144,262144,126976,131068,0.00168,0.00623,0.04148,0.01991
w4g128,decoder.robot_encoder.layers.13.v_proj,action_head,65536,65536,31744,32764,0.00168,0.00525,0.08853,0.01991
w4g128,feature_enhancer.text_attn_blocks.4.ffn.layers.0.0,fusion,262144,262144,126976,131068,0.00166,0.00584,0.04717,0.01989
w4g128,backbone.stages.2.blocks.3.ffn.layers.1,vision_2d,589824,589824,285696,294908,0.00162,0.00600,0.13382,0.01985
w4g128,backbone_3d.stages.2.blocks.4.ffn.layers.1,vision_3d,16384,16384,7936,8188,0.00162,0.00509,0.07211,0.01985
w4g128,backbone.stages.2.blocks.1.attn.w_msa.proj,vision_2d,147456,147456,71424,73724,0.00161,0.00523,0.09872,0.01984
w4g128,text_encoder.language_backbone.body.model.encoder.layer.0.attention.output.dense,text_bert,589824,589824,285696,294908,0.00159,0.00548,0.07998,0.01982
w4g128,backbone.stages.0.blocks.0.ffn.layers.0.0,vision_2d,36864,36864,17664,18428,0.00158,0.00606,0.11943,0.01981
w4g128,backbone_3d.stages.2.blocks.5.ffn.layers.0.0,vision_3d,16384,16384,7680,8188,0.00157,0.00576,0.07952,0.01980
w4g128,backbone.stages.0.blocks.0.attn.w_msa.qkv,vision_2d,27648,27648,13248,13820,0.00155,0.00579,0.07509,0.01978
w4g128,text_encoder.language_backbone.body.model.encoder.layer.9.attention.self.key,text_bert,589824,589824,285696,294908,0.00153,0.00531,0.07082,0.01976
w4g128,decoder.layers.48.k_proj,action_head,65536,65536,31744,32764,0.00151,0.00540,0.07751,0.01974
w4g128,decoder.layers.64.layers.0.0,action_head,524288,524288,253952,262140,0.00151,0.00649,0.06239,0.01974
w4g128,text_encoder.language_backbone.body.model.encoder.layer.7.intermediate.dense,text_bert,2359296,2359296,1142784,1179644,0.00149,0.00580,0.08376,0.01972
w4g128,text_encoder.language_backbone.body.model.encoder.layer.10.attention.self.query,text_bert,589824,589824,285696,294908,0.00149,0.00530,0.07282,0.01972
w4g128,text_encoder.language_backbone.body.model.encoder.layer.7.attention.self.value,text_bert,589824,589824,285696,294908,0.00146,0.00575,0.09915,0.01969
w4g128,decoder.t_embed.mlp.2,action_head,65536,65536,31744,32764,0.00143,0.00593,0.03702,0.01966
w4g128,backbone.stages.1.blocks.1.ffn.layers.0.0,vision_2d,147456,147456,70656,73724,0.00143,0.00568,0.06412,0.01966
w4g128,feature_enhancer.text_img_attn_blocks.4.attn.values_l_proj,fusion,262144,262144,126976,131068,0.00142,0.00467,0.09217,0.01965
w4g128,text_encoder.language_backbone.body.model.encoder.layer.5.intermediate.dense,text_bert,2359296,2359296,1142784,1179644,-0.00141,0.00555,0.07993,0.01682
w4g128,spatial_enhancer.fusion_fc.0.layers.1,fusion,524288,524288,253952,262140,-0.00140,0.00471,0.07027,0.01683
w4g128,backbone.stages.2.blocks.2.ffn.layers.1,vision_2d,589824,589824,285696,294908,0.00139,0.00541,0.14223,0.01962
w4g128,feature_enhancer.text_attn_blocks.3.self_attn.attn.in_proj_weight,fusion,196608,196608,95232,98300,0.00136,0.00488,-1.00000,0.01959
w4g128,feature_enhancer.text_attn_blocks.2.ffn.layers.0.0,fusion,262144,262144,126976,131068,0.00136,0.00488,0.04793,0.01959
w4g128,backbone_3d.stages.1.blocks.1.ffn.layers.0.0,vision_3d,4096,4096,1792,2044,0.00135,0.00547,0.10620,0.01958
w4g128,backbone.stages.2.blocks.4.ffn.layers.0.0,vision_2d,589824,589824,285696,294908,0.00134,0.00555,0.06092,0.01957
w4g128,feature_enhancer.text_attn_blocks.0.ffn.layers.0.0,fusion,262144,262144,126976,131068,0.00133,0.00552,0.04157,0.01956
w4g128,text_encoder.language_backbone.body.model.encoder.layer.5.attention.self.value,text_bert,589824,589824,285696,294908,0.00133,0.00547,0.09248,0.01956
w4g128,decoder.input_layers.6,action_head,65536,65536,31744,32764,0.00130,0.00468,0.04014,0.01953
w4g128,feature_enhancer.text_img_attn_blocks.2.attn.v_proj,fusion,262144,262144,126976,131068,0.00129,0.00523,0.08329,0.01952
w4g128,feature_enhancer.text_img_attn_blocks.0.attn.values_v_proj,fusion,262144,262144,126976,131068,0.00129,0.00530,0.10884,0.01952
w4g128,decoder.robot_encoder.layers.5.layers.0.0,action_head,524288,524288,253952,262140,0.00129,0.00525,0.03610,0.01952
w4g128,feature_enhancer.text_img_attn_blocks.5.attn.values_v_proj,fusion,262144,262144,126976,131068,0.00127,0.00533,0.09233,0.01950
w4g128,feature_enhancer.text_attn_blocks.4.ffn.layers.1,fusion,262144,262144,126976,131068,0.00127,0.00533,0.08381,0.01950
w4g128,backbone.stages.0.blocks.1.attn.w_msa.proj,vision_2d,9216,9216,4416,4604,0.00126,0.00503,0.08171,0.01950
w4g128,backbone_3d.stages.0.blocks.1.ffn.layers.1,vision_3d,1024,1024,480,508,0.00123,0.00589,0.04838,0.01946
w4g128,backbone.stages.2.blocks.4.attn.w_msa.qkv,vision_2d,442368,442368,214272,221180,0.00121,0.00626,0.09321,0.01944
w4g128,decoder.robot_encoder.layers.1.position_encoder.mlp.2,action_head,65536,65536,31744,32764,0.00121,0.00498,0.06125,0.01944
w4g128,text_encoder.language_backbone.body.model.encoder.layer.7.attention.output.dense,text_bert,589824,589824,285696,294908,0.00120,0.00582,0.09126,0.01943
w4g128,decoder.robot_encoder.input_fc.5,action_head,65536,65536,31744,32764,0.00120,0.00783,0.03247,0.01943
w4g128,feature_enhancer.text_img_attn_blocks.5.attn.values_l_proj,fusion,262144,262144,126976,131068,0.00119,0.00530,0.09609,0.01942
w4g128,backbone_3d.stages.0.blocks.0.attn.w_msa.proj,vision_3d,256,256,96,124,-0.00119,0.00640,0.04016,0.01704
w4g128,decoder.layers.39.k_proj,action_head,65536,65536,31744,32764,0.00119,0.00448,0.08083,0.01942
w4g128,decoder.layers.50.q_proj,action_head,65536,65536,31744,32764,0.00119,0.00445,0.08922,0.01942
w4g128,feature_enhancer.text_attn_blocks.5.ffn.layers.0.0,fusion,262144,262144,126976,131068,0.00118,0.00456,0.06088,0.01941
w4g128,backbone_3d.stages.2.blocks.4.attn.w_msa.proj,vision_3d,4096,4096,1920,2044,-0.00117,0.00488,0.08235,0.01706
w4g128,backbone.stages.1.blocks.0.attn.w_msa.proj,vision_2d,36864,36864,17664,18428,0.00117,0.00507,0.08228,0.01940
w4g128,decoder.layers.37.proj,action_head,65536,65536,31744,32764,0.00113,0.00447,0.07493,0.01936
w4g128,backbone.stages.2.downsample.reduction,vision_2d,1179648,1179648,571392,589820,0.00112,0.00485,0.09161,0.01935
w4g128,feature_enhancer.text_attn_blocks.3.ffn.layers.1,fusion,262144,262144,126976,131068,0.00111,0.00480,0.08948,0.01935
w4g128,feature_enhancer.text_img_attn_blocks.3.attn.l_proj,fusion,262144,262144,126976,131068,0.00110,0.00532,0.10512,0.01933
w4g128,decoder.layers.50.k_proj,action_head,65536,65536,31744,32764,0.00109,0.00450,0.07708,0.01932
w4g128,text_encoder.language_backbone.body.model.encoder.layer.7.attention.self.query,text_bert,589824,589824,285696,294908,0.00109,0.00558,0.07022,0.01932
w4g128,backbone.stages.2.blocks.0.attn.w_msa.qkv,vision_2d,442368,442368,214272,221180,0.00108,0.00540,0.05304,0.01931
w4g128,text_encoder.language_backbone.body.model.encoder.layer.8.attention.self.query,text_bert,589824,589824,285696,294908,0.00107,0.00543,0.07266,0.01930
w4g128,backbone_3d.stages.2.blocks.0.attn.w_msa.proj,vision_3d,4096,4096,1920,2044,-0.00106,0.00461,0.06449,0.01717
w4g128,decoder.layers.59.q_proj,action_head,65536,65536,31744,32764,-0.00106,0.00455,0.10618,0.01717
w4g128,text_encoder.language_backbone.body.model.encoder.layer.6.attention.output.dense,text_bert,589824,589824,285696,294908,0.00105,0.00491,0.09010,0.01928
w4g128,decoder.layers.56.v_proj,action_head,65536,65536,31744,32764,-0.00105,0.00567,0.10617,0.01718
w4g128,feature_enhancer.img_attn_blocks.1.self_attn.value_proj,fusion,65536,65536,31744,32764,0.00104,0.00500,0.12579,0.01927
w4g128,feature_enhancer.text_img_attn_blocks.0.attn.l_proj,fusion,262144,262144,126976,131068,0.00104,0.00533,0.08227,0.01927
w4g128,feature_enhancer.img_attn_blocks.5.self_attn.attention_weights,fusion,32768,32768,15872,16380,0.00103,0.00508,0.06427,0.01926
w4g128,backbone.stages.2.blocks.1.ffn.layers.0.0,vision_2d,589824,589824,285696,294908,0.00102,0.00517,0.06024,0.01926
w4g128,decoder.layers.48.v_proj,action_head,65536,65536,31744,32764,0.00102,0.00421,0.08592,0.01925
w4g128,feature_enhancer.text_img_attn_blocks.3.attn.values_v_proj,fusion,262144,262144,126976,131068,0.00102,0.00515,0.10450,0.01925
w4g128,decoder.robot_encoder.layers.7.q_proj,action_head,65536,65536,31744,32764,0.00101,0.00523,0.07159,0.01924
w4g128,text_encoder.language_backbone.body.model.encoder.layer.11.attention.self.query,text_bert,589824,589824,285696,294908,0.00100,0.00526,0.07579,0.01923
w4g128,feature_enhancer.img_attn_blocks.0.ffn.layers.0.0,fusion,524288,524288,253952,262140,0.00098,0.00489,0.06124,0.01921
w4g128,feature_enhancer.img_attn_blocks.2.self_attn.value_proj,fusion,65536,65536,31744,32764,0.00096,0.00539,0.13498,0.01919
w4g128,feature_enhancer.text_attn_blocks.2.self_attn.attn.out_proj,fusion,65536,65536,31744,32764,0.00094,0.00474,0.06446,0.01917
w4g128,backbone_3d.stages.1.blocks.0.attn.w_msa.qkv,vision_3d,3072,3072,1344,1532,0.00094,0.00479,0.05591,0.01917
w4g128,decoder.layers.12.q_proj,action_head,65536,65536,31744,32764,0.00094,0.00445,0.08567,0.01917
w4g128,backbone_3d.stages.2.blocks.5.attn.w_msa.qkv,vision_3d,12288,12288,5760,6140,-0.00093,0.00498,0.07485,0.01730
w4g128,text_encoder.language_backbone.body.model.encoder.layer.8.attention.self.value,text_bert,589824,589824,285696,294908,0.00093,0.00573,0.09939,0.01916
w4g128,backbone_3d.stages.2.blocks.4.attn.w_msa.qkv,vision_3d,12288,12288,5760,6140,0.00092,0.00452,0.07782,0.01915
w4g128,backbone_3d.stages.2.blocks.1.attn.w_msa.proj,vision_3d,4096,4096,1920,2044,0.00092,0.00494,0.05908,0.01915
w4g128,text_encoder.language_backbone.body.model.encoder.layer.2.attention.self.query,text_bert,589824,589824,285696,294908,0.00091,0.00504,0.07653,0.01914
w4g128,decoder.robot_encoder.input_fc.0,action_head,2048,2048,512,1020,-0.00089,0.00973,0.07790,0.01734
w4g128,decoder.layers.6.v_proj,action_head,65536,65536,31744,32764,0.00089,0.00469,0.06963,0.01912
w4g128,decoder.robot_encoder.layers.7.position_encoder.mlp.0,action_head,65536,65536,31744,32764,0.00089,0.00493,0.02466,0.01912
w4g128,decoder.layers.34.q_proj,action_head,65536,65536,31744,32764,0.00087,0.00386,0.08697,0.01910
w4g128,decoder.layers.56.joint_pos_encoder.mlp.0,action_head,65536,65536,31744,32764,0.00087,0.00446,0.03095,0.01910
w4g128,decoder.robot_encoder.layers.17.layers.1,action_head,524288,524288,253952,262140,-0.00086,0.00428,0.04764,0.01737
w4g128,feature_enhancer.text_attn_blocks.1.self_attn.attn.out_proj,fusion,65536,65536,31744,32764,0.00084,0.00540,0.04483,0.01907
w4g128,decoder.layers.42.layers.0.0,action_head,524288,524288,253952,262140,0.00083,0.00462,0.05163,0.01906
w4g128,decoder.layers.6.q_proj,action_head,65536,65536,31744,32764,0.00082,0.00451,0.07387,0.01906
w4g128,feature_enhancer.img_attn_blocks.3.ffn.layers.1,fusion,524288,524288,253952,262140,0.00082,0.00498,0.05948,0.01905
w4g128,text_encoder.language_backbone.body.model.encoder.layer.5.attention.output.dense,text_bert,589824,589824,285696,294908,0.00081,0.00463,0.08315,0.01904
w4g128,feature_enhancer.text_img_attn_blocks.1.attn.out_l_proj,fusion,262144,262144,126976,131068,0.00081,0.00507,0.03603,0.01904
w4g128,decoder.layers.44.adaLN_modulation.1,action_head,393216,393216,190464,196604,0.00081,0.00491,0.01652,0.01904
w4g128,backbone.stages.3.blocks.0.attn.w_msa.proj,vision_2d,589824,589824,285696,294908,0.00080,0.00586,0.16118,0.01904
w4g128,backbone_3d.stages.3.blocks.0.ffn.layers.1,vision_3d,65536,65536,31744,32764,0.00080,0.00465,0.06774,0.01903
w4g128,backbone.stages.0.blocks.0.attn.w_msa.proj,vision_2d,9216,9216,4416,4604,-0.00079,0.00476,0.06282,0.01744
w4g128,decoder.layers.26.k_proj,action_head,65536,65536,31744,32764,0.00078,0.00425,0.07552,0.01901
w4g128,decoder.layers.53.layers.1,action_head,524288,524288,253952,262140,0.00078,0.00473,0.08285,0.01901
w4g128,decoder.layers.1.v_proj,action_head,65536,65536,31744,32764,0.00078,0.00385,0.09104,0.01901
w4g128,decoder.layers.9.layers.0.0,action_head,524288,524288,253952,262140,0.00076,0.00421,0.03941,0.01900
w4g128,backbone_3d.stages.2.blocks.5.attn.w_msa.proj,vision_3d,4096,4096,1920,2044,0.00076,0.00460,0.08986,0.01899
w4g128,backbone_3d.stages.1.blocks.1.attn.w_msa.qkv,vision_3d,3072,3072,1344,1532,0.00076,0.00474,0.05173,0.01899
w4g128,text_encoder.language_backbone.body.model.encoder.layer.10.output.dense,text_bert,2359296,2359296,1142784,1179644,0.00076,0.00522,0.06428,0.01899
w4g128,decoder.robot_encoder.layers.7.v_proj,action_head,65536,65536,31744,32764,-0.00075,0.00438,0.07932,0.01748
w4g128,text_encoder.language_backbone.body.model.encoder.layer.1.attention.self.value,text_bert,589824,589824,285696,294908,0.00074,0.00489,0.09103,0.01897
w4g128,decoder.head.output_layers.1,action_head,4096,4096,1920,2044,0.00074,0.00946,0.15044,0.01897
w4g128,backbone_3d.stages.3.blocks.1.ffn.layers.0.0,vision_3d,65536,65536,31744,32764,0.00074,0.00411,0.06058,0.01897
w4g128,decoder.layers.28.proj,action_head,65536,65536,31744,32764,0.00074,0.00436,0.06392,0.01897
w4g128,feature_enhancer.text_img_attn_blocks.4.attn.values_v_proj,fusion,262144,262144,126976,131068,-0.00073,0.00460,0.10330,0.01750
w4g128,decoder.layers.12.joint_pos_encoder.mlp.0,action_head,65536,65536,31744,32764,0.00072,0.00467,0.01458,0.01895
w4g128,spatial_enhancer.pts_fc,fusion,384,384,-64,188,0.00071,0.00489,0.05196,0.01894
w4g128,decoder.layers.34.v_proj,action_head,65536,65536,31744,32764,0.00071,0.00407,0.11987,0.01894
w4g128,decoder.layers.23.joint_pos_encoder.mlp.0,action_head,65536,65536,31744,32764,0.00070,0.00437,0.01493,0.01893
w4g128,text_encoder.language_backbone.body.model.encoder.layer.0.attention.self.key,text_bert,589824,589824,285696,294908,-0.00070,0.00442,0.07182,0.01753
w4g128,feature_enhancer.text_attn_blocks.5.self_attn.attn.out_proj,fusion,65536,65536,31744,32764,0.00069,0.00454,0.07500,0.01892
w4g128,text_encoder.language_backbone.body.model.encoder.layer.2.output.dense,text_bert,2359296,2359296,1142784,1179644,0.00069,0.00522,0.07665,0.01892
w4g128,decoder.layers.11.adaLN_modulation.1,action_head,393216,393216,190464,196604,0.00069,0.00437,0.01901,0.01892
w4g128,backbone_3d.stages.3.blocks.0.attn.w_msa.proj,vision_3d,16384,16384,7936,8188,0.00068,0.00422,0.09187,0.01891
w4g128,decoder.layers.4.k_proj,action_head,65536,65536,31744,32764,0.00067,0.00465,0.08652,0.01890
w4g128,decoder.layers.28.v_proj,action_head,65536,65536,31744,32764,0.00067,0.00418,0.06188,0.01890
w4g128,decoder.layers.61.q_proj,action_head,65536,65536,31744,32764,0.00067,0.00491,0.08772,0.01890
w4g128,decoder.layers.56.q_proj,action_head,65536,65536,31744,32764,0.00066,0.00485,0.07303,0.01890
w4g128,decoder.layers.34.k_proj,action_head,65536,65536,31744,32764,0.00066,0.00415,0.08536,0.01889
w4g128,decoder.head.convs.1,action_head,24576,24576,11904,12284,0.00066,0.00876,0.08828,0.01889
w4g128,decoder.layers.34.proj,action_head,65536,65536,31744,32764,0.00065,0.00437,0.07389,0.01888
w4g128,decoder.layers.20.layers.1,action_head,524288,524288,253952,262140,0.00064,0.00447,0.09607,0.01887
w4g128,decoder.layers.59.k_proj,action_head,65536,65536,31744,32764,0.00064,0.00448,0.08656,0.01887
w4g128,decoder.layers.39.v_proj,action_head,65536,65536,31744,32764,0.00064,0.00440,0.07384,0.01887
w4g128,feature_enhancer.text_img_attn_blocks.3.attn.out_l_proj,fusion,262144,262144,126976,131068,0.00061,0.00416,0.03566,0.01885
w4g128,backbone.stages.0.downsample.reduction,vision_2d,73728,73728,35712,36860,0.00061,0.00463,0.08802,0.01884
w4g128,decoder.layers.23.proj,action_head,65536,65536,31744,32764,0.00061,0.00438,0.06876,0.01884
w4g128,decoder.layers.1.k_proj,action_head,65536,65536,31744,32764,0.00060,0.00453,0.06729,0.01883
w4g128,backbone.stages.3.blocks.0.attn.w_msa.qkv,vision_2d,1769472,1769472,857088,884732,0.00060,0.00600,0.06704,0.01883
w4g128,backbone.patch_embed.projection,vision_2d,4608,4608,2112,2300,-0.00060,0.00533,0.20625,0.01763
w4g128,decoder.layers.1.joint_pos_encoder.mlp.2,action_head,65536,65536,31744,32764,0.00059,0.00427,0.04391,0.01882
w4g128,decoder.robot_encoder.layers.19.k_proj,action_head,65536,65536,31744,32764,0.00058,0.00467,0.08239,0.01881
w4g128,decoder.layers.1.proj,action_head,65536,65536,31744,32764,0.00057,0.00447,0.07022,0.01880
w4g128,backbone_3d.stages.3.blocks.0.attn.w_msa.qkv,vision_3d,49152,49152,23808,24572,0.00056,0.00446,0.06763,0.01879
w4g128,decoder.layers.45.k_proj,action_head,65536,65536,31744,32764,0.00056,0.00428,0.08927,0.01879
w4g128,backbone_3d.stages.2.downsample.reduction,vision_3d,32768,32768,15872,16380,0.00055,0.00428,0.05546,0.01878
w4g128,decoder.layers.26.proj,action_head,65536,65536,31744,32764,0.00055,0.00439,0.07738,0.01878
w4g128,decoder.layers.56.joint_pos_encoder.mlp.2,action_head,65536,65536,31744,32764,0.00055,0.00423,0.03437,0.01878
w4g128,decoder.robot_encoder.layers.13.position_encoder.mlp.2,action_head,65536,65536,31744,32764,0.00054,0.00454,0.03560,0.01877
w4g128,backbone_3d.stages.2.blocks.1.ffn.layers.0.0,vision_3d,16384,16384,7680,8188,0.00054,0.00428,0.09403,0.01877
w4g128,decoder.layers.45.v_proj,action_head,65536,65536,31744,32764,0.00054,0.00456,0.11360,0.01877
w4g128,decoder.layers.15.v_proj,action_head,65536,65536,31744,32764,0.00054,0.00467,0.09825,0.01877
w4g128,decoder.robot_encoder.layers.1.proj,action_head,65536,65536,31744,32764,-0.00053,0.00491,0.05245,0.01770
w4g128,decoder.robot_encoder.layers.13.proj,action_head,65536,65536,31744,32764,0.00053,0.00468,0.06992,0.01876
w4g128,text_encoder.language_backbone.body.model.encoder.layer.6.intermediate.dense,text_bert,2359296,2359296,1142784,1179644,0.00053,0.00481,0.07945,0.01876
w4g128,decoder.layers.31.layers.1,action_head,524288,524288,253952,262140,0.00052,0.00456,0.08537,0.01875
w4g128,decoder.layers.6.k_proj,action_head,65536,65536,31744,32764,0.00051,0.00418,0.07566,0.01874
w4g128,feature_enhancer.text_img_attn_blocks.5.attn.out_l_proj,fusion,262144,262144,126976,131068,0.00051,0.00444,0.04070,0.01874
w4g128,decoder.layers.0.adaLN_modulation.1,action_head,393216,393216,190464,196604,0.00051,0.00447,0.02039,0.01874
w4g128,decoder.layers.23.v_proj,action_head,65536,65536,31744,32764,0.00050,0.00425,0.11443,0.01873
w4g128,backbone.stages.1.blocks.1.ffn.layers.1,vision_2d,147456,147456,71424,73724,0.00050,0.00582,0.11934,0.01873
w4g128,decoder.layers.15.k_proj,action_head,65536,65536,31744,32764,-0.00050,0.00418,0.08059,0.01773
w4g128,decoder.layers.53.layers.0.0,action_head,524288,524288,253952,262140,0.00050,0.00484,0.05721,0.01873
w4g128,decoder.layers.33.adaLN_modulation.1,action_head,393216,393216,190464,196604,0.00050,0.00441,0.01973,0.01873
w4g128,decoder.robot_encoder.layers.1.v_proj,action_head,65536,65536,31744,32764,-0.00049,0.00498,0.05812,0.01774
w4g128,backbone.stages.2.blocks.3.attn.w_msa.qkv,vision_2d,442368,442368,214272,221180,0.00049,0.00529,0.08443,0.01872
w4g128,decoder.robot_encoder.input_fc.7,action_head,65536,65536,31744,32764,-0.00049,0.00503,0.05789,0.01774
w4g128,backbone_3d.stages.0.blocks.0.ffn.layers.0.0,vision_3d,1024,1024,384,508,-0.00048,0.00495,0.10714,0.01775
w4g128,backbone_3d.stages.2.blocks.4.ffn.layers.0.0,vision_3d,16384,16384,7680,8188,0.00048,0.00437,0.07869,0.01871
w4g128,decoder.layers.50.v_proj,action_head,65536,65536,31744,32764,0.00048,0.00456,0.08342,0.01871
w4g128,decoder.t_embed.mlp.0,action_head,65536,65536,31744,32764,0.00046,0.00503,0.01512,0.01870
w4g128,backbone.stages.3.blocks.1.attn.w_msa.proj,vision_2d,589824,589824,285696,294908,0.00046,0.00520,0.21540,0.01869
w4g128,backbone_3d.stages.0.blocks.1.attn.w_msa.qkv,vision_3d,768,768,288,380,0.00045,0.00474,0.03546,0.01868
w4g128,decoder.layers.45.joint_pos_encoder.mlp.2,action_head,65536,65536,31744,32764,0.00045,0.00462,0.03535,0.01868
w4g128,decoder.robot_encoder.layers.1.position_encoder.mlp.0,action_head,65536,65536,31744,32764,-0.00045,0.00420,0.02702,0.01778
w4g128,text_encoder.language_backbone.body.model.encoder.layer.10.attention.self.key,text_bert,589824,589824,285696,294908,0.00044,0.00579,0.07112,0.01867
w4g128,decoder.layers.45.q_proj,action_head,65536,65536,31744,32764,-0.00044,0.00463,0.08683,0.01779
w4g128,decoder.robot_encoder.layers.19.position_encoder.mlp.2,action_head,65536,65536,31744,32764,-0.00043,0.00436,0.03305,0.01780
w4g128,decoder.layers.39.proj,action_head,65536,65536,31744,32764,0.00043,0.00426,0.07330,0.01866
w4g128,feature_enhancer.img_attn_blocks.0.self_attn.attention_weights,fusion,32768,32768,15872,16380,-0.00042,0.00534,0.04439,0.01781
w4g128,feature_enhancer.text_img_attn_blocks.5.attn.out_v_proj,fusion,262144,262144,126976,131068,0.00041,0.00460,0.04150,0.01864
w4g128,feature_enhancer.img_attn_blocks.3.self_attn.attention_weights,fusion,32768,32768,15872,16380,0.00041,0.00467,0.06048,0.01864
w4g128,decoder.layers.64.layers.1,action_head,524288,524288,253952,262140,-0.00040,0.00567,0.06260,0.01783
w4g128,feature_enhancer.text_attn_blocks.5.self_attn.attn.in_proj_weight,fusion,196608,196608,95232,98300,0.00040,0.00433,-1.00000,0.01863
w4g128,text_encoder.language_backbone.body.model.encoder.layer.8.attention.output.dense,text_bert,589824,589824,285696,294908,0.00040,0.00550,0.08927,0.01863
w4g128,backbone_3d.stages.1.blocks.0.ffn.layers.0.0,vision_3d,4096,4096,1792,2044,-0.00039,0.00587,0.13305,0.01784
w4g128,text_encoder.language_backbone.body.model.encoder.layer.9.attention.output.dense,text_bert,589824,589824,285696,294908,0.00039,0.00504,0.09052,0.01862
w4g128,text_encoder.language_backbone.body.model.encoder.layer.6.attention.self.key,text_bert,589824,589824,285696,294908,-0.00039,0.00488,0.06663,0.01785
w4g128,decoder.layers.23.q_proj,action_head,65536,65536,31744,32764,0.00038,0.00434,0.08459,0.01861
w4g128,feature_enhancer.text_img_attn_blocks.3.attn.values_l_proj,fusion,262144,262144,126976,131068,0.00038,0.00455,0.08884,0.01861
w4g128,backbone_3d.stages.2.blocks.2.ffn.layers.1,vision_3d,16384,16384,7936,8188,-0.00037,0.00441,0.06680,0.01786
w4g128,feature_enhancer.text_img_attn_blocks.3.attn.out_v_proj,fusion,262144,262144,126976,131068,-0.00036,0.00512,0.03892,0.01788
w4g128,decoder.robot_encoder.layers.7.proj,action_head,65536,65536,31744,32764,0.00035,0.00460,0.05911,0.01859
w4g128,decoder.layers.31.layers.0.0,action_head,524288,524288,253952,262140,0.00035,0.00412,0.05756,0.01858
w4g128,decoder.layers.42.layers.1,action_head,524288,524288,253952,262140,-0.00034,0.00428,0.11371,0.01789
w4g128,decoder.layers.12.proj,action_head,65536,65536,31744,32764,0.00034,0.00467,0.07481,0.01857
w4g128,decoder.layers.59.v_proj,action_head,65536,65536,31744,32764,-0.00034,0.00441,0.08798,0.01789
w4g128,backbone_3d.stages.1.downsample.reduction,vision_3d,8192,8192,3968,4092,-0.00034,0.00464,0.04339,0.01789
w4g128,decoder.head.output_layers.4,action_head,512,512,240,252,0.00034,0.00624,0.10242,0.01857
w4g128,backbone_3d.stages.3.blocks.1.attn.w_msa.proj,vision_3d,16384,16384,7936,8188,0.00034,0.00432,0.08908,0.01857
w4g128,feature_enhancer.text_attn_blocks.2.self_attn.attn.in_proj_weight,fusion,196608,196608,95232,98300,0.00033,0.00518,-1.00000,0.01856
w4g128,decoder.robot_encoder.layers.23.layers.1,action_head,524288,524288,253952,262140,-0.00033,0.00435,0.04249,0.01790
w4g128,decoder.layers.59.proj,action_head,65536,65536,31744,32764,0.00033,0.00430,0.07736,0.01856
w4g128,feature_enhancer.img_attn_blocks.1.self_attn.sampling_offsets,fusion,65536,65536,31744,32764,0.00032,0.00473,0.05273,0.01855
w4g128,decoder.robot_encoder.layers.7.k_proj,action_head,65536,65536,31744,32764,0.00032,0.00446,0.07407,0.01855
w4g128,decoder.input_layers.8,action_head,65536,65536,31744,32764,0.00032,0.00440,0.04852,0.01855
w4g128,spatial_enhancer.pts_prob_fc.layers.0,fusion,65536,65536,31744,32764,-0.00032,0.00436,0.02223,0.01791
w4g128,feature_enhancer.text_img_attn_blocks.2.attn.values_l_proj,fusion,262144,262144,126976,131068,-0.00032,0.00539,0.10401,0.01791
w4g128,feature_enhancer.text_img_attn_blocks.5.attn.v_proj,fusion,262144,262144,126976,131068,-0.00031,0.00431,0.08742,0.01792
w4g128,text_encoder.language_backbone.body.model.encoder.layer.10.attention.output.dense,text_bert,589824,589824,285696,294908,-0.00031,0.00544,0.08519,0.01792
w4g128,decoder.robot_encoder.layers.11.layers.1,action_head,524288,524288,253952,262140,0.00031,0.00495,0.04800,0.01854
w4g128,backbone_3d.stages.2.blocks.2.attn.w_msa.qkv,vision_3d,12288,12288,5760,6140,0.00031,0.00415,0.07399,0.01854
w4g128,decoder.robot_encoder.layers.1.q_proj,action_head,65536,65536,31744,32764,-0.00030,0.00397,0.06305,0.01793
w4g128,decoder.robot_encoder.layers.19.q_proj,action_head,65536,65536,31744,32764,-0.00030,0.00437,0.08268,0.01793
w4g128,neck_3d.convs.2.0,vision_3d,16384,16384,7936,8188,0.00030,0.00451,0.06161,0.01853
w4g128,decoder.layers.6.proj,action_head,65536,65536,31744,32764,-0.00029,0.00384,0.04429,0.01794
w4g128,decoder.layers.48.proj,action_head,65536,65536,31744,32764,-0.00029,0.00464,0.08812,0.01794
w4g128,decoder.layers.61.k_proj,action_head,65536,65536,31744,32764,0.00029,0.00471,0.07726,0.01852
w4g128,backbone_3d.stages.3.blocks.1.ffn.layers.1,vision_3d,65536,65536,31744,32764,0.00029,0.00383,0.06184,0.01852
w4g128,decoder.layers.17.k_proj,action_head,65536,65536,31744,32764,0.00029,0.00445,0.08193,0.01852
w4g128,feature_enhancer.text_attn_blocks.5.ffn.layers.1,fusion,262144,262144,126976,131068,-0.00029,0.00509,0.05480,0.01794
w4g128,backbone_3d.stages.3.blocks.1.attn.w_msa.qkv,vision_3d,49152,49152,23808,24572,0.00028,0.00405,0.07836,0.01851
w4g128,decoder.layers.22.adaLN_modulation.1,action_head,393216,393216,190464,196604,0.00028,0.00399,0.01912,0.01851
w4g128,decoder.robot_encoder.layers.5.layers.1,action_head,524288,524288,253952,262140,0.00028,0.00439,0.03613,0.01851
w4g128,decoder.layers.28.k_proj,action_head,65536,65536,31744,32764,-0.00028,0.00443,0.06085,0.01796
w4g128,decoder.layers.37.q_proj,action_head,65536,65536,31744,32764,0.00027,0.00414,0.09305,0.01851
w4g128,decoder.layers.39.q_proj,action_head,65536,65536,31744,32764,-0.00027,0.00436,0.08944,0.01796
w4g128,decoder.layers.1.q_proj,action_head,65536,65536,31744,32764,0.00027,0.00441,0.06996,0.01850
w4g128,decoder.layers.50.proj,action_head,65536,65536,31744,32764,-0.00027,0.00437,0.07934,0.01796
w4g128,decoder.robot_encoder.layers.19.position_encoder.mlp.0,action_head,65536,65536,31744,32764,-0.00027,0.00413,0.02554,0.01796
w4g128,decoder.robot_encoder.layers.7.position_encoder.mlp.2,action_head,65536,65536,31744,32764,0.00026,0.00446,0.04006,0.01849
w4g128,backbone_3d.stages.3.blocks.0.ffn.layers.0.0,vision_3d,65536,65536,31744,32764,0.00026,0.00411,0.06912,0.01849
w4g128,text_encoder.language_backbone.body.model.encoder.layer.3.intermediate.dense,text_bert,2359296,2359296,1142784,1179644,0.00024,0.00477,0.09051,0.01847
w4g128,decoder.layers.61.proj,action_head,65536,65536,31744,32764,0.00024,0.00446,0.07794,0.01847
w4g128,feature_enhancer.text_attn_blocks.4.self_attn.attn.in_proj_weight,fusion,196608,196608,95232,98300,-0.00024,0.00455,-1.00000,0.01799
w4g128,backbone_3d.stages.0.blocks.1.ffn.layers.0.0,vision_3d,1024,1024,384,508,0.00023,0.00434,0.05565,0.01846
w4g128,decoder.layers.23.k_proj,action_head,65536,65536,31744,32764,0.00023,0.00490,0.09119,0.01846
w4g128,decoder.layers.61.v_proj,action_head,65536,65536,31744,32764,0.00023,0.00439,0.09239,0.01846
w4g128,decoder.layers.4.q_proj,action_head,65536,65536,31744,32764,-0.00023,0.00414,0.06795,0.01801
w4g128,decoder.layers.20.layers.0.0,action_head,524288,524288,253952,262140,0.00022,0.00447,0.03983,0.01845
w4g128,feature_enhancer.img_attn_blocks.5.ffn.layers.1,fusion,524288,524288,253952,262140,-0.00022,0.00434,0.09543,0.01801
w4g128,decoder.robot_encoder.layers.19.v_proj,action_head,65536,65536,31744,32764,-0.00021,0.00481,0.09025,0.01802
w4g128,decoder.layers.26.v_proj,action_head,65536,65536,31744,32764,0.00021,0.00449,0.08833,0.01844
w4g128,text_encoder.language_backbone.body.model.encoder.layer.4.intermediate.dense,text_bert,2359296,2359296,1142784,1179644,0.00021,0.00460,0.09238,0.01844
w4g128,decoder.layers.15.q_proj,action_head,65536,65536,31744,32764,0.00020,0.00449,0.08092,0.01843
w4g128,decoder.input_layers.3,action_head,65536,65536,31744,32764,0.00020,0.00419,0.06023,0.01843
w4g128,decoder.layers.12.joint_pos_encoder.mlp.2,action_head,65536,65536,31744,32764,0.00020,0.00435,0.03828,0.01843
w4g128,feature_enhancer.img_attn_blocks.4.ffn.layers.0.0,fusion,524288,524288,253952,262140,0.00020,0.00500,0.07517,0.01843
w4g128,decoder.layers.34.joint_pos_encoder.mlp.2,action_head,65536,65536,31744,32764,-0.00019,0.00407,0.03303,0.01804
w4g128,decoder.layers.37.k_proj,action_head,65536,65536,31744,32764,-0.00019,0.00425,0.07555,0.01804
w4g128,decoder.layers.9.layers.1,action_head,524288,524288,253952,262140,0.00019,0.00451,0.06005,0.01842
w4g128,decoder.layers.17.v_proj,action_head,65536,65536,31744,32764,0.00018,0.00426,0.06829,0.01841
w4g128,backbone_3d.stages.2.blocks.2.attn.w_msa.proj,vision_3d,4096,4096,1920,2044,0.00017,0.00463,0.08351,0.01840
w4g128,decoder.layers.17.proj,action_head,65536,65536,31744,32764,0.00016,0.00418,0.04727,0.01839
w4g128,feature_enhancer.text_attn_blocks.0.self_attn.attn.in_proj_weight,fusion,196608,196608,95232,98300,0.00016,0.00467,-1.00000,0.01839
w4g128,decoder.layers.4.v_proj,action_head,65536,65536,31744,32764,0.00016,0.00427,0.10953,0.01839
w4g128,decoder.robot_encoder.layers.11.layers.0.0,action_head,524288,524288,253952,262140,0.00016,0.00512,0.04282,0.01839
w4g128,backbone_3d.stages.2.blocks.3.attn.w_msa.proj,vision_3d,4096,4096,1920,2044,0.00015,0.00418,0.09159,0.01838
w4g128,feature_enhancer.text_attn_blocks.1.self_attn.attn.in_proj_weight,fusion,196608,196608,95232,98300,-0.00015,0.00530,-1.00000,0.01808
w4g128,spatial_enhancer.fusion_fc.1,fusion,131072,131072,63488,65532,-0.00014,0.00491,0.06428,0.01809
w4g128,feature_enhancer.img_attn_blocks.5.self_attn.output_proj,fusion,65536,65536,31744,32764,-0.00014,0.00497,0.10872,0.01809
w4g128,text_encoder.language_backbone.body.model.encoder.layer.4.attention.output.dense,text_bert,589824,589824,285696,294908,-0.00014,0.00455,0.08591,0.01809
w4g128,feature_enhancer.img_attn_blocks.4.self_attn.output_proj,fusion,65536,65536,31744,32764,0.00014,0.00438,0.10343,0.01837
w4g128,decoder.layers.37.v_proj,action_head,65536,65536,31744,32764,-0.00013,0.00415,0.07925,0.01810
w4g128,decoder.layers.17.q_proj,action_head,65536,65536,31744,32764,0.00013,0.00444,0.08123,0.01836
w4g128,decoder.robot_encoder.layers.1.k_proj,action_head,65536,65536,31744,32764,0.00013,0.00514,0.06399,0.01836
w4g128,decoder.layers.12.v_proj,action_head,65536,65536,31744,32764,-0.00013,0.00378,0.11320,0.01810
w4g128,decoder.robot_encoder.layers.23.layers.0.0,action_head,524288,524288,253952,262140,-0.00012,0.00463,0.04733,0.01811
w4g128,decoder.layers.45.joint_pos_encoder.mlp.0,action_head,65536,65536,31744,32764,-0.00012,0.00430,0.02038,0.01811
w4g128,feature_enhancer.text_img_attn_blocks.3.attn.v_proj,fusion,262144,262144,126976,131068,-0.00012,0.00526,0.08041,0.01811
w4g128,backbone_3d.stages.2.blocks.3.attn.w_msa.qkv,vision_3d,12288,12288,5760,6140,-0.00011,0.00440,0.07253,0.01812
w4g128,decoder.robot_encoder.input_fc.10,action_head,65536,65536,31744,32764,0.00011,0.00497,0.03278,0.01834
w4g128,decoder.robot_encoder.layers.13.q_proj,action_head,65536,65536,31744,32764,0.00011,0.00414,0.07771,0.01834
w4g128,decoder.layers.15.proj,action_head,65536,65536,31744,32764,0.00011,0.00425,0.07559,0.01834
w4g128,feature_enhancer.text_attn_blocks.4.self_attn.attn.out_proj,fusion,65536,65536,31744,32764,-0.00011,0.00473,0.07944,0.01812
w4g128,decoder.layers.12.k_proj,action_head,65536,65536,31744,32764,0.00011,0.00478,0.07299,0.01834
w4g128,decoder.layers.28.q_proj,action_head,65536,65536,31744,32764,0.00010,0.00405,0.08533,0.01833
w4g128,decoder.robot_encoder.layers.13.position_encoder.mlp.0,action_head,65536,65536,31744,32764,0.00010,0.00441,0.02794,0.01833
w4g128,decoder.layers.56.k_proj,action_head,65536,65536,31744,32764,-0.00010,0.00460,0.06973,0.01813
w4g128,decoder.layers.23.joint_pos_encoder.mlp.2,action_head,65536,65536,31744,32764,0.00010,0.00446,0.03990,0.01833
w4g128,decoder.layers.55.adaLN_modulation.1,action_head,393216,393216,190464,196604,-0.00010,0.00578,0.01523,0.01813
w4g128,decoder.layers.26.q_proj,action_head,65536,65536,31744,32764,-0.00009,0.00465,0.07616,0.01814
w4g128,decoder.layers.4.proj,action_head,65536,65536,31744,32764,-0.00009,0.00409,0.06052,0.01814
w4g128,backbone.stages.2.blocks.0.ffn.layers.1,vision_2d,589824,589824,285696,294908,-0.00008,0.00490,0.12431,0.01815
w4g128,decoder.layers.1.joint_pos_encoder.mlp.0,action_head,65536,65536,31744,32764,0.00007,0.00421,0.01260,0.01830
w4g128,backbone.stages.2.blocks.4.attn.w_msa.proj,vision_2d,147456,147456,71424,73724,0.00006,0.00484,0.12712,0.01829
w4g128,feature_enhancer.text_attn_blocks.3.ffn.layers.0.0,fusion,262144,262144,126976,131068,0.00006,0.00547,0.04437,0.01829
w4g128,feature_enhancer.img_attn_blocks.2.ffn.layers.1,fusion,524288,524288,253952,262140,0.00006,0.00584,0.07017,0.01829
w4g128,decoder.robot_encoder.layers.17.layers.0.0,action_head,524288,524288,253952,262140,0.00006,0.00455,0.04577,0.01829
w4g128,text_encoder.language_backbone.body.model.encoder.layer.2.attention.self.value,text_bert,589824,589824,285696,294908,0.00005,0.00461,0.09342,0.01828
w4g128,decoder.layers.34.joint_pos_encoder.mlp.0,action_head,65536,65536,31744,32764,-0.00004,0.00413,0.02362,0.01819
w4g128,feature_enhancer.text_img_attn_blocks.5.attn.l_proj,fusion,262144,262144,126976,131068,0.00003,0.00446,0.09579,0.01826
w4g128,decoder.input_layers.0,action_head,8192,8192,3584,4092,-0.00003,0.00404,0.12689,0.01820
w4g128,decoder.robot_encoder.layers.19.proj,action_head,65536,65536,31744,32764,-0.00003,0.00485,0.06027,0.01820
w4g128,text_encoder.language_backbone.body.model.encoder.layer.3.attention.self.value,text_bert,589824,589824,285696,294908,0.00003,0.00513,0.09470,0.01826
w4g128,decoder.input_layers.1,action_head,65536,65536,31744,32764,0.00003,0.00435,0.04551,0.01826
w4g128,decoder.layers.48.q_proj,action_head,65536,65536,31744,32764,-0.00002,0.00464,0.10632,0.01821
w4g128,decoder.robot_encoder.layers.13.k_proj,action_head,65536,65536,31744,32764,0.00002,0.00446,0.07859,0.01825
w4g128,backbone_3d.stages.1.blocks.0.attn.w_msa.proj,vision_3d,1024,1024,448,508,-0.00002,0.00448,0.09591,0.01821
w4g128,text_encoder.language_backbone.body.model.encoder.layer.4.attention.self.value,text_bert,589824,589824,285696,294908,0.00002,0.00522,0.09907,0.01825
w4g128,backbone_3d.stages.2.blocks.2.ffn.layers.0.0,vision_3d,16384,16384,7680,8188,0.00001,0.00437,0.08376,0.01824
w4g128,spatial_enhancer.pts_prob_pre_fc,fusion,32768,32768,15872,16380,-0.00001,0.00453,0.06080,0.01822
w4g128,text_encoder.language_backbone.body.model.encoder.layer.4.output.dense,text_bert,2359296,2359296,1142784,1179644,0.00000,0.00467,0.08102,0.01824
w4g128,neck_3d.convs.0.0,vision_3d,4096,4096,1792,2044,0.00000,0.00000,0.07313,0.01823
w4g128,neck_3d.extra_convs.0.0,vision_3d,147456,147456,71424,73724,0.00000,0.00000,0.04607,0.01823
w4pt,decoder.head.output_layers.4,action_head,512,512,240,252,0.01266,0.02070,0.17464,0.03089
w4pt,backbone_3d.stages.1.blocks.0.attn.w_msa.qkv,vision_3d,3072,3072,1344,1532,0.01178,0.01581,0.10946,0.03001
w4pt,decoder.head.convs.0,action_head,98304,98304,47616,49148,0.01100,0.02180,0.27982,0.02923
w4pt,backbone.patch_embed.projection,vision_2d,4608,4608,2112,2300,0.01051,0.01415,0.56851,0.02874
w4pt,spatial_enhancer.fusion_fc.0.layers.0.0,fusion,524288,524288,253952,262140,0.01045,0.01396,0.11892,0.02868
w4pt,backbone.stages.2.downsample.reduction,vision_2d,1179648,1179648,571392,589820,0.00820,0.01350,0.78806,0.02643
w4pt,backbone_3d.stages.1.blocks.0.ffn.layers.1,vision_3d,4096,4096,1984,2044,0.00808,0.01148,0.43626,0.02631
w4pt,decoder.head.output_layers.1,action_head,4096,4096,1920,2044,0.00803,0.01715,0.25404,0.02626
w4pt,backbone.stages.2.blocks.3.ffn.layers.1,vision_2d,589824,589824,285696,294908,0.00789,0.01121,0.85727,0.02612
w4pt,backbone.stages.3.blocks.1.ffn.layers.1,vision_2d,2359296,2359296,1142784,1179644,0.00726,0.01117,0.89160,0.02549
w4pt,backbone_3d.stages.0.blocks.0.ffn.layers.1,vision_3d,1024,1024,480,508,0.00723,0.01082,0.08159,0.02546
w4pt,text_encoder.language_backbone.body.model.encoder.layer.1.attention.output.dense,text_bert,589824,589824,285696,294908,0.00669,0.01001,0.12131,0.02492
w4pt,feature_enhancer.text_attn_blocks.3.ffn.layers.0.0,fusion,262144,262144,126976,131068,0.00664,0.00956,0.09230,0.02487
w4pt,backbone.stages.3.blocks.1.ffn.layers.0.0,vision_2d,2359296,2359296,1142784,1179644,0.00615,0.00886,0.15604,0.02438
w4pt,text_encoder.language_backbone.body.model.encoder.layer.6.attention.self.value,text_bert,589824,589824,285696,294908,0.00615,0.00956,0.12158,0.02438
w4pt,text_encoder.language_backbone.body.model.encoder.layer.9.attention.output.dense,text_bert,589824,589824,285696,294908,0.00572,0.00844,0.13284,0.02396
w4pt,backbone.stages.3.blocks.1.attn.w_msa.proj,vision_2d,589824,589824,285696,294908,0.00570,0.00889,0.74956,0.02393
w4pt,feature_enhancer.img_attn_blocks.5.self_attn.sampling_offsets,fusion,65536,65536,31744,32764,0.00560,0.00930,0.12966,0.02383
w4pt,feature_enhancer.img_attn_blocks.4.ffn.layers.1,fusion,524288,524288,253952,262140,0.00535,0.00909,0.17379,0.02358
w4pt,backbone_3d.stages.0.blocks.1.attn.w_msa.proj,vision_3d,256,256,96,124,0.00525,0.00852,0.06137,0.02348
w4pt,backbone.stages.2.blocks.1.ffn.layers.1,vision_2d,589824,589824,285696,294908,0.00519,0.00871,0.61139,0.02342
w4pt,backbone.stages.0.blocks.1.ffn.layers.1,vision_2d,36864,36864,17856,18428,0.00513,0.00822,0.46274,0.02336
w4pt,feature_enhancer.text_img_attn_blocks.0.attn.values_l_proj,fusion,262144,262144,126976,131068,0.00497,0.00832,0.16245,0.02320
w4pt,text_encoder.language_backbone.body.model.encoder.layer.7.output.dense,text_bert,2359296,2359296,1142784,1179644,0.00493,0.00813,0.58517,0.02316
w4pt,feature_enhancer.img_attn_blocks.3.self_attn.value_proj,fusion,65536,65536,31744,32764,0.00488,0.00831,0.21009,0.02311
w4pt,backbone.stages.2.blocks.5.ffn.layers.0.0,vision_2d,589824,589824,285696,294908,0.00487,0.00804,0.26758,0.02310
w4pt,neck.convs.2.0,neck_convs,196608,196608,95232,98300,0.00486,0.00814,0.12167,0.02309
w4pt,feature_enhancer.img_attn_blocks.4.self_attn.sampling_offsets,fusion,65536,65536,31744,32764,0.00480,0.00807,0.15759,0.02303
w4pt,feature_enhancer.text_img_attn_blocks.2.attn.out_v_proj,fusion,262144,262144,126976,131068,0.00473,0.00833,0.06876,0.02296
w4pt,text_encoder.language_backbone.body.model.encoder.layer.1.output.dense,text_bert,2359296,2359296,1142784,1179644,0.00472,0.00799,0.55450,0.02295
w4pt,backbone.stages.1.blocks.1.attn.w_msa.proj,vision_2d,36864,36864,17664,18428,0.00472,0.00781,0.16221,0.02295
w4pt,backbone.stages.3.blocks.1.attn.w_msa.qkv,vision_2d,1769472,1769472,857088,884732,0.00466,0.00764,0.18540,0.02289
w4pt,feature_enhancer.img_attn_blocks.3.self_attn.sampling_offsets,fusion,65536,65536,31744,32764,0.00462,0.00744,0.17705,0.02285
w4pt,feature_enhancer.img_attn_blocks.5.ffn.layers.1,fusion,524288,524288,253952,262140,0.00446,0.01018,0.57930,0.02269
w4pt,feature_enhancer.img_attn_blocks.1.self_attn.output_proj,fusion,65536,65536,31744,32764,0.00445,0.00798,0.14339,0.02268
w4pt,feature_enhancer.text_img_attn_blocks.1.attn.out_v_proj,fusion,262144,262144,126976,131068,0.00430,0.00736,0.06927,0.02253
w4pt,text_encoder.language_backbone.body.model.encoder.layer.10.attention.self.value,text_bert,589824,589824,285696,294908,0.00430,0.00764,0.12357,0.02253
w4pt,text_encoder.language_backbone.body.model.encoder.layer.3.attention.self.key,text_bert,589824,589824,285696,294908,0.00430,0.00774,0.11733,0.02253
w4pt,backbone_3d.stages.0.downsample.reduction,vision_3d,2048,2048,960,1020,0.00425,0.00927,0.18944,0.02248
w4pt,text_encoder.language_backbone.body.model.encoder.layer.0.attention.self.key,text_bert,589824,589824,285696,294908,0.00423,0.00732,0.11397,0.02246
w4pt,backbone_3d.stages.2.blocks.4.ffn.layers.1,vision_3d,16384,16384,7936,8188,0.00416,0.00761,0.10535,0.02239
w4pt,feature_enhancer.text_img_attn_blocks.4.attn.values_l_proj,fusion,262144,262144,126976,131068,0.00412,0.00739,0.18720,0.02235
w4pt,decoder.head.convs.1,action_head,24576,24576,11904,12284,0.00412,0.01368,0.19297,0.02235
w4pt,backbone_3d.stages.0.blocks.1.ffn.layers.1,vision_3d,1024,1024,480,508,0.00410,0.00700,0.09908,0.02233
w4pt,text_encoder.language_backbone.body.model.encoder.layer.10.attention.self.key,text_bert,589824,589824,285696,294908,0.00398,0.00734,0.10212,0.02221
w4pt,backbone_3d.stages.0.blocks.0.attn.w_msa.qkv,vision_3d,768,768,288,380,-0.00398,0.01758,0.09662,0.01425
w4pt,backbone_3d.stages.1.downsample.reduction,vision_3d,8192,8192,3968,4092,0.00396,0.00708,0.08635,0.02219
w4pt,feature_enhancer.img_attn_blocks.0.ffn.layers.1,fusion,524288,524288,253952,262140,0.00394,0.00760,0.24701,0.02217
w4pt,backbone.stages.2.blocks.3.ffn.layers.0.0,vision_2d,589824,589824,285696,294908,0.00392,0.00750,0.12229,0.02216
w4pt,text_encoder.language_backbone.body.model.encoder.layer.4.output.dense,text_bert,2359296,2359296,1142784,1179644,0.00388,0.00729,0.47678,0.02211
w4pt,feature_enhancer.img_attn_blocks.0.self_attn.output_proj,fusion,65536,65536,31744,32764,0.00386,0.00719,0.15150,0.02209
w4pt,text_encoder.language_backbone.body.model.encoder.layer.6.attention.self.key,text_bert,589824,589824,285696,294908,0.00384,0.00704,0.09552,0.02207
w4pt,backbone_3d.stages.2.blocks.0.ffn.layers.1,vision_3d,16384,16384,7936,8188,0.00383,0.00676,0.11934,0.02206
w4pt,backbone.stages.2.blocks.0.attn.w_msa.proj,vision_2d,147456,147456,71424,73724,0.00374,0.00785,0.24062,0.02197
w4pt,text_encoder.language_backbone.body.model.encoder.layer.7.attention.output.dense,text_bert,589824,589824,285696,294908,0.00372,0.00778,0.12786,0.02196
w4pt,backbone.stages.0.blocks.0.ffn.layers.0.0,vision_2d,36864,36864,17664,18428,0.00364,0.00711,0.31739,0.02187
w4pt,text_encoder.language_backbone.body.model.encoder.layer.3.attention.output.dense,text_bert,589824,589824,285696,294908,0.00364,0.00701,0.12049,0.02187
w4pt,backbone_3d.patch_embed.projection,vision_3d,256,256,96,124,0.00358,0.00845,0.12075,0.02181
w4pt,decoder.layers.64.layers.1,action_head,524288,524288,253952,262140,0.00357,0.01335,0.21223,0.02180
w4pt,backbone_3d.stages.1.blocks.1.ffn.layers.0.0,vision_3d,4096,4096,1792,2044,0.00348,0.00700,0.32336,0.02171
w4pt,text_encoder.language_backbone.body.model.encoder.layer.1.attention.self.value,text_bert,589824,589824,285696,294908,0.00348,0.00711,0.12255,0.02171
w4pt,feature_enhancer.img_attn_blocks.1.self_attn.sampling_offsets,fusion,65536,65536,31744,32764,0.00348,0.00723,0.10817,0.02171
w4pt,backbone_3d.stages.1.blocks.0.attn.w_msa.proj,vision_3d,1024,1024,448,508,0.00337,0.00660,0.13018,0.02160
w4pt,backbone_3d.stages.2.blocks.3.ffn.layers.0.0,vision_3d,16384,16384,7680,8188,0.00334,0.00654,0.12437,0.02157
w4pt,feature_enhancer.text_img_attn_blocks.1.attn.l_proj,fusion,262144,262144,126976,131068,0.00332,0.00683,0.19421,0.02155
w4pt,feature_enhancer.text_attn_blocks.1.self_attn.attn.in_proj_weight,fusion,196608,196608,95232,98300,0.00331,0.00695,-1.00000,0.02154
w4pt,feature_enhancer.img_attn_blocks.2.ffn.layers.0.0,fusion,524288,524288,253952,262140,0.00326,0.00697,0.12103,0.02149
w4pt,text_encoder.language_backbone.body.model.encoder.layer.4.attention.self.query,text_bert,589824,589824,285696,294908,0.00323,0.00684,0.10142,0.02146
w4pt,decoder.robot_encoder.input_fc.5,action_head,65536,65536,31744,32764,0.00323,0.00777,0.07288,0.02146
w4pt,backbone_3d.stages.2.blocks.1.ffn.layers.1,vision_3d,16384,16384,7936,8188,0.00320,0.00659,0.13988,0.02143
w4pt,feature_enhancer.text_attn_blocks.0.ffn.layers.0.0,fusion,262144,262144,126976,131068,0.00318,0.00647,0.09800,0.02141
w4pt,text_encoder.language_backbone.body.model.encoder.layer.7.attention.self.query,text_bert,589824,589824,285696,294908,0.00316,0.00638,0.09521,0.02140
w4pt,decoder.layers.42.layers.1,action_head,524288,524288,253952,262140,0.00307,0.00739,0.48013,0.02130
w4pt,backbone.stages.0.blocks.1.ffn.layers.0.0,vision_2d,36864,36864,17664,18428,0.00307,0.00644,0.16263,0.02130
w4pt,text_encoder.language_backbone.body.model.encoder.layer.2.output.dense,text_bert,2359296,2359296,1142784,1179644,0.00303,0.00637,0.49828,0.02126
w4pt,spatial_enhancer.fusion_fc.1,fusion,131072,131072,63488,65532,-0.00299,0.00660,0.26429,0.01524
w4pt,feature_enhancer.text_img_attn_blocks.0.attn.values_v_proj,fusion,262144,262144,126976,131068,0.00297,0.00704,0.18218,0.02120
w4pt,neck.extra_convs.0.0,neck_convs,1769472,1769472,857088,884732,0.00296,0.00671,0.10843,0.02119
w4pt,spatial_enhancer.fusion_fc.0.layers.1,fusion,524288,524288,253952,262140,0.00296,0.00740,0.14361,0.02119
w4pt,decoder.layers.48.k_proj,action_head,65536,65536,31744,32764,0.00296,0.00664,0.13346,0.02119
w4pt,text_encoder.language_backbone.body.model.encoder.layer.9.attention.self.query,text_bert,589824,589824,285696,294908,0.00293,0.00621,0.09854,0.02116
w4pt,text_encoder.language_backbone.body.model.encoder.layer.9.output.dense,text_bert,2359296,2359296,1142784,1179644,0.00292,0.00683,0.33287,0.02115
w4pt,feature_enhancer.img_attn_blocks.4.self_attn.value_proj,fusion,65536,65536,31744,32764,0.00292,0.00649,0.38983,0.02115
w4pt,backbone.stages.3.blocks.0.attn.w_msa.qkv,vision_2d,1769472,1769472,857088,884732,0.00290,0.00584,0.10117,0.02113
w4pt,backbone_3d.stages.2.blocks.0.ffn.layers.0.0,vision_3d,16384,16384,7680,8188,0.00289,0.00635,0.22352,0.02112
w4pt,text_encoder.language_backbone.body.model.encoder.layer.10.attention.self.query,text_bert,589824,589824,285696,294908,0.00287,0.00608,0.10928,0.02111
w4pt,text_encoder.language_backbone.body.model.encoder.layer.6.attention.output.dense,text_bert,589824,589824,285696,294908,0.00287,0.00607,0.11900,0.02110
w4pt,feature_enhancer.text_img_attn_blocks.0.attn.out_l_proj,fusion,262144,262144,126976,131068,0.00286,0.00683,0.09375,0.02109
w4pt,feature_enhancer.text_img_attn_blocks.1.attn.out_l_proj,fusion,262144,262144,126976,131068,0.00285,0.00649,0.11384,0.02108
w4pt,decoder.robot_encoder.input_fc.0,action_head,2048,2048,512,1020,0.00283,0.00821,0.12373,0.02106
w4pt,feature_enhancer.img_attn_blocks.4.self_attn.output_proj,fusion,65536,65536,31744,32764,0.00282,0.00656,0.17332,0.02105
w4pt,text_encoder.language_backbone.body.model.encoder.layer.6.intermediate.dense,text_bert,2359296,2359296,1142784,1179644,0.00280,0.00548,0.08152,0.02103
w4pt,backbone_3d.stages.0.blocks.1.attn.w_msa.qkv,vision_3d,768,768,288,380,-0.00279,0.00675,0.09564,0.01544
w4pt,backbone.stages.2.blocks.2.ffn.layers.1,vision_2d,589824,589824,285696,294908,0.00278,0.00655,0.88316,0.02101
w4pt,backbone_3d.stages.1.blocks.1.attn.w_msa.proj,vision_3d,1024,1024,448,508,0.00277,0.00624,0.11761,0.02100
w4pt,feature_enhancer.text_img_attn_blocks.3.attn.values_l_proj,fusion,262144,262144,126976,131068,0.00275,0.00663,0.17053,0.02098
w4pt,feature_enhancer.text_img_attn_blocks.2.attn.l_proj,fusion,262144,262144,126976,131068,0.00275,0.00610,0.17730,0.02098
w4pt,decoder.robot_encoder.input_fc.2,action_head,65536,65536,31744,32764,0.00274,0.00660,0.05821,0.02097
w4pt,spatial_enhancer.pts_prob_fc.layers.0,fusion,65536,65536,31744,32764,0.00270,0.00645,0.07775,0.02094
w4pt,text_encoder.language_backbone.body.model.encoder.layer.4.attention.self.value,text_bert,589824,589824,285696,294908,0.00270,0.00635,0.13499,0.02093
w4pt,backbone_3d.stages.2.blocks.3.attn.w_msa.proj,vision_3d,4096,4096,1920,2044,0.00269,0.00599,0.13129,0.02092
w4pt,backbone.stages.1.downsample.reduction,vision_2d,294912,294912,142848,147452,0.00269,0.00617,0.22601,0.02092
w4pt,backbone.stages.0.blocks.0.attn.w_msa.qkv,vision_2d,27648,27648,13248,13820,0.00266,0.00669,0.22138,0.02089
w4pt,decoder.layers.56.v_proj,action_head,65536,65536,31744,32764,0.00266,0.00677,0.15308,0.02089
w4pt,text_encoder.language_backbone.body.model.encoder.layer.11.attention.self.value,text_bert,589824,589824,285696,294908,0.00265,0.00629,0.12693,0.02088
w4pt,feature_enhancer.text_attn_blocks.0.self_attn.attn.in_proj_weight,fusion,196608,196608,95232,98300,0.00260,0.00585,-1.00000,0.02083
w4pt,feature_enhancer.img_attn_blocks.4.self_attn.attention_weights,fusion,32768,32768,15872,16380,0.00258,0.00635,0.13265,0.02081
w4pt,decoder.layers.55.adaLN_modulation.1,action_head,393216,393216,190464,196604,0.00257,0.01065,0.06817,0.02080
w4pt,text_encoder.language_backbone.body.model.encoder.layer.5.output.dense,text_bert,2359296,2359296,1142784,1179644,0.00255,0.00589,0.63556,0.02078
w4pt,text_encoder.language_backbone.body.model.encoder.layer.6.output.dense,text_bert,2359296,2359296,1142784,1179644,0.00254,0.00717,0.48830,0.02077
w4pt,backbone.stages.0.blocks.1.attn.w_msa.qkv,vision_2d,27648,27648,13248,13820,0.00253,0.00599,0.13425,0.02076
w4pt,feature_enhancer.img_attn_blocks.3.self_attn.output_proj,fusion,65536,65536,31744,32764,0.00251,0.00612,0.13030,0.02074
w4pt,feature_enhancer.text_img_attn_blocks.1.attn.v_proj,fusion,262144,262144,126976,131068,0.00251,0.00601,0.18366,0.02074
w4pt,backbone.stages.2.blocks.2.attn.w_msa.qkv,vision_2d,442368,442368,214272,221180,0.00247,0.00565,0.23580,0.02070
w4pt,feature_enhancer.img_attn_blocks.2.self_attn.value_proj,fusion,65536,65536,31744,32764,0.00243,0.00639,0.19626,0.02066
w4pt,feature_enhancer.img_attn_blocks.0.self_attn.sampling_offsets,fusion,65536,65536,31744,32764,0.00243,0.00628,0.12657,0.02066
w4pt,text_encoder.language_backbone.body.model.encoder.layer.8.attention.self.value,text_bert,589824,589824,285696,294908,0.00243,0.00628,0.13774,0.02066
w4pt,text_encoder.language_backbone.body.model.encoder.layer.2.attention.self.key,text_bert,589824,589824,285696,294908,0.00241,0.00577,0.10702,0.02064
w4pt,backbone.stages.3.blocks.0.ffn.layers.0.0,vision_2d,2359296,2359296,1142784,1179644,0.00238,0.00747,0.15226,0.02061
w4pt,backbone_3d.stages.2.blocks.3.attn.w_msa.qkv,vision_3d,12288,12288,5760,6140,0.00238,0.00544,0.11372,0.02061
w4pt,backbone.stages.2.blocks.3.attn.w_msa.qkv,vision_2d,442368,442368,214272,221180,0.00233,0.00593,0.23526,0.02056
w4pt,feature_enhancer.img_attn_blocks.3.self_attn.attention_weights,fusion,32768,32768,15872,16380,0.00228,0.00559,0.12773,0.02051
w4pt,text_encoder.language_backbone.body.model.encoder.layer.0.intermediate.dense,text_bert,2359296,2359296,1142784,1179644,0.00228,0.00614,0.07815,0.02051
w4pt,text_encoder.language_backbone.body.model.encoder.layer.1.attention.self.key,text_bert,589824,589824,285696,294908,0.00227,0.00565,0.14960,0.02051
w4pt,backbone.stages.0.blocks.1.attn.w_msa.proj,vision_2d,9216,9216,4416,4604,0.00227,0.00607,0.14149,0.02050
w4pt,backbone.stages.3.blocks.0.ffn.layers.1,vision_2d,2359296,2359296,1142784,1179644,0.00226,0.00641,0.86979,0.02049
w4pt,backbone.stages.3.blocks.0.attn.w_msa.proj,vision_2d,589824,589824,285696,294908,0.00225,0.00586,0.84198,0.02048
w4pt,text_encoder.language_backbone.body.model.encoder.layer.0.output.dense,text_bert,2359296,2359296,1142784,1179644,0.00223,0.00534,0.48764,0.02046
w4pt,decoder.head.output_layers.3,action_head,4096,4096,1920,2044,-0.00217,0.00909,0.17180,0.01606
w4pt,backbone.stages.2.blocks.5.ffn.layers.1,vision_2d,589824,589824,285696,294908,0.00216,0.00548,0.73011,0.02040
w4pt,backbone_3d.stages.2.blocks.3.ffn.layers.1,vision_3d,16384,16384,7936,8188,0.00215,0.00494,0.13379,0.02038
w4pt,decoder.layers.64.layers.0.0,action_head,524288,524288,253952,262140,-0.00213,0.00883,0.13010,0.01610
w4pt,text_encoder.language_backbone.body.model.encoder.layer.11.output.dense,text_bert,2359296,2359296,1142784,1179644,0.00212,0.00600,0.12974,0.02035
w4pt,feature_enhancer.text_attn_blocks.3.self_attn.attn.in_proj_weight,fusion,196608,196608,95232,98300,0.00210,0.00501,-1.00000,0.02033
w4pt,text_encoder.language_backbone.body.model.encoder.layer.1.intermediate.dense,text_bert,2359296,2359296,1142784,1179644,0.00210,0.00558,0.06390,0.02033
w4pt,text_encoder.language_backbone.body.model.encoder.layer.1.attention.self.query,text_bert,589824,589824,285696,294908,0.00209,0.00623,0.10583,0.02033
w4pt,backbone_3d.stages.1.blocks.1.ffn.layers.1,vision_3d,4096,4096,1984,2044,0.00207,0.00518,0.35641,0.02030
w4pt,feature_enhancer.text_attn_blocks.5.ffn.layers.1,fusion,262144,262144,126976,131068,0.00207,0.00662,0.39792,0.02030
w4pt,text_encoder.language_backbone.body.model.encoder.layer.4.intermediate.dense,text_bert,2359296,2359296,1142784,1179644,0.00204,0.00563,0.08613,0.02027
w4pt,backbone.stages.1.blocks.1.ffn.layers.1,vision_2d,147456,147456,71424,73724,0.00202,0.00743,0.49302,0.02025
w4pt,decoder.layers.59.k_proj,action_head,65536,65536,31744,32764,0.00201,0.00560,0.13150,0.02024
w4pt,feature_enhancer.text_img_attn_blocks.4.attn.v_proj,fusion,262144,262144,126976,131068,0.00200,0.00576,0.15553,0.02024
w4pt,decoder.robot_encoder.input_fc.7,action_head,65536,65536,31744,32764,0.00199,0.00622,0.13486,0.02022
w4pt,decoder.t_embed.mlp.0,action_head,65536,65536,31744,32764,0.00199,0.00523,0.04672,0.02022
w4pt,feature_enhancer.text_img_attn_blocks.3.attn.v_proj,fusion,262144,262144,126976,131068,0.00192,0.00557,0.13634,0.02015
w4pt,backbone_3d.stages.2.blocks.1.ffn.layers.0.0,vision_3d,16384,16384,7680,8188,0.00190,0.00564,0.20520,0.02013
w4pt,text_encoder.language_backbone.body.model.encoder.layer.2.attention.self.value,text_bert,589824,589824,285696,294908,0.00188,0.00674,0.12684,0.02011
w4pt,backbone.stages.1.blocks.0.attn.w_msa.proj,vision_2d,36864,36864,17664,18428,0.00187,0.00718,0.14319,0.02010
w4pt,backbone.stages.2.blocks.5.attn.w_msa.qkv,vision_2d,442368,442368,214272,221180,0.00183,0.00586,0.19295,0.02006
w4pt,text_encoder.language_backbone.body.model.encoder.layer.4.attention.self.key,text_bert,589824,589824,285696,294908,0.00179,0.00542,0.10289,0.02002
w4pt,backbone.stages.2.blocks.2.attn.w_msa.proj,vision_2d,147456,147456,71424,73724,-0.00175,0.00620,0.28002,0.01648
w4pt,feature_enhancer.text_img_attn_blocks.2.attn.v_proj,fusion,262144,262144,126976,131068,0.00174,0.00492,0.15671,0.01997
w4pt,decoder.layers.56.joint_pos_encoder.mlp.0,action_head,65536,65536,31744,32764,-0.00174,0.00507,0.08937,0.01650
w4pt,text_encoder.language_backbone.body.model.encoder.layer.7.attention.self.value,text_bert,589824,589824,285696,294908,0.00169,0.00582,0.13103,0.01992
w4pt,backbone.stages.2.blocks.1.attn.w_msa.qkv,vision_2d,442368,442368,214272,221180,0.00167,0.00534,0.22503,0.01990
w4pt,feature_enhancer.img_attn_blocks.5.self_attn.output_proj,fusion,65536,65536,31744,32764,-0.00167,0.00510,0.19580,0.01656
w4pt,text_encoder.language_backbone.body.model.encoder.layer.5.attention.self.value,text_bert,589824,589824,285696,294908,0.00166,0.00570,0.11792,0.01989
w4pt,text_encoder.language_backbone.body.model.encoder.layer.8.intermediate.dense,text_bert,2359296,2359296,1142784,1179644,0.00161,0.00540,0.09657,0.01984
w4pt,decoder.robot_encoder.layers.1.position_encoder.mlp.0,action_head,65536,65536,31744,32764,-0.00161,0.00495,0.08410,0.01662
w4pt,feature_enhancer.img_attn_blocks.0.self_attn.value_proj,fusion,65536,65536,31744,32764,0.00160,0.00533,0.16511,0.01984
w4pt,text_encoder.language_backbone.body.model.encoder.layer.2.attention.self.query,text_bert,589824,589824,285696,294908,0.00160,0.00579,0.10434,0.01983
w4pt,feature_enhancer.text_img_attn_blocks.0.attn.out_v_proj,fusion,262144,262144,126976,131068,0.00152,0.00530,0.07385,0.01975
w4pt,feature_enhancer.text_img_attn_blocks.3.attn.l_proj,fusion,262144,262144,126976,131068,0.00152,0.00604,0.22541,0.01975
w4pt,backbone.stages.2.blocks.2.ffn.layers.0.0,vision_2d,589824,589824,285696,294908,0.00151,0.00568,0.12382,0.01974
w4pt,backbone.stages.2.blocks.5.attn.w_msa.proj,vision_2d,147456,147456,71424,73724,0.00151,0.00536,0.62332,0.01974
w4pt,spatial_enhancer.pts_fc,fusion,384,384,-64,188,-0.00150,0.00800,0.09175,0.01673
w4pt,backbone_3d.stages.2.blocks.5.ffn.layers.0.0,vision_3d,16384,16384,7680,8188,0.00144,0.00561,0.15804,0.01967
w4pt,feature_enhancer.text_img_attn_blocks.4.attn.out_v_proj,fusion,262144,262144,126976,131068,0.00144,0.00530,0.05996,0.01967
w4pt,backbone_3d.stages.1.blocks.0.ffn.layers.0.0,vision_3d,4096,4096,1792,2044,0.00143,0.00589,0.31222,0.01966
w4pt,text_encoder.language_backbone.body.model.encoder.layer.3.attention.self.value,text_bert,589824,589824,285696,294908,0.00143,0.00484,0.12489,0.01966
w4pt,text_encoder.language_backbone.body.model.encoder.layer.5.intermediate.dense,text_bert,2359296,2359296,1142784,1179644,0.00142,0.00539,0.06840,0.01965
w4pt,decoder.layers.1.proj,action_head,65536,65536,31744,32764,0.00142,0.00456,0.14090,0.01965
w4pt,backbone_3d.stages.0.blocks.0.ffn.layers.0.0,vision_3d,1024,1024,384,508,-0.00141,0.00645,0.17371,0.01682
w4pt,backbone.stages.2.blocks.0.attn.w_msa.qkv,vision_2d,442368,442368,214272,221180,0.00138,0.00546,0.13085,0.01961
w4pt,decoder.robot_encoder.layers.13.k_proj,action_head,65536,65536,31744,32764,0.00137,0.00470,0.12924,0.01960
w4pt,decoder.input_layers.8,action_head,65536,65536,31744,32764,0.00136,0.00509,0.10938,0.01959
w4pt,decoder.layers.23.joint_pos_encoder.mlp.2,action_head,65536,65536,31744,32764,0.00136,0.00519,0.08942,0.01959
w4pt,decoder.layers.61.proj,action_head,65536,65536,31744,32764,0.00135,0.00513,0.12865,0.01959
w4pt,decoder.layers.50.v_proj,action_head,65536,65536,31744,32764,0.00133,0.00497,0.12172,0.01956
w4pt,backbone.stages.1.blocks.0.ffn.layers.0.0,vision_2d,147456,147456,70656,73724,0.00133,0.00527,0.25377,0.01956
w4pt,neck.convs.0.0,neck_convs,49152,49152,23552,24572,0.00132,0.00552,0.09882,0.01955
w4pt,decoder.layers.61.k_proj,action_head,65536,65536,31744,32764,0.00130,0.00484,0.19862,0.01953
w4pt,decoder.layers.59.proj,action_head,65536,65536,31744,32764,0.00129,0.00541,0.15509,0.01952
w4pt,decoder.layers.42.layers.0.0,action_head,524288,524288,253952,262140,0.00128,0.00679,0.16583,0.01952
w4pt,feature_enhancer.img_attn_blocks.2.self_attn.output_proj,fusion,65536,65536,31744,32764,-0.00128,0.00524,0.12652,0.01695
w4pt,feature_enhancer.text_img_attn_blocks.5.attn.values_l_proj,fusion,262144,262144,126976,131068,-0.00126,0.00467,0.17403,0.01697
w4pt,feature_enhancer.text_img_attn_blocks.5.attn.values_v_proj,fusion,262144,262144,126976,131068,0.00126,0.00524,0.18203,0.01949
w4pt,feature_enhancer.text_img_attn_blocks.1.attn.values_v_proj,fusion,262144,262144,126976,131068,0.00126,0.00530,0.14997,0.01949
w4pt,decoder.layers.34.proj,action_head,65536,65536,31744,32764,0.00125,0.00572,0.30201,0.01948
w4pt,decoder.robot_encoder.layers.17.layers.0.0,action_head,524288,524288,253952,262140,0.00123,0.00470,0.08676,0.01946
w4pt,text_encoder.language_backbone.body.model.encoder.layer.0.attention.output.dense,text_bert,589824,589824,285696,294908,0.00122,0.00582,0.10970,0.01945
w4pt,feature_enhancer.img_attn_blocks.3.ffn.layers.1,fusion,524288,524288,253952,262140,0.00122,0.00571,0.14549,0.01945
w4pt,backbone_3d.stages.2.blocks.4.attn.w_msa.proj,vision_3d,4096,4096,1920,2044,0.00121,0.00477,0.13900,0.01944
w4pt,backbone.stages.2.blocks.3.attn.w_msa.proj,vision_2d,147456,147456,71424,73724,0.00120,0.00532,0.33959,0.01943
w4pt,feature_enhancer.text_attn_blocks.4.ffn.layers.1,fusion,262144,262144,126976,131068,0.00120,0.00524,0.34400,0.01943
w4pt,decoder.layers.45.k_proj,action_head,65536,65536,31744,32764,0.00120,0.00496,0.12944,0.01943
w4pt,decoder.layers.37.v_proj,action_head,65536,65536,31744,32764,0.00119,0.00453,0.11884,0.01942
w4pt,backbone_3d.stages.2.blocks.5.attn.w_msa.proj,vision_3d,4096,4096,1920,2044,0.00119,0.00604,0.14248,0.01942
w4pt,text_encoder.language_backbone.body.model.encoder.layer.3.attention.self.query,text_bert,589824,589824,285696,294908,0.00119,0.00529,0.11322,0.01942
w4pt,decoder.layers.15.k_proj,action_head,65536,65536,31744,32764,0.00118,0.00415,0.12637,0.01941
w4pt,neck.convs.1.0,neck_convs,98304,98304,47616,49148,0.00116,0.00530,0.08530,0.01939
w4pt,feature_enhancer.img_attn_blocks.2.self_attn.attention_weights,fusion,32768,32768,15872,16380,-0.00115,0.00565,0.13464,0.01708
w4pt,feature_enhancer.img_attn_blocks.1.self_attn.value_proj,fusion,65536,65536,31744,32764,0.00114,0.00498,0.20176,0.01937
w4pt,text_encoder.language_backbone.body.model.encoder.layer.5.attention.self.key,text_bert,589824,589824,285696,294908,0.00114,0.00481,0.08855,0.01937
w4pt,feature_enhancer.img_attn_blocks.1.ffn.layers.0.0,fusion,524288,524288,253952,262140,0.00113,0.00435,0.12079,0.01936
w4pt,feature_enhancer.text_img_attn_blocks.5.attn.l_proj,fusion,262144,262144,126976,131068,-0.00112,0.00465,0.19574,0.01711
w4pt,feature_enhancer.text_img_attn_blocks.3.attn.out_v_proj,fusion,262144,262144,126976,131068,0.00112,0.00568,0.07280,0.01935
w4pt,decoder.layers.11.adaLN_modulation.1,action_head,393216,393216,190464,196604,0.00111,0.00524,0.09010,0.01935
w4pt,text_encoder.language_backbone.body.model.encoder.layer.3.intermediate.dense,text_bert,2359296,2359296,1142784,1179644,-0.00111,0.00473,0.08430,0.01712
w4pt,decoder.layers.12.v_proj,action_head,65536,65536,31744,32764,0.00110,0.00437,0.18388,0.01933
w4pt,backbone_3d.stages.2.blocks.2.ffn.layers.1,vision_3d,16384,16384,7936,8188,0.00110,0.00477,0.13166,0.01933
w4pt,text_encoder.language_backbone.body.model.encoder.layer.2.intermediate.dense,text_bert,2359296,2359296,1142784,1179644,0.00109,0.00484,0.05865,0.01932
w4pt,feature_enhancer.img_attn_blocks.1.ffn.layers.1,fusion,524288,524288,253952,262140,0.00108,0.00517,0.18894,0.01931
w4pt,backbone.stages.2.blocks.4.attn.w_msa.proj,vision_2d,147456,147456,71424,73724,0.00107,0.00642,0.38187,0.01931
w4pt,backbone.stages.0.blocks.0.attn.w_msa.proj,vision_2d,9216,9216,4416,4604,0.00106,0.00536,0.12642,0.01929
w4pt,decoder.robot_encoder.layers.19.proj,action_head,65536,65536,31744,32764,0.00106,0.00488,0.09644,0.01929
w4pt,backbone_3d.stages.2.blocks.2.attn.w_msa.qkv,vision_3d,12288,12288,5760,6140,0.00106,0.00483,0.10386,0.01929
w4pt,feature_enhancer.img_attn_blocks.3.ffn.layers.0.0,fusion,524288,524288,253952,262140,0.00105,0.00584,0.12588,0.01928
w4pt,backbone.stages.2.blocks.1.ffn.layers.0.0,vision_2d,589824,589824,285696,294908,-0.00105,0.00522,0.14979,0.01718
w4pt,feature_enhancer.text_img_attn_blocks.2.attn.values_v_proj,fusion,262144,262144,126976,131068,-0.00105,0.00479,0.18613,0.01718
w4pt,feature_enhancer.img_attn_blocks.0.self_attn.attention_weights,fusion,32768,32768,15872,16380,0.00105,0.00526,0.09085,0.01928
w4pt,text_encoder.language_backbone.body.model.encoder.layer.11.attention.self.key,text_bert,589824,589824,285696,294908,0.00102,0.00506,0.12270,0.01925
w4pt,feature_enhancer.img_attn_blocks.2.ffn.layers.1,fusion,524288,524288,253952,262140,0.00099,0.00535,0.15588,0.01922
w4pt,text_encoder.language_backbone.body.model.encoder.layer.11.attention.output.dense,text_bert,589824,589824,285696,294908,0.00098,0.00516,0.11728,0.01921
w4pt,decoder.robot_encoder.layers.19.q_proj,action_head,65536,65536,31744,32764,0.00098,0.00442,0.12323,0.01921
w4pt,text_encoder.language_backbone.body.model.encoder.layer.9.attention.self.key,text_bert,589824,589824,285696,294908,0.00097,0.00559,0.10488,0.01920
w4pt,decoder.layers.17.k_proj,action_head,65536,65536,31744,32764,0.00097,0.00404,0.14022,0.01920
w4pt,feature_enhancer.text_img_attn_blocks.3.attn.values_v_proj,fusion,262144,262144,126976,131068,0.00097,0.00495,0.19907,0.01920
w4pt,decoder.layers.45.v_proj,action_head,65536,65536,31744,32764,0.00097,0.00486,0.15485,0.01920
w4pt,feature_enhancer.text_attn_blocks.1.self_attn.attn.out_proj,fusion,65536,65536,31744,32764,0.00096,0.00498,0.21910,0.01919
w4pt,text_encoder.language_backbone.body.model.encoder.layer.2.attention.output.dense,text_bert,589824,589824,285696,294908,0.00096,0.00518,0.11953,0.01919
w4pt,decoder.layers.34.q_proj,action_head,65536,65536,31744,32764,0.00095,0.00399,0.12827,0.01918
w4pt,text_encoder.language_backbone.body.model.encoder.layer.7.intermediate.dense,text_bert,2359296,2359296,1142784,1179644,-0.00094,0.00404,0.08228,0.01729
w4pt,feature_enhancer.text_attn_blocks.1.ffn.layers.0.0,fusion,262144,262144,126976,131068,-0.00094,0.00430,0.12706,0.01729
w4pt,decoder.layers.61.q_proj,action_head,65536,65536,31744,32764,0.00093,0.00438,0.16681,0.01916
w4pt,decoder.layers.50.k_proj,action_head,65536,65536,31744,32764,0.00093,0.00426,0.16180,0.01916
w4pt,text_encoder.language_backbone.body.model.encoder.layer.0.attention.self.query,text_bert,589824,589824,285696,294908,0.00090,0.00514,0.11891,0.01913
w4pt,feature_enhancer.text_img_attn_blocks.3.attn.out_l_proj,fusion,262144,262144,126976,131068,0.00090,0.00526,0.12743,0.01913
w4pt,text_encoder.language_backbone.body.model.encoder.layer.6.attention.self.query,text_bert,589824,589824,285696,294908,0.00089,0.00485,0.09222,0.01912
w4pt,decoder.layers.23.proj,action_head,65536,65536,31744,32764,0.00089,0.00485,0.14603,0.01912
w4pt,decoder.layers.31.layers.1,action_head,524288,524288,253952,262140,-0.00089,0.00437,0.14819,0.01734
w4pt,decoder.layers.45.proj,action_head,65536,65536,31744,32764,0.00088,0.00492,0.11805,0.01911
w4pt,backbone.stages.1.blocks.0.ffn.layers.1,vision_2d,147456,147456,71424,73724,0.00087,0.00501,0.34823,0.01911
w4pt,text_encoder.language_backbone.body.model.encoder.layer.11.attention.self.query,text_bert,589824,589824,285696,294908,0.00087,0.00585,0.10619,0.01910
w4pt,decoder.robot_encoder.layers.5.layers.1,action_head,524288,524288,253952,262140,0.00086,0.00537,0.09307,0.01910
w4pt,decoder.input_layers.0,action_head,8192,8192,3584,4092,0.00086,0.00453,0.29782,0.01909
w4pt,backbone.stages.1.blocks.1.attn.w_msa.qkv,vision_2d,110592,110592,52992,55292,0.00086,0.00477,0.20454,0.01909
w4pt,backbone.stages.2.blocks.0.ffn.layers.1,vision_2d,589824,589824,285696,294908,0.00085,0.00532,0.33952,0.01908
w4pt,decoder.robot_encoder.layers.17.layers.1,action_head,524288,524288,253952,262140,-0.00085,0.00441,0.09644,0.01738
w4pt,backbone_3d.stages.2.blocks.2.attn.w_msa.proj,vision_3d,4096,4096,1920,2044,0.00084,0.00457,0.10259,0.01907
w4pt,decoder.robot_encoder.layers.23.layers.1,action_head,524288,524288,253952,262140,-0.00084,0.00475,0.09069,0.01739
w4pt,text_encoder.language_backbone.body.model.encoder.layer.3.output.dense,text_bert,2359296,2359296,1142784,1179644,0.00084,0.00531,0.70753,0.01907
w4pt,feature_enhancer.text_attn_blocks.3.self_attn.attn.out_proj,fusion,65536,65536,31744,32764,0.00084,0.00516,0.14925,0.01907
w4pt,decoder.layers.44.adaLN_modulation.1,action_head,393216,393216,190464,196604,-0.00083,0.00506,0.05007,0.01740
w4pt,backbone_3d.stages.2.blocks.4.attn.w_msa.qkv,vision_3d,12288,12288,5760,6140,-0.00083,0.00475,0.14746,0.01740
w4pt,decoder.layers.1.joint_pos_encoder.mlp.0,action_head,65536,65536,31744,32764,0.00083,0.00440,0.03563,0.01906
w4pt,feature_enhancer.img_attn_blocks.4.ffn.layers.0.0,fusion,524288,524288,253952,262140,-0.00083,0.00541,0.13789,0.01740
w4pt,text_encoder.language_backbone.body.model.encoder.layer.10.attention.output.dense,text_bert,589824,589824,285696,294908,0.00082,0.00526,0.14269,0.01905
w4pt,decoder.layers.59.q_proj,action_head,65536,65536,31744,32764,0.00081,0.00456,0.18887,0.01904
w4pt,text_encoder.language_backbone.body.model.encoder.layer.8.attention.self.query,text_bert,589824,589824,285696,294908,0.00080,0.00494,0.09730,0.01903
w4pt,feature_enhancer.img_attn_blocks.1.self_attn.attention_weights,fusion,32768,32768,15872,16380,0.00080,0.00483,0.08979,0.01903
w4pt,feature_enhancer.text_attn_blocks.3.ffn.layers.1,fusion,262144,262144,126976,131068,0.00078,0.00555,0.46074,0.01901
w4pt,backbone_3d.stages.0.blocks.0.attn.w_msa.proj,vision_3d,256,256,96,124,-0.00078,0.00540,0.06832,0.01745
w4pt,decoder.layers.6.k_proj,action_head,65536,65536,31744,32764,0.00078,0.00424,0.11320,0.01901
w4pt,feature_enhancer.text_img_attn_blocks.4.attn.out_l_proj,fusion,262144,262144,126976,131068,0.00077,0.00556,0.10916,0.01901
w4pt,decoder.layers.23.q_proj,action_head,65536,65536,31744,32764,0.00077,0.00425,0.12918,0.01900
w4pt,decoder.layers.28.q_proj,action_head,65536,65536,31744,32764,0.00077,0.00428,0.14708,0.01900
w4pt,decoder.layers.15.q_proj,action_head,65536,65536,31744,32764,0.00077,0.00442,0.15237,0.01900
w4pt,decoder.layers.48.v_proj,action_head,65536,65536,31744,32764,-0.00077,0.00468,0.12684,0.01746
w4pt,feature_enhancer.text_attn_blocks.2.self_attn.attn.in_proj_weight,fusion,196608,196608,95232,98300,0.00077,0.00437,-1.00000,0.01900
w4pt,decoder.robot_encoder.layers.7.position_encoder.mlp.2,action_head,65536,65536,31744,32764,0.00076,0.00435,0.07750,0.01900
w4pt,backbone_3d.stages.2.blocks.4.ffn.layers.0.0,vision_3d,16384,16384,7680,8188,0.00075,0.00505,0.12125,0.01898
w4pt,feature_enhancer.text_attn_blocks.2.ffn.layers.1,fusion,262144,262144,126976,131068,-0.00075,0.00511,0.57692,0.01748
w4pt,decoder.layers.17.q_proj,action_head,65536,65536,31744,32764,0.00075,0.00467,0.13122,0.01898
w4pt,feature_enhancer.text_img_attn_blocks.2.attn.values_l_proj,fusion,262144,262144,126976,131068,-0.00073,0.00572,0.20304,0.01750
w4pt,text_encoder.language_backbone.body.model.encoder.layer.8.attention.output.dense,text_bert,589824,589824,285696,294908,0.00072,0.00475,0.11756,0.01896
w4pt,decoder.layers.12.proj,action_head,65536,65536,31744,32764,0.00072,0.00447,0.17447,0.01895
w4pt,feature_enhancer.text_attn_blocks.2.self_attn.attn.out_proj,fusion,65536,65536,31744,32764,0.00072,0.00471,0.16664,0.01895
w4pt,text_encoder.language_backbone.body.model.encoder.layer.8.output.dense,text_bert,2359296,2359296,1142784,1179644,0.00071,0.00505,0.41015,0.01894
w4pt,backbone_3d.stages.2.blocks.5.attn.w_msa.qkv,vision_3d,12288,12288,5760,6140,0.00071,0.00411,0.11947,0.01894
w4pt,decoder.layers.26.q_proj,action_head,65536,65536,31744,32764,0.00069,0.00478,0.11190,0.01892
w4pt,decoder.layers.48.proj,action_head,65536,65536,31744,32764,0.00069,0.00540,0.17246,0.01892
w4pt,decoder.layers.1.q_proj,action_head,65536,65536,31744,32764,0.00068,0.00439,0.11204,0.01891
w4pt,feature_enhancer.text_img_attn_blocks.2.attn.out_l_proj,fusion,262144,262144,126976,131068,0.00068,0.00450,0.06812,0.01891
w4pt,backbone_3d.stages.0.blocks.1.ffn.layers.0.0,vision_3d,1024,1024,384,508,0.00066,0.00653,0.10490,0.01889
w4pt,feature_enhancer.text_attn_blocks.4.self_attn.attn.in_proj_weight,fusion,196608,196608,95232,98300,0.00066,0.00452,-1.00000,0.01889
w4pt,decoder.layers.39.q_proj,action_head,65536,65536,31744,32764,0.00066,0.00442,0.14555,0.01889
w4pt,decoder.layers.53.layers.1,action_head,524288,524288,253952,262140,-0.00065,0.00489,0.13547,0.01758
w4pt,decoder.robot_encoder.layers.13.v_proj,action_head,65536,65536,31744,32764,0.00065,0.00468,0.13190,0.01888
w4pt,feature_enhancer.img_attn_blocks.5.ffn.layers.0.0,fusion,524288,524288,253952,262140,-0.00065,0.00505,0.10295,0.01758
w4pt,decoder.layers.50.q_proj,action_head,65536,65536,31744,32764,0.00065,0.00426,0.15053,0.01888
w4pt,decoder.robot_encoder.layers.1.position_encoder.mlp.2,action_head,65536,65536,31744,32764,-0.00064,0.00459,0.14424,0.01759
w4pt,decoder.layers.31.layers.0.0,action_head,524288,524288,253952,262140,-0.00064,0.00443,0.12475,0.01759
w4pt,decoder.layers.37.k_proj,action_head,65536,65536,31744,32764,0.00062,0.00447,0.11977,0.01886
w4pt,decoder.layers.28.proj,action_head,65536,65536,31744,32764,0.00062,0.00470,0.09505,0.01885
w4pt,backbone_3d.stages.3.blocks.0.ffn.layers.1,vision_3d,65536,65536,31744,32764,-0.00061,0.00423,0.14357,0.01762
w4pt,feature_enhancer.text_attn_blocks.0.self_attn.attn.out_proj,fusion,65536,65536,31744,32764,-0.00060,0.00548,0.28157,0.01763
w4pt,text_encoder.language_backbone.body.model.encoder.layer.8.attention.self.key,text_bert,589824,589824,285696,294908,0.00059,0.00559,0.11128,0.01882
w4pt,decoder.robot_encoder.layers.7.q_proj,action_head,65536,65536,31744,32764,0.00059,0.00517,0.10693,0.01882
w4pt,decoder.layers.61.v_proj,action_head,65536,65536,31744,32764,0.00058,0.00447,0.14476,0.01881
w4pt,decoder.robot_encoder.layers.7.proj,action_head,65536,65536,31744,32764,-0.00057,0.00465,0.09549,0.01766
w4pt,decoder.layers.12.q_proj,action_head,65536,65536,31744,32764,0.00057,0.00454,0.14176,0.01880
w4pt,decoder.layers.12.joint_pos_encoder.mlp.2,action_head,65536,65536,31744,32764,0.00054,0.00453,0.09121,0.01877
w4pt,decoder.robot_encoder.layers.23.layers.0.0,action_head,524288,524288,253952,262140,-0.00054,0.00463,0.08309,0.01770
w4pt,decoder.layers.56.proj,action_head,65536,65536,31744,32764,0.00053,0.00893,0.13858,0.01876
w4pt,decoder.layers.15.proj,action_head,65536,65536,31744,32764,0.00053,0.00446,0.12717,0.01876
w4pt,text_encoder.language_backbone.body.model.encoder.layer.9.attention.self.value,text_bert,589824,589824,285696,294908,0.00051,0.00469,0.12261,0.01874
w4pt,decoder.layers.4.proj,action_head,65536,65536,31744,32764,0.00051,0.00484,0.10045,0.01874
w4pt,decoder.robot_encoder.layers.13.q_proj,action_head,65536,65536,31744,32764,0.00050,0.00463,0.11591,0.01873
w4pt,decoder.layers.45.q_proj,action_head,65536,65536,31744,32764,0.00050,0.00451,0.12810,0.01873
w4pt,feature_enhancer.text_attn_blocks.5.self_attn.attn.in_proj_weight,fusion,196608,196608,95232,98300,0.00050,0.00431,-1.00000,0.01873
w4pt,decoder.input_layers.1,action_head,65536,65536,31744,32764,0.00049,0.00400,0.10120,0.01872
w4pt,decoder.robot_encoder.input_fc.10,action_head,65536,65536,31744,32764,0.00047,0.00550,0.05768,0.01870
w4pt,decoder.layers.9.layers.0.0,action_head,524288,524288,253952,262140,-0.00047,0.00412,0.07220,0.01776
w4pt,text_encoder.language_backbone.body.model.encoder.layer.5.attention.self.query,text_bert,589824,589824,285696,294908,0.00047,0.00514,0.10265,0.01870
w4pt,feature_enhancer.img_attn_blocks.0.ffn.layers.0.0,fusion,524288,524288,253952,262140,0.00047,0.00516,0.10981,0.01870
w4pt,backbone.stages.1.blocks.0.attn.w_msa.qkv,vision_2d,110592,110592,52992,55292,0.00046,0.00569,0.13987,0.01869
w4pt,decoder.layers.1.k_proj,action_head,65536,65536,31744,32764,-0.00045,0.00435,0.17367,0.01778
w4pt,decoder.layers.23.joint_pos_encoder.mlp.0,action_head,65536,65536,31744,32764,0.00045,0.00422,0.03487,0.01868
w4pt,feature_enhancer.text_attn_blocks.4.self_attn.attn.out_proj,fusion,65536,65536,31744,32764,0.00044,0.00452,0.14838,0.01868
w4pt,backbone_3d.stages.3.blocks.1.attn.w_msa.proj,vision_3d,16384,16384,7936,8188,0.00044,0.00466,0.11437,0.01867
w4pt,backbone_3d.stages.2.downsample.reduction,vision_3d,32768,32768,15872,16380,0.00043,0.00447,0.08725,0.01866
w4pt,decoder.robot_encoder.layers.1.v_proj,action_head,65536,65536,31744,32764,-0.00043,0.00510,0.09525,0.01780
w4pt,decoder.layers.4.q_proj,action_head,65536,65536,31744,32764,0.00043,0.00393,0.18558,0.01866
w4pt,feature_enhancer.text_attn_blocks.4.ffn.layers.0.0,fusion,262144,262144,126976,131068,0.00043,0.00516,0.08772,0.01866
w4pt,decoder.layers.26.v_proj,action_head,65536,65536,31744,32764,0.00042,0.00420,0.13493,0.01865
w4pt,feature_enhancer.text_img_attn_blocks.0.attn.v_proj,fusion,262144,262144,126976,131068,0.00042,0.00496,0.16018,0.01865
w4pt,text_encoder.language_backbone.body.model.encoder.layer.10.intermediate.dense,text_bert,2359296,2359296,1142784,1179644,0.00042,0.00505,0.08969,0.01865
w4pt,decoder.t_embed.mlp.2,action_head,65536,65536,31744,32764,0.00042,0.00682,0.09627,0.01865
w4pt,text_encoder.language_backbone.body.model.encoder.layer.11.intermediate.dense,text_bert,2359296,2359296,1142784,1179644,0.00041,0.00457,0.07131,0.01864
w4pt,decoder.layers.17.proj,action_head,65536,65536,31744,32764,0.00041,0.00445,0.08612,0.01864
w4pt,decoder.layers.34.joint_pos_encoder.mlp.0,action_head,65536,65536,31744,32764,-0.00040,0.00429,0.11321,0.01783
w4pt,decoder.robot_encoder.layers.7.position_encoder.mlp.0,action_head,65536,65536,31744,32764,0.00040,0.00442,0.05917,0.01863
w4pt,decoder.layers.1.v_proj,action_head,65536,65536,31744,32764,0.00040,0.00412,0.13622,0.01863
w4pt,backbone_3d.stages.3.blocks.1.ffn.layers.1,vision_3d,65536,65536,31744,32764,0.00038,0.00432,0.13720,0.01861
w4pt,decoder.layers.48.q_proj,action_head,65536,65536,31744,32764,-0.00038,0.00638,0.23048,0.01785
w4pt,decoder.layers.4.k_proj,action_head,65536,65536,31744,32764,0.00037,0.00451,0.14043,0.01860
w4pt,decoder.robot_encoder.layers.13.position_encoder.mlp.2,action_head,65536,65536,31744,32764,0.00036,0.00480,0.05838,0.01859
w4pt,feature_enhancer.text_attn_blocks.1.ffn.layers.1,fusion,262144,262144,126976,131068,-0.00036,0.00557,0.46654,0.01787
w4pt,decoder.layers.12.joint_pos_encoder.mlp.0,action_head,65536,65536,31744,32764,0.00035,0.00415,0.07407,0.01858
w4pt,feature_enhancer.text_img_attn_blocks.4.attn.values_v_proj,fusion,262144,262144,126976,131068,0.00035,0.00469,0.17653,0.01858
w4pt,text_feat_map,?,196608,196608,95232,98300,-0.00034,0.00551,0.15765,0.01789
w4pt,decoder.layers.33.adaLN_modulation.1,action_head,393216,393216,190464,196604,0.00034,0.00453,0.05851,0.01857
w4pt,decoder.layers.17.v_proj,action_head,65536,65536,31744,32764,0.00034,0.00438,0.11530,0.01857
w4pt,backbone_3d.stages.3.blocks.1.attn.w_msa.qkv,vision_3d,49152,49152,23808,24572,0.00033,0.00451,0.11771,0.01856
w4pt,backbone_3d.stages.2.blocks.1.attn.w_msa.proj,vision_3d,4096,4096,1920,2044,0.00033,0.00449,0.07198,0.01856
w4pt,backbone_3d.stages.2.blocks.1.attn.w_msa.qkv,vision_3d,12288,12288,5760,6140,-0.00033,0.00517,0.11060,0.01790
w4pt,decoder.layers.39.v_proj,action_head,65536,65536,31744,32764,0.00033,0.00425,0.15428,0.01856
w4pt,decoder.input_layers.6,action_head,65536,65536,31744,32764,0.00032,0.00405,0.09194,0.01855
w4pt,decoder.layers.6.proj,action_head,65536,65536,31744,32764,0.00032,0.00411,0.08343,0.01855
w4pt,decoder.robot_encoder.layers.11.layers.0.0,action_head,524288,524288,253952,262140,0.00032,0.00446,0.07403,0.01855
w4pt,feature_enhancer.text_img_attn_blocks.5.attn.v_proj,fusion,262144,262144,126976,131068,0.00031,0.00474,0.15850,0.01854
w4pt,feature_enhancer.img_attn_blocks.2.self_attn.sampling_offsets,fusion,65536,65536,31744,32764,-0.00031,0.00509,0.16067,0.01792
w4pt,decoder.layers.59.v_proj,action_head,65536,65536,31744,32764,0.00031,0.00496,0.13051,0.01854
w4pt,decoder.layers.6.q_proj,action_head,65536,65536,31744,32764,0.00031,0.00420,0.12907,0.01854
w4pt,backbone.stages.2.blocks.4.attn.w_msa.qkv,vision_2d,442368,442368,214272,221180,0.00030,0.00520,0.18858,0.01853
w4pt,backbone.stages.2.blocks.0.ffn.layers.0.0,vision_2d,589824,589824,285696,294908,0.00029,0.00458,0.11677,0.01853
w4pt,feature_enhancer.text_img_attn_blocks.0.attn.l_proj,fusion,262144,262144,126976,131068,-0.00028,0.00481,0.17738,0.01795
w4pt,decoder.layers.23.v_proj,action_head,65536,65536,31744,32764,0.00028,0.00433,0.18487,0.01851
w4pt,decoder.robot_encoder.layers.1.q_proj,action_head,65536,65536,31744,32764,-0.00027,0.00409,0.09886,0.01796
w4pt,decoder.layers.39.k_proj,action_head,65536,65536,31744,32764,0.00027,0.00448,0.13692,0.01850
w4pt,neck_3d.convs.1.0,vision_3d,8192,8192,3840,4092,0.00027,0.00558,0.11715,0.01850
w4pt,decoder.layers.34.k_proj,action_head,65536,65536,31744,32764,-0.00027,0.00438,0.11708,0.01796
w4pt,feature_enhancer.text_attn_blocks.0.ffn.layers.1,fusion,262144,262144,126976,131068,0.00026,0.00461,0.60326,0.01850
w4pt,decoder.layers.53.layers.0.0,action_head,524288,524288,253952,262140,-0.00026,0.00516,0.09518,0.01797
w4pt,text_encoder.language_backbone.body.model.encoder.layer.4.attention.output.dense,text_bert,589824,589824,285696,294908,-0.00025,0.00474,0.12808,0.01798
w4pt,feature_enhancer.text_img_attn_blocks.5.attn.out_l_proj,fusion,262144,262144,126976,131068,0.00025,0.00493,0.10092,0.01848
w4pt,backbone.stages.2.blocks.4.ffn.layers.1,vision_2d,589824,589824,285696,294908,0.00025,0.00421,0.82581,0.01848
w4pt,decoder.layers.45.joint_pos_encoder.mlp.0,action_head,65536,65536,31744,32764,-0.00025,0.00433,0.06593,0.01798
w4pt,backbone.stages.2.blocks.1.attn.w_msa.proj,vision_2d,147456,147456,71424,73724,0.00025,0.00464,0.18245,0.01848
w4pt,decoder.layers.0.adaLN_modulation.1,action_head,393216,393216,190464,196604,-0.00024,0.00444,0.08103,0.01799
w4pt,feature_enhancer.text_attn_blocks.5.self_attn.attn.out_proj,fusion,65536,65536,31744,32764,0.00024,0.00442,0.21278,0.01847
w4pt,decoder.layers.15.v_proj,action_head,65536,65536,31744,32764,-0.00024,0.00437,0.14226,0.01799
w4pt,decoder.layers.34.joint_pos_encoder.mlp.2,action_head,65536,65536,31744,32764,0.00024,0.00416,0.07279,0.01847
w4pt,spatial_enhancer.pts_prob_pre_fc,fusion,32768,32768,15872,16380,-0.00023,0.00488,0.09811,0.01800
w4pt,decoder.layers.56.k_proj,action_head,65536,65536,31744,32764,-0.00022,0.00492,0.12229,0.01801
w4pt,decoder.layers.9.layers.1,action_head,524288,524288,253952,262140,-0.00022,0.00393,0.10352,0.01801
w4pt,decoder.robot_encoder.layers.19.position_encoder.mlp.2,action_head,65536,65536,31744,32764,-0.00022,0.00491,0.08247,0.01801
w4pt,backbone.stages.0.blocks.0.ffn.layers.1,vision_2d,36864,36864,17856,18428,0.00022,0.00502,0.33992,0.01845
w4pt,backbone.stages.2.blocks.4.ffn.layers.0.0,vision_2d,589824,589824,285696,294908,0.00021,0.00451,0.20410,0.01844
w4pt,decoder.robot_encoder.layers.1.k_proj,action_head,65536,65536,31744,32764,-0.00020,0.00411,0.10782,0.01803
w4pt,backbone_3d.stages.2.blocks.2.ffn.layers.0.0,vision_3d,16384,16384,7680,8188,-0.00020,0.00551,0.17225,0.01803
w4pt,feature_enhancer.text_attn_blocks.2.ffn.layers.0.0,fusion,262144,262144,126976,131068,0.00020,0.00481,0.11496,0.01843
w4pt,decoder.input_layers.3,action_head,65536,65536,31744,32764,0.00020,0.00453,0.16751,0.01843
w4pt,decoder.layers.28.v_proj,action_head,65536,65536,31744,32764,-0.00019,0.00444,0.09330,0.01804
w4pt,decoder.layers.6.v_proj,action_head,65536,65536,31744,32764,-0.00019,0.00428,0.11450,0.01804
w4pt,backbone_3d.stages.3.blocks.0.attn.w_msa.proj,vision_3d,16384,16384,7936,8188,0.00019,0.00402,0.13644,0.01842
w4pt,feature_enhancer.text_img_attn_blocks.1.attn.values_l_proj,fusion,262144,262144,126976,131068,-0.00018,0.00500,0.19123,0.01805
w4pt,backbone_3d.stages.2.blocks.5.ffn.layers.1,vision_3d,16384,16384,7936,8188,-0.00018,0.00554,0.11610,0.01805
w4pt,text_encoder.language_backbone.body.model.encoder.layer.9.intermediate.dense,text_bert,2359296,2359296,1142784,1179644,0.00018,0.00474,0.08324,0.01841
w4pt,feature_enhancer.text_attn_blocks.5.ffn.layers.0.0,fusion,262144,262144,126976,131068,0.00017,0.00500,0.12992,0.01841
w4pt,backbone_3d.stages.2.blocks.0.attn.w_msa.proj,vision_3d,4096,4096,1920,2044,0.00016,0.00444,0.10086,0.01840
w4pt,decoder.robot_encoder.layers.7.k_proj,action_head,65536,65536,31744,32764,0.00016,0.00481,0.11697,0.01840
w4pt,neck_3d.convs.2.0,vision_3d,16384,16384,7936,8188,0.00016,0.00451,0.13819,0.01839
w4pt,decoder.robot_encoder.layers.13.proj,action_head,65536,65536,31744,32764,-0.00015,0.00492,0.10621,0.01808
w4pt,decoder.layers.45.joint_pos_encoder.mlp.2,action_head,65536,65536,31744,32764,-0.00015,0.00466,0.08731,0.01808
w4pt,backbone.stages.0.downsample.reduction,vision_2d,73728,73728,35712,36860,0.00015,0.00492,0.22233,0.01838
w4pt,decoder.layers.4.v_proj,action_head,65536,65536,31744,32764,0.00014,0.00442,0.16345,0.01838
w4pt,decoder.layers.56.q_proj,action_head,65536,65536,31744,32764,0.00014,0.00476,0.13270,0.01837
w4pt,decoder.layers.37.proj,action_head,65536,65536,31744,32764,0.00014,0.00427,0.12639,0.01837
w4pt,backbone.stages.1.blocks.1.ffn.layers.0.0,vision_2d,147456,147456,70656,73724,-0.00014,0.00600,0.17723,0.01809
w4pt,backbone_3d.stages.3.blocks.0.attn.w_msa.qkv,vision_3d,49152,49152,23808,24572,-0.00014,0.00449,0.08367,0.01809
w4pt,decoder.layers.34.v_proj,action_head,65536,65536,31744,32764,-0.00013,0.00474,0.19428,0.01810
w4pt,feature_enhancer.text_img_attn_blocks.4.attn.l_proj,fusion,262144,262144,126976,131068,-0.00013,0.00451,0.19921,0.01810
w4pt,backbone_3d.stages.2.blocks.0.attn.w_msa.qkv,vision_3d,12288,12288,5760,6140,-0.00013,0.00491,0.12668,0.01810
w4pt,decoder.layers.37.q_proj,action_head,65536,65536,31744,32764,0.00013,0.00449,0.14526,0.01836
w4pt,backbone_3d.stages.3.blocks.0.ffn.layers.0.0,vision_3d,65536,65536,31744,32764,0.00012,0.00435,0.12151,0.01835
w4pt,text_encoder.language_backbone.body.model.encoder.layer.10.output.dense,text_bert,2359296,2359296,1142784,1179644,-0.00011,0.00536,0.38021,0.01812
w4pt,decoder.layers.23.k_proj,action_head,65536,65536,31744,32764,0.00011,0.00408,0.20731,0.01834
w4pt,backbone_3d.stages.3.blocks.1.ffn.layers.0.0,vision_3d,65536,65536,31744,32764,0.00011,0.00404,0.10322,0.01834
w4pt,backbone_3d.stages.1.blocks.1.attn.w_msa.qkv,vision_3d,3072,3072,1344,1532,-0.00011,0.00439,0.08491,0.01812
w4pt,decoder.layers.12.k_proj,action_head,65536,65536,31744,32764,0.00011,0.00386,0.18423,0.01834
w4pt,decoder.layers.22.adaLN_modulation.1,action_head,393216,393216,190464,196604,-0.00011,0.00439,0.08656,0.01812
w4pt,decoder.robot_encoder.layers.19.position_encoder.mlp.0,action_head,65536,65536,31744,32764,-0.00010,0.00448,0.09833,0.01813
w4pt,decoder.robot_encoder.layers.13.position_encoder.mlp.0,action_head,65536,65536,31744,32764,0.00009,0.00462,0.07257,0.01832
w4pt,decoder.robot_encoder.layers.19.k_proj,action_head,65536,65536,31744,32764,-0.00008,0.00438,0.11507,0.01815
w4pt,decoder.layers.20.layers.1,action_head,524288,524288,253952,262140,-0.00007,0.00392,0.17624,0.01816
w4pt,decoder.layers.26.k_proj,action_head,65536,65536,31744,32764,0.00007,0.00439,0.11431,0.01830
w4pt,text_encoder.language_backbone.body.model.encoder.layer.0.attention.self.value,text_bert,589824,589824,285696,294908,-0.00007,0.00440,0.12714,0.01816
w4pt,feature_enhancer.img_attn_blocks.5.self_attn.value_proj,fusion,65536,65536,31744,32764,-0.00007,0.00475,0.19637,0.01816
w4pt,text_encoder.language_backbone.body.model.encoder.layer.7.attention.self.key,text_bert,589824,589824,285696,294908,0.00006,0.00465,0.11060,0.01829
w4pt,decoder.layers.56.joint_pos_encoder.mlp.2,action_head,65536,65536,31744,32764,-0.00005,0.00467,0.08094,0.01818
w4pt,decoder.layers.28.k_proj,action_head,65536,65536,31744,32764,0.00004,0.00404,0.09602,0.01828
w4pt,decoder.robot_encoder.layers.11.layers.1,action_head,524288,524288,253952,262140,-0.00004,0.00441,0.09147,0.01819
w4pt,decoder.robot_encoder.layers.5.layers.0.0,action_head,524288,524288,253952,262140,-0.00004,0.00477,0.06493,0.01819
w4pt,decoder.layers.20.layers.0.0,action_head,524288,524288,253952,262140,-0.00004,0.00411,0.06963,0.01819
w4pt,feature_enhancer.img_attn_blocks.5.self_attn.attention_weights,fusion,32768,32768,15872,16380,0.00003,0.00403,0.16444,0.01826
w4pt,decoder.layers.39.proj,action_head,65536,65536,31744,32764,-0.00003,0.00393,0.11666,0.01820
w4pt,decoder.robot_encoder.layers.1.proj,action_head,65536,65536,31744,32764,0.00003,0.00457,0.08531,0.01826
w4pt,text_encoder.language_backbone.body.model.encoder.layer.5.attention.output.dense,text_bert,589824,589824,285696,294908,0.00002,0.00561,0.11256,0.01826
w4pt,decoder.layers.1.joint_pos_encoder.mlp.2,action_head,65536,65536,31744,32764,-0.00001,0.00418,0.10727,0.01822
w4pt,feature_enhancer.text_img_attn_blocks.5.attn.out_v_proj,fusion,262144,262144,126976,131068,-0.00001,0.00436,0.08681,0.01822
w4pt,decoder.robot_encoder.layers.19.v_proj,action_head,65536,65536,31744,32764,-0.00001,0.00469,0.12774,0.01823
w4pt,decoder.robot_encoder.layers.7.v_proj,action_head,65536,65536,31744,32764,-0.00000,0.00442,0.11907,0.01823
w4pt,decoder.layers.50.proj,action_head,65536,65536,31744,32764,-0.00000,0.00463,0.12269,0.01823
w4pt,decoder.layers.26.proj,action_head,65536,65536,31744,32764,0.00000,0.00422,0.12107,0.01823
w4pt,neck_3d.convs.0.0,vision_3d,4096,4096,1792,2044,0.00000,0.00000,0.17902,0.01823
w4pt,neck_3d.extra_convs.0.0,vision_3d,147456,147456,71424,73724,0.00000,0.00000,0.08698,0.01823
